0.9584805653710248,0.9565987599645704,0.9611111111111111,0.9534671532846716,0.9644760213143873,0.9651474530831099,0.9663865546218487,0.9625,0.9602032176121931,0.9583333333333334,0.9554195804195804,0.9578256794751641,0.9554764024933214,0.9480874316939891,0.9568345323741008,0.9532794249775381,0.9509536784741145,0.9608355091383812,0.9482001755926251,0.9472710453283997,0.9461966604823747,0.9608540925266904,0.9547008547008548,0.9632352941176471,0.9623467600700525,0.9473684210526315,0.9545844044558698,0.9564056939501779,0.9586330935251799,0.9581881533101045,0.9436875567665758,0.9513314967860422,0.9504504504504504,0.9529085872576177,0.9605504587155963,0.9571295433364398,0.958041958041958,0.9510240427426536,0.9617097061442564,0.9545049063336307,0.9624197983501375,0.9528558476881233,0.9562937062937062,0.9664310954063604,0.9598130841121495,0.9600363306085377,0.9539170506912442,0.9610274579273693,0.9567177637511272,0.9511978704525288,0.95837023914969,0.9596541786743515,0.9565217391304348,0.957542908762421,0.9497257769652651,0.9493212669683257,0.9601449275362319,0.9588801399825022,0.957427536231884,0.9629629629629629,0.958904109589041,0.9490616621983914,0.9528558476881233,0.9622317596566523,0.9593345656192237,0.9445488721804511,0.9504057709648331,0.9581105169340464,0.9567567567567568,0.9526730937773883,0.9533582089552238,0.9576957695769577,0.94,0.9569120287253142,0.9590536851683349,0.961646398503274,0.959349593495935,0.9675925925925926,0.9458972046889089,0.9448462929475587,0.9681133746678476,0.9615745079662605,0.963162623539982,0.9497757847533632,0.9540954095409541,0.9595176571920758,0.9552238805970149,0.9653333333333334,0.9597495527728086,0.9661016949152542,0.9668813247470102,0.9642529789184234,0.9541850220264317,0.9552511415525115,0.9660550458715597,0.9686057248384118,0.965669014084507,0.9508970727101038,0.957427536231884,0.9585211902614968
0.9466316710411199,0.9612903225806452,0.9601518026565465,0.9596412556053812,0.9534679543459175,0.9540768509840675,0.9604779411764706,0.958590308370044,0.9652715939447908,0.9522546419098143,0.9466316710411199,0.9585537918871252,0.9502762430939227,0.9625912408759124,0.9528888888888889,0.9683257918552036,0.9542124542124543,0.96,0.9472759226713533,0.9569202566452796,0.957619477006312,0.9604672057502246,0.9678540399652477,0.9650613786591123,0.9650735294117647,0.966789667896679,0.9557603686635945,0.9604779411764706,0.957542908762421,0.9573283858998145,0.9509366636931311,0.9548387096774194,0.9528795811518325,0.9578754578754579,0.9520295202952029,0.9626666666666667,0.9600389863547758,0.9540126239855726,0.9685767097966729,0.9558693733451015,0.9509981851179673,0.963382737576286,0.9603174603174603,0.9518388791593695,0.9497257769652651,0.9584775086505191,0.9625761531766753,0.9622302158273381,0.9597855227882037,0.958139534883721,0.9611307420494699,0.9517304189435337,0.9562890276538805,0.9547069271758437,0.9563279857397504,0.9633273703041145,0.9613935969868174,0.9554730983302412,0.9581818181818181,0.9481818181818182,0.9596136962247586,0.9460966542750929,0.9553172475424486,0.9523389232127096,0.9643478260869566,0.9495495495495495,0.9464763603925067,0.9615384615384616,0.945389435989257,0.9499136442141624,0.9576124567474048,0.9623467600700525,0.9603246167718665,0.9588785046728971,0.9660377358490566,0.9482758620689655,0.9653024911032029,0.9523396880415944,0.9560344827586207,0.95561850802644,0.96,0.9502762430939227,0.9478021978021978,0.9562289562289562,0.9574861367837338,0.9520905923344948,0.9553571428571429,0.9573115349682108,0.9540863177226814,0.9617097061442564,0.9552772808586762,0.9618456078083407,0.958041958041958,0.9508196721311475,0.9588665447897623,0.9466783216783217,0.9540229885057471,0.9591111111111111,0.9512635379061372,0.9545454545454546
0.9612403100775194,0.9549867608120035,0.9495128432240921,0.945994599459946,0.9584120982986768,0.9635555555555556,0.9609302325581396,0.9537366548042705,0.9581005586592178,0.9476439790575916,0.9524697110904008,0.9496964440589766,0.9675625579240037,0.9606587374199451,0.95,0.951176983435048,0.9435850773430391,0.9582198001816531,0.9576271186440678,0.9532163742690059,0.960431654676259,0.9478186484174508,0.958941605839416,0.9615728328865059,0.9589519650655022,0.9678899082568807,0.9560632688927944,0.9575221238938053,0.9517966695880806,0.951828724353256,0.9586994727592267,0.9480069324090121,0.9600742804085423,0.9555765595463138,0.9623853211009175,0.9454225352112676,0.9493006993006993,0.9632075471698113,0.9446460980036298,0.957968476357268,0.9653078924544666,0.9449378330373002,0.9645454545454546,0.9588400374181478,0.9525089605734767,0.9592760180995475,0.9650224215246637,0.9557761732851986,0.9614325068870524,0.9463806970509383,0.9592559787422498,0.9528384279475982,0.9550359712230215,0.9557603686635945,0.9483227561196736,0.9668458781362007,0.9513274336283186,0.9569041336851363,0.9438502673796791,0.9522546419098143,0.9597495527728086,0.9576576576576576,0.957619477006312,0.9525114155251142,0.9482439926062847,0.9657348963029756,0.944153577661431,0.9604051565377533,0.9570776255707762,0.9595216191352346,0.9546666666666667,0.9554764024933214,0.9518486672398968,0.9437609841827768,0.9358523725834798,0.9549632352941176,0.9514134275618374,0.9672429481346679,0.9488536155202821,0.9442477876106194,0.966786355475763,0.9576345984112974,0.9585172109443955,0.9489795918367347,0.9611307420494699,0.9744075829383886,0.9564007421150278,0.9598880597014925,0.9481680071492404,0.9523809523809523,0.9651063829787234,0.9561567164179104,0.9540441176470589,0.9600725952813067,0.96,0.9576124567474048,0.962432915921288,0.9583333333333334,0.9497716894977168,0.9569202566452796
0.9518900343642611,0.9410187667560321,0.9446962828649139,0.9457013574660633,0.9583333333333334,0.9455357142857143,0.948905109489051,0.9573333333333334,0.9578313253012049,0.9525089605734767,0.9560246262093228,0.9573378839590444,0.9543010752688172,0.944043321299639,0.9592013888888888,0.9433962264150944,0.9611111111111111,0.9404444444444444,0.9422066549912435,0.9533861037818822,0.9399260628465804,0.9365079365079365,0.9557291666666666,0.9468723221936589,0.9487179487179487,0.958185053380783,0.9562443026435734,0.9511970534069981,0.9617672047578589,0.958941605839416,0.9593721144967683,0.9553571428571429,0.9488789237668162,0.955536181342633,0.9486940298507462,0.9515377446411929,0.9575971731448764,0.9542421353670162,0.9472743521000894,0.9538066723695466,0.9593220338983051,0.954341987466428,0.946983546617916,0.9422894985808893,0.9611650485436893,0.9322033898305084,0.9553734061930783,0.9554950045413261,0.9616122840690979,0.9663418954827281,0.9583333333333334,0.9442970822281167,0.9447047797563262,0.9452296819787986,0.9574266792809839,0.956959706959707,0.9560036663611365,0.9500438212094654,0.9475138121546961,0.9630266552020637,0.9463459759481961,0.9645454545454546,0.9556962025316456,0.9490909090909091,0.9469901168014375,0.9533394327538883,0.946894689468947,0.9394760614272809,0.946524064171123,0.9435336976320583,0.9517743403093721,0.9502664298401421,0.9439927732610659,0.9405099150141643,0.9539130434782609,0.9609236234458259,0.9466192170818505,0.9629294755877035,0.957350272232305,0.9640287769784173,0.9528392685274302,0.961301671064204,0.9538729329852045,0.9559099437148217,0.9397379912663756,0.9449458483754513,0.9464442493415277,0.9708097928436912,0.9533039647577093,0.9553571428571429,0.9403383793410508,0.9610507246376812,0.9490161001788909,0.9491673970201577,0.9377901578458682,0.9546690843155031,0.9545040946314831,0.9558417663293468,0.96260017809439,0.9496402877697842
0.9476394849785408,0.9546279491833031,0.9506976744186046,0.9470319634703196,0.9340659340659341,0.9547471162377995,0.9465437788018434,0.9454049135577798,0.9432314410480349,0.9387755102040817,0.9492753623188406,0.9556786703601108,0.9681528662420382,0.9401140684410646,0.9414847161572052,0.9343955014058107,0.9420560747663551,0.9463955637707948,0.9386873920552677,0.9405940594059405,0.9432753888380604,0.9496738117427772,0.9509090909090909,0.9500860585197934,0.9479717813051146,0.9435185185185185,0.9375,0.9534671532846716,0.9545454545454546,0.9496402877697842,0.9560538116591928,0.953941541186891,0.9527085124677558,0.9638128861429832,0.9547920433996383,0.9581151832460733,0.9499545040946314,0.9553023663453112,0.9598173515981735,0.9544658493870403,0.9432943294329433,0.9480037140204272,0.9535095715587967,0.9562231759656652,0.941923774954628,0.9515981735159817,0.950187969924812,0.9613309352517986,0.939615736505032,0.9541984732824428,0.9487179487179487,0.942883046237534,0.9481481481481482,0.956366874443455,0.9453599306157849,0.9486271036315324,0.9505041246562786,0.9340245051837889,0.9465381244522348,0.9496910856134158,0.9422548120989918,0.9440559440559441,0.935064935064935,0.9423758865248227,0.9377323420074349,0.9265639165911151,0.954001839926403,0.940959409594096,0.9452449567723343,0.9449035812672176,0.946524064171123,0.9410698096101541,0.9514563106796117,0.9487870619946092,0.934720908230842,0.9529724933451642,0.9483568075117371,0.9349871685201027,0.9541850220264317,0.9513704686118479,0.9599627560521415,0.9362267493356953,0.9621811785400176,0.9467353951890034,0.9621072088724584,0.9593128390596745,0.9601809954751132,0.9483814523184602,0.9555555555555556,0.9539295392953929,0.9568733153638814,0.936663693131133,0.9458483754512635,0.9488372093023256,0.9422903516681695,0.949288256227758,0.9546666666666667,0.957619477006312,0.9536954585930543,0.959656652360515
0.946284691136974,0.9484978540772532,0.9553488372093023,0.9260533104041273,0.9442970822281167,0.9400544959128065,0.9467989179440938,0.95,0.9362292051756007,0.9442993907745866,0.9335863377609108,0.9462555066079296,0.9431616341030196,0.9460201280878316,0.9416243654822335,0.9483695652173914,0.9447963800904977,0.9446962828649139,0.9481961147086031,0.9526022304832714,0.9387576552930884,0.9374407582938389,0.9396709323583181,0.9445933869526363,0.9539823008849557,0.9511070110701108,0.9388489208633094,0.9438914027149321,0.943778801843318,0.9427549194991055,0.9468599033816425,0.9531802120141343,0.9453053783044667,0.9591836734693877,0.9527340129749768,0.9575021682567216,0.942883046237534,0.95483288166215,0.9525939177101967,0.9623287671232876,0.9489981785063752,0.9561018437225637,0.9516129032258065,0.9566348655680833,0.9511737089201878,0.9630281690140845,0.9322469982847341,0.9446460980036298,0.9453551912568307,0.9282428702851886,0.9413309982486865,0.952212389380531,0.9253308128544423,0.9357208448117539,0.9378330373001776,0.9301700984780662,0.949200376293509,0.9413953488372093,0.9518518518518518,0.9362880886426593,0.9308231173380035,0.9394213381555153,0.9372881355932203,0.9495040577096483,0.9439421338155516,0.9418819188191881,0.9462555066079296,0.9440366972477064,0.941747572815534,0.9426751592356688,0.9420560747663551,0.94,0.9460694698354661,0.935933147632312,0.9463028169014085,0.9415992812219227,0.9579439252336449,0.944,0.9522952295229523,0.94375,0.943950177935943,0.9594959495949595,0.9456327985739751,0.9609800362976406,0.9547134935304991,0.9566371681415929,0.9610051993067591,0.9520426287744227,0.960820895522388,0.9452181987000928,0.9534671532846716,0.9490268767377201,0.9543057996485061,0.9391226499552372,0.9461756373937678,0.953168044077135,0.9336322869955157,0.9443938012762079,0.9548672566371681,0.9365225390984361
0.935862691960253,0.9375573921028466,0.9416809605488851,0.9448398576512456,0.9442413162705667,0.937112488928255,0.9322328410078193,0.9243924392439244,0.9437148217636022,0.9359560841720037,0.9293381037567084,0.927484333034915,0.9154443485763589,0.9427816901408451,0.9188948306595366,0.9386120996441281,0.9430823117338003,0.9438596491228071,0.9323241317898486,0.9414414414414415,0.9483870967741935,0.9393665158371041,0.9256756756756757,0.9511278195488722,0.9382379654859219,0.9526362823949955,0.9463459759481961,0.9430756159728122,0.9451438848920863,0.9515981735159817,0.9629629629629629,0.9442477876106194,0.9505041246562786,0.9567177637511272,0.9509466437177281,0.9528558476881233,0.9341262580054894,0.9490781387181738,0.9379982285208148,0.9602169981916817,0.9623507805325987,0.9602888086642599,0.949468085106383,0.9431818181818182,0.9523809523809523,0.9548802946593001,0.9395017793594306,0.9419642857142857,0.9457295373665481,0.9447004608294931,0.9363228699551569,0.9412273120138289,0.935930735930736,0.9365671641791045,0.9455719557195572,0.9368709972552608,0.9327014218009478,0.9341050756901158,0.9242819843342036,0.9375,0.9359560841720037,0.935395814376706,0.935278030993619,0.9265341400172861,0.9392857142857143,0.9435989256938228,0.9394479073909172,0.9328558639212176,0.9382940108892922,0.9414990859232175,0.9254119687771032,0.9288928892889289,0.941282746160795,0.9530842745438749,0.9489704565801254,0.9406028368794326,0.9313264346190028,0.9473206176203451,0.9382379654859219,0.9543057996485061,0.9465095194922938,0.9613970588235294,0.9439799331103679,0.9478337754199824,0.9435273675065161,0.956442831215971,0.9576957695769577,0.9578096947935368,0.9476950354609929,0.9523809523809523,0.9561717352415027,0.9531953195319532,0.9499089253187614,0.945821854912764,0.9475620975160993,0.958005249343832,0.9475164011246485,0.9402023919043239,0.9334500875656743,0.9399454049135578
0.9358974358974359,0.9308556611927399,0.923572744014733,0.9180327868852459,0.9357394366197183,0.9154051647373108,0.9297597042513863,0.9278169014084507,0.9157303370786517,0.9410234171725932,0.914018691588785,0.9300373134328358,0.9265639165911151,0.9144144144144144,0.9223744292237442,0.9214162348877375,0.9225225225225225,0.928695652173913,0.92399658411614,0.9326568265682657,0.9298578199052133,0.9301470588235294,0.9371069182389937,0.9307624890446976,0.9393090569561158,0.93327239488117,0.9438405797101449,0.940550133096717,0.9384057971014492,0.9392314566577301,0.9388794567062818,0.9421338155515371,0.9362084456424079,0.9433628318584071,0.9415929203539823,0.9425287356321839,0.9508644222020018,0.9464123524069028,0.9415467625899281,0.9447415329768271,0.9566020313942751,0.9416666666666667,0.9467989179440938,0.9423240033927057,0.9287696577243293,0.9440820130475303,0.9347258485639687,0.9462264150943396,0.9357798165137615,0.9408014571948998,0.9135472370766489,0.9260533104041273,0.9365367180417045,0.93025283347864,0.9292576419213974,0.9337175792507204,0.9219165927240461,0.9257294429708223,0.9138888888888889,0.9171917191719172,0.916083916083916,0.9263803680981595,0.927536231884058,0.9218303145853194,0.9220103986135182,0.9265975820379966,0.9241499564080209,0.9283121597096189,0.942652329749104,0.913081650570676,0.9278629395852119,0.9385884509624198,0.9225621414913958,0.9476021314387212,0.9412296564195298,0.9171917191719172,0.9338235294117647,0.9445933869526363,0.9368520263901979,0.9337626494940202,0.949685534591195,0.9464609800362976,0.9372659176029963,0.9465095194922938,0.9566371681415929,0.9524253731343284,0.9505597014925373,0.9510166358595195,0.9438727782974743,0.9482288828337875,0.9544235924932976,0.9452296819787986,0.9464912280701754,0.95,0.9505041246562786,0.9333933393339334,0.9400544959128065,0.9460154241645244,0.945045045045045,0.9447852760736196
0.9308231173380035,0.9137440758293839,0.9387186629526463,0.9285067873303168,0.929444967074318,0.9037620297462817,0.9284452296819788,0.9361510791366906,0.9188712522045855,0.9075704225352113,0.8893884892086331,0.9182509505703422,0.9111721611721612,0.8974820143884892,0.9184981684981685,0.9098712446351931,0.9087591240875912,0.9239130434782609,0.9255411255411256,0.9239819004524887,0.9268510258697591,0.9197761194029851,0.9162303664921466,0.9338103756708408,0.9236499068901304,0.9306930693069307,0.9309090909090909,0.9333333333333333,0.9352189781021898,0.9386120996441281,0.9436749769159741,0.9330954504906334,0.939748201438849,0.9402597402597402,0.9305936073059361,0.9399260628465804,0.9385281385281385,0.9456029011786038,0.9480874316939891,0.946551724137931,0.9417040358744395,0.9498207885304659,0.9466666666666667,0.933953488372093,0.9365079365079365,0.9382600561272217,0.9411764705882353,0.9352836879432624,0.9172535211267606,0.927170868347339,0.9267399267399268,0.9301700984780662,0.9252506836827712,0.9197860962566845,0.9181338028169014,0.9131221719457013,0.9183147033533964,0.9234194122885129,0.9222846441947565,0.9064748201438849,0.9092592592592592,0.9308118081180812,0.9150268336314848,0.9358523725834798,0.8960138648180243,0.8943466172381835,0.9223907225691347,0.9157540016849199,0.9172033118675254,0.9152073732718894,0.9219330855018587,0.9047195013357079,0.919815668202765,0.9381255686988171,0.9250234301780693,0.9220308250226654,0.9386281588447654,0.9403122130394858,0.9287003610108303,0.9278074866310161,0.9303435114503816,0.9396092362344582,0.9432234432234432,0.9456221198156682,0.9508340649692713,0.9454209065679926,0.9428320140721196,0.938337801608579,0.9367311072056239,0.9415041782729805,0.9426751592356688,0.9430543572044866,0.9432314410480349,0.9348958333333334,0.925756186984418,0.9367441860465117,0.9451438848920863,0.9379912663755459,0.9366515837104072,0.916195856873823
0.918943533697632,0.9175531914893617,0.9154275092936803,0.9229422066549913,0.9132040627885504,0.9146788990825688,0.9101321585903084,0.9134355275022543,0.8971698113207547,0.9148936170212766,0.8806921675774135,0.9036903690369037,0.8943014705882353,0.9232851985559567,0.888380603842635,0.912,0.9024604569420035,0.9015151515151515,0.9069148936170213,0.9112534309240622,0.9137630662020906,0.9207207207207208,0.917572463768116,0.9268929503916449,0.9166666666666666,0.9150858175248419,0.9192660550458716,0.9180765805877115,0.9191111111111111,0.9214092140921409,0.9216384683882458,0.9453551912568307,0.954995499549955,0.9443462897526502,0.9292412617220801,0.9314586994727593,0.9340463458110517,0.9465716829919858,0.9491978609625669,0.9344827586206896,0.9348017621145375,0.9466666666666667,0.929283771532185,0.9430543572044866,0.9320388349514563,0.9186351706036745,0.9221347331583553,0.9177958446251129,0.9177837354781054,0.9184397163120568,0.9300448430493273,0.9270008795074758,0.8871415356151712,0.9203619909502262,0.9191643960036331,0.9236430542778289,0.9040976460331299,0.918572735590119,0.9090098126672613,0.9091718610863758,0.8898601398601399,0.9113924050632911,0.8877917414721723,0.9069767441860465,0.908098271155596,0.9086799276672695,0.8929824561403509,0.8982742960944596,0.9124087591240876,0.9207650273224044,0.911169744942832,0.9003690036900369,0.9239130434782609,0.9043715846994536,0.9290718038528897,0.9179170344218888,0.9322779243623571,0.927992799279928,0.9246275197195443,0.9316081330868762,0.9309123117803366,0.9306930693069307,0.9462465245597775,0.9318181818181818,0.9254829806807727,0.9477006311992786,0.9471799462846912,0.9460176991150443,0.9316712834718375,0.9361888111888111,0.9290150842945873,0.9315315315315316,0.9298561151079137,0.9228650137741047,0.9305936073059361,0.9308118081180812,0.9151459854014599,0.9256342957130359,0.9390581717451524,0.9196750902527075
0.9110512129380054,0.9237209302325582,0.9192439862542955,0.9018112488083889,0.8928262748487468,0.892623716153128,0.8897058823529411,0.9079061685490878,0.8854545454545455,0.8864468864468864,0.8919925512104283,0.8908418131359852,0.889196675900277,0.878868258178603,0.8904109589041096,0.8842504743833017,0.8814338235294118,0.891566265060241,0.878133102852204,0.90177736202058,0.8863636363636364,0.9031111111111111,0.8837429111531191,0.8954012623985572,0.932396839332748,0.9191489361702128,0.9154051647373108,0.9128205128205128,0.927007299270073,0.9107981220657277,0.9344703770197487,0.9409171075837742,0.9188679245283019,0.9308462238398544,0.9227272727272727,0.93051890941073,0.9422348484848485,0.9329758713136729,0.9206642066420664,0.9384478144513827,0.9370008873114463,0.9277326106594399,0.9310043668122271,0.9208566108007449,0.9237510955302366,0.9069981583793738,0.9321100917431193,0.9163636363636364,0.9259259259259259,0.9118432769367765,0.9184587813620072,0.9196428571428571,0.9048442906574394,0.9169675090252708,0.887589928057554,0.8943985307621671,0.9050522648083623,0.8934348239771646,0.8888888888888888,0.8626570915619389,0.8955637707948244,0.8929856115107914,0.8916211293260473,0.8876712328767123,0.8990342405618964,0.9053097345132743,0.8888888888888888,0.8794142980189492,0.9062784349408554,0.9184782608695652,0.9024390243902439,0.9031657355679702,0.9044642857142857,0.8946412352406903,0.9188224799286352,0.9245283018867925,0.9281045751633987,0.9200351493848857,0.9202175883952856,0.9338103756708408,0.940864960282436,0.9237918215613383,0.9317160826594789,0.9326837909654562,0.9344729344729344,0.9310344827586207,0.953971119133574,0.9513704686118479,0.9401561144839549,0.9401088929219601,0.9264448336252189,0.9274193548387096,0.9295774647887324,0.9211908931698775,0.9155313351498637,0.9352189781021898,0.9186046511627907,0.9234275296262534,0.8968978102189781,0.9240282685512368
0.9076133447390933,0.9092526690391459,0.9035621198957429,0.8881640260950606,0.8865979381443299,0.8838028169014085,0.8874773139745916,0.8764976958525346,0.8877284595300261,0.8582677165354331,0.8818263205013429,0.8790613718411552,0.8643911439114391,0.8857142857142857,0.874447391688771,0.8886941279579317,0.8633093525179856,0.8788706739526412,0.8716094032549728,0.8937823834196891,0.8959435626102292,0.902461257976299,0.888,0.8978102189781022,0.899909008189263,0.897278314310799,0.9090909090909091,0.9182948490230906,0.9229340761374187,0.9196506550218341,0.9225978647686833,0.9132007233273056,0.925589836660617,0.9268953068592057,0.9161290322580645,0.9344422700587084,0.9376744186046512,0.9287037037037037,0.9262222222222222,0.921173235563703,0.9315693430656934,0.9387568555758684,0.9187279151943463,0.9162790697674419,0.9213286713286714,0.9251386321626618,0.9102447869446962,0.9205909510618652,0.9075194468452895,0.9122807017543859,0.9076782449725777,0.8997214484679665,0.8987455197132617,0.8988464951197871,0.902638762511374,0.8774555659494855,0.8662533215234721,0.8990825688073395,0.8807763401109058,0.8803016022620169,0.8714676390154968,0.8853046594982079,0.881371640407785,0.8829588014981273,0.8816402609506058,0.8687782805429864,0.8753412192902639,0.8926961226330027,0.8879310344827587,0.8839779005524862,0.8797190517998245,0.8807658833768495,0.9045936395759717,0.8957771787960467,0.9153153153153153,0.9065077910174152,0.8982608695652174,0.9089236430542779,0.9242009132420091,0.9209138840070299,0.9215344376634699,0.9202566452795601,0.9362657091561939,0.936697247706422,0.9395306859205776,0.9284403669724771,0.9303435114503816,0.9409209383145091,0.9369602763385146,0.9242700729927007,0.937007874015748,0.9297297297297298,0.9320822162645219,0.9290150842945873,0.9233543733092876,0.9174800354924578,0.902353966870096,0.9157706093189965,0.9158878504672897,0.8941798941798942
0.8981818181818182,0.8881057268722466,0.8962616822429906,0.891500904159132,0.8722627737226277,0.8727598566308243,0.8738819320214669,0.8762975778546713,0.8690036900369004,0.8643617021276596,0.8733392382639504,0.8799283154121864,0.8492779783393501,0.8762975778546713,0.8711433756805808,0.8660159716060337,0.871313672922252,0.8751099384344767,0.8762071992976295,0.8871701546860783,0.8809318377911993,0.8830950378469302,0.9018733273862622,0.8969359331476323,0.90063233965673,0.8845437616387337,0.902014652014652,0.9109170305676856,0.9107142857142857,0.906046511627907,0.9075555555555556,0.9207579672695951,0.9258241758241759,0.9302536231884058,0.9125,0.926497277676951,0.9237057220708447,0.9323104693140795,0.9182608695652174,0.9259606373008434,0.9246275197195443,0.9275491949910555,0.9291479820627803,0.9090113735783028,0.9136563876651982,0.9131221719457013,0.9077586206896552,0.9090098126672613,0.8985890652557319,0.9022491349480969,0.8873499538319483,0.8955479452054794,0.889295516925892,0.8704710144927537,0.8736162361623616,0.8740225890529973,0.8610871440897325,0.8560140474100087,0.8544973544973545,0.8677685950413223,0.8548241659152389,0.8679593721144968,0.8813084112149533,0.8701413427561837,0.8834782608695653,0.872539831302718,0.8706199460916442,0.8643446379468378,0.8800721370604148,0.8692515779981965,0.8767985611510791,0.8991899189918992,0.8966789667896679,0.8900523560209425,0.8827106863596872,0.8977176669484361,0.89937106918239,0.9010175763182239,0.9048050770625566,0.9147286821705426,0.9118198874296435,0.8972222222222223,0.9095840867992767,0.9223985890652557,0.9252601702932829,0.9278717720391808,0.9253859348198971,0.9227188081936686,0.9324200913242009,0.9092558983666061,0.9175084175084175,0.9136442141623489,0.9225159525979946,0.9142599277978339,0.9113345521023766,0.9214417744916821,0.8970315398886828,0.8973128598848369,0.903254972875226,0.8919642857142858
0.8908296943231441,0.8901200369344414,0.8714028776978417,0.8665413533834586,0.8856640281442393,0.8562822719449226,0.8441203281677302,0.8696428571428572,0.8583032490974729,0.8507194244604317,0.8508853681267474,0.8489535941765242,0.8390909090909091,0.8465204957102002,0.842058562555457,0.8428063943161634,0.8575317604355717,0.8616236162361623,0.8563636363636363,0.8475452196382429,0.8655172413793103,0.8690476190476191,0.877208480565371,0.8817407757805109,0.8907407407407407,0.8968036529680365,0.8893805309734514,0.9037037037037037,0.8966789667896679,0.908289241622575,0.9040723981900453,0.9049694856146469,0.9093406593406593,0.9214986619090099,0.9351687388987566,0.9182222222222223,0.9104609929078015,0.9133510167992926,0.9233511586452763,0.9246636771300448,0.910761154855643,0.9301025163094129,0.9266375545851528,0.906140350877193,0.9160899653979239,0.8887884267631103,0.8857913669064749,0.8940955951265229,0.882940108892922,0.8870255957634599,0.8772893772893773,0.8609332113449222,0.8668478260869565,0.8633879781420765,0.8624772313296903,0.8592188919164396,0.8503213957759412,0.8540734109221128,0.8592657342657343,0.8401420959147424,0.8372911169744943,0.836036036036036,0.8405797101449275,0.847457627118644,0.8682101513802315,0.8531781557743957,0.8546099290780141,0.8542757417102966,0.8429973238180196,0.864986498649865,0.8622305529522024,0.8841240875912408,0.8666061705989111,0.8756708407871199,0.8745487364620939,0.8858195211786372,0.9133709981167608,0.8912097476066144,0.9082483781278962,0.8923766816143498,0.9104095563139932,0.9049621530698065,0.9160649819494585,0.9247311827956989,0.9193697868396663,0.9234317343173432,0.9393939393939394,0.9232209737827716,0.9212746016869728,0.9031390134529148,0.9138405132905592,0.8998272884283247,0.912962962962963,0.9154051647373108,0.9095697980684812,0.9124423963133641,0.9,0.8821490467937608,0.898936170212766,0.8863636363636364
0.8672161172161172,0.8740384615384615,0.8680618744313012,0.8473824312333629,0.8458029197080292,0.8422907488986784,0.8502772643253235,0.8397085610200364,0.841876629018245,0.8248239436619719,0.8393351800554016,0.8360189573459715,0.819926873857404,0.840321141837645,0.8212962962962963,0.8252252252252252,0.8424242424242424,0.8351548269581056,0.8362676056338029,0.8312387791741472,0.8450704225352113,0.8497777777777777,0.8526785714285714,0.8603351955307262,0.8688073394495412,0.8808290155440415,0.8604651162790697,0.8889934148635936,0.8860424028268551,0.898458748866727,0.9007352941176471,0.9034926470588235,0.9098360655737705,0.9064814814814814,0.8857677902621723,0.9230769230769231,0.9242144177449169,0.9259911894273127,0.9039855072463768,0.911685994647636,0.9052173913043479,0.9112478031634447,0.906886517943744,0.9034926470588235,0.8987566607460036,0.8949771689497716,0.872,0.881578947368421,0.8829059829059829,0.8896860986547085,0.8701657458563536,0.8639157155399473,0.8505434782608695,0.8342245989304813,0.8605947955390335,0.8471731448763251,0.8410652920962199,0.8336252189141856,0.846929422548121,0.8322756119673618,0.8300359712230215,0.8411131059245961,0.8233117483811286,0.8278084714548803,0.8280669144981413,0.8226691042047533,0.8524150268336315,0.8487018800358102,0.8375992939099736,0.8523852385238524,0.8431192660550458,0.8477112676056338,0.8514335360556038,0.8679078014184397,0.8705560619872379,0.8783783783783784,0.8768821966341895,0.8753292361720808,0.8957771787960467,0.8897370653095844,0.908098271155596,0.9036827195467422,0.9038112522686026,0.9190391459074733,0.9120879120879121,0.9133211678832117,0.9286376274328082,0.9102447869446962,0.9237368922783603,0.9069124423963134,0.907942238267148,0.8955895589558955,0.9161462979482605,0.9012003693444137,0.9090909090909091,0.890990990990991,0.88,0.8925318761384335,0.876269621421976,0.8853503184713376
0.8517179023508138,0.8380090497737557,0.8657777777777778,0.8311320754716981,0.8285181733457595,0.8289136013686912,0.8096514745308311,0.822380106571936,0.8220264317180617,0.8185920577617328,0.7913602941176471,0.8063063063063063,0.8018779342723005,0.8147113594040968,0.81239092495637,0.7977941176470589,0.8156028368794326,0.8172323759791122,0.81998199819982,0.8583410997204101,0.8262826282628263,0.8357949609035621,0.8389982110912343,0.8577549271636675,0.8533801580333626,0.86331569664903,0.8870370370370371,0.8645343367826905,0.8871415356151712,0.8788706739526412,0.8755516328331863,0.8936170212765957,0.8972542072630647,0.9029217719132894,0.9143372407574392,0.8992112182296231,0.897737556561086,0.9019426456984274,0.9100817438692098,0.8930530164533821,0.8864059590316573,0.9030520646319569,0.9017132551848512,0.8996282527881041,0.881981981981982,0.9063047285464098,0.8700823421774931,0.8771300448430494,0.8757709251101321,0.87151841868823,0.8658428949691086,0.8312274368231047,0.8511586452762924,0.8205828779599271,0.8395061728395061,0.8207547169811321,0.8267790262172284,0.8161318300086731,0.8266787658802178,0.8095238095238095,0.8034576888080073,0.8047169811320755,0.8334849863512284,0.8028933092224232,0.8023255813953488,0.7931034482758621,0.8427167113494192,0.8288288288288288,0.8285198555956679,0.833489242282507,0.8255159474671669,0.8522212148685403,0.8385899814471243,0.8620087336244542,0.8701298701298701,0.881447963800905,0.8676748582230623,0.8618025751072962,0.8835978835978836,0.874439461883408,0.8990509059534081,0.8966455122393472,0.9026149684400361,0.9023746701846965,0.9011893870082343,0.9153297682709447,0.9118457300275482,0.9160714285714285,0.9006968641114983,0.9035714285714286,0.8952464788732394,0.900679117147708,0.9018518518518519,0.8907156673114119,0.875,0.9019607843137255,0.8873239436619719,0.8571428571428571,0.8757497857754927,0.8867924528301887
0.8420138888888888,0.8364279398762158,0.8530207394048692,0.8503460207612457,0.8502325581395349,0.8177128116938951,0.8153034300791556,0.7991150442477876,0.781934306569343,0.7743445692883895,0.7895699908508692,0.8100263852242744,0.7928321678321678,0.7877145438121048,0.7905525846702317,0.8178571428571428,0.795863309352518,0.7940140845070423,0.8214285714285714,0.7916303400174368,0.8315315315315316,0.8180995475113122,0.8260056127221702,0.8398926654740608,0.815622161671208,0.8592188919164396,0.8685612788632326,0.8728270814272644,0.8619436875567665,0.8685813751087903,0.9025500910746812,0.8803191489361702,0.8895927601809954,0.8765008576329331,0.8861429832303619,0.9016544117647058,0.9042277825711821,0.9206212251941329,0.9081908190819082,0.8945969884853853,0.9038984587488668,0.8957528957528957,0.8871841155234657,0.8994614003590664,0.8895652173913043,0.8673196794300979,0.8745421245421245,0.8614564831261101,0.8589132507149666,0.8613406795224977,0.8501742160278746,0.8544642857142857,0.8352941176470589,0.8349954669084315,0.7974683544303798,0.8123827392120075,0.8104875804967802,0.8240574506283662,0.7682481751824818,0.7903225806451613,0.8095238095238095,0.792520035618878,0.7992700729927007,0.7985611510791367,0.7924701561065197,0.7848990342405618,0.7840501792114696,0.8,0.8133561643835616,0.8163636363636364,0.8105065666041276,0.817174515235457,0.8441330998248686,0.8407079646017699,0.8401785714285714,0.8572695035460993,0.8700460829493087,0.8601216333622936,0.8805834092980857,0.8815911193339501,0.8887859128822985,0.884871550903901,0.8923728813559322,0.8924050632911392,0.8867403314917127,0.8934056007226739,0.9117920148560817,0.9079861111111112,0.894927536231884,0.9114631873252563,0.8847549909255898,0.9048473967684022,0.8919164396003633,0.8825112107623319,0.8874887488748875,0.8754545454545455,0.8642201834862385,0.8686067019400353,0.8389084507042254,0.848294434470377
0.8513011152416357,0.820018365472911,0.8373764600179695,0.8137339055793992,0.7998244073748902,0.7879053461875548,0.8093896713615023,0.7938325991189428,0.7988668555240793,0.7676767676767676,0.7682363804247461,0.7595628415300546,0.7863636363636364,0.7951914514692787,0.7881040892193308,0.7617260787992496,0.7654545454545455,0.7975022301516503,0.7752909579230081,0.7841726618705036,0.7925233644859813,0.8185880250223414,0.8226086956521739,0.8063380281690141,0.8306159420289855,0.8482632541133455,0.8463611859838275,0.8401913875598086,0.8250444049733571,0.8925992779783394,0.8974583698510079,0.879646017699115,0.8895078922934077,0.8888888888888888,0.8931226765799256,0.8882733148661126,0.8945945945945946,0.9088564058469476,0.881729920564872,0.8988464951197871,0.8979591836734694,0.8794326241134752,0.8910081743869209,0.8834080717488789,0.8811252268602541,0.8908256880733945,0.8641644325290437,0.8588235294117647,0.8696857670979667,0.8439461883408071,0.8470181503889369,0.8183437221727515,0.822871883061049,0.8156521739130435,0.7906558849955077,0.7771689497716895,0.7983870967741935,0.7631344612644702,0.7899910634495085,0.7961956521739131,0.7848678213309025,0.7638279192273925,0.783287419651056,0.7539267015706806,0.7586520947176685,0.7928007023705005,0.7753554502369668,0.7758775877587759,0.7912186379928315,0.8008695652173913,0.808256880733945,0.8123877917414721,0.832579185520362,0.8237410071942446,0.8512396694214877,0.8387387387387387,0.8557258791704238,0.8591928251121076,0.833916083916084,0.8612612612612612,0.874451273046532,0.8704566635601119,0.886695278969957,0.8977272727272727,0.8710801393728222,0.8937621832358674,0.9069557362240289,0.8860325621251071,0.9061662198391421,0.9069148936170213,0.8916900093370682,0.8943533697632058,0.9039497307001796,0.8643306379155435,0.871304347826087,0.8579040852575488,0.8751069289991446,0.8629893238434164,0.8516003879728419,0.830477908025248
0.8207207207207208,0.8037037037037037,0.8183406113537118,0.7964847363552267,0.7952127659574468,0.7855251544571933,0.7728506787330317,0.7676864244741873,0.7699037620297463,0.7691605839416058,0.7561419472247498,0.779491833030853,0.7448151487826871,0.7640552995391705,0.769163763066202,0.7431111111111111,0.7767612076852699,0.7524575513851653,0.7648578811369509,0.7799263351749539,0.7929203539823009,0.7936363636363636,0.8048561151079137,0.822871883061049,0.818337617823479,0.8109318996415771,0.8226822682268227,0.8448422847399829,0.8385093167701864,0.852914798206278,0.8736363636363637,0.8623445825932504,0.8759541984732825,0.8735213830755232,0.8932291666666666,0.8826764436296975,0.9036697247706422,0.9084249084249084,0.8829141370338248,0.8844036697247707,0.8845814977973568,0.891703056768559,0.8686679174484052,0.8823529411764706,0.8788990825688073,0.8584392014519057,0.8522622345337026,0.8388245770258237,0.8449339207048459,0.8148837209302325,0.827433628318584,0.8157894736842105,0.7893805309734513,0.8111209179170344,0.7699115044247787,0.7927369353410098,0.7807250221043325,0.7530864197530864,0.7259528130671506,0.7721973094170403,0.7529305680793508,0.7486772486772487,0.7486238532110092,0.7373831775700934,0.7549549549549549,0.75,0.752539242843952,0.755781683626272,0.7859078590785907,0.7979539641943734,0.7846580406654344,0.8099331423113658,0.7934272300469484,0.825065274151436,0.8421541318477251,0.8084914182475158,0.8330188679245283,0.8528880866425993,0.8607825295723385,0.8738738738738738,0.8597246127366609,0.8726114649681529,0.8706597222222222,0.8958691910499139,0.90633608815427,0.8810148731408574,0.8910200523103748,0.8850045998160073,0.8756805807622504,0.8827272727272727,0.8841201716738197,0.8885893980233602,0.8546099290780141,0.8560070671378092,0.8716814159292036,0.85,0.8592528236316247,0.82174688057041,0.8559708295350957,0.8202846975088968
0.8095667870036101,0.8043875685557587,0.8034894398530762,0.7992988606485539,0.7880733944954128,0.7469982847341338,0.7661290322580645,0.7579439252336448,0.735881841876629,0.7469352014010507,0.7234611953612846,0.7432077125328659,0.7343173431734318,0.7573858549686661,0.7182368193604148,0.7519650655021834,0.7377938517179023,0.7432808155699722,0.7442502299908004,0.7553191489361702,0.7730802415875755,0.7766544117647058,0.8059440559440559,0.7785588752196837,0.7904583723105706,0.8111209179170344,0.8167400881057268,0.8417200365965233,0.8262476894639557,0.8475336322869955,0.857773851590106,0.8619469026548673,0.87215411558669,0.8872037914691943,0.8856589147286822,0.8717720391807658,0.8833634719710669,0.8733153638814016,0.8679577464788732,0.875438596491228,0.8840579710144928,0.8837420526793823,0.8813708260105448,0.8456014362657092,0.8418647166361974,0.8294717330861909,0.8199445983379502,0.8480786416443253,0.8282548476454293,0.8113718411552346,0.8244824482448245,0.8072502210433244,0.7833182230281052,0.77124773960217,0.7472727272727273,0.7616438356164383,0.743992606284658,0.7769718948322756,0.7359649122807017,0.7381615598885793,0.7530647985989493,0.7424381301558204,0.7299829642248722,0.7191528545119705,0.7522935779816514,0.7285714285714285,0.7497781721384206,0.7453580901856764,0.7646017699115044,0.7635009310986964,0.7662801070472792,0.7731864095500459,0.7985803016858918,0.7922535211267606,0.8011049723756906,0.8149466192170819,0.8209366391184573,0.8325991189427313,0.8398148148148148,0.8516483516483516,0.8556053811659193,0.8776041666666666,0.8757549611734253,0.8653667595171773,0.8962350780532599,0.88272157564906,0.875,0.878003696857671,0.8936550491510277,0.8927943760984183,0.8786496350364964,0.8760330578512396,0.884304932735426,0.8701180744777475,0.8711656441717791,0.8461538461538461,0.8465562336530078,0.8292682926829268,0.8250428816466552,0.8204225352112676
0.8096118299445472,0.8158333333333333,0.7698483496877788,0.7675675675675676,0.7574123989218329,0.7612612612612613,0.7303877366997295,0.7129881925522252,0.7106194690265487,0.7151898734177216,0.7140255009107468,0.7390917186108638,0.6794300979519146,0.7058287795992714,0.723205964585275,0.7228360957642725,0.6993755575379126,0.7325581395348837,0.7431693989071039,0.7423971377459749,0.7591436217662801,0.7601809954751131,0.7638623326959847,0.7591575091575091,0.7796917497733454,0.8050847457627118,0.8252252252252252,0.8259325044404974,0.822429906542056,0.8299445471349353,0.8614678899082568,0.8580413297394429,0.8603006189213086,0.8715432649420161,0.8735832606800349,0.8752244165170556,0.870242214532872,0.8817005545286506,0.8575244879786287,0.8679775280898876,0.8725135623869801,0.8738404452690167,0.8668555240793201,0.8321858864027539,0.8494623655913979,0.837739288969918,0.8299198575244879,0.8070484581497798,0.8206770356816102,0.8105360443622921,0.8027027027027027,0.7850719424460432,0.774977497749775,0.7684210526315789,0.7669902912621359,0.7572633552014996,0.7386980108499096,0.7228163992869875,0.7113122171945702,0.7286343612334801,0.7190605239385727,0.707906976744186,0.707105719237435,0.7242290748898679,0.7100538599640933,0.7226666666666667,0.7162661737523105,0.7252252252252253,0.7466307277628033,0.7280071813285458,0.7495840266222962,0.7585253456221198,0.7567324955116697,0.7732506643046945,0.7957371225577264,0.8206039076376554,0.8092643051771117,0.8277727682596934,0.8357949609035621,0.8572702943800179,0.8393782383419689,0.8456439393939394,0.888,0.8672645739910314,0.853852967227635,0.8839368616527391,0.8758802816901409,0.8866253321523472,0.8653321201091901,0.873029772329247,0.8741007194244604,0.8633484162895928,0.877208480565371,0.8542056074766355,0.8343612334801762,0.8300359712230215,0.8265213442325159,0.8105263157894737,0.7712665406427222,0.8112338858195212
0.7966985230234579,0.7964285714285714,0.7717996289424861,0.7653985507246377,0.7350352112676056,0.7201834862385321,0.7279344858962693,0.7226666666666667,0.7277726856095326,0.6998175182481752,0.7250221043324492,0.6973214285714285,0.7169476486246673,0.7004291845493562,0.701627486437613,0.702048417132216,0.7079964061096137,0.7293497363796133,0.7204206836108676,0.7162921348314607,0.7159199237368923,0.726775956284153,0.7528991971454059,0.7846153846153846,0.7706422018348624,0.7800175284837861,0.7851387645478961,0.8102697998259356,0.8363954505686789,0.829971181556196,0.8575342465753425,0.8380706287683032,0.868122270742358,0.8505535055350554,0.8646017699115044,0.8629173989455184,0.8801801801801802,0.8636363636363636,0.8729874776386404,0.8641542506573181,0.8624014022787029,0.8719121683440073,0.8483754512635379,0.8345008756567426,0.8391608391608392,0.8265124555160143,0.8167539267015707,0.813953488372093,0.7992633517495396,0.8050043140638481,0.7585253456221198,0.7692307692307693,0.7491166077738516,0.7587758775877588,0.7484662576687117,0.7203832752613241,0.7414847161572052,0.6950043821209465,0.7032484635645303,0.7099099099099099,0.7169117647058824,0.6959706959706959,0.7000911577028259,0.7018633540372671,0.730072463768116,0.6878868258178603,0.6907407407407408,0.7066436583261432,0.7103825136612022,0.7452914798206278,0.7151898734177216,0.7211267605633803,0.7631103074141049,0.7836663770634231,0.7892857142857143,0.8012367491166078,0.8057813911472448,0.8136363636363636,0.8393686165273909,0.8213953488372093,0.8382222222222222,0.855072463768116,0.8573913043478261,0.8436681222707424,0.8630259623992838,0.8701880035810206,0.8420138888888888,0.8850877192982456,0.8587719298245614,0.8647469458987783,0.8552995391705069,0.8574057037718491,0.8549356223175966,0.856,0.832,0.8164165931156222,0.8019538188277087,0.7996422182468694,0.8,0.7622243528283796
0.7666362807657247,0.7555753791257805,0.7575757575757576,0.7729779411764706,0.7180487804878048,0.6824817518248175,0.6987124463519313,0.702167766258247,0.6884650317892824,0.6908431550317317,0.6833333333333333,0.6889483065953654,0.6657963446475196,0.6693989071038251,0.688622754491018,0.6669741697416974,0.6912691269126913,0.6854545454545454,0.6923076923076923,0.7098540145985401,0.7289879931389366,0.7448275862068966,0.7359649122807017,0.7413024085637824,0.7576036866359447,0.7574931880108992,0.7626641651031895,0.8044052863436123,0.8265486725663717,0.8141197497765862,0.8357821953327571,0.830101569713758,0.8284182305630027,0.8446251129177959,0.8497737556561086,0.8485130111524164,0.8706199460916442,0.8615794143744454,0.8772893772893773,0.8448905109489051,0.8534405719392315,0.8553113553113553,0.8542056074766355,0.8188679245283019,0.8432432432432433,0.8155774395702775,0.8033509700176367,0.8037803780378038,0.7950310559006211,0.762157382847038,0.761180679785331,0.7488829311885612,0.7379629629629629,0.726145038167939,0.7097966728280961,0.7052826691380908,0.7126230975828111,0.6950596252129472,0.6873873873873874,0.6733760292772186,0.6934174932371506,0.6609712230215827,0.6672879776328052,0.691696113074205,0.663453111305872,0.6643109540636042,0.6879562043795621,0.6931918656056587,0.6953055801594331,0.6956124314442413,0.7233238904627006,0.7181146025878004,0.7348214285714286,0.7619477006311993,0.7613941018766756,0.7652011225444341,0.7754733994589721,0.783641160949868,0.7940904893813481,0.8270079435127978,0.8093525179856115,0.8414298808432631,0.8372302158273381,0.8542544229149115,0.8637992831541219,0.86331569664903,0.8634321653189577,0.8309859154929577,0.8520599250936329,0.847457627118644,0.862780269058296,0.847926267281106,0.8496376811594203,0.8343612334801762,0.8370239149689991,0.8192771084337349,0.7942754919499105,0.7944700460829494,0.7735004476275739,0.7510955302366346
0.7645429362880887,0.7394495412844037,0.7204399633363886,0.7316209034543845,0.7061442564559216,0.7019319227230911,0.6946277097078228,0.7105500450856628,0.6504424778761062,0.6524163568773235,0.6467931345980127,0.6461961503208066,0.64816472694718,0.6788830715532286,0.6553620531622365,0.6695880806310254,0.6467889908256881,0.6517457475380484,0.6633027522935779,0.671353251318102,0.666966696669667,0.7115732368896925,0.7047970479704797,0.7462962962962963,0.7238734419942474,0.7726051924798567,0.7722419928825622,0.7814508723599632,0.8153434433541481,0.81239092495637,0.828440366972477,0.8400735294117647,0.8224956063268892,0.8356164383561644,0.8423817863397548,0.8561464690496948,0.863517060367454,0.8638059701492538,0.8521190261496844,0.8571428571428571,0.8634321653189577,0.8477112676056338,0.8441558441558441,0.8268206039076377,0.8165627782724845,0.8058161350844277,0.8110687022900763,0.793755912961211,0.7776699029126214,0.7871559633027523,0.7502295684113865,0.7326565143824028,0.7149280575539568,0.7276908923643054,0.6928044280442804,0.6900790166812993,0.6666666666666666,0.6710875331564987,0.6493987049028677,0.6606334841628959,0.6546762589928058,0.6597582037996546,0.643510054844607,0.6372462488967343,0.6812891674127126,0.6442477876106195,0.6478743068391867,0.6649350649350649,0.6823204419889503,0.6976744186046512,0.6831238779174147,0.7141544117647058,0.7150684931506849,0.7442528735632183,0.75,0.7495412844036697,0.7584320875113947,0.7920148560817084,0.8055805580558055,0.815442561205273,0.8203703703703704,0.8366788321167883,0.8196573489630298,0.8581375108790252,0.8472095150960659,0.8687329079307201,0.8664323374340949,0.8446428571428571,0.8494138863841298,0.8646684831970936,0.8445642407906558,0.8534172661870504,0.8203971119133574,0.8182648401826484,0.7998244073748902,0.8045757864632984,0.7908611599297012,0.769163763066202,0.7741935483870968,0.7688766114180479
0.7437050359712231,0.7231329690346083,0.7264731750219877,0.6995433789954338,0.699288256227758,0.6815642458100558,0.6395891690009337,0.6672743846855059,0.628673196794301,0.64739336492891,0.6241920590951062,0.6619343389529725,0.6228775692582663,0.61996336996337,0.6045045045045045,0.6275555555555555,0.6466367713004484,0.6545284780578898,0.6707089552238806,0.6684210526315789,0.6651248843663274,0.6757469244288224,0.6986425339366515,0.7044642857142858,0.7141568981064021,0.7603448275862069,0.7338551859099804,0.7654213727193745,0.7731958762886598,0.7645429362880887,0.8058771148708815,0.7964912280701755,0.8111824014665444,0.8361381753764393,0.8284444444444444,0.8283450704225352,0.8449955713020372,0.8564940962761126,0.8576744186046512,0.8361683079677709,0.8709964412811388,0.8378127896200185,0.8377896613190731,0.8204419889502762,0.8026431718061674,0.8067299396031061,0.7949438202247191,0.7548605240912933,0.7724498692240628,0.733102253032929,0.7140335392762577,0.7153558052434457,0.6938967136150235,0.699020480854853,0.6486725663716815,0.6966292134831461,0.6540198735320687,0.647766323024055,0.6547619047619048,0.6485539000876425,0.6221238938053097,0.6233062330623306,0.6172208013640239,0.619811320754717,0.6394618834080718,0.623175965665236,0.6603260869565217,0.6293508936970837,0.6500904159132007,0.6478494623655914,0.681651376146789,0.7136194029850746,0.6880973066898349,0.7265342960288809,0.7473021582733813,0.7544014084507042,0.7567324955116697,0.7991304347826087,0.8042142230026339,0.8027149321266969,0.8206071757129715,0.825136612021858,0.8290909090909091,0.848314606741573,0.8415094339622642,0.8495188101487314,0.8410159924741298,0.8529680365296803,0.8518173345759553,0.8303030303030303,0.8548249359521777,0.8168761220825853,0.8301716350496838,0.810692375109553,0.8,0.8022355975924333,0.7961504811898513,0.7488542621448213,0.7434701492537313,0.7422771403353927
0.7478991596638656,0.6971527178602244,0.6694214876033058,0.6684636118598383,0.6789328426862925,0.6657534246575343,0.6718606782768103,0.6479500891265597,0.6065873741994511,0.6331198536139067,0.6293333333333333,0.6048951048951049,0.6160071942446043,0.62533215234721,0.601237842617153,0.5987432675044884,0.6156552330694811,0.6458897922312556,0.6139705882352942,0.6554621848739496,0.6726296958855098,0.6962828649138713,0.6709916589434661,0.7003454231433506,0.7066911090742438,0.7366997294860235,0.7564216120460585,0.7709291628334867,0.7682596934174932,0.7727708533077661,0.810172570390554,0.7957875457875457,0.8387096774193549,0.826048951048951,0.8297674418604651,0.8141674333026679,0.8403846153846154,0.8455949137148048,0.8545618789521229,0.8483412322274881,0.8443478260869566,0.8368055555555556,0.814748201438849,0.8031278748850046,0.7991189427312775,0.7808455565142364,0.7663896583564174,0.7608695652173914,0.7452402538531279,0.7333931777378815,0.7173717371737174,0.6896551724137931,0.695575221238938,0.6473254759746147,0.6345311130587205,0.6636446056210336,0.6514886164623468,0.6290613718411552,0.6118067978533095,0.6116870876531574,0.6089743589743589,0.5962230215827338,0.5795053003533569,0.5853658536585366,0.6296296296296297,0.6179372197309417,0.6273127753303964,0.6368715083798883,0.6202974628171478,0.6363636363636364,0.6570397111913358,0.6768027801911382,0.6991942703670546,0.6916140667267808,0.7154471544715447,0.7482142857142857,0.7455896007428041,0.7607573149741824,0.7684859154929577,0.7800718132854578,0.8036971830985915,0.8189116859946476,0.8426171529619806,0.8244343891402715,0.83942908117752,0.8293333333333334,0.8508137432188065,0.8225806451612904,0.8552995391705069,0.8410535876475931,0.8477443609022557,0.8328912466843501,0.8079150579150579,0.7965065502183406,0.8129938542581212,0.7909343200740055,0.7739910313901345,0.7623318385650224,0.7261904761904762,0.7098175499565595
0.7243532560214094,0.6866359447004609,0.6800748362956034,0.6660666066606661,0.6518181818181819,0.648506151142355,0.6421052631578947,0.5922671353251318,0.6120930232558139,0.6020220588235294,0.5989537925021796,0.5933147632311978,0.6088929219600726,0.6086956521739131,0.5884444444444444,0.5946691176470589,0.5738585496866607,0.6222222222222222,0.5844155844155844,0.6483011937557392,0.6542553191489362,0.6713091922005571,0.681981981981982,0.6787658802177858,0.6846153846153846,0.7307335190343547,0.7264409881061299,0.7279480037140205,0.7674632352941176,0.7662337662337663,0.8038321167883211,0.777307366638442,0.8141831238779175,0.8177697189483227,0.8256880733944955,0.8255813953488372,0.8333333333333334,0.8001800180018002,0.8467153284671532,0.8303317535545024,0.8197343453510436,0.7967557251908397,0.8068283917340521,0.7904929577464789,0.7880910683012259,0.7589367552703942,0.7716049382716049,0.7554945054945055,0.7335069444444444,0.7081468218442256,0.707427536231884,0.6921658986175115,0.6890829694323144,0.6528998242530756,0.6328195829555757,0.6208791208791209,0.6099044309296264,0.6298292902066487,0.5834101382488479,0.5773101555352241,0.603401969561325,0.585387323943662,0.5697896749521989,0.6196150320806599,0.5765765765765766,0.6056338028169014,0.632471008028546,0.6092362344582594,0.6089334548769371,0.6460176991150443,0.6236654804270463,0.6553308823529411,0.6565934065934066,0.6963636363636364,0.7238873751135332,0.7175639894086496,0.7455731593662628,0.7658227848101266,0.791743119266055,0.7557446808510638,0.779874213836478,0.8077268643306379,0.8075949367088607,0.8318815331010453,0.8108108108108109,0.8285214348206474,0.8466960352422908,0.8405017921146953,0.8353156450137237,0.8376865671641791,0.8176156583629893,0.8220742150333016,0.8039041703637977,0.7889207258834766,0.7809254013220018,0.7770870337477798,0.7553488372093023,0.7446043165467626,0.7247037374658158,0.718139534883721
0.6971580817051509,0.6818181818181818,0.6578947368421053,0.6564245810055865,0.6246764452113891,0.6142086330935251,0.6206896551724138,0.6008810572687224,0.5534804753820034,0.5743727598566308,0.57631822386679,0.5718108831400536,0.575,0.554569653948536,0.5859929078014184,0.575,0.5654981549815498,0.5828111011638317,0.6010830324909747,0.6205395996518712,0.6351730589335828,0.6611498257839721,0.6453965360072926,0.6666666666666666,0.6915641476274165,0.7203619909502262,0.7149621212121212,0.7315315315315315,0.7533632286995515,0.7515583259127337,0.7960644007155635,0.8105849582172702,0.7960992907801419,0.8031358885017421,0.8278322925958965,0.8223214285714285,0.8293310463121784,0.8251561106155219,0.8370436331255565,0.8318098720292505,0.8149861239592969,0.8098214285714286,0.8057491289198606,0.7845454545454545,0.7704315886134068,0.7413308341143393,0.7402714932126697,0.7133699633699634,0.7431941923774955,0.696969696969697,0.6887298747763864,0.6602282704126426,0.6669750231267345,0.660394265232975,0.6178637200736649,0.6071741032370953,0.6026666666666667,0.5680793507664562,0.5783348254252462,0.5801668211306765,0.6062557497700092,0.5757042253521126,0.553873552983081,0.5718132854578097,0.5895390070921985,0.5625570776255707,0.6151685393258427,0.5918003565062389,0.5816416593115622,0.6075949367088608,0.6287477954144621,0.6442396313364055,0.6415261756876663,0.6732142857142858,0.6977168949771689,0.730909090909091,0.7320319432120674,0.7518796992481203,0.7511271415689811,0.7817703768624014,0.7990909090909091,0.7990950226244344,0.7868068833652008,0.7864864864864864,0.8125544899738448,0.8370044052863436,0.8139946855624446,0.8323249783923942,0.826278659611993,0.8274616079494128,0.8209342560553633,0.801094890510949,0.7824933687002652,0.7694369973190348,0.7902397260273972,0.7645985401459854,0.7390542907180385,0.7405452946350044,0.7136524822695035,0.6851851851851852
0.6767955801104972,0.6731914893617021,0.6412556053811659,0.6267857142857143,0.6225402504472272,0.5842105263157895,0.5666364460562103,0.5881294964028777,0.5559471365638766,0.5946935041171089,0.5689802913453299,0.5512104283054003,0.5419776119402985,0.5422715627668659,0.562097516099356,0.5606469002695418,0.5647279549718575,0.5502645502645502,0.5880806310254163,0.5918552036199095,0.6065719360568383,0.6192748091603053,0.6342342342342342,0.6403508771929824,0.6883348174532502,0.6934900542495479,0.7309160305343512,0.7218721872187218,0.7294220665499125,0.75,0.760752688172043,0.7911993097497843,0.7875329236172081,0.7987643424536628,0.8057996485061512,0.8285181733457595,0.8274582560296846,0.8097777777777778,0.823943661971831,0.82201203783319,0.8088367899008115,0.8103756708407871,0.8088888888888889,0.7844155844155845,0.7758164165931156,0.7612334801762115,0.7542056074766356,0.7509057971014492,0.7167300380228137,0.6905204460966543,0.6736554238833181,0.6561969439728353,0.6363636363636364,0.6359570661896243,0.5905172413793104,0.6059806508355321,0.5705244122965641,0.5619128949615713,0.5589558955895589,0.5720761559383499,0.5548561151079137,0.5450367647058824,0.5266968325791855,0.5546875,0.5480176211453744,0.5630099728014506,0.5603603603603604,0.5956873315363881,0.551594746716698,0.6033129904097646,0.5896007428040855,0.6383363471971067,0.6559513466550826,0.6524112829845314,0.6892361111111112,0.7063636363636364,0.7169476486246673,0.7238095238095238,0.7551984877126654,0.7588652482269503,0.7698961937716263,0.7987421383647799,0.782648401826484,0.8096101541251133,0.8168083097261567,0.8173322005097706,0.8053753475440223,0.8127812781278128,0.8118899733806566,0.8336330935251799,0.7939339875111507,0.8067978533094812,0.8039747064137308,0.7643884892086331,0.7601078167115903,0.7232876712328767,0.7528089887640449,0.7211625794732062,0.6860068259385665,0.6820276497695853
0.6631393298059964,0.6281276962899051,0.6198198198198198,0.610651974288338,0.5932055749128919,0.5743913435527502,0.5691202872531418,0.546112115732369,0.5671256454388984,0.5448028673835126,0.49858623939679547,0.5088183421516755,0.5154457193292145,0.5150684931506849,0.5185512367491166,0.5472370766488414,0.5354131534569984,0.5309568480300187,0.5684024713150927,0.6003616636528029,0.5903614457831325,0.6322992700729927,0.5992844364937389,0.6343012704174229,0.6564531104921077,0.6952908587257618,0.6857402361489555,0.7142857142857143,0.7137681159420289,0.7292616226071102,0.7598627787307033,0.7743634767339772,0.7803992740471869,0.7912087912087912,0.7972477064220184,0.7973799126637554,0.8056312443233424,0.7931609674728941,0.805277525022748,0.80765639589169,0.7932263814616756,0.7904411764705882,0.7625113739763422,0.7749077490774908,0.7626353790613718,0.7440633245382586,0.7251566696508505,0.7091703056768559,0.6830553116769096,0.6588658865886589,0.674502712477396,0.6324472960586618,0.6127497621313035,0.5657036346691519,0.5899025686448184,0.5423111919927207,0.5456989247311828,0.5728328865058088,0.5430157261794635,0.5434380776340111,0.5231846019247594,0.5548833189282627,0.523306948109059,0.5483576642335767,0.537117903930131,0.5422413793103448,0.5352993744414656,0.5702775290957923,0.5610820244328097,0.5801056338028169,0.5911949685534591,0.6234567901234568,0.6471615720524018,0.6360294117647058,0.673665791776028,0.6745886654478976,0.7244897959183674,0.6982520699172033,0.7121354656632173,0.7313829787234043,0.7728506787330317,0.758109360518999,0.7901668129938543,0.7827586206896552,0.7870370370370371,0.7877959927140255,0.8026315789473685,0.8255506607929516,0.8066202090592335,0.8032928942807626,0.8003613369467028,0.7796917497733454,0.7905346187554777,0.7746350364963503,0.7825295723384895,0.7336405529953917,0.7362445414847162,0.7183856502242153,0.6600719424460432,0.6562220232766338
0.6615798922800719,0.6285460992907801,0.5931899641577061,0.6132596685082873,0.5652173913043478,0.5641461342395921,0.5486415425065732,0.526173285198556,0.5214285714285715,0.49116279069767443,0.5211754537597234,0.5127504553734062,0.5035460992907801,0.48404255319148937,0.4956521739130435,0.519927536231884,0.5009225092250923,0.5348837209302325,0.5667903525046383,0.5809018567639257,0.5741758241758241,0.5618279569892473,0.6115555555555555,0.6189189189189189,0.6629834254143646,0.6534391534391535,0.6799637352674524,0.6968036529680365,0.7295652173913043,0.7236227824463118,0.7619047619047619,0.7640350877192983,0.7802607076350093,0.7798507462686567,0.78965819456617,0.7831431079894644,0.8117647058823529,0.8024582967515365,0.8036036036036036,0.7982532751091703,0.7919520547945206,0.7949167397020158,0.7710622710622711,0.7853356890459364,0.7464539007092199,0.7548566142460684,0.6983240223463687,0.7098214285714286,0.670299727520436,0.6690454950936664,0.6417910447761194,0.6279926335174953,0.6433691756272402,0.5991071428571428,0.5580952380952381,0.559322033898305,0.5429314830875975,0.5233730522456462,0.5303717135086129,0.5209424083769634,0.507366482504604,0.4931129476584022,0.5270394133822182,0.5054446460980037,0.48534798534798534,0.48269410664172124,0.5341113105924596,0.5420054200542005,0.5453712190650779,0.572744014732965,0.5857011915673694,0.61875,0.6007326007326007,0.6221616712079927,0.6308664259927798,0.6666666666666666,0.6834986474301172,0.7084063047285464,0.7313296903460837,0.74573055028463,0.7416741674167416,0.7671111111111111,0.7799467613132209,0.7737030411449016,0.7917414721723519,0.8154981549815498,0.8212094653812445,0.8132854578096947,0.801762114537445,0.7913669064748201,0.7628774422735346,0.7923844061650045,0.7795004306632214,0.7395182872435325,0.7658582089552238,0.7216856892010536,0.703125,0.6899563318777293,0.6997270245677889,0.6549549549549549
0.6447944006999126,0.6246418338108882,0.6046712802768166,0.5761947700631199,0.5800176834659593,0.5418943533697632,0.54005400540054,0.5228290062667861,0.5013428827215757,0.5,0.4732061762034514,0.4981751824817518,0.4636283961437336,0.45858761987794244,0.4761467889908257,0.49954001839926404,0.47074954296160876,0.5277525022747953,0.5288007554296507,0.5164533820840951,0.5508550855085509,0.5681618293755497,0.5936675461741425,0.6306141154903758,0.6175156389633601,0.6645454545454546,0.6749777382012466,0.6788511749347258,0.6861377506538797,0.7308707124010554,0.7246111619396157,0.733754512635379,0.7429078014184397,0.7841011743450768,0.7996485061511424,0.784908933217693,0.7788808664259927,0.787292817679558,0.8157894736842105,0.788646288209607,0.7968476357267951,0.7859744990892532,0.7570776255707763,0.7259911894273128,0.7375444839857651,0.7234242709313264,0.70508166969147,0.6672597864768683,0.6788732394366197,0.6399270738377393,0.6289198606271778,0.6102470265324794,0.5871985157699443,0.5697980684811238,0.5314926660914582,0.5360281195079086,0.5295154185022026,0.5140597539543058,0.5036630036630036,0.4830827067669173,0.4912923923006416,0.46938775510204084,0.49069973427812225,0.4855195911413969,0.4749536178107607,0.48685403445149594,0.5115633672525439,0.5312783318223028,0.5018148820326679,0.5586145648312612,0.5327272727272727,0.5703771849126035,0.5960854092526691,0.6030245746691871,0.6375545851528385,0.6539823008849558,0.7108753315649867,0.6945765937202664,0.7236363636363636,0.7509124087591241,0.7539404553415061,0.7338638373121131,0.771689497716895,0.766016713091922,0.7922077922077922,0.8219944082013048,0.7814685314685315,0.7951914514692787,0.8016014234875445,0.8039927404718693,0.7927601809954751,0.7797672336615935,0.7720588235294118,0.7434743474347435,0.7488106565176023,0.7148080438756855,0.7084805653710248,0.6819407008086253,0.66,0.6570397111913358
0.6165480427046264,0.6192170818505338,0.5779896013864818,0.5692438402718777,0.5252989880404784,0.5225863596102746,0.501841620626151,0.5380173243503369,0.4822380106571936,0.4646288209606987,0.4688073394495413,0.47981220657276996,0.46365248226950356,0.4864864864864865,0.44298245614035087,0.47189097103918226,0.4712195121951219,0.4944301628106255,0.4921602787456446,0.5410544511668107,0.5102803738317757,0.538534728829686,0.5492957746478874,0.5767148014440433,0.6149584487534626,0.6014828544949027,0.6657458563535912,0.6780402449693789,0.7066079295154185,0.7150635208711433,0.7435897435897436,0.7476808905380334,0.7705510388437218,0.773936170212766,0.7751371115173674,0.7776801405975395,0.7905282331511839,0.8013120899718837,0.7850045167118338,0.8022847100175747,0.795863309352518,0.7862728062554301,0.7625113739763422,0.7688766114180479,0.7429078014184397,0.7183348095659876,0.7323580034423408,0.6681534344335415,0.6672794117647058,0.6538461538461539,0.6112600536193029,0.5898825654923215,0.6098852603706972,0.583916083916084,0.5599250936329588,0.5253588516746411,0.5078630897317299,0.4924712134632418,0.4691689008042895,0.4931381518755718,0.4603603603603604,0.46487424111014747,0.45013979496738116,0.4797843665768194,0.4626334519572954,0.4726148409893993,0.4931756141947225,0.5203900709219859,0.5206684256816183,0.5413953488372093,0.5420129270544783,0.5575757575757576,0.6206896551724138,0.5902654867256637,0.6262910798122066,0.6472632493483927,0.6704545454545454,0.6876712328767123,0.7181571815718157,0.7334542157751587,0.7419928825622776,0.7790802524797115,0.7644991212653779,0.7729336966394187,0.784330985915493,0.8089171974522293,0.7975352112676056,0.798372513562387,0.7975133214920072,0.7834394904458599,0.7872137404580153,0.7547169811320755,0.7625698324022346,0.7378277153558053,0.7320617620345141,0.6788908765652951,0.6814404432132964,0.6595744680851063,0.6608933454876937,0.6217662801070473
0.6065428824049514,0.5800575263662512,0.5537037037037037,0.5528007346189164,0.5504087193460491,0.49910873440285203,0.495583038869258,0.4782993799822852,0.47363796133567665,0.45306859205776173,0.4621409921671018,0.4029438822447102,0.4293286219081272,0.4377224199288256,0.46691176470588236,0.45536519386834984,0.4497854077253219,0.4696969696969697,0.4909584086799277,0.5170902716914987,0.5230905861456483,0.5385304659498208,0.5415549597855228,0.5657657657657658,0.6048526863084922,0.6055555555555555,0.65625,0.6392229417206291,0.6444652908067542,0.6974037600716204,0.7151730257320319,0.7320261437908496,0.7641255605381166,0.7602441150828247,0.7572727272727273,0.7661870503597122,0.7778738115816768,0.7743055555555556,0.7811355311355311,0.7856510186005314,0.7923844061650045,0.7712532865907099,0.7573595004460303,0.7517667844522968,0.7144128113879004,0.7195442594215601,0.6705776173285198,0.6602112676056338,0.6324472960586618,0.6129612961296129,0.6113615870153292,0.5815217391304348,0.5501355013550135,0.5421994884910486,0.5297777777777778,0.5067264573991032,0.5061837455830389,0.4835766423357664,0.46370235934664245,0.44014401440144013,0.46140797285835455,0.40578358208955223,0.49316317228805834,0.447887323943662,0.4421148587055606,0.4724890829694323,0.48029330889092575,0.4745308310991957,0.48717948717948717,0.49864743011722273,0.5452003727865797,0.5651785714285714,0.5709123757904245,0.5926589077887198,0.6206896551724138,0.6444026340545626,0.6517775752051048,0.6604110813226095,0.7024647887323944,0.7045045045045045,0.7479131886477463,0.7593073593073593,0.7660142348754448,0.7466784765279008,0.7713498622589532,0.787852865697177,0.7891891891891892,0.7861811391223156,0.7785714285714286,0.7678571428571429,0.7623947614593077,0.7405119152691968,0.7618198037466548,0.7319494584837545,0.7195540308747856,0.7050173010380623,0.6862401402278703,0.6595932802829354,0.6411657559198543,0.6263537906137184
0.6230228471001757,0.5622353937341237,0.5470162748643761,0.5081521739130435,0.5284837861524978,0.5195729537366548,0.4476275738585497,0.4555160142348754,0.4656556645851918,0.4476102941176471,0.45592417061611373,0.40476190476190477,0.42602495543672014,0.40747176368375326,0.4292114695340502,0.46396396396396394,0.4413309982486865,0.4366576819407008,0.48112294288480156,0.4923766816143498,0.5063291139240507,0.5256064690026954,0.5327942497753818,0.5656279508970727,0.5850694444444444,0.6079136690647482,0.6221616712079927,0.6291629162916291,0.6904761904761905,0.706267539756782,0.7087959009393681,0.7445699391833188,0.7404718693284936,0.7488584474885844,0.7537912578055308,0.7712177121771218,0.7658623771224308,0.7658402203856749,0.7734806629834254,0.7715355805243446,0.7625649913344887,0.7562949640287769,0.7546296296296297,0.7232304900181489,0.7330357142857142,0.674933569530558,0.6995555555555556,0.6702412868632708,0.6377597109304426,0.6070780399274047,0.5927835051546392,0.5649819494584838,0.5692717584369449,0.5472727272727272,0.5246753246753246,0.47718631178707227,0.4679313459801265,0.4566003616636528,0.45321100917431195,0.45323741007194246,0.46223021582733814,0.42032967032967034,0.41139804096170973,0.44274120829576197,0.4205607476635514,0.44329896907216493,0.43028624192059095,0.4539823008849557,0.4487760652765186,0.5091911764705882,0.4959928762243989,0.5478723404255319,0.549686660698299,0.5673249551166966,0.5871559633027523,0.6286995515695067,0.6292947558770343,0.6514486391571555,0.6980244590780809,0.709706144256456,0.7291296625222025,0.764813126709207,0.7553093259464451,0.7506750675067507,0.7748161764705882,0.7749110320284698,0.7838086476540939,0.7978825794032723,0.7711301044634378,0.7923211169284468,0.7676950998185118,0.734786557674841,0.7281553398058253,0.7338195077484048,0.7434507678410117,0.6973803071364046,0.6552363299351252,0.62708719851577,0.6512915129151291,0.6131907308377896
0.6163753449862005,0.5816993464052288,0.5499541704857929,0.5312783318223028,0.481981981981982,0.48451730418943534,0.4396003633060854,0.45503116651825465,0.40555058191584603,0.42314814814814816,0.42357274401473294,0.444234404536862,0.3933092224231465,0.4215867158671587,0.3927601809954751,0.41312056737588654,0.4365079365079365,0.42337164750957856,0.4732142857142857,0.45204262877442275,0.4882032667876588,0.5238095238095238,0.49251101321585905,0.5510018214936248,0.5650224215246636,0.5776965265082267,0.6184448462929476,0.6463195691202872,0.6868421052631579,0.6857142857142857,0.6791590493601463,0.726605504587156,0.7482014388489209,0.7614520311149524,0.7631086142322098,0.7701647875108413,0.775,0.7650822669104205,0.7957931638913234,0.7783985102420856,0.759391771019678,0.7358156028368794,0.7531531531531531,0.7592920353982301,0.6941376380628717,0.6917293233082706,0.6675627240143369,0.6632034632034632,0.634231103388358,0.6352313167259787,0.6139575971731449,0.5671077504725898,0.547438330170778,0.5354260089686098,0.4826007326007326,0.46572934973637964,0.46777003484320556,0.4356955380577428,0.42727272727272725,0.4289667896678967,0.4125560538116592,0.39466895958727427,0.3980054397098821,0.406563354603464,0.4118705035971223,0.42611060743427015,0.454463480613165,0.42781222320637735,0.44190301921317476,0.4863436123348018,0.5199258572752549,0.5485661424606846,0.5374211000901713,0.5385296722763507,0.6031164069660861,0.5896713615023474,0.6355710549258936,0.6354264292408622,0.6867119301648884,0.6980786825251601,0.7054545454545454,0.7361237488626023,0.7525298988040479,0.7797202797202797,0.7427536231884058,0.7761332099907493,0.7811634349030471,0.7557182067703568,0.7857142857142857,0.7748513169073916,0.7548845470692718,0.7261904761904762,0.7532693984306887,0.7527777777777778,0.7060998151571165,0.6623150565709313,0.6721014492753623,0.6457357075913777,0.6036269430051814,0.6213592233009708
0.5824175824175825,0.5441860465116279,0.5575379125780553,0.5157232704402516,0.5301953818827708,0.46139872842870117,0.45104895104895104,0.4472271914132379,0.41975308641975306,0.40454545454545454,0.377959927140255,0.3920619554695063,0.384963768115942,0.3857016769638129,0.417910447761194,0.36675700090334235,0.4230769230769231,0.43248347497639283,0.4163568773234201,0.44589877835951136,0.4627949183303085,0.501834862385321,0.5179063360881543,0.5238970588235294,0.5727109515260324,0.5754716981132075,0.6005291005291006,0.6260387811634349,0.6378378378378379,0.6881324747010119,0.6956920256645279,0.7246777163904236,0.7235555555555555,0.7524752475247525,0.7491258741258742,0.7391705069124423,0.7425569176882661,0.75,0.7667844522968198,0.7627118644067796,0.74622892635315,0.739612188365651,0.7485080988917306,0.7134092900964066,0.7007168458781362,0.6608294930875576,0.6619469026548672,0.655793991416309,0.6309090909090909,0.5918744228993537,0.5578947368421052,0.5414414414414415,0.5131221719457013,0.4886052871467639,0.47146619841966636,0.45614035087719296,0.4582560296846011,0.43283582089552236,0.43485915492957744,0.424645390070922,0.3787195671776375,0.4069660861594867,0.3947136563876652,0.431266846361186,0.3978494623655914,0.42628774422735344,0.4172661870503597,0.4263913824057451,0.45311130587204207,0.45399828030954426,0.4857142857142857,0.4879356568364611,0.5198275862068965,0.5327354260089686,0.5597592433361995,0.6242317822651449,0.6242095754290876,0.632579185520362,0.6545988258317026,0.6907838070628768,0.7167680278019114,0.7356020942408377,0.7333333333333333,0.7430939226519337,0.7451499118165785,0.7689594356261023,0.782608695652174,0.7790055248618785,0.7828096118299446,0.7696335078534031,0.752073732718894,0.7388255915863278,0.7289972899728997,0.7171109200343938,0.7196765498652291,0.6757230499561788,0.6602282704126426,0.611353711790393,0.623570800351803,0.5746606334841629
0.5582010582010583,0.5436432637571158,0.52068345323741,0.47707231040564374,0.44947735191637633,0.4272890484739677,0.4145922746781116,0.45189761694616065,0.4257142857142857,0.39452780229479256,0.38256227758007116,0.364376130198915,0.375,0.3747795414462081,0.3593033913840513,0.39670223084384093,0.39799635701275043,0.43956043956043955,0.41289198606271776,0.4263494967978042,0.46332737030411447,0.4647636039250669,0.5261324041811847,0.5363716038562665,0.5573622402890696,0.5834076717216771,0.601123595505618,0.6078971533516988,0.6268382352941176,0.6944181646168401,0.6858168761220825,0.7010027347310848,0.7248028045574058,0.7393320964749536,0.763063063063063,0.7766726943942134,0.773011617515639,0.7747826086956522,0.7603160667251976,0.7375444839857651,0.7472245943637916,0.7412398921832885,0.7415730337078652,0.7006610009442871,0.6903460837887068,0.6672743846855059,0.6470588235294118,0.6362023070097604,0.6159420289855072,0.5861751152073733,0.5470643056849953,0.5374211000901713,0.4579185520361991,0.473731884057971,0.47459252157238735,0.4393530997304582,0.42487046632124353,0.4354545454545454,0.39221014492753625,0.39488117001828155,0.3670212765957447,0.3897196261682243,0.3628808864265928,0.3974706413730804,0.36130742049469966,0.3966789667896679,0.3728661275831087,0.41492265696087355,0.41379310344827586,0.43429068755439515,0.4661172161172161,0.4794520547945205,0.5184210526315789,0.5190562613430127,0.5669144981412639,0.6097785977859779,0.6277985074626866,0.6292134831460674,0.6289549376797698,0.6886281588447654,0.6799276672694394,0.7432692307692308,0.7304900181488203,0.7248263888888888,0.7452054794520548,0.7422303473491774,0.7665474060822898,0.7407054337464252,0.7307343608340888,0.7347310847766636,0.7402826855123675,0.7286612758310872,0.7236954662104362,0.6849557522123894,0.7075812274368231,0.6488888888888888,0.6595365418894831,0.6309859154929578,0.5818014705882353,0.5680365296803653
0.5688073394495413,0.5465549348230913,0.5112714156898106,0.4698905109489051,0.45395348837209304,0.4613259668508287,0.44694244604316546,0.4336283185840708,0.39636363636363636,0.39078341013824885,0.3614349775784753,0.3626473254759746,0.3552397868561279,0.39066551426101986,0.3856877323420074,0.36990027198549413,0.4052401746724891,0.40864086408640865,0.4080914687774846,0.4227353463587922,0.4334226988382484,0.44879786286731965,0.46707638279192276,0.5119363395225465,0.552991452991453,0.5628847845206685,0.5910683012259195,0.6153176675369887,0.6164772727272727,0.6528776978417267,0.6890524379024839,0.7035681610247027,0.7182835820895522,0.7115902964959568,0.7371323529411765,0.7547857793983591,0.7593436645396536,0.7686635944700461,0.7856502242152467,0.7535460992907801,0.7546666666666667,0.7336860670194003,0.721415607985481,0.6962828649138713,0.6794543904518329,0.6299357208448118,0.6575342465753424,0.6063348416289592,0.5719489981785064,0.5817351598173516,0.5141592920353982,0.5165745856353591,0.5192825112107623,0.4674005080440305,0.4486486486486487,0.4411764705882353,0.4031078610603291,0.41543798785776237,0.38061041292639136,0.3763345195729537,0.3740942028985507,0.35874439461883406,0.36557231588287487,0.3760907504363002,0.35938903863432164,0.4020797227036395,0.375,0.40821917808219177,0.39812206572769954,0.45462633451957296,0.4846846846846847,0.49440137812230833,0.49458483754512633,0.5614500442086648,0.5429338103756708,0.5710503089143866,0.6212914485165794,0.62580054894785,0.6493273542600897,0.6797020484171322,0.6913919413919414,0.6996466431095406,0.7178796046720575,0.7280071813285458,0.7530647985989493,0.7614068441064639,0.7601102941176471,0.769299023957409,0.7469244288224957,0.7493403693931399,0.7414104882459313,0.7417218543046358,0.74447391688771,0.6966864910790145,0.6657633242999097,0.6508771929824562,0.6425419240953222,0.6065276518585675,0.5832614322691976,0.5540661304736372
0.5610438024231128,0.5106571936056838,0.5234657039711191,0.46457399103139013,0.4660714285714286,0.4273972602739726,0.4329710144927536,0.3677363399826539,0.3847533632286996,0.36134453781512604,0.375,0.37169811320754714,0.3543928923988154,0.32773851590106007,0.34659593280282935,0.3379549393414211,0.35648148148148145,0.36379928315412186,0.421152030217186,0.40276497695852537,0.4237749546279492,0.4835847382431233,0.5103510351035103,0.4967978042086002,0.5226264418811003,0.5607305936073059,0.5841409691629956,0.622791519434629,0.633920296570899,0.6549815498154982,0.687392055267703,0.6839788732394366,0.7284172661870504,0.729072907290729,0.7286476868327402,0.7530973451327434,0.7541850220264317,0.7471763683753258,0.7594713656387665,0.7471665213600698,0.7502262443438914,0.7039301310043669,0.7021081576535289,0.6925858951175407,0.7023381294964028,0.6529147982062781,0.6338694418164617,0.650375939849624,0.6028751123090745,0.5675925925925925,0.5622241835834069,0.5279138099902057,0.4962121212121212,0.45244690674053556,0.4288272157564906,0.4104967197750703,0.43243243243243246,0.3858885017421603,0.3485981308411215,0.35481023830538394,0.34131205673758863,0.3526745240253853,0.34864864864864864,0.3498201438848921,0.3457497612225406,0.3542234332425068,0.35938903863432164,0.39464285714285713,0.4088050314465409,0.42286751361161523,0.45354185832566696,0.485453034081463,0.504786771105309,0.5157342657342657,0.5509499136442142,0.576395242451967,0.5961199294532628,0.6381461675579323,0.6374538745387454,0.667262969588551,0.6923783287419651,0.7146919431279621,0.7104347826086956,0.7284172661870504,0.7361853832442068,0.7488667271078876,0.7547008547008547,0.7472826086956522,0.735663082437276,0.7460901563937442,0.7215541165587419,0.7395736793327155,0.7049028677150786,0.6877289377289377,0.6481639624252775,0.6474301172227231,0.6109613656783468,0.5673352435530086,0.5764388489208633,0.5508021390374331
0.5256525652565257,0.5376146788990825,0.5037523452157598,0.4381720430107527,0.46264367816091956,0.4214417744916821,0.41186891054030117,0.3737556561085973,0.37359792924935287,0.3596330275229358,0.3644524236983842,0.3312274368231047,0.32715477293790546,0.3395225464190981,0.327768014059754,0.3282097649186257,0.3177083333333333,0.3761467889908257,0.37735849056603776,0.3818019625334523,0.4297224709042077,0.4339457567804024,0.45295202952029523,0.4883116883116883,0.5304428044280443,0.5650623885918004,0.5784671532846716,0.5789473684210527,0.6275738585496866,0.6003734827264239,0.6672794117647058,0.6987410071942446,0.7140255009107468,0.7306238185255198,0.7365945437441204,0.7439024390243902,0.7511693171188026,0.7392070484581498,0.7435233160621761,0.7602495543672014,0.7179946284691137,0.7174311926605504,0.7065923862581244,0.681447963800905,0.7047704770477048,0.6420863309352518,0.6471631205673759,0.6067518248175182,0.5622119815668203,0.5616438356164384,0.5373134328358209,0.5204359673024523,0.4692942254812099,0.43698252069917204,0.42324003392705684,0.4316742081447964,0.37885874649204865,0.36298292902066487,0.3587521663778163,0.3419182948490231,0.3236098450319052,0.33063063063063064,0.31226765799256506,0.33967391304347827,0.3276676109537299,0.3392226148409894,0.36241007194244607,0.3782805429864253,0.4293785310734463,0.4139414802065404,0.4422560429722471,0.44127806563039723,0.4878682842287695,0.5183603757472246,0.5227272727272727,0.549686660698299,0.5875555555555556,0.6149122807017544,0.6616541353383458,0.6706864564007421,0.6900473933649289,0.7076526225279449,0.7357980162308386,0.7438243366880146,0.740418118466899,0.7450450450450451,0.7568807339449541,0.7592093441150045,0.7576036866359447,0.7433628318584071,0.729072907290729,0.7208029197080292,0.7211796246648794,0.680071492403932,0.6733624454148471,0.639344262295082,0.6348364279398763,0.5839350180505415,0.5509138381201044,0.5488372093023256
0.5384615384615384,0.49727272727272726,0.46923076923076923,0.4831168831168831,0.4256410256410256,0.39471285323609845,0.39201451905626133,0.3684210526315789,0.3342151675485009,0.34649122807017546,0.3410565338276182,0.3053297199638663,0.3099099099099099,0.32054794520547947,0.34205776173285196,0.3267681289167413,0.3379247015610652,0.36200716845878134,0.3852967227635075,0.39547511312217193,0.41622574955908287,0.43351063829787234,0.46551724137931033,0.4848762603116407,0.5059797608095676,0.5679567956795679,0.5832540437678402,0.5809090909090909,0.6481802426343154,0.6152433425160698,0.6550802139037433,0.6532751091703056,0.7373271889400922,0.7051509769094139,0.7308730873087309,0.7495395948434622,0.7418478260869565,0.7472324723247232,0.72975432211101,0.7273576097105509,0.7291479820627803,0.7191528545119705,0.7117346938775511,0.685972850678733,0.6797502230151651,0.6401124648547329,0.6083916083916084,0.6022835394862036,0.5706472196900638,0.569713758079409,0.5026881720430108,0.4724264705882353,0.43289224952741023,0.4325068870523416,0.4287037037037037,0.3911070780399274,0.37670068027210885,0.3975799481417459,0.3524590163934426,0.34057341442224154,0.3083859332732191,0.3183940242763772,0.3070652173913043,0.3375224416517056,0.3114610673665792,0.3339222614840989,0.347246891651865,0.3591111111111111,0.3547511312217195,0.3973568281938326,0.40214477211796246,0.4643171806167401,0.4570175438596491,0.4830960854092527,0.4991243432574431,0.5692850838481907,0.5724381625441696,0.6081330868761553,0.6205936920222634,0.6573088092933205,0.6570631970260223,0.7125,0.7146763901549681,0.7294642857142857,0.7455516014234875,0.7135325131810193,0.7355371900826446,0.7469775474956822,0.7493237150586114,0.7235188509874326,0.7218721872187218,0.725,0.6912691269126913,0.6762075134168157,0.6587155963302752,0.655693950177936,0.6063548102383054,0.5998201438848921,0.5807622504537205,0.5284697508896797
0.5108790252393386,0.4986376021798365,0.4732620320855615,0.48375116063138346,0.4297224709042077,0.4038800705467372,0.3943014705882353,0.3550239234449761,0.3355325164938737,0.3327449249779347,0.31514581373471307,0.29020664869721474,0.3017163504968383,0.31496062992125984,0.3323890462700661,0.33002705139765554,0.31178033658104515,0.33580018501387604,0.37014134275618377,0.3880184331797235,0.3938260056127222,0.4202266782911944,0.42821576763485475,0.5122180451127819,0.4958139534883721,0.5516925892040256,0.565523306948109,0.5935374149659864,0.6042972247090421,0.6531365313653137,0.666970802919708,0.6787330316742082,0.7278538812785388,0.7053979871912168,0.7290379523389232,0.7272727272727273,0.7488196411709159,0.7400346620450606,0.7416520210896309,0.7518656716417911,0.7426679280983917,0.7201426024955436,0.6710526315789473,0.6757469244288224,0.6851520572450805,0.6361031518624641,0.6151142355008787,0.5562231759656653,0.562795089707271,0.5205724508050089,0.5229936880072137,0.47909090909090907,0.4681034482758621,0.46001881467544686,0.42909423604757546,0.38883720930232557,0.3744454303460515,0.35818181818181816,0.3278985507246377,0.3486238532110092,0.3073351903435469,0.3237150586113616,0.295873573309921,0.31066176470588236,0.33033303330333036,0.32620817843866173,0.35733333333333334,0.3483992467043315,0.3831544178364988,0.3723887375113533,0.43419788664745435,0.44014732965009207,0.45642795513373596,0.4768962510897995,0.5339449541284403,0.5367329299913569,0.5381913959613697,0.6030330062444246,0.6265286923800565,0.6351471900089206,0.6563670411985019,0.6843971631205674,0.7031835205992509,0.694663167104112,0.7248945147679325,0.727355901189387,0.7385740402193784,0.7393617021276596,0.7540106951871658,0.7459016393442623,0.693051890941073,0.6906474820143885,0.7071362372567191,0.6792809839167455,0.6800356506238859,0.648014440433213,0.5847533632286995,0.5920353982300885,0.5626118067978533,0.5457685664939551
0.49601417183348095,0.5089285714285714,0.4576116681859617,0.4550408719346049,0.4108527131782946,0.37744641192917056,0.37522768670309653,0.3617216117216117,0.3333333333333333,0.30776092774308655,0.30985915492957744,0.27137546468401486,0.31503150315031503,0.3175438596491228,0.31390134529147984,0.29703915950334286,0.343778801843318,0.3525641025641026,0.3499546690843155,0.3854166666666667,0.38645038167938933,0.4214876033057851,0.44880382775119615,0.4583706356311549,0.5132591958939264,0.5581180811808119,0.5498188405797102,0.5585106382978723,0.6240740740740741,0.6172381835032438,0.6633928571428571,0.6871609403254972,0.6884816753926701,0.7055837563451777,0.7368913857677902,0.7301435406698564,0.760036496350365,0.7427797833935018,0.7578849721706865,0.7370405278039586,0.7172958735733099,0.6913123844731978,0.6923751095530236,0.6755083996463307,0.6652097902097902,0.6663822525597269,0.6284153005464481,0.5874125874125874,0.5503472222222222,0.5154185022026432,0.496309963099631,0.4926062846580407,0.47855750487329435,0.43944954128440367,0.41909814323607425,0.39402173913043476,0.35799086757990867,0.36220472440944884,0.32848043676069155,0.32155797101449274,0.32525951557093424,0.31356693620844567,0.27481617647058826,0.3290909090909091,0.299469964664311,0.30727762803234504,0.36732851985559567,0.35359116022099446,0.33486660533578655,0.3939670932358318,0.4052863436123348,0.4062780269058296,0.4760180995475113,0.4792746113989637,0.4865100087032202,0.5445544554455446,0.5570652173913043,0.5822676896845694,0.6262626262626263,0.6466960352422908,0.6471631205673759,0.6909952606635071,0.7039159503342884,0.726598702502317,0.7292051756007394,0.7161172161172161,0.7493261455525606,0.7226738934056007,0.7344028520499108,0.7383773928896992,0.7247863247863248,0.7142857142857143,0.6979695431472082,0.6544117647058824,0.657942238267148,0.621172353455818,0.589622641509434,0.5974264705882353,0.579372197309417,0.5163636363636364
0.5032618825722274,0.505032021957914,0.44655797101449274,0.44423791821561337,0.4097646033129904,0.3916591115140526,0.3509259259259259,0.3507326007326007,0.30363636363636365,0.3209990749306198,0.29871323529411764,0.3078947368421053,0.28657487091222034,0.28193430656934304,0.27320954907161804,0.31137184115523464,0.31505657093124456,0.3304042179261863,0.3491644678979771,0.3613678373382625,0.3823264201983769,0.40684068406840684,0.4319634703196347,0.4541284403669725,0.5030946065428824,0.5639894086496028,0.523306948109059,0.5848375451263538,0.5962897526501767,0.6141114982578397,0.6509519492293744,0.7011173184357542,0.6864330637915543,0.7417040358744394,0.7273550724637681,0.7287184284377923,0.7412765957446809,0.7349177330895795,0.7555358724534986,0.7316409791477788,0.7318141980718668,0.6982142857142857,0.6960698689956332,0.6701388888888888,0.6415425065731815,0.631578947368421,0.5911949685534591,0.5834068843777581,0.5420475319926874,0.5439856373429084,0.5119485294117647,0.45634563456345634,0.45693563009972804,0.3968393327480246,0.3963470319634703,0.37117117117117115,0.3712522045855379,0.31940575673166205,0.3411458333333333,0.30776255707762556,0.293790546802595,0.2862129144851658,0.2768361581920904,0.28762243989314334,0.288135593220339,0.3168402777777778,0.33183856502242154,0.32342657342657344,0.35353535353535354,0.3605504587155963,0.39545454545454545,0.448868778280543,0.4450600184672207,0.4807017543859649,0.48102383053839365,0.5457063711911357,0.5740905057675244,0.5959409594095941,0.6245421245421245,0.6681818181818182,0.6527777777777778,0.6768676867686768,0.7036705461056401,0.7104580812445981,0.7097933513027853,0.7390527256478999,0.7464664310954063,0.7493212669683258,0.7265692175408427,0.71875,0.7159926470588235,0.7006427915518825,0.693717277486911,0.6531365313653137,0.6455696202531646,0.610912343470483,0.5838509316770186,0.5835591689250226,0.5492831541218638,0.5155555555555555
0.543557168784029,0.4806678383128295,0.44136078782453,0.40700808625336926,0.37333333333333335,0.36948853615520283,0.34960767218831734,0.33244916003536695,0.34812880765883375,0.3005366726296959,0.31449407474931634,0.28768382352941174,0.2958477508650519,0.32919254658385094,0.29056603773584905,0.3087557603686636,0.2777777777777778,0.32608695652173914,0.3396396396396396,0.3589527027027027,0.37436332767402375,0.4345132743362832,0.41192411924119243,0.46946216955332726,0.4876712328767123,0.5062277580071174,0.5169039145907474,0.556949806949807,0.6239707227813358,0.6257889990982868,0.6581118240146654,0.64349376114082,0.6968036529680365,0.7096188747731398,0.7245841035120147,0.7268643306379156,0.7398739873987399,0.709562109025916,0.7593778591033852,0.7393199651264167,0.7346752058554438,0.7184284377923292,0.683223992502343,0.6833333333333333,0.6453900709219859,0.6216696269982238,0.618673647469459,0.5876010781671159,0.5798319327731093,0.5293594306049823,0.5046179680940386,0.4749780509218613,0.4270367054610564,0.38733031674208146,0.37533274179236914,0.39114391143911437,0.360392506690455,0.33881278538812787,0.30633802816901406,0.29438405797101447,0.27898550724637683,0.28547008547008546,0.2775700934579439,0.31574318381706246,0.2849604221635884,0.28689275893675525,0.3114754098360656,0.32142857142857145,0.39058171745152354,0.3672758920800696,0.39249771271729184,0.4088888888888889,0.43895870736086173,0.4483394833948339,0.5188246097337006,0.5213143872113677,0.5531732418524872,0.6078431372549019,0.6218009478672986,0.6327782646801051,0.6479638009049774,0.6593406593406593,0.6954545454545454,0.711864406779661,0.6997366110623354,0.7155635062611807,0.7353479853479854,0.7117117117117117,0.7287671232876712,0.7216589861751153,0.7222715173025732,0.6934497816593886,0.6886877828054299,0.6483899042645779,0.6141732283464567,0.6068840579710145,0.5922865013774105,0.5589254766031195,0.5453774385072095,0.49333333333333335
0.5117540687160941,0.44990723562152135,0.4584426946631671,0.4257602862254025,0.3708791208791209,0.38675022381378693,0.36900369003690037,0.31838170624450307,0.32393084622383983,0.3157894736842105,0.2921739130434783,0.2785265049415993,0.2897196261682243,0.26416739319965127,0.29829290206648695,0.28657487091222034,0.3076923076923077,0.29704797047970477,0.31539888682745826,0.3637184115523466,0.34889867841409694,0.4344262295081967,0.42432950191570884,0.4560487380330722,0.4748858447488584,0.5125223613595706,0.5387355298308103,0.5859929078014184,0.587917042380523,0.6085814360770578,0.6569717707442259,0.6690909090909091,0.6787989080982711,0.707227813357731,0.695844385499558,0.7295373665480427,0.714936247723133,0.7333333333333333,0.7286212914485166,0.7047704770477048,0.701627486437613,0.6988950276243094,0.6933575978161965,0.6991942703670546,0.6510369702434626,0.601640838650866,0.633920296570899,0.5867620751341681,0.544157002676182,0.5031963470319635,0.4841417910447761,0.4510150044130627,0.4245366284201236,0.4001865671641791,0.37454212454212454,0.3531047265987025,0.33449781659388644,0.3103154305200341,0.2997393570807993,0.29427792915531337,0.3050847457627119,0.3201407211961302,0.2921550946798918,0.2730560578661845,0.2949061662198391,0.28596338273757627,0.33362989323843417,0.3371278458844133,0.3409090909090909,0.36699729486023447,0.3982832618025751,0.42844036697247706,0.46826126954921804,0.4851301115241636,0.5267938237965486,0.5353982300884956,0.5657036346691519,0.5764388489208633,0.6180860403863038,0.6408640864086409,0.6399647887323944,0.6912442396313364,0.6816608996539792,0.7047531992687386,0.7226528854435831,0.7231800766283525,0.7184834123222749,0.7334558823529411,0.744,0.7389340560072267,0.6862917398945518,0.7030075187969925,0.6775907883082374,0.6497175141242938,0.6477695167286245,0.6058394160583942,0.5888013998250219,0.5389435989256938,0.5435185185185185,0.5062724014336918
0.5030198446937014,0.4816472694717995,0.44727592267135324,0.41796516956920254,0.37779767233661593,0.3717277486910995,0.35798816568047337,0.3374340949033392,0.31255645889792233,0.2851952770208901,0.2923617208077261,0.27336244541484717,0.2742382271468144,0.2824360105913504,0.27248441674087265,0.286231884057971,0.3126177024482109,0.29307282415630553,0.34794520547945207,0.34532374100719426,0.39603960396039606,0.41711229946524064,0.44562334217506633,0.4557291666666667,0.48236331569664903,0.5028089887640449,0.546594982078853,0.5442307692307692,0.593065693430657,0.647787610619469,0.6263837638376384,0.6949152542372882,0.6910714285714286,0.6891651865008881,0.7364864864864865,0.7390542907180385,0.7459562321598477,0.7175925925925926,0.7388059701492538,0.7337057728119181,0.7256880733944954,0.7134883720930233,0.6890459363957597,0.6617900172117039,0.6516007532956686,0.6469534050179212,0.628673196794301,0.5890168290522586,0.530316742081448,0.5253940455341506,0.4968722073279714,0.45640569395017794,0.4306177260519248,0.41924095322153576,0.38322813345356177,0.3484848484848485,0.32320441988950277,0.30741733690795353,0.3223744292237443,0.29873646209386284,0.28558718861209964,0.27939876215738285,0.2773333333333333,0.2836752899197145,0.28392685274302215,0.28421052631578947,0.30329289428076256,0.3209302325581395,0.33753375337533753,0.3897058823529412,0.35978358881875566,0.4211469534050179,0.4101876675603217,0.4455100261551874,0.4676131322094055,0.5332182916307161,0.575812274368231,0.5884509624197983,0.6066012488849242,0.641941391941392,0.699724517906336,0.6581920903954802,0.6988382484361036,0.7072490706319703,0.7186346863468634,0.7250437828371279,0.7251624883936861,0.7443541102077688,0.7227722772277227,0.7181818181818181,0.7131367292225201,0.7068345323741008,0.6871559633027523,0.6568364611260054,0.6305609284332688,0.6288751107174491,0.5835567470956211,0.5702629193109701,0.5265567765567766,0.5009074410163339
0.5049954586739328,0.4915555555555556,0.4592314901593252,0.44876325088339225,0.39019963702359345,0.3701657458563536,0.33935018050541516,0.323868677905945,0.3295561850802644,0.3145299145299145,0.25902527075812276,0.24529991047448524,0.2802148612354521,0.2860824742268041,0.2896790980052038,0.2871559633027523,0.30300429184549355,0.3205828779599271,0.3240072202166065,0.33699324324324326,0.36589698046181174,0.3839516824849008,0.47668886774500474,0.43613138686131386,0.4790307548928239,0.49955156950672647,0.5022026431718062,0.5528455284552846,0.552491103202847,0.6293706293706294,0.6536758193091231,0.6705989110707804,0.6672950047125353,0.7004444444444444,0.7192513368983957,0.7164716471647165,0.734052111410602,0.7321888412017168,0.7374005305039788,0.7316857899382171,0.6911231884057971,0.6988062442607897,0.6930875576036867,0.6931067044381491,0.6415607985480943,0.6369545032497679,0.5992647058823529,0.5646630236794171,0.5640107430617726,0.5188848920863309,0.48495270851246775,0.49391304347826087,0.41334569045412417,0.40770609318996415,0.39391143911439114,0.3657243816254417,0.3195319531953195,0.30206540447504304,0.30494505494505497,0.296229802513465,0.288135593220339,0.2881508078994614,0.2699551569506726,0.2905829596412556,0.28608470181503887,0.27848101265822783,0.3028720626631854,0.3281818181818182,0.33858267716535434,0.38676844783715014,0.39276257722859664,0.4086317722681359,0.43583118001722654,0.47708138447146864,0.5104450499545867,0.5131698455949137,0.5301418439716312,0.5899218071242398,0.5998080614203455,0.6630727762803235,0.656907593778591,0.6811175337186898,0.7099644128113879,0.7107800175284837,0.7302573203194321,0.7231481481481481,0.703971119133574,0.733567046450482,0.7393715341959335,0.716376944190302,0.7084775086505191,0.6991720331186753,0.6885098743267505,0.6687668766876688,0.6473779385171791,0.6047535211267606,0.5757575757575758,0.5686619718309859,0.5275800711743772,0.5235507246376812
0.5077767612076852,0.46551724137931033,0.44631765749778174,0.396709323583181,0.40636363636363637,0.38385650224215245,0.3551912568306011,0.31735985533453887,0.3127917833800187,0.2873665480427046,0.2857142857142857,0.27106227106227104,0.2907083716651334,0.2742857142857143,0.29597197898423816,0.31128747795414463,0.3039126478616925,0.2815884476534296,0.3057553956834532,0.33448275862068966,0.3587155963302752,0.3782483156881617,0.4249775381850854,0.4659400544959128,0.48977777777777776,0.5147190008920607,0.5479820627802691,0.5296229802513465,0.6013925152306353,0.6185185185185185,0.6314831665150137,0.6932126696832579,0.6850678733031674,0.7049910873440285,0.7175090252707581,0.7042910447761194,0.7173708920187793,0.7345794392523365,0.7268722466960352,0.7114093959731543,0.7003577817531306,0.7128347183748845,0.6806049822064056,0.6520179372197309,0.6269430051813472,0.6200378071833649,0.5741239892183289,0.5716798592788038,0.5362865221489161,0.5224014336917563,0.5032679738562091,0.43255395683453235,0.4189895470383275,0.42992424242424243,0.37533753375337536,0.3768796992481203,0.31881371640407785,0.3072014585232452,0.2891246684350133,0.2947761194029851,0.26933575978161967,0.27147766323024053,0.2600561272217025,0.28865979381443296,0.27900797165633306,0.2904977375565611,0.30954587581093607,0.3438320209973753,0.35661764705882354,0.3527239150507849,0.37190812720848054,0.41005291005291006,0.4437386569872958,0.45429864253393665,0.45288197621225984,0.5157232704402516,0.539355992844365,0.5600722673893406,0.6047957371225577,0.6486246672582077,0.6443594646271511,0.6733576642335767,0.697282099343955,0.7148148148148148,0.7163187855787476,0.7250453720508166,0.7280939476061428,0.7286212914485166,0.7299539170506912,0.7120938628158845,0.7156196943972836,0.7071167883211679,0.6875,0.6316297010607522,0.6427898209236569,0.603448275862069,0.5786324786324787,0.5796064400715564,0.5407407407407407,0.5196706312900274
0.4740608228980322,0.4826689774696707,0.43454545454545457,0.40518783542039355,0.39823788546255506,0.3808680248007086,0.3402450518378888,0.3104693140794224,0.33245614035087717,0.2963940193491645,0.29517502365184484,0.28305235137533274,0.29155313351498635,0.2849557522123894,0.2948717948717949,0.2812227074235808,0.30776173285198555,0.30018587360594795,0.32127476313522824,0.339572192513369,0.37589285714285714,0.4189686924493554,0.45118483412322274,0.4409991386735573,0.4790365744870651,0.5080213903743316,0.5493311036789298,0.5478821362799263,0.6269767441860465,0.632183908045977,0.6140819964349377,0.6875,0.6938596491228071,0.6899365367180417,0.7286343612334801,0.7319494584837545,0.7256038647342995,0.7497725204731575,0.7362020579981291,0.7235996326905417,0.7129963898916968,0.7115551694178974,0.6959276018099547,0.6728452270620945,0.6281453867660765,0.6160071942446043,0.584014532243415,0.5685740236148955,0.5824372759856631,0.5069084628670121,0.47368421052631576,0.44634806131650134,0.4357204486626402,0.4008888888888889,0.3994708994708995,0.3727106227106227,0.3555750658472344,0.3287671232876712,0.30638297872340425,0.27454545454545454,0.2582897033158813,0.2871111111111111,0.263840830449827,0.26273458445040215,0.273972602739726,0.2864864864864865,0.31113058720420683,0.3163841807909605,0.3380530973451327,0.37763519706691107,0.37865911237016053,0.42602495543672014,0.4576271186440678,0.4958371877890842,0.5144404332129964,0.531021897810219,0.5414808206958073,0.5554502369668246,0.6310160427807486,0.6323144104803493,0.6623255813953488,0.686411149825784,0.6914335664335665,0.692722371967655,0.745945945945946,0.7424511545293073,0.7365269461077845,0.730593607305936,0.7137648131267093,0.7200357781753131,0.6950226244343891,0.6751592356687898,0.6868592730661697,0.6712079927338783,0.6357012750455373,0.6118421052631579,0.5595544130248501,0.5711711711711712,0.5137533274179237,0.49784296807592754
0.5163230240549829,0.45495093666369313,0.45074106364428945,0.4200187090739008,0.3830798479087453,0.35908691834942935,0.36585365853658536,0.3268032056990205,0.2941738299904489,0.3049095607235142,0.2724609375,0.2972270363951473,0.3001841620626151,0.24421831637372804,0.267921146953405,0.30558096980786825,0.3068081343943413,0.30851063829787234,0.3353927625772286,0.34522821576763485,0.37543859649122807,0.40770609318996415,0.4372791519434629,0.4494485294117647,0.4796747967479675,0.535064935064935,0.5572868927589367,0.5401119402985075,0.6144256455921638,0.6195555555555555,0.6434463794683777,0.6568457538994801,0.6943150046598322,0.7030247479376719,0.7257194244604317,0.695977549111319,0.7179261862917399,0.723953695458593,0.7194570135746606,0.7302192564346998,0.7236842105263158,0.7106460418562329,0.6608775137111518,0.6584905660377358,0.6532258064516129,0.65625,0.6046915725456126,0.5775261324041812,0.5670194003527337,0.5128888888888888,0.5079928952042628,0.45802238805970147,0.4266666666666667,0.4077849860982391,0.39388489208633093,0.32350312779267204,0.31448763250883394,0.2912966252220249,0.29954337899543376,0.2940156114483955,0.2914027149321267,0.2912885662431942,0.2761467889908257,0.2548476454293629,0.29859154929577464,0.3139427516158818,0.27661510464058237,0.32518115942028986,0.32797140303842715,0.3984306887532694,0.38454627133872415,0.421455938697318,0.45170731707317074,0.4789762340036563,0.5,0.5387523629489603,0.5495004541326067,0.5672990063233966,0.5725524475524476,0.6700274977085243,0.6535211267605634,0.6786678667866787,0.6756505576208178,0.7112436115843271,0.7088495575221239,0.7413640389725421,0.7165575304022451,0.7204301075268817,0.7185185185185186,0.7233134073441503,0.7228260869565217,0.7007104795737122,0.6800364630811303,0.6792975970425139,0.6338893766461808,0.6021409455842998,0.5842293906810035,0.5596745027124774,0.5299539170506913,0.49912280701754386
0.5044883303411131,0.4597069597069597,0.4555256064690027,0.4467713787085515,0.3967391304347826,0.35168738898756663,0.3747697974217311,0.3357731015553522,0.3220338983050847,0.3169642857142857,0.2750225428313796,0.29251101321585904,0.30434782608695654,0.27900797165633306,0.2843866171003718,0.3076208178438662,0.2827461607949413,0.32532188841201715,0.3134469696969697,0.3786764705882353,0.38652482269503546,0.3865546218487395,0.449820788530466,0.46286701208981,0.4767225325884544,0.5339805825242718,0.5531732418524872,0.5716829919857525,0.5981981981981982,0.6155268022181146,0.6199813258636788,0.6580952380952381,0.6747967479674797,0.7327272727272728,0.7357980162308386,0.732484076433121,0.7317731773177317,0.7443541102077688,0.724233983286908,0.7509124087591241,0.7367949865711728,0.7093862815884476,0.6866197183098591,0.6923076923076923,0.6260623229461756,0.6386630532971996,0.5814781834372217,0.6036036036036037,0.5469858156028369,0.5215479331574319,0.46264626462646263,0.4660633484162896,0.4293628808864266,0.4122340425531915,0.3812154696132597,0.3672014260249554,0.3548387096774194,0.3577981651376147,0.3133680555555556,0.2864963503649635,0.3053097345132743,0.27015057573073514,0.23963963963963963,0.2932692307692308,0.27653880463871544,0.30297565374211,0.3096590909090909,0.30009496676163344,0.35064935064935066,0.3537234042553192,0.387434554973822,0.413953488372093,0.44957587181903863,0.48,0.5090283748925194,0.53184165232358,0.5504424778761062,0.5789946140035906,0.6265172735760971,0.6155187445510026,0.6382575757575758,0.6843575418994413,0.6979445933869526,0.7026548672566372,0.7285223367697594,0.7108753315649867,0.7493010251630942,0.7281385281385281,0.728440366972477,0.740506329113924,0.7185056472632494,0.6853020739404869,0.7010398613518197,0.654231119199272,0.650278293135436,0.6046720575022462,0.5960679177837355,0.5571557155715572,0.5146788990825688,0.49722735674676527
0.5050691244239631,0.47253705318221445,0.46147110332749564,0.4254766031195841,0.3887375113533152,0.3938356164383562,0.36774193548387096,0.315884476534296,0.3198874296435272,0.32302092811646954,0.2910839160839161,0.2968036529680365,0.2760511882998172,0.27782805429864255,0.2875457875457875,0.27973977695167285,0.2976190476190476,0.3304423243712056,0.3254799301919721,0.3590633130962706,0.36395147313691506,0.38222222222222224,0.4229287090558767,0.46438482886216464,0.497789566755084,0.5327715355805244,0.5271389144434223,0.5584745762711865,0.5905511811023622,0.6325966850828729,0.6637089618456078,0.665129151291513,0.6816976127320955,0.7149122807017544,0.7259911894273128,0.7353463587921847,0.7525773195876289,0.7470210815765352,0.7394807520143241,0.7333333333333333,0.7274368231046932,0.7118023787740164,0.6872759856630825,0.6714542190305206,0.6453488372093024,0.626933575978162,0.6140350877192983,0.5893854748603352,0.5731370745170193,0.5216572504708098,0.502206531332745,0.46221441124780316,0.456540825285338,0.38427167113494193,0.3863432165318958,0.36818980667838314,0.3546712802768166,0.3231871083258729,0.2967032967032967,0.301572617946346,0.3006416131989001,0.26512455516014233,0.28664799253034545,0.27520435967302453,0.27644444444444444,0.29385964912280704,0.31291234684260133,0.3409893992932862,0.3524229074889868,0.3621621621621622,0.3880184331797235,0.4121376811594203,0.4221198156682028,0.46005509641873277,0.4900181488203267,0.531858407079646,0.5597539543057997,0.5927240461401952,0.6247689463955638,0.6502092050209205,0.6380866425992779,0.6886120996441281,0.6925182481751825,0.6852966466036113,0.707187222715173,0.7150735294117647,0.7401433691756273,0.7040723981900453,0.7446808510638298,0.7286343612334801,0.7235915492957746,0.6933797909407665,0.687170474516696,0.6827956989247311,0.6236162361623616,0.6365348399246704,0.634963768115942,0.5849403122130394,0.5390134529147982,0.5263157894736842
0.4888093106535363,0.5013876040703052,0.432,0.42170818505338076,0.3965827338129496,0.38267148014440433,0.3813868613138686,0.34747292418772563,0.3139427516158818,0.2869158878504673,0.304270462633452,0.295169946332737,0.2927461139896373,0.2850877192982456,0.3123236124176858,0.28634751773049644,0.2867579908675799,0.3428819444444444,0.3540753724802805,0.3445761166818596,0.3846830985915493,0.3982142857142857,0.4267631103074141,0.4588785046728972,0.4565619223659889,0.5037105751391465,0.5428051001821493,0.5648720211827007,0.6053333333333333,0.6512237762237763,0.6466234967622572,0.665158371040724,0.6784788245462403,0.7127272727272728,0.7146596858638743,0.7344978165938865,0.7490808823529411,0.7363138686131386,0.7372262773722628,0.740608228980322,0.7082585278276481,0.7165354330708661,0.6756756756756757,0.7004524886877828,0.6572649572649573,0.6309412861136999,0.5874439461883408,0.5768500948766604,0.5845881310894597,0.5532490974729242,0.5077343039126478,0.4794007490636704,0.450402144772118,0.43733333333333335,0.3863013698630137,0.3460514640638864,0.34825425246195163,0.3357142857142857,0.32122905027932963,0.3201407211961302,0.2735191637630662,0.2619485294117647,0.28372497824194953,0.2756183745583039,0.28258967629046366,0.2851851851851852,0.30915371329879104,0.32340052585451357,0.342512908777969,0.3910665451230629,0.4066726780883679,0.42180518319928506,0.44558139534883723,0.47702205882352944,0.5009107468123861,0.5211141060197664,0.5770642201834862,0.5747028862478778,0.6175156389633601,0.6301247771836007,0.670556552962298,0.6675347222222222,0.6865401987353207,0.7188328912466844,0.7153419593345656,0.7360275150472915,0.7144089732528042,0.7348214285714286,0.7244805781391147,0.7252252252252253,0.7052896725440806,0.7072515666965085,0.6902815622161671,0.6903225806451613,0.6509349955476402,0.6049046321525886,0.585232452142206,0.5696428571428571,0.5311942959001783,0.48987108655616945
0.5076784101174345,0.5109090909090909,0.4670380687093779,0.42987249544626593,0.4014466546112116,0.3801580333625988,0.3948576675849403,0.3721144967682364,0.3151680290644868,0.2879858657243816,0.30590339892665475,0.31196983977379833,0.28886925795053003,0.2807971014492754,0.2783318223028105,0.3026196928635953,0.3061594202898551,0.32865907099035935,0.3751205400192864,0.37742504409171074,0.3859180035650624,0.4119749776586238,0.42480883602378927,0.4591078066914498,0.5064814814814815,0.5202257761053621,0.5484162895927602,0.5795954265611257,0.5855148342059336,0.6463081130355515,0.664612676056338,0.6838768115942029,0.6905829596412556,0.7131294964028777,0.7395644283121597,0.7332185886402753,0.7371737173717372,0.7345517841601392,0.7200374531835206,0.7182971014492754,0.7194055944055944,0.7313566936208445,0.70508166969147,0.6979627989371124,0.6651376146788991,0.6149068322981367,0.6125356125356125,0.5849387040280211,0.5623869801084991,0.5324675324675324,0.515929203539823,0.465547703180212,0.44073748902546095,0.41757246376811596,0.3677007299270073,0.39234875444839856,0.3709964412811388,0.3504424778761062,0.31916902738432484,0.30881017257039056,0.31541850220264317,0.2868632707774799,0.2837465564738292,0.2987234042553191,0.318552036199095,0.3074074074074074,0.3064516129032258,0.35411020776874436,0.35498220640569395,0.40616500453309157,0.3986988847583643,0.4094420600858369,0.4697406340057637,0.46748681898066785,0.4946524064171123,0.5271593944790739,0.5805309734513274,0.6213592233009708,0.6014171833480957,0.631768953068592,0.6627592425608656,0.6918918918918919,0.6747967479674797,0.7299065420560747,0.7299338999055713,0.6952714535901926,0.7504537205081669,0.7444976076555024,0.7483870967741936,0.7056117755289788,0.7256792287467134,0.7232537577365163,0.6975252062328139,0.647373107747106,0.6361256544502618,0.6132246376811594,0.5775547445255474,0.5706371191135734,0.5408252853380158,0.5107142857142857
0.5298438934802571,0.4880847308031774,0.4530386740331492,0.42293577981651376,0.41391304347826086,0.4,0.3804347826086957,0.3438077634011091,0.3255395683453237,0.34172661870503596,0.2961608775137112,0.3103448275862069,0.29541284403669726,0.3011722272317403,0.3063063063063063,0.3241505968778696,0.3324200913242009,0.3515151515151515,0.3743218806509946,0.3985637342908438,0.3974706413730804,0.4251824817518248,0.43404634581105167,0.474025974025974,0.49089253187613846,0.5457777777777778,0.5466549295774648,0.5716783216783217,0.607825295723385,0.6324786324786325,0.6675461741424802,0.6660377358490566,0.7065706570657065,0.6908256880733945,0.7255772646536413,0.725177304964539,0.7357466063348417,0.7540106951871658,0.7258347978910369,0.7102222222222222,0.7285843101893598,0.7164750957854407,0.705719557195572,0.6622574955908289,0.6567796610169492,0.6219401631912964,0.6102003642987249,0.5890909090909091,0.5654082528533801,0.539366515837104,0.5134168157423972,0.48614834673815904,0.44718909710391824,0.425569176882662,0.40710382513661203,0.34124087591240876,0.3408239700374532,0.3318345323741007,0.32728842832469773,0.3278985507246377,0.3016014234875445,0.27884615384615385,0.3348708487084871,0.325,0.30971128608923887,0.31938125568698816,0.30697278911564624,0.3468104222821204,0.3410301953818828,0.3889908256880734,0.4084761045987376,0.45227475468331846,0.45863309352517984,0.4949308755760369,0.5068243858052776,0.5371747211895911,0.5718132854578097,0.6083976006855184,0.6100456621004566,0.6572237960339944,0.6585365853658537,0.6534040671971706,0.6983842010771992,0.7086092715231788,0.7281639928698752,0.7275985663082437,0.7280701754385965,0.720108695652174,0.7290552584670231,0.7286343612334801,0.7406392694063927,0.7001779359430605,0.684257602862254,0.669683257918552,0.6621004566210046,0.6418181818181818,0.6194690265486725,0.5824652777777778,0.538664323374341,0.4918918918918919
0.5159574468085106,0.4923903312444047,0.48055315471045806,0.4382544103992572,0.42991452991452994,0.3885291396854764,0.3795620437956204,0.36233183856502243,0.35127978817299205,0.3390441839495041,0.3121597096188748,0.2929759704251386,0.31872852233676974,0.3140350877192982,0.31833910034602075,0.3173431734317343,0.3404255319148936,0.324468085106383,0.3547794117647059,0.3881932021466905,0.38726790450928383,0.41280148423005564,0.4497816593886463,0.4826007326007326,0.4907161803713528,0.539568345323741,0.5333333333333333,0.5797773654916512,0.6122823098075161,0.6285211267605634,0.6690203000882613,0.7014925373134329,0.7229669347631814,0.7154545454545455,0.7202859696157283,0.7274453941120608,0.7301731996353692,0.75,0.7478591817316841,0.7344582593250444,0.7286384976525822,0.7274401473296501,0.6997411561691113,0.6618705035971223,0.6594076655052264,0.6405405405405405,0.6078083407275954,0.6212259835315646,0.5774767146486028,0.5408921933085502,0.5231660231660231,0.5061147695202258,0.44782608695652176,0.4611353711790393,0.3759124087591241,0.3846823324630113,0.36727272727272725,0.3492647058823529,0.3474654377880184,0.3242009132420091,0.3324584426946632,0.3256433007985803,0.3089937666963491,0.33156028368794327,0.30213903743315507,0.32568402471315094,0.32345013477088946,0.3542600896860987,0.39383259911894275,0.4135135135135135,0.4010791366906475,0.4469223907225691,0.46883005977796754,0.47627416520210897,0.5099567099567099,0.550044286979628,0.5606198723792161,0.5945454545454546,0.6008928571428571,0.6389633601429848,0.6896551724137931,0.6723672367236724,0.7061442564559216,0.740578439964943,0.7379912663755459,0.729827742520399,0.742831541218638,0.7464788732394366,0.7356948228882834,0.749770009199632,0.7628865979381443,0.7070619006102877,0.6600719424460432,0.6837455830388692,0.6484581497797357,0.6346863468634686,0.6081818181818182,0.5745454545454546,0.5530371713508613,0.5411558669001751
0.526075022872827,0.525089605734767,0.4930555555555556,0.4548802946593002,0.41092211280214863,0.4099264705882353,0.40106951871657753,0.3630514705882353,0.3479404031551271,0.33245614035087717,0.3507528786536758,0.3103146853146853,0.3079677708146822,0.3391384051329056,0.34844444444444445,0.32640144665461124,0.3407202216066482,0.36860670194003525,0.3587719298245614,0.40146654445462876,0.4388888888888889,0.4557077625570776,0.4570383912248629,0.4701159678858162,0.5143853530950305,0.5343179843614249,0.5759162303664922,0.6048237476808905,0.6436077057793345,0.6605672461116194,0.6793286219081273,0.6615120274914089,0.7220708446866485,0.7212230215827338,0.7268760907504364,0.7323420074349443,0.7335092348284961,0.7728971962616823,0.7364273204903677,0.7195340501792115,0.7605893186003683,0.7253258845437617,0.7229129662522202,0.6820557491289199,0.6741071428571429,0.6289424860853432,0.6385542168674698,0.5940959409594095,0.5661764705882353,0.5581395348837209,0.5181818181818182,0.49517966695880805,0.4659090909090909,0.4667274384685506,0.41618015012510423,0.40956521739130436,0.36078782452999103,0.37783832879200724,0.3455056179775281,0.3384615384615385,0.31782265144863914,0.32269503546099293,0.34025270758122744,0.3239962651727358,0.32798573975044565,0.3764478764478765,0.3548094373865699,0.3579697239536955,0.37545787545787546,0.3892921960072595,0.4115004492362983,0.4657777777777778,0.49538745387453875,0.5,0.5397987191216834,0.5723214285714285,0.5709219858156028,0.6107678729037952,0.6520572450805009,0.6660746003552398,0.6833797585886723,0.6793431287813311,0.7255260750228728,0.7196904557179707,0.7397020157756354,0.712442396313364,0.7340989399293286,0.7430313588850174,0.7322907083716651,0.7231833910034602,0.7276825969341749,0.7023809523809523,0.7150489759572574,0.6767317939609236,0.6555863342566943,0.6300527240773286,0.6026615969581749,0.5860869565217391,0.5497757847533632,0.555452865064695
0.56875,0.5087719298245614,0.4972875226039783,0.47032374100719426,0.43275388838060386,0.4258589511754069,0.43482224247948953,0.38434163701067614,0.3575978161965423,0.38018867924528305,0.3431034482758621,0.34575389948006935,0.32700993676603435,0.3220035778175313,0.33854645814167433,0.3354203935599284,0.3708370837083708,0.3688969258589512,0.3978102189781022,0.37835420393559926,0.44263775971093045,0.46886446886446886,0.504950495049505,0.47594501718213056,0.5259678942398489,0.5302642796248934,0.5700090334236676,0.6066907775768535,0.6333938294010889,0.6657407407407407,0.656648451730419,0.6829710144927537,0.7350813743218807,0.7187222715173026,0.746415770609319,0.753968253968254,0.7696526508226691,0.7374658158614403,0.7497781721384206,0.7468239564428312,0.7410394265232975,0.7305555555555555,0.7012025901942646,0.7210526315789474,0.6756993006993007,0.6633574007220217,0.6560449859418932,0.6099044309296264,0.581374321880651,0.5448776065276518,0.5356835769561479,0.49402023919043236,0.4789103690685413,0.43000914913083255,0.42075996292863765,0.4355140186915888,0.4031657355679702,0.3664539653600729,0.387298747763864,0.3383658969804618,0.35185185185185186,0.35171790235081374,0.3111919927206551,0.36339754816112085,0.3551912568306011,0.3348254252461952,0.3673469387755102,0.3534172661870504,0.39928057553956836,0.4169435215946844,0.43171806167400884,0.45430579964850615,0.45741878841088673,0.48839285714285713,0.5221238938053098,0.5354951796669588,0.5899025686448184,0.6106194690265486,0.6129317980513729,0.6612170753860127,0.6773897058823529,0.6951965065502184,0.6849557522123894,0.7403065825067628,0.7431279620853081,0.7266968325791855,0.7510766580534023,0.7435661764705882,0.7423971377459749,0.7405405405405405,0.7318777292576419,0.7271111111111112,0.7001779359430605,0.7026785714285714,0.6762849413886384,0.6500904159132007,0.6405228758169934,0.6104868913857678,0.5502304147465438,0.5591689250225835
0.5403899721448467,0.5339622641509434,0.5119363395225465,0.4856396866840731,0.45870736086175945,0.43507109004739336,0.4217687074829932,0.4209138840070299,0.35780669144981414,0.3546160483175151,0.36960431654676257,0.35845896147403683,0.35714285714285715,0.3610366398570152,0.33716814159292036,0.3674008810572687,0.369036903690369,0.4045936395759717,0.39643463497453313,0.46975425330812853,0.4197860962566845,0.4653024911032028,0.46883468834688347,0.4856895056374675,0.5376246600181324,0.5818181818181818,0.5807033363390441,0.6140186915887851,0.6327241079199304,0.6703806870937791,0.6526032315978456,0.6948853615520282,0.7420262664165104,0.7228070175438597,0.7378551787351054,0.7231985940246046,0.7583479789103691,0.7526785714285714,0.7710736468500443,0.7707362534948742,0.7292965271593945,0.7378995433789954,0.7026793431287813,0.7158992180712423,0.6608455882352942,0.6749311294765841,0.6408695652173914,0.6156615661566157,0.5513413506012951,0.5861111111111111,0.5402298850574713,0.475,0.488,0.46371681415929206,0.4289520426287744,0.3927272727272727,0.39559471365638765,0.3846846846846847,0.388086642599278,0.34215328467153283,0.34802158273381295,0.3640552995391705,0.3434977578475336,0.36477987421383645,0.36613475177304966,0.34763181411974975,0.38371040723981903,0.3946146703806871,0.4259927797833935,0.41227312013828865,0.4613309352517986,0.48674911660777387,0.5,0.5111706881143878,0.5379858657243817,0.564935064935065,0.6014362657091562,0.6089965397923875,0.6518518518518519,0.6606660666066607,0.7153218495013599,0.6970770593445527,0.7321739130434782,0.7244805781391147,0.7559471365638767,0.7557319223985891,0.768624014022787,0.7571174377224199,0.7350746268656716,0.7429352780309936,0.7342908438061041,0.7274490785645005,0.7220216606498195,0.7051162790697675,0.7111307420494699,0.6379769299023957,0.6467391304347826,0.5994397759103641,0.5699115044247788,0.5390763765541741
0.5527462946817786,0.5516941789748045,0.49514563106796117,0.48617305976806424,0.46880570409982175,0.4524444444444444,0.4149908592321755,0.4153846153846154,0.381993006993007,0.3721770551038844,0.3663101604278075,0.3714036617262424,0.3721770551038844,0.37419945105215,0.33933393339333934,0.3617021276595745,0.36531365313653136,0.41412213740458015,0.3887900355871886,0.42413162705667273,0.4365942028985507,0.4741454864154251,0.4755877034358047,0.5022872827081427,0.5573913043478261,0.5609981515711645,0.5943992773261066,0.6097560975609756,0.6304744525547445,0.6544968833481746,0.6498625114573785,0.7042001787310098,0.7193436960276338,0.7390510948905109,0.7533753375337534,0.75260663507109,0.7566820276497696,0.7723292469352014,0.7646001796945193,0.766016713091922,0.7714033539276258,0.7429352780309936,0.7248441674087266,0.6957671957671958,0.6912028725314183,0.6728232189973615,0.658012533572068,0.6212653778558875,0.5867393278837421,0.5736224028906955,0.5215398716773603,0.5089707271010387,0.4910873440285205,0.4537286612758311,0.42790697674418604,0.42670401493930904,0.3980861244019139,0.37589285714285714,0.38783269961977185,0.3645833333333333,0.37815884476534295,0.37544483985765126,0.3561387066541706,0.32599118942731276,0.35495495495495494,0.36623376623376624,0.3941871026339691,0.4194395796847636,0.42304230423042305,0.45646196150320806,0.46741963509991313,0.4875536480686695,0.4946714031971581,0.521190261496844,0.5609302325581396,0.5711743772241993,0.6082568807339449,0.6130514705882353,0.6254545454545455,0.6849183477425552,0.6695727986050567,0.7044424297370807,0.7356426618049225,0.7405498281786942,0.7354048964218456,0.7273542600896861,0.7731958762886598,0.7674208144796381,0.7388939256572983,0.7445510026155188,0.7146690518783542,0.7366482504604052,0.7173112338858195,0.6922348484848485,0.6869488536155203,0.6415261756876663,0.6239782016348774,0.6086564472497745,0.5848880597014925,0.5469710272168569
0.571563981042654,0.5503355704697986,0.5440917107583775,0.5110326566637247,0.48272884283246975,0.44269870609981515,0.453781512605042,0.4352836879432624,0.411070780399274,0.40913081650570676,0.3996299722479186,0.35431654676258995,0.38235294117647056,0.36339044183949504,0.3809082483781279,0.4209090909090909,0.4129662522202487,0.38400702987697716,0.43470639789658194,0.42857142857142855,0.4771897810218978,0.5125223613595706,0.4977293369663942,0.54337899543379,0.5526083112290009,0.5572450805008945,0.5840220385674931,0.6086956521739131,0.6695205479452054,0.6553228621291448,0.6648697214734951,0.713527851458886,0.7132743362831858,0.7497708524289642,0.7259911894273128,0.7595048629531388,0.7589285714285714,0.7716165413533834,0.7626811594202898,0.7676190476190476,0.7390527256478999,0.7233480176211454,0.7246111619396157,0.7134986225895317,0.6779816513761467,0.6723826714801444,0.640582347588717,0.62152133580705,0.611764705882353,0.6026365348399246,0.558180227471566,0.531634446397188,0.5306495882891126,0.4991304347826087,0.4679715302491103,0.4406934306569343,0.421195652173913,0.4295175023651845,0.37635379061371843,0.38322813345356177,0.37575757575757573,0.3784786641929499,0.3545966228893058,0.37300843486410495,0.36832895888014,0.40535714285714286,0.4265855777584709,0.4068541300527241,0.43710972346119537,0.4297224709042077,0.4818744473916888,0.4862068965517241,0.5318021201413428,0.5283194057567316,0.5799432355723746,0.5870153291253382,0.5924657534246576,0.6231751824817519,0.6513840830449827,0.6530797101449275,0.6945898778359512,0.6993402450518379,0.7436594202898551,0.7297297297297297,0.7448706512042819,0.7561904761904762,0.7585895117540687,0.7609710550887021,0.781042654028436,0.7468239564428312,0.7311151079136691,0.7554545454545455,0.6899016979445934,0.7262672811059908,0.6910211267605634,0.6416739319965127,0.62152133580705,0.6222418358340689,0.5866666666666667,0.5654496883348175
0.5805277525022748,0.5663881151346333,0.5608465608465608,0.5285467128027682,0.4834782608695652,0.46132848043676067,0.4648648648648649,0.45276292335115864,0.42819148936170215,0.4129032258064516,0.40703971119133575,0.3927911275415896,0.39876215738284704,0.40365296803652967,0.38150807899461403,0.39015817223198596,0.42293577981651376,0.44295900178253117,0.4578096947935368,0.4452621895124195,0.5009090909090909,0.48056537102473496,0.5041246562786434,0.5493827160493827,0.5706422018348624,0.5540661304736372,0.6197916666666666,0.6384180790960452,0.6625441696113075,0.6738382099827883,0.703971119133574,0.7124887690925427,0.7529626253418414,0.748890860692103,0.7201754385964912,0.7708146821844225,0.7741046831955923,0.7892888498683055,0.7762803234501348,0.740673339399454,0.7581069237510956,0.744954128440367,0.7376014427412083,0.7078341013824885,0.6877224199288257,0.6642268984446478,0.6551724137931034,0.6333030027297544,0.6273291925465838,0.6074270557029178,0.5625587958607714,0.527502254283138,0.5161290322580645,0.48638132295719844,0.488328664799253,0.46087704213241615,0.43710972346119537,0.4398148148148148,0.4158878504672897,0.37545126353790614,0.38661710037174724,0.3820536540240518,0.3779385171790235,0.38669064748201437,0.39681133746678476,0.4059216809933142,0.42063492063492064,0.41551724137931034,0.4543726235741445,0.4452423698384201,0.47584973166368516,0.5340073529411765,0.5346358792184724,0.5601769911504425,0.5770258236865539,0.5745257452574526,0.6271649954421149,0.6422101449275363,0.6509259259259259,0.7016052880075543,0.6854838709677419,0.7413640389725421,0.7386980108499096,0.7271914132379249,0.768609865470852,0.7554545454545455,0.7606382978723404,0.7470427661510464,0.76544315129812,0.7477954144620811,0.7785234899328859,0.7544014084507042,0.7522603978300181,0.719634703196347,0.6905172413793104,0.6710992907801419,0.6467391304347826,0.6281818181818182,0.6279508970727101,0.5810451727192205
0.6027633851468048,0.549165120593692,0.5619757688723206,0.5264598540145985,0.5281195079086116,0.49240986717267554,0.4791288566243194,0.4409937888198758,0.4142988084326306,0.4127957931638913,0.4350479511769834,0.3952153110047847,0.37333333333333335,0.42240587695133147,0.40318302387267907,0.40141467727674623,0.42290351668169524,0.43071491615180935,0.4376657824933687,0.46736292428198434,0.5195632393084623,0.4964349376114082,0.5210762331838565,0.5390984360625575,0.5584176632934683,0.5939447907390917,0.6406388642413487,0.6479400749063671,0.6761729530818767,0.6679069767441861,0.7218721872187218,0.734052111410602,0.715547703180212,0.7554776511831727,0.7683363148479427,0.7528991971454059,0.7459165154264973,0.7653880463871543,0.7702582368655387,0.7654545454545455,0.7490774907749077,0.745945945945946,0.7333333333333333,0.7148047229791099,0.7152073732718894,0.6929902395740906,0.6631205673758865,0.6286215978928885,0.6261425959780622,0.5652573529411765,0.5916030534351145,0.5546296296296296,0.5501379944802208,0.5037243947858473,0.5056472632493484,0.44907407407407407,0.46200873362445416,0.422680412371134,0.40614035087719297,0.4141958670260557,0.4128686327077748,0.4018264840182648,0.39652173913043476,0.39480752014324083,0.3982222222222222,0.3991150442477876,0.43699731903485256,0.4571686203787196,0.4566420664206642,0.516386182462356,0.5096065873741995,0.498134328358209,0.5443396226415095,0.5755138516532619,0.5845070422535211,0.6153161175422974,0.6182692307692308,0.6545936395759717,0.6655082536924414,0.6939146230699365,0.7103918228279387,0.6961063627730294,0.7360861759425493,0.7923008057296329,0.7624890446976337,0.7666068222621185,0.7716324710080286,0.7821330902461258,0.744165170556553,0.7631578947368421,0.7488584474885844,0.7467248908296943,0.7382012466607302,0.6993006993006993,0.7162661737523105,0.7099447513812155,0.6589002795899348,0.6597744360902256,0.6005314437555359,0.5960502692998204
0.6042402826855123,0.5840787119856887,0.5633928571428571,0.5592783505154639,0.5265116279069767,0.4821264894592117,0.4813126709206928,0.4669527896995708,0.44146559428060766,0.4512411347517731,0.4376163873370577,0.42350907519446845,0.4334226988382484,0.4271310724106325,0.43263061411549036,0.4117647058823529,0.44342226310947563,0.464,0.47007805724197743,0.4865568083261058,0.4890371782650143,0.5061728395061729,0.5204525674499565,0.5634191176470589,0.5767097966728281,0.623963133640553,0.6244424620874219,0.655417406749556,0.6758436944937833,0.7021475256769374,0.6981132075471698,0.7284287011807448,0.7347504621072088,0.7421328671328671,0.7764705882352941,0.768102658111824,0.8007213706041478,0.7922661870503597,0.7875457875457875,0.7776769509981851,0.7851985559566786,0.7728937728937729,0.7438468550592525,0.7130281690140845,0.6982990152193375,0.6956521739130435,0.6941923774954628,0.6645041705282669,0.6267672007540056,0.6159355416293644,0.6049953746530989,0.5560382276281495,0.5586080586080586,0.5218579234972678,0.5135845749342682,0.5004460303300624,0.4777580071174377,0.4720216606498195,0.4691011235955056,0.44256455921638466,0.4452296819787986,0.43363636363636365,0.4022140221402214,0.43721356553620533,0.4337568058076225,0.4122340425531915,0.4506398537477148,0.4773550724637681,0.4804964539007092,0.49252336448598133,0.5318181818181819,0.5104895104895105,0.5333333333333333,0.5696539485359361,0.610366398570152,0.5939982347749339,0.6338893766461808,0.6639712488769093,0.6736938588450962,0.7132551848512173,0.7119771863117871,0.7497765862377123,0.7502304147465437,0.7700729927007299,0.7762681159420289,0.7746835443037975,0.782608695652174,0.7784926470588235,0.7817213842058562,0.7704315886134068,0.7717584369449378,0.7642418930762489,0.729072907290729,0.7254207263064659,0.7080689029918404,0.6899563318777293,0.6595932802829354,0.6481320590790617,0.605724838411819,0.6065259117082533
0.6098901098901099,0.5925266903914591,0.5491803278688525,0.5236427320490368,0.5292598967297762,0.5157068062827225,0.5155807365439093,0.4963436928702011,0.48983200707338637,0.47883597883597884,0.46173688736027513,0.4337686567164179,0.44659300184162065,0.42896935933147634,0.44799270072992703,0.46405228758169936,0.4565619223659889,0.46616541353383456,0.48962264150943396,0.46487985212569316,0.516017316017316,0.5206093189964157,0.5471869328493648,0.5669291338582677,0.6048604860486049,0.6272469252601703,0.6325966850828729,0.6519148936170213,0.6986666666666667,0.7079482439926063,0.7064056939501779,0.7452914798206278,0.7434977578475336,0.7679033649698016,0.7793040293040293,0.7862129144851658,0.8089053803339518,0.788695652173913,0.7936936936936937,0.7606284658040665,0.7632763276327633,0.7522935779816514,0.749770009199632,0.7242314647377939,0.7055160142348754,0.7415630550621669,0.7087557603686636,0.6606498194945848,0.650355871886121,0.6088129496402878,0.5938864628820961,0.5606731620903455,0.577570093457944,0.5601374570446735,0.5082266910420475,0.4897045658012534,0.4920774647887324,0.44954128440366975,0.4780578898225957,0.449438202247191,0.46147032772364927,0.43284936479128855,0.46897810218978103,0.4574934268185802,0.43289224952741023,0.46174863387978143,0.4738706820194863,0.47767857142857145,0.4725274725274725,0.48581884720951507,0.5270506108202443,0.5287769784172662,0.5560661764705882,0.6039325842696629,0.6163522012578616,0.6275197195442594,0.6524112829845314,0.6852017937219731,0.68760907504363,0.7042766151046406,0.7274401473296501,0.7817351598173516,0.7628032345013477,0.7806788511749347,0.7773851590106007,0.7967770814682185,0.7828054298642534,0.7730627306273062,0.7823741007194245,0.7934397163120568,0.7634124890061565,0.7389418907198613,0.7431355181576617,0.7263901147396293,0.7225225225225225,0.6867256637168142,0.6863084922010398,0.6633928571428571,0.6561163387510693,0.6299065420560748
0.6557971014492754,0.5982456140350877,0.5566286215978928,0.5477707006369427,0.5548561151079137,0.5320108205590622,0.5058505850585059,0.5032258064516129,0.49724264705882354,0.5068493150684932,0.46395563770794823,0.4807520143240824,0.47592067988668557,0.4791666666666667,0.46965699208443273,0.48748841519925856,0.4857928505957837,0.4739168877099912,0.5200698080279232,0.523936170212766,0.5296262534184139,0.5170603674540682,0.5646630236794171,0.5722070844686649,0.6195555555555555,0.626970227670753,0.6586666666666666,0.6756993006993007,0.7018800358102059,0.7162408759124088,0.7020295202952029,0.7601476014760148,0.755083179297597,0.7792096219931272,0.778175313059034,0.7900656044985942,0.8070796460176991,0.7703180212014135,0.8079350766456267,0.7712962962962963,0.7731316725978647,0.7754158964879853,0.7715877437325905,0.7428057553956835,0.7398444252376837,0.6999085086916743,0.700952380952381,0.6785714285714286,0.6405405405405405,0.638,0.6387867647058824,0.5658492279745686,0.5677725118483412,0.565416285452882,0.5359712230215827,0.5299374441465594,0.5097173144876325,0.49867608120035306,0.4776536312849162,0.44858156028368795,0.46090909090909093,0.4414245548266167,0.4717994628469114,0.48138056312443234,0.47330316742081446,0.49137931034482757,0.4779342723004695,0.5026595744680851,0.49910071942446044,0.5430060816681147,0.551410373066424,0.5521201413427562,0.608355091383812,0.6021897810218978,0.6141304347826086,0.6382001836547291,0.6781818181818182,0.6503067484662577,0.7236723672367237,0.733451015004413,0.7324723247232472,0.7525114155251141,0.7803617571059431,0.7873345935727788,0.773602199816682,0.7873303167420814,0.8185801928133216,0.7881508078994613,0.8117117117117117,0.7992700729927007,0.7723880597014925,0.7816901408450704,0.7586206896551724,0.7405405405405405,0.7312614259597806,0.7093457943925233,0.6963302752293578,0.6875,0.6567992599444958,0.6186213070725156
0.6384335154826958,0.60801393728223,0.6082289803220036,0.5903829029385574,0.5703771849126035,0.5502645502645502,0.5432999088422972,0.4963235294117647,0.46672504378283713,0.5013054830287206,0.5026737967914439,0.49381625441696114,0.4822064056939502,0.48663594470046084,0.4785046728971963,0.4763205828779599,0.5132905591200734,0.5276018099547511,0.5165622202327663,0.5399274047186933,0.5798394290811775,0.6015625,0.5890909090909091,0.6130742049469965,0.6330027051397655,0.6465028355387523,0.6646603611349957,0.6779505946935042,0.713903743315508,0.7286559594251902,0.7094717668488161,0.7714285714285715,0.7757009345794392,0.786784140969163,0.8018181818181818,0.7793624161073825,0.8181818181818182,0.801056338028169,0.7854545454545454,0.8006932409012132,0.788550323176362,0.775375939849624,0.7655236329935126,0.7770460959548448,0.7703213610586012,0.7251141552511415,0.6967213114754098,0.6914235190097259,0.6603088101725704,0.6427255985267035,0.6084172003659652,0.608574091332712,0.6062222222222222,0.5614194722474978,0.5585253456221199,0.5443262411347518,0.52994555353902,0.5225464190981433,0.4907488986784141,0.509090909090909,0.47989276139410186,0.48198970840480276,0.4772727272727273,0.49068901303538176,0.49364791288566245,0.5,0.5151777970511708,0.5009041591320073,0.5395220588235294,0.5508771929824562,0.5469314079422383,0.5619469026548672,0.5788514129443938,0.6076388888888888,0.6403197158081705,0.6452205882352942,0.6669626998223801,0.6635859519408502,0.7302158273381295,0.7286821705426356,0.7368421052631579,0.7440212577502214,0.7743362831858407,0.8225806451612904,0.7893772893772893,0.7923875432525952,0.7927272727272727,0.8114075436982521,0.8151260504201681,0.7858439201451906,0.7866666666666666,0.7662671232876712,0.7534372135655362,0.75,0.733451015004413,0.7128801431127012,0.6990825688073394,0.6768953068592057,0.6516245487364621,0.6422689844464776
0.6532976827094474,0.6212804328223624,0.5819366852886406,0.5980392156862745,0.6126126126126126,0.5588752196836555,0.5549692172383466,0.5591200733272227,0.5320108205590622,0.5123106060606061,0.4841802492809204,0.48476702508960573,0.4977618621307073,0.5035211267605634,0.5048203330411919,0.4935897435897436,0.5067506750675067,0.5351985559566786,0.5161588180978762,0.5668402777777778,0.5903083700440529,0.6116071428571429,0.632183908045977,0.6240140227870289,0.6382189239332097,0.6561085972850679,0.665158371040724,0.6857410881801126,0.7264957264957265,0.7311072056239016,0.7624209575429087,0.7835616438356164,0.7526785714285714,0.7954954954954955,0.7937671860678277,0.7946837763519706,0.7751152073732719,0.8198362147406734,0.8056506849315068,0.8038360941586749,0.8045045045045045,0.7861952861952862,0.7844364937388193,0.7721410146173688,0.7669902912621359,0.7308031774051191,0.720216606498195,0.7097378277153558,0.6838235294117647,0.6738159070598749,0.6463527239150508,0.6473136915077989,0.5935779816513761,0.5935779816513761,0.5632478632478632,0.5575868372943327,0.5460346399270738,0.515358361774744,0.516725352112676,0.49523809523809526,0.4846743295019157,0.5,0.49183303085299457,0.534466477809254,0.5115452930728241,0.5238938053097345,0.5195381882770871,0.5355902777777778,0.5776173285198556,0.5699115044247788,0.5883441258094357,0.6018916595012898,0.6156615661566157,0.6224028906955736,0.6453382084095064,0.6620752984389348,0.6932735426008969,0.7156357388316151,0.7323688969258589,0.7346221441124781,0.7495495495495496,0.7610062893081762,0.7706896551724138,0.7786116322701688,0.8080631025416302,0.7789275634995296,0.7950367647058824,0.8145454545454546,0.8106666666666666,0.8056569343065694,0.776541095890411,0.7581888246628131,0.7822878228782287,0.7575757575757576,0.7320441988950276,0.747589833479404,0.7195671776375113,0.6965127238454288,0.6855855855855856,0.6564748201438849
0.663453111305872,0.6619452313503305,0.6366024518388792,0.6214285714285714,0.5682624113475178,0.5677361853832442,0.5736793327154773,0.5339130434782609,0.539224526600541,0.5478577939835916,0.5121951219512195,0.511520737327189,0.4961439588688946,0.5447004608294931,0.5366695427092321,0.5253104106972302,0.5519779208831647,0.5330882352941176,0.5414069456812111,0.5553571428571429,0.5836330935251799,0.6007428040854225,0.6153161175422974,0.6102470265324794,0.6440988106129918,0.6702412868632708,0.6944444444444444,0.6954921803127875,0.7655417406749556,0.7637314734088928,0.788159111933395,0.7706766917293233,0.794010889292196,0.7926720285969616,0.7820844099913867,0.8166214995483289,0.819614711033275,0.8191214470284238,0.8256227758007118,0.8256549232158988,0.810692375109553,0.7853403141361257,0.8072289156626506,0.7702582368655387,0.7700729927007299,0.736936936936937,0.7308411214953271,0.723613595706619,0.7239488117001828,0.6840182648401827,0.659238625812442,0.6361279170267934,0.609073359073359,0.5928308823529411,0.6014109347442681,0.5610200364298725,0.5612431444241316,0.5684113865932048,0.5413602941176471,0.5275229357798165,0.5324444444444445,0.5227483751160631,0.5243578387953941,0.5152571926765476,0.5106186518928901,0.5178571428571429,0.5466063348416289,0.5289855072463768,0.5350089766606823,0.5969062784349408,0.5686274509803921,0.6160145586897179,0.6461675579322638,0.6390374331550802,0.6679209783631233,0.6638497652582159,0.7062999112688554,0.725398313027179,0.7278481012658228,0.75,0.75,0.7727682596934174,0.7983271375464684,0.8057090239410681,0.8172348484848485,0.7935076645626691,0.8071955719557196,0.8229706390328152,0.8038147138964578,0.8021015761821366,0.804922515952598,0.8014571948998178,0.7785778577857786,0.7671957671957672,0.7742230347349177,0.7217235188509874,0.7231740306582507,0.7030965391621129,0.6919682259488085,0.683579335793358
0.7073386383731212,0.6875551632833187,0.6580357142857143,0.6218861209964412,0.6271338724168913,0.5780553077609277,0.6013925152306353,0.5796972395369546,0.5548387096774193,0.5837145471180238,0.5538194444444444,0.5426008968609866,0.549625468164794,0.5295169946332737,0.5662100456621004,0.5404444444444444,0.5647716682199441,0.5408525754884547,0.5775862068965517,0.581151832460733,0.6032757051865332,0.6246696035242291,0.6192203082502267,0.6476868327402135,0.6738159070598749,0.6898349261511729,0.7132551848512173,0.7066079295154185,0.7546641791044776,0.7578646329837941,0.7789661319073083,0.7842287694974004,0.806131650135257,0.7947136563876652,0.8158878504672897,0.8044444444444444,0.8222811671087533,0.8142222222222222,0.8305235137533274,0.7996575342465754,0.8092334494773519,0.792354474370113,0.809082483781279,0.7457627118644068,0.7582515611061552,0.7744641192917054,0.7183600713012478,0.7223214285714286,0.678990081154193,0.6952296819787986,0.6516651665166516,0.6648745519713262,0.632393084622384,0.621996303142329,0.6221408966148216,0.6037574722459437,0.5763016157989228,0.5711711711711712,0.5476402493321461,0.5748878923766816,0.5390199637023594,0.546028880866426,0.5309898242368177,0.5340599455040872,0.5457809694793537,0.5806763285024155,0.5668449197860963,0.5453712190650779,0.5895390070921985,0.598939929328622,0.5908239700374532,0.6375,0.6332720588235294,0.6508504923903312,0.692167577413479,0.692942254812099,0.7168299198575245,0.7549549549549549,0.7365163572060124,0.8080279232111692,0.7827248441674087,0.7716105550500455,0.7992895204262878,0.8058877644894205,0.8010657193605684,0.8095238095238095,0.8146473779385172,0.808340727595386,0.7978533094812165,0.8106194690265487,0.8008810572687225,0.8018181818181818,0.7976723366159355,0.7585568917668826,0.7741652021089631,0.7459227467811159,0.7475642161204605,0.7080799304952216,0.7082936129647283,0.6748410535876476
0.704213241616509,0.6493848857644992,0.6709323583180987,0.6594076655052264,0.6477584629460201,0.6313405797101449,0.6007428040854225,0.5897674418604651,0.5507502206531333,0.5873153779322329,0.5726744186046512,0.5678040244969379,0.5616438356164384,0.5763293310463122,0.578125,0.5573192239858906,0.575812274368231,0.5932932072227,0.6075829383886255,0.6186440677966102,0.6430469441984057,0.649171270718232,0.6916299559471366,0.7057761732851986,0.6901017576318224,0.6836363636363636,0.7296058661778185,0.7353982300884956,0.7502222222222222,0.7609630266552021,0.7855274629468177,0.7868112014453478,0.8094812164579607,0.8088768115942029,0.8260497000856898,0.8243494423791822,0.8249097472924187,0.8248175182481752,0.8206572769953052,0.8257042253521126,0.813573883161512,0.8202643171806168,0.8030575539568345,0.7559681697612732,0.7892491467576792,0.7666362807657247,0.7616534740545294,0.7493333333333333,0.7288135593220338,0.705161854768154,0.6610320284697508,0.645704162976085,0.6578483245149912,0.6206008583690987,0.6279926335174953,0.6282287822878229,0.6102175969725638,0.6015358361774744,0.5989672977624785,0.5346715328467153,0.5864022662889519,0.554569653948536,0.5893635571054926,0.567591763652641,0.5590909090909091,0.5923566878980892,0.5639931740614335,0.6119791666666666,0.6083112290008842,0.6202185792349727,0.6315307057745188,0.6733576642335767,0.6672727272727272,0.6606005459508644,0.6843971631205674,0.7160714285714286,0.7038789025543992,0.7407407407407407,0.7345050878815911,0.7825295723384895,0.798237885462555,0.786308973172988,0.808231173380035,0.8366425992779783,0.8269896193771626,0.8177816901408451,0.8331830477908025,0.8265486725663717,0.826007326007326,0.8449820788530465,0.8058510638297872,0.8165467625899281,0.8037135278514589,0.771689497716895,0.7720254314259763,0.7607913669064749,0.7443130118289354,0.7230125523012553,0.7329079307201458,0.6884191176470589
0.7071678321678322,0.6952117863720073,0.6669626998223801,0.6623970722781336,0.6402609506057781,0.6255585344057194,0.6112576956904133,0.588702559576346,0.6161178509532063,0.5922865013774105,0.5694572217111316,0.5927601809954751,0.5881278538812785,0.5839100346020761,0.5840297121634169,0.5754884547069272,0.6086124401913876,0.617595818815331,0.6269058295964126,0.6311188811188811,0.64376130198915,0.6442953020134228,0.6543778801843319,0.7102376599634369,0.7263157894736842,0.6976102941176471,0.727024567788899,0.7599645704162976,0.7544642857142857,0.772438803263826,0.7838795394154119,0.7890556045895851,0.8238007380073801,0.7944839857651246,0.8267148014440433,0.8139745916515426,0.8278615794143744,0.8316920322291853,0.8261269549218031,0.8164165931156222,0.8429084380610413,0.8359020852221215,0.8214936247723132,0.7911338448422848,0.7782888684452622,0.7813653136531366,0.7741046831955923,0.7462154942119323,0.7276707530647986,0.7233848953594176,0.6867891513560805,0.6913123844731978,0.6608544027898866,0.6442831215970962,0.6474756421612046,0.6120527306967984,0.6005267778753293,0.6112531969309463,0.591756624141315,0.5980479148181012,0.591710758377425,0.6023550724637681,0.5853440571939231,0.5880250223413762,0.5834068843777581,0.5976277372262774,0.6081982840800763,0.6270417422867514,0.6317722681359045,0.6327985739750446,0.6588566073102156,0.6760691537761602,0.6696750902527075,0.6907838070628768,0.7137777777777777,0.735494880546075,0.7504424778761062,0.7482517482517482,0.7726075504828798,0.7574660633484163,0.7851528384279476,0.816196542311192,0.8219800181653043,0.8413098236775819,0.8460176991150442,0.8637218045112782,0.8520220588235294,0.8355263157894737,0.8333333333333334,0.8172727272727273,0.8229166666666666,0.8136645962732919,0.8087336244541484,0.7868561278863233,0.7959372114496768,0.8059440559440559,0.7524401064773736,0.7317939609236235,0.7208258527827648,0.6806883365200764
0.735653809971778,0.7093942054433714,0.699468085106383,0.6759002770083102,0.6709796672828097,0.6632124352331606,0.6672710788757933,0.6289134438305709,0.6305084745762712,0.6244384546271339,0.6415441176470589,0.6003861003861004,0.5819112627986348,0.5923961096374889,0.6445275958840038,0.6164510166358595,0.6053897978825794,0.6293900184842883,0.6465677179962894,0.6384683882457702,0.6567299006323396,0.6819757365684576,0.674933569530558,0.6980961015412511,0.7046678635547576,0.7455357142857143,0.761353517364203,0.7616946160635482,0.7901578458681523,0.7604630454140695,0.7938053097345132,0.7912801484230055,0.8225659690627843,0.8298676748582231,0.824,0.8505338078291815,0.8385689354275742,0.8400735294117647,0.8465655664585192,0.8374125874125874,0.8275862068965517,0.8456014362657092,0.834870848708487,0.8101153504880213,0.7859103385178408,0.7744833782569631,0.7679324894514767,0.7669305189094108,0.7559129612109745,0.7268643306379156,0.7175502742230347,0.7171985815602837,0.6508071367884452,0.6779816513761467,0.6776859504132231,0.6638965835641736,0.635122838944495,0.640107430617726,0.6271808999081726,0.6179159049360147,0.6360424028268551,0.6230269266480966,0.613345521023766,0.6042972247090421,0.621962196219622,0.6219739292364991,0.6267409470752089,0.6345984112974404,0.6434782608695652,0.6431159420289855,0.6691109074243813,0.6731793960923623,0.7216981132075472,0.7292965271593945,0.7343608340888486,0.7214953271028037,0.7455357142857143,0.7608303249097473,0.7983576642335767,0.7914163090128755,0.8155963302752294,0.8196114708603145,0.8071161048689138,0.838339222614841,0.8344007319304666,0.815929203539823,0.8380782918149466,0.8406055209260909,0.8438077634011091,0.8352730528200537,0.8262008733624454,0.8256029684601113,0.8043282236248873,0.7861579414374446,0.7733333333333333,0.8058510638297872,0.7932862190812721,0.7665474060822898,0.744661921708185,0.7160826594788859
0.7348551360842844,0.7203237410071942,0.693069306930693,0.6887661141804788,0.7128116938950989,0.6697588126159555,0.6672777268560953,0.6595149253731343,0.6430446194225722,0.6476449275362319,0.64,0.6385542168674698,0.6182152713891444,0.6043668122270742,0.6391752577319587,0.6338797814207651,0.6586666666666666,0.6619981325863679,0.6589861751152074,0.6822344322344323,0.6654804270462633,0.6943105110896818,0.701058201058201,0.7071167883211679,0.7288288288288288,0.7696476964769647,0.7849162011173184,0.7876895628902766,0.7795059469350412,0.7956521739130434,0.8068391866913124,0.8259717314487632,0.8206106870229007,0.8472222222222222,0.833634719710669,0.8390501319261213,0.8396663577386468,0.8538932633420823,0.8401826484018264,0.8328716528162512,0.8420074349442379,0.8296041308089501,0.8269927536231884,0.8221447253705318,0.8018348623853211,0.8021877848678214,0.7809611829944547,0.7857811038353602,0.7669104204753199,0.7477064220183486,0.7304189435336976,0.7287234042553191,0.7055655296229802,0.6991304347826087,0.6878453038674033,0.6800348735832606,0.6555455365193869,0.6798892988929889,0.6442652329749103,0.6401414677276747,0.6014492753623188,0.6078610603290676,0.6326352530541012,0.6304347826086957,0.6327433628318584,0.6325088339222615,0.6636113657195234,0.6640141467727675,0.6747104247104247,0.6624365482233503,0.6722763507528786,0.6865261228230981,0.7251141552511415,0.7174887892376681,0.7434325744308231,0.7518315018315018,0.773851590106007,0.7764378478664193,0.7856477166821995,0.8151183970856102,0.8070484581497798,0.8400735294117647,0.8238341968911918,0.8502202643171806,0.8507734303912647,0.8331814038286235,0.8502283105022831,0.8412698412698413,0.8365724381625441,0.8138489208633094,0.8317265556529361,0.8288444830582102,0.8458110516934046,0.8032629558541267,0.814143245693563,0.7899910634495085,0.7802893309222423,0.7725631768953068,0.7626168224299066,0.743978590544157
0.7624113475177305,0.738243123336291,0.7274401473296501,0.702493551160791,0.7339285714285714,0.6798245614035088,0.6915467625899281,0.671146953405018,0.6788321167883211,0.6675799086757991,0.6574733096085409,0.6565022421524663,0.6525652565256526,0.6513274336283186,0.6645220588235294,0.6638513513513513,0.6520241171403962,0.6706753006475485,0.6685133887349953,0.6904332129963899,0.716572504708098,0.6978798586572438,0.7338638373121131,0.7122171945701358,0.766329346826127,0.768270944741533,0.7567067530064755,0.7870289219982471,0.7785527462946817,0.8003487358326068,0.8143767060964513,0.8302222222222222,0.8383838383838383,0.834681042228212,0.8358608385370205,0.8331805682859762,0.8426763110307414,0.8588744588744589,0.8743315508021391,0.8651785714285715,0.8617810760667903,0.8478260869565217,0.8351254480286738,0.844582593250444,0.8023952095808383,0.7903657448706513,0.8190045248868778,0.7685352622061483,0.7654545454545455,0.7805944055944056,0.7527573529411765,0.7384196185286104,0.7211367673179396,0.7103631532329495,0.7136322049405307,0.6730593607305936,0.6684491978609626,0.6648648648648648,0.6561922365988909,0.6385104450499546,0.6430542778288868,0.6352497643732328,0.6503122212310437,0.6433756805807622,0.6465116279069767,0.6645962732919255,0.6449339207048458,0.6678445229681979,0.6916890080428955,0.6958483754512635,0.7037037037037037,0.7314234556848702,0.7326549491211841,0.7264731750219877,0.7497674418604651,0.7707404103479036,0.7743403093721565,0.7927601809954751,0.7969858156028369,0.834072759538598,0.8285714285714286,0.8146473779385172,0.854954954954955,0.8510445049954587,0.8480902777777778,0.8628884826325411,0.8402107111501317,0.8471223021582733,0.8661710037174721,0.8371246587807097,0.8698884758364313,0.8474280732345248,0.8148148148148148,0.8465608465608465,0.8288372093023256,0.8186046511627907,0.7806788511749347,0.7833182230281052,0.7497733454215775,0.7541899441340782
0.7637655417406749,0.7630111524163569,0.7602230483271375,0.7621671258034894,0.7186700767263428,0.6923766816143497,0.6927038626609442,0.6675799086757991,0.6851363236587511,0.694775435380385,0.6806049822064056,0.7025547445255474,0.6722614840989399,0.6791630340017437,0.6824817518248175,0.6820557491289199,0.6764184397163121,0.7129963898916968,0.7099165894346617,0.6971698113207547,0.7203311867525299,0.7277397260273972,0.7420464316423044,0.7788632326820604,0.775,0.7694394213381555,0.7857142857142857,0.819718309859155,0.8036573628488932,0.821335646140503,0.8166666666666667,0.834681042228212,0.8667917448405253,0.8462897526501767,0.8462962962962963,0.8645558487247141,0.8707052441229657,0.8684452621895125,0.8407534246575342,0.8539626001780944,0.850091407678245,0.8473967684021544,0.8428308823529411,0.8336267605633803,0.8248847926267281,0.828853046594982,0.8138056312443234,0.7882249560632689,0.7894736842105263,0.7727272727272727,0.7803780378037803,0.7527272727272727,0.7449781659388647,0.7163920208152645,0.7110266159695817,0.7048458149779736,0.710091743119266,0.6777566539923955,0.695079086115993,0.6763636363636364,0.6962899050905953,0.6663747810858144,0.691696113074205,0.6733031674208145,0.6708074534161491,0.6785714285714286,0.6949910554561717,0.6899151743638078,0.6994727592267135,0.677158273381295,0.7054610564010743,0.7389770723104057,0.75,0.7563261480787254,0.7678244972577697,0.7851782363977486,0.7846846846846847,0.8128916741271263,0.8206770356816102,0.8133102852203976,0.8185151237396884,0.8353488372093023,0.8465116279069768,0.846503178928247,0.8683966635773864,0.8597122302158273,0.8742249778565102,0.8500866551126517,0.872072072072072,0.8485113835376532,0.8475177304964538,0.8460093896713615,0.8265582655826558,0.8378378378378378,0.8351158645276292,0.8060661764705882,0.8229571984435797,0.8084326306141155,0.7506874427131073,0.7785714285714286
0.7782974742750234,0.7565905096660809,0.7397260273972602,0.7243880326382592,0.7445699391833188,0.7273526824978013,0.7230910763569457,0.699814126394052,0.7315315315315315,0.6976744186046512,0.6993810786914235,0.6983842010771992,0.6816952209197475,0.7080851063829787,0.6918063314711359,0.7001811594202898,0.7075555555555556,0.7156862745098039,0.7159926470588235,0.7207122774133083,0.7460611677479148,0.7315068493150685,0.7666385846672283,0.760035682426405,0.7578268876611418,0.7939835916134913,0.8139963167587477,0.8027777777777778,0.8268518518518518,0.8334801762114538,0.8403508771929824,0.8457300275482094,0.8534172661870504,0.8446069469835467,0.8734177215189873,0.8614834673815907,0.8763345195729537,0.8678111587982833,0.8844404003639672,0.8734402852049911,0.8707607699358387,0.8286235186873291,0.8461538461538461,0.8411386593204775,0.8158379373848987,0.843614248479583,0.8304466727438469,0.8135904499540864,0.7884444444444444,0.7658227848101266,0.78809738503156,0.764813126709207,0.7474466109563602,0.7405405405405405,0.73125,0.7392070484581498,0.7035681610247027,0.7038019451812555,0.7073170731707317,0.7208448117539027,0.6836461126005362,0.6996466431095406,0.6929133858267716,0.6901157613535174,0.6941287878787878,0.6860254083484574,0.6981132075471698,0.7251101321585903,0.7330232558139534,0.7437943262411347,0.7341092211280215,0.7643884892086331,0.7771689497716895,0.7635555555555555,0.7775816416593115,0.7961165048543689,0.8043676069153776,0.8060768543342269,0.8154981549815498,0.8365896980461812,0.8681522748375116,0.864963503649635,0.8563685636856369,0.8474729241877257,0.8708520179372198,0.8682745825602969,0.8666100254885302,0.8664292074799644,0.8666061705989111,0.893796992481203,0.8625756266205704,0.8792486583184258,0.8628731343283582,0.8534405719392315,0.8447814451382694,0.8174672489082969,0.8013245033112583,0.7955596669750231,0.7979094076655052,0.7825688073394496
0.7950897072710104,0.800718132854578,0.7706032285471538,0.7873665480427047,0.758833922261484,0.766728624535316,0.7489063867016623,0.7495636998254799,0.7310155535224153,0.7358003442340791,0.6935341009743136,0.7125353440150801,0.6900532859680284,0.723953695458593,0.7019400352733686,0.7149576669802445,0.7242009132420091,0.7180417044424298,0.7385008517887564,0.7355371900826446,0.7654205607476635,0.7387466902030009,0.7487179487179487,0.7894265232974911,0.8101487314085739,0.7826904985888994,0.8104803493449781,0.8260869565217391,0.8319634703196347,0.8444040036396724,0.8659420289855072,0.8348623853211009,0.8602739726027397,0.8695652173913043,0.8458781362007168,0.8673285198555957,0.8715432649420161,0.8934646374216652,0.8923487544483986,0.8740225890529973,0.8528336380255942,0.8606635071090047,0.8784878487848785,0.8755718206770357,0.8552278820375335,0.8173345759552656,0.8288043478260869,0.8094390026714159,0.8101045296167247,0.8043893129770993,0.7982905982905983,0.7897435897435897,0.7676120768526989,0.7493261455525606,0.7552130553037172,0.7434507678410117,0.730188679245283,0.7197452229299363,0.7214953271028037,0.7265486725663717,0.7215756490599821,0.7479601087941976,0.7479147358665431,0.7230347349177331,0.719815668202765,0.7188065099457505,0.7223744292237443,0.7524663677130045,0.7345050878815911,0.7631344612644702,0.7783882783882784,0.7413024085637824,0.7915567282321899,0.7853922452660054,0.8053571428571429,0.8021486123545211,0.8406072106261859,0.8151111111111111,0.8352626892252895,0.8422509225092251,0.8559708295350957,0.8435804701627486,0.8485401459854015,0.8945487042001787,0.8690582959641255,0.8833634719710669,0.873029772329247,0.8766999093381687,0.8813405797101449,0.8734290843806104,0.8566176470588235,0.8566308243727598,0.8621307072515667,0.8593466424682396,0.8526989935956084,0.8326029798422436,0.8420560747663551,0.8221830985915493,0.8136200716845878,0.8025949953660797
0.8051724137931034,0.8100263852242744,0.7929433611884865,0.7532110091743119,0.7768115942028986,0.75,0.7570671378091873,0.7366515837104073,0.7477558348294434,0.7465815861440291,0.7513761467889908,0.7495590828924162,0.7239488117001828,0.7524575513851653,0.7450805008944544,0.7391304347826086,0.7417631344612645,0.7379629629629629,0.7461883408071749,0.7479964381121995,0.7673357664233577,0.7938237965485921,0.7968613775065388,0.8059836808703535,0.8225377107364685,0.8178438661710037,0.8086253369272237,0.8392694063926941,0.8505747126436781,0.8536804308797128,0.8666666666666667,0.8920552677029361,0.838975297346752,0.8922800718132855,0.8870255957634599,0.8695652173913043,0.8648648648648649,0.8947826086956522,0.8845798707294552,0.8772727272727273,0.8887892376681614,0.8730734360834089,0.8633928571428572,0.8482697426796806,0.8694469628286491,0.8567615658362989,0.86331569664903,0.8423005565862709,0.8480349344978166,0.8319709355131698,0.8243006993006993,0.781651376146789,0.7949609035621199,0.7810760667903525,0.7728119180633147,0.7477638640429338,0.7427055702917772,0.7744292237442922,0.7527075812274369,0.74,0.7473684210526316,0.7453250222617988,0.7477064220183486,0.7336170212765958,0.7513227513227513,0.7244805781391147,0.7519858781994704,0.7448337825696316,0.7680505415162455,0.7425742574257426,0.775089605734767,0.7723880597014925,0.7728119180633147,0.7925233644859813,0.8026200873362446,0.8523131672597865,0.8115183246073299,0.8184991273996509,0.847864768683274,0.8370577281191807,0.8709677419354839,0.8551401869158879,0.8751123090745733,0.87221269296741,0.8785211267605634,0.8779385171790235,0.8850574712643678,0.8914505283381364,0.88,0.8721461187214612,0.8655767484105359,0.8664825046040515,0.8664323374340949,0.877208480565371,0.8729281767955801,0.8368087035358114,0.8269402319357716,0.8314711359404097,0.8139329805996472,0.7931654676258992
0.8384476534296029,0.8137432188065099,0.8073394495412844,0.7974217311233885,0.8103294746215495,0.7870201096892139,0.7490909090909091,0.7751111111111111,0.7756010685663401,0.7419064748201439,0.7524841915085817,0.7600716204118174,0.7696428571428572,0.7458369851007888,0.7621225983531564,0.7624209575429087,0.765976597659766,0.7746350364963503,0.7650429799426934,0.7699736611062336,0.7789084181313598,0.7846012832263978,0.8198121263877028,0.8156474820143885,0.8224215246636771,0.8319928507596068,0.842497670083877,0.8345195729537367,0.8504672897196262,0.8501362397820164,0.8394736842105263,0.8683745583038869,0.893581081081081,0.8763066202090593,0.8625114573785518,0.8931226765799256,0.8959276018099548,0.8973880597014925,0.8894977168949771,0.8626421697287839,0.8847583643122676,0.8807339449541285,0.8731884057971014,0.8788426763110307,0.8717488789237668,0.8717228464419475,0.8725212464589235,0.8263254113345521,0.8252611585944919,0.8224956063268892,0.8246097337006428,0.7979890310786106,0.8015267175572519,0.7991228070175439,0.7862318840579711,0.7991150442477876,0.7817351598173516,0.752828546562228,0.773921200750469,0.7411032028469751,0.7401433691756273,0.7696428571428572,0.7479892761394102,0.7554744525547445,0.7549549549549549,0.7616179001721171,0.7527573529411765,0.7755656108597285,0.7892824704813806,0.7881040892193308,0.779891304347826,0.7653333333333333,0.8130671506352087,0.795768169273229,0.8366013071895425,0.8224907063197026,0.8361836183618362,0.8280141843971631,0.8507067137809188,0.868515205724508,0.8881932021466905,0.8687329079307201,0.8649122807017544,0.8868940754039497,0.8814949863263446,0.8815207780725022,0.902591599642538,0.8852755194218609,0.9011786038077969,0.882988298829883,0.8952205882352942,0.8789974070872947,0.8891891891891892,0.8867924528301887,0.8520761245674741,0.8547085201793722,0.8494718309859155,0.8399280575539568,0.8407582938388626,0.8206039076376554
0.8188214599824098,0.8268206039076377,0.8336448598130841,0.8128205128205128,0.8048780487804879,0.8136200716845878,0.7769585253456222,0.7862190812720848,0.7980513728963685,0.7788632326820604,0.770999115826702,0.7811355311355311,0.7991111111111111,0.7616777883698761,0.789568345323741,0.7880733944954128,0.7901459854014599,0.7819687212511499,0.7635327635327636,0.7964125560538117,0.7938718662952646,0.8210431654676259,0.8455056179775281,0.842152466367713,0.8331797235023042,0.8473351400180669,0.8672086720867209,0.8614958448753463,0.8369462770970783,0.8632326820603907,0.8767605633802817,0.8816682832201745,0.8896797153024911,0.9024171888988362,0.8911070780399274,0.9122171945701357,0.8900999091734787,0.8915135608048994,0.8846153846153846,0.8957597173144877,0.8905560458958517,0.902803738317757,0.8842676311030742,0.8838028169014085,0.8884723523898782,0.8814616755793226,0.8737419945105215,0.8603603603603603,0.8527493010251631,0.8442776735459663,0.83348095659876,0.8041144901610018,0.8206770356816102,0.8032928942807626,0.8157407407407408,0.7984154929577465,0.7935076645626691,0.7965065502183406,0.7968164794007491,0.7773722627737226,0.7670720299345183,0.7630878438331854,0.768609865470852,0.7568555758683729,0.7555178268251274,0.7797513321492007,0.7914055505819159,0.8188405797101449,0.7974335472043996,0.7906360424028268,0.8113382899628253,0.8152364273204904,0.8258928571428571,0.8291845493562232,0.8484573502722323,0.861811391223156,0.839142091152815,0.8562211981566821,0.8506666666666667,0.8678571428571429,0.880847308031774,0.870452528837622,0.8842592592592593,0.8808888888888889,0.8916666666666667,0.8974130240856378,0.9002744739249772,0.9080675422138836,0.9078014184397163,0.9137777777777778,0.8915989159891599,0.8881700554528651,0.8968325791855204,0.881371640407785,0.8726457399103139,0.8689839572192514,0.8771148708815673,0.8581818181818182,0.8330479452054794,0.8490230905861457
0.8452797202797203,0.8460846084608461,0.8443649373881932,0.8314703353396389,0.8175248419150858,0.7883461868037703,0.8191780821917808,0.7979420018709074,0.8009259259259259,0.8121693121693122,0.7859680284191829,0.7948490230905861,0.8065447545717036,0.7998212689901698,0.7862595419847328,0.7987364620938628,0.7856525496974935,0.8078725398313027,0.7968056787932565,0.8255093002657219,0.8052631578947368,0.8132969034608379,0.8383658969804618,0.8443649373881932,0.8731751824817519,0.8448873483535528,0.853852967227635,0.8710280373831776,0.875,0.865128660159716,0.8639639639639639,0.8947368421052632,0.9123616236162362,0.9030837004405287,0.9057835820895522,0.9192546583850931,0.9154411764705882,0.9077069457659372,0.9029038112522686,0.9090909090909091,0.9084315503173164,0.901593252108716,0.9114238410596026,0.8791405550581916,0.8720508166969148,0.8670886075949367,0.8722627737226277,0.8684907325684025,0.8650865998176845,0.8548387096774194,0.8422436459246275,0.8352730528200537,0.85,0.8256029684601113,0.823751178133836,0.8226555246053854,0.8181818181818182,0.7944954128440367,0.8170212765957446,0.8077617328519856,0.7714543812104788,0.8066847335140018,0.805956678700361,0.8103448275862069,0.7893772893772893,0.8016230838593328,0.7894273127753304,0.8043660789252729,0.8089171974522293,0.7975746268656716,0.8363954505686789,0.8198037466547725,0.8334849863512284,0.8350045578851413,0.8555858310626703,0.850358422939068,0.8496042216358839,0.8593054318788959,0.8828337874659401,0.8760984182776801,0.8801498127340824,0.896774193548387,0.9005681818181818,0.8963029756537421,0.9202453987730062,0.9085923217550275,0.9009314140558848,0.8903993203058623,0.8938447814451382,0.8980716253443526,0.8966148215919487,0.8901098901098901,0.8966789667896679,0.891459074733096,0.8774954627949183,0.8793706293706294,0.8679417122040073,0.8682795698924731,0.8549686660698299,0.8480074142724745
0.870304114490161,0.8599118942731278,0.8389679715302492,0.8321100917431192,0.8622305529522024,0.8344007319304666,0.8092643051771117,0.8235294117647058,0.812555260831123,0.8130755064456722,0.8064228367528992,0.8181818181818182,0.8261261261261261,0.8103146853146853,0.8136986301369863,0.8090185676392573,0.8183503243744208,0.8271719038817006,0.8007085916740478,0.815742397137746,0.8177083333333334,0.8343399482312338,0.8541089566020313,0.8519924098671727,0.8605472197705207,0.8695278969957082,0.8754545454545455,0.8867427568042142,0.8720821661998133,0.8839779005524862,0.8928255093002657,0.8955357142857143,0.9101123595505618,0.8971533516988063,0.8933566433566433,0.9002647837599294,0.8987566607460036,0.9016245487364621,0.9190853122251539,0.903485254691689,0.8931583880037488,0.9066079295154185,0.9033457249070632,0.8842975206611571,0.8853046594982079,0.8746642793196061,0.8688969258589512,0.8723205964585274,0.8869323447636701,0.8735849056603774,0.8691335740072202,0.8465804066543438,0.8599118942731278,0.8689533861037819,0.8445229681978799,0.8316467341306347,0.8105726872246696,0.8265682656826568,0.7951263537906137,0.8125,0.8181818181818182,0.831858407079646,0.8312043795620438,0.8102803738317756,0.819859402460457,0.7965485921889192,0.8298829882988299,0.8104222821203954,0.8444444444444444,0.8253676470588235,0.8206008583690987,0.8251811594202898,0.8662477558348295,0.8554437328453797,0.8609779482262704,0.8649155722326454,0.8787330316742081,0.8962616822429906,0.8848987108655617,0.8766859344894027,0.9055944055944056,0.894420600858369,0.8992932862190812,0.9114631873252563,0.9154545454545454,0.9080145719489982,0.9105760963026656,0.9143598615916955,0.901685393258427,0.9147084421235857,0.9064124783362218,0.903169014084507,0.9030470914127424,0.8861646234676007,0.8941068139963168,0.8868894601542416,0.8755635707844905,0.8725314183123878,0.8669724770642202,0.8646748681898067
0.8691244239631336,0.8842010771992819,0.8825112107623319,0.8659070990359334,0.8503521126760564,0.8403361344537815,0.8303571428571429,0.8318345323741008,0.8258478460128322,0.8426171529619806,0.8197879858657244,0.8366988586479368,0.8289241622574955,0.8469945355191257,0.8563876651982378,0.8288288288288288,0.8414959928762245,0.8503155996393147,0.8521505376344086,0.8389679715302492,0.8539019963702359,0.8700361010830325,0.864816472694718,0.8501314636283961,0.8634280476626948,0.8755760368663594,0.8889867841409692,0.8892825509300266,0.8809523809523809,0.8847583643122676,0.8952972493345164,0.896709323583181,0.915651358950328,0.9120580235720761,0.9176161262050833,0.9135472370766489,0.9143117593436645,0.9207207207207208,0.9158790170132325,0.9045967042497832,0.919602529358627,0.9153577661431065,0.8934579439252337,0.9078014184397163,0.9079307201458523,0.9115128449096099,0.8861429832303619,0.8641750227894257,0.8855855855855855,0.8683712121212122,0.8710550045085663,0.8731617647058824,0.8428063943161634,0.8603839441535777,0.8663716814159292,0.8499573742540495,0.8656716417910447,0.8388941849380362,0.8408888888888889,0.8322925958965209,0.8300180831826401,0.8315972222222222,0.8342541436464088,0.8173679498657117,0.8536804308797128,0.8148471615720524,0.8202459791863765,0.8386801099908341,0.852603706972639,0.8449339207048459,0.8465804066543438,0.8647114474929044,0.8801762114537445,0.8816143497757848,0.8624338624338624,0.8908606921029282,0.8850957535387177,0.8847549909255898,0.8878591288229842,0.8890892696122633,0.908098271155596,0.9090909090909091,0.9090909090909091,0.9134078212290503,0.9171220400728597,0.9104204753199269,0.9120580235720761,0.9195710455764075,0.9118673647469459,0.9131652661064426,0.9136363636363637,0.9146551724137931,0.9113122171945701,0.899909008189263,0.9025735294117647,0.8829694323144105,0.8960352422907489,0.8863436123348017,0.8803652968036529,0.8499534016775396
0.8821989528795812,0.8567591763652641,0.8709377901578459,0.8575317604355717,0.8692515779981965,0.8498201438848921,0.8677685950413223,0.8637577916295637,0.8462264150943396,0.8387681159420289,0.830028328611898,0.8486439195100612,0.8285714285714286,0.8571428571428571,0.8564981949458483,0.8538657604078165,0.8640955004591369,0.8570143884892086,0.8574057037718491,0.8361266294227188,0.8701298701298701,0.8579088471849866,0.8611615245009074,0.8862602365787079,0.87468671679198,0.8743362831858407,0.8856885688568857,0.8984098939929329,0.8971377459749553,0.8975044563279857,0.9157054125998225,0.9168173598553345,0.9165911151405258,0.908675799086758,0.922608695652174,0.9101899827288429,0.9228624535315985,0.9008189262966333,0.9180790960451978,0.9107303877366997,0.9072164948453608,0.9223125564588979,0.9029209621993127,0.9066183136899365,0.913503971756399,0.9239332096474954,0.9058597502401537,0.9056261343012704,0.879646017699115,0.8973214285714286,0.8846830985915493,0.8777103209019947,0.8876508820798514,0.8662033014769766,0.8559479553903345,0.8510436432637571,0.8718637992831542,0.8586337760910816,0.8398902104300091,0.8466312056737588,0.8500881834215167,0.8402903811252269,0.8458188153310104,0.8345724907063197,0.85,0.8426862925482981,0.8745421245421245,0.8664383561643836,0.8559322033898306,0.8601959038290294,0.8504923903312444,0.8441098317094774,0.8752166377816292,0.8919667590027701,0.8860759493670886,0.8865435356200527,0.8915770609318996,0.9173789173789174,0.8960138648180243,0.9143672692673644,0.8932481751824818,0.9288256227758007,0.9197907585004359,0.9079189686924494,0.9208294062205467,0.9165894346617238,0.9165120593692022,0.9316163410301954,0.9323241317898486,0.9364791288566243,0.9139878366637706,0.9075144508670521,0.9165247018739353,0.9113257243195786,0.9054054054054054,0.8972125435540069,0.9018181818181819,0.873358348968105,0.8959044368600683,0.8813708260105448
0.8901682905225864,0.8991379310344828,0.8911070780399274,0.8820276497695853,0.8777573529411765,0.8898305084745762,0.8703527168732126,0.855072463768116,0.8544776119402985,0.8540772532188842,0.861184792219275,0.8487018800358102,0.8546931407942239,0.8835794960903562,0.8656195462478184,0.8663716814159292,0.8755595344673232,0.8837998303647159,0.8715432649420161,0.8587921847246892,0.867595818815331,0.8610354223433242,0.8871268656716418,0.886964448495898,0.8920353982300885,0.8888888888888888,0.9008264462809917,0.9149722735674677,0.9002695417789758,0.9107142857142857,0.9075249320036265,0.9313543599257885,0.9285067873303168,0.9351111111111111,0.905852417302799,0.9353369763205829,0.9230072463768116,0.9183303085299456,0.9165170556552962,0.9145299145299145,0.9413793103448276,0.9321428571428572,0.9072356215213359,0.9168173598553345,0.914577530176416,0.9162112932604736,0.9216417910447762,0.9085086916742909,0.9070191431175935,0.9004566210045662,0.8841240875912408,0.8973897389738974,0.8848594741613781,0.9028944911297853,0.8780487804878049,0.8577981651376146,0.860127157129882,0.8514129443938013,0.8588025022341377,0.8635531135531136,0.8822992700729927,0.8577817531305904,0.873794916739702,0.8495188101487314,0.8610074626865671,0.86103781882146,0.8663053297199639,0.8592188919164396,0.855072463768116,0.8732758620689656,0.8790697674418605,0.8790613718411552,0.8822447102115916,0.8864864864864865,0.8845780795344326,0.8898756660746003,0.9004878048780488,0.928448275862069,0.8973451327433628,0.9151785714285714,0.9392314566577301,0.9257602862254025,0.9236172080772608,0.9196428571428571,0.9309090909090909,0.9262672811059908,0.9296296296296296,0.9278074866310161,0.93,0.9253731343283582,0.9304029304029304,0.9297597042513863,0.919340054995417,0.9186351706036745,0.909965034965035,0.9177330895795247,0.9062218214607755,0.8948322756119673,0.8936355710549259,0.9043478260869565
0.8936731107205624,0.911685994647636,0.9125364431486881,0.9046728971962616,0.9048888888888889,0.8901303538175046,0.90150842945874,0.8776041666666666,0.8846846846846846,0.8718637992831542,0.8649398704902868,0.8646953405017921,0.8653136531365314,0.8544973544973545,0.865684575389948,0.8768518518518519,0.8614130434782609,0.8842975206611571,0.8841354723707665,0.8812980358667806,0.8954372623574145,0.8820224719101124,0.9047619047619048,0.8846815834767642,0.8942937324602432,0.9012915129151291,0.9005281690140845,0.9208185053380783,0.9112833763996555,0.9048888888888889,0.9245960502692998,0.9267857142857143,0.9289719626168225,0.9210754553339116,0.9341864716636198,0.9436619718309859,0.9291628334866605,0.9400749063670412,0.9477124183006536,0.9222222222222223,0.9256342957130359,0.9182776801405975,0.9273693534100974,0.9322033898305084,0.9332191780821918,0.9133047210300429,0.9207579672695951,0.9115456238361266,0.9212598425196851,0.9069359086918349,0.9014209591474245,0.9063047285464098,0.901213171577123,0.8806620209059234,0.8854700854700854,0.878003696857671,0.8980716253443526,0.8664226898444648,0.8920606601248885,0.8839966130397968,0.8766114180478821,0.9005424954792043,0.8941382327209099,0.8925318761384335,0.8745487364620939,0.8753514526710403,0.8796536796536797,0.8759124087591241,0.8941281138790036,0.891500904159132,0.8970456580125336,0.8871978513876455,0.8876611418047882,0.9166666666666666,0.9060150375939849,0.9126478616924477,0.9013333333333333,0.9166666666666666,0.9071618037135278,0.9155844155844156,0.9197860962566845,0.9203539823008849,0.9330855018587361,0.940677966101695,0.9326750448833034,0.9338235294117647,0.9297752808988764,0.9369202226345084,0.9419600380589914,0.9302973977695167,0.93071000855432,0.916077738515901,0.9388839681133747,0.9389380530973451,0.9171648163962425,0.9230769230769231,0.9202508960573477,0.9120287253141831,0.899135446685879,0.9018901890189019
0.9121265377855887,0.9147571035747021,0.9133574007220217,0.905368516833485,0.9061662198391421,0.8787330316742081,0.8876611418047882,0.91,0.8862222222222222,0.9121184088806661,0.8933217692974849,0.8962510897994769,0.8874296435272045,0.8874773139745916,0.8942652329749103,0.8828748890860693,0.8968888888888888,0.8708260105448155,0.8883928571428571,0.8961605584642234,0.895067264573991,0.912020905923345,0.9072072072072072,0.9057971014492754,0.9072727272727272,0.919602529358627,0.919602529358627,0.917989417989418,0.9134532990574121,0.9278887923544744,0.9270544783010157,0.9363557105492589,0.9289520426287744,0.9324324324324325,0.9360936093609361,0.9401251117068812,0.9308836395450568,0.9166666666666666,0.9240174672489083,0.9406392694063926,0.9405306495882891,0.9259589652096343,0.9216384683882458,0.934720908230842,0.9231481481481482,0.9267654751525719,0.916892502258356,0.9059674502712477,0.9220430107526881,0.912739965095986,0.9031111111111111,0.9285067873303168,0.9023722627737226,0.8986899563318778,0.909009009009009,0.8912466843501327,0.902262443438914,0.8804143126177024,0.904716073147257,0.8886844526218951,0.8922528940338379,0.8910433979686058,0.8939655172413793,0.8992740471869328,0.9042076991942704,0.898320895522388,0.8844133099824869,0.882132834424696,0.8952551477170994,0.8896734333627537,0.8998178506375227,0.9043238270469182,0.9086993970714901,0.9064546304957904,0.8943014705882353,0.9203296703296703,0.9208942390369733,0.9100185528756958,0.9034543844109831,0.9274193548387096,0.9210779595765158,0.9240953221535746,0.9374441465594281,0.9127906976744186,0.9409048938134811,0.9285051067780873,0.9394736842105263,0.9384615384615385,0.9372727272727273,0.9416590701914311,0.9433962264150944,0.9290598290598291,0.9431818181818182,0.9149130832570905,0.9317375886524822,0.9267857142857143,0.9154411764705882,0.9305680793507665,0.9256572982774252,0.9061946902654867
0.9120073327222732,0.9191530317613089,0.9147982062780269,0.9236569274269557,0.9214659685863874,0.9260595130748422,0.9215686274509803,0.8928884986830553,0.8932584269662921,0.9133928571428571,0.9040358744394619,0.893542757417103,0.8951686417502279,0.8986013986013986,0.9076923076923077,0.8883928571428571,0.9060523938572719,0.9017699115044248,0.9021237303785781,0.9117395029991431,0.9065335753176044,0.9115770282588879,0.9177449168207024,0.908098271155596,0.9134790528233151,0.9225865209471766,0.9371011850501367,0.9219600725952813,0.9269813000890472,0.9413919413919414,0.9249304911955515,0.9302544769085768,0.9306306306306307,0.9232827832292596,0.9274047186932849,0.9378283712784589,0.9384344766930519,0.9379562043795621,0.9529837251356239,0.9372852233676976,0.9474153297682709,0.9390459363957597,0.9255039439088519,0.9380993897122929,0.9316987740805605,0.9295272078501338,0.9288928892889289,0.9187442289935365,0.9243243243243243,0.9167455061494797,0.9221611721611722,0.9177602799650044,0.9188712522045855,0.9079646017699115,0.9086918349429324,0.9165911151405258,0.9150858175248419,0.9133099824868651,0.8977578475336323,0.9098286744815148,0.9059360730593607,0.9011373578302713,0.8892857142857142,0.9222520107238605,0.9103260869565217,0.8979963570127505,0.9018018018018018,0.9059360730593607,0.8989266547406082,0.9087591240875912,0.9068934646374217,0.9127205199628597,0.9159132007233273,0.9174630755864466,0.907608695652174,0.9182608695652174,0.9169675090252708,0.9253456221198156,0.9201520912547528,0.9385665529010239,0.9281277728482697,0.9305301645338209,0.9182561307901907,0.9476950354609929,0.9399260628465804,0.9403383793410508,0.942883046237534,0.949685534591195,0.9504587155963303,0.9511343804537522,0.9354838709677419,0.9419764279238441,0.9437386569872959,0.9416058394160584,0.9360146252285192,0.9318394024276377,0.9209090909090909,0.9335130278526504,0.9223549488054608,0.9146341463414634
0.9332129963898917,0.9294871794871795,0.9253867151956324,0.9184549356223176,0.9149122807017543,0.9263067694944301,0.9156626506024096,0.913557779799818,0.9097538742023701,0.9136490250696379,0.9106813996316758,0.9157054125998225,0.902283105022831,0.9033423667570009,0.9059982094897046,0.9136690647482014,0.9161406672678089,0.916083916083916,0.8997265268915223,0.9304577464788732,0.9190353143841516,0.9215167548500882,0.916958041958042,0.9433126660761736,0.9130434782608695,0.9222423146473779,0.940952380952381,0.9379562043795621,0.9223034734917733,0.9304911955514366,0.9260249554367201,0.9319371727748691,0.946983546617916,0.9414990859232175,0.9390681003584229,0.9421338155515371,0.9481680071492404,0.9475524475524476,0.9417562724014337,0.9280442804428044,0.9394760614272809,0.9417744916820703,0.9365768896611643,0.9512635379061372,0.9396551724137931,0.9335759781619655,0.9390134529147982,0.9375,0.9255605381165919,0.9300567107750473,0.9303391384051329,0.9310970081595649,0.9335154826958105,0.9139981701738334,0.9280701754385965,0.9266480965645311,0.9225352112676056,0.9094304388422035,0.927689594356261,0.9188712522045855,0.9172033118675254,0.911944202266783,0.9210292812777284,0.9116071428571428,0.9139981701738334,0.9279778393351801,0.9284467713787086,0.9093333333333333,0.916303400174368,0.9184587813620072,0.92520035618878,0.928374655647383,0.9324699352451434,0.9198943661971831,0.9396939693969397,0.9168157423971377,0.931095406360424,0.9430970149253731,0.943900267141585,0.9407665505226481,0.9345622119815669,0.9407079646017699,0.946983546617916,0.9428571428571428,0.9498175182481752,0.9332129963898917,0.9345794392523364,0.9408127208480566,0.9423791821561338,0.9379139072847682,0.9495875343721356,0.9522900763358778,0.9371231696813093,0.9256198347107438,0.9257195914577531,0.9330922242314648,0.9338040600176523,0.9359925788497218,0.9271111111111111,0.9295774647887324
0.9386120996441281,0.9243772241992882,0.9300448430493273,0.9441860465116279,0.9268085106382978,0.9253731343283582,0.935251798561151,0.918189730200174,0.9157303370786517,0.9206773618538324,0.9332146037399822,0.9265639165911151,0.9162833486660533,0.9158279963403476,0.9354561101549054,0.9285714285714286,0.933996383363472,0.9176161262050833,0.9198575244879786,0.9202965708989805,0.928842504743833,0.927027027027027,0.93327239488117,0.9244444444444444,0.9396471680594243,0.9355123674911661,0.9312714776632303,0.9338624338624338,0.95561850802644,0.9294605809128631,0.9413763806287171,0.9467989179440938,0.9281045751633987,0.9385321100917431,0.9550561797752809,0.9333333333333333,0.9389799635701275,0.94579945799458,0.9464788732394366,0.9446460980036298,0.954995499549955,0.9436749769159741,0.947606142728094,0.947136563876652,0.9296740994854202,0.9344703770197487,0.9393398751115076,0.9457295373665481,0.9510061242344707,0.947463768115942,0.9328621908127208,0.9398230088495575,0.929902395740905,0.9383177570093458,0.9314814814814815,0.9211242067089755,0.9227974568574023,0.9324932493249325,0.9356828193832599,0.9259927797833934,0.9346289752650176,0.9205776173285198,0.919815668202765,0.9153005464480874,0.9302325581395349,0.9165919282511211,0.9213893967093236,0.921875,0.9361518550474547,0.9278074866310161,0.932788374205268,0.9201154956689124,0.9290843806104129,0.9343832020997376,0.9261862917398945,0.9330434782608695,0.9399103139013453,0.9427816901408451,0.9368888888888889,0.9358860195903829,0.9438687392055267,0.95077484047402,0.9452914798206278,0.9361135758651287,0.9441816461684012,0.9413357400722022,0.9589519650655022,0.9422718808193669,0.9514207149404217,0.9371011850501367,0.9369202226345084,0.9377901578458682,0.9410698096101541,0.9285075960679178,0.9342806394316163,0.9420560747663551,0.9395267309377738,0.9402460456942003,0.9283185840707965,0.9498657117278424
0.9426751592356688,0.949468085106383,0.9288888888888889,0.9431616341030196,0.9368709972552608,0.9459211732355637,0.9440298507462687,0.9291115311909263,0.933273219116321,0.9430438842203548,0.9235668789808917,0.9304192685102587,0.9255978742249779,0.9287671232876712,0.942630185348632,0.9517543859649122,0.9428571428571428,0.934056007226739,0.9392265193370166,0.9197080291970803,0.9490445859872612,0.9464912280701754,0.9428571428571428,0.9477413640389726,0.9467140319715808,0.9343971631205674,0.9253308128544423,0.9426456984273821,0.9474621549421193,0.9484444444444444,0.9527629233511586,0.9410729991204925,0.9506849315068493,0.9480037140204272,0.955249569707401,0.947606142728094,0.9540126239855726,0.9551692589204026,0.9509090909090909,0.9504424778761061,0.9532710280373832,0.9313632030505243,0.9499536607970342,0.9404216315307058,0.9428060768543343,0.946817785527463,0.9498239436619719,0.9528384279475982,0.9334516415261757,0.936269915651359,0.9344262295081968,0.9284420289855072,0.9405850091407678,0.9318801089918256,0.935251798561151,0.943800178412132,0.9330985915492958,0.9299820466786356,0.9278629395852119,0.9447047797563262,0.9213381555153707,0.9411247803163445,0.9249116607773852,0.9221824686940966,0.9283185840707965,0.9154135338345865,0.9292114695340502,0.9418386491557224,0.9250457038391224,0.9412296564195298,0.9527972027972028,0.932780847145488,0.9465095194922938,0.943327239488117,0.9310035842293907,0.9415929203539823,0.9378827646544182,0.9466546112115732,0.9462555066079296,0.9478798586572438,0.9426008968609866,0.9396628216503993,0.9471285323609845,0.9376163873370578,0.9424269264836138,0.9461966604823747,0.9563636363636364,0.9497307001795332,0.9432355723746452,0.9541850220264317,0.953382084095064,0.9565595134665508,0.9459698848538529,0.9403914590747331,0.9470319634703196,0.9386120996441281,0.9455357142857143,0.9387402933563417,0.9460201280878316,0.9335664335664335
0.9407894736842105,0.931184668989547,0.9443478260869566,0.9329044117647058,0.9458483754512635,0.9363295880149812,0.9423247559893523,0.9366391184573003,0.9432943294329433,0.9366018596787827,0.933572710951526,0.9500462534690102,0.9434977578475336,0.9304952215464813,0.9295900178253119,0.9384344766930519,0.9407149084568439,0.9479820627802691,0.9359190556492412,0.9413309982486865,0.9335060449050087,0.935862691960253,0.9496466431095406,0.9504950495049505,0.9558303886925795,0.9442946990116802,0.9399260628465804,0.957427536231884,0.9535299374441466,0.955736224028907,0.9463276836158192,0.9573170731707317,0.9409627611262489,0.947945205479452,0.9532710280373832,0.95837023914969,0.9620938628158845,0.947008547008547,0.9498175182481752,0.9442993907745866,0.9474178403755869,0.9614325068870524,0.9497354497354498,0.9488847583643123,0.9351503759398496,0.951828724353256,0.9545867393278837,0.963162623539982,0.9450651769087524,0.9438914027149321,0.9420035149384886,0.940068493150685,0.945193171608266,0.9417562724014337,0.9317199654278306,0.949288256227758,0.9364326375711575,0.9327354260089686,0.9325323475046211,0.9421193232413179,0.9347079037800687,0.9486238532110092,0.9404761904761905,0.9276257722859664,0.9320036264732547,0.9414414414414415,0.9515418502202643,0.9377777777777778,0.9271889400921659,0.936077057793345,0.9397031539888683,0.9497307001795332,0.9488054607508533,0.9336448598130841,0.9410714285714286,0.9595426561125769,0.9443946188340807,0.9544658493870403,0.9525089605734767,0.9433962264150944,0.9378827646544182,0.950834879406308,0.9372759856630825,0.9505135387488328,0.9443016281062554,0.951627088830255,0.9567956795679567,0.9502664298401421,0.9456327985739751,0.9503985828166519,0.9414990859232175,0.9424269264836138,0.9519572953736655,0.9517625231910947,0.9591836734693877,0.9433797909407665,0.9447907390917186,0.9535941765241128,0.9421708185053381,0.9457295373665481
0.953971119133574,0.9472222222222222,0.9389243391066545,0.9385574354407836,0.9469964664310954,0.9466546112115732,0.9507299270072993,0.9413823272090989,0.9408602150537635,0.947085201793722,0.941830624465355,0.9420160570918823,0.9508644222020018,0.9441984056687334,0.9438596491228071,0.9348017621145375,0.9420289855072463,0.9422066549912435,0.9454545454545454,0.9380610412926391,0.9456029011786038,0.9470899470899471,0.9420814479638009,0.9451052150045746,0.9371179039301311,0.9406858202038925,0.9427516158818098,0.9439088518843121,0.9524647887323944,0.9590747330960854,0.9414414414414415,0.9493783303730018,0.95,0.9573643410852714,0.937007874015748,0.9630314232902033,0.9515418502202643,0.9478672985781991,0.963162623539982,0.9454225352112676,0.9551569506726457,0.9607664233576643,0.9575812274368231,0.9384344766930519,0.956369982547993,0.9531516183986372,0.957288765088208,0.9452313503305004,0.9568014705882353,0.9565972222222222,0.9495875343721356,0.9429081177520071,0.9492293744333635,0.9382379654859219,0.9493333333333334,0.9369449378330373,0.9531531531531532,0.9470319634703196,0.9414455626715462,0.9403630077787382,0.9538598047914818,0.9470945359930616,0.937037037037037,0.947075208913649,0.9402714932126697,0.9402173913043478,0.9493087557603687,0.9438629876308278,0.9400715563506261,0.9460201280878316,0.9464594127806563,0.9548672566371681,0.9461538461538461,0.9464442493415277,0.9522918615528532,0.9505208333333334,0.9363957597173145,0.9473206176203451,0.951627088830255,0.9529411764705882,0.9640610961365679,0.9568480300187617,0.9446428571428571,0.9482758620689655,0.9563239308462238,0.9603246167718665,0.9481865284974094,0.9630630630630631,0.9545056867891514,0.9528650646950092,0.9580786026200874,0.9500462534690102,0.9506172839506173,0.9558823529411765,0.9529512403763901,0.9556962025316456,0.9532062391681109,0.9459459459459459,0.9560336763330215,0.9374449339207048
0.9670631290027447,0.9501359927470535,0.9577205882352942,0.9435273675065161,0.9504587155963303,0.954001839926403,0.9442946990116802,0.9493670886075949,0.941793893129771,0.9500907441016334,0.9520361990950226,0.9539930555555556,0.9404332129963899,0.9427549194991055,0.9481961147086031,0.9353769676884839,0.9421641791044776,0.9597495527728086,0.9449378330373002,0.9429347826086957,0.9597495527728086,0.9542600896860987,0.9535495179666958,0.9290263876251137,0.9495652173913044,0.9448961156278229,0.9602220166512488,0.9604415823367065,0.9596042868920033,0.9509888220120378,0.9426456984273821,0.9447907390917186,0.9602169981916817,0.9543336439888164,0.9606587374199451,0.9597378277153558,0.9496157130657558,0.9555160142348754,0.9619469026548673,0.949685534591195,0.9618794326241135,0.9560246262093228,0.9569041336851363,0.9620938628158845,0.9535095715587967,0.9553734061930783,0.9560632688927944,0.9540126239855726,0.9616104868913857,0.940677966101695,0.9575045207956601,0.95625,0.95817843866171,0.9490909090909091,0.9490500863557858,0.9547872340425532,0.9520295202952029,0.950316169828365,0.9403383793410508,0.9544609665427509,0.9440366972477064,0.9517857142857142,0.9455040871934605,0.9522998296422487,0.9455662862159789,0.9532110091743119,0.9468690702087287,0.9477064220183486,0.9447963800904977,0.9651272384542884,0.9494485294117647,0.9521178637200737,0.9477477477477477,0.945994599459946,0.9539295392953929,0.9602888086642599,0.949288256227758,0.95326278659612,0.9523809523809523,0.9544626593806922,0.9552511415525115,0.9485559566787004,0.9499105545617174,0.9450643776824035,0.9542543458371455,0.9557522123893806,0.954995499549955,0.95897903372835,0.9547069271758437,0.9537735849056603,0.958656330749354,0.952161913523459,0.9487648673376029,0.9566348655680833,0.9461400359066428,0.9529411764705882,0.9599287622439893,0.9527207850133809,0.9505597014925373,0.9476635514018692
0.9545454545454546,0.9573170731707317,0.9594356261022927,0.9498632634457612,0.959395656279509,0.9533632286995516,0.9532374100719424,0.9584120982986768,0.9514388489208633,0.964189794091316,0.9506172839506173,0.9482758620689655,0.9530386740331491,0.9516728624535316,0.9559633027522936,0.9541850220264317,0.9517966695880806,0.9525065963060686,0.9543010752688172,0.957350272232305,0.9467248908296944,0.9567519858781994,0.9578256794751641,0.9532967032967034,0.9527777777777777,0.9557446808510638,0.9529411764705882,0.9604916593503073,0.9618959107806692,0.9510818438381938,0.9413461538461538,0.9599644128113879,0.9566020313942751,0.9598930481283422,0.9509896324222432,0.9651376146788991,0.9565602836879432,0.9577594123048668,0.9496466431095406,0.9604672057502246,0.953405017921147,0.9614373356704645,0.9454022988505747,0.9585798816568047,0.964221824686941,0.9414414414414415,0.9590017825311943,0.9574468085106383,0.9437386569872959,0.958295557570263,0.9607329842931938,0.9577338129496403,0.9470432480141218,0.9575812274368231,0.9529837251356239,0.9617391304347827,0.9469103568320278,0.9570446735395189,0.9533450704225352,0.9563636363636364,0.9554764024933214,0.95837023914969,0.9599651871192341,0.9493670886075949,0.9607493309545049,0.9448398576512456,0.9613309352517986,0.9611470860314524,0.958916083916084,0.9620938628158845,0.9500924214417745,0.95,0.9491833030852994,0.9431192660550459,0.9609236234458259,0.9613259668508287,0.9544235924932976,0.9584837545126353,0.9540540540540541,0.9562790697674418,0.9577338129496403,0.9729486023444545,0.9606837606837607,0.9471766848816029,0.9633273703041145,0.9619469026548673,0.9471799462846912,0.960514233241506,0.9568345323741008,0.9551971326164874,0.948291782086796,0.9592760180995475,0.9472743521000894,0.9593128390596745,0.9535714285714286,0.9535747446610956,0.95483288166215,0.9527145359019265,0.9530075187969925,0.9577338129496403
0.9578207381370826,0.9613259668508287,0.9582608695652174,0.9621072088724584,0.9525979945305378,0.9539594843462247,0.9645635263612792,0.9596136962247586,0.9609090909090909,0.9646098003629764,0.9500454132606722,0.9476190476190476,0.9622119815668203,0.9577092511013215,0.9553415061295972,0.9605381165919282,0.9506976744186046,0.9543761638733705,0.9622302158273381,0.9602169981916817,0.9552742616033755,0.9603106125970664,0.9582978723404255,0.9546263345195729,0.9673617407071623,0.959395656279509,0.9497153700189753,0.954995499549955,0.9480037140204272,0.9539823008849557,0.9625,0.9609582963620231,0.9513513513513514,0.9548272807794509,0.9595484477892756,0.9568075117370892,0.9527410207939508,0.9609151572926596,0.9574074074074074,0.9520795660036167,0.9545049063336307,0.9531953195319532,0.9499121265377856,0.9546690843155031,0.9566420664206642,0.9539823008849557,0.9600363306085377,0.9573333333333334,0.9530558015943312,0.9573333333333334,0.9613309352517986,0.9505597014925373,0.9645776566757494,0.9605263157894737,0.9549218031278749,0.9547511312217195,0.9602122015915119,0.9549071618037135,0.9495040577096483,0.9659926470588235,0.9628252788104089,0.955637707948244,0.9537777777777777,0.9464912280701754,0.9571917808219178,0.9463028169014085,0.9569990850869168,0.9534467323187108,0.9512922465208747,0.951828724353256,0.9552631578947368,0.9572573463935886,0.9472774416594641,0.9625570776255707,0.9545454545454546,0.9518388791593695,0.9657089898053753,0.9613615455381784,0.9641873278236914,0.9545859305431879,0.954177897574124,0.9572052401746725,0.9455040871934605,0.9600371747211895,0.9591457753017641,0.9535683576956148,0.9555757026291931,0.9587813620071685,0.9530386740331491,0.9625570776255707,0.953427065026362,0.953887884267631,0.9499518768046198,0.9627949183303085,0.9534450651769087,0.964769647696477,0.9446883230904302,0.958916083916084,0.9551692589204026,0.9517743403093721
0.9559352517985612,0.9647495361781077,0.9677708146821844,0.9586267605633803,0.9535941765241128,0.9540669856459331,0.9639718804920914,0.9572425828970331,0.95483288166215,0.952846975088968,0.9592969472710453,0.9581056466302368,0.9572052401746725,0.9597754911131899,0.960252935862692,0.954954954954955,0.9597378277153558,0.9567177637511272,0.954954954954955,0.9496090356211989,0.9528985507246377,0.9529724933451642,0.9517241379310345,0.9564032697547684,0.9626865671641791,0.9524663677130045,0.9606147934678194,0.9523809523809523,0.9482001755926251,0.968065693430657,0.9494584837545126,0.9491978609625669,0.9686346863468634,0.9566395663956639,0.9607843137254902,0.9586330935251799,0.9511545293072824,0.9585211902614968,0.948905109489051,0.960730593607306,0.9512635379061372,0.9648648648648649,0.9557603686635945,0.9593862815884476,0.9608938547486033,0.9548272807794509,0.9582560296846011,0.9497584541062802,0.9656419529837251,0.9406554472984943,0.9658886894075404,0.9637883008356546,0.9534246575342465,0.953551912568306,0.9592529711375212,0.95695067264574,0.9539040451552211,0.9519572953736655,0.9540126239855726,0.9605734767025089,0.9569377990430622,0.9663636363636363,0.9571948998178507,0.9576719576719577,0.9567099567099567,0.9539823008849557,0.9506607929515418,0.9547920433996383,0.9587912087912088,0.9579759862778731,0.9535747446610956,0.9599303135888502,0.9497257769652651,0.9625912408759124,0.9621145374449339,0.9546690843155031,0.9540329575021682,0.9586206896551724,0.9502304147465438,0.962432915921288,0.9558417663293468,0.9461756373937678,0.9531802120141343,0.9561567164179104,0.9556344276841171,0.9648014440433214,0.9569798068481123,0.9517426273458445,0.9510240427426536,0.9481680071492404,0.9573333333333334,0.9587813620071685,0.9474654377880184,0.9615384615384616,0.9632616487455197,0.9648648648648649,0.9609800362976406,0.957983193277311,0.958590308370044,0.9594229035166817
