0.9220183486238532,0.9641255605381166,0.9423076923076923,0.9757281553398058,0.9293478260869565,0.9447236180904522,0.9641255605381166,0.9804878048780488,0.9532710280373832,0.9539170506912442,0.9659574468085106,0.944,0.9571428571428572,0.9425837320574163,0.9715639810426541,0.9348837209302325,0.943089430894309,0.948051948051948,0.9788359788359788,0.9585062240663901,0.9466666666666667,0.9513274336283186,0.9360730593607306,0.9490740740740741,0.9649122807017544,0.9690265486725663,0.9533898305084746,0.9555555555555556,0.9367088607594937,0.9659574468085106,0.968609865470852,0.925,0.9497907949790795,0.9601769911504425,0.9733333333333334,0.9192825112107623,0.9523809523809523,0.9491525423728814,0.9644444444444444,0.9577464788732394,0.9634703196347032,0.9484978540772532,0.9436619718309859,0.9424778761061947,0.954337899543379,0.9476190476190476,0.9541284403669725,0.9461883408071748,0.9638009049773756,0.9354838709677419,0.9567099567099567,0.9380952380952381,0.9495798319327731,0.9534883720930233,0.9649122807017544,0.9497907949790795,0.9652173913043478,0.970954356846473,0.9567307692307693,0.948936170212766,0.95,0.9392523364485982,0.9567099567099567,0.948936170212766,0.9598214285714286,0.9601769911504425,0.963963963963964,0.9282296650717703,0.958974358974359,0.9704433497536946,0.984375,0.9653679653679653,0.9583333333333334,0.9563106796116505,0.9907407407407407,0.9827586206896551,0.9473684210526315,0.9491525423728814,0.9353448275862069,0.9577464788732394,0.963963963963964,0.9680365296803652,0.9572649572649573,0.9471153846153846,0.9675925925925926,0.9541284403669725,0.9411764705882353,0.9510204081632653,0.963302752293578,0.9432314410480349,0.9567307692307693,0.9624413145539906,0.9310344827586207,0.933920704845815,0.9320388349514563,0.9644444444444444,0.96,0.9310344827586207,0.9333333333333333,0.9464285714285714
0.9537815126050421,0.9612068965517241,0.964824120603015,0.9591836734693877,0.9481132075471698,0.9652173913043478,0.9508928571428571,0.9663461538461539,0.9539748953974896,0.9585492227979274,0.9336734693877551,0.9612068965517241,0.9483568075117371,0.96875,0.9406392694063926,0.9567099567099567,0.9577464788732394,0.9482758620689655,0.9417040358744395,0.9517543859649122,0.9391304347826087,0.9555555555555556,0.9672897196261683,0.9598214285714286,0.9734513274336283,0.9778761061946902,0.9831223628691983,0.9507389162561576,0.9469026548672567,0.9406392694063926,0.9495412844036697,0.940677966101695,0.9521739130434783,0.9587155963302753,0.9359605911330049,0.9646017699115044,0.9504132231404959,0.9551569506726457,0.9665071770334929,0.9537037037037037,0.9357429718875502,0.9537037037037037,0.9722222222222222,0.9449152542372882,0.9698275862068966,0.9567307692307693,0.963265306122449,0.9389671361502347,0.9708333333333333,0.9511111111111111,0.9384615384615385,0.9506172839506173,0.9772727272727273,0.926829268292683,0.9537037037037037,0.9672897196261683,0.9545454545454546,0.9380952380952381,0.9669811320754716,0.9457013574660633,0.966804979253112,0.9380530973451328,0.9678899082568807,0.9605263157894737,0.9661016949152542,0.9818181818181818,0.9367088607594937,0.9596412556053812,0.9517543859649122,0.9795918367346939,0.9672897196261683,0.9726027397260274,0.96,0.9563106796116505,0.9596412556053812,0.9473684210526315,0.9642857142857143,0.9715639810426541,0.9674418604651163,0.9531914893617022,0.9476190476190476,0.9836734693877551,0.9620253164556962,0.9733333333333334,0.9521739130434783,0.9745762711864406,0.9665271966527197,0.949748743718593,0.9807692307692307,0.9702127659574468,0.9419642857142857,0.9585253456221198,0.9601769911504425,0.9452054794520548,0.9490740740740741,0.9455445544554455,0.9565217391304348,0.9850746268656716,0.9746835443037974,0.9571984435797666
0.9551569506726457,0.9563318777292577,0.9649805447470817,0.9478672985781991,0.9422222222222222,0.9577464788732394,0.9369369369369369,0.9521531100478469,0.9598214285714286,0.9428571428571428,0.9482071713147411,0.975103734439834,0.9641255605381166,0.9495412844036697,0.9357798165137615,0.9488372093023256,0.9908675799086758,0.955,0.9299065420560748,0.9356435643564357,0.9523809523809523,0.9386973180076629,0.9416342412451362,0.9695652173913043,0.9678899082568807,0.9560975609756097,0.9380530973451328,0.9512195121951219,0.9425837320574163,0.95,0.9681818181818181,0.9241706161137441,0.9658119658119658,0.981042654028436,0.9652173913043478,0.9375,0.981651376146789,0.9411764705882353,0.9765258215962441,0.9441860465116279,0.9409448818897638,0.9502487562189055,0.958904109589041,0.9672897196261683,0.9631147540983607,0.9608695652173913,0.9594594594594594,0.9577464788732394,0.944206008583691,0.963963963963964,0.9458333333333333,0.944206008583691,0.974025974025974,0.9671361502347418,0.9358974358974359,0.9495412844036697,0.9417040358744395,0.9439252336448598,0.968609865470852,0.9427312775330396,0.9724770642201835,0.9401709401709402,0.9361702127659575,0.9646017699115044,0.9424778761061947,0.9330543933054394,0.9672131147540983,0.9528301886792453,0.9649122807017544,0.9342723004694836,0.9212962962962963,0.9629629629629629,0.9383259911894273,0.9613733905579399,0.9516908212560387,0.9362745098039216,0.9107981220657277,0.9348837209302325,0.9577464788732394,0.9490740740740741,0.9565217391304348,0.9464285714285714,0.9681818181818181,0.9417040358744395,0.9439655172413793,0.9716981132075472,0.9513274336283186,0.9517543859649122,0.9559471365638766,0.9439252336448598,0.9598214285714286,0.9466666666666667,0.9519650655021834,0.9437751004016064,0.9647577092511013,0.9680365296803652,0.9541284403669725,0.9587155963302753,0.9493087557603687,0.9605263157894737
0.9515418502202643,0.954337899543379,0.9620253164556962,0.9507389162561576,0.9776785714285714,0.9641255605381166,0.9354838709677419,0.9703389830508474,0.9617021276595744,0.9539170506912442,0.9347826086956522,0.9661016949152542,0.963302752293578,0.920704845814978,0.9597989949748744,0.9320388349514563,0.9354838709677419,0.9539170506912442,0.954954954954955,0.9583333333333334,0.9296482412060302,0.9322033898305084,0.9539170506912442,0.971830985915493,0.944206008583691,0.9625,0.9506726457399103,0.9596412556053812,0.9411764705882353,0.970873786407767,0.9641025641025641,0.9636363636363636,0.9497716894977168,0.9377593360995851,0.967741935483871,0.9777777777777777,0.9476439790575916,0.9471153846153846,0.9680365296803652,0.9690265486725663,0.9624413145539906,0.9612068965517241,0.9288888888888889,0.952191235059761,0.963963963963964,0.9414225941422594,0.9372197309417041,0.967391304347826,0.945,0.9666666666666667,0.9514563106796117,0.9380952380952381,0.961038961038961,0.9454545454545454,0.9386792452830188,0.9273504273504274,0.9572649572649573,0.9652173913043478,0.9342723004694836,0.9588477366255144,0.9563106796116505,0.9647577092511013,0.9375,0.9385964912280702,0.9710144927536232,0.9607843137254902,0.968609865470852,0.9510204081632653,0.9534883720930233,0.9628099173553719,0.9666666666666667,0.9377593360995851,0.9572649572649573,0.9393939393939394,0.9601769911504425,0.959349593495935,0.9417040358744395,0.9223744292237442,0.9316239316239316,0.9628099173553719,0.9537815126050421,0.9864253393665159,0.9665071770334929,0.9490740740740741,0.9513274336283186,0.9456066945606695,0.9414414414414415,0.9528301886792453,0.93,0.9533898305084746,0.9636363636363636,0.9601769911504425,0.9308755760368663,0.9615384615384616,0.956140350877193,0.9212962962962963,0.968609865470852,0.9528301886792453,0.948051948051948,0.9380952380952381
0.9519650655021834,0.9447004608294931,0.9575471698113207,0.9590909090909091,0.9571428571428572,0.9549180327868853,0.9528301886792453,0.960352422907489,0.9511111111111111,0.9519650655021834,0.9572649572649573,0.9634703196347032,0.9525862068965517,0.9495412844036697,0.9301310043668122,0.9469026548672567,0.9647577092511013,0.9627906976744186,0.943127962085308,0.9428571428571428,0.967741935483871,0.9348837209302325,0.9583333333333334,0.9446640316205533,0.9393939393939394,0.9262672811059908,0.9608695652173913,0.9487179487179487,0.9567307692307693,0.9688888888888889,0.9473684210526315,0.9551569506726457,0.9452054794520548,0.9311926605504587,0.9439252336448598,0.9380952380952381,0.9458333333333333,0.96,0.9377777777777778,0.967741935483871,0.9587155963302753,0.9594594594594594,0.9650655021834061,0.9388646288209607,0.9625,0.9521739130434783,0.974025974025974,0.9013452914798207,0.9361702127659575,0.9504504504504504,0.9322033898305084,0.9696969696969697,0.8938053097345132,0.9743589743589743,0.9333333333333333,0.95,0.9452054794520548,0.9612068965517241,0.9644444444444444,0.9396551724137931,0.9393939393939394,0.9509803921568627,0.9449152542372882,0.9637305699481865,0.9391304347826087,0.9360730593607306,0.958139534883721,0.9585253456221198,0.946078431372549,0.9538461538461539,0.9484978540772532,0.9656862745098039,0.9508928571428571,0.9327354260089686,0.9285714285714286,0.9380952380952381,0.9463414634146341,0.952755905511811,0.958139534883721,0.9116279069767442,0.9471153846153846,0.9419642857142857,0.9598214285714286,0.9476190476190476,0.9719626168224299,0.9647577092511013,0.9406392694063926,0.944206008583691,0.9375,0.9513274336283186,0.9684684684684685,0.9601769911504425,0.9690265486725663,0.9592760180995475,0.9230769230769231,0.9695652173913043,0.9502262443438914,0.9348837209302325,0.9399141630901288,0.9649122807017544
0.9333333333333333,0.9615384615384616,0.9256198347107438,0.9478672985781991,0.9311926605504587,0.9181034482758621,0.9567307692307693,0.9444444444444444,0.9585253456221198,0.9558823529411765,0.9365079365079365,0.9298245614035088,0.9137931034482759,0.9434782608695652,0.9388646288209607,0.9613733905579399,0.9581151832460733,0.9316239316239316,0.9105263157894737,0.9107981220657277,0.9467213114754098,0.9607843137254902,0.9203539823008849,0.9377593360995851,0.9447004608294931,0.9506726457399103,0.9195979899497487,0.9345794392523364,0.9433962264150944,0.9587155963302753,0.9765258215962441,0.9794871794871794,0.9375,0.9380952380952381,0.9366515837104072,0.963302752293578,0.9531914893617022,0.9579439252336449,0.9794238683127572,0.9711538461538461,0.9567307692307693,0.946058091286307,0.9476190476190476,0.9618320610687023,0.9478672985781991,0.9402390438247012,0.9419642857142857,0.9447004608294931,0.9519650655021834,0.9454545454545454,0.9320388349514563,0.9504504504504504,0.9351851851851852,0.9572649572649573,0.9513274336283186,0.9536082474226805,0.9605263157894737,0.9420289855072463,0.9432314410480349,0.9631336405529954,0.9449152542372882,0.9535864978902954,0.9417040358744395,0.9419642857142857,0.9441860465116279,0.9598214285714286,0.9295774647887324,0.9727272727272728,0.9402173913043478,0.948,0.9620253164556962,0.9530516431924883,0.9577464788732394,0.9230769230769231,0.9027777777777778,0.9182692307692307,0.954954954954955,0.9563106796116505,0.9716981132075472,0.9517543859649122,0.9406392694063926,0.9613733905579399,0.9629629629629629,0.9451476793248945,0.9308755760368663,0.9543568464730291,0.9240506329113924,0.9244444444444444,0.927536231884058,0.9663461538461539,0.9300411522633745,0.9493087557603687,0.9485981308411215,0.9417040358744395,0.9700854700854701,0.9527896995708155,0.9458333333333333,0.9665271966527197,0.9671361502347418,0.9692982456140351
0.9478260869565217,0.9457013574660633,0.9278350515463918,0.958139534883721,0.9102564102564102,0.9590909090909091,0.9152542372881356,0.9533898305084746,0.9429824561403509,0.9495412844036697,0.954337899543379,0.8904761904761904,0.9018691588785047,0.9306122448979591,0.9241706161137441,0.9103139013452914,0.945273631840796,0.9346938775510204,0.8958333333333334,0.9230769230769231,0.9324894514767933,0.9264069264069265,0.922077922077922,0.9315068493150684,0.9391304347826087,0.9525862068965517,0.9371980676328503,0.9583333333333334,0.9658536585365853,0.933920704845815,0.9512195121951219,0.9463414634146341,0.9282700421940928,0.9327354260089686,0.9473684210526315,0.9514563106796117,0.9441860465116279,0.922077922077922,0.9662447257383966,0.9655172413793104,0.947136563876652,0.9641255605381166,0.9683257918552036,0.960352422907489,0.9545454545454546,0.9377777777777778,0.9666666666666667,0.9385245901639344,0.9422222222222222,0.9484978540772532,0.9526315789473684,0.9495798319327731,0.944206008583691,0.9244444444444444,0.9521531100478469,0.9227272727272727,0.9230769230769231,0.9285714285714286,0.9570815450643777,0.933920704845815,0.9333333333333333,0.9444444444444444,0.9276018099547512,0.9052132701421801,0.9811320754716981,0.9065040650406504,0.946078431372549,0.9397590361445783,0.9333333333333333,0.9598214285714286,0.921875,0.9554655870445344,0.9627906976744186,0.9360730593607306,0.9292452830188679,0.943127962085308,0.9434782608695652,0.9487179487179487,0.9369369369369369,0.9247311827956989,0.9587155963302753,0.9380952380952381,0.9241706161137441,0.9459459459459459,0.9444444444444444,0.9406392694063926,0.9528301886792453,0.9473684210526315,0.9305555555555556,0.9666666666666667,0.9601990049751243,0.9638009049773756,0.9714285714285714,0.9525862068965517,0.944206008583691,0.9253112033195021,0.9593908629441624,0.9182692307692307,0.948051948051948,0.9571428571428572
0.9419642857142857,0.9247787610619469,0.9399141630901288,0.9320388349514563,0.9224489795918367,0.9130434782608695,0.9223300970873787,0.9369747899159664,0.8812785388127854,0.9356223175965666,0.9230769230769231,0.9478672985781991,0.9259259259259259,0.9138755980861244,0.9587155963302753,0.9333333333333333,0.9257425742574258,0.944,0.934010152284264,0.9209302325581395,0.9572649572649573,0.875,0.9112903225806451,0.9227272727272727,0.9053497942386831,0.9513274336283186,0.9301310043668122,0.9491525423728814,0.9519230769230769,0.937799043062201,0.9402985074626866,0.9626556016597511,0.947136563876652,0.9203539823008849,0.9464285714285714,0.9337016574585635,0.9473684210526315,0.9514563106796117,0.926605504587156,0.9455445544554455,0.9530516431924883,0.954337899543379,0.9459459459459459,0.9274193548387096,0.9298245614035088,0.9151785714285714,0.9359605911330049,0.9551569506726457,0.9166666666666666,0.9174311926605505,0.9181818181818182,0.9147982062780269,0.9106382978723404,0.9483568075117371,0.9369747899159664,0.9389671361502347,0.9579439252336449,0.9336283185840708,0.9425837320574163,0.9183673469387755,0.9074074074074074,0.9254385964912281,0.9102564102564102,0.9383886255924171,0.927038626609442,0.9074074074074074,0.9424778761061947,0.9395348837209302,0.9299065420560748,0.9351851851851852,0.9353448275862069,0.9377777777777778,0.9601769911504425,0.9375,0.910377358490566,0.9552845528455285,0.9256198347107438,0.9298245614035088,0.9348837209302325,0.9516908212560387,0.9393939393939394,0.9348837209302325,0.9404255319148936,0.9724770642201835,0.934156378600823,0.9551569506726457,0.9361702127659575,0.9438775510204082,0.9316239316239316,0.9398148148148148,0.9282868525896414,0.9302325581395349,0.9255813953488372,0.9354838709677419,0.9117647058823529,0.9248826291079812,0.9297520661157025,0.9475982532751092,0.9223300970873787,0.9571428571428572
0.9427312775330396,0.9368932038834952,0.9414414414414415,0.9298245614035088,0.892018779342723,0.9530516431924883,0.9,0.8778280542986425,0.9455445544554455,0.9234234234234234,0.9128630705394191,0.908675799086758,0.9344978165938864,0.9173913043478261,0.88268156424581,0.9347826086956522,0.8982300884955752,0.911504424778761,0.9014084507042254,0.8942731277533039,0.8943089430894309,0.9213973799126638,0.9130434782608695,0.8981481481481481,0.9226804123711341,0.9377777777777778,0.9061032863849765,0.9128440366972477,0.96,0.8960396039603961,0.9278846153846154,0.94,0.9351851851851852,0.9515418502202643,0.9411764705882353,0.9690265486725663,0.9264069264069265,0.9650655021834061,0.9301310043668122,0.9507389162561576,0.9513274336283186,0.9404255319148936,0.9103139013452914,0.958904109589041,0.9478260869565217,0.9563106796116505,0.9130434782608695,0.9523809523809523,0.9438775510204082,0.905982905982906,0.9414414414414415,0.9590909090909091,0.9512195121951219,0.9463414634146341,0.9173553719008265,0.9343434343434344,0.9004524886877828,0.9154228855721394,0.9052132701421801,0.9285714285714286,0.9090909090909091,0.9301310043668122,0.9372197309417041,0.9068627450980392,0.8833333333333333,0.8818565400843882,0.9264069264069265,0.9192825112107623,0.883495145631068,0.9357798165137615,0.963963963963964,0.9330357142857143,0.9348837209302325,0.9289099526066351,0.9422222222222222,0.900990099009901,0.9555555555555556,0.9184549356223176,0.956140350877193,0.9461883408071748,0.9120370370370371,0.9315789473684211,0.9363636363636364,0.9372384937238494,0.9629629629629629,0.9342723004694836,0.9572649572649573,0.9422222222222222,0.9692982456140351,0.9414414414414415,0.9065420560747663,0.9388646288209607,0.9271844660194175,0.9691629955947136,0.9521531100478469,0.9285714285714286,0.9487179487179487,0.9234234234234234,0.9292452830188679,0.9208333333333333
0.9130434782608695,0.9246031746031746,0.9532710280373832,0.8944954128440367,0.9291666666666667,0.8927038626609443,0.9045454545454545,0.8947368421052632,0.8770491803278688,0.8893805309734514,0.9264069264069265,0.9212962962962963,0.8582995951417004,0.9125,0.8915094339622641,0.8904761904761904,0.8841201716738197,0.8826291079812206,0.9130434782608695,0.9368932038834952,0.9326923076923077,0.8904761904761904,0.8869565217391304,0.9264069264069265,0.9296482412060302,0.8968609865470852,0.9184549356223176,0.9128205128205128,0.941908713692946,0.9176954732510288,0.9288888888888889,0.9495798319327731,0.8928571428571429,0.9406392694063926,0.9406392694063926,0.9252336448598131,0.9273504273504274,0.9435483870967742,0.957345971563981,0.9186602870813397,0.9403669724770642,0.9490740740740741,0.9241071428571429,0.9269406392694064,0.9251101321585903,0.9383259911894273,0.9441860465116279,0.9054054054054054,0.9098712446351931,0.9240506329113924,0.9078341013824884,0.9451476793248945,0.9230769230769231,0.9004524886877828,0.9047619047619048,0.9247787610619469,0.9209302325581395,0.9255813953488372,0.896551724137931,0.8922413793103449,0.9145299145299145,0.9,0.8738738738738738,0.9063829787234042,0.8584474885844748,0.9118942731277533,0.9009009009009009,0.8765432098765432,0.881578947368421,0.8967136150234741,0.8894472361809045,0.9227272727272727,0.9234449760765551,0.9074074074074074,0.9403669724770642,0.9369369369369369,0.9295774647887324,0.9397590361445783,0.9655172413793104,0.9421487603305785,0.9304347826086956,0.9022222222222223,0.9383259911894273,0.9292035398230089,0.9698275862068966,0.9609375,0.9247787610619469,0.9473684210526315,0.9557522123893806,0.9366515837104072,0.9158415841584159,0.8818181818181818,0.9090909090909091,0.9108910891089109,0.9318181818181818,0.9351851851851852,0.8935185185185185,0.8983739837398373,0.9307359307359307,0.8734693877551021
0.9128440366972477,0.8893805309734514,0.9154929577464789,0.9487179487179487,0.9026548672566371,0.9122807017543859,0.8873239436619719,0.907563025210084,0.9017094017094017,0.9078947368421053,0.8691588785046729,0.8986784140969163,0.897196261682243,0.8899082568807339,0.8625592417061612,0.918918918918919,0.8781512605042017,0.8981481481481481,0.9166666666666666,0.8986784140969163,0.875,0.9070796460176991,0.9047619047619048,0.8826086956521739,0.9032258064516129,0.9363636363636364,0.9485981308411215,0.905982905982906,0.9272727272727272,0.8868778280542986,0.92,0.9398148148148148,0.9216589861751152,0.9178082191780822,0.9170731707317074,0.9324894514767933,0.9045226130653267,0.9186602870813397,0.9481132075471698,0.9346938775510204,0.9302325581395349,0.9295774647887324,0.9354838709677419,0.9401709401709402,0.9322033898305084,0.9353233830845771,0.9150943396226415,0.9262672811059908,0.927536231884058,0.9251101321585903,0.922077922077922,0.9188034188034188,0.9375,0.896551724137931,0.8956521739130435,0.8958333333333334,0.8705357142857143,0.9090909090909091,0.9400921658986175,0.8715596330275229,0.9151785714285714,0.8982300884955752,0.8870292887029289,0.8922413793103449,0.918552036199095,0.9009433962264151,0.883177570093458,0.908675799086758,0.8681318681318682,0.889795918367347,0.9230769230769231,0.9441860465116279,0.8888888888888888,0.9210526315789473,0.9285714285714286,0.9032258064516129,0.9288888888888889,0.9392523364485982,0.9220183486238532,0.9459459459459459,0.9137931034482759,0.9585062240663901,0.9433962264150944,0.9144144144144144,0.9102564102564102,0.9237668161434978,0.9308755760368663,0.9330357142857143,0.9698492462311558,0.9395348837209302,0.9261083743842364,0.9300411522633745,0.9493087557603687,0.9196428571428571,0.9273504273504274,0.9436619718309859,0.9166666666666666,0.9292035398230089,0.9170506912442397,0.8873873873873874
0.907258064516129,0.881578947368421,0.9035087719298246,0.9174311926605505,0.8854625550660793,0.9033816425120773,0.8811881188118812,0.9004739336492891,0.9210526315789473,0.8636363636363636,0.8823529411764706,0.8773584905660378,0.9106382978723404,0.863013698630137,0.8728070175438597,0.8917748917748918,0.8894009216589862,0.8884120171673819,0.8840579710144928,0.869198312236287,0.8849557522123894,0.8428571428571429,0.8898678414096917,0.8756476683937824,0.8828451882845189,0.9107981220657277,0.9166666666666666,0.924,0.8935185185185185,0.9065420560747663,0.9128440366972477,0.9305555555555556,0.9552845528455285,0.90625,0.9278846153846154,0.9124423963133641,0.9099099099099099,0.9244444444444444,0.9313304721030042,0.9294605809128631,0.9282296650717703,0.9212962962962963,0.9389671361502347,0.9356223175965666,0.9447004608294931,0.9313725490196079,0.9439252336448598,0.9447004608294931,0.9082969432314411,0.9,0.8928571428571429,0.8888888888888888,0.9009009009009009,0.9292452830188679,0.9135802469135802,0.9122807017543859,0.9023255813953488,0.8957345971563981,0.8951965065502183,0.8606965174129353,0.8766519823788547,0.8457943925233645,0.8960396039603961,0.8458149779735683,0.8820960698689956,0.8991228070175439,0.9227272727272727,0.8701923076923077,0.8986175115207373,0.8590909090909091,0.8798449612403101,0.9098712446351931,0.925,0.9004524886877828,0.8942307692307693,0.8868778280542986,0.8995633187772926,0.892018779342723,0.8976744186046511,0.9346733668341709,0.9099099099099099,0.9056603773584906,0.9372197309417041,0.9458128078817734,0.8957345971563981,0.919831223628692,0.9339622641509434,0.918552036199095,0.9324324324324325,0.9310344827586207,0.9217391304347826,0.9317073170731708,0.9148936170212766,0.9182692307692307,0.932806324110672,0.9174311926605505,0.9357798165137615,0.8833333333333333,0.9132653061224489,0.9181818181818182
0.8785046728971962,0.8808510638297873,0.9296482412060302,0.874439461883408,0.919431279620853,0.9162790697674419,0.8940092165898618,0.8687782805429864,0.8766519823788547,0.8706896551724138,0.8721461187214612,0.8371040723981901,0.861904761904762,0.880184331797235,0.8790697674418605,0.8863636363636364,0.8482142857142857,0.8584905660377359,0.8781512605042017,0.8660714285714286,0.8641304347826086,0.8879310344827587,0.8846153846153846,0.8363636363636363,0.9230769230769231,0.8983050847457628,0.8651162790697674,0.8755186721991701,0.9104477611940298,0.9095477386934674,0.941747572815534,0.9061032863849765,0.8878504672897196,0.948936170212766,0.8762376237623762,0.9022222222222223,0.9311926605504587,0.9103139013452914,0.9555555555555556,0.9319148936170213,0.9158878504672897,0.95,0.9533898305084746,0.9177489177489178,0.9029535864978903,0.8954545454545455,0.9234449760765551,0.910377358490566,0.8928571428571429,0.8504273504273504,0.85,0.9166666666666666,0.8815165876777251,0.9142857142857143,0.883177570093458,0.9016393442622951,0.8869565217391304,0.8743718592964824,0.8761904761904762,0.8609865470852018,0.8773584905660378,0.8644859813084113,0.8823529411764706,0.8628318584070797,0.9032258064516129,0.8480392156862745,0.8654708520179372,0.8761467889908257,0.9036697247706422,0.8716814159292036,0.861244019138756,0.8883495145631068,0.8472222222222222,0.8933333333333333,0.8826291079812206,0.8879310344827587,0.8831168831168831,0.9104477611940298,0.9014778325123153,0.9074889867841409,0.8940677966101694,0.8878923766816144,0.9551020408163265,0.9013452914798207,0.9428571428571428,0.918552036199095,0.9393939393939394,0.911504424778761,0.9220183486238532,0.9203539823008849,0.9426229508196722,0.8873873873873874,0.9218106995884774,0.9230769230769231,0.8888888888888888,0.935064935064935,0.9142857142857143,0.9009009009009009,0.896551724137931,0.8722466960352423
0.8761467889908257,0.8653846153846154,0.8777292576419214,0.8714859437751004,0.8755555555555555,0.7966101694915254,0.8450704225352113,0.8744588744588745,0.8853211009174312,0.8813559322033898,0.8506787330316742,0.9065040650406504,0.8,0.8221153846153846,0.8047619047619048,0.8211009174311926,0.8454106280193237,0.8305084745762712,0.8387096774193549,0.7990654205607477,0.8785425101214575,0.8468085106382979,0.8974358974358975,0.8973214285714286,0.8697674418604651,0.8828451882845189,0.8865546218487395,0.8907563025210085,0.8839285714285714,0.9082125603864735,0.8771929824561403,0.908256880733945,0.9316239316239316,0.9153225806451613,0.9035087719298246,0.9124423963133641,0.835,0.9254385964912281,0.905982905982906,0.9182692307692307,0.92018779342723,0.8960396039603961,0.92,0.9495798319327731,0.922077922077922,0.8811881188118812,0.8975409836065574,0.9013452914798207,0.8553191489361702,0.9112149532710281,0.8805309734513275,0.8681818181818182,0.89453125,0.8772727272727273,0.8672566371681416,0.8504672897196262,0.8584070796460177,0.8564356435643564,0.8525345622119815,0.8774509803921569,0.8679245283018868,0.8235294117647058,0.8195121951219512,0.8364485981308412,0.8640350877192983,0.8620689655172413,0.8675213675213675,0.8840579710144928,0.8730964467005076,0.8810572687224669,0.8818181818181818,0.8592233009708737,0.9,0.8846153846153846,0.8786407766990292,0.8687782805429864,0.8978723404255319,0.8619246861924686,0.9124423963133641,0.9282296650717703,0.8944954128440367,0.8893805309734514,0.9248826291079812,0.908675799086758,0.9134615384615384,0.9261083743842364,0.9194915254237288,0.9342723004694836,0.9211822660098522,0.9130434782608695,0.9057591623036649,0.9362549800796812,0.8986784140969163,0.9491525423728814,0.9211822660098522,0.9107142857142857,0.927038626609442,0.9481132075471698,0.9039301310043668,0.8925233644859814
0.9068627450980392,0.8536585365853658,0.8739495798319328,0.8405797101449275,0.8571428571428571,0.8202764976958525,0.8590308370044053,0.8076923076923077,0.8553719008264463,0.8475336322869955,0.8333333333333334,0.7965367965367965,0.8211009174311926,0.8170731707317073,0.8590308370044053,0.8272727272727273,0.8669527896995708,0.7991452991452992,0.8518518518518519,0.8284313725490197,0.8577981651376146,0.8325358851674641,0.8888888888888888,0.8963963963963963,0.8565022421524664,0.8755364806866953,0.8828828828828829,0.9154228855721394,0.8544600938967136,0.8991596638655462,0.9178082191780822,0.8836206896551724,0.8985507246376812,0.8947368421052632,0.9019607843137255,0.9132653061224489,0.8984771573604061,0.9461883408071748,0.9045454545454545,0.9427083333333334,0.9163179916317992,0.9213973799126638,0.9099099099099099,0.8951965065502183,0.8826086956521739,0.8942307692307693,0.8864628820960698,0.9087136929460581,0.8878504672897196,0.8772727272727273,0.9099099099099099,0.8687782805429864,0.8663594470046083,0.8733031674208145,0.8425925925925926,0.8565022421524664,0.8516746411483254,0.8868778280542986,0.8542713567839196,0.8194444444444444,0.8771186440677966,0.8193832599118943,0.8847926267281107,0.8168316831683168,0.8584070796460177,0.8247863247863247,0.8623853211009175,0.8461538461538461,0.8583690987124464,0.8295964125560538,0.8153153153153153,0.8778280542986425,0.8532110091743119,0.8660714285714286,0.8577981651376146,0.9069767441860465,0.8666666666666667,0.890625,0.8571428571428571,0.9102564102564102,0.9022222222222223,0.9103139013452914,0.9009009009009009,0.8706896551724138,0.883495145631068,0.9230769230769231,0.8944954128440367,0.915929203539823,0.8842592592592593,0.9330143540669856,0.9403669724770642,0.9212962962962963,0.9008620689655172,0.9289099526066351,0.8839285714285714,0.8930041152263375,0.8612244897959184,0.9063829787234042,0.8904761904761904,0.8693693693693694
0.8486238532110092,0.8482142857142857,0.8733031674208145,0.8222222222222222,0.861244019138756,0.865546218487395,0.7967479674796748,0.8047619047619048,0.8516746411483254,0.8476190476190476,0.7964601769911505,0.8127853881278538,0.8523809523809524,0.8642533936651584,0.8232931726907631,0.8301886792452831,0.8818565400843882,0.7718446601941747,0.84375,0.8185654008438819,0.8288288288288288,0.8385650224215246,0.8392857142857143,0.8063063063063063,0.8426395939086294,0.855072463768116,0.9029535864978903,0.8829268292682927,0.8866396761133604,0.8530805687203792,0.9078341013824884,0.8669527896995708,0.9439655172413793,0.9122807017543859,0.8930232558139535,0.9223300970873787,0.9234042553191489,0.8961038961038961,0.9262672811059908,0.9218106995884774,0.9311926605504587,0.8894230769230769,0.8909952606635071,0.891213389121339,0.9117647058823529,0.900497512437811,0.8421052631578947,0.8571428571428571,0.8986784140969163,0.8508771929824561,0.8744186046511628,0.8627450980392157,0.8755186721991701,0.8292682926829268,0.8046511627906977,0.8018867924528302,0.84688995215311,0.7931034482758621,0.8319327731092437,0.7655502392344498,0.8028846153846154,0.825531914893617,0.8247863247863247,0.8537735849056604,0.8016877637130801,0.825,0.8016194331983806,0.812206572769953,0.868995633187773,0.8504273504273504,0.8362831858407079,0.7818181818181819,0.8302752293577982,0.8773584905660378,0.861904761904762,0.8666666666666667,0.8495575221238938,0.8518518518518519,0.927038626609442,0.8818181818181818,0.875,0.9181818181818182,0.9013452914798207,0.8967136150234741,0.9392523364485982,0.9023255813953488,0.8826291079812206,0.9108910891089109,0.8974358974358975,0.9053497942386831,0.8738317757009346,0.8705357142857143,0.9054054054054054,0.8874458874458875,0.9178743961352657,0.8669724770642202,0.8728813559322034,0.8991228070175439,0.8532110091743119,0.8872549019607843
0.8651162790697674,0.821917808219178,0.8134715025906736,0.7889908256880734,0.8247863247863247,0.7974137931034483,0.7832512315270936,0.8090909090909091,0.8026315789473685,0.8616071428571429,0.8027522935779816,0.7644444444444445,0.8461538461538461,0.7804878048780488,0.7130044843049327,0.7678571428571429,0.8165938864628821,0.8112244897959183,0.8392857142857143,0.84765625,0.8116591928251121,0.7857142857142857,0.8622222222222222,0.845771144278607,0.7669902912621359,0.8125,0.8602620087336245,0.89,0.8734693877551021,0.8472222222222222,0.8528138528138528,0.8926829268292683,0.8647342995169082,0.9321266968325792,0.8928571428571429,0.922077922077922,0.8894230769230769,0.9181034482758621,0.8981481481481481,0.9144144144144144,0.909952606635071,0.9095744680851063,0.8738738738738738,0.9082969432314411,0.8514851485148515,0.8917748917748918,0.8678414096916299,0.8995633187772926,0.8658008658008658,0.8457446808510638,0.8699551569506726,0.8744186046511628,0.7835497835497836,0.8451882845188284,0.8545454545454545,0.8165137614678899,0.8247863247863247,0.8194444444444444,0.8578947368421053,0.8177570093457944,0.7857142857142857,0.7857142857142857,0.810077519379845,0.8197424892703863,0.8471615720524017,0.7772727272727272,0.7803921568627451,0.8026315789473685,0.8275862068965517,0.8125,0.7971014492753623,0.8382978723404255,0.8225108225108225,0.8584474885844748,0.8036529680365296,0.8528138528138528,0.897196261682243,0.8731707317073171,0.8771186440677966,0.8475336322869955,0.8898678414096917,0.8961038961038961,0.8591549295774648,0.9248826291079812,0.8883495145631068,0.9184549356223176,0.8812785388127854,0.8840579710144928,0.9041095890410958,0.8947368421052632,0.9411764705882353,0.8715596330275229,0.8526315789473684,0.9055793991416309,0.8863636363636364,0.895397489539749,0.8395061728395061,0.8391304347826087,0.8564593301435407,0.8571428571428571
0.825531914893617,0.8232758620689655,0.83,0.8362831858407079,0.8170731707317073,0.8059701492537313,0.7747747747747747,0.8297872340425532,0.8127853881278538,0.7524271844660194,0.7478260869565218,0.7729468599033816,0.7725321888412017,0.773109243697479,0.7441860465116279,0.7682403433476395,0.8026315789473685,0.7788461538461539,0.859504132231405,0.8085106382978723,0.7899159663865546,0.84375,0.8056872037914692,0.7981220657276995,0.8620689655172413,0.8790322580645161,0.8508771929824561,0.9183673469387755,0.8409090909090909,0.8846153846153846,0.8619246861924686,0.8861386138613861,0.8706896551724138,0.86,0.8783783783783784,0.8904761904761904,0.9134199134199135,0.9233870967741935,0.8636363636363636,0.8828828828828829,0.8925619834710744,0.9110169491525424,0.8883928571428571,0.8982300884955752,0.8776371308016878,0.8603603603603603,0.8232323232323232,0.8727272727272727,0.8364485981308412,0.8859649122807017,0.8706896551724138,0.8333333333333334,0.8,0.7245762711864406,0.7614678899082569,0.7903930131004366,0.8112244897959183,0.7841409691629956,0.7304347826086957,0.7741935483870968,0.7403846153846154,0.7440758293838863,0.7488789237668162,0.8018867924528302,0.7324561403508771,0.853448275862069,0.7901785714285714,0.7890295358649789,0.7695852534562212,0.7990196078431373,0.8125,0.7787610619469026,0.8160377358490566,0.7661290322580645,0.8333333333333334,0.8450704225352113,0.8616071428571429,0.8771186440677966,0.8661087866108786,0.8793969849246231,0.8687782805429864,0.8679245283018868,0.8663594470046083,0.9230769230769231,0.8858447488584474,0.9294605809128631,0.9090909090909091,0.9158878504672897,0.9087136929460581,0.9116279069767442,0.8787878787878788,0.8818565400843882,0.8552036199095022,0.8857142857142857,0.8778280542986425,0.8260869565217391,0.875,0.8699551569506726,0.8513513513513513,0.8669724770642202
0.8341708542713567,0.8289473684210527,0.7589743589743589,0.7991266375545851,0.7743362831858407,0.7627118644067796,0.7967479674796748,0.7377777777777778,0.7477477477477478,0.7571428571428571,0.7675438596491229,0.766497461928934,0.7559808612440191,0.8157894736842105,0.730593607305936,0.7201834862385321,0.8173913043478261,0.7725118483412322,0.7758620689655172,0.8,0.7629310344827587,0.8,0.8405172413793104,0.8097560975609757,0.7982062780269058,0.8441558441558441,0.8292682926829268,0.8445378151260504,0.8468085106382979,0.8217391304347826,0.8921161825726142,0.8728813559322034,0.8915094339622641,0.9219512195121952,0.9095022624434389,0.8805309734513275,0.9198113207547169,0.9261083743842364,0.8947368421052632,0.8855721393034826,0.8888888888888888,0.8956521739130435,0.8837209302325582,0.8867924528301887,0.8133333333333334,0.8318181818181818,0.8403755868544601,0.8317307692307693,0.8333333333333334,0.8166666666666667,0.8304347826086956,0.7807017543859649,0.8296943231441049,0.7899543378995434,0.8421052631578947,0.7623318385650224,0.7877358490566038,0.7544642857142857,0.7209302325581395,0.7866666666666666,0.7715736040609137,0.7601809954751131,0.7659574468085106,0.7439613526570048,0.8177777777777778,0.7285067873303167,0.7836538461538461,0.7466666666666667,0.7741935483870968,0.7739130434782608,0.7605633802816901,0.7860262008733624,0.7663934426229508,0.8148148148148148,0.8251121076233184,0.8243243243243243,0.8552631578947368,0.8480392156862745,0.8493150684931506,0.8340248962655602,0.8830645161290323,0.8564356435643564,0.8533333333333334,0.8852459016393442,0.8970588235294118,0.8777292576419214,0.9248826291079812,0.9030837004405287,0.8854625550660793,0.8940092165898618,0.8644859813084113,0.8857142857142857,0.8686440677966102,0.8491379310344828,0.8482142857142857,0.8294930875576036,0.8663793103448276,0.8387096774193549,0.8304347826086956,0.8186046511627907
0.776255707762557,0.7914893617021277,0.759656652360515,0.8056872037914692,0.7794117647058824,0.8170212765957446,0.7688442211055276,0.7876106194690266,0.7292576419213974,0.7327586206896551,0.734375,0.7276995305164319,0.7361111111111112,0.7478260869565218,0.7610619469026548,0.7824074074074074,0.7018348623853211,0.7476190476190476,0.7205882352941176,0.766497461928934,0.7920353982300885,0.7439613526570048,0.7657657657657657,0.8264462809917356,0.8058252427184466,0.8133971291866029,0.7844036697247706,0.8296943231441049,0.8190045248868778,0.8477366255144033,0.845,0.875,0.8951965065502183,0.8708133971291866,0.8930232558139535,0.8771186440677966,0.869198312236287,0.8755364806866953,0.8693877551020408,0.9102564102564102,0.897196261682243,0.8727272727272727,0.8730964467005076,0.9083333333333333,0.839622641509434,0.8708133971291866,0.8468468468468469,0.8486238532110092,0.875,0.7923728813559322,0.8137651821862348,0.7838983050847458,0.7523809523809524,0.784037558685446,0.8080357142857143,0.7175925925925926,0.7735849056603774,0.7575757575757576,0.7366255144032922,0.7294117647058823,0.7184873949579832,0.7379912663755459,0.7568807339449541,0.7319148936170212,0.7330316742081447,0.7593360995850622,0.7246963562753036,0.7598039215686274,0.7488372093023256,0.7456140350877193,0.7358490566037735,0.7767441860465116,0.7603686635944701,0.8114035087719298,0.809322033898305,0.7991452991452992,0.8366336633663366,0.8284313725490197,0.8260869565217391,0.8458149779735683,0.9029126213592233,0.8622448979591837,0.8785046728971962,0.8811475409836066,0.8949771689497716,0.9066666666666666,0.896,0.8794642857142857,0.8669527896995708,0.8973214285714286,0.8976744186046511,0.8716814159292036,0.8651162790697674,0.8991596638655462,0.848780487804878,0.881578947368421,0.8341708542713567,0.8415841584158416,0.8205128205128205,0.7873303167420814
0.7974683544303798,0.7777777777777778,0.8165938864628821,0.8054298642533937,0.7945205479452054,0.7603686635944701,0.76,0.7937219730941704,0.7212389380530974,0.7186147186147186,0.7424892703862661,0.7149532710280374,0.7115384615384616,0.6543778801843319,0.7354260089686099,0.7407407407407407,0.6808510638297872,0.7607655502392344,0.6771300448430493,0.7352941176470589,0.7716535433070866,0.8010204081632653,0.7589285714285714,0.815,0.8008298755186722,0.780952380952381,0.8436213991769548,0.8826291079812206,0.8340425531914893,0.8347457627118644,0.9036697247706422,0.8371040723981901,0.8693467336683417,0.8521739130434782,0.847926267281106,0.8657407407407407,0.8540772532188842,0.8883720930232558,0.8772727272727273,0.8767772511848341,0.9145299145299145,0.8525345622119815,0.8918918918918919,0.8811881188118812,0.8264840182648402,0.853448275862069,0.8116591928251121,0.8090909090909091,0.8010752688172043,0.7981651376146789,0.8047619047619048,0.821256038647343,0.7636363636363637,0.7913043478260869,0.780952380952381,0.7678571428571429,0.7457627118644068,0.7577092511013216,0.7226890756302521,0.7616822429906542,0.7383966244725738,0.7192982456140351,0.7154150197628458,0.68,0.7828282828282829,0.716,0.6995708154506438,0.7192118226600985,0.8075313807531381,0.751131221719457,0.7824074074074074,0.7115384615384616,0.7759336099585062,0.7935779816513762,0.7842323651452282,0.8294930875576036,0.8020304568527918,0.8564102564102564,0.8024193548387096,0.8798283261802575,0.8734177215189873,0.8564356435643564,0.8390243902439024,0.8805970149253731,0.89,0.8630705394190872,0.8559322033898306,0.8869565217391304,0.8482142857142857,0.8725868725868726,0.861244019138756,0.8868778280542986,0.8578199052132701,0.8578680203045685,0.8134715025906736,0.8348623853211009,0.8181818181818182,0.835820895522388,0.831858407079646,0.7914893617021277
0.7465437788018433,0.8038277511961722,0.7699530516431925,0.7674418604651163,0.7450980392156863,0.75,0.7534246575342466,0.680952380952381,0.7142857142857143,0.7238095238095238,0.6743119266055045,0.675,0.6742081447963801,0.7,0.7083333333333334,0.6990291262135923,0.6666666666666666,0.7193877551020408,0.75,0.7379912663755459,0.8009708737864077,0.7169811320754716,0.7320574162679426,0.7713004484304933,0.8093023255813954,0.7370892018779343,0.8075313807531381,0.8125,0.8521739130434782,0.8282828282828283,0.8851674641148325,0.8475336322869955,0.8303571428571429,0.85,0.8783783783783784,0.8810572687224669,0.9009009009009009,0.8701298701298701,0.8483412322274881,0.8146341463414634,0.8834080717488789,0.8597285067873304,0.8316831683168316,0.8340080971659919,0.8564814814814815,0.8407960199004975,0.7634854771784232,0.8181818181818182,0.7911111111111111,0.7952380952380952,0.799163179916318,0.7238095238095238,0.8025751072961373,0.7524271844660194,0.7547169811320755,0.7338709677419355,0.7583333333333333,0.75,0.7467811158798283,0.6974358974358974,0.6801801801801802,0.6936936936936937,0.7547169811320755,0.7268518518518519,0.6567796610169492,0.6391752577319587,0.7219512195121951,0.7433628318584071,0.7523364485981309,0.7285714285714285,0.7591836734693878,0.7393364928909952,0.8054298642533937,0.7458333333333333,0.7980769230769231,0.8207547169811321,0.827433628318584,0.8027522935779816,0.8685446009389671,0.8125,0.8181818181818182,0.8472222222222222,0.8888888888888888,0.8506787330316742,0.8691588785046729,0.8967136150234741,0.8254716981132075,0.8043478260869565,0.8518518518518519,0.8490566037735849,0.8916256157635468,0.8258706467661692,0.8294930875576036,0.8873873873873874,0.8915094339622641,0.8080357142857143,0.8056872037914692,0.7913043478260869,0.8090909090909091,0.7877358490566038
0.7389380530973452,0.8185654008438819,0.7572815533980582,0.7300884955752213,0.7383966244725738,0.7511520737327189,0.6974789915966386,0.6340425531914894,0.695852534562212,0.6844660194174758,0.6475770925110133,0.6468085106382979,0.6940639269406392,0.7128205128205128,0.7130044843049327,0.7222222222222222,0.6652173913043479,0.6769911504424779,0.6943231441048034,0.6519607843137255,0.6782608695652174,0.6682464454976303,0.7574468085106383,0.75,0.7536945812807881,0.7533632286995515,0.7842323651452282,0.7383966244725738,0.8333333333333334,0.8075117370892019,0.8325991189427313,0.8516949152542372,0.8678414096916299,0.8578199052132701,0.8325991189427313,0.8813559322033898,0.806930693069307,0.8591549295774648,0.8571428571428571,0.8853211009174312,0.87890625,0.8627450980392157,0.8333333333333334,0.7772511848341233,0.8362831858407079,0.8214285714285714,0.8205128205128205,0.8,0.7989949748743719,0.721030042918455,0.7559808612440191,0.7395348837209302,0.7511111111111111,0.7598039215686274,0.6730769230769231,0.7696078431372549,0.6842105263157895,0.6763285024154589,0.7268518518518519,0.5630252100840336,0.7203791469194313,0.6884422110552764,0.6772727272727272,0.6981981981981982,0.6769911504424779,0.676056338028169,0.6898148148148148,0.6435185185185185,0.7264957264957265,0.6851063829787234,0.7129629629629629,0.696078431372549,0.7035398230088495,0.7559808612440191,0.75,0.7918781725888325,0.8056872037914692,0.7644444444444445,0.8354430379746836,0.8148148148148148,0.827906976744186,0.831858407079646,0.868421052631579,0.8540772532188842,0.8544600938967136,0.8666666666666667,0.8652173913043478,0.8779342723004695,0.8264840182648402,0.868421052631579,0.8461538461538461,0.8592233009708737,0.8495145631067961,0.8348214285714286,0.8444444444444444,0.8075313807531381,0.8209606986899564,0.8201754385964912,0.7971014492753623,0.7684729064039408
0.7330316742081447,0.7572815533980582,0.7086956521739131,0.7574257425742574,0.7268722466960352,0.6614583333333334,0.6177777777777778,0.6828193832599119,0.6796116504854369,0.6100917431192661,0.7096774193548387,0.6650717703349283,0.6553191489361702,0.6781115879828327,0.6620370370370371,0.6535087719298246,0.648068669527897,0.5727699530516432,0.7129186602870813,0.6978723404255319,0.7142857142857143,0.7216981132075472,0.6610878661087866,0.7256637168141593,0.7424892703862661,0.7184466019417476,0.7387387387387387,0.7913043478260869,0.7850877192982456,0.6962025316455697,0.8552631578947368,0.847457627118644,0.8283261802575107,0.8283261802575107,0.8644859813084113,0.8388625592417062,0.8547717842323651,0.907258064516129,0.8201754385964912,0.817351598173516,0.8475336322869955,0.8928571428571429,0.8252427184466019,0.8165137614678899,0.8296943231441049,0.8018018018018018,0.8058252427184466,0.7788461538461539,0.7663551401869159,0.7672413793103449,0.7276785714285714,0.6818181818181818,0.7476190476190476,0.7559808612440191,0.7510729613733905,0.6991150442477876,0.6863636363636364,0.6866952789699571,0.6854460093896714,0.717391304347826,0.6842105263157895,0.65625,0.6244541484716157,0.6138613861386139,0.6887966804979253,0.7096774193548387,0.6956521739130435,0.7227272727272728,0.6694214876033058,0.68,0.7024390243902439,0.7581395348837209,0.7104072398190046,0.7522123893805309,0.7901234567901234,0.746268656716418,0.7830188679245284,0.7847533632286996,0.8181818181818182,0.8382352941176471,0.821256038647343,0.8059071729957806,0.8341013824884793,0.8558558558558559,0.8427947598253275,0.8508771929824561,0.8666666666666667,0.859375,0.8738738738738738,0.8546255506607929,0.8382978723404255,0.8430493273542601,0.8888888888888888,0.8155737704918032,0.7969543147208121,0.8103448275862069,0.8008130081300813,0.8195121951219512,0.7663934426229508,0.7831858407079646
0.7671232876712328,0.6697247706422018,0.7325102880658436,0.714975845410628,0.6708860759493671,0.6869158878504673,0.7014925373134329,0.634703196347032,0.663594470046083,0.6299559471365639,0.7263681592039801,0.6763285024154589,0.6244897959183674,0.6119402985074627,0.6239669421487604,0.6255506607929515,0.6451612903225806,0.6794871794871795,0.6048780487804878,0.6709401709401709,0.6830357142857143,0.7156862745098039,0.7136150234741784,0.711864406779661,0.7401960784313726,0.7477064220183486,0.7455357142857143,0.7478632478632479,0.7727272727272727,0.7264150943396226,0.8260869565217391,0.7641509433962265,0.8383838383838383,0.8525345622119815,0.8097345132743363,0.8602620087336245,0.8619246861924686,0.8779342723004695,0.867579908675799,0.8448275862068966,0.821917808219178,0.8257261410788381,0.8693693693693694,0.8380952380952381,0.8209606986899564,0.8165137614678899,0.8162393162393162,0.7272727272727273,0.7467248908296943,0.7647058823529411,0.7593360995850622,0.6875,0.7285714285714285,0.6939655172413793,0.676595744680851,0.6650943396226415,0.7155555555555555,0.6547085201793722,0.6214953271028038,0.6602870813397129,0.6060606060606061,0.5981735159817352,0.6933333333333334,0.6953125,0.6619718309859155,0.6504065040650406,0.665,0.6509433962264151,0.6651982378854625,0.6694214876033058,0.6422018348623854,0.6878048780487804,0.6919642857142857,0.7071129707112971,0.771689497716895,0.784037558685446,0.7973568281938326,0.7542372881355932,0.7818181818181819,0.7819905213270142,0.7959183673469388,0.8162393162393162,0.8119266055045872,0.8571428571428571,0.8678414096916299,0.8681818181818182,0.8727272727272727,0.8679245283018868,0.8105726872246696,0.8130434782608695,0.8325358851674641,0.8046511627906977,0.8677685950413223,0.8217821782178217,0.793859649122807,0.7835497835497836,0.7974137931034483,0.7557603686635944,0.7621621621621621,0.7647058823529411
0.7248908296943232,0.70995670995671,0.7149321266968326,0.6794258373205742,0.6651785714285714,0.6842105263157895,0.6451612903225806,0.6798245614035088,0.6384976525821596,0.5874439461883408,0.6171171171171171,0.5799086757990868,0.5377358490566038,0.6261261261261262,0.596078431372549,0.6206896551724138,0.6063348416289592,0.631578947368421,0.6045454545454545,0.6696428571428571,0.6738197424892703,0.631578947368421,0.7268722466960352,0.6787564766839378,0.6985645933014354,0.7444933920704846,0.7300884955752213,0.7478632478632479,0.759090909090909,0.7721518987341772,0.812206572769953,0.7804878048780488,0.8185654008438819,0.8029556650246306,0.825,0.8369098712446352,0.8340807174887892,0.7887931034482759,0.803921568627451,0.8242677824267782,0.8111587982832618,0.8627450980392157,0.8235294117647058,0.8161434977578476,0.7660550458715596,0.8018018018018018,0.7142857142857143,0.7598039215686274,0.7669491525423728,0.6915887850467289,0.7380952380952381,0.6788990825688074,0.6682692307692307,0.6742081447963801,0.7129629629629629,0.5806451612903226,0.6142857142857143,0.584,0.5911330049261084,0.55,0.57847533632287,0.6417910447761194,0.5921052631578947,0.6517857142857143,0.6043478260869565,0.631336405529954,0.6481481481481481,0.5850622406639004,0.7038834951456311,0.6299559471365639,0.6415094339622641,0.6516393442622951,0.7511111111111111,0.7009345794392523,0.6992481203007519,0.7395348837209302,0.7792207792207793,0.7970297029702971,0.7660550458715596,0.7723577235772358,0.832579185520362,0.7818930041152263,0.8027522935779816,0.8533333333333334,0.8526315789473684,0.8755186721991701,0.8627450980392157,0.8110599078341014,0.8340807174887892,0.8348214285714286,0.8266666666666667,0.8211009174311926,0.7982062780269058,0.8375634517766497,0.794392523364486,0.7737556561085973,0.7688679245283019,0.7804878048780488,0.7289719626168224,0.7351598173515982
0.688034188034188,0.6541666666666667,0.6801801801801802,0.7212389380530974,0.6801801801801802,0.6559633027522935,0.5964125560538116,0.6558704453441295,0.5909090909090909,0.6299559471365639,0.5907172995780591,0.6313131313131313,0.6261261261261262,0.6080402010050251,0.580952380952381,0.6146788990825688,0.5774647887323944,0.6103896103896104,0.5619047619047619,0.6296296296296297,0.6561264822134387,0.611353711790393,0.671875,0.6622807017543859,0.6666666666666666,0.7184873949579832,0.8073770491803278,0.7395348837209302,0.7368421052631579,0.7488789237668162,0.8125,0.8019323671497585,0.8222222222222222,0.8131313131313131,0.8486238532110092,0.8119266055045872,0.8407960199004975,0.7967479674796748,0.8325358851674641,0.8403755868544601,0.8258928571428571,0.8295964125560538,0.8237885462555066,0.801762114537445,0.8382352941176471,0.7843137254901961,0.7347826086956522,0.7924528301886793,0.721030042918455,0.757847533632287,0.7297297297297297,0.7092511013215859,0.6367521367521367,0.6590909090909091,0.6044444444444445,0.579185520361991,0.5798319327731093,0.6108597285067874,0.6,0.5690376569037657,0.5572139303482587,0.5765765765765766,0.6161137440758294,0.5489130434782609,0.5973451327433629,0.6401673640167364,0.6359447004608295,0.6086956521739131,0.6416666666666667,0.6134453781512605,0.6559633027522935,0.714975845410628,0.6291079812206573,0.6582278481012658,0.6618357487922706,0.748898678414097,0.7524752475247525,0.7835497835497836,0.7488789237668162,0.8227848101265823,0.7272727272727273,0.8185654008438819,0.7788461538461539,0.8149779735682819,0.8143459915611815,0.8411214953271028,0.8544600938967136,0.8258706467661692,0.8247863247863247,0.8347457627118644,0.8333333333333334,0.8246445497630331,0.7966101694915254,0.7587719298245614,0.7761904761904762,0.7675438596491229,0.7203389830508474,0.7413793103448276,0.776255707762557,0.6475770925110133
0.683982683982684,0.6286919831223629,0.69377990430622,0.6341463414634146,0.631336405529954,0.6371681415929203,0.7018348623853211,0.5877192982456141,0.6597510373443983,0.6171171171171171,0.5635593220338984,0.6026200873362445,0.5291479820627802,0.6216216216216216,0.5857740585774058,0.529126213592233,0.5784313725490197,0.6621004566210046,0.6255506607929515,0.5707547169811321,0.5903083700440529,0.6761133603238867,0.6695652173913044,0.6261261261261262,0.6801801801801802,0.6413502109704642,0.7226890756302521,0.6968325791855203,0.8018018018018018,0.79,0.7857142857142857,0.7449392712550608,0.8161434977578476,0.7991266375545851,0.808695652173913,0.8205128205128205,0.8495145631067961,0.8319327731092437,0.8454106280193237,0.8432203389830508,0.8837209302325582,0.8363636363636363,0.7916666666666666,0.7887931034482759,0.7557603686635944,0.7488584474885844,0.7075471698113207,0.7703349282296651,0.7268722466960352,0.698744769874477,0.6912442396313364,0.7241379310344828,0.6681614349775785,0.6636771300448431,0.6517857142857143,0.6047430830039525,0.5714285714285714,0.5613207547169812,0.6607929515418502,0.5869565217391305,0.5638766519823789,0.6083333333333333,0.5822222222222222,0.5863874345549738,0.5472636815920398,0.5859030837004405,0.5818965517241379,0.6425339366515838,0.6201923076923077,0.6571428571428571,0.6438356164383562,0.6573705179282868,0.6609442060085837,0.7251184834123223,0.6699507389162561,0.7077625570776256,0.7692307692307693,0.7330316742081447,0.7394957983193278,0.7391304347826086,0.7339901477832512,0.7573221757322176,0.8026315789473685,0.7777777777777778,0.8200836820083682,0.8629032258064516,0.8313253012048193,0.8138528138528138,0.8115942028985508,0.8375,0.8177966101694916,0.8035714285714286,0.7882882882882883,0.7434782608695653,0.7309417040358744,0.7719298245614035,0.7370689655172413,0.6666666666666666,0.7269076305220884,0.7149122807017544
0.6866952789699571,0.6533333333333333,0.6244343891402715,0.5955555555555555,0.6064814814814815,0.5678391959798995,0.5836909871244635,0.5185185185185185,0.54,0.4675324675324675,0.5,0.604,0.5596330275229358,0.582010582010582,0.4954128440366973,0.5253456221198156,0.5387931034482759,0.5402843601895735,0.5630252100840336,0.6123348017621145,0.6294642857142857,0.6292682926829268,0.6178861788617886,0.645021645021645,0.6887966804979253,0.6738197424892703,0.7017543859649122,0.7154811715481172,0.7293577981651376,0.7678571428571429,0.7285067873303167,0.7816593886462883,0.8148148148148148,0.7207207207207207,0.801762114537445,0.8078602620087336,0.8051282051282052,0.8133971291866029,0.7733990147783252,0.7957446808510639,0.7688888888888888,0.8211009174311926,0.8508771929824561,0.8028169014084507,0.7916666666666666,0.7611940298507462,0.7611940298507462,0.7627906976744186,0.7575757575757576,0.684931506849315,0.6333333333333333,0.6415094339622641,0.5895196506550219,0.6238095238095238,0.5953488372093023,0.5929203539823009,0.5396039603960396,0.5555555555555556,0.5770925110132159,0.5299539170506913,0.5852534562211982,0.545045045045045,0.5307017543859649,0.5229357798165137,0.5116279069767442,0.6043478260869565,0.5904761904761905,0.5394736842105263,0.5208333333333334,0.555045871559633,0.6116504854368932,0.6512820512820513,0.5720720720720721,0.6556603773584906,0.6606334841628959,0.714975845410628,0.6223175965665236,0.7339901477832512,0.7633928571428571,0.7761194029850746,0.776255707762557,0.8151260504201681,0.7763157894736842,0.8280542986425339,0.8,0.7850467289719626,0.8394495412844036,0.8194444444444444,0.8157894736842105,0.7649769585253456,0.7948717948717948,0.7489361702127659,0.7633928571428571,0.7738095238095238,0.7330508474576272,0.7669491525423728,0.7665198237885462,0.7227272727272728,0.72,0.663594470046083
0.6636771300448431,0.6926829268292682,0.6609442060085837,0.5769230769230769,0.5813953488372093,0.5841121495327103,0.5964125560538116,0.5789473684210527,0.5528455284552846,0.5333333333333333,0.4759825327510917,0.5225225225225225,0.4883720930232558,0.5229357798165137,0.5288888888888889,0.5333333333333333,0.5796460176991151,0.48148148148148145,0.5720720720720721,0.5203619909502263,0.5560747663551402,0.5922330097087378,0.6115702479338843,0.5747663551401869,0.6460176991150443,0.6859504132231405,0.6448598130841121,0.7702127659574468,0.7652173913043478,0.7698744769874477,0.7637130801687764,0.7142857142857143,0.7161572052401747,0.8119266055045872,0.8181818181818182,0.8104265402843602,0.7913043478260869,0.7932692307692307,0.8195121951219512,0.8009259259259259,0.8,0.7768595041322314,0.7754237288135594,0.8201754385964912,0.7280334728033473,0.7619047619047619,0.7136752136752137,0.7021276595744681,0.69140625,0.6324786324786325,0.6764705882352942,0.6153846153846154,0.6342592592592593,0.576036866359447,0.5309734513274337,0.5258620689655172,0.5619469026548672,0.4956140350877193,0.587378640776699,0.5092592592592593,0.5693069306930693,0.5739130434782609,0.5564853556485355,0.48095238095238096,0.4789915966386555,0.5348837209302325,0.5844748858447488,0.555045871559633,0.5887096774193549,0.5863636363636363,0.5721153846153846,0.6308411214953271,0.6372093023255814,0.669683257918552,0.6699029126213593,0.6894977168949772,0.7216494845360825,0.6986301369863014,0.7432432432432432,0.771689497716895,0.7931034482758621,0.7537688442211056,0.7867298578199052,0.8034934497816594,0.8355555555555556,0.7669902912621359,0.8614718614718615,0.8209606986899564,0.7659574468085106,0.8067226890756303,0.8,0.8333333333333334,0.7792207792207793,0.7972350230414746,0.740909090909091,0.7935779816513762,0.7623318385650224,0.7296137339055794,0.631578947368421,0.6785714285714286
0.6073059360730594,0.6052631578947368,0.5242718446601942,0.5887850467289719,0.6055045871559633,0.5877192982456141,0.5336538461538461,0.5025380710659898,0.5238095238095238,0.5657894736842105,0.5194805194805194,0.4868421052631579,0.4908256880733945,0.5336134453781513,0.5102040816326531,0.49523809523809526,0.5253456221198156,0.5467289719626168,0.5676855895196506,0.5286343612334802,0.49557522123893805,0.5740740740740741,0.5511111111111111,0.5981308411214953,0.6606334841628959,0.6747572815533981,0.6460905349794238,0.7478632478632479,0.7171717171717171,0.7713004484304933,0.7882882882882883,0.8,0.8045454545454546,0.7584745762711864,0.8106995884773662,0.8142857142857143,0.8431372549019608,0.7982062780269058,0.8237885462555066,0.8099547511312217,0.8347826086956521,0.7659574468085106,0.7754237288135594,0.7589285714285714,0.775330396475771,0.7219512195121951,0.7181818181818181,0.7232142857142857,0.6830357142857143,0.6858407079646017,0.6715686274509803,0.6125,0.673728813559322,0.6,0.5276381909547738,0.5681818181818182,0.5675675675675675,0.5844748858447488,0.48826291079812206,0.5278969957081545,0.5125628140703518,0.5339366515837104,0.5348837209302325,0.5333333333333333,0.49382716049382713,0.5478260869565217,0.4857142857142857,0.569377990430622,0.49760765550239233,0.5424528301886793,0.6077586206896551,0.6545454545454545,0.6188524590163934,0.6455696202531646,0.6735537190082644,0.6517857142857143,0.6909871244635193,0.7048458149779736,0.7333333333333333,0.719047619047619,0.7025862068965517,0.7412280701754386,0.8071748878923767,0.8140703517587939,0.810126582278481,0.8,0.8146551724137931,0.7877551020408163,0.8127853881278538,0.7912621359223301,0.7939914163090128,0.7757847533632287,0.7971014492753623,0.7654867256637168,0.7272727272727273,0.7074235807860262,0.68,0.6666666666666666,0.6886792452830188,0.625
0.6495327102803738,0.6228813559322034,0.5708502024291497,0.5870445344129555,0.6116071428571429,0.5391705069124424,0.5592417061611374,0.5555555555555556,0.583710407239819,0.5304347826086957,0.4700854700854701,0.4444444444444444,0.4801762114537445,0.46859903381642515,0.46511627906976744,0.4410480349344978,0.47,0.48695652173913045,0.5535714285714286,0.583710407239819,0.6137339055793991,0.5844748858447488,0.5892857142857143,0.6981981981981982,0.634703196347032,0.591743119266055,0.569377990430622,0.7087378640776699,0.755,0.71900826446281,0.7393162393162394,0.759090909090909,0.8103448275862069,0.8143459915611815,0.7660550458715596,0.8151658767772512,0.8370044052863436,0.8340807174887892,0.8480392156862745,0.8333333333333334,0.784037558685446,0.7874396135265701,0.7523364485981309,0.7723214285714286,0.7523364485981309,0.6762295081967213,0.7075471698113207,0.7117117117117117,0.6888888888888889,0.6763285024154589,0.6043478260869565,0.6068376068376068,0.5915492957746479,0.5811965811965812,0.6297872340425532,0.4619289340101523,0.5963302752293578,0.5299539170506913,0.57,0.4727272727272727,0.48058252427184467,0.5176991150442478,0.46120689655172414,0.48130841121495327,0.49056603773584906,0.4727272727272727,0.5147058823529411,0.5103734439834025,0.5138888888888888,0.5515695067264574,0.5607476635514018,0.6,0.5795918367346938,0.5654205607476636,0.6625,0.69377990430622,0.6585365853658537,0.7121951219512195,0.7395348837209302,0.7663934426229508,0.7777777777777778,0.7020408163265306,0.8136363636363636,0.7872340425531915,0.7818930041152263,0.7824074074074074,0.8156862745098039,0.762114537444934,0.7860696517412935,0.7702127659574468,0.7737556561085973,0.7398373983739838,0.7647058823529411,0.75,0.7136363636363636,0.7437185929648241,0.6634615384615384,0.6863636363636364,0.6731707317073171,0.6284403669724771
0.6407766990291263,0.6380090497737556,0.6082949308755761,0.5561224489795918,0.5911111111111111,0.527027027027027,0.5,0.4479638009049774,0.5071090047393365,0.5555555555555556,0.45267489711934156,0.44545454545454544,0.4410480349344978,0.49056603773584906,0.5233160621761658,0.4264705882352941,0.5,0.5315315315315315,0.5414847161572053,0.504950495049505,0.55,0.58,0.5172413793103449,0.6170212765957447,0.6239669421487604,0.672566371681416,0.6409090909090909,0.6590909090909091,0.6787330316742082,0.6905829596412556,0.6896551724137931,0.7672413793103449,0.7911646586345381,0.7638888888888888,0.8181818181818182,0.7981651376146789,0.7957446808510639,0.8212765957446808,0.8185840707964602,0.7963800904977375,0.7965367965367965,0.7798165137614679,0.7276785714285714,0.7808219178082192,0.7095238095238096,0.7522522522522522,0.7222222222222222,0.7045454545454546,0.6351351351351351,0.6082949308755761,0.5807860262008734,0.5633802816901409,0.5294117647058824,0.5580357142857143,0.5561224489795918,0.5022421524663677,0.5369458128078818,0.44635193133047213,0.4767932489451477,0.5041666666666667,0.4730290456431535,0.4396135265700483,0.4312796208530806,0.46443514644351463,0.4491525423728814,0.4690265486725664,0.4888888888888889,0.5380952380952381,0.5318181818181819,0.504950495049505,0.583732057416268,0.592964824120603,0.5720338983050848,0.6818181818181818,0.5806451612903226,0.6638297872340425,0.7338709677419355,0.6576576576576577,0.680365296803653,0.7395348837209302,0.7038834951456311,0.6965174129353234,0.7669491525423728,0.7402597402597403,0.7533632286995515,0.7873303167420814,0.7818181818181819,0.8,0.7892376681614349,0.795,0.771689497716895,0.7788461538461539,0.7043478260869566,0.7592592592592593,0.7178423236514523,0.6769911504424779,0.6787330316742082,0.6213991769547325,0.6605504587155964,0.5688073394495413
0.6260504201680672,0.5695652173913044,0.5565217391304348,0.5534883720930233,0.5863636363636363,0.49523809523809526,0.4810126582278481,0.4722222222222222,0.47540983606557374,0.5170940170940171,0.40611353711790393,0.43636363636363634,0.45714285714285713,0.502127659574468,0.4605263157894737,0.4698275862068966,0.42857142857142855,0.44166666666666665,0.5042372881355932,0.5069767441860465,0.5084033613445378,0.54337899543379,0.5541125541125541,0.6081081081081081,0.588477366255144,0.6386554621848739,0.6872586872586872,0.6984126984126984,0.6995073891625616,0.7149122807017544,0.7559808612440191,0.7178217821782178,0.6855895196506551,0.7389162561576355,0.805668016194332,0.8283261802575107,0.7983193277310925,0.7844036697247706,0.7922705314009661,0.7836538461538461,0.7324561403508771,0.7322175732217573,0.7702127659574468,0.7570093457943925,0.7117117117117117,0.6787330316742082,0.6318181818181818,0.6747572815533981,0.69377990430622,0.602803738317757,0.6244541484716157,0.5728155339805825,0.6130434782608696,0.5236051502145923,0.4774774774774775,0.4719626168224299,0.5049019607843137,0.49765258215962443,0.46078431372549017,0.4387755102040816,0.47844827586206895,0.4,0.4878048780487805,0.46846846846846846,0.40969162995594716,0.46502057613168724,0.45089285714285715,0.5221238938053098,0.4717948717948718,0.46411483253588515,0.543778801843318,0.5373831775700935,0.6026785714285714,0.5650224215246636,0.606694560669456,0.6026200873362445,0.6748971193415638,0.691304347826087,0.6986301369863014,0.6585365853658537,0.7553648068669528,0.7385321100917431,0.7534246575342466,0.7619047619047619,0.7980295566502463,0.7654867256637168,0.803921568627451,0.7905982905982906,0.8514851485148515,0.7882882882882883,0.7869565217391304,0.7741935483870968,0.7733990147783252,0.728744939271255,0.7238095238095238,0.7227722772277227,0.7121212121212122,0.745,0.6652719665271967,0.6044444444444445
0.6090534979423868,0.5815899581589958,0.5833333333333334,0.5806451612903226,0.49137931034482757,0.5276381909547738,0.5126903553299492,0.4444444444444444,0.4392523364485981,0.43673469387755104,0.45416666666666666,0.45374449339207046,0.4329004329004329,0.4841628959276018,0.45098039215686275,0.41452991452991456,0.45454545454545453,0.5022421524663677,0.49344978165938863,0.5342465753424658,0.5219298245614035,0.5375,0.5765765765765766,0.6176470588235294,0.5506607929515418,0.5765765765765766,0.6181818181818182,0.6061946902654868,0.6810344827586207,0.7119341563786008,0.7214611872146118,0.7136563876651982,0.755656108597285,0.8423645320197044,0.7603686635944701,0.78125,0.7884615384615384,0.7393364928909952,0.7673469387755102,0.7945205479452054,0.8045454545454546,0.7575757575757576,0.759493670886076,0.7040358744394619,0.703125,0.7104072398190046,0.668141592920354,0.6771300448430493,0.6428571428571429,0.6227272727272727,0.5708333333333333,0.5700483091787439,0.5857142857142857,0.5145631067961165,0.47413793103448276,0.5100401606425703,0.46153846153846156,0.4523809523809524,0.5046728971962616,0.3702127659574468,0.3983050847457627,0.40476190476190477,0.3782608695652174,0.430327868852459,0.37719298245614036,0.4473684210526316,0.4386792452830189,0.4444444444444444,0.4977168949771689,0.5023474178403756,0.4748858447488584,0.5,0.5244444444444445,0.6198347107438017,0.6111111111111112,0.6619718309859155,0.6635514018691588,0.646551724137931,0.6833333333333333,0.7183098591549296,0.7098214285714286,0.7149122807017544,0.7488789237668162,0.7309417040358744,0.8051948051948052,0.7354260089686099,0.7787610619469026,0.8214285714285714,0.7649769585253456,0.793859649122807,0.7319587628865979,0.7327188940092166,0.6894977168949772,0.6981981981981982,0.7678571428571429,0.6577777777777778,0.6652173913043479,0.6018957345971564,0.678391959798995,0.5892857142857143
0.6026200873362445,0.5843621399176955,0.5662100456621004,0.4449152542372881,0.515695067264574,0.508695652173913,0.4595744680851064,0.40707964601769914,0.4107142857142857,0.43333333333333335,0.43824701195219123,0.4366812227074236,0.42338709677419356,0.37209302325581395,0.4978723404255319,0.45454545454545453,0.4098360655737705,0.42276422764227645,0.49099099099099097,0.47478991596638653,0.4773662551440329,0.49321266968325794,0.5625,0.5782608695652174,0.5650224215246636,0.6272727272727273,0.6188340807174888,0.6666666666666666,0.6743119266055045,0.676595744680851,0.6958762886597938,0.704,0.7559808612440191,0.7433628318584071,0.7703349282296651,0.7675438596491229,0.7370892018779343,0.7612612612612613,0.7413793103448276,0.7767857142857143,0.7708333333333334,0.76171875,0.7605633802816901,0.7255813953488373,0.6757990867579908,0.6814159292035398,0.7233009708737864,0.6180257510729614,0.6563876651982379,0.6317991631799164,0.6167400881057269,0.5791666666666667,0.5833333333333334,0.44339622641509435,0.5407725321888412,0.4716981132075472,0.4008810572687225,0.42543859649122806,0.4727272727272727,0.42168674698795183,0.3805309734513274,0.3853211009174312,0.42342342342342343,0.4189189189189189,0.4142857142857143,0.51,0.43317972350230416,0.41228070175438597,0.4409090909090909,0.45535714285714285,0.47393364928909953,0.5172413793103449,0.5138888888888888,0.5781990521327014,0.5047619047619047,0.5575221238938053,0.5911330049261084,0.6869565217391305,0.6157205240174672,0.6682027649769585,0.6792452830188679,0.726890756302521,0.7385321100917431,0.7442922374429224,0.771689497716895,0.788546255506608,0.7878787878787878,0.7867298578199052,0.8038277511961722,0.7902439024390244,0.7772511848341233,0.7665198237885462,0.7293577981651376,0.6941747572815534,0.7137096774193549,0.7043478260869566,0.6829268292682927,0.6108374384236454,0.6043478260869565,0.6149732620320856
0.6018099547511312,0.5454545454545454,0.4838709677419355,0.485,0.48826291079812206,0.4423963133640553,0.502283105022831,0.460093896713615,0.4297520661157025,0.41784037558685444,0.35555555555555557,0.43859649122807015,0.3888888888888889,0.351931330472103,0.3394495412844037,0.3760330578512397,0.3794642857142857,0.44223107569721115,0.4110169491525424,0.4519230769230769,0.4864864864864865,0.5395348837209303,0.4975369458128079,0.5637254901960784,0.5707317073170731,0.5892857142857143,0.6167400881057269,0.6609442060085837,0.6956521739130435,0.7009803921568627,0.6970954356846473,0.6761133603238867,0.6981981981981982,0.7198275862068966,0.7377049180327869,0.7668161434977578,0.8017241379310345,0.8392857142857143,0.7685589519650655,0.7828054298642534,0.7678571428571429,0.7566371681415929,0.7253218884120172,0.7802690582959642,0.7106598984771574,0.6436170212765957,0.6538461538461539,0.6244541484716157,0.6027397260273972,0.5362318840579711,0.538860103626943,0.5746606334841629,0.5606694560669456,0.5570175438596491,0.481651376146789,0.5317073170731708,0.4723404255319149,0.4107883817427386,0.4057377049180328,0.34234234234234234,0.34913793103448276,0.37735849056603776,0.3452914798206278,0.40540540540540543,0.42358078602620086,0.4039408866995074,0.41624365482233505,0.41517857142857145,0.5,0.5106382978723404,0.460093896713615,0.46774193548387094,0.5063829787234042,0.5752212389380531,0.5905172413793104,0.6093023255813953,0.5812807881773399,0.6890756302521008,0.6666666666666666,0.6652542372881356,0.7051282051282052,0.7066666666666667,0.7418032786885246,0.7567567567567568,0.7592592592592593,0.7383177570093458,0.745,0.8162393162393162,0.7612612612612613,0.7412280701754386,0.8078602620087336,0.775609756097561,0.7614678899082569,0.7330316742081447,0.6620370370370371,0.7162790697674418,0.638095238095238,0.6837209302325581,0.6396396396396397,0.584070796460177
0.6046511627906976,0.6210045662100456,0.5397489539748954,0.4439252336448598,0.5381165919282511,0.4260089686098655,0.4072398190045249,0.4698275862068966,0.4434389140271493,0.3719806763285024,0.43043478260869567,0.3173076923076923,0.3511111111111111,0.3813559322033898,0.345,0.38009049773755654,0.3588516746411483,0.38839285714285715,0.4192139737991266,0.42424242424242425,0.46919431279620855,0.484304932735426,0.4597156398104265,0.5181818181818182,0.5477178423236515,0.586046511627907,0.631336405529954,0.5761316872427984,0.6541666666666667,0.6604651162790698,0.7178423236514523,0.7344398340248963,0.7605042016806722,0.7117903930131004,0.7415254237288136,0.7661691542288557,0.7467811158798283,0.7638888888888888,0.7990430622009569,0.7615062761506276,0.7472527472527473,0.7351598173515982,0.7248908296943232,0.7609756097560976,0.658008658008658,0.7048458149779736,0.6948356807511737,0.6694214876033058,0.6666666666666666,0.5799086757990868,0.5974025974025974,0.5560538116591929,0.515695067264574,0.5236051502145923,0.44559585492227977,0.43902439024390244,0.4396135265700483,0.4009433962264151,0.3640552995391705,0.3656387665198238,0.35344827586206895,0.35071090047393366,0.3705179282868526,0.3737864077669903,0.40298507462686567,0.3886255924170616,0.36123348017621143,0.45622119815668205,0.40654205607476634,0.46846846846846846,0.5395348837209303,0.5106382978723404,0.46788990825688076,0.5,0.5929203539823009,0.6164383561643836,0.6596638655462185,0.5585585585585585,0.6822429906542056,0.6532663316582915,0.7198275862068966,0.7105263157894737,0.6926829268292682,0.7110091743119266,0.7018348623853211,0.7754237288135594,0.75,0.7763157894736842,0.7352941176470589,0.746606334841629,0.7342342342342343,0.7399103139013453,0.7743362831858407,0.7114427860696517,0.7023255813953488,0.6376811594202898,0.6763285024154589,0.5933014354066986,0.6055045871559633,0.5615763546798029
0.5826086956521739,0.4954954954954955,0.5191489361702127,0.4588744588744589,0.4297872340425532,0.4444444444444444,0.4068627450980392,0.3511111111111111,0.3378995433789954,0.35023041474654376,0.40384615384615385,0.35585585585585583,0.38009049773755654,0.3349282296650718,0.4017857142857143,0.34,0.39303482587064675,0.39285714285714285,0.4068627450980392,0.39823008849557523,0.39908256880733944,0.44871794871794873,0.5291666666666667,0.5069124423963134,0.5570175438596491,0.5278969957081545,0.6217391304347826,0.6495327102803738,0.6208530805687204,0.6354679802955665,0.6909090909090909,0.6981981981981982,0.7513227513227513,0.7592592592592593,0.7435897435897436,0.7782101167315175,0.8026905829596412,0.7818181818181819,0.7529411764705882,0.75,0.7115384615384616,0.7675438596491229,0.7448559670781894,0.696969696969697,0.6372549019607843,0.6602870813397129,0.6763285024154589,0.6682926829268293,0.6160337552742616,0.55,0.5344827586206896,0.4791666666666667,0.4840182648401826,0.4186046511627907,0.4955357142857143,0.38392857142857145,0.47161572052401746,0.40444444444444444,0.37089201877934275,0.3438735177865613,0.419811320754717,0.36764705882352944,0.31363636363636366,0.3872549019607843,0.35443037974683544,0.36403508771929827,0.36619718309859156,0.39316239316239315,0.46568627450980393,0.38596491228070173,0.5024154589371981,0.502262443438914,0.47346938775510206,0.4808510638297872,0.5286343612334802,0.5684210526315789,0.5714285714285714,0.6616915422885572,0.6915887850467289,0.7037037037037037,0.7113821138211383,0.7161572052401747,0.6631016042780749,0.7162162162162162,0.7532467532467533,0.755868544600939,0.7434782608695653,0.7136150234741784,0.78125,0.7864077669902912,0.7741935483870968,0.7547169811320755,0.7524271844660194,0.6467661691542289,0.6666666666666666,0.7397260273972602,0.6157024793388429,0.5941422594142259,0.5879828326180258,0.5256410256410257
0.5339366515837104,0.5893719806763285,0.4782608695652174,0.46747967479674796,0.45871559633027525,0.4025974025974026,0.35960591133004927,0.4095238095238095,0.4225352112676056,0.3780487804878049,0.3181818181818182,0.37962962962962965,0.3888888888888889,0.4080717488789238,0.373134328358209,0.36231884057971014,0.3869565217391304,0.4144144144144144,0.32456140350877194,0.3861788617886179,0.4207920792079208,0.5136363636363637,0.4759825327510917,0.5596330275229358,0.568075117370892,0.5441860465116279,0.575,0.6386554621848739,0.6,0.6954545454545454,0.6990740740740741,0.6626984126984127,0.6826086956521739,0.726530612244898,0.7522123893805309,0.7584745762711864,0.7341269841269841,0.7841409691629956,0.7303921568627451,0.7544642857142857,0.7142857142857143,0.7069767441860465,0.7355769230769231,0.7215189873417721,0.6818181818181818,0.6723404255319149,0.6326530612244898,0.5374449339207048,0.611353711790393,0.5955555555555555,0.5069124423963134,0.4930232558139535,0.4880382775119617,0.425531914893617,0.3705179282868526,0.38427947598253276,0.38636363636363635,0.38967136150234744,0.34552845528455284,0.323943661971831,0.36637931034482757,0.34418604651162793,0.33047210300429186,0.357429718875502,0.3669724770642202,0.3605769230769231,0.334841628959276,0.3656387665198238,0.3813953488372093,0.430622009569378,0.5201793721973094,0.42924528301886794,0.462882096069869,0.5546218487394958,0.5434782608695652,0.539906103286385,0.558974358974359,0.5914893617021276,0.6298076923076923,0.75,0.6507177033492823,0.6883720930232559,0.7317073170731707,0.7323943661971831,0.6919191919191919,0.7407407407407407,0.7815126050420168,0.7631578947368421,0.8008658008658008,0.7659574468085106,0.7647058823529411,0.7130044843049327,0.7447916666666666,0.72,0.631336405529954,0.645021645021645,0.6413502109704642,0.5857142857142857,0.548936170212766,0.5539906103286385
0.5450819672131147,0.4618834080717489,0.48760330578512395,0.41630901287553645,0.4246575342465753,0.45454545454545453,0.38967136150234744,0.41037735849056606,0.35960591133004927,0.3562231759656652,0.29523809523809524,0.4097560975609756,0.3162393162393162,0.3287671232876712,0.31896551724137934,0.33668341708542715,0.34684684684684686,0.33816425120772947,0.36018957345971564,0.3761904761904762,0.4034334763948498,0.44672131147540983,0.49382716049382713,0.5046296296296297,0.46938775510204084,0.4975845410628019,0.6121495327102804,0.6322869955156951,0.68,0.6511627906976745,0.652542372881356,0.7142857142857143,0.6926605504587156,0.7109004739336493,0.6902654867256637,0.7652173913043478,0.7202072538860104,0.7297297297297297,0.7370689655172413,0.7293577981651376,0.6563876651982379,0.7510917030567685,0.6855895196506551,0.6382978723404256,0.6837209302325581,0.6401869158878505,0.6233183856502242,0.6727272727272727,0.6206896551724138,0.5324074074074074,0.4369369369369369,0.5282051282051282,0.48598130841121495,0.46153846153846156,0.4224137931034483,0.42788461538461536,0.319047619047619,0.3291139240506329,0.3584070796460177,0.3763440860215054,0.3150684931506849,0.3111111111111111,0.3813953488372093,0.30917874396135264,0.36666666666666664,0.30851063829787234,0.3412322274881517,0.39915966386554624,0.4253393665158371,0.4279475982532751,0.38308457711442784,0.5023474178403756,0.45643153526970953,0.5208333333333334,0.5644444444444444,0.5898617511520737,0.6359649122807017,0.6406926406926406,0.631336405529954,0.6976744186046512,0.6956521739130435,0.746268656716418,0.6891891891891891,0.6916666666666667,0.751219512195122,0.7573221757322176,0.7127659574468085,0.7465437788018433,0.7909090909090909,0.7911111111111111,0.7393364928909952,0.7320574162679426,0.7342995169082126,0.697560975609756,0.6894977168949772,0.6604651162790698,0.5882352941176471,0.5619469026548672,0.625,0.5348837209302325
0.5524193548387096,0.5502008032128514,0.4311111111111111,0.504424778761062,0.43577981651376146,0.4418604651162791,0.38613861386138615,0.4225352112676056,0.3744292237442922,0.3374485596707819,0.33183856502242154,0.37872340425531914,0.29130434782608694,0.2744186046511628,0.26459143968871596,0.2975206611570248,0.36796536796536794,0.32857142857142857,0.3247422680412371,0.38495575221238937,0.35148514851485146,0.4207920792079208,0.43555555555555553,0.5384615384615384,0.5410628019323671,0.5367965367965368,0.5738396624472574,0.5907172995780591,0.6223175965665236,0.6638297872340425,0.6417910447761194,0.6233766233766234,0.65625,0.6954545454545454,0.7163461538461539,0.7524271844660194,0.7877358490566038,0.7675438596491229,0.7767857142857143,0.7619047619047619,0.7619047619047619,0.7570093457943925,0.7272727272727273,0.70995670995671,0.6,0.7112068965517241,0.6261682242990654,0.6180904522613065,0.5454545454545454,0.5889830508474576,0.5355648535564853,0.48704663212435234,0.4978723404255319,0.3938053097345133,0.41409691629955947,0.3963963963963964,0.32786885245901637,0.37373737373737376,0.36036036036036034,0.308,0.2672811059907834,0.2767857142857143,0.33653846153846156,0.33490566037735847,0.33170731707317075,0.33043478260869563,0.3782608695652174,0.30416666666666664,0.3793103448275862,0.4019138755980861,0.419811320754717,0.4657534246575342,0.5047619047619047,0.44017094017094016,0.5560344827586207,0.5275590551181102,0.5413223140495868,0.6157205240174672,0.6318407960199005,0.6711711711711712,0.6666666666666666,0.7019230769230769,0.7669902912621359,0.7629310344827587,0.6991525423728814,0.7163461538461539,0.7241379310344828,0.8010752688172043,0.7677725118483413,0.7641509433962265,0.7105263157894737,0.7476190476190476,0.7877358490566038,0.6926605504587156,0.6962616822429907,0.6523809523809524,0.6141078838174274,0.627906976744186,0.5181818181818182,0.502283105022831
0.5342465753424658,0.5221674876847291,0.49074074074074076,0.4069264069264069,0.4185022026431718,0.4320388349514563,0.38524590163934425,0.37272727272727274,0.38308457711442784,0.3056768558951965,0.34854771784232363,0.319634703196347,0.3162393162393162,0.28708133971291866,0.29004329004329005,0.32142857142857145,0.27111111111111114,0.3157894736842105,0.34309623430962344,0.384297520661157,0.3728813559322034,0.4773662551440329,0.4678111587982833,0.4782608695652174,0.512,0.5230769230769231,0.5841121495327103,0.5609756097560976,0.5974025974025974,0.7023255813953488,0.6637554585152838,0.6441441441441441,0.7181818181818181,0.7047619047619048,0.7119341563786008,0.7782426778242678,0.7281553398058253,0.706140350877193,0.7272727272727273,0.7205240174672489,0.6532663316582915,0.6781115879828327,0.647887323943662,0.6666666666666666,0.6962025316455697,0.578125,0.648068669527897,0.6,0.6186046511627907,0.5304347826086957,0.46261682242990654,0.49344978165938863,0.5042735042735043,0.45414847161572053,0.46,0.41706161137440756,0.3470319634703196,0.3456221198156682,0.3469387755102041,0.3181818181818182,0.32524271844660196,0.30917874396135264,0.30666666666666664,0.3220338983050847,0.36134453781512604,0.36036036036036034,0.3516949152542373,0.3936651583710407,0.38565022421524664,0.4230769230769231,0.43776824034334766,0.4925373134328358,0.5314009661835749,0.4816326530612245,0.5104166666666666,0.5235849056603774,0.6038647342995169,0.580952380952381,0.7260869565217392,0.6547085201793722,0.7023255813953488,0.6728971962616822,0.6911764705882353,0.7008928571428571,0.7238095238095238,0.7725118483412322,0.7354260089686099,0.7276785714285714,0.7050691244239631,0.7566371681415929,0.7684729064039408,0.6981981981981982,0.6926829268292682,0.6491228070175439,0.6,0.6651376146788991,0.6095617529880478,0.6383928571428571,0.5550239234449761,0.5963302752293578
0.5381165919282511,0.4868421052631579,0.40611353711790393,0.4590909090909091,0.3855421686746988,0.39111111111111113,0.33490566037735847,0.2986425339366516,0.3588709677419355,0.3469387755102041,0.3148148148148148,0.2687224669603524,0.3155339805825243,0.3023255813953488,0.304,0.29596412556053814,0.3274336283185841,0.29357798165137616,0.3225806451612903,0.3782608695652174,0.3983050847457627,0.40789473684210525,0.45416666666666666,0.49767441860465117,0.5145228215767634,0.5510204081632653,0.5353982300884956,0.5286885245901639,0.6536796536796536,0.6363636363636364,0.6619047619047619,0.7102803738317757,0.7255813953488373,0.7008196721311475,0.7128712871287128,0.7394636015325671,0.7162162162162162,0.7312775330396476,0.7666666666666667,0.7101449275362319,0.7156398104265402,0.7288888888888889,0.6781115879828327,0.6636771300448431,0.6237113402061856,0.6170212765957447,0.6255924170616114,0.6606334841628959,0.5852534562211982,0.5021097046413502,0.5159817351598174,0.44534412955465585,0.4605263157894737,0.3930131004366812,0.3813953488372093,0.33482142857142855,0.3422222222222222,0.30092592592592593,0.30357142857142855,0.2904761904761905,0.3406113537117904,0.2510822510822511,0.2897196261682243,0.32057416267942584,0.2978723404255319,0.2974137931034483,0.3548387096774194,0.3614457831325301,0.36585365853658536,0.40654205607476634,0.35874439461883406,0.4604651162790698,0.4818181818181818,0.5129310344827587,0.5251141552511416,0.5414634146341464,0.6,0.5238095238095238,0.5666666666666667,0.581081081081081,0.6639344262295082,0.7077625570776256,0.6940639269406392,0.6371681415929203,0.731404958677686,0.7488584474885844,0.7510548523206751,0.7241379310344828,0.721030042918455,0.6926829268292682,0.6952789699570815,0.6727272727272727,0.6986301369863014,0.688034188034188,0.6211453744493393,0.6605504587155964,0.5782608695652174,0.592436974789916,0.5534883720930233,0.5450236966824644
0.5375494071146245,0.4646017699115044,0.4803921568627451,0.4080717488789238,0.3865979381443299,0.4084507042253521,0.3991031390134529,0.35864978902953587,0.35344827586206895,0.30917874396135264,0.2608695652173913,0.28448275862068967,0.28761061946902655,0.3050847457627119,0.3153153153153153,0.3432203389830508,0.33035714285714285,0.3,0.3392070484581498,0.43612334801762115,0.42105263157894735,0.39662447257383965,0.39215686274509803,0.4368932038834951,0.509090909090909,0.5141509433962265,0.5735294117647058,0.5207373271889401,0.6388888888888888,0.6633165829145728,0.6743119266055045,0.6368159203980099,0.6964980544747081,0.7241379310344828,0.7161016949152542,0.7477064220183486,0.7393162393162394,0.7464788732394366,0.7317073170731707,0.7066666666666667,0.7,0.7069767441860465,0.7033492822966507,0.6732673267326733,0.7135416666666666,0.6536796536796536,0.6021505376344086,0.5701357466063348,0.5485436893203883,0.5164835164835165,0.5111111111111111,0.4786729857819905,0.4618834080717489,0.41284403669724773,0.3333333333333333,0.35714285714285715,0.3333333333333333,0.2798165137614679,0.32057416267942584,0.30493273542600896,0.27074235807860264,0.3300970873786408,0.3236514522821577,0.27411167512690354,0.2629310344827586,0.3111111111111111,0.3211009174311927,0.29831932773109243,0.3559322033898305,0.3673469387755102,0.3991228070175439,0.44396551724137934,0.47863247863247865,0.48444444444444446,0.5227272727272727,0.5066666666666667,0.5522388059701493,0.6313559322033898,0.6634615384615384,0.6238938053097345,0.6205357142857143,0.6842105263157895,0.6590909090909091,0.7725118483412322,0.7374301675977654,0.7255813953488373,0.751004016064257,0.7116279069767442,0.7156398104265402,0.7443946188340808,0.7373271889400922,0.7297297297297297,0.6410256410256411,0.6303317535545023,0.6747967479674797,0.6077586206896551,0.589041095890411,0.5972850678733032,0.5078534031413613,0.5529953917050692
0.5265486725663717,0.4605263157894737,0.36134453781512604,0.461864406779661,0.4553191489361702,0.3624454148471616,0.3288888888888889,0.2863636363636364,0.2777777777777778,0.24793388429752067,0.30869565217391304,0.29207920792079206,0.23605150214592274,0.28688524590163933,0.2796610169491525,0.30869565217391304,0.35714285714285715,0.3224489795918367,0.3244444444444444,0.36619718309859156,0.42035398230088494,0.38596491228070173,0.4152542372881356,0.42358078602620086,0.5158371040723982,0.4766355140186916,0.49122807017543857,0.5308056872037915,0.5991189427312775,0.5848214285714286,0.7285714285714285,0.6351351351351351,0.6739130434782609,0.7589285714285714,0.7424892703862661,0.7040358744394619,0.7405857740585774,0.7511111111111111,0.7272727272727273,0.7377777777777778,0.7474747474747475,0.6699507389162561,0.695067264573991,0.6830357142857143,0.6995708154506438,0.6090909090909091,0.7397959183673469,0.5236051502145923,0.5070422535211268,0.49099099099099097,0.4830508474576271,0.5023041474654378,0.4307692307692308,0.4409090909090909,0.3542600896860987,0.3640552995391705,0.34418604651162793,0.3593073593073593,0.35294117647058826,0.3346938775510204,0.29515418502202645,0.28440366972477066,0.2669683257918552,0.26108374384236455,0.27896995708154504,0.326271186440678,0.3436123348017621,0.3422222222222222,0.32231404958677684,0.41935483870967744,0.4393939393939394,0.4541284403669725,0.45652173913043476,0.43601895734597157,0.502092050209205,0.5480769230769231,0.5418502202643172,0.6,0.6367521367521367,0.6103286384976526,0.6428571428571429,0.6960352422907489,0.6801801801801802,0.7022222222222222,0.7226890756302521,0.7136150234741784,0.7957446808510639,0.7241379310344828,0.6926829268292682,0.6796536796536796,0.7004608294930875,0.7111111111111111,0.7135416666666666,0.6510638297872341,0.5789473684210527,0.6038647342995169,0.5950413223140496,0.5918367346938775,0.5252100840336135,0.5024154589371981
0.49361702127659574,0.4956521739130435,0.4188034188034188,0.4581497797356828,0.33796296296296297,0.36637931034482757,0.3257918552036199,0.32905982905982906,0.33624454148471616,0.22641509433962265,0.29017857142857145,0.24074074074074073,0.3386454183266932,0.26635514018691586,0.2610619469026549,0.2782258064516129,0.3177570093457944,0.34893617021276596,0.3168724279835391,0.31683168316831684,0.3876651982378855,0.3173913043478261,0.3905579399141631,0.391304347826087,0.5189873417721519,0.5374449339207048,0.5957446808510638,0.6335078534031413,0.6179245283018868,0.6338582677165354,0.6711711711711712,0.6985645933014354,0.698019801980198,0.7294685990338164,0.7579908675799086,0.75,0.6981132075471698,0.7058823529411765,0.70995670995671,0.725,0.7129186602870813,0.722488038277512,0.7545454545454545,0.7117117117117117,0.6880733944954128,0.6623931623931624,0.6056338028169014,0.6634146341463415,0.5151515151515151,0.49372384937238495,0.48672566371681414,0.4528301886792453,0.42213114754098363,0.4380952380952381,0.41743119266055045,0.314410480349345,0.3346938775510204,0.36574074074074076,0.29515418502202645,0.2744186046511628,0.29098360655737704,0.28169014084507044,0.2818181818181818,0.2857142857142857,0.23645320197044334,0.3145539906103286,0.319047619047619,0.36,0.35648148148148145,0.3811659192825112,0.3557692307692308,0.3989071038251366,0.3574468085106383,0.4274193548387097,0.4792626728110599,0.5063291139240507,0.5384615384615384,0.5720930232558139,0.5748987854251012,0.6425339366515838,0.6637931034482759,0.6256410256410256,0.6929824561403509,0.7324561403508771,0.68,0.7235023041474654,0.7432432432432432,0.7422222222222222,0.7582938388625592,0.7383177570093458,0.7281553398058253,0.7017543859649122,0.6638297872340425,0.6478260869565218,0.6514522821576764,0.6036036036036037,0.5877192982456141,0.55,0.5311004784688995,0.4375
0.5517241379310345,0.4954954954954955,0.43612334801762115,0.42792792792792794,0.40654205607476634,0.3624454148471616,0.28085106382978725,0.33035714285714285,0.28780487804878047,0.32098765432098764,0.2549019607843137,0.23766816143497757,0.30303030303030304,0.2903225806451613,0.28761061946902655,0.29411764705882354,0.2149122807017544,0.2801724137931034,0.3160377358490566,0.3526570048309179,0.3755868544600939,0.4139344262295082,0.3925233644859813,0.46613545816733065,0.4292237442922374,0.5021459227467812,0.5162790697674419,0.5656108597285068,0.5789473684210527,0.6218905472636815,0.6188340807174888,0.6387665198237885,0.7408906882591093,0.7522123893805309,0.7757847533632287,0.7582938388625592,0.7031963470319634,0.7653061224489796,0.6995708154506438,0.7447698744769874,0.7155555555555555,0.7434782608695653,0.717391304347826,0.697560975609756,0.6096491228070176,0.641860465116279,0.5609756097560976,0.5534883720930233,0.5625,0.47619047619047616,0.5380710659898477,0.44594594594594594,0.4532710280373832,0.4266666666666667,0.39631336405529954,0.3117408906882591,0.3593073593073593,0.3684210526315789,0.28640776699029125,0.2803738317757009,0.27232142857142855,0.25,0.24675324675324675,0.27310924369747897,0.23728813559322035,0.3244444444444444,0.36123348017621143,0.3333333333333333,0.4,0.35526315789473684,0.40930232558139534,0.4397905759162304,0.39574468085106385,0.43891402714932126,0.5068493150684932,0.4558139534883721,0.5596330275229358,0.5813953488372093,0.6869918699186992,0.6117021276595744,0.6176470588235294,0.6555023923444976,0.6990740740740741,0.6822429906542056,0.6978723404255319,0.717948717948718,0.7931034482758621,0.7831858407079646,0.784037558685446,0.7605633802816901,0.7117903930131004,0.6943231441048034,0.7740384615384616,0.7081545064377682,0.592436974789916,0.628099173553719,0.5708502024291497,0.5688888888888889,0.5358851674641149,0.5180180180180181
0.4863636363636364,0.46634615384615385,0.40358744394618834,0.42358078602620086,0.3864734299516908,0.37254901960784315,0.3466666666666667,0.30991735537190085,0.3242009132420091,0.296,0.32710280373831774,0.2706422018348624,0.27358490566037735,0.3142857142857143,0.2570093457943925,0.25462962962962965,0.3090909090909091,0.25877192982456143,0.33476394849785407,0.3974358974358974,0.4009216589861751,0.41262135922330095,0.43548387096774194,0.4724770642201835,0.47345132743362833,0.5,0.509009009009009,0.5364806866952789,0.6443514644351465,0.6066350710900474,0.6574074074074074,0.6146341463414634,0.7372881355932204,0.6898148148148148,0.7224669603524229,0.7431192660550459,0.7048458149779736,0.6605504587155964,0.7745901639344263,0.7322175732217573,0.7489177489177489,0.7253218884120172,0.7763713080168776,0.618421052631579,0.719047619047619,0.6029411764705882,0.5607476635514018,0.5253456221198156,0.5560747663551402,0.49777777777777776,0.49321266968325794,0.45408163265306123,0.4166666666666667,0.4025974025974026,0.3347107438016529,0.35454545454545455,0.3087557603686636,0.2975206611570248,0.356,0.3145539906103286,0.2968036529680365,0.32882882882882886,0.270935960591133,0.29338842975206614,0.2591093117408907,0.29107981220657275,0.29245283018867924,0.35802469135802467,0.32057416267942584,0.39903846153846156,0.3983402489626556,0.4824561403508772,0.40086206896551724,0.4541284403669725,0.4788732394366197,0.5646551724137931,0.5186915887850467,0.551219512195122,0.6367521367521367,0.6470588235294118,0.6792452830188679,0.6680672268907563,0.748,0.748898678414097,0.7008547008547008,0.6533333333333333,0.7351598173515982,0.6306306306306306,0.6844444444444444,0.7203389830508474,0.6974789915966386,0.6958762886597938,0.6682464454976303,0.6538461538461539,0.6559633027522935,0.6188340807174888,0.6255506607929515,0.5260869565217391,0.5964125560538116,0.46411483253588515
0.4788732394366197,0.49783549783549785,0.46613545816733065,0.405982905982906,0.4083333333333333,0.4,0.3130434782608696,0.31336405529953915,0.3008849557522124,0.30092592592592593,0.2683982683982684,0.21761658031088082,0.2682926829268293,0.27358490566037735,0.29545454545454547,0.32524271844660196,0.24878048780487805,0.30952380952380953,0.3288888888888889,0.3292181069958848,0.315,0.3443396226415094,0.44,0.3983050847457627,0.5,0.4979757085020243,0.5833333333333334,0.5576036866359447,0.6536585365853659,0.6234817813765182,0.6506550218340611,0.6758893280632411,0.7312775330396476,0.6883720930232559,0.7194570135746606,0.7330508474576272,0.7021276595744681,0.7276785714285714,0.7953488372093023,0.7478632478632479,0.7341772151898734,0.7012987012987013,0.7285714285714285,0.6666666666666666,0.5961538461538461,0.6710526315789473,0.5921052631578947,0.5879629629629629,0.5363636363636364,0.5274261603375527,0.4811320754716981,0.4383561643835616,0.45081967213114754,0.3883495145631068,0.36947791164658633,0.3438914027149321,0.3230088495575221,0.33185840707964603,0.3105022831050228,0.29357798165137616,0.25675675675675674,0.29508196721311475,0.2796610169491525,0.2535211267605634,0.25957446808510637,0.34134615384615385,0.2619047619047619,0.35944700460829493,0.33678756476683935,0.3346938775510204,0.45794392523364486,0.42105263157894735,0.49523809523809526,0.4377880184331797,0.4722222222222222,0.5454545454545454,0.5741626794258373,0.6035242290748899,0.5780590717299579,0.6322869955156951,0.6467889908256881,0.6915887850467289,0.691358024691358,0.7172995780590717,0.7372881355932204,0.6926829268292682,0.6723404255319149,0.748898678414097,0.7368421052631579,0.6956521739130435,0.6523809523809524,0.6782608695652174,0.6530612244897959,0.6484018264840182,0.6835443037974683,0.5980861244019139,0.6052631578947368,0.5555555555555556,0.5311004784688995,0.4977973568281938
0.509009009009009,0.502127659574468,0.4444444444444444,0.44954128440366975,0.37272727272727274,0.4192139737991266,0.3574660633484163,0.3275862068965517,0.29411764705882354,0.301255230125523,0.27884615384615385,0.2530612244897959,0.26851851851851855,0.3225806451612903,0.28879310344827586,0.25853658536585367,0.24423963133640553,0.3073770491803279,0.3080168776371308,0.33482142857142855,0.3173076923076923,0.35064935064935066,0.4049586776859504,0.4396135265700483,0.46601941747572817,0.5450819672131147,0.5188284518828452,0.5390946502057613,0.6289592760180995,0.6294642857142857,0.6412556053811659,0.5982532751091703,0.7098214285714286,0.6572769953051644,0.7385892116182573,0.7066115702479339,0.6839622641509434,0.7216494845360825,0.7402597402597403,0.7247706422018348,0.7081339712918661,0.6801801801801802,0.7101449275362319,0.6435185185185185,0.6262626262626263,0.64,0.6094420600858369,0.5462962962962963,0.5380952380952381,0.5,0.49356223175965663,0.47619047619047616,0.41037735849056606,0.40512820512820513,0.39436619718309857,0.3047619047619048,0.33658536585365856,0.31004366812227074,0.3173913043478261,0.3004694835680751,0.2815533980582524,0.35714285714285715,0.23790322580645162,0.25892857142857145,0.2605042016806723,0.2576419213973799,0.31363636363636366,0.3,0.3269230769230769,0.37719298245614036,0.3893805309734513,0.42543859649122806,0.4298245614035088,0.4786729857819905,0.536697247706422,0.5173913043478261,0.5663265306122449,0.5947136563876652,0.5931372549019608,0.6370967741935484,0.639269406392694,0.7135678391959799,0.6835443037974683,0.7217391304347827,0.6919191919191919,0.7362204724409449,0.7168949771689498,0.7659574468085106,0.7214611872146118,0.6621621621621622,0.6753246753246753,0.7456896551724138,0.6666666666666666,0.6504854368932039,0.6220095693779905,0.6577777777777778,0.5363636363636364,0.6030150753768844,0.4930875576036866,0.4868421052631579
0.5152838427947598,0.4444444444444444,0.4954954954954955,0.4048582995951417,0.45685279187817257,0.3393665158371041,0.35344827586206895,0.31221719457013575,0.28888888888888886,0.31601731601731603,0.2687224669603524,0.26382978723404255,0.23923444976076555,0.24675324675324675,0.30434782608695654,0.28640776699029125,0.30638297872340425,0.32989690721649484,0.30180180180180183,0.36,0.3194444444444444,0.4155251141552511,0.42660550458715596,0.45739910313901344,0.5137614678899083,0.5339366515837104,0.4727272727272727,0.6388888888888888,0.6304347826086957,0.5747663551401869,0.6607929515418502,0.6327433628318584,0.6883116883116883,0.6696428571428571,0.7410714285714286,0.7754237288135594,0.7307692307692307,0.788546255506608,0.7169811320754716,0.7336683417085427,0.6666666666666666,0.6666666666666666,0.7149532710280374,0.6794871794871795,0.6302521008403361,0.6555023923444976,0.611336032388664,0.5560747663551402,0.502262443438914,0.5485436893203883,0.4320388349514563,0.47783251231527096,0.39351851851851855,0.3936651583710407,0.36,0.3172690763052209,0.32142857142857145,0.3418803418803419,0.3013698630136986,0.27319587628865977,0.32905982905982906,0.27102803738317754,0.24390243902439024,0.25688073394495414,0.3436123348017621,0.3333333333333333,0.4017094017094017,0.3317972350230415,0.27802690582959644,0.3523809523809524,0.354978354978355,0.38565022421524664,0.4,0.4898785425101215,0.49765258215962443,0.5,0.5540540540540541,0.6116504854368932,0.6328502415458938,0.6320346320346321,0.6277056277056277,0.6991150442477876,0.7348837209302326,0.717391304347826,0.7644444444444445,0.7248908296943232,0.74,0.7612612612612613,0.7264957264957265,0.7142857142857143,0.7074235807860262,0.6515151515151515,0.6551724137931034,0.6601941747572816,0.6759259259259259,0.6196581196581197,0.5784313725490197,0.5955555555555555,0.581081081081081,0.46846846846846846
0.5069124423963134,0.502127659574468,0.47577092511013214,0.4215686274509804,0.3686635944700461,0.38288288288288286,0.3211009174311927,0.3183856502242152,0.3211009174311927,0.2782608695652174,0.34285714285714286,0.3073394495412844,0.26291079812206575,0.31627906976744186,0.2897196261682243,0.31063829787234043,0.27111111111111114,0.3087557603686636,0.35071090047393366,0.28365384615384615,0.3542600896860987,0.3879310344827586,0.4424778761061947,0.46543778801843316,0.5128205128205128,0.4474885844748858,0.5570175438596491,0.5296803652968036,0.5675675675675675,0.616504854368932,0.5922330097087378,0.672645739910314,0.6666666666666666,0.7130434782608696,0.7021276595744681,0.746606334841629,0.7467248908296943,0.7045454545454546,0.7899159663865546,0.7016806722689075,0.7163461538461539,0.6728110599078341,0.7399103139013453,0.6812227074235808,0.6244343891402715,0.6260504201680672,0.6682027649769585,0.6046511627906976,0.5339366515837104,0.5291479820627802,0.41626794258373206,0.43103448275862066,0.40375586854460094,0.36681222707423583,0.3652173913043478,0.34101382488479265,0.39436619718309857,0.2857142857142857,0.26582278481012656,0.3114754098360656,0.3111111111111111,0.2703862660944206,0.27149321266968324,0.24669603524229075,0.3127962085308057,0.30697674418604654,0.28703703703703703,0.3333333333333333,0.4028436018957346,0.3490566037735849,0.4174757281553398,0.3696682464454976,0.44541484716157204,0.4719626168224299,0.47844827586206895,0.5318181818181819,0.5925925925925926,0.5092592592592593,0.6169354838709677,0.6386138613861386,0.6869158878504673,0.6542056074766355,0.6981132075471698,0.7486910994764397,0.7322175732217573,0.7533632286995515,0.7831858407079646,0.7161016949152542,0.6956521739130435,0.755656108597285,0.6792452830188679,0.7276785714285714,0.7154811715481172,0.6331877729257642,0.5841584158415841,0.6231155778894473,0.5898617511520737,0.5889830508474576,0.5720720720720721,0.5260663507109005
0.5238095238095238,0.48484848484848486,0.4434782608695652,0.40096618357487923,0.4009216589861751,0.37610619469026546,0.31063829787234043,0.32019704433497537,0.30416666666666664,0.29333333333333333,0.33771929824561403,0.2912621359223301,0.25471698113207547,0.28703703703703703,0.2956521739130435,0.2943722943722944,0.30288461538461536,0.308411214953271,0.3805309734513274,0.37777777777777777,0.3739495798319328,0.3670886075949367,0.48132780082987553,0.4690265486725664,0.48868778280542985,0.5223214285714286,0.5285714285714286,0.5727699530516432,0.6199095022624435,0.6485148514851485,0.6888888888888889,0.6762295081967213,0.6862745098039216,0.7312775330396476,0.7242990654205608,0.7407407407407407,0.7208121827411168,0.6929460580912863,0.7193877551020408,0.6633663366336634,0.6787330316742082,0.7156862745098039,0.6976744186046512,0.6221198156682027,0.6527777777777778,0.6118143459915611,0.5708333333333333,0.5688888888888889,0.5344827586206896,0.5595854922279793,0.4657534246575342,0.40725806451612906,0.4189189189189189,0.4192139737991266,0.44298245614035087,0.39090909090909093,0.3333333333333333,0.33191489361702126,0.2775330396475771,0.2549019607843137,0.2744186046511628,0.27802690582959644,0.30952380952380953,0.2727272727272727,0.30288461538461536,0.3185840707964602,0.30042918454935624,0.33658536585365856,0.3360995850622407,0.37339055793991416,0.37916666666666665,0.3951219512195122,0.4484304932735426,0.3983050847457627,0.531496062992126,0.5450236966824644,0.4782608695652174,0.5990566037735849,0.6321243523316062,0.6398104265402843,0.6481481481481481,0.6966824644549763,0.6949152542372882,0.728110599078341,0.728448275862069,0.7532467532467533,0.6529680365296804,0.6947791164658634,0.6805555555555556,0.7454545454545455,0.7077625570776256,0.7191489361702128,0.6962025316455697,0.6555023923444976,0.6694560669456067,0.6284403669724771,0.6510638297872341,0.589622641509434,0.5258620689655172,0.5507246376811594
0.5650224215246636,0.4854368932038835,0.4375,0.4195121951219512,0.36681222707423583,0.40454545454545454,0.38493723849372385,0.30973451327433627,0.3145539906103286,0.3526570048309179,0.3444976076555024,0.32432432432432434,0.3127962085308057,0.24761904761904763,0.3076923076923077,0.3076923076923077,0.36213991769547327,0.34782608695652173,0.3230088495575221,0.36363636363636365,0.4018264840182648,0.38181818181818183,0.4409090909090909,0.5555555555555556,0.4541284403669725,0.5877192982456141,0.5373831775700935,0.5244444444444445,0.6444444444444445,0.5866666666666667,0.6697674418604651,0.6680497925311203,0.7168141592920354,0.698744769874477,0.7339901477832512,0.7167381974248928,0.6744186046511628,0.7542372881355932,0.6751269035532995,0.6919831223628692,0.706140350877193,0.7422222222222222,0.7142857142857143,0.6844444444444444,0.6853448275862069,0.6577777777777778,0.6519607843137255,0.5990338164251208,0.5476190476190477,0.5404255319148936,0.5154185022026432,0.47577092511013214,0.4636363636363636,0.45089285714285715,0.34951456310679613,0.3898305084745763,0.29918032786885246,0.3130841121495327,0.3422222222222222,0.2826086956521739,0.29545454545454547,0.23671497584541062,0.2796610169491525,0.2782608695652174,0.28837209302325584,0.31555555555555553,0.3125,0.3333333333333333,0.4144144144144144,0.3607305936073059,0.39111111111111113,0.45188284518828453,0.4309623430962343,0.468,0.4339622641509434,0.5646551724137931,0.5905172413793104,0.6274509803921569,0.6730769230769231,0.5844155844155844,0.6666666666666666,0.7069767441860465,0.6523605150214592,0.7095238095238096,0.6753246753246753,0.7533039647577092,0.7293577981651376,0.7201834862385321,0.7456140350877193,0.70995670995671,0.7433628318584071,0.6084905660377359,0.7004405286343612,0.6908212560386473,0.6571428571428571,0.6027397260273972,0.6086956521739131,0.5948275862068966,0.5381165919282511,0.5108225108225108
0.47345132743362833,0.43333333333333335,0.45535714285714285,0.3607305936073059,0.3798076923076923,0.44155844155844154,0.36492890995260663,0.3406113537117904,0.3209302325581395,0.3222748815165877,0.30131004366812225,0.3222748815165877,0.24170616113744076,0.3090909090909091,0.2785388127853881,0.32589285714285715,0.37117903930131,0.3063063063063063,0.37155963302752293,0.35096153846153844,0.4336734693877551,0.4155844155844156,0.391705069124424,0.3939393939393939,0.5,0.5045454545454545,0.4895397489539749,0.5990783410138248,0.6009389671361502,0.66015625,0.6746031746031746,0.6885964912280702,0.7577319587628866,0.7666666666666667,0.72,0.7511520737327189,0.7376237623762376,0.7212389380530974,0.728110599078341,0.7066666666666667,0.7796610169491526,0.7046413502109705,0.7066666666666667,0.7110091743119266,0.6566523605150214,0.6435185185185185,0.6385542168674698,0.5818965517241379,0.6026200873362445,0.6422413793103449,0.48868778280542985,0.5118483412322274,0.43555555555555553,0.36574074074074076,0.4077669902912621,0.39106145251396646,0.3014354066985646,0.3014354066985646,0.3047619047619048,0.2645739910313901,0.28888888888888886,0.30158730158730157,0.3037974683544304,0.31336405529953915,0.25316455696202533,0.3333333333333333,0.27467811158798283,0.3047619047619048,0.3939393939393939,0.38095238095238093,0.3469387755102041,0.4034334763948498,0.43859649122807015,0.4369369369369369,0.4808510638297872,0.5191489361702127,0.5336322869955157,0.5707317073170731,0.6108597285067874,0.634703196347032,0.7184873949579832,0.6728971962616822,0.6753246753246753,0.7276595744680852,0.6883116883116883,0.7477064220183486,0.7544642857142857,0.6942148760330579,0.719626168224299,0.7410714285714286,0.7443946188340808,0.7159533073929961,0.6936936936936937,0.6511627906976745,0.6061946902654868,0.625,0.6075949367088608,0.6135265700483091,0.5109170305676856,0.5044642857142857
0.4700854700854701,0.4801762114537445,0.5117370892018779,0.42786069651741293,0.4337899543378995,0.41228070175438597,0.32786885245901637,0.38181818181818183,0.3,0.3827751196172249,0.3170731707317073,0.3133047210300429,0.27350427350427353,0.29646017699115046,0.31555555555555553,0.2838983050847458,0.28054298642533937,0.355,0.35609756097560974,0.39035087719298245,0.39461883408071746,0.4956896551724138,0.4536082474226804,0.48672566371681414,0.49047619047619045,0.5159817351598174,0.5394190871369294,0.5384615384615384,0.5929203539823009,0.6363636363636364,0.6224066390041494,0.6820276497695853,0.638095238095238,0.7203389830508474,0.7621359223300971,0.6962616822429907,0.748898678414097,0.7389380530973452,0.7520325203252033,0.777292576419214,0.7524271844660194,0.6915887850467289,0.6376146788990825,0.7123893805309734,0.6326530612244898,0.6547085201793722,0.536697247706422,0.5242290748898678,0.5418502202643172,0.4841628959276018,0.4957627118644068,0.5170940170940171,0.459915611814346,0.4340425531914894,0.4369747899159664,0.37055837563451777,0.3699186991869919,0.2974137931034483,0.3465346534653465,0.3034188034188034,0.3486238532110092,0.2956521739130435,0.2926829268292683,0.2995391705069124,0.31363636363636366,0.3153526970954357,0.33617021276595743,0.35135135135135137,0.33181818181818185,0.41630901287553645,0.45867768595041325,0.46296296296296297,0.41150442477876104,0.4977168949771689,0.5571428571428572,0.5050505050505051,0.5550660792951542,0.5772357723577236,0.6302521008403361,0.6181818181818182,0.6871794871794872,0.6909871244635193,0.6794258373205742,0.7165991902834008,0.7399103139013453,0.7208333333333333,0.7464114832535885,0.7061224489795919,0.7464788732394366,0.7116279069767442,0.7044534412955465,0.7014218009478673,0.6936936936936937,0.6126126126126126,0.6711711711711712,0.6834862385321101,0.5504201680672269,0.6933962264150944,0.585,0.5042372881355932
0.502262443438914,0.5929203539823009,0.4826086956521739,0.41089108910891087,0.44081632653061226,0.4,0.4072398190045249,0.3551020408163265,0.3090128755364807,0.32432432432432434,0.3211009174311927,0.32340425531914896,0.3347457627118644,0.2813852813852814,0.3230088495575221,0.30660377358490565,0.3108108108108108,0.336322869955157,0.38095238095238093,0.38095238095238093,0.4908256880733945,0.35909090909090907,0.4343891402714932,0.4954545454545455,0.5068493150684932,0.5169491525423728,0.5277777777777778,0.6035242290748899,0.6348547717842323,0.631336405529954,0.6634146341463415,0.6812227074235808,0.7032520325203252,0.7104072398190046,0.7544642857142857,0.7209302325581395,0.7592592592592593,0.7412280701754386,0.780373831775701,0.7831858407079646,0.7417840375586855,0.7783018867924528,0.6743119266055045,0.6559633027522935,0.6355140186915887,0.6754385964912281,0.6490384615384616,0.5897435897435898,0.5170731707317073,0.5042735042735043,0.5060240963855421,0.42436974789915966,0.4745762711864407,0.45045045045045046,0.413265306122449,0.345,0.35,0.28095238095238095,0.3333333333333333,0.2880658436213992,0.2564102564102564,0.34101382488479265,0.2975609756097561,0.25961538461538464,0.3686635944700461,0.3488372093023256,0.3169642857142857,0.37719298245614036,0.351931330472103,0.4541284403669725,0.4187192118226601,0.41422594142259417,0.5422885572139303,0.47345132743362833,0.5,0.576036866359447,0.5515695067264574,0.6147540983606558,0.6372093023255814,0.71,0.6294820717131474,0.7297297297297297,0.6954545454545454,0.7405660377358491,0.7137404580152672,0.6575342465753424,0.702928870292887,0.7798165137614679,0.771551724137931,0.719047619047619,0.7219730941704036,0.6519823788546255,0.6097560975609756,0.6596638655462185,0.6995884773662552,0.683982683982684,0.551219512195122,0.5904761904761905,0.6119402985074627,0.5137614678899083
0.5387755102040817,0.5436893203883495,0.497737556561086,0.3803418803418803,0.40444444444444444,0.376984126984127,0.44715447154471544,0.32510288065843623,0.3782608695652174,0.3474178403755869,0.25327510917030566,0.26382978723404255,0.3025210084033613,0.36792452830188677,0.3242009132420091,0.3674418604651163,0.35909090909090907,0.24583333333333332,0.3389121338912134,0.41284403669724773,0.45021645021645024,0.43555555555555553,0.40869565217391307,0.49099099099099097,0.5068493150684932,0.5158371040723982,0.5950413223140496,0.611353711790393,0.6167400881057269,0.6018518518518519,0.6403508771929824,0.729957805907173,0.705,0.7327188940092166,0.6697247706422018,0.7215189873417721,0.702928870292887,0.7657657657657657,0.7222222222222222,0.7787610619469026,0.7522123893805309,0.7543859649122807,0.7155963302752294,0.7107843137254902,0.719047619047619,0.6504854368932039,0.6680497925311203,0.6095238095238096,0.5630630630630631,0.4889867841409692,0.5495495495495496,0.45217391304347826,0.441747572815534,0.4533333333333333,0.46296296296296297,0.43724696356275305,0.37662337662337664,0.40487804878048783,0.34210526315789475,0.3333333333333333,0.37280701754385964,0.29464285714285715,0.3286384976525822,0.3170731707317073,0.3347107438016529,0.36681222707423583,0.3194444444444444,0.29357798165137616,0.4396135265700483,0.44214876033057854,0.4074074074074074,0.45414847161572053,0.4424778761061947,0.507537688442211,0.5272727272727272,0.5240174672489083,0.5882352941176471,0.6121495327102804,0.6814159292035398,0.6170212765957447,0.7124463519313304,0.7523809523809524,0.7761904761904762,0.6622807017543859,0.7905138339920948,0.7754237288135594,0.7831858407079646,0.71875,0.7257383966244726,0.7260869565217392,0.7410714285714286,0.7412280701754386,0.6610169491525424,0.7268292682926829,0.6595744680851063,0.7203791469194313,0.6153846153846154,0.5753424657534246,0.5877192982456141,0.4826086956521739
0.5276595744680851,0.5043478260869565,0.5173913043478261,0.4864864864864865,0.4646017699115044,0.39748953974895396,0.3582089552238806,0.44387755102040816,0.30180180180180183,0.3436123348017621,0.36585365853658536,0.36097560975609755,0.2932692307692308,0.32710280373831774,0.37155963302752293,0.3333333333333333,0.3087557603686636,0.23834196891191708,0.32751091703056767,0.4247104247104247,0.48325358851674644,0.4883720930232558,0.4720812182741117,0.507177033492823,0.48847926267281105,0.5741626794258373,0.5661157024793388,0.5887850467289719,0.62882096069869,0.601593625498008,0.6507177033492823,0.7086956521739131,0.7003891050583657,0.7136563876651982,0.7404255319148936,0.7198275862068966,0.7348837209302326,0.7268041237113402,0.7695652173913043,0.7701612903225806,0.720164609053498,0.75,0.7185929648241206,0.6923076923076923,0.6792452830188679,0.6233766233766234,0.68,0.582089552238806,0.55,0.5454545454545454,0.5094339622641509,0.5333333333333333,0.47844827586206895,0.47417840375586856,0.39903846153846156,0.40669856459330145,0.39330543933054396,0.38392857142857145,0.3926940639269406,0.3783783783783784,0.38738738738738737,0.39090909090909093,0.3225806451612903,0.323943661971831,0.3054393305439331,0.3302752293577982,0.33649289099526064,0.3755656108597285,0.42790697674418604,0.35526315789473684,0.41422594142259417,0.4558139534883721,0.47345132743362833,0.4790697674418605,0.4541284403669725,0.502092050209205,0.5714285714285714,0.6008583690987125,0.6412556053811659,0.6591928251121076,0.663594470046083,0.7612612612612613,0.6790123456790124,0.679324894514768,0.7297297297297297,0.7798165137614679,0.75,0.7623318385650224,0.7368421052631579,0.7488789237668162,0.7285714285714285,0.7660550458715596,0.6340425531914894,0.6896551724137931,0.6640316205533597,0.6546184738955824,0.6600985221674877,0.6431718061674009,0.6230769230769231,0.5043859649122807
0.5818181818181818,0.4703389830508475,0.4560669456066946,0.43891402714932126,0.42857142857142855,0.35398230088495575,0.40375586854460094,0.3640552995391705,0.36134453781512604,0.40562248995983935,0.28054298642533937,0.3632286995515695,0.32340425531914896,0.3644067796610169,0.3452914798206278,0.3524229074889868,0.3721973094170404,0.36199095022624433,0.3574660633484163,0.4365079365079365,0.45248868778280543,0.421875,0.4557522123893805,0.5560344827586207,0.484304932735426,0.547085201793722,0.5518867924528302,0.6857142857142857,0.5974025974025974,0.6405529953917051,0.6964285714285714,0.7385321100917431,0.7170731707317073,0.7417840375586855,0.7575757575757576,0.7625570776255708,0.7665198237885462,0.7219730941704036,0.8348214285714286,0.8046511627906977,0.757201646090535,0.6858407079646017,0.7352941176470589,0.6743119266055045,0.6919431279620853,0.6693877551020408,0.6518218623481782,0.5808080808080808,0.5801886792452831,0.5202020202020202,0.5278969957081545,0.5263157894736842,0.4930875576036866,0.3926940639269406,0.46846846846846846,0.4166666666666667,0.4017857142857143,0.42731277533039647,0.4263959390862944,0.3926940639269406,0.28773584905660377,0.3452914798206278,0.30697674418604654,0.35064935064935066,0.38,0.39461883408071746,0.35344827586206895,0.38016528925619836,0.3665158371040724,0.4334763948497854,0.4711111111111111,0.4951923076923077,0.42105263157894735,0.52,0.5411255411255411,0.5446428571428571,0.5674418604651162,0.6136363636363636,0.6842105263157895,0.6347826086956522,0.7072072072072072,0.7209302325581395,0.7066666666666667,0.7773109243697479,0.7446808510638298,0.7069767441860465,0.7665198237885462,0.7523364485981309,0.7233009708737864,0.7782805429864253,0.7281553398058253,0.7816593886462883,0.6991525423728814,0.66,0.6320346320346321,0.7205882352941176,0.5659574468085107,0.6327433628318584,0.5882352941176471,0.5482456140350878
0.5720720720720721,0.5607476635514018,0.5280898876404494,0.5185185185185185,0.5045045045045045,0.4279835390946502,0.39805825242718446,0.41148325358851673,0.4192139737991266,0.4131455399061033,0.41517857142857145,0.3665158371040724,0.31413612565445026,0.3700440528634361,0.32857142857142857,0.38181818181818183,0.36619718309859156,0.38222222222222224,0.4063926940639269,0.40865384615384615,0.4152542372881356,0.4854368932038835,0.47572815533980584,0.5478260869565217,0.5198412698412699,0.5780590717299579,0.6120689655172413,0.5914893617021276,0.7058823529411765,0.6291079812206573,0.631336405529954,0.7359307359307359,0.6682464454976303,0.7682403433476395,0.7707317073170732,0.784688995215311,0.7319148936170212,0.7657657657657657,0.7037037037037037,0.758893280632411,0.8136363636363636,0.7008928571428571,0.7433628318584071,0.6120689655172413,0.7073170731707317,0.6620370370370371,0.6217391304347826,0.6,0.6204081632653061,0.5954545454545455,0.5450236966824644,0.5046296296296297,0.4666666666666667,0.5560165975103735,0.4423076923076923,0.40375586854460094,0.34782608695652173,0.37142857142857144,0.4279475982532751,0.38362068965517243,0.34375,0.3399014778325123,0.37606837606837606,0.34841628959276016,0.3431372549019608,0.37209302325581395,0.45217391304347826,0.43317972350230416,0.4713114754098361,0.46808510638297873,0.43636363636363634,0.5546218487394958,0.5637254901960784,0.5271966527196653,0.5278969957081545,0.5660377358490566,0.5580357142857143,0.6336206896551724,0.595,0.6186046511627907,0.7272727272727273,0.7088607594936709,0.7798165137614679,0.7541666666666667,0.7634854771784232,0.7405660377358491,0.7330097087378641,0.7688888888888888,0.7722007722007722,0.7751196172248804,0.7763713080168776,0.74235807860262,0.6978723404255319,0.7040358744394619,0.7081545064377682,0.6620370370370371,0.64,0.6161616161616161,0.5753424657534246,0.5594059405940595
0.5767441860465117,0.5619047619047619,0.5509259259259259,0.4409090909090909,0.46798029556650245,0.4978165938864629,0.42788461538461536,0.5185185185185185,0.42543859649122806,0.36683417085427134,0.4158878504672897,0.37333333333333335,0.40271493212669685,0.3669724770642202,0.423963133640553,0.3360655737704918,0.3832599118942731,0.38961038961038963,0.4780701754385965,0.4251968503937008,0.5398230088495575,0.4730290456431535,0.4838709677419355,0.5025380710659898,0.5650224215246636,0.5327510917030568,0.6415929203539823,0.5720524017467249,0.625,0.6774193548387096,0.7444933920704846,0.701195219123506,0.7407407407407407,0.7314814814814815,0.7276422764227642,0.7656903765690377,0.7012987012987013,0.7846153846153846,0.7372881355932204,0.7296137339055794,0.7735849056603774,0.7692307692307693,0.759090909090909,0.7035175879396985,0.6908212560386473,0.7169811320754716,0.6735537190082644,0.6441441441441441,0.5714285714285714,0.5746606334841629,0.5120967741935484,0.5067264573991032,0.42452830188679247,0.47520661157024796,0.4660633484162896,0.4711111111111111,0.42990654205607476,0.4533333333333333,0.4345991561181435,0.3406113537117904,0.37272727272727274,0.3416666666666667,0.4,0.43414634146341463,0.3105022831050228,0.4043478260869565,0.4298642533936652,0.43946188340807174,0.42616033755274263,0.45652173913043476,0.47280334728033474,0.4448979591836735,0.47186147186147187,0.5374449339207048,0.5454545454545454,0.6401869158878505,0.5970149253731343,0.6380090497737556,0.7012448132780082,0.639269406392694,0.6211453744493393,0.7735849056603774,0.7222222222222222,0.773109243697479,0.7439613526570048,0.7761904761904762,0.7651821862348178,0.7797356828193832,0.7866666666666666,0.7450980392156863,0.7729257641921398,0.7731481481481481,0.7198275862068966,0.717391304347826,0.71,0.717948717948718,0.6181818181818182,0.6351351351351351,0.6051502145922747,0.5504587155963303
0.618421052631579,0.5260663507109005,0.6095238095238096,0.40086206896551724,0.5022421524663677,0.5204081632653061,0.4353448275862069,0.43333333333333335,0.42995169082125606,0.41106719367588934,0.3564356435643564,0.39555555555555555,0.36153846153846153,0.36099585062240663,0.45161290322580644,0.4,0.4043478260869565,0.4476987447698745,0.4588744588744589,0.4315352697095436,0.4714828897338403,0.45535714285714285,0.525,0.5132743362831859,0.583756345177665,0.5219298245614035,0.6018099547511312,0.6551724137931034,0.6301369863013698,0.6763485477178424,0.6966824644549763,0.7478991596638656,0.7467248908296943,0.7355769230769231,0.7427385892116183,0.7345971563981043,0.75,0.7850467289719626,0.75,0.7675438596491229,0.7387755102040816,0.7435897435897436,0.7608695652173914,0.7543103448275862,0.6425339366515838,0.7213114754098361,0.6986301369863014,0.6376811594202898,0.6053811659192825,0.6355140186915887,0.5796460176991151,0.519650655021834,0.5338983050847458,0.581081081081081,0.5045454545454545,0.4888888888888889,0.48826291079812206,0.34841628959276016,0.4155251141552511,0.3883495145631068,0.4339622641509434,0.35046728971962615,0.3744075829383886,0.3805309734513274,0.41596638655462187,0.40585774058577406,0.3434343434343434,0.3953488372093023,0.3853211009174312,0.4957627118644068,0.5069767441860465,0.5190476190476191,0.5271966527196653,0.5213270142180095,0.5777777777777777,0.574468085106383,0.676595744680851,0.6523605150214592,0.6683937823834197,0.6938775510204082,0.625,0.7630331753554502,0.7219730941704036,0.7788944723618091,0.7955555555555556,0.7377777777777778,0.8073394495412844,0.7748917748917749,0.7544642857142857,0.75,0.7260869565217392,0.7521367521367521,0.7264150943396226,0.7511111111111111,0.6553398058252428,0.7174887892376681,0.6271929824561403,0.6517412935323383,0.6491228070175439,0.5708333333333333
0.5657894736842105,0.6238532110091743,0.5138121546961326,0.4854771784232365,0.5023255813953489,0.481651376146789,0.4931506849315068,0.4523809523809524,0.4730290456431535,0.4430379746835443,0.4366812227074236,0.4511627906976744,0.37719298245614036,0.3853211009174312,0.3811659192825112,0.44036697247706424,0.3824884792626728,0.4148471615720524,0.44502617801047123,0.40969162995594716,0.42231075697211157,0.47161572052401746,0.4796380090497738,0.5299539170506913,0.5840336134453782,0.5821596244131455,0.5384615384615384,0.6260869565217392,0.6327433628318584,0.68,0.6863636363636364,0.71900826446281,0.6822429906542056,0.7466666666666667,0.8082901554404145,0.7662337662337663,0.7542372881355932,0.8068669527896996,0.7982062780269058,0.7584745762711864,0.7759336099585062,0.7333333333333333,0.7621359223300971,0.7067307692307693,0.6978723404255319,0.6983471074380165,0.6724890829694323,0.6454545454545455,0.6748971193415638,0.5821596244131455,0.5774647887323944,0.5630630630630631,0.5307017543859649,0.4652173913043478,0.4425531914893617,0.41968911917098445,0.497737556561086,0.43231441048034935,0.37610619469026546,0.4043478260869565,0.4117647058823529,0.4099099099099099,0.4199134199134199,0.35526315789473684,0.44166666666666665,0.49238578680203043,0.40869565217391307,0.4473684210526316,0.5109170305676856,0.5065502183406113,0.5038461538461538,0.558252427184466,0.5529953917050692,0.5443037974683544,0.5982905982905983,0.6273584905660378,0.638095238095238,0.6470588235294118,0.6507177033492823,0.6857142857142857,0.7416267942583732,0.7260869565217392,0.7123893805309734,0.7638190954773869,0.8088888888888889,0.7883817427385892,0.7906976744186046,0.7963800904977375,0.7317073170731707,0.817351598173516,0.8,0.7323943661971831,0.7546296296296297,0.7389162561576355,0.6965811965811965,0.6739130434782609,0.6976744186046512,0.5512820512820513,0.6510638297872341,0.5866666666666667
0.6099585062240664,0.5621621621621622,0.5564853556485355,0.5167464114832536,0.5787037037037037,0.49356223175965663,0.4857142857142857,0.47717842323651455,0.4672489082969432,0.43478260869565216,0.46473029045643155,0.36363636363636365,0.3888888888888889,0.4713656387665198,0.37264150943396224,0.4074074074074074,0.3872549019607843,0.43555555555555553,0.5073170731707317,0.4889867841409692,0.5087719298245614,0.5550660792951542,0.5106382978723404,0.6121495327102804,0.5909090909090909,0.5833333333333334,0.6217391304347826,0.6728110599078341,0.6542056074766355,0.691304347826087,0.6857142857142857,0.7327188940092166,0.7853658536585366,0.7649769585253456,0.7616580310880829,0.7366071428571429,0.7598039215686274,0.7887931034482759,0.7961165048543689,0.7685589519650655,0.7063829787234043,0.774468085106383,0.7706422018348624,0.7222222222222222,0.7194570135746606,0.7029702970297029,0.7070707070707071,0.6594827586206896,0.6869565217391305,0.5826086956521739,0.6289592760180995,0.5095238095238095,0.5678391959798995,0.5022421524663677,0.5191489361702127,0.5458937198067633,0.47560975609756095,0.40669856459330145,0.43317972350230416,0.43946188340807174,0.45365853658536587,0.41743119266055045,0.40336134453781514,0.3981042654028436,0.4380952380952381,0.36607142857142855,0.4533333333333333,0.40512820512820513,0.4627659574468085,0.5219512195121951,0.4675925925925926,0.5502183406113537,0.5764705882352941,0.5761904761904761,0.5825242718446602,0.627906976744186,0.6784140969162996,0.6946902654867256,0.6923076923076923,0.7183098591549296,0.6990740740740741,0.7149321266968326,0.7342995169082126,0.7272727272727273,0.7320574162679426,0.7512437810945274,0.7359307359307359,0.7873303167420814,0.7665198237885462,0.7722772277227723,0.7614213197969543,0.7566371681415929,0.75,0.7488789237668162,0.6794871794871795,0.7142857142857143,0.6828193832599119,0.6790697674418604,0.6213592233009708,0.6666666666666666
0.5953488372093023,0.5929203539823009,0.5947136563876652,0.5546218487394958,0.5566502463054187,0.49794238683127573,0.47465437788018433,0.45555555555555555,0.4358974358974359,0.4497816593886463,0.4043478260869565,0.42857142857142855,0.4688995215311005,0.4057971014492754,0.452991452991453,0.46875,0.5076923076923077,0.4507042253521127,0.44493392070484583,0.4611872146118721,0.5203619909502263,0.5147058823529411,0.5275229357798165,0.5643153526970954,0.583756345177665,0.605,0.6545454545454545,0.6448598130841121,0.7131147540983607,0.7095435684647303,0.6728110599078341,0.7088607594936709,0.746606334841629,0.6940639269406392,0.7962962962962963,0.8136363636363636,0.7763157894736842,0.7681159420289855,0.7920353982300885,0.7783018867924528,0.8,0.7619047619047619,0.7214611872146118,0.7477064220183486,0.7478260869565218,0.7252252252252253,0.696078431372549,0.6153846153846154,0.6391304347826087,0.6351351351351351,0.6367521367521367,0.5753424657534246,0.5251141552511416,0.555045871559633,0.5064935064935064,0.4888888888888889,0.44545454545454544,0.5165876777251185,0.5159817351598174,0.4642857142857143,0.4533333333333333,0.38589211618257263,0.44841269841269843,0.47058823529411764,0.49074074074074076,0.44036697247706424,0.4727272727272727,0.47706422018348627,0.4765957446808511,0.49029126213592233,0.514018691588785,0.5669642857142857,0.5545023696682464,0.5911111111111111,0.5933014354066986,0.6296296296296297,0.6255924170616114,0.6606334841628959,0.6592920353982301,0.676056338028169,0.7180616740088106,0.712,0.7920353982300885,0.7612612612612613,0.7793427230046949,0.7424892703862661,0.7751196172248804,0.7717842323651453,0.7605633802816901,0.7521367521367521,0.8008849557522124,0.7647058823529411,0.7511111111111111,0.7085201793721974,0.6939655172413793,0.7162162162162162,0.6607142857142857,0.6160714285714286,0.6415929203539823,0.6121495327102804
0.6262135922330098,0.6017699115044248,0.6394230769230769,0.5422222222222223,0.47572815533980584,0.5024630541871922,0.5291479820627802,0.5078125,0.5084033613445378,0.49361702127659574,0.5097087378640777,0.5071090047393365,0.4933920704845815,0.416,0.5088495575221239,0.4574468085106383,0.4424778761061947,0.43612334801762115,0.4658119658119658,0.46190476190476193,0.5314009661835749,0.5235849056603774,0.5327510917030568,0.5745614035087719,0.5462555066079295,0.6434782608695652,0.6523605150214592,0.6609442060085837,0.6888888888888889,0.7136752136752137,0.7351598173515982,0.7605633802816901,0.7630331753554502,0.7488584474885844,0.780373831775701,0.8097345132743363,0.7920353982300885,0.820627802690583,0.7981220657276995,0.8025751072961373,0.7947368421052632,0.7440758293838863,0.8053097345132744,0.720164609053498,0.7523809523809524,0.7083333333333334,0.7300884955752213,0.6352459016393442,0.6409090909090909,0.6622807017543859,0.6111111111111112,0.5732758620689655,0.5550239234449761,0.5867346938775511,0.5416666666666666,0.4900990099009901,0.4794520547945205,0.5022026431718062,0.4841628959276018,0.4605263157894737,0.44954128440366975,0.47413793103448276,0.49065420560747663,0.43103448275862066,0.4576271186440678,0.46543778801843316,0.5440414507772021,0.5304347826086957,0.4878048780487805,0.5662100456621004,0.4946236559139785,0.5194174757281553,0.5813953488372093,0.6325581395348837,0.6060606060606061,0.6782608695652174,0.6439024390243903,0.6495327102803738,0.6683168316831684,0.6778242677824268,0.7072072072072072,0.7264957264957265,0.8165137614678899,0.7974137931034483,0.8288288288288288,0.8227848101265823,0.7251184834123223,0.7639484978540773,0.8053097345132744,0.8042553191489362,0.7529880478087649,0.8227848101265823,0.7589285714285714,0.729064039408867,0.7272727272727273,0.7511520737327189,0.7168141592920354,0.6714285714285714,0.6428571428571429,0.6905829596412556
0.6244131455399061,0.5927601809954751,0.6458333333333334,0.6588785046728972,0.5481171548117155,0.5796460176991151,0.5169082125603864,0.4780701754385965,0.49765258215962443,0.44761904761904764,0.4678111587982833,0.5147679324894515,0.4954545454545455,0.4698275862068966,0.4311111111111111,0.5109170305676856,0.4808510638297872,0.5911111111111111,0.5502183406113537,0.5534883720930233,0.5619047619047619,0.5633187772925764,0.6298076923076923,0.5720164609053497,0.6058091286307054,0.5954545454545455,0.6744186046511628,0.7238095238095238,0.7555555555555555,0.7554585152838428,0.7272727272727273,0.7044334975369458,0.7419354838709677,0.7644444444444445,0.7875,0.8009708737864077,0.8481012658227848,0.8093023255813954,0.8,0.7710280373831776,0.7894736842105263,0.7405660377358491,0.7723214285714286,0.7782805429864253,0.7548076923076923,0.7365853658536585,0.7439613526570048,0.6769911504424779,0.7258064516129032,0.7175925925925926,0.5982142857142857,0.5701357466063348,0.5576036866359447,0.5981308411214953,0.5848214285714286,0.5242290748898678,0.5,0.5045454545454545,0.5584415584415584,0.5752212389380531,0.4840182648401826,0.4474885844748858,0.5409836065573771,0.5394736842105263,0.45794392523364486,0.5405405405405406,0.4801762114537445,0.5183673469387755,0.5286343612334802,0.5601851851851852,0.49523809523809526,0.5578512396694215,0.5735294117647058,0.5714285714285714,0.62882096069869,0.6521739130434783,0.6478260869565218,0.7125,0.7069767441860465,0.7155963302752294,0.7601809954751131,0.7511737089201878,0.7605042016806722,0.7644628099173554,0.7927927927927928,0.806930693069307,0.7703349282296651,0.8034188034188035,0.8045454545454546,0.7777777777777778,0.7702702702702703,0.775330396475771,0.7698744769874477,0.7361111111111112,0.70995670995671,0.7316017316017316,0.7442922374429224,0.6909090909090909,0.7044534412955465,0.6484018264840182
0.6267281105990783,0.6313131313131313,0.6694214876033058,0.5765765765765766,0.581081081081081,0.5529411764705883,0.5545023696682464,0.5069767441860465,0.5740740740740741,0.5782608695652174,0.5188679245283019,0.4649122807017544,0.47706422018348627,0.4792626728110599,0.5,0.4690265486725664,0.4597156398104265,0.5373134328358209,0.5981308411214953,0.5634517766497462,0.5299539170506913,0.6132075471698113,0.582089552238806,0.5981735159817352,0.6,0.646551724137931,0.6594827586206896,0.6666666666666666,0.7086956521739131,0.7395348837209302,0.7874396135265701,0.720164609053498,0.7752293577981652,0.7971014492753623,0.8082191780821918,0.8247863247863247,0.8491379310344828,0.7875,0.7755102040816326,0.8009478672985783,0.8161434977578476,0.7835497835497836,0.7931034482758621,0.78125,0.7412935323383084,0.7524271844660194,0.7212389380530974,0.68,0.6853448275862069,0.6699029126213593,0.6495327102803738,0.591743119266055,0.6323529411764706,0.581081081081081,0.6303317535545023,0.5373831775700935,0.5380952380952381,0.4772727272727273,0.5520361990950227,0.4722222222222222,0.4732510288065844,0.4669603524229075,0.47478991596638653,0.4851063829787234,0.5288461538461539,0.4798206278026906,0.5043859649122807,0.4642857142857143,0.5921052631578947,0.5064377682403434,0.6053811659192825,0.5876777251184834,0.5507246376811594,0.6018957345971564,0.6820276497695853,0.698744769874477,0.6594827586206896,0.7168949771689498,0.75,0.786046511627907,0.755868544600939,0.746606334841629,0.7545454545454545,0.782608695652174,0.7641921397379913,0.8110599078341014,0.8361344537815126,0.8064516129032258,0.7983193277310925,0.7863636363636364,0.755656108597285,0.75,0.75,0.7285067873303167,0.7465437788018433,0.7086956521739131,0.7311320754716981,0.6816143497757847,0.6497890295358649,0.6619047619047619
0.6762295081967213,0.6367924528301887,0.6317991631799164,0.5462555066079295,0.5491803278688525,0.5695067264573991,0.547085201793722,0.5169082125603864,0.5402843601895735,0.5114155251141552,0.5560538116591929,0.5219123505976095,0.5062240663900415,0.5260869565217391,0.551440329218107,0.46153846153846156,0.54337899543379,0.5646551724137931,0.5933014354066986,0.5540540540540541,0.5927601809954751,0.6204081632653061,0.6451612903225806,0.6753246753246753,0.6751269035532995,0.6061946902654868,0.6618357487922706,0.688034188034188,0.7016806722689075,0.7203791469194313,0.7464788732394366,0.76,0.8035714285714286,0.8355555555555556,0.788546255506608,0.8035714285714286,0.7791666666666667,0.8040201005025126,0.8106995884773662,0.8177777777777778,0.7920353982300885,0.8310502283105022,0.7582938388625592,0.7822222222222223,0.7584745762711864,0.7510548523206751,0.776824034334764,0.7312252964426877,0.799163179916318,0.68,0.6439024390243903,0.6443298969072165,0.5772357723577236,0.5693069306930693,0.6227272727272727,0.515695067264574,0.5544554455445545,0.6228070175438597,0.5906976744186047,0.5263157894736842,0.4769874476987448,0.5276595744680851,0.5388127853881278,0.5473684210526316,0.56,0.5313807531380753,0.5046728971962616,0.5801886792452831,0.44052863436123346,0.5248868778280543,0.6016597510373444,0.6355555555555555,0.6448598130841121,0.6905829596412556,0.6970954356846473,0.6491228070175439,0.669683257918552,0.6761133603238867,0.7130044843049327,0.7612612612612613,0.7633928571428571,0.7629310344827587,0.804,0.7927927927927928,0.803921568627451,0.7748917748917749,0.8371040723981901,0.8105726872246696,0.7838983050847458,0.8177570093457944,0.7669902912621359,0.7757847533632287,0.759090909090909,0.7652582159624414,0.7009803921568627,0.7053571428571429,0.7333333333333333,0.7154811715481172,0.7166666666666667,0.7226890756302521
0.6919642857142857,0.6216216216216216,0.6434782608695652,0.6053811659192825,0.5852534562211982,0.5952380952380952,0.5909090909090909,0.5466666666666666,0.5701357466063348,0.5534883720930233,0.5431034482758621,0.53515625,0.5145228215767634,0.5727272727272728,0.5454545454545454,0.5414634146341464,0.5120772946859904,0.5840336134453782,0.5534883720930233,0.6081632653061224,0.672566371681416,0.6057692307692307,0.6491228070175439,0.6206896551724138,0.6478260869565218,0.6916299559471366,0.7554585152838428,0.7745098039215687,0.7180616740088106,0.7844036697247706,0.7669902912621359,0.803030303030303,0.7813953488372093,0.7991452991452992,0.7705627705627706,0.8451327433628318,0.804,0.7941176470588235,0.8177777777777778,0.7739463601532567,0.7934272300469484,0.8026315789473685,0.7990867579908676,0.8268398268398268,0.7860262008733624,0.772,0.6746411483253588,0.7412280701754386,0.7216981132075472,0.68,0.6822429906542056,0.6962616822429907,0.6322869955156951,0.6592920353982301,0.5630252100840336,0.6339285714285714,0.5288888888888889,0.55893536121673,0.5071090047393365,0.55,0.5669642857142857,0.5233644859813084,0.49523809523809526,0.4888888888888889,0.5688888888888889,0.5170940170940171,0.5394736842105263,0.584070796460177,0.5772727272727273,0.5925925925925926,0.5911330049261084,0.6607142857142857,0.5938864628820961,0.6371308016877637,0.7178217821782178,0.6962616822429907,0.7442922374429224,0.7164179104477612,0.7583333333333333,0.7939914163090128,0.8088235294117647,0.7678571428571429,0.8177966101694916,0.8302752293577982,0.825531914893617,0.8518518518518519,0.8468085106382979,0.8294930875576036,0.8325581395348837,0.8341708542713567,0.8146341463414634,0.7416666666666667,0.8251121076233184,0.7443946188340808,0.7746478873239436,0.7692307692307693,0.7509881422924901,0.7135678391959799,0.7216981132075472,0.6133333333333333
0.6923076923076923,0.6739130434782609,0.6351351351351351,0.6396396396396397,0.6200873362445415,0.5765765765765766,0.5934579439252337,0.5877192982456141,0.6221198156682027,0.6271929824561403,0.6111111111111112,0.5515695067264574,0.5677083333333334,0.5575221238938053,0.5394190871369294,0.558252427184466,0.5756302521008403,0.5991189427312775,0.579185520361991,0.5836909871244635,0.6160714285714286,0.6558704453441295,0.6026785714285714,0.6769911504424779,0.6698564593301436,0.7107843137254902,0.751219512195122,0.7358490566037735,0.7821782178217822,0.8173076923076923,0.7512437810945274,0.7914691943127962,0.776824034334764,0.8185840707964602,0.8143459915611815,0.8333333333333334,0.7990430622009569,0.8269230769230769,0.851528384279476,0.8027522935779816,0.8144796380090498,0.821917808219178,0.7787610619469026,0.7486631016042781,0.7586206896551724,0.7438423645320197,0.74,0.7439024390243902,0.6682464454976303,0.7689075630252101,0.6860986547085202,0.6394230769230769,0.6343612334801763,0.6517857142857143,0.6367713004484304,0.5707762557077626,0.5924170616113744,0.5885167464114832,0.55,0.5659574468085107,0.5764192139737991,0.5565610859728507,0.5478260869565217,0.6527777777777778,0.507177033492823,0.5384615384615384,0.5506607929515418,0.631578947368421,0.5535714285714286,0.6153846153846154,0.6506550218340611,0.6572769953051644,0.6074766355140186,0.6495726495726496,0.6666666666666666,0.6872246696035242,0.7846153846153846,0.788659793814433,0.7236180904522613,0.8010204081632653,0.8044444444444444,0.8018867924528302,0.7923728813559322,0.8539823008849557,0.8271028037383178,0.8253275109170306,0.8333333333333334,0.8483412322274881,0.8238095238095238,0.8215962441314554,0.7947598253275109,0.8280542986425339,0.7973568281938326,0.7818181818181819,0.7447698744769874,0.7719298245614035,0.7125506072874493,0.6697247706422018,0.6944444444444444,0.7148760330578512
0.7373271889400922,0.7058823529411765,0.6634615384615384,0.7045454545454546,0.5847457627118644,0.6100917431192661,0.6339285714285714,0.5804878048780487,0.6468085106382979,0.5942622950819673,0.5807860262008734,0.5670995670995671,0.514018691588785,0.5458515283842795,0.583710407239819,0.5981735159817352,0.5454545454545454,0.6514522821576764,0.5911330049261084,0.6343612334801763,0.6425339366515838,0.634703196347032,0.6744186046511628,0.6448598130841121,0.6724890829694323,0.6790697674418604,0.6962025316455697,0.7351778656126482,0.774468085106383,0.7791666666666667,0.8097165991902834,0.8308457711442786,0.8063063063063063,0.8,0.8444444444444444,0.8773584905660378,0.8528138528138528,0.852017937219731,0.8333333333333334,0.883495145631068,0.8651162790697674,0.8133333333333334,0.852017937219731,0.7877358490566038,0.7772727272727272,0.7428571428571429,0.7804878048780488,0.7584541062801933,0.7142857142857143,0.7101449275362319,0.7242798353909465,0.6847290640394089,0.6711711711711712,0.6502463054187192,0.6372549019607843,0.5855855855855856,0.6108949416342413,0.6094420600858369,0.6502242152466368,0.6478260869565218,0.5948275862068966,0.581081081081081,0.5739910313901345,0.5868544600938967,0.5189873417721519,0.593607305936073,0.5882352941176471,0.6016260162601627,0.6255506607929515,0.5882352941176471,0.6681818181818182,0.6574074074074074,0.6729857819905213,0.6064814814814815,0.7222222222222222,0.705607476635514,0.7268722466960352,0.7692307692307693,0.8073394495412844,0.75,0.8268398268398268,0.8571428571428571,0.7941176470588235,0.8108108108108109,0.8333333333333334,0.8705357142857143,0.8448275862068966,0.8894009216589862,0.8597285067873304,0.8440366972477065,0.8325581395348837,0.7707317073170732,0.7583333333333333,0.808,0.7641921397379913,0.7592592592592593,0.7383177570093458,0.6926229508196722,0.6990291262135923,0.7033492822966507
0.7235023041474654,0.7280701754385965,0.6763285024154589,0.7298578199052133,0.6833333333333333,0.6431718061674009,0.6346153846153846,0.6696428571428571,0.5961538461538461,0.6586538461538461,0.6157205240174672,0.6328502415458938,0.614406779661017,0.6106194690265486,0.6299212598425197,0.6157205240174672,0.6558139534883721,0.6238532110091743,0.6538461538461539,0.5990566037735849,0.6066350710900474,0.6711111111111111,0.68,0.7174887892376681,0.7172995780590717,0.7058823529411765,0.7168949771689498,0.7729468599033816,0.7983539094650206,0.8076923076923077,0.7882882882882883,0.8082901554404145,0.8640776699029126,0.8413461538461539,0.8268398268398268,0.8663594470046083,0.8507462686567164,0.8268398268398268,0.8423236514522822,0.8198198198198198,0.8164251207729468,0.8355555555555556,0.8333333333333334,0.8160377358490566,0.7847533632286996,0.7945205479452054,0.7416666666666667,0.7717842323651453,0.7413793103448276,0.7192982456140351,0.696969696969697,0.703862660944206,0.6818181818181818,0.6611570247933884,0.6747572815533981,0.683982683982684,0.6396396396396397,0.6,0.5836909871244635,0.5665236051502146,0.641860465116279,0.541871921182266,0.5894308943089431,0.5397489539748954,0.6205357142857143,0.6359447004608295,0.6108786610878661,0.6475770925110133,0.6484018264840182,0.6205357142857143,0.680952380952381,0.695852534562212,0.74235807860262,0.6948356807511737,0.7184873949579832,0.7402597402597403,0.762114537444934,0.7434782608695653,0.7372881355932204,0.7877551020408163,0.7823834196891192,0.8558139534883721,0.8461538461538461,0.8782608695652174,0.8372093023255814,0.8227272727272728,0.8445378151260504,0.8204081632653061,0.8493723849372385,0.8026905829596412,0.8739495798319328,0.7827868852459017,0.7718446601941747,0.8285714285714286,0.7748917748917749,0.7443946188340808,0.7429906542056075,0.7412280701754386,0.7426160337552743,0.7224669603524229
0.7333333333333333,0.7379679144385026,0.7114427860696517,0.7096774193548387,0.6875,0.6069651741293532,0.6197183098591549,0.6541666666666667,0.6233183856502242,0.6883116883116883,0.6683168316831684,0.6331877729257642,0.6238095238095238,0.6289592760180995,0.6425339366515838,0.6417910447761194,0.6334841628959276,0.6064814814814815,0.6548672566371682,0.6238532110091743,0.7165991902834008,0.667953667953668,0.6923076923076923,0.7188940092165899,0.7616822429906542,0.7448559670781894,0.7731481481481481,0.7641509433962265,0.7896995708154506,0.8493150684931506,0.8292682926829268,0.84,0.8222222222222222,0.8297872340425532,0.8577981651376146,0.8860759493670886,0.875,0.8333333333333334,0.863849765258216,0.847457627118644,0.826271186440678,0.8544600938967136,0.8657407407407407,0.8084112149532711,0.8514851485148515,0.7857142857142857,0.7896995708154506,0.8,0.7853881278538812,0.7545454545454545,0.7272727272727273,0.7702702702702703,0.7033898305084746,0.703125,0.6697247706422018,0.6711111111111111,0.7083333333333334,0.6217391304347826,0.6372093023255814,0.6475409836065574,0.6444444444444445,0.6515837104072398,0.6094420600858369,0.6260869565217392,0.6697247706422018,0.6785714285714286,0.639269406392694,0.6475770925110133,0.6919191919191919,0.6707317073170732,0.630901287553648,0.7069767441860465,0.7089201877934272,0.6911764705882353,0.7324561403508771,0.7366071428571429,0.7314814814814815,0.7751196172248804,0.7731481481481481,0.8149779735682819,0.8238095238095238,0.8354430379746836,0.8454545454545455,0.7425742574257426,0.8340425531914893,0.8493150684931506,0.8211009174311926,0.8484848484848485,0.9027777777777778,0.8689320388349514,0.775330396475771,0.8271028037383178,0.8387096774193549,0.8280542986425339,0.8009259259259259,0.7973568281938326,0.8309178743961353,0.7887931034482759,0.7821011673151751,0.7339449541284404
0.7748917748917749,0.75,0.7407407407407407,0.7216981132075472,0.6977777777777778,0.6888888888888889,0.647887323943662,0.7077625570776256,0.6304347826086957,0.6140350877192983,0.6525821596244131,0.6588785046728972,0.6391304347826087,0.5726872246696035,0.6569037656903766,0.6380090497737556,0.6595744680851063,0.6711111111111111,0.7149532710280374,0.6681614349775785,0.6785714285714286,0.7672413793103449,0.6989795918367347,0.7454545454545455,0.730593607305936,0.7355371900826446,0.75,0.8177570093457944,0.7777777777777778,0.7794117647058824,0.8299595141700404,0.8464912280701754,0.8472222222222222,0.8609865470852018,0.8614718614718615,0.8333333333333334,0.8917748917748918,0.8483412322274881,0.8451327433628318,0.8169014084507042,0.822429906542056,0.8477366255144033,0.875,0.8348623853211009,0.8078602620087336,0.8281938325991189,0.7837837837837838,0.808695652173913,0.8054298642533937,0.7283950617283951,0.6933333333333334,0.6563876651982379,0.6837209302325581,0.7088607594936709,0.7024793388429752,0.7272727272727273,0.6948356807511737,0.6008771929824561,0.685,0.6533333333333333,0.6743119266055045,0.6292682926829268,0.6330275229357798,0.6904761904761905,0.6948356807511737,0.6650246305418719,0.6777251184834123,0.672566371681416,0.6637931034482759,0.7324561403508771,0.6473029045643154,0.7219917012448133,0.7402597402597403,0.746938775510204,0.7929515418502202,0.736,0.7901785714285714,0.7892376681614349,0.7735042735042735,0.8049792531120332,0.8591549295774648,0.8375,0.883177570093458,0.847926267281106,0.864406779661017,0.8552631578947368,0.8457943925233645,0.8604651162790697,0.8441558441558441,0.8161434977578476,0.8370044052863436,0.8235294117647058,0.8448275862068966,0.8145161290322581,0.8217054263565892,0.8207547169811321,0.7808219178082192,0.7717842323651453,0.7835497835497836,0.7345971563981043
0.8221153846153846,0.783410138248848,0.7456896551724138,0.7293577981651376,0.7247706422018348,0.6712962962962963,0.7311320754716981,0.717948717948718,0.640495867768595,0.6502057613168725,0.638095238095238,0.679324894514768,0.624,0.6622807017543859,0.6438356164383562,0.688034188034188,0.7448559670781894,0.7035398230088495,0.6977777777777778,0.7307692307692307,0.7177033492822966,0.7330316742081447,0.7736842105263158,0.7116279069767442,0.7429906542056075,0.7632850241545893,0.7992277992277992,0.76,0.8737864077669902,0.8104265402843602,0.8425925925925926,0.8202764976958525,0.7935779816513762,0.852017937219731,0.8511627906976744,0.8411214953271028,0.8354978354978355,0.8227848101265823,0.881578947368421,0.82,0.883177570093458,0.8599033816425121,0.8789237668161435,0.7899543378995434,0.8318181818181818,0.8288288288288288,0.7583333333333333,0.751131221719457,0.7702702702702703,0.7802690582959642,0.7464114832535885,0.7391304347826086,0.7447698744769874,0.7448559670781894,0.7186147186147186,0.7316017316017316,0.7344398340248963,0.6754385964912281,0.6327433628318584,0.7017543859649122,0.8,0.6695652173913044,0.6839622641509434,0.6606334841628959,0.7333333333333333,0.7162162162162162,0.75,0.7764227642276422,0.6915422885572139,0.740909090909091,0.74235807860262,0.6666666666666666,0.7923728813559322,0.7454545454545455,0.7991071428571429,0.7727272727272727,0.7816593886462883,0.7990867579908676,0.8528138528138528,0.7939914163090128,0.8340807174887892,0.864406779661017,0.8157894736842105,0.8421052631578947,0.8785046728971962,0.8405172413793104,0.8634146341463415,0.8532818532818532,0.8440366972477065,0.8311111111111111,0.8803827751196173,0.8372093023255814,0.8416289592760181,0.8744588744588745,0.8270042194092827,0.8051948051948052,0.7241379310344828,0.8101851851851852,0.8080357142857143,0.7857142857142857
0.7714285714285715,0.7671232876712328,0.8310502283105022,0.7247706422018348,0.7710280373831776,0.7013574660633484,0.7557603686635944,0.7415254237288136,0.7068273092369478,0.6622222222222223,0.6782608695652174,0.6894977168949772,0.6748768472906403,0.641860465116279,0.6205128205128205,0.6753246753246753,0.6899563318777293,0.7,0.7251184834123223,0.7235772357723578,0.7489177489177489,0.7557603686635944,0.6875,0.7192118226600985,0.7587719298245614,0.7758620689655172,0.7787610619469026,0.8370044052863436,0.8116591928251121,0.8440366972477065,0.8626609442060086,0.8545454545454545,0.8733031674208145,0.8689320388349514,0.84765625,0.8888888888888888,0.8720379146919431,0.853448275862069,0.8589743589743589,0.8532110091743119,0.8433179723502304,0.8634361233480177,0.8571428571428571,0.7982062780269058,0.8151658767772512,0.8584070796460177,0.7903930131004366,0.8232558139534883,0.8364485981308412,0.8281938325991189,0.7638190954773869,0.8070175438596491,0.7136929460580913,0.7763713080168776,0.7155963302752294,0.7181818181818181,0.6981132075471698,0.6877828054298643,0.6805555555555556,0.7583333333333333,0.7183673469387755,0.6637554585152838,0.6934673366834171,0.6636363636363637,0.7155172413793104,0.6949152542372882,0.7188755020080321,0.7148936170212766,0.7699530516431925,0.7198067632850241,0.7351351351351352,0.7212389380530974,0.7914691943127962,0.7655502392344498,0.728110599078341,0.8368200836820083,0.8396624472573839,0.8468085106382979,0.8373983739837398,0.84375,0.8529411764705882,0.821917808219178,0.8672985781990521,0.8936170212765957,0.8461538461538461,0.8504273504273504,0.8454106280193237,0.8537735849056604,0.8340425531914893,0.8826291079812206,0.8695652173913043,0.8767123287671232,0.8642533936651584,0.8243243243243243,0.8461538461538461,0.8502202643171806,0.7925531914893617,0.7754237288135594,0.8177777777777778,0.7668161434977578
0.8297872340425532,0.8018433179723502,0.7522123893805309,0.8165137614678899,0.7541666666666667,0.740909090909091,0.7136363636363636,0.6923076923076923,0.728110599078341,0.7129629629629629,0.6807511737089202,0.7412280701754386,0.6784140969162996,0.7370892018779343,0.7407407407407407,0.6334841628959276,0.7370892018779343,0.7479674796747967,0.7422222222222222,0.7198443579766537,0.7946428571428571,0.7212389380530974,0.7668161434977578,0.7181818181818181,0.8018867924528302,0.8652173913043478,0.8,0.7833333333333333,0.8103448275862069,0.8703703703703703,0.8201754385964912,0.8658536585365854,0.8341013824884793,0.8968609865470852,0.8760683760683761,0.9144144144144144,0.8951965065502183,0.9035087719298246,0.9205020920502092,0.8605769230769231,0.8838383838383839,0.8925233644859814,0.854251012145749,0.8457943925233645,0.8857142857142857,0.8534031413612565,0.8457943925233645,0.8232558139534883,0.8238095238095238,0.8222222222222222,0.7107843137254902,0.8185654008438819,0.7991266375545851,0.745,0.7167381974248928,0.7739130434782608,0.7577092511013216,0.7136150234741784,0.746268656716418,0.7041666666666667,0.7614678899082569,0.7327586206896551,0.6757990867579908,0.7510548523206751,0.7149532710280374,0.7136363636363636,0.74,0.7288888888888889,0.7592592592592593,0.7654867256637168,0.731404958677686,0.8202764976958525,0.8050847457627118,0.7947598253275109,0.8070175438596491,0.8108108108108109,0.817351598173516,0.7962085308056872,0.8114035087719298,0.8551401869158879,0.8589743589743589,0.8826291079812206,0.8075313807531381,0.8782608695652174,0.8842592592592593,0.9068627450980392,0.8545454545454545,0.8682926829268293,0.8552631578947368,0.880184331797235,0.8686868686868687,0.8954545454545455,0.8705357142857143,0.8828828828828829,0.8495145631067961,0.7788461538461539,0.8042553191489362,0.8122270742358079,0.7983193277310925,0.8174273858921162
0.8257261410788381,0.7935779816513762,0.8009478672985783,0.7542372881355932,0.7791164658634538,0.7431192660550459,0.7669902912621359,0.7698744769874477,0.7304347826086957,0.7327188940092166,0.7177033492822966,0.7073170731707317,0.6972477064220184,0.7455357142857143,0.7577092511013216,0.7632850241545893,0.751131221719457,0.8019323671497585,0.7488584474885844,0.7446808510638298,0.7901234567901234,0.7830188679245284,0.8304347826086956,0.7268041237113402,0.8238095238095238,0.7799043062200957,0.8372093023255814,0.8235294117647058,0.8423423423423423,0.7906976744186046,0.8626609442060086,0.8552631578947368,0.8493723849372385,0.8697674418604651,0.9041095890410958,0.8815165876777251,0.9124423963133641,0.8755980861244019,0.8614718614718615,0.8364485981308412,0.8738738738738738,0.875,0.853448275862069,0.8765957446808511,0.8658008658008658,0.8868778280542986,0.8237885462555066,0.8558558558558559,0.825531914893617,0.8026315789473685,0.7868020304568528,0.7990654205607477,0.7751196172248804,0.7980769230769231,0.7763713080168776,0.7407407407407407,0.7277227722772277,0.7120418848167539,0.75,0.7081339712918661,0.7567567567567568,0.7209302325581395,0.7289719626168224,0.7110091743119266,0.7652582159624414,0.740909090909091,0.7777777777777778,0.75,0.7787234042553192,0.7844036697247706,0.7661691542288557,0.7698744769874477,0.8387096774193549,0.8191489361702128,0.8293838862559242,0.8354978354978355,0.7737556561085973,0.821256038647343,0.8661087866108786,0.8738738738738738,0.8664122137404581,0.8590909090909091,0.908675799086758,0.8702928870292888,0.918552036199095,0.8884120171673819,0.8714285714285714,0.8787878787878788,0.8214285714285714,0.8883928571428571,0.8898678414096917,0.8935185185185185,0.8558139534883721,0.8571428571428571,0.8678414096916299,0.8628318584070797,0.8111587982832618,0.8208955223880597,0.8045454545454546,0.8225108225108225
0.8620689655172413,0.7964601769911505,0.8161434977578476,0.8235294117647058,0.8232558139534883,0.7929515418502202,0.8008849557522124,0.7574468085106383,0.7616580310880829,0.7579908675799086,0.7535545023696683,0.7729257641921398,0.7871287128712872,0.7718446601941747,0.75,0.7614213197969543,0.7072072072072072,0.75,0.7424892703862661,0.7739130434782608,0.7461538461538462,0.8056872037914692,0.811965811965812,0.8388625592417062,0.7980295566502463,0.8472222222222222,0.8237885462555066,0.8109243697478992,0.8602620087336245,0.8844444444444445,0.8476190476190476,0.8699551569506726,0.8356807511737089,0.9068825910931174,0.8767123287671232,0.90625,0.8983050847457628,0.9191489361702128,0.9026548672566371,0.8980582524271845,0.8737373737373737,0.9040404040404041,0.8805970149253731,0.9166666666666666,0.8558139534883721,0.8648648648648649,0.9,0.8352490421455939,0.8863636363636364,0.7876106194690266,0.8577586206896551,0.8451882845188284,0.8222222222222222,0.751131221719457,0.8009049773755657,0.7522123893805309,0.7808219178082192,0.7966101694915254,0.7913043478260869,0.755656108597285,0.7181818181818181,0.7822222222222223,0.7685185185185185,0.7772727272727272,0.7685185185185185,0.7439024390243902,0.7574468085106383,0.7247706422018348,0.8458333333333333,0.7819905213270142,0.801762114537445,0.8300970873786407,0.8104265402843602,0.813953488372093,0.8502415458937198,0.8113207547169812,0.84688995215311,0.8266666666666667,0.8356807511737089,0.880184331797235,0.8333333333333334,0.8925619834710744,0.8577777777777778,0.8977777777777778,0.8681818181818182,0.8679245283018868,0.8407079646017699,0.8982300884955752,0.8565400843881856,0.8584474885844748,0.9182692307692307,0.9095022624434389,0.8967136150234741,0.8640776699029126,0.8716814159292036,0.8787878787878788,0.8823529411764706,0.7953488372093023,0.8427947598253275,0.8212765957446808
0.8333333333333334,0.8384279475982532,0.8553719008264463,0.8311111111111111,0.8130434782608695,0.8104265402843602,0.8135593220338984,0.759493670886076,0.7557603686635944,0.7655502392344498,0.7864077669902912,0.7632850241545893,0.7914691943127962,0.7990867579908676,0.6985645933014354,0.7669902912621359,0.8018018018018018,0.8050847457627118,0.819672131147541,0.8057851239669421,0.8080357142857143,0.8309859154929577,0.8138528138528138,0.8354430379746836,0.8240343347639485,0.8165938864628821,0.8377192982456141,0.8454935622317596,0.8376068376068376,0.9241706161137441,0.8648648648648649,0.9009009009009009,0.880184331797235,0.9027777777777778,0.9051383399209486,0.9170506912442397,0.925764192139738,0.9019607843137255,0.8744939271255061,0.908675799086758,0.8594377510040161,0.9082969432314411,0.8991228070175439,0.9353233830845771,0.8844221105527639,0.8649789029535865,0.8677685950413223,0.8425531914893617,0.8277310924369747,0.8169642857142857,0.8677685950413223,0.9019607843137255,0.8135593220338984,0.775609756097561,0.7696078431372549,0.7523364485981309,0.7772511848341233,0.7521367521367521,0.8109243697478992,0.7461139896373057,0.7795918367346939,0.7373271889400922,0.762114537444934,0.7681159420289855,0.7871287128712872,0.7892156862745098,0.7453703703703703,0.8104838709677419,0.7844036697247706,0.8247863247863247,0.8043478260869565,0.8620689655172413,0.8598130841121495,0.8625592417061612,0.8177777777777778,0.8583333333333333,0.8803418803418803,0.8526785714285714,0.8552036199095022,0.8820960698689956,0.8681818181818182,0.8951965065502183,0.874439461883408,0.9018691588785047,0.875,0.9259259259259259,0.9282700421940928,0.8986175115207373,0.9065420560747663,0.905829596412556,0.8791666666666667,0.8571428571428571,0.9152542372881356,0.8733031674208145,0.8713692946058091,0.8983050847457628,0.8457943925233645,0.8565891472868217,0.852589641434263,0.7982832618025751
0.8842592592592593,0.8384279475982532,0.8166666666666667,0.8325991189427313,0.8266129032258065,0.8577777777777778,0.7920353982300885,0.786046511627907,0.8715596330275229,0.803030303030303,0.8257261410788381,0.8405797101449275,0.7695473251028807,0.7945205479452054,0.7866666666666666,0.8438818565400844,0.7782805429864253,0.8114035087719298,0.8034934497816594,0.8325991189427313,0.8333333333333334,0.8483412322274881,0.7722772277227723,0.8367346938775511,0.8416289592760181,0.8525345622119815,0.9008620689655172,0.8771929824561403,0.861244019138756,0.8883720930232558,0.8990384615384616,0.8785425101214575,0.9110169491525424,0.9078947368421053,0.8969957081545065,0.9142857142857143,0.8706896551724138,0.9134615384615384,0.9324324324324325,0.9074889867841409,0.9166666666666666,0.8778280542986425,0.8945147679324894,0.8530805687203792,0.8807339449541285,0.8888888888888888,0.8883720930232558,0.8940092165898618,0.8828828828828829,0.8552036199095022,0.8257261410788381,0.8632075471698113,0.8009478672985783,0.8444444444444444,0.8571428571428571,0.7952380952380952,0.7707317073170732,0.783410138248848,0.8226600985221675,0.755868544600939,0.8472906403940886,0.8341013824884793,0.7808219178082192,0.803030303030303,0.8287037037037037,0.820627802690583,0.8468468468468469,0.8260869565217391,0.8054298642533937,0.8146341463414634,0.8318181818181818,0.8,0.8317307692307693,0.8526785714285714,0.8379629629629629,0.8442211055276382,0.8552036199095022,0.8540540540540541,0.8865979381443299,0.8962655601659751,0.8976744186046511,0.8873239436619719,0.9124423963133641,0.9154929577464789,0.9009009009009009,0.8681818181818182,0.9045454545454545,0.8909952606635071,0.9213973799126638,0.8894230769230769,0.8870292887029289,0.8986175115207373,0.9,0.9158415841584159,0.91,0.8789237668161435,0.8379629629629629,0.855,0.8755364806866953,0.8571428571428571
0.8377192982456141,0.8672985781990521,0.8994974874371859,0.8356807511737089,0.7875647668393783,0.8162393162393162,0.8695652173913043,0.7886178861788617,0.8625,0.7959183673469388,0.7669491525423728,0.7909090909090909,0.8059701492537313,0.8127853881278538,0.7876106194690266,0.845771144278607,0.7787610619469026,0.8043478260869565,0.8053097345132744,0.7584541062801933,0.8497854077253219,0.8269230769230769,0.8657407407407407,0.8443396226415094,0.8257261410788381,0.8398268398268398,0.9025641025641026,0.8584070796460177,0.9041666666666667,0.8651162790697674,0.8805309734513275,0.9138755980861244,0.8783783783783784,0.8947368421052632,0.8909090909090909,0.9393939393939394,0.8873239436619719,0.9299065420560748,0.9429824561403509,0.88,0.8902439024390244,0.9278846153846154,0.932806324110672,0.9082969432314411,0.8982300884955752,0.8984771573604061,0.9076923076923077,0.8432203389830508,0.8348623853211009,0.8620689655172413,0.8504672897196262,0.8484848484848485,0.8215962441314554,0.7909090909090909,0.8431372549019608,0.8119266055045872,0.8283261802575107,0.8502024291497976,0.8245614035087719,0.8177339901477833,0.7796610169491526,0.8125,0.7974683544303798,0.8061674008810573,0.8190045248868778,0.8103448275862069,0.7937219730941704,0.8243243243243243,0.786046511627907,0.8428571428571429,0.7847533632286996,0.8278688524590164,0.8810572687224669,0.8557692307692307,0.8584905660377359,0.8617511520737328,0.8666666666666667,0.871244635193133,0.8458149779735683,0.8927038626609443,0.880184331797235,0.8973214285714286,0.918918918918919,0.9124423963133641,0.8931623931623932,0.9383886255924171,0.9130434782608695,0.9136363636363637,0.868995633187773,0.9422222222222222,0.9217391304347826,0.8940677966101694,0.8805970149253731,0.8956521739130435,0.8785046728971962,0.8917748917748918,0.9004524886877828,0.8614718614718615,0.8370044052863436,0.8864628820960698
0.8927038626609443,0.8888888888888888,0.8767772511848341,0.7738693467336684,0.7991452991452992,0.8488888888888889,0.8595744680851064,0.8421052631578947,0.8138528138528138,0.8475336322869955,0.863013698630137,0.8144796380090498,0.7934272300469484,0.8091286307053942,0.8240740740740741,0.8318965517241379,0.8571428571428571,0.8365384615384616,0.8508771929824561,0.8409090909090909,0.865546218487395,0.835,0.8640776699029126,0.8539823008849557,0.8928571428571429,0.8733624454148472,0.875,0.8871595330739299,0.824390243902439,0.8883928571428571,0.9336283185840708,0.8995433789954338,0.9124423963133641,0.9026548672566371,0.923728813559322,0.9305555555555556,0.923728813559322,0.9076305220883534,0.9463414634146341,0.9405940594059405,0.9012875536480687,0.9102564102564102,0.9,0.8862745098039215,0.8947368421052632,0.8841201716738197,0.8787878787878788,0.8545454545454545,0.8836206896551724,0.9,0.8714285714285714,0.8584474885844748,0.8727272727272727,0.8493150684931506,0.8537735849056604,0.8354978354978355,0.8874458874458875,0.8382352941176471,0.8047808764940239,0.8296943231441049,0.827906976744186,0.8434782608695652,0.8078817733990148,0.8158995815899581,0.8205128205128205,0.8497854077253219,0.8502202643171806,0.848,0.8114035087719298,0.8370044052863436,0.8384279475982532,0.8371040723981901,0.8654708520179372,0.8908296943231441,0.8755760368663594,0.8826086956521739,0.8803827751196173,0.9102040816326531,0.905,0.9,0.9215686274509803,0.9224137931034483,0.8793103448275862,0.9041666666666667,0.923469387755102,0.9032258064516129,0.9191489361702128,0.9317073170731708,0.9386792452830188,0.9095477386934674,0.905982905982906,0.8874458874458875,0.9159663865546218,0.8898305084745762,0.9045454545454545,0.868995633187773,0.9014084507042254,0.82,0.8793103448275862,0.8699551569506726
0.9026548672566371,0.9173553719008265,0.9154929577464789,0.8657407407407407,0.8613445378151261,0.892018779342723,0.8883720930232558,0.8444444444444444,0.8285714285714286,0.8785046728971962,0.8495934959349594,0.8407079646017699,0.8828828828828829,0.8652173913043478,0.8325991189427313,0.8262910798122066,0.8592964824120602,0.8767123287671232,0.8689320388349514,0.8558951965065502,0.8532110091743119,0.8672566371681416,0.8956521739130435,0.8711111111111111,0.8723404255319149,0.8793103448275862,0.8620689655172413,0.8634361233480177,0.9051724137931034,0.8980582524271845,0.9358974358974359,0.9215686274509803,0.9020408163265307,0.9099099099099099,0.9319148936170213,0.9111111111111111,0.9299065420560748,0.9253112033195021,0.9038461538461539,0.8977777777777778,0.9423868312757202,0.9192825112107623,0.8940092165898618,0.9301310043668122,0.912621359223301,0.897196261682243,0.88,0.8879310344827587,0.8904109589041096,0.8945147679324894,0.8680851063829788,0.8333333333333334,0.9047619047619048,0.88,0.8528138528138528,0.8853211009174312,0.8841201716738197,0.8917748917748918,0.8815165876777251,0.8333333333333334,0.8565217391304348,0.863013698630137,0.8472222222222222,0.8565022421524664,0.8341463414634146,0.8491379310344828,0.8512396694214877,0.8701298701298701,0.8772727272727273,0.8512396694214877,0.8820960698689956,0.8721461187214612,0.8725490196078431,0.9148936170212766,0.8644859813084113,0.861244019138756,0.8828828828828829,0.8858447488584474,0.8893805309734514,0.9039301310043668,0.91,0.9106382978723404,0.9030837004405287,0.9567307692307693,0.9641255605381166,0.9269406392694064,0.9217391304347826,0.8925233644859814,0.9248826291079812,0.941747572815534,0.8883720930232558,0.9196428571428571,0.925764192139738,0.91324200913242,0.9107142857142857,0.9078341013824884,0.8834080717488789,0.9124423963133641,0.892018779342723,0.8969957081545065
0.875,0.8973214285714286,0.8904109589041096,0.8932038834951457,0.8842592592592593,0.8995433789954338,0.8731707317073171,0.8717948717948718,0.8805309734513275,0.896551724137931,0.8253275109170306,0.8547008547008547,0.8546255506607929,0.8812785388127854,0.8652173913043478,0.8571428571428571,0.8721461187214612,0.8488888888888889,0.8488888888888889,0.8869565217391304,0.8928571428571429,0.84688995215311,0.9065420560747663,0.8629441624365483,0.863013698630137,0.8808290155440415,0.8543307086614174,0.8933333333333333,0.9170305676855895,0.9324324324324325,0.8922413793103449,0.8976744186046511,0.9264069264069265,0.9126637554585153,0.9259259259259259,0.9493670886075949,0.926605504587156,0.9326923076923077,0.9213973799126638,0.9690265486725663,0.9147982062780269,0.8982300884955752,0.9366515837104072,0.9396551724137931,0.8985507246376812,0.9036697247706422,0.9417040358744395,0.9227272727272727,0.9222797927461139,0.935,0.9130434782608695,0.8811881188118812,0.8617021276595744,0.8461538461538461,0.8761061946902655,0.8319327731092437,0.8818565400843882,0.8518518518518519,0.8565022421524664,0.8363636363636363,0.8717948717948718,0.8592233009708737,0.7955555555555556,0.8272727272727273,0.8589743589743589,0.8502202643171806,0.8673469387755102,0.8225108225108225,0.8545454545454545,0.8847926267281107,0.8712871287128713,0.8589743589743589,0.8706896551724138,0.8914027149321267,0.9102040816326531,0.9134199134199135,0.8796296296296297,0.9039301310043668,0.9069767441860465,0.9043478260869565,0.9151785714285714,0.9271844660194175,0.9436619718309859,0.9246861924686193,0.9170731707317074,0.9170305676855895,0.9181034482758621,0.9120370370370371,0.9399141630901288,0.9230769230769231,0.9598214285714286,0.9156118143459916,0.8864628820960698,0.9117647058823529,0.9227642276422764,0.8678414096916299,0.9295774647887324,0.8947368421052632,0.9144144144144144,0.8598130841121495
0.8979591836734694,0.8981481481481481,0.9186046511627907,0.9159663865546218,0.908675799086758,0.9,0.863849765258216,0.8761904761904762,0.8990825688073395,0.8767123287671232,0.8820754716981132,0.9009433962264151,0.8927038626609443,0.8926829268292683,0.8786407766990292,0.9128440366972477,0.8681818181818182,0.9051724137931034,0.8733031674208145,0.8688524590163934,0.8732394366197183,0.8733031674208145,0.8904761904761904,0.8551401869158879,0.9151785714285714,0.9004524886877828,0.9322916666666666,0.8537549407114624,0.9030837004405287,0.908675799086758,0.9186602870813397,0.9271844660194175,0.9313304721030042,0.9260869565217391,0.9380530973451328,0.919431279620853,0.9365853658536586,0.9319148936170213,0.9691629955947136,0.9545454545454546,0.9,0.9166666666666666,0.9336734693877551,0.9116279069767442,0.905,0.9430051813471503,0.9166666666666666,0.9478260869565217,0.9251101321585903,0.8908296943231441,0.9057377049180327,0.9272727272727272,0.9207920792079208,0.9156118143459916,0.8666666666666667,0.8928571428571429,0.8734177215189873,0.9037656903765691,0.9079497907949791,0.9082969432314411,0.8578431372549019,0.8614718614718615,0.8967136150234741,0.8879668049792531,0.868421052631579,0.8680851063829788,0.8771929824561403,0.9234042553191489,0.892018779342723,0.9262295081967213,0.8987854251012146,0.8935185185185185,0.9128630705394191,0.9,0.8638297872340426,0.9018691588785047,0.9022556390977443,0.9227272727272727,0.8913043478260869,0.896551724137931,0.9356223175965666,0.9521531100478469,0.9272727272727272,0.9395348837209302,0.9282296650717703,0.9368932038834952,0.9437229437229437,0.91,0.941908713692946,0.943089430894309,0.9188034188034188,0.9211822660098522,0.9210526315789473,0.920704845814978,0.9342723004694836,0.9260869565217391,0.8899082568807339,0.92,0.911504424778761,0.8808510638297873
0.9224137931034483,0.9246231155778895,0.8625592417061612,0.9126637554585153,0.8913043478260869,0.9090909090909091,0.8982300884955752,0.8767772511848341,0.9078947368421053,0.8571428571428571,0.9128440366972477,0.8969072164948454,0.8370044052863436,0.8916256157635468,0.9142857142857143,0.8616071428571429,0.8828828828828829,0.8755555555555555,0.8571428571428571,0.8967136150234741,0.8942307692307693,0.8836206896551724,0.9,0.9192825112107623,0.9151785714285714,0.908256880733945,0.9208333333333333,0.8818181818181818,0.9344978165938864,0.9155555555555556,0.9439655172413793,0.9369747899159664,0.9288537549407114,0.896551724137931,0.9320388349514563,0.9578059071729957,0.9570815450643777,0.9315068493150684,0.9532710280373832,0.9276018099547512,0.9130434782608695,0.9214876033057852,0.9444444444444444,0.9347826086956522,0.9264705882352942,0.9299065420560748,0.9386792452830188,0.8954545454545455,0.9217391304347826,0.8738317757009346,0.8808510638297873,0.9033816425120773,0.8755555555555555,0.9142857142857143,0.8678414096916299,0.926605504587156,0.9052132701421801,0.8947368421052632,0.8888888888888888,0.8711111111111111,0.8812785388127854,0.8686440677966102,0.8969957081545065,0.883177570093458,0.8733624454148472,0.8955823293172691,0.9509803921568627,0.926605504587156,0.9012875536480687,0.8858447488584474,0.9055793991416309,0.9150943396226415,0.9216589861751152,0.9014778325123153,0.9272727272727272,0.9201680672268907,0.9311926605504587,0.9039301310043668,0.9178082191780822,0.9237668161434978,0.9053497942386831,0.9348837209302325,0.951417004048583,0.9585253456221198,0.9345794392523364,0.9422222222222222,0.9487179487179487,0.9487179487179487,0.9577464788732394,0.9176954732510288,0.9094827586206896,0.9368421052631579,0.9487179487179487,0.9077669902912622,0.9476190476190476,0.9186602870813397,0.9409090909090909,0.9051724137931034,0.9380530973451328,0.8966942148760331
0.9170305676855895,0.9353448275862069,0.8868778280542986,0.8935185185185185,0.9176954732510288,0.9067796610169492,0.9030837004405287,0.8962264150943396,0.9178743961352657,0.9211822660098522,0.9385964912280702,0.8820754716981132,0.8862559241706162,0.8951965065502183,0.9047619047619048,0.8991228070175439,0.8995215311004785,0.8967136150234741,0.8987341772151899,0.8904109589041096,0.9004149377593361,0.9301310043668122,0.8916666666666667,0.8888888888888888,0.9122807017543859,0.9102564102564102,0.9078341013824884,0.9052132701421801,0.9435897435897436,0.9369747899159664,0.9576271186440678,0.9433962264150944,0.9409090909090909,0.9636363636363636,0.9487179487179487,0.9321266968325792,0.9146919431279621,0.9506726457399103,0.9519230769230769,0.9327354260089686,0.9298245614035088,0.9344978165938864,0.9387755102040817,0.9348837209302325,0.9155555555555556,0.9282868525896414,0.9049773755656109,0.935064935064935,0.9530516431924883,0.8928571428571429,0.9276018099547512,0.9211822660098522,0.9137931034482759,0.9322916666666666,0.8990384615384616,0.9234449760765551,0.8985507246376812,0.8785046728971962,0.919047619047619,0.8995215311004785,0.925764192139738,0.9074889867841409,0.8932038834951457,0.9192825112107623,0.9114583333333334,0.9295774647887324,0.9009009009009009,0.9310344827586207,0.8878923766816144,0.915929203539823,0.910377358490566,0.9213973799126638,0.9254385964912281,0.9181818181818182,0.9511111111111111,0.9414225941422594,0.926605504587156,0.9267241379310345,0.9620253164556962,0.9111111111111111,0.9605263157894737,0.9380165289256198,0.9288702928870293,0.9208333333333333,0.9336283185840708,0.9565217391304348,0.948051948051948,0.9481132075471698,0.9323671497584541,0.9246231155778895,0.9401709401709402,0.9552238805970149,0.926605504587156,0.9029126213592233,0.9181818181818182,0.9102564102564102,0.9423076923076923,0.9385964912280702,0.9444444444444444,0.9054054054054054
0.9223744292237442,0.8925233644859814,0.9045643153526971,0.9095022624434389,0.9292452830188679,0.921875,0.925531914893617,0.8818181818181818,0.8995633187772926,0.9184549356223176,0.8928571428571429,0.9369747899159664,0.9423868312757202,0.9447004608294931,0.9014084507042254,0.8861386138613861,0.925,0.9358974358974359,0.9216589861751152,0.8985507246376812,0.9406392694063926,0.9432314410480349,0.9024390243902439,0.9399141630901288,0.9320388349514563,0.9103139013452914,0.9272727272727272,0.8951965065502183,0.9502262443438914,0.9205607476635514,0.9345794392523364,0.9298245614035088,0.9424778761061947,0.9587155963302753,0.9457013574660633,0.9478260869565217,0.9320388349514563,0.9429824561403509,0.9383259911894273,0.9398148148148148,0.9292035398230089,0.9473684210526315,0.9251101321585903,0.9628099173553719,0.9586776859504132,0.9372384937238494,0.9017094017094017,0.9434782608695652,0.9671361502347418,0.918552036199095,0.9305555555555556,0.9497716894977168,0.9203539823008849,0.8761467889908257,0.9242424242424242,0.9514563106796117,0.9162790697674419,0.9012345679012346,0.9224489795918367,0.8923766816143498,0.9078947368421053,0.8866396761133604,0.9102564102564102,0.8899521531100478,0.9054054054054054,0.8860759493670886,0.9439252336448598,0.95,0.9230769230769231,0.9255813953488372,0.9141414141414141,0.9248826291079812,0.9136363636363637,0.9137931034482759,0.923728813559322,0.9385245901639344,0.919047619047619,0.90625,0.9429824561403509,0.9420289855072463,0.9216589861751152,0.9579439252336449,0.9532710280373832,0.9519650655021834,0.9444444444444444,0.9156118143459916,0.9330357142857143,0.944954128440367,0.9272727272727272,0.9380952380952381,0.9813084112149533,0.9259259259259259,0.9541666666666667,0.9261083743842364,0.9414414414414415,0.9346938775510204,0.9483568075117371,0.9304347826086956,0.9453781512605042,0.9116279069767442
0.9389671361502347,0.9223744292237442,0.9067796610169492,0.966804979253112,0.9230769230769231,0.9606986899563319,0.9276018099547512,0.9468599033816425,0.9033816425120773,0.9259259259259259,0.9313304721030042,0.8872549019607843,0.9348837209302325,0.9357798165137615,0.9223744292237442,0.958139534883721,0.9278846153846154,0.9336283185840708,0.9422222222222222,0.9196428571428571,0.9205607476635514,0.9482758620689655,0.9333333333333333,0.9269406392694064,0.9184549356223176,0.943127962085308,0.9490740740740741,0.9494949494949495,0.9383259911894273,0.9173913043478261,0.9117647058823529,0.9774774774774775,0.9308755760368663,0.91324200913242,0.947136563876652,0.923469387755102,0.9285714285714286,0.9366515837104072,0.9449152542372882,0.9473684210526315,0.9516129032258065,0.9251968503937008,0.9514563106796117,0.9629629629629629,0.9122807017543859,0.9178743961352657,0.9436619718309859,0.926605504587156,0.9126637554585153,0.9372197309417041,0.9508928571428571,0.9311926605504587,0.9313725490196079,0.9420289855072463,0.9126637554585153,0.9282700421940928,0.9040404040404041,0.9497716894977168,0.9220183486238532,0.9248826291079812,0.9279279279279279,0.9434782608695652,0.927536231884058,0.9262295081967213,0.9210526315789473,0.9162995594713657,0.9087136929460581,0.9305555555555556,0.9145299145299145,0.9636363636363636,0.9311926605504587,0.9339622641509434,0.9173913043478261,0.9537037037037037,0.947136563876652,0.9333333333333333,0.9565217391304348,0.9555555555555556,0.945,0.9323671497584541,0.9192825112107623,0.9424778761061947,0.9411764705882353,0.9528301886792453,0.9428571428571428,0.9615384615384616,0.9494949494949495,0.9369369369369369,0.9694323144104804,0.9339622641509434,0.9366515837104072,0.918552036199095,0.9319148936170213,0.9510204081632653,0.9414225941422594,0.9444444444444444,0.9509803921568627,0.9552845528455285,0.9626168224299065,0.9292452830188679
0.9409090909090909,0.933920704845815,0.9579439252336449,0.9342723004694836,0.9217391304347826,0.9537815126050421,0.9408602150537635,0.9597989949748744,0.9473684210526315,0.9313304721030042,0.9285714285714286,0.9330143540669856,0.9227053140096618,0.9254385964912281,0.9252336448598131,0.9117647058823529,0.9447004608294931,0.9389671361502347,0.9563106796116505,0.9121338912133892,0.9533898305084746,0.9414414414414415,0.934156378600823,0.9433962264150944,0.9310344827586207,0.9672897196261683,0.9504504504504504,0.966824644549763,0.9433962264150944,0.9444444444444444,0.9702127659574468,0.9482758620689655,0.9598214285714286,0.9357429718875502,0.9607843137254902,0.96875,0.9478260869565217,0.944954128440367,0.9475982532751092,0.9456066945606695,0.9527896995708155,0.9585253456221198,0.9181034482758621,0.9339622641509434,0.9446808510638298,0.9506726457399103,0.9366515837104072,0.9329896907216495,0.9541666666666667,0.9227467811158798,0.9216589861751152,0.9534883720930233,0.9404255319148936,0.9285714285714286,0.9298245614035088,0.9495412844036697,0.9319148936170213,0.9333333333333333,0.9278846153846154,0.9260869565217391,0.9383259911894273,0.9313725490196079,0.9137931034482759,0.9071729957805907,0.9207920792079208,0.91324200913242,0.9529914529914529,0.918918918918919,0.9136363636363637,0.9458128078817734,0.933920704845815,0.9241071428571429,0.9247787610619469,0.9469026548672567,0.9466666666666667,0.9578059071729957,0.9356223175965666,0.9425837320574163,0.9196787148594378,0.9567307692307693,0.9454545454545454,0.9523809523809523,0.9414893617021277,0.960352422907489,0.973568281938326,0.95,0.9227272727272727,0.9344262295081968,0.9551569506726457,0.9570815450643777,0.9533898305084746,0.9601769911504425,0.9354838709677419,0.9348837209302325,0.9473684210526315,0.948051948051948,0.9380530973451328,0.915929203539823,0.930327868852459,0.9375
0.9662447257383966,0.9388646288209607,0.9134615384615384,0.9714285714285714,0.9545454545454546,0.920704845814978,0.9593908629441624,0.9712918660287081,0.9385964912280702,0.9551020408163265,0.9118942731277533,0.9315068493150684,0.9382716049382716,0.9324324324324325,0.927536231884058,0.9705882352941176,0.9411764705882353,0.9454545454545454,0.9660194174757282,0.9392523364485982,0.9411764705882353,0.9181818181818182,0.9347826086956522,0.9217391304347826,0.9609375,0.9592760180995475,0.966824644549763,0.9519650655021834,0.9423076923076923,0.9563106796116505,0.9646017699115044,0.9572649572649573,0.967741935483871,0.9237668161434978,0.9354838709677419,0.9605911330049262,0.9681818181818181,0.9551569506726457,0.9525862068965517,0.9454545454545454,0.9441860465116279,0.9437229437229437,0.9635627530364372,0.9563318777292577,0.9732620320855615,0.9622641509433962,0.9661016949152542,0.9638009049773756,0.96,0.9455445544554455,0.9504132231404959,0.9269406392694064,0.9385964912280702,0.963302752293578,0.9433962264150944,0.9631336405529954,0.9439655172413793,0.9327354260089686,0.9375,0.9326923076923077,0.9571428571428572,0.9532710280373832,0.9421487603305785,0.9579439252336449,0.9620853080568721,0.9528301886792453,0.9458128078817734,0.9523809523809523,0.9271844660194175,0.9393939393939394,0.9454545454545454,0.9310344827586207,0.9461883408071748,0.9333333333333333,0.9655172413793104,0.96,0.9585062240663901,0.9429824561403509,0.941908713692946,0.9237668161434978,0.9488372093023256,0.9487179487179487,0.954337899543379,0.9620853080568721,0.9634703196347032,0.9456066945606695,0.9675925925925926,0.941747572815534,0.9537037037037037,0.9396551724137931,0.9444444444444444,0.9588477366255144,0.9799196787148594,0.9354838709677419,0.9414414414414415,0.8899082568807339,0.943127962085308,0.9575471698113207,0.9154228855721394,0.9581589958158996
0.9390243902439024,0.9539170506912442,0.9559471365638766,0.9289099526066351,0.9565217391304348,0.944954128440367,0.9318181818181818,0.9553571428571429,0.9182692307692307,0.9638009049773756,0.9456066945606695,0.9587155963302753,0.8888888888888888,0.9508928571428571,0.9173228346456693,0.9590909090909091,0.9427312775330396,0.9399141630901288,0.9285714285714286,0.9444444444444444,0.9560975609756097,0.9461883408071748,0.9590909090909091,0.9525862068965517,0.9724770642201835,0.9351851851851852,0.9216589861751152,0.9740932642487047,0.95260663507109,0.9489795918367347,0.9372197309417041,0.9617021276595744,0.9375,0.9525862068965517,0.9490740740740741,0.9336099585062241,0.9533898305084746,0.9606986899563319,0.9707112970711297,0.9642857142857143,0.9495798319327731,0.9452054794520548,0.9761904761904762,0.9569377990430622,0.948051948051948,0.9459459459459459,0.9669421487603306,0.9406392694063926,0.9595141700404858,0.912621359223301,0.9409090909090909,0.954954954954955,0.9680365296803652,0.9452054794520548,0.9301310043668122,0.9607843137254902,0.9244444444444444,0.9301310043668122,0.9449152542372882,0.919831223628692,0.9357798165137615,0.9327731092436975,0.9449152542372882,0.95,0.9322033898305084,0.9551569506726457,0.9354838709677419,0.9427312775330396,0.9563106796116505,0.9245283018867925,0.9527896995708155,0.9627906976744186,0.9475982532751092,0.9533898305084746,0.95,0.9638009049773756,0.9466019417475728,0.9583333333333334,0.9565217391304348,0.9612068965517241,0.9188034188034188,0.9675925925925926,0.958139534883721,0.9655172413793104,0.9689119170984456,0.9590909090909091,0.9712643678160919,0.9336734693877551,0.9464285714285714,0.9683257918552036,0.9476439790575916,0.9701492537313433,0.9621848739495799,0.9305555555555556,0.9662447257383966,0.95,0.9383259911894273,0.9427312775330396,0.9627906976744186,0.9502487562189055
0.9296482412060302,0.9826839826839827,0.9411764705882353,0.9396551724137931,0.9388646288209607,0.9184549356223176,0.9478672985781991,0.9342105263157895,0.9459459459459459,0.9684684684684685,0.9216589861751152,0.9502262443438914,0.9400921658986175,0.9469026548672567,0.9482758620689655,0.9634703196347032,0.9425837320574163,0.9400921658986175,0.9454545454545454,0.9441860465116279,0.9572649572649573,0.9680365296803652,0.9537037037037037,0.9353448275862069,0.9490740740740741,0.9523809523809523,0.9601769911504425,0.9715639810426541,0.9390862944162437,0.9579439252336449,0.9400921658986175,0.9118942731277533,0.9805825242718447,0.9326923076923077,0.9658119658119658,0.9577464788732394,0.9572649572649573,0.961352657004831,0.9422222222222222,0.9605911330049262,0.9637096774193549,0.9653465346534653,0.9454545454545454,0.9523809523809523,0.9666666666666667,0.9422222222222222,0.9414225941422594,0.9628099173553719,0.9608695652173913,0.9452054794520548,0.9511111111111111,0.9576923076923077,0.958139534883721,0.9198113207547169,0.9398148148148148,0.946058091286307,0.908,0.9344978165938864,0.9624413145539906,0.9547511312217195,0.943127962085308,0.946058091286307,0.927038626609442,0.95260663507109,0.9555555555555556,0.952755905511811,0.9457013574660633,0.9512195121951219,0.9634703196347032,0.9327354260089686,0.9691629955947136,0.9559471365638766,0.9401709401709402,0.9612068965517241,0.9770642201834863,0.958904109589041,0.9454545454545454,0.9641025641025641,0.9605263157894737,0.9377777777777778,0.9466666666666667,0.968609865470852,0.9449152542372882,0.9655172413793104,0.9302325581395349,0.9631147540983607,0.972972972972973,0.954337899543379,0.957345971563981,0.9393939393939394,0.9824561403508771,0.9572649572649573,0.9723502304147466,0.9579439252336449,0.9680365296803652,0.9611650485436893,0.9417989417989417,0.960352422907489,0.9485981308411215,0.9302325581395349
0.968609865470852,0.9587155963302753,0.9797979797979798,0.961352657004831,0.9791666666666666,0.9728506787330317,0.9652173913043478,0.946078431372549,0.9598214285714286,0.9819819819819819,0.9695431472081218,0.9481865284974094,0.958904109589041,0.9515418502202643,0.963963963963964,0.9601769911504425,0.9519230769230769,0.9768518518518519,0.9590909090909091,0.9692982456140351,0.9264069264069265,0.9757281553398058,0.9313725490196079,0.9345794392523364,0.968609865470852,0.9774774774774775,0.9629629629629629,0.9363636363636364,0.9598214285714286,0.9556451612903226,0.9506726457399103,0.9565217391304348,0.9439252336448598,0.9451476793248945,0.9636363636363636,0.9594594594594594,0.9469026548672567,0.9558232931726908,0.9696969696969697,0.9551569506726457,0.9647577092511013,0.9696969696969697,0.9504132231404959,0.9508928571428571,0.9107142857142857,0.9537037037037037,0.9541284403669725,0.95260663507109,0.9662447257383966,0.9774774774774775,0.9734513274336283,0.954337899543379,0.9308755760368663,0.926605504587156,0.9323671497584541,0.9745762711864406,0.9419642857142857,0.9419642857142857,0.9365853658536586,0.9626168224299065,0.947136563876652,0.9598393574297188,0.9671361502347418,0.9364406779661016,0.9478260869565217,0.9711538461538461,0.9493670886075949,0.9726027397260274,0.9485981308411215,0.9483568075117371,0.9820627802690582,0.9695652173913043,0.9511111111111111,0.9575471698113207,0.956140350877193,0.9601990049751243,0.9776785714285714,0.9401709401709402,0.9771689497716894,0.9516908212560387,0.968,0.9514563106796117,0.9422222222222222,0.9751243781094527,0.9315068493150684,0.9514563106796117,0.9703389830508474,0.9638009049773756,0.9363636363636364,0.9497716894977168,0.9671361502347418,0.9590909090909091,0.9439252336448598,0.9504504504504504,0.9330543933054394,0.9578059071729957,0.9181034482758621,0.9498069498069498,0.9372197309417041,0.9543568464730291
0.9398148148148148,0.9641255605381166,0.9698275862068966,0.9590909090909091,0.9727272727272728,0.9547738693467337,0.973404255319149,0.958139534883721,0.9547325102880658,0.9646017699115044,0.9793388429752066,0.921161825726141,0.9464285714285714,0.9601769911504425,0.9710743801652892,0.9463414634146341,0.9704433497536946,0.9621848739495799,0.9523809523809523,0.9485981308411215,0.9475982532751092,0.9866071428571429,0.9402985074626866,0.9715639810426541,0.9805825242718447,0.9693877551020408,0.9723502304147466,0.9588477366255144,0.9641255605381166,0.9606986899563319,0.9459459459459459,0.9622641509433962,0.9541284403669725,0.9702127659574468,0.9541284403669725,0.9678899082568807,0.9543568464730291,0.947136563876652,0.9822222222222222,0.9345794392523364,0.9551020408163265,0.9694323144104804,0.9604743083003953,0.9588477366255144,0.9406392694063926,0.971830985915493,0.9336099585062241,0.963265306122449,0.941747572815534,0.963963963963964,0.9636363636363636,0.9383259911894273,0.9649122807017544,0.9537037037037037,0.9551569506726457,0.9576719576719577,0.9624413145539906,0.9476190476190476,0.9538461538461539,0.9716981132075472,0.9778761061946902,0.9333333333333333,0.9357798165137615,0.9392523364485982,0.9588477366255144,0.958139534883721,0.9670781893004116,0.978448275862069,0.96,0.948,0.9487179487179487,0.9722222222222222,0.9644444444444444,0.9695652173913043,0.9439252336448598,0.9383259911894273,0.9821428571428571,0.9391304347826087,0.9557522123893806,0.9391304347826087,0.966824644549763,0.9587155963302753,0.9801980198019802,0.956140350877193,0.9644444444444444,0.9710144927536232,0.9722222222222222,0.9595141700404858,0.9426229508196722,0.92,0.9517543859649122,0.9617021276595744,0.9658536585365853,0.9613733905579399,0.9406392694063926,0.9605263157894737,0.9366515837104072,0.9606986899563319,0.9656862745098039,0.947136563876652
0.959349593495935,0.9342723004694836,0.9636363636363636,0.963302752293578,0.9593908629441624,0.9523809523809523,0.941908713692946,0.9733333333333334,0.9620253164556962,0.9672897196261683,0.9634703196347032,0.9295154185022027,0.9702127659574468,0.9575471698113207,0.9446808510638298,0.9404255319148936,0.9493087557603687,0.9515418502202643,0.9579439252336449,0.964824120603015,0.9605263157894737,0.9390862944162437,0.958904109589041,0.9547511312217195,0.9736842105263158,0.9507389162561576,0.96875,0.9623430962343096,0.9633507853403142,0.9672897196261683,0.9406392694063926,0.9596774193548387,0.9723320158102767,0.9631336405529954,0.941747572815534,0.9690721649484536,0.9902439024390244,0.9719626168224299,0.948936170212766,0.9441860465116279,0.9487179487179487,0.944206008583691,0.9615384615384616,0.9769585253456221,0.958974358974359,0.9366515837104072,0.9765258215962441,0.920704845814978,0.9481132075471698,0.9620853080568721,0.9462809917355371,0.9533898305084746,0.9516129032258065,0.9527896995708155,0.9404255319148936,0.9385245901639344,0.9375,0.9742268041237113,0.9432314410480349,0.9528301886792453,0.9220183486238532,0.9761904761904762,0.9658119658119658,0.9653679653679653,0.9575471698113207,0.9459459459459459,0.9570815450643777,0.9811320754716981,0.9481132075471698,0.9365853658536586,0.9581589958158996,0.9449152542372882,0.9532710280373832,0.9698275862068966,0.9713114754098361,0.9650655021834061,0.9345794392523364,0.9594594594594594,0.9439252336448598,0.9488372093023256,0.9531914893617022,0.9324324324324325,0.9625,0.9710144927536232,0.9551569506726457,0.972972972972973,0.9694323144104804,0.976303317535545,0.9597989949748744,0.9781659388646288,0.9772727272727273,0.9392523364485982,0.9655172413793104,0.9525691699604744,0.9504950495049505,0.9597989949748744,0.976303317535545,0.9627906976744186,0.9540816326530612,0.9411764705882353
