1.0,1.0,1.0,1.0,1.0,1.0,1.0,1.0,1.0,1.0,1.0,1.0,1.0,1.0,1.0,1.0,1.0,1.0,1.0,1.0,1.0,1.0,1.0,1.0,1.0,1.0,1.0,1.0,1.0,1.0,1.0,1.0,1.0,1.0,1.0,1.0,1.0,1.0,1.0,1.0,1.0,1.0,1.0,1.0,1.0,1.0,1.0,1.0,1.0,1.0,1.0,1.0,1.0,1.0,1.0,1.0,1.0,1.0,1.0,1.0,1.0,1.0,1.0,1.0,1.0,1.0,1.0,1.0,1.0,1.0,1.0,1.0,1.0,1.0,1.0,1.0,1.0,1.0,1.0,1.0,1.0,1.0,1.0,1.0,1.0,1.0,1.0,1.0,1.0,1.0,1.0,1.0,1.0,1.0,1.0,1.0,1.0,1.0,1.0,1.0
1.0,1.0,1.0,1.0,1.0,1.0,1.0,0.9997794928335171,1.0,0.999776885319054,0.9993103448275862,0.9997760859829825,1.0,0.9997775800711743,1.0,1.0,0.9997717416115042,0.9995594713656387,0.9993264481365065,1.0,0.999557815609109,0.9995468962392388,0.9997766361402725,0.9997778764993336,0.9990999099909991,0.9986480396575034,0.9995590828924162,0.9995564426702152,0.9993364299933643,0.9995505617977528,0.9988925802879292,0.999546176537327,0.998896490840874,0.9997739602169982,0.9995557529986673,0.9995492449853505,0.9997792981681748,0.9993153811045185,0.9995411791695343,1.0,1.0,1.0,0.9997749268512266,1.0,0.9997726239199636,1.0,1.0,1.0,1.0,1.0,1.0,1.0,1.0,1.0,0.9997745208568207,1.0,1.0,1.0,0.9997709049255441,0.9993340732519422,0.9997745208568207,0.9997736019923025,1.0,0.9995572282488377,0.99977856510186,0.9995588883987648,0.9997723132969034,0.9997742153985099,0.9997730367680435,0.9990913221263062,0.9997733967822343,0.999554565701559,0.9995458673932789,0.9988524213908653,0.9991021324354658,0.9995377859949156,1.0,0.9995515695067264,1.0,0.9995466908431551,1.0,0.9995561473590768,0.9995540691192865,0.9997705895847672,1.0,0.9997760859829825,0.9997772332368011,0.9997825141365811,1.0,0.9997732426303855,1.0,1.0,0.9997742663656884,1.0,1.0,1.0,1.0,1.0,1.0,1.0
1.0,1.0,1.0,1.0,1.0,1.0,1.0,0.9995446265938069,0.9997689463955638,0.9990997074049066,0.9997760358342666,0.9993287088834191,0.9995446265938069,0.9988955157941242,0.9984141368373357,0.9988883948421521,0.9982174688057041,0.9988581868006394,0.9988545246277205,0.9974584103512015,0.997973429407791,0.9977344811961939,0.9981904546482696,0.9981965734896303,0.996662958843159,0.9979568671963678,0.9973190348525469,0.9979522184300341,0.9981920903954802,0.997467188579323,0.999096657633243,0.9984137774756402,0.9982138870283546,0.9983911744426569,0.9988685222901109,0.9979564032697548,0.9988708220415538,0.9995540691192865,0.9988667271078876,0.9988610478359908,0.999774062358789,0.9995550611790879,0.9995425434583715,1.0,1.0,0.9997694258704174,0.999771897810219,1.0,1.0,1.0,1.0,0.9997738068310337,0.9997722614438624,1.0,0.9997747747747747,0.9997773324426631,1.0,1.0,0.9997713763145862,0.9995465880752664,0.999098083427283,0.9988743809095002,0.9979591836734694,0.9993217273343884,0.9991083370485956,0.9984388938447815,0.9973339257942679,0.9982078853046595,0.9977184576773899,0.9980258828690503,0.9977142857142857,0.9977753058954394,0.9977523038885143,0.9962406015037594,0.9982281284606866,0.9988736201847263,0.9982394366197183,0.9984444444444445,0.9990827791790874,0.9986446803704541,0.9977127172918573,0.9997750787224472,0.9984482376413212,0.9981981981981982,0.9984262589928058,0.9988979501873485,0.9986716847465131,0.9991025353376711,0.9990708478513357,0.9995434832230085,1.0,0.9993311036789297,0.9997676039972112,0.9995431703974418,0.9993147555961627,0.9997785160575858,1.0,0.9997761361092455,1.0,1.0
1.0,1.0,0.9997775800711743,1.0,1.0,0.9986501687289089,0.9993200362647325,0.9995513683266039,0.9991093297706524,0.9977272727272727,0.9986495611073599,0.9977812291990238,0.9979035639412998,0.9988741274487728,0.9975186104218362,0.9983863531581374,0.9955830388692579,0.9968304278922345,0.9952477936184657,0.9952043845626856,0.9960256127180394,0.997467188579323,0.995792736935341,0.9964069166853806,0.9948706512042819,0.9960194604157453,0.9961926091825308,0.9948453608247423,0.9968332956344719,0.9974701011959521,0.9966517857142857,0.9961581920903955,0.9964285714285714,0.9965792474344356,0.9975297552211992,0.9966101694915255,0.9977257220832386,0.9970427661510464,0.9984561093956771,0.9986440677966102,0.9988829311885612,0.9986101459346769,0.9993231046931408,0.9990865494405116,0.9997788589119858,0.9997800747745766,1.0,0.9997758350145707,1.0,1.0,1.0,1.0,1.0,1.0,0.9997708524289642,0.9993377483443708,0.9997755331088665,0.9984159312061552,0.9984162895927602,0.9990808823529411,0.9981797497155859,0.9968253968253968,0.9970641373080398,0.9982050706753421,0.9973027646662171,0.9966390320412278,0.9957168620378719,0.9956491870849553,0.9966974900924703,0.9966314843925443,0.9965397923875432,0.9956945388624519,0.9957664884135472,0.9953135460834636,0.9943104233045061,0.9959202175883953,0.9953426480372588,0.9962112770225094,0.995769316410599,0.994603103215651,0.9967177242888403,0.9949965885831249,0.9967464559609575,0.9971162377994676,0.9977426636568849,0.9963743485157489,0.9981680787726128,0.9975882481911862,0.9982082866741321,0.9995409685563461,0.998863894569416,0.9970766809084777,0.9993256911665542,0.9993232573877735,0.9995486346197247,0.9988962472406181,1.0,1.0,1.0,1.0
1.0,1.0,0.9997781229199024,1.0,0.9995506627724107,0.9993201903467029,0.9988547869903802,0.998645903859174,0.9990984899707009,0.9968798751950078,0.9979540804728347,0.9959641255605381,0.9957636566332219,0.9953467759805008,0.9944392956441149,0.9956201014292301,0.9946284691136974,0.9932249322493225,0.9938636363636364,0.9934329710144928,0.9916289592760181,0.9927947598253275,0.993552690084482,0.9921028880866426,0.9920850293984622,0.9888585720782174,0.990063233965673,0.991598496573071,0.9918367346938776,0.991194400541883,0.9918412348401323,0.9950672645739911,0.9939577039274925,0.9949794614331355,0.9952109464082098,0.9961425005672794,0.9961398728428701,0.9955898566703418,0.9967934035730646,0.9968174585132985,0.9978021978021978,0.9975528364849833,0.9979683972911964,0.9986559139784946,0.9993308052643319,0.9993226461955295,0.9995474089160443,1.0,1.0,1.0,1.0,1.0,1.0,0.9993189557321226,0.9993252361673415,0.9991085357700022,0.9990911156555329,0.9979642614793033,0.9969162995594714,0.99644128113879,0.9982014388489209,0.9963947724200091,0.996046511627907,0.9964593936711662,0.9951890034364261,0.9961107298101121,0.997093023255814,0.9934684684684685,0.993599646877069,0.9940053285968028,0.9915947799159478,0.991782698014152,0.9909276479927421,0.9904109589041096,0.9936651583710407,0.9910172917134517,0.9925625422582827,0.992184010719071,0.9919803965248385,0.994413407821229,0.9910775566231984,0.9951251938843342,0.9948534347728798,0.9941375422773393,0.9949179949179949,0.9959432048681541,0.9951002227171493,0.9978199258774798,0.9967126890203813,0.9971143174250833,0.9991183601498788,0.9991045444369823,0.9984191508581752,0.9991017291713452,0.9990691179892949,0.9997727272727273,0.9997772332368011,1.0,1.0,1.0
1.0,1.0,1.0,0.9993364299933643,0.9991152399911524,0.9988703117939449,0.9990986931050022,0.9977210574293528,0.9979847738468428,0.9975413500223513,0.994832621882723,0.994546693933197,0.9954358740301232,0.9920724801812004,0.9968475568565638,0.9933318515225605,0.9926058704907014,0.9911060433295324,0.9872134038800705,0.9906625166740773,0.9899290455481804,0.9885613726352838,0.9885864793678666,0.9876209768174656,0.9869721473495059,0.9877606527651859,0.9882059423905648,0.9837837837837838,0.986400725294651,0.9902482269503546,0.987746170678337,0.9941256213285133,0.9906124273580689,0.9898259100158263,0.9908516663036375,0.9933244325767691,0.9947416552354824,0.9944641275465014,0.9942414174972315,0.9950506186726659,0.9955693398316349,0.9967456996745699,0.9966178128523112,0.9973118279569892,0.9986657771847899,0.9990888382687927,0.9995533720410897,0.99955879108758,1.0,1.0,1.0,1.0,0.9995509654243376,0.9995579133510168,0.9986486486486487,0.998866470188166,0.9986197377501725,0.9981838819523269,0.9961728950923008,0.9970292504570384,0.9939772473789873,0.9934581547484773,0.9933714285714286,0.9926731793960923,0.9913597089586176,0.9922118380062306,0.9874467608159605,0.991391028545537,0.9903889137237372,0.9905702739110912,0.9888025594149908,0.9875083649341958,0.9860799281544679,0.9855272226051,0.9877568867512024,0.9866071428571429,0.9887218045112782,0.9848619768477292,0.9866903283052352,0.9885109258842082,0.9885083888761205,0.9910774035244256,0.9934581547484773,0.9899888765294772,0.9906061283829121,0.9934904601571268,0.9920053297801465,0.9934403980999774,0.9951230325870095,0.9951251938843342,0.9951967063129002,0.9975435462259937,0.997764863656683,0.9979419163045964,0.9988748874887489,0.9991001124859392,0.9995611147684881,0.99955879108758,1.0,1.0
1.0,1.0,1.0,0.9997784179038334,0.9979955456570155,0.9984416740872663,0.9973457199734572,0.9957815275310835,0.9938053097345133,0.9968340117593849,0.9947727272727273,0.991985344630181,0.9909481783208871,0.9909686159403929,0.9906818181818182,0.9907155797101449,0.9875776397515528,0.9852714882391734,0.9843572885966901,0.9861646631889317,0.9874551971326165,0.9815923708139277,0.9849775784753363,0.9791713832918271,0.9834710743801653,0.9866161052866385,0.9790776152980878,0.9816019744222572,0.986462494451842,0.9841915085817525,0.9861520998864927,0.9844349199187908,0.9855747891699955,0.9893448197687599,0.9836216839677048,0.9852003642987249,0.991556366955728,0.9910979228486647,0.9923215898825655,0.9936536718041704,0.9938257993384785,0.993579809608147,0.9961494903737259,0.9952185792349727,0.9975402504472272,0.9981994148098132,0.999316161385913,0.9997778764993336,0.9997776295307983,1.0,1.0,1.0,0.999554565701559,0.9995481247175779,0.9981710105166895,0.9988708220415538,0.9961607949412827,0.9963669391462306,0.9964053021792856,0.9926877908265013,0.9932780640824558,0.9928587368890872,0.9898454746136865,0.9867861142217246,0.9894995531724754,0.9866518353726362,0.9874157303370786,0.9830172033524481,0.9838528818120655,0.9829916123019571,0.9819209039548022,0.984916704187303,0.9831485587583149,0.9800227014755959,0.9845603043186395,0.9813974591651543,0.9832738626226584,0.9818181818181818,0.9842342342342343,0.9846368715083799,0.9845524761472059,0.987410071942446,0.986845039018952,0.9869692203999101,0.9856470060551693,0.9901499888068055,0.9900967814539725,0.9919354838709677,0.9906860517946388,0.9937121041994161,0.9949908925318761,0.9959767545820295,0.9961204929256048,0.9948337825696316,0.9970628106642566,0.9986480396575034,0.9988487220815104,0.9995479204339964,0.999777084262149,1.0
1.0,0.9997680890538033,0.9993456924754635,0.9997774315602047,0.9984159312061552,0.9974706829156128,0.9955237242614146,0.9950650515926425,0.9932564716119208,0.9927618185930784,0.9912732154844485,0.9890185312285518,0.986920605782469,0.9860666971219735,0.9885462555066079,0.9837177747625508,0.9832415059687787,0.9774754683318466,0.9796931407942239,0.9769353733729161,0.9756983874630933,0.9783055492121489,0.9765350877192982,0.9747203579418344,0.9784635879218473,0.9807206793665366,0.9792512404149752,0.9711451758340848,0.9714922048997773,0.9745704467353952,0.9804096170970614,0.9786906854130053,0.9783041841930484,0.9801849405548216,0.9841659232827832,0.9856759176365264,0.9835042353990192,0.9873417721518988,0.9891520920965242,0.9911004992402865,0.9920652913171616,0.9952692047758505,0.9968560520997081,0.9967719621858427,0.9983882109141147,0.998193315266486,0.998211091234347,0.998868778280543,1.0,0.9997790543526293,0.9995480225988701,1.0,0.9988633780404638,0.9984451354953354,0.9977293369663942,0.9961789166104743,0.9972813774354327,0.9966032608695652,0.9948683623382418,0.9933256616800921,0.9910833704859563,0.9896814715118888,0.9847581179589132,0.989658273381295,0.9851116625310173,0.9852315954352204,0.9814649397052255,0.980009086778737,0.9809480607847585,0.9768497503404449,0.973330294050604,0.9821388198055618,0.9751861042183623,0.9759450171821306,0.9755221199191556,0.974910394265233,0.9753199268738574,0.9741122565864834,0.9747210202687315,0.9746807573756054,0.9822662367572548,0.9837471783295711,0.9816636851520573,0.9849108367626886,0.9818624198186242,0.9863473589973142,0.9834878986654603,0.9876874860085069,0.9920844327176781,0.9921542255099753,0.99150401836969,0.9940880227720604,0.9951273532668882,0.9982336056524619,0.9979470802919708,0.9984665936473165,0.9995437956204379,0.9995562458398047,0.9997731911998186,1.0
1.0,0.9995580110497237,0.9995597622716267,0.9990927647992742,0.9977298524404086,0.9977246871444824,0.9970018450184502,0.9929546455306033,0.9924155366582394,0.9904740303923792,0.9899772209567198,0.985186873290793,0.9877614597240766,0.9844617092119867,0.980999773806831,0.9803742583295298,0.9782421370099095,0.9747764274249026,0.9720153464229294,0.971597364235401,0.9727800089245873,0.9782707107288365,0.96875,0.9707150964812713,0.9697383390216154,0.9688265419728346,0.9665626393223361,0.9718120805369127,0.9686028257456829,0.9701186131386861,0.9732608203036484,0.9745820929700023,0.980695847362514,0.9743532560214094,0.976708415732806,0.9799594685881559,0.9821347806422434,0.9867941712204007,0.9865741776683822,0.984657659720632,0.9883224792274871,0.9926666666666667,0.9935617383306508,0.995697463768116,0.9970380496696286,0.9967764218282293,0.9993206521739131,0.9988789237668162,1.0,1.0,1.0,0.9997772332368011,0.9986357435197817,0.9975571840994892,0.9975208474194276,0.9971008028545941,0.9945933768866861,0.9952542372881356,0.9906208128628852,0.9871852517985612,0.9881034088309312,0.9813473776607418,0.9822734323066696,0.9808385933273219,0.9765871229176046,0.977087114337568,0.975443383356071,0.9737378311070862,0.9737255782618459,0.9772270596115205,0.9755102040816327,0.9654320987654321,0.9728949122417241,0.9673603504928806,0.9648648648648649,0.9676177536231884,0.9697459584295612,0.9676331759946055,0.9726526891522334,0.9755987347492092,0.9720531890917287,0.9773030707610146,0.9774271312732851,0.9776102353209961,0.9781818181818182,0.9798972526245253,0.9834368530020704,0.9869281045751634,0.9836480884385076,0.9867256637168141,0.9890646812470917,0.9920382165605095,0.994506701823775,0.996606334841629,0.9972627737226277,0.9977851605758582,0.9991300565463245,0.999535747446611,1.0,1.0
1.0,1.0,0.9995570321151717,0.9977673587854432,0.9977708426214891,0.9948256467941508,0.9924864991782109,0.9954222934309911,0.9935412026726058,0.9872379216043756,0.9869952087611226,0.9813932380304061,0.9790240671229852,0.9744273960418056,0.977797513321492,0.9755338078291815,0.9713318284424379,0.9757303370786516,0.9684986595174263,0.9662361205529119,0.9616170792641381,0.9562243502051984,0.9637649138311976,0.9587229190421893,0.961864406779661,0.9532258064516129,0.9643421349582487,0.9641316685584563,0.960488346281909,0.9639972305561967,0.9648490310950879,0.9689639434048379,0.9662743322770484,0.9740143369175627,0.9774897680763983,0.9742081447963801,0.9805059178463681,0.977982475848124,0.981294014084507,0.9869044931135696,0.988828089375285,0.9885931558935361,0.992656875834446,0.9923423423423423,0.9949316879682679,0.9973345179920036,0.9979697721633205,0.998652896273013,0.9991039426523297,1.0,1.0,0.9997766361402725,0.998211091234347,0.9977421539850982,0.9971072541166,0.9951251938843342,0.9948944070550012,0.9911181963106354,0.9900429961529758,0.9861699754628597,0.9856502242152466,0.9860423232778028,0.9803176023261015,0.9772060482960957,0.9753307916573223,0.9761261261261261,0.973874504315372,0.9695775880936748,0.9615127919911012,0.967283393501805,0.9638420585625554,0.9627384960718294,0.9617058311575283,0.961495659915424,0.9606175878272544,0.9615640968673628,0.9586085424922941,0.9626146788990826,0.9665838789794536,0.9607756721022477,0.9664170637621965,0.9650270758122743,0.9698009608785175,0.9706281066425666,0.974708599076314,0.9743646408839779,0.9787281683833408,0.9855758395312147,0.9805693628558518,0.9819759679572764,0.9870304114490162,0.9905511811023622,0.9938747731397459,0.9967838272455778,0.9962331043651673,0.9981663992665597,0.9979915197500558,0.998869289914066,1.0,1.0
1.0,0.9997761361092455,0.9993050729673384,0.9977758007117438,0.996451541361721,0.9934977578475336,0.9948372615039281,0.991264367816092,0.9858171994597028,0.9889937106918238,0.9808687823542651,0.9811748695849399,0.9770856507230256,0.968425800631484,0.970647098065377,0.9701798315501935,0.9683163737280296,0.9573785517873511,0.9593931280678268,0.9573115349682108,0.9512639489865634,0.9579719813208806,0.9496562430694168,0.9598997493734336,0.9561344912046315,0.952210006730985,0.9531914893617022,0.9474880654694249,0.9519123238649072,0.9591244136698682,0.9527207850133809,0.9576554490751059,0.9595323741007195,0.9664088397790055,0.9699666295884316,0.9679871027176417,0.9720202687816699,0.9779328979959468,0.9770037954900648,0.9831895598318956,0.9854214123006834,0.9873220640569395,0.9871882864333105,0.9923886277143497,0.9955237242614146,0.9953611663353215,0.9977643639615471,0.9995533720410897,0.9997730367680435,0.9997669540899558,0.9995492449853505,0.9991097262408191,0.9993108201240524,0.9973279893119572,0.9946176272706885,0.9941704035874439,0.993057110862262,0.9894666069027342,0.9881682734443471,0.9856197215247661,0.979305740987984,0.9808773903262092,0.9797552836484983,0.9700199866755497,0.9687570240503484,0.9667938074938299,0.9642053129221072,0.958686913800804,0.9584474885844749,0.9565217391304348,0.9570768214836012,0.958161865569273,0.9498312710911136,0.9468652734548688,0.953325817361894,0.955994611585092,0.9536438600401159,0.9504524886877828,0.9529837251356239,0.9562445030782761,0.9552238805970149,0.9669511928211862,0.958758214366644,0.962457337883959,0.9693002257336343,0.9681922196796339,0.9738973897389739,0.9728260869565217,0.9755183061314513,0.9832161487865729,0.9867356115107914,0.9891745602165088,0.9906825568797399,0.9935079471681217,0.9939010616670432,0.9963841807909605,0.9983948635634029,0.9993195735994557,1.0,1.0
1.0,0.9995446265938069,0.997764863656683,0.9961857751851021,0.9966740576496674,0.9943921040825482,0.9903846153846154,0.9908403938630639,0.9880872106091256,0.981671881984801,0.9779804270462633,0.9774774774774775,0.972733469665985,0.9656025179856115,0.9582216264521894,0.9602115915363385,0.9617461746174617,0.9531069531069531,0.9495589233205157,0.948,0.9472153880563632,0.9466932094669321,0.9422731356693621,0.9388358344702137,0.9419561243144424,0.9412691269126913,0.9395402298850575,0.9458541005890349,0.9441564561734213,0.9487815884476535,0.9463890119627825,0.947136563876652,0.9540152534768954,0.9544722924810302,0.9590763603109282,0.9637927132835483,0.9663903204122788,0.9668373024705097,0.9757863770083729,0.9776686020544886,0.9839893262174784,0.9867194780987885,0.9892399267399268,0.9903695408734603,0.9927683615819209,0.9925876010781671,0.9955367105556795,0.9990999099909991,0.9991027366532077,1.0,1.0,0.9993265993265993,0.9984126984126984,0.9977158519872088,0.9958314034275128,0.9938243366880146,0.9898853674983142,0.9864222674813307,0.9839357429718876,0.982836495031617,0.9786843914737566,0.9731543624161074,0.9727635075287865,0.9623487225459435,0.9667736021998167,0.9598384563607808,0.9547389648218687,0.954647507858105,0.9513323056595464,0.9481152993348115,0.9458670260557053,0.9414905450500556,0.9445691202872532,0.9402784014369107,0.937414030261348,0.9426014840680925,0.9404981549815498,0.9399637516991391,0.9445686186857398,0.9442437923250564,0.9502272727272727,0.9538323621694308,0.9557755775577558,0.9577368779822768,0.961024246544301,0.9671508379888268,0.9664599127038824,0.9759820426487094,0.9699779249448124,0.9798717097987171,0.9834316840671811,0.9862674470959027,0.988073807380738,0.993484610199955,0.9930290083202159,0.9950372208436724,0.997733967822343,0.9977608598298253,0.9997778271495223,1.0
1.0,1.0,0.9995467935644686,0.9974891577265464,0.9957627118644068,0.990894958916278,0.989843232501656,0.9851851851851852,0.9866548042704626,0.980498866213152,0.9782852025968212,0.9697994140184809,0.9671655126200581,0.9588235294117647,0.9537712895377128,0.9556147359076786,0.9478747203579418,0.9447056189836579,0.9427430093209055,0.9414893617021277,0.9341102644554011,0.9395958250055518,0.9356659142212189,0.9344042838018741,0.9307043537725097,0.930561797752809,0.9353749155595587,0.9303539019963702,0.9357158912115082,0.9398075632132468,0.9305906688117674,0.9405696344471854,0.9403898458748867,0.9432608208118413,0.9510930809105251,0.9503190519598906,0.9589941096511101,0.9680232558139535,0.9661824784384929,0.9713325867861142,0.9780443639655952,0.9795964125560538,0.9869251577998197,0.9883954474447668,0.9922727272727273,0.994289629968022,0.9963702359346642,0.9972665148063782,0.9993256911665542,1.0,1.0,0.9993345164152617,0.9986501687289089,0.9970326409495549,0.9940855323020928,0.9921365985171872,0.9889380530973452,0.9828403702867464,0.9844734473447345,0.9774876181900045,0.9735555555555555,0.9727191413237924,0.9613908331451795,0.960127591706539,0.9560612888688599,0.9505643340857788,0.945413870246085,0.9460125448028673,0.9441453566621804,0.937772675086108,0.927000680117887,0.9352874859075535,0.9293957909029192,0.9312084384315524,0.9332291201429209,0.9367396593673966,0.9341545352743561,0.9378543887502835,0.9377248201438849,0.9356609574000878,0.9342999546896239,0.9442462087421944,0.948868778280543,0.951828724353256,0.9509530450953045,0.9587837837837838,0.9662769784172662,0.9639117843617733,0.96877710320902,0.9759036144578314,0.9788942417985776,0.980619291601693,0.9846222420325385,0.991263440860215,0.9927248677248677,0.9948337825696316,0.9964149675106431,0.9986428409862023,0.9997754322928363,1.0
1.0,0.9997705369435521,0.9982241953385128,0.9979651820031653,0.9950282485875707,0.991775950211158,0.9902525476295968,0.9861477572559367,0.9814607996426178,0.978708946772367,0.9730794484569928,0.9692307692307692,0.9664518995778716,0.9567555455971319,0.9538737124944021,0.9473803071364046,0.9443942133815552,0.9396092362344582,0.9422987436016752,0.9283961632835155,0.9318729463307777,0.9256741942556457,0.9234224118571749,0.9255560599182933,0.9181878161425115,0.914298601714028,0.925984251968504,0.9141146672806816,0.9239766081871345,0.9183811892380737,0.9224876070301938,0.9279053900386627,0.9355203619909502,0.9375283961835529,0.942549782558938,0.9488197661592764,0.9541547277936963,0.9600624721106649,0.9626358695652174,0.9670084707980383,0.9765781842516172,0.9812810103743798,0.9828743346447582,0.9901871291647649,0.9913563829787234,0.9930132972729322,0.9952553095345684,0.9970825852782765,0.9990931761505327,0.9995515695067264,1.0,0.9997754827121689,0.9982038616973506,0.994343891402715,0.9928363554958585,0.988173455978975,0.9889290555806597,0.9835115864527629,0.9757603475874685,0.9774384685505926,0.9671097093940076,0.9664204163868368,0.9574844995571302,0.9516787658802178,0.9459824442943957,0.9424778761061947,0.9348171701112877,0.9324354162066681,0.9361702127659575,0.934705621956618,0.9282428702851886,0.9221755472031837,0.9348783314020858,0.915624289288151,0.9201270705695485,0.9188636363636363,0.9195680916703394,0.9204649042844121,0.9300089445438283,0.9240535026071186,0.9316123188405797,0.9398907103825137,0.9346836595357305,0.9392913563529677,0.9502055733211512,0.954524783992724,0.9558722132843025,0.9627719219555955,0.9725300092336103,0.9700112739571589,0.9778740875912408,0.977087114337568,0.9871563767462821,0.987438313144908,0.9912300427254329,0.9933774834437086,0.9963428571428572,0.9990865494405116,0.9995639851754959,1.0
1.0,0.9991005172026085,0.9982218270726828,0.9972838388411046,0.9927504393673111,0.9924528301886792,0.9860496014171833,0.9821905609973286,0.9772880593658646,0.9694954128440367,0.9703035635723714,0.9577275777231045,0.9579324233609309,0.9483796296296296,0.9458030403172505,0.9395214887018166,0.9369266055045872,0.9282613662325794,0.9178532311062432,0.91597949632271,0.9068391056554143,0.9105467856325784,0.9085611833258629,0.915889924545051,0.9091311076718992,0.9052727687742524,0.9101930848675348,0.9148257800045547,0.9105416947628681,0.9111012826183105,0.909009009009009,0.91597018296815,0.9187153931339977,0.92481718464351,0.9394819115676641,0.944874715261959,0.9405602368480984,0.9479570874229628,0.9618165386353367,0.9643099164219562,0.9688858384808968,0.9732971260466169,0.9757508342602892,0.9821192052980132,0.988794877658358,0.9938158497480531,0.9950237502827415,0.9971155979587308,0.9988930706220943,1.0,1.0,0.9990952273241348,0.998869545557314,0.994603103215651,0.9933095450490633,0.9900967296176877,0.9864437415273385,0.9806818181818182,0.9771648202577436,0.9692378328741965,0.9677931503742345,0.9563946954371769,0.9480018165304269,0.9507200720072008,0.9410578216046616,0.9301601423487544,0.9298324022346369,0.9236330772706733,0.9193621867881548,0.921408014168696,0.9031460674157303,0.9077026723557152,0.9067625252752191,0.9078505927085663,0.9105120072496602,0.9059272563987427,0.9071347678369196,0.9091531613786806,0.909330985915493,0.9160081282456537,0.926124916051041,0.9229723606705935,0.9289995389580452,0.9392595876745733,0.939647577092511,0.9414798206278027,0.9465734896302975,0.9570454545454545,0.9615210502489815,0.9701920953852947,0.975464343040587,0.9793629430237775,0.9797251633250732,0.9872454687849631,0.9882535460992907,0.9948888888888889,0.9977782714952232,0.9986437613019892,0.9995513683266039,1.0
1.0,0.9995503597122302,0.9997778271495223,0.9965823650034177,0.9928841449855459,0.9886033519553072,0.9814151365875504,0.9823182711198428,0.9761363636363637,0.9604332449160036,0.9599655617735686,0.9528868360277136,0.9479820627802691,0.9404655326768129,0.9395170390431054,0.9326660600545951,0.9338749717896637,0.9203014386846312,0.9175675675675675,0.9139251915277152,0.8996366939146231,0.8971941638608305,0.8973948811700183,0.8995300962183934,0.8937176311641523,0.8951417894042647,0.9056810704101776,0.9005424954792043,0.9045567898435729,0.9006294964028777,0.9073438572409059,0.9084922797456857,0.9159439626417611,0.9196265938069217,0.9265073947667805,0.9317367949865711,0.9400404221872894,0.9493755575379126,0.9562878278412912,0.9537469424060485,0.9658570119156737,0.9722347629796839,0.9801693404634582,0.9814731134206959,0.9871967654986523,0.9911080711354309,0.9944444444444445,0.996859578286227,0.9993226461955295,0.9997752303888514,1.0,0.9990993019590182,0.9961771981110861,0.9952261877699478,0.9927536231884058,0.9895025102692835,0.9818383167220377,0.9820627802690582,0.9763603925066905,0.9672929714683368,0.9586482881280569,0.9527027027027027,0.9468888888888889,0.9386200716845878,0.9296945193171609,0.9255079006772009,0.9237608357412759,0.910778175313059,0.9064276344556187,0.903088630259624,0.9012826385707742,0.9075210179504658,0.8949681388705779,0.8917662682602921,0.8990077177508269,0.8978471001757469,0.8889906157015335,0.9044399368942979,0.9028087382969238,0.9024891527746061,0.9076957295373665,0.9178325560737286,0.9165154264972777,0.9316106036979283,0.9261454296785958,0.9440163191296465,0.9406663623916021,0.9510138983823194,0.9536784741144414,0.9643497757847533,0.9688908926961226,0.9755605381165919,0.9813692480359147,0.9867432611577552,0.9867027270678387,0.9910304091008532,0.995049504950495,0.9979892761394102,1.0,1.0
1.0,0.9988846754405531,0.9995571302037201,0.996722027972028,0.9906708129720124,0.9880514705882353,0.9831195138419987,0.9754354622599375,0.9746251441753172,0.9696069469835467,0.9601014760147601,0.9571460623737941,0.943649373881932,0.9413516609392898,0.9359892569382274,0.9178579532561834,0.9154551554462089,0.9056047197640118,0.8941149738695751,0.8996844003606853,0.8846414838271884,0.8873782007704509,0.892944580458491,0.8815408594967713,0.8836421147763217,0.882106654914059,0.887130075705437,0.8866166780277209,0.8876582278481012,0.8899489682715775,0.8920863309352518,0.8956743002544529,0.906299390381576,0.8987598647125141,0.9173572744014733,0.9262966333030027,0.9315224834512669,0.9356634016028496,0.9414556962025317,0.9558223833257816,0.9666666666666667,0.9675073846852988,0.9746102449888642,0.9764032073310424,0.9873930661864025,0.9875202218627225,0.9939651318730442,0.9982178658944085,0.9991142604074402,0.9997746224926752,1.0,0.9988836793927216,0.9972565157750343,0.9941309255079007,0.9880926130099228,0.9868331441543701,0.9849268841394826,0.9740468534680753,0.9681899641577061,0.9623440285204992,0.9557326250553342,0.9460664140851348,0.9415085817524842,0.9339067451335445,0.9327161887559269,0.9137735420921261,0.9117647058823529,0.9068337129840547,0.9029966703662597,0.8954058876003568,0.8826019157941635,0.8821525885558583,0.8847275173805786,0.8747779751332149,0.8804024697004345,0.8835814263497,0.8781863297992331,0.8798819255222525,0.8884892086330936,0.891471119133574,0.8895414501920036,0.9023886081763896,0.9118046132971506,0.9102884397002045,0.9188251618871416,0.9299627927336398,0.9346846846846847,0.9505977893074667,0.9494727592267135,0.9584368646939236,0.9658757062146892,0.9713105347716319,0.9780592626102692,0.9853263250109505,0.9922462941847207,0.9935882757041448,0.9950327387672161,0.9983911744426569,0.9995558516544526,1.0
1.0,0.9997738068310337,0.9991035410129987,0.9945945945945946,0.9895762519827782,0.9903283850652271,0.9823305748154775,0.9736189402480271,0.9652544272584622,0.9611250857534873,0.9511320331764178,0.9424201529464687,0.9390488948425988,0.9297597042513863,0.9166291122127084,0.911070780399274,0.9045928555580208,0.8986854034451496,0.8873491282968261,0.8828929690998657,0.8804799261652053,0.8822222222222222,0.8809142857142858,0.8730299667036626,0.8711547035220687,0.8792878853669127,0.86810167162812,0.8785488958990536,0.8745169356671971,0.8820410868124586,0.8746581586144029,0.8893360160965795,0.9029516994633273,0.9042459088898718,0.9047298811925577,0.9160477155075399,0.9188760480398822,0.9382940108892922,0.9411632100991885,0.9507869651961871,0.9624026696329254,0.9649278579356271,0.9742244525547445,0.9782952747004295,0.9826459319359928,0.9885922883869496,0.9933169971040321,0.9959450326650147,0.9990937924784775,1.0,0.9997736019923025,0.9988500459981601,0.9970414201183432,0.9926503340757238,0.9890335846470185,0.9862271393090991,0.9765184014450214,0.9714985526608773,0.9648401826484019,0.9591743119266055,0.9475417032484635,0.9408675799086758,0.931266846361186,0.9231805929919138,0.9154772524531668,0.9091523895401262,0.9006593406593406,0.8937952898550725,0.8807588075880759,0.8834244080145719,0.8767876787678768,0.8718971631205674,0.8678626121198862,0.8693961573650503,0.8745305942125028,0.868295994568907,0.8758389261744967,0.8722358722358723,0.8819959541469993,0.8839851431068385,0.8831615120274914,0.8934462773071778,0.9026017344896597,0.8994896827157755,0.9185966521440037,0.9189068100358423,0.9344958640733289,0.9324354162066681,0.9451111111111111,0.9556902985074627,0.9632122027815164,0.9722222222222222,0.9744605900484368,0.9804008908685968,0.9855660802886784,0.9910262310170271,0.9967105263157895,0.9989008573312816,0.9997758350145707,1.0
1.0,0.9991126885536823,0.9982186595413048,0.9939407540394973,0.9915351178220086,0.9836141241633972,0.9782956362805575,0.9742844364937389,0.9686866411353908,0.9569528961009691,0.9450892857142857,0.9450279329608938,0.93000693000693,0.9191209787041232,0.9178885630498533,0.9036470058532192,0.8877504553734062,0.8854468464452864,0.8780815777678171,0.8708080126040963,0.8688923281008181,0.8615730337078652,0.8572078217371533,0.8590149118843199,0.8565022421524664,0.8495615021362717,0.8562207878922768,0.8599055543062739,0.8561024056499669,0.858207270264168,0.8688708951866847,0.882145998240985,0.8854307622913847,0.8935980370287754,0.8889382496668148,0.9063397393417274,0.9245704083909841,0.9240306582506763,0.9357429718875502,0.945475372279496,0.9549810563851125,0.9602888086642599,0.9701159678858162,0.9781531531531531,0.9813483146067415,0.9873817034700315,0.992725619458968,0.9963882618510158,0.9988826815642458,0.9997759856630825,0.9997779751332149,0.9988738738738738,0.9969019694622704,0.9923388913925192,0.9863543324994314,0.9835696601395454,0.9770373705538046,0.968358602504944,0.9576059850374065,0.9480812641083521,0.9401535682023487,0.9324817518248175,0.924447451511051,0.9187343501024356,0.9085559076505206,0.8956541947478504,0.8920081503282771,0.8821038555827947,0.8771062682543249,0.872090395480226,0.8614334470989761,0.8551276309896999,0.8501262336470048,0.8572059148090929,0.8505641261800598,0.8532461677186655,0.8520763187429854,0.861936936936937,0.8692571428571428,0.8684620520810149,0.8727643196739868,0.8762265834076717,0.886619233417489,0.8900999091734787,0.8974591651542649,0.9092980856882407,0.9268508287292818,0.9221183800623053,0.9415127528583993,0.9466842916942058,0.9571748878923767,0.9640143048725972,0.97339593114241,0.9817980022197558,0.9858776059179556,0.989088429188452,0.9923646459972235,0.9984301412872841,0.9997751798561151,1.0
1.0,0.9991033400582829,0.9964085297418631,0.9954740891604436,0.9893617021276596,0.9841409691629956,0.9793657688966116,0.9672939068100358,0.9622302158273381,0.9533573681838666,0.9417518897287683,0.9358337098960687,0.9216825470601906,0.9201529464687359,0.903863432165319,0.9017759263319447,0.8845634563456346,0.8846675712347354,0.8668171557562077,0.8653191006132183,0.8618189806678384,0.8473520249221184,0.8490226915299932,0.8397552130553038,0.8426719402329158,0.8453038674033149,0.8354657687991022,0.848860816602752,0.8509009009009009,0.8512195121951219,0.8509316770186336,0.8564690026954178,0.8661257606490872,0.8766118274788796,0.8911335578002245,0.8892222478652204,0.917262969588551,0.9267965077233042,0.9283276450511946,0.9407407407407408,0.9495515695067265,0.9551648351648352,0.9627875507442489,0.9729370008873115,0.9834327369118622,0.9880334161210206,0.9929701230228472,0.9973232210573277,0.9986568166554735,1.0,1.0,0.9997779258272262,0.9944071588366891,0.9914201851433733,0.9879598662207358,0.9789259007477906,0.9799909049567985,0.9693717862731948,0.9547380156075809,0.9454912516823688,0.9409273294694606,0.9315886134067952,0.9245452503929935,0.9035008976660682,0.8997029929175234,0.8889136738790988,0.8830762351889112,0.8715159755268524,0.8642451759364359,0.8534675615212528,0.8461198319699315,0.8451155342026996,0.8443935926773455,0.8298698332952729,0.8442977464147507,0.8353808353808354,0.8376282782212087,0.8456832087015635,0.8409605799728138,0.8474920921825576,0.855935971542908,0.8699059561128527,0.8768295428957442,0.8868663594470046,0.902330743618202,0.8997762863534675,0.912542372881356,0.919521729133134,0.9314789687924017,0.9471326164874552,0.9500671742051052,0.9642129105322763,0.9709598758590113,0.9779967911987165,0.9847513812154696,0.9901256732495511,0.9926773455377574,0.9979656419529838,0.9997733454215775,1.0
1.0,0.9995430660269591,0.9956361966008268,0.993224043715847,0.9882882882882883,0.9838856105310939,0.9756258234519104,0.965098299094323,0.9576897246474144,0.9468490692980489,0.940386803185438,0.9311667795080117,0.9110560684530511,0.901218161683278,0.8925842696629214,0.8874915787109814,0.8738922972051807,0.8604703753957486,0.8516930022573364,0.8527703306523682,0.837037037037037,0.8350990327038231,0.8341528833258829,0.8371212121212122,0.8224572457245725,0.8262354816670462,0.8285198555956679,0.8321870701513068,0.8347370817209196,0.8382022471910112,0.8445397111913358,0.8460017574692443,0.8672161172161172,0.8688195991091314,0.8849457504520796,0.8953792502179599,0.9015704490157045,0.9142597225380942,0.9213829552961903,0.9346578366445916,0.9411219286045434,0.9535041959628033,0.9662284678150499,0.9744292237442922,0.9741596158243768,0.9838745800671892,0.9929156519814036,0.9955227221849116,0.996658498552016,0.9997745716862038,1.0,0.9983848638670973,0.9956188389923329,0.9887068201948627,0.9886441062911652,0.9766977363515313,0.9713961407491487,0.9613724153601454,0.9556313993174061,0.9461363636363637,0.9293960923623446,0.9185336048879837,0.9082506762849414,0.8965671976665919,0.8953304759756373,0.8858285206574855,0.8679906542056075,0.8550564284133658,0.856729055258467,0.8326918723115236,0.8386949577914671,0.8355916892502259,0.8278817956237311,0.8276804006373777,0.8302483069977427,0.8268320180383315,0.8446020837951673,0.8296329859537834,0.8230908269317668,0.8386179750710693,0.843456337382535,0.8605442176870748,0.8624687428961127,0.8751696065128901,0.8848904267589389,0.8841532532305599,0.9050676450355423,0.9124171049622685,0.9294670846394985,0.9374149659863945,0.9488520118208684,0.9564148413053196,0.9640062597809077,0.9744909375699261,0.9825620389000671,0.9899817850637522,0.9947136563876652,0.9966047985513807,0.9986672589960017,1.0
1.0,0.9993183367416496,0.995769316410599,0.9892134831460674,0.9900878576255914,0.9793304875308919,0.9724791337694564,0.9637876743139902,0.9567109482363719,0.9428635447008739,0.929957617666741,0.9184350132625995,0.9137134052388289,0.8977197254815142,0.8833483754512635,0.8737819025522042,0.8607680215584999,0.8515225605690153,0.8425946424618109,0.8396634068683193,0.8163816381638164,0.8186825797567133,0.818020022246941,0.8119349005424955,0.8103369763205829,0.8065177757520511,0.8112733911455956,0.8047481695140892,0.8118675252989881,0.8099647266313933,0.8270489952585234,0.8396860986547086,0.8397377938517179,0.8561183325862842,0.8626845933436191,0.8824047566615283,0.905588102748986,0.9019967867798945,0.917981773727495,0.9258036107441656,0.9410820724438331,0.9382772915707047,0.9564923354373309,0.9638336347197106,0.9745194456861869,0.9827127659574468,0.9902560616360753,0.9959946595460614,0.9984244879585865,0.9995477159656264,1.0,0.998054054054054,0.9952893674293405,0.9895667951916535,0.9832085318810982,0.981367870938423,0.9707549308546815,0.9556818181818182,0.9520594193112761,0.9369813859609778,0.9335428828019757,0.9113756613756614,0.8921410463240378,0.896785479991253,0.8696948841477403,0.8691780821917808,0.8633333333333333,0.852410995944119,0.8403690888119953,0.830693731875976,0.8213166144200627,0.8173894094573981,0.8109282121627801,0.818620992534036,0.8097219181081673,0.8107134818816115,0.8126228434155929,0.822043371339146,0.816692842719318,0.8244360062541881,0.8269230769230769,0.8395307658255865,0.8537468870273942,0.8597122302158273,0.8740301232314012,0.8858365233055618,0.8972602739726028,0.9081930415263748,0.919558359621451,0.9299610894941635,0.9451562148797482,0.9547830038627585,0.9688340807174888,0.971736204576043,0.9830960854092526,0.9886135298057602,0.9946500222915737,0.9973202322465387,0.9995540691192865,1.0
1.0,0.9993136582017845,0.9970299291752341,0.990589289715438,0.9855953184785056,0.9786672531339344,0.9752121482804823,0.9606081548030407,0.9562289562289562,0.9363925488414357,0.9303214205439425,0.9149178832116789,0.9022060495792585,0.884443451050514,0.873816340013213,0.8701802418434862,0.8528535411414164,0.8553599286828616,0.8251732617929801,0.8126998629511192,0.811643065857496,0.8091550899567297,0.7959743824336688,0.8026079136690647,0.7945834289648841,0.8009894310771306,0.7952103849597135,0.8002680965147453,0.7968542312804607,0.8048835631924034,0.8117249154453213,0.8313655602584095,0.8235427534588342,0.8455375027821055,0.8599779492833517,0.8690476190476191,0.886223440712817,0.8850959393128068,0.9071320836026718,0.9198978407244022,0.930379746835443,0.9477644975652944,0.9557220708446866,0.9666136724960255,0.9772676621350568,0.9810682893847193,0.9903647625602202,0.9940133037694013,0.9968673081226225,0.9993069993069993,0.9997765862377123,0.9993217273343884,0.9966938505620454,0.9918256130790191,0.9883542078664029,0.973967684021544,0.9696768481629039,0.9511141427921782,0.9429142603287428,0.9311195871662553,0.9276509156680985,0.9113142857142857,0.8991268382352942,0.8882631223248479,0.8642808912896691,0.8514467988152199,0.8465179175118324,0.8290655884995508,0.8198895027624309,0.8123035473731477,0.8073148974130241,0.8112141080714447,0.7974739641037004,0.7899908592321755,0.7897122139134376,0.8002748511223088,0.7861706983112734,0.7996877091233549,0.811623246492986,0.8099395567494964,0.8197050938337802,0.8263324299909666,0.8270210409745293,0.8504548480142001,0.8574966231427285,0.8767431399010346,0.8865979381443299,0.9034436191762323,0.9151806127114769,0.9294755877034359,0.9378770949720671,0.9544321015642712,0.9618149146451033,0.970667263770712,0.9865481076151391,0.9875735775016351,0.9932493249324933,0.9963445282156729,0.9993243243243243,1.0
1.0,0.9981908638625057,0.9957570343903528,0.9898734177215189,0.9869888475836431,0.9777628032345014,0.9683288409703504,0.9611627906976744,0.9422991566799822,0.9388704318936877,0.925,0.9079795510113359,0.8936605316973415,0.879542395693136,0.8685904550499445,0.8563424473330346,0.83603562457182,0.8199581297976274,0.8169743358847366,0.798196166854566,0.8004866180048662,0.7893451720310766,0.7769816390506046,0.7751270156836757,0.7741364038972542,0.7910311859776917,0.7786534564287323,0.7849174475680499,0.7907184292726461,0.7829719963866305,0.8128342245989305,0.8171376062485642,0.818931927572771,0.8344280860702151,0.8375532153260139,0.8579343971631206,0.8729943502824858,0.8900511907411529,0.903298689561681,0.9191392978482447,0.9284921163668666,0.9446761800219539,0.9517148014440433,0.9626147791867075,0.9742414320017463,0.9824521934758155,0.9917941893989798,0.9950969467350123,0.9979816102265082,1.0,0.9997717937015062,0.9984108967082861,0.9930321420543943,0.989468967062514,0.9785467128027682,0.9739130434782609,0.9621509346872836,0.9534883720930233,0.941944194419442,0.928719245803633,0.9134140870345446,0.9038590229756859,0.8845716882526699,0.8763577536399353,0.8482758620689655,0.854590682948892,0.8366470854044283,0.818161283035916,0.8126259234385493,0.8026257231864709,0.7858599592114208,0.7877019748653501,0.7768501805054152,0.7839658657085111,0.7703107019562716,0.7791492175446331,0.7777287761852261,0.7871174052078574,0.7893793412502801,0.7980790708063435,0.803114830311483,0.8237686398553999,0.8355741679523915,0.8429940666362392,0.8635851183765502,0.8638017280582083,0.87716955941255,0.8900289984385457,0.9103869653767821,0.9301907968574635,0.9288959563834621,0.946067415730337,0.9553272280545008,0.9662720571811481,0.9767493852000895,0.9848347668628339,0.9937916762474132,0.9954863461972466,0.9990911156555329,1.0
1.0,0.9997765363128491,0.9966828836797877,0.989683785602153,0.9849108367626886,0.974025974025974,0.9713774597495528,0.9540620049785019,0.9491295500791318,0.9302949061662198,0.9142278253039171,0.9113388282468255,0.8855394378966455,0.8718828643331046,0.8621243404450563,0.8386508659981768,0.8358410060633281,0.8088713423130516,0.7950490633363069,0.7909989023051591,0.7718700295387412,0.7689663075865231,0.769459027619265,0.7573691157061153,0.764983164983165,0.7703164124743911,0.7582639982010344,0.7650547445255474,0.7718909332742185,0.7708985248100134,0.7803930530164533,0.7914364640883977,0.8021038790269559,0.8255840326604672,0.8360801781737194,0.8458371454711803,0.8674994423377203,0.880559376432829,0.8926514627965907,0.9019036954087346,0.9227799227799228,0.9360568383658969,0.9460136674259682,0.9602814344076259,0.9739267251067656,0.9811320754716981,0.9888989578613503,0.993549822064057,0.9979883772910147,0.99933598937583,1.0,0.9980456026058632,0.9926124916051041,0.9875111507582516,0.978029294274301,0.9705554316306045,0.9647499449217889,0.9525555810222324,0.9385964912280702,0.9280251911830859,0.9096906278434941,0.8978167904568984,0.8730863101841579,0.8645552560646901,0.8564378645132347,0.8286223013576675,0.8175382507421786,0.8054138007543821,0.7874417572664744,0.7886141982308914,0.7838211569486057,0.7633257403189067,0.7606624319419237,0.7647058823529411,0.7718335619570188,0.7591192170818505,0.7580969399151217,0.7787234042553192,0.7748194945848376,0.7858714788732394,0.7920592193808883,0.794791198922317,0.8154591499669677,0.827246883883665,0.8421522661308328,0.8463133640552996,0.8714187485674995,0.8819918144611187,0.8990125673249552,0.9176576172313216,0.9262725405158639,0.9486166007905138,0.9585573476702509,0.9640368622162284,0.9716874292185731,0.9826259071915548,0.9903974988834301,0.9969033399690334,0.9990937924784775,1.0
1.0,0.999547203984605,0.9977452085682075,0.9890350877192983,0.9860252004581902,0.9765677304173176,0.9631684047037941,0.9516941391941391,0.942738950576965,0.9274965800273598,0.9133823201959475,0.8957683741648107,0.8801254761371274,0.8682240870945793,0.8471323365320241,0.8379712746858169,0.8191021126760564,0.7961755758365928,0.7910998385981093,0.7739819004524887,0.7625142857142857,0.7555903398926654,0.7526710616049102,0.7454626932556576,0.7381590705987489,0.7547339945897205,0.7462928637627433,0.7572332730560579,0.7472875226039783,0.76492619519718,0.7692307692307693,0.7795363352652698,0.7940710568001811,0.8152393796358732,0.8273381294964028,0.8322813345356177,0.8461894834375724,0.8796172674677347,0.8781271517098921,0.9032981826340588,0.9189374856881154,0.9374858437146093,0.947535052012664,0.9606210621062106,0.9727678571428572,0.9787376902417189,0.9870336669699727,0.9943039416723627,0.9975152473458324,1.0,1.0,0.9972801450589301,0.9943349195558577,0.9877606527651859,0.9819097778795511,0.9679572763684913,0.9539594843462247,0.9501118568232663,0.9385865883946715,0.9092514903952308,0.9077200090029259,0.8840252707581228,0.8751677852348994,0.8546831955922864,0.8379035824856258,0.825683924937825,0.826944631248599,0.7917895214334316,0.7783482142857143,0.7736409319323893,0.7660098522167488,0.7620082590741143,0.7519326966803093,0.7414981106912647,0.7369133574007221,0.7491031390134529,0.7563291139240507,0.7591575091575091,0.7669990933816863,0.7726457399103139,0.7705510388437218,0.7875168995042812,0.8102697998259356,0.8212452577549654,0.8332209485277591,0.847716894977169,0.8705855547960811,0.8845978062157221,0.8963180483397335,0.901705565529623,0.9285877253023044,0.9389261744966443,0.9461363636363637,0.9662997079308021,0.9729850413038624,0.9845158308296741,0.9908759124087592,0.9961951656222023,0.9990915285032932,1.0
1.0,0.9986663703045121,0.9945175438596491,0.9940679899612138,0.9848484848484849,0.9757204447469934,0.9629959875167187,0.9485843714609287,0.9377546401086464,0.9207235372934346,0.896797153024911,0.896505376344086,0.8664532357649211,0.8539832994809298,0.8330747062735535,0.8218623481781376,0.8086544962812712,0.7781264007171672,0.7744583808437856,0.758996001776988,0.7536923426493979,0.7387589928057554,0.7299270072992701,0.7403414195867026,0.7342117219445706,0.7311000452693527,0.7247623358985966,0.727694090382387,0.7463912946924273,0.75,0.756372659598466,0.7869594747566221,0.7909695163878065,0.7987435494727395,0.8124434389140271,0.8260077431109086,0.8520655435033464,0.8573971078976641,0.8827846975088968,0.9021864211737629,0.9136918210573881,0.9302900832021588,0.9365363128491621,0.9564032697547684,0.9677714285714286,0.9810690423162584,0.9845117845117846,0.9929593459005224,0.9972924187725631,1.0,0.9995419147961521,0.9984223574487266,0.9916835243875028,0.9875139353400223,0.9762234533702677,0.9700332963374029,0.951878707976269,0.9408637873754153,0.928034616260533,0.9084240942431652,0.9028841820639928,0.882471008028546,0.867183934276586,0.8449016504634863,0.823252688172043,0.8238662391204764,0.7929167606586961,0.781128626913411,0.7688430698739978,0.7530667878237165,0.7530160122833954,0.7381964645334527,0.7458961097369012,0.7299403943145346,0.7355575459023735,0.7211929507455942,0.7337906616508078,0.7430666972266788,0.7397531952401939,0.7498883430102724,0.7725,0.7711521152115212,0.7997732426303855,0.8081408643951521,0.8222965440356744,0.8449246004951609,0.8585466179159049,0.8729760547320411,0.8886890038228019,0.8996610169491526,0.9185449676411516,0.9376432828977533,0.9485359361135759,0.968335953289917,0.9765712998423068,0.9824170932561763,0.9897564306851809,0.9936837356192195,0.9984287317620651,1.0
1.0,0.9988831807013625,0.9945945945945946,0.9909211691762622,0.9803106541238241,0.9697309417040358,0.9605175105955833,0.9421087387189082,0.9313255760894364,0.9195148842337376,0.9001132502831257,0.8816568047337278,0.861936936936937,0.8477100933748333,0.8268880800727935,0.8204607046070461,0.7999548940009021,0.7840322942363759,0.7582343714989918,0.7501111605157847,0.735819209039548,0.7290854916341967,0.7311278863232682,0.7284710017574693,0.7291902925833522,0.7141903914590747,0.71571072319202,0.7285330948121646,0.7228673514962036,0.7334395629410426,0.7570894702132337,0.7469654528478058,0.7765056102587589,0.7778779004280243,0.8046417305092384,0.8214128035320089,0.8376844494892168,0.843309452276404,0.8695152768205835,0.8909090909090909,0.9192825112107623,0.9221476510067114,0.9440559440559441,0.9592391304347826,0.9667743424088602,0.9762926168435313,0.9879059350503919,0.9914759982054733,0.996316758747698,0.9997745208568207,0.9991027366532077,0.9970306075833714,0.9930462090623599,0.9873501997336884,0.9796693476318141,0.9635905656056789,0.9580731489741302,0.944920993227991,0.9215201259275916,0.9083257506824386,0.8835571208452564,0.8682771194165907,0.8455284552845529,0.8333333333333334,0.8148558758314856,0.8070136251954434,0.7952127659574468,0.7758386219401632,0.7558453237410072,0.7466846482355586,0.7449966269395097,0.7294880393471943,0.7244464325654216,0.7091767881241565,0.713768935111915,0.7088407758231845,0.7128668171557562,0.7228212039532794,0.7303070761014686,0.729777000437254,0.7574123989218329,0.7487190911116062,0.7760259179265658,0.7873962771921955,0.8103211009174311,0.8366506520247083,0.8494845360824742,0.8589857651245552,0.8791331546023236,0.8919717989538322,0.9202259887005649,0.9355349468446053,0.9448554135843981,0.9582589285714286,0.9702702702702702,0.9828493025383033,0.9915083798882681,0.9941690962099126,0.9979793444095195,1.0
1.0,0.9993272034088361,0.9953083109919572,0.9890331244404655,0.9763163945734652,0.9721467391304348,0.9545752347674165,0.941607460035524,0.9286199864038069,0.9131010145566828,0.8917456021650879,0.8800980610652998,0.8532695374800638,0.8375113947128532,0.8172240036646816,0.7998206680116566,0.7859878350979951,0.775,0.7539278601460501,0.727921498661909,0.7233245149911817,0.7175625579240037,0.7083891120035698,0.6890967153284672,0.6997038049669628,0.694647758462946,0.7000223863890754,0.7027639329406434,0.7079626334519573,0.7208839779005525,0.7231676877694577,0.7450155073105893,0.7538393055864678,0.7807675341861491,0.7857464028776978,0.8089539007092199,0.8325022665457842,0.8410714285714286,0.8613549403556156,0.8812570145903479,0.8985239852398524,0.9222501715069746,0.9333931374747702,0.9443806021604229,0.9619797525309336,0.9764971751412429,0.9841729826125725,0.9944970283953335,0.9972954699121027,0.9995584014131155,1.0,0.9986495611073599,0.9938817131203264,0.9866213151927438,0.9746238490905008,0.9619849760983382,0.9433280650259652,0.9346590909090909,0.9215070643642073,0.9055641764575482,0.8905788876276958,0.8631840796019901,0.8498773142984608,0.8264686022957461,0.8026104877490268,0.7928331466965286,0.7716008037508373,0.754734200319416,0.7465940054495913,0.7301161751563896,0.7185283687943262,0.7230769230769231,0.7008968609865471,0.7099045888232621,0.7034263671431813,0.6953921134249003,0.7036290322580645,0.7046106331347893,0.716659080564406,0.7152198421645998,0.7250338906461816,0.746364037020714,0.7619047619047619,0.7831545309290117,0.7988245931283906,0.8195807314897413,0.8321134492223239,0.8535754824063564,0.8734350102435693,0.8878048780487805,0.9105345560277343,0.9313792319927289,0.9452375380294875,0.9588142113600362,0.9745011086474501,0.9818222123697627,0.9896201413427562,0.9935741192111678,0.9991132786521836,1.0
1.0,0.9981562572021203,0.9940895658104114,0.9859918662449164,0.9799910071942446,0.9703437429791059,0.9568428340641588,0.9417562724014337,0.9298753339269813,0.9117713767294171,0.8934389140271494,0.8729081863410222,0.8479209740408913,0.8380027112516946,0.8118022328548644,0.7993281075027996,0.7759280089988752,0.7492750390363596,0.7371912168344007,0.7200270941521788,0.7142857142857143,0.7009892086330936,0.695944431996415,0.6920446774561203,0.6781201507426291,0.6952316689158794,0.6807596653854849,0.6801710555930678,0.6851140727354867,0.7075322325265777,0.718046804680468,0.7344556677890012,0.7494894486044928,0.7591891289819559,0.7772965580123091,0.7954233409610983,0.820389461626575,0.835827664399093,0.8636363636363636,0.8786063027075011,0.9025674786043449,0.9104640980735552,0.9355848803399687,0.9510392609699769,0.9603174603174603,0.9780771865722768,0.9860093271152565,0.9904606793857608,0.9967801287948482,1.0,0.9995533720410897,0.9973386560212908,0.993057110862262,0.9843173431734318,0.9739910313901345,0.9626423690205012,0.9462679856115108,0.9338824577025824,0.9168524297815426,0.8944394213381555,0.8881446751507033,0.8583408884859474,0.8290052816901409,0.8188073394495413,0.8089485458612975,0.7864548863887051,0.7538531278331823,0.7431767337807607,0.7343189964157706,0.7213808463251671,0.6976534296028881,0.6870931537598204,0.6948924731182796,0.6879125882085135,0.6763210258677869,0.6878471450788713,0.6900780379041248,0.6887432188065099,0.6875278396436526,0.7047747141896435,0.7067082683307332,0.7420714127300954,0.7502861066605631,0.7706861180761341,0.7872811876800354,0.8143699002719855,0.8251070543159793,0.8472906403940886,0.8691179689209892,0.8961748633879781,0.9032779316712835,0.9240732469852613,0.9461226330027052,0.9560536145902,0.9717346706177342,0.9821186057039384,0.989247311827957,0.9950090744101633,0.9975258659469186,1.0
1.0,0.9981855295985484,0.9961071673918022,0.9888017917133258,0.9769353733729161,0.9701627486437613,0.9561581920903954,0.936281179138322,0.9157602406850266,0.9035762788592123,0.8844862323707186,0.8561842988145829,0.8336298932384342,0.8239658273381295,0.7948775556054819,0.7796572446027153,0.7621057307863172,0.7489284908639747,0.722007722007722,0.7197525206232814,0.7075596816976127,0.6852017937219731,0.676304495143438,0.6756941283568503,0.6628964293634952,0.6625,0.678415061295972,0.6716685330347144,0.6874297279064537,0.6988006336275175,0.6992108229988726,0.7169896349707076,0.7428243398392652,0.7642475512021372,0.7724030316540348,0.7912112932604736,0.8114015322217215,0.8439189189189189,0.8489240228370664,0.8745559502664298,0.889182639347874,0.904276534456016,0.9342743714159683,0.9487882944673068,0.9621334564765643,0.9725507699174292,0.9839801444043321,0.9908487760237932,0.9972407449988503,0.9991245349091705,0.9997806055287407,0.9971181556195965,0.9902094717668488,0.9828646748681898,0.9743762643290627,0.9625570776255707,0.9464692482915718,0.9303159309881246,0.918991899189919,0.8988361683079678,0.8715859030837004,0.8488827459110804,0.8286374133949191,0.8108895361864217,0.7916854948034342,0.774496336996337,0.7471186440677966,0.7249772520473158,0.7155290884104444,0.6846539162112932,0.6915760869565217,0.6778761061946903,0.6677360219981668,0.6736486486486486,0.6670368725011107,0.6521542973155876,0.6750624007261176,0.6738934056007226,0.6908167974157822,0.710783200908059,0.7187290221526068,0.7216878006121556,0.7413446504355595,0.7611336032388664,0.7765375355657693,0.8050770625566637,0.8175738007380073,0.8429864253393665,0.8655367231638418,0.8905174328225627,0.8965287049399199,0.9272065514103731,0.9428891377379619,0.9549244985350462,0.963756553453385,0.9792886087348042,0.9891989198919892,0.9939010616670432,0.9981973862100045,1.0
1.0,0.9979693140794224,0.9945860591021881,0.9880636604774535,0.9779577147998201,0.9673441424982873,0.9544740973312402,0.9343263371699391,0.9287640449438203,0.8992904554818036,0.8880915003363983,0.8543974677820484,0.8338983050847457,0.817440543601359,0.7883244206773619,0.7730130220026942,0.7480434782608696,0.7359003397508493,0.7270082792571045,0.7029099932325739,0.6800360522757999,0.6771188366280391,0.6654603030988464,0.6585645494152718,0.6485037963376508,0.6544419134396355,0.6559747007002484,0.6517897598550068,0.6700268817204301,0.6832156684126622,0.6824294038547737,0.702851885924563,0.7241917502787067,0.7330517892865082,0.7650321721766141,0.7708522212148685,0.7937427578215527,0.8199095022624434,0.8533154722036169,0.8620768007271075,0.8820274457724657,0.9096703296703297,0.9247262773722628,0.9395432154052844,0.9586609750617838,0.9662650602409638,0.9851767388825542,0.9903225806451613,0.9970760233918129,0.9997758350145707,1.0,0.996658498552016,0.9915389892522296,0.9867670545288615,0.9737387698686939,0.9567493740040974,0.9414578587699317,0.9232158988256549,0.9113411341134113,0.8882379450202794,0.8658096526838069,0.8510405257393209,0.8289085545722714,0.8045130094404789,0.776375897324342,0.7652970075926753,0.7413595788509957,0.7097480832420592,0.6972191323692992,0.688032272523532,0.6797752808988764,0.6504375140228853,0.6680253623188406,0.653577070638682,0.6517998641611954,0.6499437570303712,0.6565054119726088,0.6575311942959001,0.674428919937902,0.6787219880186377,0.7029017857142857,0.6994180841539839,0.7148657793819084,0.7475225225225225,0.7734929078014184,0.8070294784580498,0.8059802158273381,0.8311806027645593,0.8562486027274759,0.8789019260571176,0.9054871220604703,0.9183811892380737,0.9382828512867228,0.9501968959925875,0.963915200721696,0.97968855788761,0.9884521430157672,0.9934962996187486,0.9988654413433175,1.0
1.0,0.9970845481049563,0.9949737262965501,0.986034138771891,0.9760519247985676,0.963814292216659,0.9581353247341028,0.9310801855533466,0.9126258005489478,0.8888394842152068,0.870930501039021,0.8510445049954587,0.8295841854124063,0.8043139871025128,0.7810450124406243,0.7498845265588915,0.7558843308675185,0.706934628975265,0.6919054115507048,0.6914285714285714,0.6726626693315567,0.6693922651933701,0.6531521496992648,0.6382640309020677,0.6316252474158786,0.654679472861291,0.6431677729457542,0.6602073005858495,0.643418013856813,0.6681113138686131,0.6662923871547272,0.6862007961079168,0.7092839394623899,0.7304488662656178,0.7588923908149482,0.7634649910233393,0.7886435331230284,0.8126272912423625,0.83915770609319,0.8649006622516556,0.8775557087066391,0.8997102741252507,0.9222120238641579,0.9399819494584838,0.9564131668558457,0.970640968175706,0.9833558254610886,0.9909930195901824,0.9964173757277206,1.0,1.0,0.995937711577522,0.9907749077490775,0.979882459312839,0.9714731446400713,0.9624634749381884,0.9475555555555556,0.9268347591175147,0.9006741573033707,0.8836216580543698,0.8529810298102981,0.8307940904893814,0.8163080407701019,0.7944958267538913,0.7750385208012327,0.757003112494442,0.7291666666666666,0.7173814898419865,0.6940966010733453,0.6750285062713797,0.6655382532159784,0.641014033499321,0.6542119565217391,0.6420542208507825,0.6397571396447043,0.6521640607296624,0.6351628330676383,0.6400179654165731,0.6783310901749664,0.6778966537673572,0.6716281199908404,0.7006723858103409,0.7131962098451583,0.7421875,0.7502234137622877,0.7791355510296447,0.8143631436314364,0.8255734726322962,0.8511743450767841,0.8749722407284033,0.8888888888888888,0.9090496711272398,0.9236848046963198,0.9499886852229011,0.9672578444747613,0.9783329648463409,0.9885674288380775,0.9918588873812755,0.9982214317474433,1.0
1.0,0.9981851179673321,0.9931763152102135,0.9858665430954587,0.9755766621438263,0.9619069343065694,0.9466341895482728,0.9345224655678482,0.9128770823953174,0.8839891451831751,0.8658210947930574,0.8502469690166142,0.8235950044603033,0.7862731947238989,0.7655635269613515,0.7571491421029476,0.732662192393736,0.7038867670186475,0.689584285061672,0.6748802190280629,0.663494221617947,0.6466015104398045,0.6344781445138269,0.632791922739245,0.619391206313416,0.6505277650298302,0.6318295171163002,0.6370586912525298,0.6296213309433116,0.6430517711171662,0.6532618409294012,0.6852554093241133,0.6853410097431355,0.7220068415051312,0.7410714285714286,0.7677060133630289,0.7784853309074369,0.815146762267533,0.8231111111111111,0.867996414164052,0.8808395396073121,0.9072258946888534,0.9177748226950354,0.9372619314362537,0.9624858757062147,0.9738915147422913,0.9791051555757438,0.9918662449164031,0.9972602739726028,0.9995490417136415,0.9995477159656264,0.9964796479647965,0.9908196721311475,0.9805253623188406,0.9671728450200983,0.9572168430533664,0.9400707651481646,0.9215324255711977,0.8982973893303065,0.8814352574102964,0.8496054114994362,0.8238738738738739,0.7952738014087707,0.7878448082529715,0.7517119505191076,0.730140971134482,0.7109865470852018,0.7074633496223901,0.6815185269379405,0.6595457611873173,0.6510938924339107,0.6415137094946748,0.6227848101265823,0.6159982273432306,0.6227830832196453,0.6214890771288453,0.6332274171584203,0.6443505338078291,0.646885617214043,0.6655607166556071,0.6696045197740113,0.6870332654446707,0.7075740944017563,0.7263041065482797,0.743515205724508,0.7795434198746642,0.7913394660085259,0.8224110937150526,0.8418812989921612,0.8700760193503801,0.8870181657066903,0.9149652232443347,0.9349519010535959,0.9487765835810656,0.9656796769851952,0.9798091857111161,0.9875368230228869,0.9937601109313612,0.9986341907580242,1.0
1.0,0.9980284775465499,0.9947416552354824,0.9871823701371711,0.9725542275343072,0.9640827460786542,0.9457710332515064,0.9312263521032718,0.9089253187613844,0.8917124542124543,0.8598172498328505,0.8491077479105489,0.8196611680784663,0.7861579414374446,0.7722184144391135,0.7473446327683616,0.717741935483871,0.7057769816390506,0.677062596770626,0.665838789794536,0.6413312345401394,0.6394304490690033,0.6104625056129322,0.6172531214528945,0.6110613524406627,0.612932195779075,0.6123771224307417,0.6076957098628926,0.61567920702861,0.638683680322364,0.6571994715984147,0.6566088718757037,0.6947963800904977,0.7069082672706681,0.7326953038059203,0.7583553210202286,0.7819872958257713,0.7976891708201178,0.8367484800720558,0.8464776251661498,0.8735240690281563,0.899749943168902,0.9220316328803743,0.9360412926391383,0.9500112082492714,0.9702903443619176,0.9801206164842529,0.9923094322551459,0.9977772838408535,0.999552071668533,0.9993212669683258,0.9969088098918083,0.9891472868217054,0.9773499433748585,0.9678612716763005,0.9576423128641864,0.9390967153284672,0.9194494584837545,0.9041409288492336,0.8751424014581909,0.8503020810024614,0.8249828414550446,0.7963340122199593,0.7829610162067455,0.756593652212785,0.7366437596985147,0.7103370786516854,0.6900159199454173,0.6740840638345695,0.6560552092609083,0.6477451200358986,0.6413683733574989,0.6146408839779005,0.6146957520091848,0.6129541864139021,0.5986197684772929,0.6107458626161868,0.6121630652706617,0.6271714922048998,0.6375426621160409,0.6700485222761359,0.6780045351473923,0.6911223551057958,0.7253783724500987,0.7493757094211124,0.7622894068774521,0.7885057471264367,0.8140430351075878,0.8430892499443579,0.8628288733977962,0.8880648899188877,0.9111062335381914,0.9231114099977583,0.9477800782148609,0.9661286656058196,0.9752618676175618,0.987485779294653,0.9932945909700491,0.998866470188166,1.0
1.0,0.9988849241748439,0.9957293773881771,0.9851652056641942,0.9758028041610132,0.9627034358047016,0.9450452438755241,0.9267202859696158,0.9030748663101604,0.8904235727440147,0.8571428571428571,0.8385178408051235,0.8191660907624971,0.7800625838176128,0.7574365704286964,0.7409584086799277,0.7149200710479574,0.6860075875920554,0.6659359929855326,0.6619026351049576,0.6248882931188561,0.6339366515837104,0.6195579370395178,0.6122584943371085,0.5899097431150196,0.5985088115680073,0.6011823556161892,0.6225870867539384,0.6171909614532566,0.6221668177697189,0.6416414082536722,0.652605459057072,0.6728993016445145,0.7032868077442593,0.7174837698679203,0.755586270444598,0.7774762550881954,0.7957809694793537,0.8197935368043088,0.8432165318957772,0.8790123456790123,0.8968462549277266,0.9193798449612403,0.9365620736698499,0.9564032697547684,0.9703954802259886,0.9807138106849922,0.9889540126239855,0.9968881973771949,0.9995349918623576,0.9997789566755084,0.9964293684445437,0.9861332120936577,0.9812709030100334,0.9657690552259243,0.9555606198723792,0.9344299748686314,0.9173068233167646,0.8927076448556951,0.8705882352941177,0.8449733096085409,0.8236359520036224,0.7982356932820629,0.7713097713097713,0.7452636384387126,0.71712158808933,0.7036446469248292,0.6851851851851852,0.6513039568345323,0.6404031149793862,0.6359786000891663,0.6201988251242657,0.6024016010673783,0.6075634057971014,0.5957923008057296,0.6062015503875969,0.594968843757212,0.622836592492695,0.6252276867030966,0.6249144421629022,0.6577361018084393,0.6734223859972363,0.6861067327178564,0.7115341037842737,0.7449410718256616,0.7658026375625284,0.7834380610412927,0.8030541208174264,0.8458723988108849,0.8643568840579711,0.8796380090497737,0.9045248868778281,0.9201357466063348,0.9428373061791252,0.9594987692996196,0.978494623655914,0.9858318098720292,0.9939230249831195,0.9970514855976412,1.0
1.0,0.9991061452513966,0.9951834862385321,0.9849081364829396,0.9754696132596685,0.9563628055745945,0.9403051072297148,0.9214158504007124,0.8989554950045413,0.8808520079875749,0.8608363309352518,0.8390441839495041,0.7928441203281678,0.7750572082379863,0.7519433013260174,0.7269519188354654,0.6888063167673014,0.6794117647058824,0.6651131824234354,0.6354476757499428,0.6276169265033408,0.6117801620319685,0.5945040214477212,0.5890778871978514,0.5849355349468446,0.5839168737293878,0.5866302864938608,0.5914922349763673,0.5951949229374434,0.6036158192090395,0.6305396096440873,0.6390041493775933,0.6747095621090259,0.6895216400911162,0.7089720468890893,0.7421150278293135,0.7584880036215482,0.784251968503937,0.8182642193519148,0.845622633103141,0.8701357466063349,0.8935258290097,0.9189250225835591,0.938337801608579,0.9584264640143049,0.9649850264915918,0.9828257384932448,0.9891623391284714,0.9968390155791375,0.9997767358785443,0.9988680099615124,0.9966540263216596,0.9918232044198895,0.9806113138686131,0.9652059017837481,0.952219968447149,0.9353062629043358,0.9120557804768331,0.8977040236417367,0.8621542612997526,0.844582593250444,0.8160686075378019,0.8093171957067824,0.7682119205298014,0.7393438964516849,0.7263738790526558,0.6816546762589928,0.6622395237004809,0.6344110332353606,0.6172591102168566,0.6173203355248243,0.6149026627880958,0.5861276986678916,0.5862926939606424,0.5737961926091826,0.5932584269662922,0.6039693279206134,0.5957784838856105,0.6099667774086379,0.6108241634852908,0.6297038521487419,0.6630161989504906,0.6855914951368469,0.704123244222927,0.7390346043641173,0.7553120107358533,0.7800135654533122,0.8032676812891674,0.8393980233602875,0.8552478473353502,0.8706624605678234,0.9031665901789812,0.9208874943971314,0.9425261750946758,0.9588495575221239,0.970431302801245,0.9847380410022779,0.9949737262965501,0.9977538185085355,1.0
1.0,0.9986222732491389,0.9937541824670979,0.9870953135612407,0.9708180147058824,0.9551445086705203,0.9388358344702137,0.9244355019002907,0.9019696626669685,0.8776152980877391,0.8536746854998897,0.8233990693551961,0.8087494273934952,0.7597345132743363,0.747481684981685,0.7134187457855697,0.6915591762842273,0.677463503649635,0.6544134331744951,0.6358038768529076,0.6220489977728285,0.5882352941176471,0.5864997764863656,0.5778127105322255,0.5673662830060935,0.5657624800547071,0.5704131497112395,0.5731788817108487,0.5915492957746479,0.6235715886175218,0.6177066906961027,0.6285454958021329,0.6589147286821705,0.6831162896961389,0.7080062794348508,0.7382326820603907,0.7570659488559892,0.7882405947285425,0.8052835345023912,0.8472784525416104,0.8594350282485875,0.8899683687302304,0.9083728278041074,0.931740614334471,0.9469026548672567,0.9624889673433362,0.9799539170506912,0.9878318584070797,0.9963947724200091,1.0,1.0,0.9946759259259259,0.9901164067647705,0.979223125564589,0.962913613146791,0.9501113585746103,0.9376114081996435,0.9197031039136302,0.8861111111111111,0.8672467648371263,0.8359836437982735,0.8019226469930695,0.7821871476888388,0.7628796400449944,0.7364427583128766,0.7078881563991817,0.685656836461126,0.6555013309671694,0.6460450729120636,0.6164169089689108,0.6078608538513666,0.5930971843778383,0.580095432856169,0.5865732368896925,0.5728643216080402,0.5848095659875997,0.5803894927536232,0.5786317192358952,0.5970928912105383,0.6103139013452915,0.6153846153846154,0.6411645226811103,0.657033190336419,0.6972687629102593,0.7171297309122731,0.752,0.7714029583146571,0.7955465587044535,0.8270777479892761,0.8495255309534568,0.8772009029345372,0.8962979482604817,0.9243340049250056,0.9431894430776113,0.9559874888293118,0.9712707182320443,0.9867812293456708,0.9932188065099458,0.9978213507625272,1.0
1.0,0.9984489253268336,0.992090395480226,0.9832843912355997,0.9698655540101994,0.96105702364395,0.9401024270763749,0.9233926128590971,0.9005449591280654,0.8799820868786385,0.8505543237250555,0.818327239488117,0.7883882537547635,0.7555354722096701,0.7476009819236777,0.7113702623906706,0.6946308724832215,0.669010889292196,0.6412626832018038,0.6430339860454648,0.5961581920903954,0.5853442550365286,0.5790178571428571,0.5657015590200446,0.572562858403176,0.5519421860885275,0.5606675687866486,0.5681869242866772,0.5815696649029982,0.5952861952861953,0.6165380374862183,0.6344933245786825,0.6482150926344329,0.6781164695177434,0.6982834507042254,0.7291666666666666,0.7480951281459247,0.775709219858156,0.8035041029053005,0.8312188491164476,0.8568561872909699,0.8909172864548118,0.9118782648194413,0.9295612009237876,0.9499886337804047,0.9668708872248696,0.9780858676207513,0.9893899204244032,0.9959731543624161,0.9995468962392388,0.9997751798561151,0.995887594242632,0.9889110667553781,0.9813022437307523,0.9656025179856115,0.9487815884476535,0.9252543122512162,0.904772624943719,0.8854773644105782,0.863677130044843,0.8427987278509769,0.8067931186590207,0.7703989120580236,0.7558139534883721,0.72506678539626,0.698019801980198,0.6750886524822695,0.6532039711191335,0.6194350282485875,0.596144914073386,0.5918322295805739,0.575243845796563,0.5841035120147874,0.5611098371933043,0.563859573551583,0.5647855530474041,0.5771612015592754,0.5536109880372175,0.5835934016941596,0.6073991031390135,0.6174242424242424,0.6247118487782388,0.660857908847185,0.6837032055592916,0.7194308581591818,0.7363105924596051,0.7695124742504006,0.8035674961462232,0.821822272215973,0.8534423994546694,0.8785956964892412,0.8934592043155766,0.9219777727375822,0.9401535682023487,0.9558889386475593,0.9694605439144004,0.9829213483146068,0.9919669497360569,0.9982082866741321,1.0
1.0,0.9974960163897109,0.9917003140421714,0.9825931711671502,0.9729546991210277,0.9593152512227656,0.940768886902101,0.9085379589997747,0.895737855178735,0.8657085111161015,0.8416060004412089,0.8144032007112691,0.7913827214772478,0.7702426854161941,0.7338015405527866,0.6981047937569677,0.6826453617399023,0.656327824315146,0.6236363636363637,0.5973400596193533,0.5859098939929329,0.5684376407023863,0.5651682855206687,0.5532759761747187,0.555956678700361,0.5541981341625944,0.5443693693693694,0.5688487584650113,0.5781145531535548,0.5835422840209711,0.5942420152946468,0.6242208370436332,0.6472142699845849,0.667191011235955,0.6743716337522442,0.7108568864961866,0.743110908676839,0.7664524706403723,0.8088790233074362,0.8300580616346583,0.85625,0.8906781583125425,0.9054330529665833,0.931266846361186,0.95047276001801,0.9651877133105802,0.975626269465132,0.9890965732087228,0.9972960793150067,0.9993328885923949,1.0,0.9955436720142602,0.9862426702751466,0.9806306306306306,0.9659090909090909,0.9526140155728587,0.9320234869015357,0.9089257324551442,0.8861161524500908,0.8714253031342942,0.8219054084634533,0.7940580688723835,0.7747265014512168,0.7352482743264306,0.7192298876919551,0.681096016578402,0.6613874637519518,0.6537748957850857,0.6167390807226161,0.6128083276759447,0.5802115469369766,0.5772727272727273,0.5670677361853832,0.5429522752497226,0.5669502910882221,0.5519614590502409,0.5563380281690141,0.5765002290426019,0.5792448564322857,0.6036395916555704,0.5950285965684118,0.6418181818181818,0.6643229757314584,0.6700111482720178,0.7069315872657485,0.737594993294591,0.7567014993184916,0.7968402314196706,0.8171945701357466,0.8506767250942978,0.8688815060908084,0.8953199186072801,0.9107342111135908,0.9350188511865158,0.9601575167940699,0.9725299069561365,0.9858875413450937,0.9916760404949382,0.9990984899707009,1.0
1.0,0.9986455981941309,0.993943472409152,0.9866817155756208,0.972972972972973,0.9545353242701137,0.9333333333333333,0.9113610798650169,0.8935599284436494,0.8582323912068192,0.8419259595730184,0.8142470694319206,0.786784140969163,0.7419141914191419,0.7402510085163604,0.6894701542588867,0.6746643187321153,0.6358394322466179,0.6221096674741247,0.5933920704845815,0.5888838883888389,0.5732179457982236,0.5609215773150199,0.5469933184855233,0.5561461794019934,0.5458276333789329,0.5519625334522748,0.5374258329529895,0.5685448092280391,0.585287356321839,0.5937569183086119,0.6064113980409617,0.6259711431742508,0.6638009049773755,0.6851226648660814,0.7060414788097386,0.7409384033800311,0.7688689809630459,0.7957918050941307,0.8372827804107424,0.8427346570397112,0.8733920108327691,0.9046008119079838,0.9248815700428603,0.9461749885478699,0.9655952919873246,0.9811919329254476,0.9883303411131059,0.9941546762589928,1.0,0.9997720537953043,0.9946737683089214,0.9897298504130386,0.9797979797979798,0.9635237439779766,0.9502991256327658,0.9332728098048116,0.9033415564027809,0.8833066910253482,0.8556258472661545,0.8300624442462088,0.7923595505617977,0.7636322153775953,0.7396768402154399,0.7117934403349616,0.6819227230910764,0.671864406779661,0.6451685901787735,0.6038324420677362,0.5893501805054152,0.571619812583668,0.5601872492197949,0.5535307517084282,0.5408988764044944,0.5591973244147157,0.5570333633904418,0.5490463215258855,0.5668233713901948,0.562514079747691,0.591647855530474,0.6034365815057653,0.6324348407217643,0.6574434026983764,0.670874861572536,0.695821854912764,0.7222099933964341,0.7574652382037839,0.7764417724337564,0.8086518654154269,0.8446052929201538,0.8630195993969416,0.890702947845805,0.9134129536058796,0.9365044247787611,0.9555108428347865,0.9646418857660924,0.9820359281437125,0.9914221218961625,0.9982245894363071,1.0
1.0,0.9977673587854432,0.9940868774164203,0.9851049424509141,0.9674502712477396,0.95606094060499,0.9390022675736961,0.9147841646164169,0.894689870593485,0.8643419572553431,0.8328953131844065,0.8041863605671843,0.7868632707774799,0.7575486468351599,0.7210822998872605,0.6885506587914584,0.6721125482187429,0.6488600804649084,0.6217687074829932,0.5979311895659996,0.570594837261504,0.5611953416831466,0.5423728813559322,0.5570560432140446,0.5356587425016663,0.5336822940373236,0.5475706214689265,0.5518718989625621,0.5666003976143141,0.5812471552116523,0.5814321210752202,0.6021671826625387,0.6356121537086684,0.6483060109289618,0.6772899487408067,0.7009056770488182,0.7338065661047027,0.7700762673844773,0.7870516580193999,0.8180163785259327,0.8465433729634523,0.8851458286231065,0.8997277676950998,0.9255415162454874,0.9472976003588248,0.959935155164428,0.9807304503697065,0.987353206865402,0.9939271255060729,0.9993241721108358,0.9995514689392241,0.9952164009111617,0.9893946089262041,0.9769699706480018,0.9615044247787611,0.9512471655328798,0.9253464461332142,0.9073864919810255,0.8744081172491545,0.8456832087015635,0.8229166666666666,0.7955271565495208,0.7639696021457308,0.7323568575233023,0.7128555176336746,0.6758698092031425,0.644474034620506,0.6334080717488789,0.5959801264679313,0.5914074737077646,0.5593878483325719,0.5665826266330507,0.5296961325966851,0.5450346420323325,0.5271231658514896,0.5384095517008335,0.5453728661275831,0.5566778900112234,0.5668016194331984,0.5773150199379707,0.5845054699709756,0.6273391145595618,0.6481064021641119,0.6674988651838403,0.6961852861035422,0.7200802317806998,0.7504436557231589,0.7767302828236377,0.8023741481644318,0.8321772208547773,0.8662320143884892,0.8960251515832023,0.9085310218978102,0.932788374205268,0.9554500226142018,0.9738412115649381,0.9848051090068267,0.9919875361673715,0.9982174688057041,1.0
1.0,0.999327655759749,0.9920547340542927,0.9826007326007326,0.9675711449371277,0.9579428571428571,0.9348899865289627,0.9073290265092449,0.8864203128542281,0.8609885260370698,0.8328193832599119,0.80802163136548,0.7762065095398428,0.731489945155393,0.7225287356321839,0.6879480286738351,0.650271985494107,0.6322314049586777,0.6124567474048442,0.5835042150831624,0.5698853615520282,0.568790812879982,0.5379761099842236,0.5426760244509848,0.533794334151238,0.5273735273735274,0.5339631129104814,0.5350146363431659,0.5464357994153362,0.5629079450821517,0.5797594735647833,0.6001796945193172,0.6224971878515185,0.6461573135001127,0.6735300846488218,0.695748942799911,0.7313466787989081,0.7549283154121864,0.784139968189048,0.8201308959602799,0.8463464602777145,0.8734630002235636,0.894083758032351,0.9244133574007221,0.9427164913850974,0.9671476137624861,0.9765482695810564,0.9893960350391886,0.9954740891604436,0.9997747747747747,0.9990962494351558,0.9955177050649933,0.9905320108205591,0.9755881047492233,0.9676030811055731,0.9465443972265712,0.929097605893186,0.9012373968835931,0.8703049049933717,0.8484579542933215,0.8145650708024275,0.7918859649122807,0.7562949640287769,0.7218827789092555,0.7052942513065212,0.6707097933513028,0.6407307171853857,0.635507880910683,0.5995921142080217,0.5739851593190747,0.5523874179678661,0.5525956284153005,0.5450928381962865,0.5235555555555556,0.5351351351351351,0.5337656529516994,0.5354473386183466,0.5464832482804526,0.5342041177772858,0.5654570509875976,0.5792068115617298,0.6222577696526508,0.6389078498293516,0.652590732709427,0.6881233000906618,0.7131165671311657,0.7432822562735953,0.7791228871630882,0.8104811384684888,0.8305383936451898,0.8580074487895717,0.8897041962852557,0.916339265079732,0.9375419744795165,0.9541850220264317,0.9689742996063904,0.98711281935338,0.9925842696629213,0.9981780915508995,1.0
1.0,0.9982154807048851,0.9931926480599047,0.9836174452069958,0.9733212751526114,0.9549910873440285,0.9380370872908186,0.9134571816946081,0.8985605038236617,0.8546173528727611,0.8220776306932914,0.8011981362325272,0.7821192052980133,0.7537012113055181,0.7129422301836095,0.6841986963362553,0.6529968454258676,0.6350446428571429,0.6032434901781636,0.5688622754491018,0.5693790629903609,0.5471406491499228,0.5448092280390417,0.52164162368244,0.5229171370512531,0.5204612254126159,0.5251193453057513,0.5387614678899083,0.5500670540902995,0.5507535460992907,0.5793274655833898,0.5832387008857597,0.6115479667490452,0.6382640309020677,0.6807991120976693,0.7036285778679288,0.7360036413290851,0.763163741390802,0.7805265546981389,0.8140533212833257,0.8459811405478221,0.8671328671328671,0.9025213867627195,0.9197294250281849,0.9424620874219447,0.9603583426651736,0.9791193826600091,0.990080738177624,0.9968102073365231,0.9997750787224472,1.0,0.9952702702702703,0.9878296146044625,0.9766704416761042,0.9640515487225865,0.9398106402164111,0.9246085011185682,0.8981460288395514,0.8741103202846975,0.843934575193094,0.8174603174603174,0.782343644163468,0.757589186793707,0.7315405651777576,0.7016092981671882,0.6768418636676612,0.6524648672763774,0.611585092052088,0.5784864136537166,0.5721056194989844,0.5517162471395881,0.5474404236540159,0.5216907675194661,0.5302087960906264,0.5268237934904602,0.5295957114138933,0.5367128892930212,0.544283777677361,0.5491655390166892,0.5564387917329093,0.5845432209068573,0.603852967227635,0.6227610310179118,0.6626639982210363,0.6898719964069167,0.7025344597598933,0.750332005312085,0.7668019846639603,0.7981093855503039,0.8244645617134025,0.8669184625638747,0.8854142889751199,0.9139280125195618,0.9354984212900316,0.9525646845211075,0.9699650756693831,0.9808773903262092,0.9920724801812004,0.9973357015985791,1.0
1.0,0.9984209339048049,0.9917864476386037,0.9806763285024155,0.9720887668725692,0.9531605275125057,0.931672760511883,0.9035690534249612,0.8868686868686869,0.8597194388777555,0.8236323851203501,0.8008707607699358,0.7621979024167806,0.7438858695652174,0.7072673760470908,0.6826611033843301,0.6552269135244976,0.6203972327605445,0.613692480359147,0.5791139240506329,0.5669964028776978,0.5501348920863309,0.5415933098591549,0.5156529516994633,0.51140642303433,0.5162884745001123,0.525350837483024,0.5280147567442933,0.5343855693348365,0.5464238116392715,0.5739910313901345,0.5909599462967107,0.6197710259797446,0.636238215681766,0.6765558777604282,0.6848981399468557,0.7288602941176471,0.7473204104903078,0.7676071984003555,0.8099401748734468,0.8434411500449236,0.8702307516563856,0.8989539283329624,0.9168544389364579,0.9374857403604837,0.9614517583408476,0.9735114330993887,0.989506586291583,0.9954285714285714,0.999546485260771,0.9993169398907104,0.9966032608695652,0.9890746934225195,0.9815237226277372,0.9636363636363636,0.9461347757493802,0.9227293267058292,0.901434521055067,0.8765515684946965,0.852652697280428,0.8124438454627134,0.7894853593611357,0.7555856465809072,0.7086419753086419,0.6850569577842305,0.6800621669626998,0.6444841447074587,0.6128378378378379,0.5922066153149071,0.5612612612612613,0.5511276549156996,0.521613832853026,0.5225487996410141,0.5131136516476127,0.5115548575274849,0.5062062739787858,0.5205692684011564,0.5348731884057971,0.5462633451957295,0.5480009035464197,0.5600352500550783,0.5895489057615007,0.6175262437243267,0.6553343770968464,0.6824111560953666,0.7146396396396396,0.7461314196008073,0.7685988133272479,0.784690050739025,0.8127417519908987,0.8514376996805112,0.8893655452698126,0.9088028965829373,0.936726272352132,0.9488463212886373,0.9702244617498855,0.9849539636200314,0.9918900653300293,0.9980176211453744,1.0
1.0,0.9980263157894737,0.9929975152473458,0.9829749103942652,0.9699435028248587,0.9523066636951192,0.9301601423487544,0.9081451969898185,0.8830963665086888,0.852895495895274,0.8307522123893806,0.7941176470588235,0.7707150964812712,0.7411607738492328,0.6968870711202,0.6657590197413207,0.6429536244934714,0.6228532173116555,0.5928130511463845,0.5706865401987353,0.5609046126287506,0.5384959713518352,0.5281434407625964,0.5156356996119608,0.512890714122747,0.4974221026675633,0.5189594356261023,0.5248655913978495,0.519256605463502,0.5487528344671202,0.5683712547871143,0.5799338478500551,0.5993197278911565,0.6421052631578947,0.6702800361336947,0.6987222595830531,0.7303976634464165,0.746415770609319,0.7838935258290097,0.8076578593819973,0.8421052631578947,0.8654891304347826,0.898009393871617,0.9192714189341129,0.9444693237796686,0.9631129104813315,0.9746111619396157,0.9877532843464707,0.9968021927820923,0.9997784669915818,0.999322340185227,0.9951083158630328,0.9890983420395185,0.9770589584767149,0.9577721981282812,0.9402112834344797,0.922351392849309,0.8932082216264522,0.8711642599277978,0.8407399052560343,0.813464549317826,0.7793917385383567,0.7519719544259421,0.7100497962879131,0.6910009182736455,0.6499442586399108,0.6264699100760894,0.6027303754266211,0.5853327297419647,0.5635098743267505,0.5521139498078227,0.53124310002208,0.5109816225907665,0.5171551920018178,0.5082996859578286,0.5081044574515984,0.5202218627224405,0.5190668461193361,0.525984251968504,0.5553539019963702,0.576233680017703,0.6026875699888018,0.6197339246119734,0.6462432915921288,0.6744888475836431,0.7059602649006622,0.7278817278817279,0.7693169092945129,0.7898824051475483,0.8294993234100135,0.8557213930348259,0.8763644464245934,0.9099930763904915,0.9262166405023547,0.9560833520053775,0.9664995442114859,0.9815606026534742,0.990909090909091,0.9984336540613112,1.0
1.0,0.9970923730709014,0.990482664853841,0.984885530117804,0.9659166852305636,0.9534619750283768,0.9357510633534811,0.9035899751636939,0.8815760017909111,0.8552481134232792,0.8272849462365591,0.7934759127241304,0.7624486066697121,0.7256042972247091,0.7024104528046857,0.6659905341446923,0.6451979972690032,0.6149732620320856,0.5892774965485504,0.5779408494551923,0.5608656447249775,0.5363252610530993,0.5218082689686506,0.5059244355019002,0.5046244078502143,0.512372304199773,0.5179545454545454,0.515803631472764,0.5286382883886784,0.5532994923857868,0.5627248201438849,0.5832766825288919,0.5991706979958535,0.6327796234772979,0.6632860040567952,0.6828042932176296,0.7103775717838571,0.7545474960700651,0.7781335773101555,0.8178498059803698,0.837568058076225,0.8673400673400673,0.8885643675578522,0.9219653179190751,0.9421807420896882,0.9614599863976423,0.9739618406285073,0.9893035958124715,0.9944916226761533,0.9991057455846188,0.9988769092542678,0.9970554926387316,0.9840401276789785,0.9746352413019079,0.960315670800451,0.9465901566983006,0.920516304347826,0.8952832317761228,0.8694388553543483,0.8392340236027611,0.8055745944710989,0.7803286067972091,0.7370956641431521,0.7227211495285137,0.6948356807511737,0.6558325912733749,0.6260850211440018,0.6137772675086108,0.5952597994530537,0.5599909276479927,0.5345021353113059,0.5263992748697032,0.53166553977913,0.49271790275599375,0.49281867145421904,0.49724487546837115,0.49727891156462584,0.5197309417040359,0.5385304659498208,0.5448336638025997,0.5657451112609575,0.5982163274639836,0.6086363636363636,0.6340102655657219,0.6627179257934734,0.7116796440489432,0.7293773881771185,0.7750506642648052,0.8055617851536219,0.8286529179464678,0.845773381294964,0.8853357697578803,0.9165340004548556,0.9353970390309556,0.9503498081697134,0.9667278568150528,0.9790209790209791,0.9941480981318929,0.9983595031638153,1.0
1.0,0.9975642161204605,0.9936723163841807,0.983992682369083,0.9645438121047877,0.9486612082319097,0.9309188464118041,0.9114701866181156,0.882286232705829,0.8418990550818161,0.8192472391255353,0.7974452554744526,0.7724564113882145,0.7244874452891039,0.6964482682550187,0.6755605381165919,0.6478042385842254,0.6164631388511985,0.5880258179390162,0.5772963213721508,0.5530575539568345,0.5318009372907833,0.5285524568393094,0.5157586672669968,0.4969477730047479,0.4964748692290198,0.5065053640721296,0.5046398585947857,0.533883192153366,0.5351668169522092,0.5613374667847653,0.5754055238930293,0.5932318873495344,0.6357190339020607,0.6516598453842656,0.683303886925795,0.7325234930093972,0.7448418156808804,0.7770961145194274,0.8144099933080526,0.8369926813040586,0.8715397923875432,0.8906715562686225,0.9279612098822443,0.944029005211874,0.9630987852395141,0.9766222416429976,0.9878787878787879,0.9948922940262047,0.9990919409761635,1.0,0.9960500329163924,0.9884196185286104,0.9744501221950678,0.9636571428571429,0.9473684210526315,0.9222972972972973,0.8877691250572607,0.8670871817977022,0.8461366181410974,0.8093065693430657,0.7800132655317268,0.7497204204875867,0.7182410423452769,0.6898891653472066,0.6573070970594738,0.6347883307742926,0.5938069216757741,0.5587006960556845,0.563953488372093,0.5316681534344335,0.520485236896315,0.4984047402005469,0.5019139833370863,0.4961139896373057,0.518696698010059,0.5156637367590714,0.5247681520018096,0.5286539315859617,0.5461181154611812,0.5775705186533212,0.5822181900657746,0.6181156121984525,0.6322739480752014,0.6744392627137464,0.6976007243096424,0.7248737953189537,0.7606799373741893,0.786203746002741,0.8289621161174624,0.852894438138479,0.8859120339361465,0.9020166593599298,0.9300904977375566,0.9566493565138857,0.9676131322094055,0.9830430797433547,0.9936936936936936,0.9958620689655172,1.0
1.0,0.9977246871444824,0.995224016374801,0.9820386169735069,0.963096309630963,0.9550891446626044,0.925934213470575,0.9043202895272563,0.894951324428345,0.8554952510176391,0.8223728813559322,0.7927542754275427,0.7583754015603488,0.738800980610653,0.6939509781875421,0.6720321931589537,0.6366459627329193,0.6143238434163701,0.5769915442812639,0.5655235066999773,0.5456163773920784,0.5386042198006028,0.5089711560299796,0.4945446448452461,0.5047830923248053,0.5015923566878981,0.492831541218638,0.5149409312022237,0.5049944506104328,0.5468852459016393,0.5622327256358316,0.5738231917336395,0.5950704225352113,0.6267748478701826,0.641428892383734,0.6747713584653134,0.7205279927173418,0.7373670212765957,0.7740623587889742,0.8205704019761958,0.849186901314324,0.869703149784727,0.8911219081272085,0.9218924347243919,0.9432413950307728,0.955902004454343,0.9752864524825882,0.9854030990343589,0.9968181818181818,1.0,0.9993037827802275,0.9952925353059852,0.9820576879400409,0.9759334233018444,0.95848134991119,0.9442213297634985,0.9226327944572749,0.8951017669425184,0.8659700136301681,0.8370454545454545,0.8104080696928014,0.7779053743683969,0.7388433515482696,0.7085597826086957,0.6971623155505108,0.6422854602045354,0.6369497554468653,0.6048187345192524,0.5766192733017378,0.5509568313306631,0.5424255886272767,0.5396251975615263,0.5103957075788061,0.5072234762979684,0.4956099815157117,0.4967998234385345,0.5087170317389361,0.5258483261216124,0.5224795640326976,0.5452670181068072,0.5744394618834081,0.5854661791590493,0.6169740057764941,0.6410820321090829,0.6812050359712231,0.6955085865257595,0.7278740875912408,0.7720908882258435,0.796055580457194,0.8197424892703863,0.8569515733095291,0.8878934068458534,0.8951686417502279,0.9253530598520511,0.9488953358625307,0.9651136619401306,0.9801369863013699,0.9931050333256722,0.998211091234347,1.0
1.0,0.9979656419529838,0.9896884106702533,0.981001341081806,0.9711538461538461,0.9477094972067039,0.9309954751131222,0.9121405750798722,0.8946651532349603,0.855036855036855,0.8359929078014184,0.7863902658855341,0.76,0.7360922659430122,0.7104545454545454,0.654337899543379,0.6408007197480882,0.6145429678595852,0.5879453282545373,0.5663594470046083,0.553109396277803,0.5241004752206382,0.5211958946898706,0.5082485875706215,0.50591985428051,0.49716617547041486,0.5092134831460674,0.5233348436792026,0.5242869875222816,0.5501244625480878,0.5546442030591886,0.5720761559383499,0.5918183861541919,0.6287655719139298,0.6478682607714866,0.6890365448504984,0.7136086662153013,0.746614242027086,0.7794183445190157,0.8208269525267994,0.8480070083223828,0.8803301237964236,0.8989554950045413,0.9251435132032148,0.9462486002239642,0.9604635310156783,0.9753058450385138,0.9872909698996656,0.9954883825851568,0.9997731911998186,0.9997709049255441,0.9957245724572458,0.9895509115162294,0.9755501222493888,0.9585305386522425,0.9434090909090909,0.9263085399449036,0.8991077556623198,0.8697611536728256,0.8338159946535977,0.8079911209766926,0.7773609885260371,0.7513321492007105,0.7172383465259454,0.6874579313439533,0.6555959963603276,0.6148481439820023,0.6035665294924554,0.5723920863309353,0.5502551586421123,0.5283359674870174,0.5223274695534507,0.5147224095302315,0.49788559982194525,0.5075068243858053,0.5029721079103795,0.5088268156424581,0.5281097830898628,0.5305206463195691,0.5459628718407515,0.5564062148164828,0.5922651933701657,0.6133973479652493,0.6314946211947814,0.6653051962786476,0.6965971459934138,0.734495246717972,0.7554117384512385,0.7896490448689472,0.8172772501130711,0.8498519024834814,0.8815251929187472,0.9126322900247692,0.9285552279428442,0.9478747203579418,0.9702127659574468,0.9819132708651123,0.9905723905723905,0.9984368021438143,1.0
1.0,0.9977329403763319,0.9915518008003558,0.9817403065825068,0.9692342241185717,0.9511219728949123,0.9363100634632819,0.9121050289274588,0.8854190585533869,0.8576837416481069,0.8183437221727515,0.7865319865319865,0.7570469798657719,0.7229774905281926,0.6939509781875421,0.65999099909991,0.6486608147647985,0.6106701940035273,0.5933714285714285,0.5724832214765101,0.5385310734463277,0.5278154681139756,0.5156626506024097,0.5110466413746931,0.49898762654668166,0.5037070321276118,0.5087641446638562,0.5037329819938515,0.5241286863270778,0.5303954802259887,0.5428380187416332,0.573549257759784,0.5930971843778383,0.6276330690826727,0.6557639524245197,0.690744920993228,0.7184010719071013,0.7486263736263736,0.7777777777777778,0.8073170731707318,0.8445701357466063,0.8758214366644006,0.8912460920053595,0.9235159817351598,0.9439927732610659,0.9568166402893964,0.9781021897810219,0.986251972053189,0.9970066774119273,0.9995402298850574,0.9997770345596433,0.994188645507376,0.9907470097043557,0.9778801843317972,0.9626546681664792,0.9447552447552447,0.9162072767364939,0.8942702702702703,0.8672804850662474,0.8321886446886447,0.8093873953283385,0.7819209039548023,0.7431854021175941,0.7139303482587065,0.6850902607532873,0.6478057473824905,0.6334552102376599,0.6033112582781457,0.5843548027635391,0.5537767756482526,0.5353893942755713,0.5230013398838768,0.5043299908842297,0.505152329749104,0.5028786536758193,0.5005642067253442,0.5069270951623893,0.49921577414295315,0.5362776025236593,0.5475926336809408,0.558480201419089,0.5781285746968657,0.6097779771249159,0.627373068432671,0.6689686924493554,0.7001998667554963,0.7422515952597994,0.7514515408664583,0.8015908086610694,0.8201294353938853,0.8632865550022635,0.881658175081056,0.8998880179171332,0.939124638969118,0.9514298683613255,0.9681372549019608,0.9824681238615665,0.9881332724783204,0.9982002249718785,1.0
1.0,0.998639455782313,0.9946773120425815,0.9815867242555126,0.9652154398563735,0.9514298683613255,0.9301848049281314,0.9104212860310421,0.8716844253003854,0.8554352728912945,0.8221423759263418,0.7963168404703794,0.7595725734639359,0.7319681456200228,0.6966063348416289,0.6638693581310955,0.6504444444444445,0.6029877772747849,0.5893785310734463,0.5669451343418379,0.5306400363141172,0.5244147157190635,0.5101667809001599,0.5069746169677567,0.5060905538956562,0.5086436170212766,0.5060961582700713,0.5027210884353741,0.5281101828855272,0.5320197044334976,0.5487340354021958,0.5802578923966207,0.5850779510022271,0.6269557443004024,0.6611796982167353,0.6784673986108,0.7137060414788098,0.7507311586051744,0.775985250057617,0.8108720271800679,0.8464187327823691,0.8691123188405797,0.9002242152466368,0.9225477141588992,0.9401535682023487,0.9569083447332422,0.9718278115844039,0.9892003676470589,0.9961372415360146,0.9995477159656264,0.9988620846609012,0.9954017954893803,0.9858091096360724,0.9743474347434743,0.961009691232815,0.9459759893285905,0.9256665160415726,0.9030955585464334,0.8749157871098137,0.8465157965494062,0.8029490616621984,0.7755333635950976,0.7434519811954332,0.7088122605363985,0.6844744875708678,0.6619460941068981,0.6369570110285843,0.603004780332347,0.5764600980829246,0.5680729760547321,0.5451497541350022,0.49889331562638334,0.5073679437769213,0.49660018132366274,0.49763779527559054,0.5016166281755197,0.5069694244604317,0.5035666518056174,0.5223244334754319,0.5481846705513223,0.5580498866213152,0.5874802972303536,0.6192525481313703,0.6340434975588105,0.6641137855579868,0.696647032170367,0.7298206278026906,0.7624398073836276,0.7874641359523284,0.8233707865168539,0.855075641306731,0.8803859964093357,0.906478102189781,0.9280092592592593,0.9445202364711233,0.9690698203320446,0.9800850302081002,0.9935769656699889,0.9990742883591761,1.0
1.0,0.997709049255441,0.9919101123595505,0.9809650287737938,0.9712035995500562,0.9544146935162646,0.9368186874304784,0.9169307378904482,0.8753089193439676,0.8556677890011223,0.8244704821991888,0.7957730812013348,0.7564674397859055,0.7315130830489193,0.6918761220825853,0.6710703090013435,0.6525686448184234,0.616331096196868,0.5919656962310991,0.5684068406840684,0.5523958799820868,0.5282347710093375,0.5185105001082485,0.5137472283813748,0.5143240823634736,0.49230769230769234,0.5128668171557562,0.5162162162162162,0.5306899641577061,0.5421472937000887,0.5585229911751045,0.566560654248069,0.599640933572711,0.6208879687140557,0.6442847518526836,0.6919191919191919,0.7137395997301551,0.75,0.7824766355140187,0.8074057349288779,0.8371728919704764,0.8731359893167149,0.8900677200902934,0.9221122112211221,0.9400911161731207,0.9585015702108569,0.976019722097714,0.9853561127135567,0.9956371986222733,0.9995415998166399,1.0,0.9950771984784068,0.9905181918412348,0.9801399232678853,0.9606767261088248,0.9415003441156229,0.9221449405429661,0.8951965065502183,0.8705296514259846,0.8349449066786597,0.8118378627360663,0.7694048427245983,0.7369402985074627,0.7090784044016506,0.6895522388059702,0.655825350857652,0.6343216531895777,0.5883832609192774,0.5891891891891892,0.5450490633363069,0.552666965486329,0.5173874275523852,0.518904233642744,0.5113791533909877,0.5148008012463833,0.5171654929577465,0.5052910052910053,0.50917225950783,0.5451927337173239,0.5300434087274389,0.575,0.5844707988364287,0.6175185670598514,0.6417172398291751,0.6636670416197975,0.7018884892086331,0.7389922832501135,0.7546233649075327,0.7964601769911505,0.8250832408435073,0.8646433318564466,0.8731447124304267,0.9067665858496804,0.9347584057002895,0.9451871657754011,0.9689509869150588,0.9804009912142374,0.9917184265010351,0.9970838941229251,1.0
1.0,0.9988866622133156,0.9895880488909009,0.9828453796889296,0.9605710401087696,0.9515874802972304,0.9247434435575826,0.9061744671500769,0.8819959541469993,0.8584454068839754,0.822536496350365,0.7989690721649485,0.7691259931895573,0.7452319284200613,0.6984663960306721,0.6759651863423343,0.6485336915155585,0.6268083182640145,0.5972065780581212,0.5721404303510759,0.541329739442947,0.5349840981372104,0.5353962600178095,0.5152198421645998,0.5093658316407131,0.5152867663467976,0.5240471869328494,0.5149051490514905,0.5258007117437722,0.5373905232427577,0.5405829596412556,0.5735823582358236,0.6016018306636156,0.6404569892473119,0.6528335564480143,0.6866109731316324,0.7199363491702659,0.7476825683924938,0.7788203753351206,0.8108773500447628,0.8307245080500895,0.8663697104677061,0.8967293906810035,0.9110653863740283,0.9392056800532504,0.9625728372926938,0.9775533108866442,0.9888417763891988,0.9957636566332219,0.9988841776389199,0.9995530726256984,0.993867717915024,0.9893640593840017,0.9748584371460929,0.9652840396753832,0.9375863657300783,0.9234887352219496,0.9004347826086957,0.8657978966620942,0.8353753619959902,0.8087907184292726,0.7864988558352403,0.7511551155115511,0.7110761626600763,0.6796999318026824,0.6535976832256627,0.64268156424581,0.5969202898550725,0.586590909090909,0.549438202247191,0.5409132007233273,0.5299642218246869,0.5184014450214496,0.5137201979307242,0.5102692834322228,0.506015733456733,0.5131143927705533,0.5105990783410138,0.5226051924798567,0.5436696005416385,0.5858703230304438,0.58997458997459,0.6184622261957979,0.6486547592132037,0.6646261477918671,0.7183868762816131,0.7385517708098354,0.7612551159618008,0.7802149594209257,0.8210572882105729,0.8539812913529546,0.8819492107069321,0.9169420577219652,0.9347826086956522,0.9536662168241116,0.9664094416704494,0.9847900113507378,0.9908654944051153,0.9983911744426569,1.0
1.0,0.9971245299712453,0.9957730812013348,0.981901439162669,0.9695454545454546,0.9478319783197832,0.9348847616916536,0.9089253187613844,0.8815609310816979,0.8681664791901013,0.8299884659746252,0.8035041029053005,0.775651012686401,0.7346801346801347,0.6992108229988726,0.6575062457415398,0.6385135135135135,0.629570747217806,0.5966521440036688,0.5663876950916082,0.5568875326939843,0.544211485870556,0.5231699126930826,0.519290465631929,0.5145172180958811,0.5166592625499777,0.5196078431372549,0.5251172136637642,0.5241753276095797,0.5439387111311401,0.5738899933730948,0.5858834040652222,0.6028289178266727,0.6385404789053591,0.6634339872162222,0.6848739495798319,0.7120570537107198,0.7441755258991178,0.780304753240846,0.8088367899008115,0.8384563607807942,0.8665746491833448,0.8942222222222223,0.91854893908282,0.944206008583691,0.9613743543678419,0.9810981098109811,0.9894857142857143,0.9963841807909605,0.9993299084208175,0.9991160220994475,0.9952076677316294,0.9849760983382654,0.9811743612729718,0.9675023212627669,0.9405034324942791,0.9188571428571428,0.8987799367374605,0.8764322624129409,0.8438202247191011,0.8115549537350485,0.7883177570093458,0.7523342670401494,0.7168742921857305,0.6853779990946129,0.6694101508916324,0.625560538116592,0.6049217002237136,0.587254454088625,0.5610808356039964,0.5358205539024948,0.5251222765673633,0.5210420841683366,0.5170873352691534,0.5074357818837314,0.5077097505668934,0.5173210161662818,0.5188594521778177,0.540432167520606,0.5530047265361242,0.5856555504796711,0.5881424706943192,0.6281876138433515,0.6488801054018445,0.6718129686810763,0.6959908361970217,0.7378421171680615,0.76,0.7834080717488789,0.8328398997950353,0.8535130357931948,0.8864038972542073,0.9201242511648546,0.9402784014369107,0.9562741972215896,0.9685022026431718,0.9837416481069042,0.9919928825622776,0.9991043439319302,1.0
1.0,0.9982086878638603,0.9929990966576332,0.9802513464991023,0.9730900798175599,0.9517777777777777,0.9281504986400725,0.9082321187584346,0.8888391858644599,0.8512359550561798,0.8306414397784956,0.8060066740823136,0.7782031074082414,0.732706514439221,0.7000447027268664,0.6789320170518286,0.6489385984934947,0.6216708399726838,0.6066871975362956,0.5789118705035972,0.551060572928056,0.5420353982300885,0.5129369042215162,0.508602890571232,0.5171945701357467,0.5183864497437041,0.5022182786157942,0.5285102546765833,0.5360237118103055,0.5633645693886657,0.5753114382785957,0.5869115958668197,0.605573176257363,0.6328767123287671,0.646174556876823,0.6905139234774734,0.7238010657193605,0.7530337078651685,0.7836527869574796,0.8178438661710037,0.8490566037735849,0.869702434625789,0.8972802877051023,0.9212079927338783,0.9444819060463026,0.9673158719498545,0.9765572672471534,0.9867911637440219,0.993551256393151,0.9995482267901513,0.9995378927911276,0.9959623149394348,0.9896349707075259,0.9735966274683825,0.959395443266411,0.9390108671545797,0.9244394618834081,0.9026648599819331,0.8774252453777677,0.8472784525416104,0.8100334448160535,0.7920413669064749,0.7532290958531611,0.725820962663068,0.6826442526124489,0.6706198254643096,0.6276035706111238,0.6165113182423435,0.5815474847732912,0.5689615996364462,0.5437956204379562,0.5401877719258071,0.5263393857879399,0.5245426149040607,0.5097765363128491,0.5213844797178131,0.5091517857142858,0.5279164775306401,0.5390677775275838,0.5481397970687711,0.5690582959641256,0.5974199288256228,0.6172783223159335,0.6418205804749341,0.6834353047813279,0.7160381644706951,0.7354925775978407,0.7726860254083484,0.813963963963964,0.8392657264383255,0.8543601359003398,0.884862385321101,0.9083752460091843,0.9310344827586207,0.9548855134890047,0.9726615454134658,0.984553391537945,0.9924961377179431,0.9974436439693237,1.0
1.0,0.9988945390227725,0.9918237565296388,0.9811822005756032,0.971523915461624,0.9583521955636034,0.939531711752671,0.9082693176683235,0.8848758465011287,0.8631892015557081,0.8318425760286225,0.8002249718785152,0.7646799116997792,0.7402655863155525,0.7117874176697706,0.6853981340854849,0.651690492398457,0.6223489167616876,0.5955261355854827,0.58461892700898,0.5536837376460018,0.5508474576271186,0.5289557683538532,0.5235400633770937,0.5206370569762225,0.5174496644295302,0.5195505617977528,0.5367043690396984,0.5402452619843924,0.5636568848758465,0.5661016949152542,0.5857712765957447,0.6011210762331839,0.6242584047462096,0.6685740444037537,0.6888279643591501,0.7298811925577224,0.7732258786657712,0.7895454545454546,0.8246003552397868,0.8461883408071749,0.8761510128913443,0.8963648679160081,0.927268732146781,0.9435989256938228,0.9665178571428571,0.9760919540229885,0.988628762541806,0.9942132205653238,0.9995534717570886,0.9993340732519422,0.9950439288127957,0.9908156571178658,0.9798477384684281,0.9591201955121085,0.9450088339222615,0.9221516114389469,0.9042600896860986,0.8740336516598454,0.8406879384476126,0.8180151272060509,0.7761927034611786,0.7506139763340032,0.7263917061077304,0.6785714285714286,0.6677748226950354,0.6407063617840163,0.6205417607223477,0.5736627379873074,0.5782222222222222,0.5417999086340795,0.5421686746987951,0.5259326660600546,0.5177142857142857,0.5152329749103942,0.5254691689008043,0.536167371466726,0.539951034943245,0.5399820305480683,0.5669703872437357,0.5908170155300473,0.5955207166853304,0.6242285714285715,0.6525706654796349,0.6727883538633819,0.7213740458015268,0.7470373746581586,0.774977497749775,0.8003169572107766,0.8255628837843985,0.863586115410126,0.8822049405306496,0.9145394006659268,0.9349538600045014,0.9545965385479883,0.976100067009158,0.9847658026375625,0.9940949352714059,0.9972960793150067,1.0
1.0,0.9970654627539504,0.991733690795353,0.9833894500561168,0.9701392007184553,0.9550832602979842,0.9330337078651686,0.9086021505376344,0.8951064296686416,0.8586129753914988,0.8388495777219813,0.8051212327215046,0.776457399103139,0.7378727191811304,0.7246606334841629,0.6847312795142793,0.6653958286611348,0.6367673179396093,0.6102973812694186,0.6034907138062207,0.5655157149181054,0.5706806282722513,0.5390749601275917,0.5270572450805009,0.5265909090909091,0.5296985815602837,0.5253607345867949,0.5314183123877917,0.5398451730418944,0.5652466367713005,0.5761398849048252,0.5967002749770852,0.6350187679399426,0.6612580573460769,0.6618409680207433,0.6923932384341637,0.7391882900864937,0.7604597701149425,0.7777020890099909,0.8180188256387271,0.8540078540078541,0.8730615861763402,0.901101371094628,0.9213843685537474,0.9446560609455523,0.9611387257117036,0.9783046298367256,0.98898628905372,0.9955486312040953,0.9993172507965408,1.0,0.9971609521729635,0.9880530973451327,0.9748299319727891,0.9593441150044923,0.9471021159153634,0.9283170080142475,0.8997742663656885,0.876816454281243,0.846788990825688,0.8322925958965209,0.7967220578192579,0.7482837528604119,0.7404494382022472,0.6910550970332366,0.6757123473541384,0.6509884117246081,0.616214974735875,0.6094974642692486,0.5707589285714286,0.5595238095238095,0.5375931361481147,0.5279311106204461,0.5303134294211851,0.5291889483065954,0.5229666143849429,0.526457399103139,0.5564263322884012,0.533693937345053,0.5819004524886878,0.5804259175351155,0.6121526993449289,0.6210479770064117,0.6767165492957746,0.6833259619637329,0.7081021087680355,0.7407746963098786,0.7702882483370288,0.8067978533094812,0.8345438039037676,0.8613661814109742,0.8939732142857143,0.9136592051164916,0.9323715058611362,0.9524567788898999,0.9735333039258932,0.984094982078853,0.9912023460410557,0.9984061930783242,1.0
1.0,0.9982014388489209,0.9909049567985448,0.9828240017845193,0.9668784029038112,0.9570979335130279,0.9394075403949731,0.9131104267487902,0.8823529411764706,0.8676005422503389,0.8470668797078292,0.8085919928025191,0.7743243243243243,0.7620727673649393,0.7088778729157278,0.6859410430839002,0.6767172976649286,0.6373477672530447,0.6177797833935018,0.6099933672341367,0.575148973736482,0.565821933168872,0.539008719596145,0.5552029018363183,0.5242718446601942,0.536680421824851,0.5475719622061086,0.5466545289030497,0.5675021987686896,0.5691020131192038,0.58099209833187,0.6027633851468048,0.630515105411867,0.6507791017415215,0.6771850170261067,0.7111356119073869,0.7437600183192122,0.7637111517367459,0.7887228260869565,0.8217036701404622,0.8505980591288648,0.8755832037325039,0.8951557880372981,0.923732615522656,0.9443186962426438,0.9593477262287552,0.9763566764242287,0.9905362776025236,0.9954771596562642,0.9997739091114628,1.0,0.9973045822102425,0.9898167006109979,0.9744330813694976,0.9598669623059867,0.9493529674252565,0.9266821345707656,0.8976942019252294,0.8792988684268915,0.859776168531929,0.8245412844036697,0.7993492407809111,0.7594994311717861,0.7352468427095292,0.7124806029705165,0.6862569832402234,0.6500566251415628,0.6270147559591374,0.601476840456478,0.5756669733210672,0.5690121786197564,0.5571011891406776,0.5509103169251517,0.5224046140195209,0.5327441649671425,0.5277587388622345,0.5282258064516129,0.5379959650302623,0.5571043165467626,0.5665559246954596,0.5888738127544098,0.6138838475499092,0.6428250112460638,0.6662056247118487,0.6815842470351309,0.7350904623631896,0.7424069422242521,0.785366931918656,0.8071968014215904,0.8366057323403295,0.8687541638907396,0.878698224852071,0.9226367589837492,0.9346947935368043,0.9537729435757988,0.9758956214064574,0.9856226498562265,0.9934123847167325,0.9984632272228321,1.0
1.0,0.9982086878638603,0.9923561151079137,0.9820438927067169,0.9693786320965578,0.9569746376811594,0.9407339867791201,0.9146396396396397,0.8886937431394073,0.8582677165354331,0.8376146788990826,0.8137732506643047,0.7900113507377979,0.7408726625111309,0.7341633901266928,0.7071347678369196,0.6836222627737226,0.6529884032114184,0.6220472440944882,0.6003616636528029,0.5858014921998643,0.5580072793448589,0.5551075268817204,0.5477318889641164,0.5539714867617108,0.5472334682860999,0.5358172543801286,0.5539733578318787,0.5486765365634814,0.5929342934293429,0.5946547884187082,0.5938983050847457,0.6346838824577026,0.6566788655077768,0.6962167002462503,0.7064597123944305,0.7442630185348632,0.7761394101876675,0.7976352887676217,0.8345291479820628,0.8647419868151852,0.8799266727772685,0.9079365079365079,0.9282501124606388,0.9412960036125536,0.966021602160216,0.9835562376671783,0.9890460976722958,0.9962011173184357,0.9997753313862053,0.9990846681922196,0.9966784765279008,0.9874015748031496,0.9733890477237739,0.9603828177164478,0.9441913439635535,0.926007975188303,0.904903078677309,0.8745255637419067,0.8458789367880277,0.8266607023037352,0.797364834166288,0.7789330922242315,0.7333927775300936,0.7028281042863456,0.6865839909808342,0.6672690309464648,0.6331868131868131,0.6112354521038496,0.5960579972813774,0.5818713450292398,0.5625418060200669,0.5540632824948782,0.5458736745043798,0.5493247882810712,0.5368824723663433,0.5564769161810847,0.5599911288534043,0.5726691042047533,0.5821574874829313,0.6072316384180791,0.6121225577264654,0.6424269462413562,0.67850011093854,0.7015460452610351,0.7202720491443616,0.7633242999096658,0.783273381294964,0.8134738771769019,0.8423545331529093,0.8722919042189282,0.8905318914146988,0.9139760668322421,0.9388440860215054,0.9533180778032037,0.9709147424511545,0.9851737109980084,0.9929793769197016,0.9984392419175028,1.0
1.0,0.9990774907749077,0.9916365280289331,0.9850579839429081,0.9720295885344429,0.9596094096759876,0.9369672498878421,0.9058355437665783,0.9009968282736747,0.8675632550718031,0.8414414414414414,0.8143374038896427,0.7822311289245157,0.7647584973166368,0.7297421731123389,0.6989295272078502,0.6864236188772087,0.6493536472760849,0.6253897550111358,0.6065272351183636,0.5906055209260909,0.5724604966139955,0.5628117913832199,0.5515452289645838,0.5510065596019,0.5576248904469764,0.5535469107551487,0.5623024830699774,0.5892694063926941,0.5941068981269987,0.6099370503597122,0.6202474690663667,0.6342465753424658,0.666365280289331,0.6802430243024302,0.7110862262038073,0.7367943776921333,0.7724215246636771,0.799820868786386,0.8238897396630934,0.8559397163120568,0.8762886597938144,0.8997296079315007,0.9273806805206668,0.9452758543667634,0.9643568740314368,0.9786305147058824,0.9878896613590491,0.9953145917001339,0.9990904956798545,0.9995419147961521,0.9941256213285133,0.9906712172923777,0.9807045097599282,0.9663120567375887,0.9454954954954955,0.927872582480091,0.9047184864372009,0.8776765375854214,0.8574342701722575,0.826630311292888,0.7960526315789473,0.7787987449574182,0.7518998658918195,0.7283896445809566,0.6951329427670122,0.6734647631996374,0.6557890031291909,0.6095259492248933,0.5964033689961302,0.5892654082328861,0.5715577662220213,0.565415244596132,0.5517398226063225,0.5570285714285714,0.5564210994880926,0.5748436103663985,0.5549609810479376,0.5869120654396728,0.5954319312528268,0.6250281848928974,0.6295045045045045,0.6539406117436928,0.6858988638895077,0.7008948545861298,0.7328480035296713,0.7602970965563808,0.7877641824249165,0.8132890365448505,0.8374384236453202,0.8641169853768279,0.8974064723433555,0.912336195210122,0.932347670250896,0.9556792873051225,0.9708888888888889,0.9841234347048301,0.9899777282850779,0.9974965862539827,1.0
1.0,0.9974619289340102,0.9914337240757439,0.9851951547779273,0.9723104857013164,0.9646430953969313,0.938885157824043,0.9280913978494624,0.8988941548183255,0.8742338251986379,0.8417314095449501,0.8157715839564922,0.7950838502182402,0.7602052197189382,0.7297175141242938,0.7052329432545816,0.6857720836142953,0.6605964033689962,0.62855871886121,0.6225345726592609,0.5896574882471457,0.5870691597206578,0.5762976163956338,0.5643281284363316,0.5697211155378487,0.565266742338252,0.5670717725292365,0.5654237288135593,0.5957542908762421,0.5956531582522073,0.6197215247660351,0.6249144421629022,0.6505509332134023,0.682312925170068,0.6960608773500447,0.7204897204897205,0.7575892857142857,0.7789799072642968,0.8059340659340659,0.8296246347493819,0.8558777949966793,0.8825991189427312,0.9074157303370787,0.9293647267880942,0.9439743882917905,0.9631638418079096,0.9825033647375505,0.9897229669347631,0.9947229551451188,0.9997754827121689,0.9993343687597072,0.9962339388568897,0.9915045830538788,0.980851543140347,0.9645704162976085,0.9486066697121973,0.93,0.9085447263017357,0.8835403726708074,0.8594821863244081,0.8357705286839145,0.8027790228597041,0.7852829344665623,0.751731843575419,0.7143178748311572,0.7012571428571429,0.6883116883116883,0.6534379326257499,0.6446861545433945,0.6086179950881894,0.5933259176863181,0.5839017735334243,0.5718828071769249,0.5727657677735681,0.5652963888258006,0.5625142336597586,0.5734923182756249,0.5656519763743753,0.5727394807520143,0.6114887086165315,0.6147632936953108,0.6458658346333853,0.6649839375860487,0.6906362007168458,0.7141592920353982,0.7360925678682688,0.7668971670756191,0.7968181818181819,0.8142792589245368,0.8473333333333334,0.8784730065507116,0.8927107061503416,0.9237697715289982,0.9387574618615963,0.9590257227407238,0.9711538461538461,0.9856502242152466,0.992462311557789,0.9986583184257602,1.0
1.0,0.9986403806934059,0.9924628685435601,0.983541956420955,0.9726553672316384,0.9550079131810988,0.9421214788732394,0.9180327868852459,0.8946173063820123,0.8647332300199247,0.8480126467931346,0.8256021409455843,0.7907959092930191,0.778558476881233,0.7419857524487978,0.7109375,0.6944821347806422,0.6671913649651451,0.650708024275118,0.6351682638734121,0.6171529619805481,0.5986042323277803,0.5778993435448577,0.5749380211854856,0.5765465064530485,0.5685164212910532,0.584640221402214,0.5756217790723729,0.6016532618409294,0.60430994956442,0.6213592233009708,0.6290613718411552,0.6587944219523167,0.6800183108262761,0.695632496039828,0.7398049645390071,0.7533814247069431,0.7727373804758728,0.8111184066535347,0.831230283911672,0.8597425654682646,0.8901591571396548,0.9162759544541192,0.9297052154195011,0.9542541436464088,0.9637142213207122,0.9797507788161994,0.9904718693284936,0.9969053934571176,0.9995594713656387,0.999115631218218,0.9946595460614153,0.9895833333333334,0.9800716524854456,0.9587652095538531,0.9517939687431213,0.9328905176362804,0.9137430167597765,0.8923499770957398,0.8639501224671565,0.8406581023213884,0.8069042316258352,0.7843714609286523,0.7566778900112233,0.7239972807613868,0.6891368708722386,0.6943687556766576,0.6629508196721311,0.6352888690608968,0.6298153635741965,0.5985465756441313,0.5982905982905983,0.5829289810322011,0.578887884267631,0.5809054235768714,0.5879702635728767,0.5858812949640287,0.5752192489318642,0.5809566584325174,0.5958715596330275,0.6413855558071089,0.6507187780772686,0.6666666666666666,0.683859493108048,0.7115384615384616,0.7321668909825033,0.7603249830737983,0.7970415488361975,0.8167750616730208,0.8489159891598916,0.8760645450470641,0.9040684234858992,0.9194130925507901,0.9413438389144233,0.9559637087851295,0.9722097714029583,0.9861615245009074,0.9937759336099585,0.9981855295985484,1.0
1.0,0.99801893022232,0.9940612151667428,0.9843084510199507,0.9747843397478434,0.9634888438133874,0.9392703376387944,0.9230769230769231,0.8996844003606853,0.8836743772241993,0.8551276309896999,0.8353835830910311,0.797750330833701,0.78429642699603,0.7503337783711616,0.7196531791907514,0.7112323783537972,0.658307210031348,0.6525367889303756,0.6518418688230009,0.6174008810572688,0.6215668617739757,0.5928476232785429,0.5862944162436549,0.5793103448275863,0.5810749774164409,0.5827966881324746,0.5844036697247706,0.6088141753748296,0.6121621621621621,0.6365903423260032,0.6512156328107248,0.663648409893993,0.6947275143996455,0.711121260561772,0.7413676371022343,0.7650589019782174,0.7864833906071019,0.8250959151433085,0.8405172413793104,0.8622645790787383,0.8902110462505612,0.9113839285714286,0.9259595730183966,0.9533586253068511,0.9720961887477314,0.979867307252345,0.9868538324420677,0.9975028376844495,0.9993241721108358,0.9989082969432315,0.9975566414926699,0.9898477157360406,0.9803308001788109,0.9656642728904847,0.9559579700424771,0.9287173666288309,0.9162811191892487,0.8819918144611187,0.8668472128187767,0.8382882882882883,0.8137387387387387,0.7860340196956133,0.7667884878940155,0.7428571428571429,0.716566866267465,0.6924850161364684,0.6588785046728972,0.6405829596412556,0.6275339719313878,0.6110611510791367,0.6180096873623954,0.587106848092795,0.5959283027218412,0.5953066194376799,0.5816843074091118,0.5889186773905273,0.6030755515934924,0.6156101962553575,0.624583980474817,0.642119147065289,0.6596975088967971,0.669833729216152,0.7042899747648543,0.7080659945004583,0.7577050734945472,0.7779771249159004,0.8023045639403524,0.8341126697840124,0.8581639490730399,0.8734519252420626,0.895512082853855,0.9203879115922418,0.9426563916591115,0.958228138627496,0.9729058478211786,0.9828209764918626,0.9916704187303017,0.9979933110367893,1.0
1.0,0.9981689173723964,0.9930664280921494,0.9848240974936767,0.9735673034207019,0.9621472814865795,0.9402075812274369,0.9247165532879819,0.9130822375752173,0.8810727632446692,0.8642032332563511,0.848450830713965,0.8058340929808568,0.7902824858757063,0.7606019151846786,0.7091400270148581,0.707737030411449,0.6950622775800712,0.6755912539045069,0.6450496192014771,0.6387908208296558,0.6109490688804128,0.6028872593950504,0.6089613034623218,0.5957975598734749,0.5956333863998181,0.5974499089253188,0.6173063820122644,0.6129541864139021,0.6139154160982264,0.6327745919717689,0.6613345521023766,0.6754385964912281,0.7019423978566645,0.7289906625166741,0.7366310160427807,0.7783676177836761,0.7989105764866091,0.8183836589698046,0.850272034820457,0.8742152466367713,0.8993273542600897,0.9174617262036832,0.9337511190689346,0.9552137525446731,0.9671589155829844,0.9815688918858171,0.9921658986175115,0.9957042731177933,0.9993208059769074,0.9989047097480832,0.9966284558327714,0.9900738688827332,0.983459682977257,0.970541219456497,0.9497054825555052,0.9386612939332886,0.9166476364466773,0.891156462585034,0.8720125083761447,0.8535489667565139,0.8167516064701972,0.7909029192124916,0.7745586238116795,0.7459088898717382,0.7276026309820821,0.7055099648300117,0.6847627737226277,0.665938864628821,0.6450011284134507,0.6230961582177768,0.6076490438695163,0.6139913968757075,0.587575689616506,0.595941773268637,0.5961921629400044,0.6024229074889867,0.6078475844862781,0.6336789900811542,0.6314723097703737,0.656921373200443,0.6696132596685083,0.7055283102987071,0.6984732824427481,0.7372713246638748,0.7702331961591221,0.7906508611048982,0.8142538975501113,0.8383747178329571,0.8620384700420075,0.8809090909090909,0.9109744990892532,0.9245923913043478,0.9479990956364458,0.9582577132486388,0.9729189789123196,0.9882704691812327,0.9957178273608294,0.9988960035327887,1.0
1.0,0.9981838819523269,0.9935439243716855,0.9876014427412083,0.978186775732788,0.9591790708164186,0.9541304831885994,0.9304703476482618,0.9134484325306679,0.8909377108162806,0.8638269697638491,0.8284687920969914,0.8079394217530977,0.7904527117884357,0.7554397098821396,0.7399955287279231,0.7196902654867257,0.7045609257998638,0.6773614538927529,0.6585532302092811,0.6572320035658569,0.6388146167557932,0.6278447121820616,0.6225345726592609,0.6096028718869194,0.604698441382426,0.6179624664879356,0.6138367623784762,0.6291582942621121,0.6482389656709764,0.6595063985374772,0.6622232263895165,0.7052752293577982,0.710461744367611,0.7442385901491189,0.7566173171825931,0.7792782305005821,0.81429540827867,0.8240489130434783,0.8645715577662221,0.8698800633627517,0.8999778221335107,0.9145083658033463,0.940712353471596,0.9559720027094152,0.9700680272108844,0.978021978021978,0.9878076315195303,0.9970594888034381,1.0,1.0,0.9972960793150067,0.9875278396436525,0.9828597203428056,0.9681257014590348,0.9546582449808256,0.9377108162806387,0.9218961625282167,0.8909380692167578,0.87576099210823,0.8442568318151522,0.8253502033438771,0.810928013876843,0.7797171895713655,0.7613483146067416,0.717862731947239,0.7074860335195531,0.6789984209339048,0.6637485970819305,0.6556541019955654,0.6431192660550459,0.6289053719937064,0.6123090745732255,0.6098375250389495,0.6128888888888889,0.609326193663543,0.6205507051712559,0.6240534521158129,0.6312485989688411,0.6551953818827708,0.6582022471910113,0.6785555060187249,0.6992778942464477,0.7184443939049352,0.7375422773393461,0.7652193375111906,0.7928441203281678,0.8176142697881829,0.8296751536435469,0.8541436464088398,0.8916030534351145,0.9000898069151325,0.9311131386861314,0.9459153654673003,0.9644286349488662,0.9751131221719457,0.988332959389724,0.9930555555555556,0.9979670205556811,1.0
1.0,0.9979480164158687,0.9945528824330458,0.9875368230228869,0.9741980474198048,0.9667039106145251,0.9534517652349899,0.9316461172398876,0.9113585746102449,0.8939021666294393,0.8696424605818344,0.841988459831336,0.8209090909090909,0.7903479236812571,0.7853356890459364,0.7496118873364382,0.7392556490917147,0.721285323609845,0.6894865525672371,0.664777878513146,0.6600044913541433,0.6531243100022079,0.6273857079449623,0.6264303343055867,0.629298794104511,0.6305877013841615,0.6268827019625741,0.6133392421892311,0.6571554965715549,0.6380781320161653,0.6665929203539823,0.6793441129583239,0.6986977997305792,0.7257841328413284,0.7414798206278027,0.7509459158691297,0.7910117334514059,0.8134143596668918,0.8325802078626299,0.8533424283765347,0.8730897009966777,0.8996173756470853,0.9186793707068469,0.9422043010752689,0.9598224195338513,0.964172335600907,0.9839439167797377,0.9880101452617016,0.9973603167619886,0.9995399125833908,0.9997721057429353,0.9962019660411081,0.9890965732087228,0.9826263537906137,0.9711961301671064,0.9505039193729004,0.9469868599909379,0.9224489795918367,0.8951559389515594,0.8737712243074174,0.8503616636528029,0.8390418625475711,0.8059701492537313,0.7873354516568316,0.765106769650159,0.7356525592732107,0.714447978191731,0.6985720660419455,0.67576099210823,0.6653992395437263,0.6539503386004515,0.6475499890134037,0.6279122370504411,0.6254988913525499,0.6185496703796317,0.6286797502230151,0.6257270693512305,0.6401701746529332,0.6365493757094212,0.6579716662918822,0.67692984385309,0.6969627243442246,0.7203661327231121,0.723815877251501,0.7497214174281257,0.784682412290759,0.805611672278339,0.8343036274070756,0.8542418772563177,0.8726820443238353,0.8905685920577617,0.904610492845787,0.9338352726443075,0.9395170390431054,0.9631212053069486,0.9748833074016449,0.9852813852813853,0.9944021495745634,0.9986360536485565,1.0
1.0,0.999113867966327,0.9937430167597765,0.9892110586648685,0.9759505267979844,0.9694063926940639,0.9447727272727273,0.933392148213498,0.9109542245502164,0.8956482114376851,0.8653671804170444,0.8446823047141881,0.8206803334084253,0.801905606027033,0.7821305841924399,0.7648789318850419,0.7401982875168995,0.7162811999084039,0.6978158072506192,0.6892985611510791,0.6685032139577594,0.658970214731009,0.6531299080098721,0.644672313865359,0.648037258815702,0.6265494703628578,0.6335078534031413,0.652124773960217,0.6480582524271845,0.653267460139232,0.6755025403136735,0.7016835016835017,0.71140642303433,0.725206151103187,0.7456492637215528,0.7654097990517047,0.7922282120395328,0.8123716046564712,0.8355981287591892,0.8567609712630876,0.8864707202153915,0.9014532243415078,0.9170900692840647,0.9445076188310212,0.9535836177474403,0.9665855277716309,0.9842393787117405,0.9913753971856559,0.9961883408071749,0.999552071668533,0.9997786631252766,0.9982062780269059,0.9902890695573623,0.9814143245693563,0.9761273209549072,0.9606564748201439,0.94627539503386,0.9237075836939194,0.9109573755858067,0.8923216719672876,0.8625475710767854,0.8397336293007769,0.8192229957332136,0.799039780521262,0.7659913498748008,0.7480490523968785,0.7370544720914594,0.7073008849557522,0.6920202242251045,0.6829879298565247,0.6662204373047746,0.6504655916420622,0.636978579481398,0.6371020856201975,0.6330870830535035,0.642443156486848,0.6396536412078153,0.6360787824529991,0.6461437335670465,0.6791703442188879,0.6770525358198772,0.695980985306828,0.7245685740236149,0.7446376157146083,0.7583982202447164,0.7812142038946163,0.8067395670609239,0.830729773840056,0.8487018800358102,0.8696624189581936,0.899257926692152,0.9145695364238411,0.9351145038167938,0.9423631123919308,0.9653126426289366,0.9731835892734357,0.986334582323121,0.9926796805678794,0.9986298241607673,1.0
1.0,0.9986945169712794,0.9938148884470952,0.9904588823262154,0.9786516853932584,0.965974370304905,0.9478321354045908,0.9358744394618834,0.9098342541436464,0.9029698481070052,0.8853531934100655,0.856271186440678,0.8359800362976406,0.8209626630679262,0.7964504820333042,0.7642873026462086,0.7455528034226525,0.7345597897503285,0.716131907308378,0.7025641025641025,0.6737734983952316,0.6803673938002296,0.6674882366121443,0.6529732183386291,0.6505592841163311,0.6472571942446043,0.6430334305586718,0.6544571932921448,0.6631859586758498,0.6814998870566975,0.6931665922286735,0.7008979967764218,0.7243618450515003,0.737234523271577,0.758266818700114,0.7796030116358659,0.792845822956758,0.8140043763676149,0.8499437570303712,0.8698042665493733,0.8793103448275862,0.911685994647636,0.9258763116767136,0.9474390516662939,0.9603692861968025,0.9718216108276015,0.9835005574136009,0.9914529914529915,0.9966124661246613,0.9997817070508622,0.9995536710555679,0.998641304347826,0.9903652251848533,0.9818717425787447,0.9701492537313433,0.9641730509238395,0.942688196497612,0.9263706388763027,0.8999081726354453,0.8908474576271187,0.8706723252177797,0.8445839874411303,0.8308972340903981,0.7919296663660956,0.7697095435684648,0.7620022753128555,0.7411738746690203,0.7210045662100457,0.702431407539594,0.6925287356321839,0.6736420302760463,0.6580076801445675,0.6711485870556062,0.6582250112057373,0.6575620767494357,0.655217965653897,0.6515561569688768,0.6746590409150902,0.670457129861269,0.6842339337336002,0.6941791723510686,0.7112059285874691,0.7403127124405167,0.7581251381826222,0.7807631519530368,0.7845254161043634,0.8156661459495649,0.8432700993676604,0.8549097313958609,0.88163174320107,0.8978556605948812,0.9141505182514646,0.9359963685882887,0.9511101143754205,0.9656497175141243,0.9767753461366682,0.9887514060742407,0.9963882618510158,0.9982238010657194,1.0
1.0,0.999769903359411,0.9947031560361951,0.9863748045566227,0.978761457634697,0.9679964927663306,0.9564436461607544,0.9335286164939162,0.9142857142857143,0.8997326203208557,0.8790666367511779,0.8703703703703703,0.8423566878980892,0.8084326306141155,0.8055680287382129,0.787458006718925,0.7644983461962513,0.7331026528258362,0.7228406055209261,0.7084639498432602,0.7109164420485176,0.686796785304248,0.6749075785582255,0.6667400881057268,0.6722047597665021,0.6719506825187143,0.657289573565528,0.673831154442721,0.6803485439119468,0.7007481296758105,0.7180695847362514,0.7126080212718813,0.7263603925066905,0.7539964476021315,0.7751067175915525,0.7932564330079858,0.808651511807548,0.8368409142339895,0.8527580071174378,0.880784486557955,0.8932609678878336,0.9055345632362747,0.927422956677088,0.9424949060448268,0.9635217293402387,0.9738116197183099,0.986180335296783,0.9895080438330613,0.9977452085682075,0.999553272280545,1.0,0.997920997920998,0.9925159586176535,0.9828125,0.973866428411883,0.9584086799276673,0.9452702702702702,0.9322414179941665,0.912670479542455,0.8978314330427006,0.8804762974612447,0.8559265068339682,0.8465513367782521,0.8075139146567718,0.7851073345259392,0.7734717416378316,0.7527758894176297,0.7274153777180005,0.71454098726826,0.7040701596581965,0.6995821420716957,0.6803591470258137,0.676929941990183,0.6697186243858866,0.6596378638551456,0.6599235783322095,0.6750229990800368,0.6704972375690608,0.680511899416255,0.6971892841458058,0.7094787772157466,0.7365820794969683,0.7405105438401776,0.7718940936863544,0.7868815760017909,0.8053097345132744,0.8237221494102228,0.8477191413237924,0.8625954198473282,0.8730975828111012,0.9003389830508475,0.9260898428855941,0.9415861604133903,0.9489704565801254,0.9707615099279948,0.9768064228367529,0.9860619469026549,0.9943065360965612,0.9984406326576075,1.0
1.0,0.9981884057971014,0.9956925867150306,0.9878640776699029,0.9819740602330183,0.9689049121225778,0.9574082464884458,0.9432463110102156,0.913649651450416,0.9082285462166336,0.8905801897198323,0.8706150341685649,0.8481071098799631,0.8276791732195012,0.8076661374461329,0.7942035497640979,0.7706892705777382,0.7564360868591896,0.7362734288864388,0.7199011680143755,0.7112078844831538,0.7122513562386981,0.6922567835870285,0.6950561797752809,0.6903947068218116,0.681024710949898,0.6842709529276694,0.6883232864478678,0.7021371326803205,0.7087837837837838,0.7268772893772893,0.7268193153479936,0.7426454075903886,0.7661870503597122,0.7722772277227723,0.8023335621139327,0.8239625167336011,0.8394372487717731,0.8562091503267973,0.8752803947958726,0.8877089923181202,0.921727395411606,0.9379755591422643,0.9509915659904262,0.9655632081759609,0.9737016574585635,0.9839257414534752,0.9943246311010215,0.9975079293158133,0.9997737556561086,1.0,0.996818904794365,0.9944954128440368,0.9823409553995924,0.9757831592979338,0.9609339919173776,0.9486066697121973,0.9333935425603974,0.9139438564196962,0.9004986400725294,0.8780541981341626,0.8582930756843801,0.8447848614552828,0.8132330161540163,0.7943456452348381,0.7870069605568445,0.7569721115537849,0.7502794545048066,0.7362099644128114,0.7133052911224264,0.69561263923619,0.691683569979716,0.6953212446832326,0.6846708943800569,0.6785557023337737,0.693062681240241,0.6878004119935912,0.6857529305680794,0.7067956795679567,0.7238989492510619,0.7195563603440471,0.7372495446265938,0.7535001147578609,0.762056414922657,0.7795505617977528,0.8204727921498662,0.824279007377599,0.8419977298524404,0.871608206485771,0.8790304139034988,0.9127683615819209,0.9263873159682899,0.9396551724137931,0.952544704264099,0.9712682379349046,0.977792732166891,0.9877772747849706,0.9938844847112118,0.9990844586861982,1.0
1.0,0.9991128853404303,0.995049504950495,0.9904065783462769,0.9837416481069042,0.973052536231884,0.9584180790960452,0.9412437128486512,0.930476407567814,0.9158426719402329,0.8914675767918089,0.8732861565678903,0.8562793821356616,0.8340898774398547,0.8189365043751402,0.8019891500904159,0.7829527470042957,0.7672592934657123,0.7452574525745257,0.7412261217236784,0.7276775773769761,0.714769647696477,0.7191859135604848,0.7049143873693573,0.6882969034608379,0.7051517939282429,0.7040909090909091,0.6963128491620112,0.7112059285874691,0.7259963768115942,0.7188053097345133,0.7444096601073346,0.7598443223443223,0.7771840148698885,0.7935003385240352,0.8173339399454049,0.8238532110091743,0.851768920734438,0.8615039281705948,0.8860045146726863,0.9052264808362369,0.9312457454050375,0.9394077448747152,0.9546780345523895,0.9619323241317899,0.97719651240778,0.983127109111361,0.995,0.9968503937007874,0.9995511669658886,0.9997733967822343,0.9975374972017014,0.9917695473251029,0.9857047129774402,0.9759541142731083,0.9611716621253406,0.9533482142857143,0.9313399778516057,0.9180879712746858,0.902330743618202,0.8866095581605049,0.8694675353853066,0.8409957389549226,0.8257354592409611,0.8079172289698605,0.7748419150858176,0.7755790420508207,0.7497176417438446,0.75033768572715,0.7110664881749219,0.7155114021223753,0.711731843575419,0.7010379061371841,0.6812964213369345,0.6990699734278122,0.6895017793594306,0.698876404494382,0.7026660641662901,0.7015837104072398,0.7303676804357694,0.740236148955495,0.7431192660550459,0.7635702929820577,0.7846814279258925,0.7914798206278026,0.8174088162899977,0.8373237860818975,0.8503448275862069,0.878203674302563,0.8921875,0.9109542245502164,0.9311438278595696,0.9445977011494253,0.9502272727272727,0.9691757873576056,0.9811447811447811,0.9904632152588556,0.9951305887560867,0.9990796134376438,1.0
1.0,0.999548532731377,0.995852534562212,0.9919893190921228,0.9838782924613987,0.9712973593570609,0.9556749496306246,0.9531180893409995,0.9271345552078677,0.9141335700022187,0.9012826385707742,0.8836739276891983,0.8707311482924593,0.8507900677200902,0.8298580301685892,0.8034359660865685,0.7942415730337079,0.7757201646090535,0.7742583091679679,0.7408816289997763,0.731216457960644,0.7234283129805518,0.7245535714285715,0.7141556668183887,0.7115341037842737,0.7240915208613729,0.7115427058044582,0.7134396355353075,0.7239829175095527,0.7204395604395605,0.7459939367691641,0.7557928214447979,0.765346975088968,0.7880794701986755,0.8010999083409716,0.8106508875739645,0.8232243517474633,0.8573692551505546,0.8730372364288919,0.8916091698197196,0.9071815718157181,0.9216589861751152,0.9384170742552246,0.9568522244578582,0.9701492537313433,0.9771286231884058,0.9867700729927007,0.9930132972729322,0.9980404964075767,0.9990956364458512,0.9993243243243243,0.9970661250282103,0.9922101046071667,0.9898602974312753,0.9740403816285778,0.9636121588639893,0.9509107063527321,0.9423513390830686,0.9246590655041359,0.9077757685352622,0.8875112714156899,0.868018018018018,0.8508249312557287,0.8382088208820883,0.8152149448570786,0.8018781493357765,0.77967242539825,0.7665474060822898,0.7565217391304347,0.7519448766392531,0.7298261257244761,0.7193061500337914,0.7181449797388564,0.724191063174114,0.7136139722346619,0.7081641858367163,0.7156729900632339,0.7228078044404574,0.7289612474203164,0.7380522993688007,0.7611940298507462,0.7576784101174345,0.7785537283171886,0.792368125701459,0.8145503235884847,0.8241349102058695,0.8558275320008982,0.8553910226746877,0.8850861287398005,0.9042911705234778,0.9191896705253785,0.925603217158177,0.9460367218987908,0.9589257503949447,0.9734950584007188,0.9803966263961705,0.9908969804618117,0.9944370271473075,0.9988674971687429,1.0
1.0,0.999089667728721,0.9954264806768809,0.989923869234214,0.9849557522123894,0.970913190529876,0.9652412531442945,0.9493235496445769,0.9301099908340972,0.9156079854809437,0.8978904847396768,0.8953616179380084,0.8746878547105562,0.8629796839729119,0.8393725143614671,0.8160482789450156,0.8093428699150648,0.7935351695879809,0.7825797872340425,0.757810816634346,0.7561480119512756,0.7440423654015887,0.7413198436422166,0.7391011235955056,0.7165283695895941,0.7280427998216674,0.7213919250501896,0.7496647295485025,0.7458701063589047,0.7623962306484182,0.7566351776878093,0.7770814682184423,0.7913368513632366,0.7926182237600923,0.819304152637486,0.828770197486535,0.8431014823261117,0.8649134636997078,0.8794995610184372,0.9006474659522214,0.9079329608938548,0.9265536723163842,0.9422907488986784,0.9531356124066108,0.9694203560018256,0.9775904149101398,0.983420395185101,0.9933940774487472,0.9964229823384753,0.9993192648059904,0.9997733454215775,0.9975325257963212,0.99479520253451,0.9855438274437816,0.9795145847250055,0.9676457090408445,0.9574468085106383,0.943127962085308,0.9316644113667117,0.9111316824809071,0.895593220338983,0.8829931972789116,0.8664391353811149,0.8475242943081907,0.8357498867240598,0.8103603603603604,0.8077448747152619,0.7637324752930361,0.7710367271036727,0.7619897390140531,0.7407326168019303,0.7257667338258339,0.7375483284057311,0.7287756925826631,0.7194559704933149,0.7407909604519775,0.7300137048880767,0.7412913246061682,0.7418927862342819,0.7463622117752406,0.7685439560439561,0.7840202624913654,0.7988029465930019,0.8002242152466368,0.8264184794797039,0.8421410750737128,0.8541102077687444,0.8727891156462585,0.8885576702591149,0.9079005770084332,0.9126146788990825,0.9359892569382274,0.9537946428571429,0.9613625971650663,0.9798442510306917,0.9821145573918949,0.9922600619195047,0.9947739150193138,0.9991071428571429,1.0
1.0,0.9993294590970049,0.996848975917173,0.9918645558487247,0.9841986455981941,0.9759063790729693,0.9618983957219251,0.9521359874748379,0.9365638766519824,0.9275028768699655,0.9190164674035641,0.8945554789800138,0.8774092335275662,0.8611298672068423,0.845879732739421,0.8330661781543394,0.81648629979277,0.7997752808988764,0.7856980703745744,0.7751782531194296,0.7668888888888888,0.7534123965092862,0.7521139296840231,0.7517006802721088,0.7509727626459144,0.7347776510832383,0.7361174850849014,0.7521719250114312,0.7565277141548328,0.7521984216459977,0.7793855743544078,0.7817478379608557,0.7856307044231219,0.8053615679207029,0.8069741282339707,0.8431823407679926,0.859566867604376,0.8767597507500577,0.8915796489668962,0.9096966911764706,0.9165900735294118,0.9315683194974198,0.9516165498530409,0.963439404197698,0.9724321920853712,0.9762979683972912,0.99034575662326,0.992808988764045,0.9986251145737856,0.9997770345596433,0.9993371630578878,0.99842661272196,0.9936694551209586,0.9887133182844243,0.9779054352629253,0.9739942209379863,0.9559834938101788,0.9417893544733862,0.9381744604316546,0.91280276816609,0.9086839749328559,0.8840746715833141,0.8788744779072324,0.8571108120233288,0.8372835004557885,0.8239135329880658,0.8184457347029924,0.8029297322041657,0.7729119638826185,0.7791355510296447,0.758948799275034,0.7581416533819175,0.738063063063063,0.7554768754149148,0.7453291814946619,0.7581669691470054,0.7465921787709497,0.7574069948763644,0.7665441176470589,0.7588329154319581,0.7827447474295932,0.7964880684376408,0.8057879267465521,0.8249433106575964,0.8345243412237606,0.8438980374464246,0.856081081081081,0.877212637239525,0.8973283285493486,0.9120802238805971,0.9283307121995057,0.94,0.9493840985442329,0.9643497757847533,0.9740318906605923,0.9853311941324776,0.9897820163487738,0.9961538461538462,0.9984202211690363,1.0
1.0,0.9988883948421521,0.9961926091825308,0.9914981617647058,0.986,0.9735185587149989,0.9676339285714286,0.9586814179272973,0.94713059195662,0.9362332042814848,0.9108778199687291,0.9001352569882777,0.8853575482406356,0.8716126166148378,0.8469410962019559,0.8406339423288576,0.8292181069958847,0.8095020557332115,0.7989868754317292,0.7947845804988662,0.7904478976234004,0.7794083391567669,0.7712418300653595,0.761371274927179,0.7625931782245313,0.7553047404063206,0.7686650323155784,0.7486266754559437,0.7669629308476046,0.7812704649639817,0.791213768115942,0.7922494840632882,0.8135478024467603,0.8233040342573811,0.8337093862815884,0.8424949517612744,0.8608407079646018,0.8861154446177847,0.8893551236749117,0.9043181818181818,0.9257681094415788,0.9349192100538599,0.951573309529123,0.9649895664270809,0.9723967684021544,0.9823298429319371,0.9886211512717537,0.993320405085111,0.9981847061493079,0.9997774810858923,1.0,0.9986522911051213,0.9950316169828365,0.9890909090909091,0.9804900181488203,0.971991933676899,0.9586961375306988,0.9511386248065443,0.939964554718653,0.9287939474855362,0.9122524182404422,0.8937431394072448,0.8851578240429818,0.8691159586681975,0.8515312916111851,0.8413623123459556,0.8148974130240857,0.8096085409252669,0.7926580557443915,0.796580057739285,0.790004482294935,0.7624056711639606,0.7645460719945665,0.760373917008664,0.7654207750515937,0.7625,0.7562582345191041,0.7709684634309998,0.7811440198959982,0.7926856630020193,0.7823741007194245,0.7971274685816876,0.8218778077268644,0.8263065436978481,0.8448703494926719,0.8659305993690851,0.8566936208445642,0.8831081081081081,0.8994733226471262,0.9111969111969112,0.9264510412051395,0.9434424404364284,0.9598056537102474,0.9684471489745323,0.9763943531589909,0.9834155087404751,0.9900776531492667,0.9962138084632517,0.9990813045475425,1.0
1.0,0.9997664642690332,0.9970400728597449,0.9927944156721459,0.9838231943495102,0.9783609576427256,0.969033399690334,0.9545142857142858,0.9438430311231394,0.9362485615650172,0.9197096847357678,0.9099078858683441,0.8884632717440288,0.8942436412315931,0.8739514849240535,0.8468286099865048,0.8408476104598738,0.8205704019761958,0.8115030330262862,0.803873552983081,0.8019870609981515,0.7904205082077805,0.7819616685456595,0.785234899328859,0.7814086994921616,0.7759674134419552,0.7809765085214188,0.7844379099751188,0.7910346388951778,0.8051111111111111,0.8020316027088036,0.8173011939626041,0.8249427917620137,0.837275514673675,0.8471615720524017,0.8659038901601831,0.8837988826815643,0.8866711022399645,0.900428024329804,0.9138086642599278,0.9303571428571429,0.9397155114021224,0.953416149068323,0.9669951867980747,0.973534109057723,0.9816533563565725,0.9897891231964484,0.9948198198198198,0.9988753936122358,0.9997784669915818,0.9997694258704174,0.9982324348210341,0.9946416610850636,0.9898143956541422,0.9834583149536833,0.9688848512377924,0.9610711071107111,0.9520594193112761,0.9336893635959056,0.9249108734402852,0.9130434782608695,0.9093438441919778,0.8855903174240695,0.8806240108523626,0.8668772563176895,0.8538823002908928,0.830670217487794,0.8238330341113106,0.8076229138475417,0.793064369900272,0.8026696329254728,0.782608695652174,0.778105167724388,0.7870637919537675,0.7765287769784173,0.7808524882838652,0.7777777777777778,0.7790219378427788,0.7896490448689472,0.7912260967379078,0.8023992756903576,0.8205816554809844,0.8188502673796791,0.8406419529837251,0.8553376906318083,0.8699350794716812,0.8793524062985141,0.8876430205949657,0.9135635296772737,0.9192795196797865,0.9422766104825675,0.9477812640071717,0.9595891940165215,0.9668106387815413,0.9801596351197264,0.9866696791685495,0.9919429097605893,0.9960847535697835,0.998886910062333,1.0
1.0,0.9995502586013042,0.9977753058954394,0.9946091644204852,0.9887107699254911,0.9811748695849399,0.9752890501020177,0.9664204163868368,0.9538427066995294,0.9357484620642516,0.9238723872387239,0.9097142857142857,0.9060150375939849,0.8877574111789998,0.8784331382260243,0.8618131231161604,0.8502042669087608,0.8370887787291573,0.8318603623508617,0.8160893854748603,0.8230088495575221,0.8110914714980115,0.7964761689631805,0.7939664804469274,0.7905129369042215,0.7916571689081376,0.7984357541899442,0.7918010133578995,0.8010680907877169,0.8048347748946552,0.8160840758510395,0.8304172274562585,0.8322420410927974,0.850352513077098,0.8622674933569531,0.8686338797814208,0.8835693414250393,0.8908045977011494,0.9104039720153464,0.9232300884955752,0.929676832043696,0.9487528344671202,0.9577432617633622,0.9698481070052143,0.978017048003589,0.9826537508447849,0.9886000911992704,0.9947620132088363,0.9974828375286041,0.9997788099977881,0.9997743682310469,0.9986428409862023,0.9955217196596506,0.9907202828104287,0.9826654660063034,0.9769037274182484,0.9678660330391491,0.9588116137744767,0.9408746095493083,0.9323956442831216,0.922971114167813,0.9065610859728507,0.8872027180067951,0.8925674194255646,0.8690851735015773,0.8576888489208633,0.8421052631578947,0.8359847636119202,0.8233566749491755,0.8231007067137809,0.8162989644304367,0.8004050405040504,0.8042736985678564,0.7912308034720676,0.796094459582198,0.7945017182130584,0.7960497114957834,0.8111967361740707,0.8047416685305301,0.810463311904234,0.812514377731769,0.8305961754780652,0.8428665351742275,0.8561379623326526,0.8667715120197709,0.8763537906137184,0.8931556358707928,0.9061371841155235,0.9158568904593639,0.9222370766488414,0.9347478895733515,0.9511210762331839,0.9627791563275434,0.9714927048260381,0.9829970528224893,0.9874354947273951,0.9944678026111972,0.9975604346861832,0.9990952273241348,1.0
1.0,0.9986513823331086,0.9970339949806069,0.9934933811981154,0.986868462052081,0.9794238683127572,0.9708435343868239,0.9691991786447639,0.9564440473531383,0.9482089892767511,0.9388032638259293,0.9254937163375224,0.9029391660970608,0.8962008141112618,0.8928810533363088,0.8754837241065331,0.8582571874303544,0.8528052805280528,0.8452975920036347,0.8308658591296546,0.8254004060455673,0.8255787817487076,0.8126588126588127,0.812033476589007,0.8194730813287514,0.8078806767586821,0.8109385550303849,0.816126084970306,0.8174478582641848,0.8231079265562025,0.8372943327239488,0.828551912568306,0.8435191403626595,0.8617666891436278,0.87323311644604,0.8759424263193969,0.8846672661870504,0.8988894030541416,0.9138811513463324,0.9309157677300895,0.938993853858411,0.9492736914918146,0.9643742953776776,0.9698862368949365,0.9762757385854969,0.9869516310461193,0.992274483072029,0.9955446647360214,0.9972862957937585,0.9993303571428571,0.9997739091114628,0.9986474301172227,0.9961754780652419,0.9864191942055228,0.9843856076035302,0.9760691336140039,0.9683875369570162,0.9597102761430512,0.9486033519553073,0.9396803961287419,0.9236830256641153,0.9212931995540691,0.8993063325128664,0.8913898601398601,0.8708956890775073,0.8738212842388864,0.8582659478885895,0.8562807331247206,0.8374020156774916,0.8159397122630737,0.8201550387596899,0.8212765957446808,0.8113944406156673,0.8088397790055248,0.8157597651840145,0.8113249776186213,0.8162199000454339,0.8169743358847366,0.815748031496063,0.8176128743853375,0.8334452652787105,0.837431693989071,0.8637888615522255,0.868047736996172,0.8767031494304222,0.8866187696452626,0.9020049560711872,0.9143356643356644,0.9180509413067552,0.9318181818181818,0.9380671506352087,0.9486201480816693,0.9682189362171706,0.9729851418280054,0.9792946530147896,0.9918232044198895,0.9936794582392776,0.9973421926910299,0.9990923530746539,1.0
1.0,0.9997726239199636,0.9968854282536151,0.9939010616670432,0.9899486263122627,0.9866220735785953,0.9769353733729161,0.9624887690925427,0.9580341113105925,0.944205035155364,0.9382688436591367,0.9310659666742753,0.9191712204007286,0.901705565529623,0.8932506887052342,0.8784878487848785,0.8753901025412394,0.8659493387132929,0.8575851393188855,0.8435976960567124,0.8252930568079351,0.8262740656851643,0.8332589285714286,0.820697412823397,0.827874407047662,0.8127112914131169,0.8260184559981995,0.829782359679267,0.822529465095195,0.825016633399867,0.8350398179749715,0.8508337088778729,0.8532400090313841,0.8774864376130199,0.8777272727272727,0.889608938547486,0.8920911528150134,0.9060599234061726,0.9264274430151207,0.9297809889365545,0.9433370660694289,0.9558725206151103,0.9609777977124916,0.9729295710025235,0.9784511784511785,0.9873586161011311,0.9923440666516551,0.9950450450450451,0.9984591679506933,0.9995523724261415,1.0,0.9982257706808605,0.9949448529411765,0.9915870850386539,0.9865275966970882,0.9790870249606476,0.9728577837595335,0.9564923354373309,0.9555359894342945,0.9481532461573755,0.9302120141342756,0.9237384023534736,0.9090909090909091,0.8939462903959945,0.8950214012164902,0.8810881965774463,0.8702051739518287,0.8586230716094865,0.8505848598543367,0.8470324748040313,0.8368857976217187,0.8325781603987313,0.8301332730969053,0.8269060283687943,0.8191249436175011,0.8261660978384527,0.8317503392130258,0.8221823080377189,0.8282331918695555,0.8416128313655603,0.8461538461538461,0.8475225225225225,0.8548830811554333,0.8657314629258517,0.880338078291815,0.9002013873349742,0.903606259922885,0.918135177336605,0.922338763668824,0.9357985480943739,0.9493927125506073,0.9578135631662509,0.9626565295169947,0.976017601760176,0.9827036868456986,0.9920957542908763,0.9940239043824701,0.9980123674911661,0.9993316997104033,1.0
1.0,0.9991071428571429,0.9972997299729973,0.9952261877699478,0.9915555555555555,0.984212900315742,0.9765677304173176,0.9695603156708005,0.9636647347302719,0.9548401520232506,0.9416778824585016,0.9308045977011494,0.9234428086070215,0.9168539325842696,0.9068926553672316,0.8967727168688487,0.8939291356352967,0.8712389380530974,0.8620534711300831,0.8668032786885246,0.8599470666078518,0.839126559714795,0.84472049689441,0.8399304045237059,0.8469479353680431,0.833973345380619,0.84688995215311,0.8467614533965245,0.8385300668151447,0.8511863625892652,0.8572384563908098,0.8620454545454546,0.872113676731794,0.8871508379888268,0.8874777183600713,0.8977119784656796,0.9068377959725603,0.9169278996865203,0.9211866282931149,0.9388753056234719,0.947766323024055,0.9590780809031044,0.9675782973092192,0.973999547818223,0.9805890227576974,0.9859569648924122,0.9937247870909905,0.9963718820861678,0.9977472403694526,0.99977856510186,0.9995476136620675,0.9988682661837935,0.9964269763287181,0.9903218546027459,0.9860265945458643,0.9808902877697842,0.9739801543550165,0.9655644241733181,0.9556661388826058,0.946916647842783,0.9370597591456488,0.928928247048138,0.9179625873337841,0.9088471849865952,0.8913448115402512,0.9008601177003169,0.8775145283862316,0.8759057971014492,0.870536742686017,0.8622425629290618,0.8515004413062666,0.8475428571428572,0.8433734939759037,0.8358580149219986,0.8363431151241535,0.8369913122999543,0.8361891706648389,0.8442696629213483,0.843742902566432,0.8602822114272496,0.8622540250447227,0.8692134831460674,0.8762749445676274,0.8953621201736349,0.8937794745115653,0.9055172413793103,0.916345499886647,0.9199280251911831,0.9353594919482876,0.9425729143115532,0.9532058492688414,0.964775846294602,0.9769959404600812,0.9802646333258578,0.9867276887871853,0.9901345291479821,0.9917714285714285,0.9975225225225225,0.9991115059973346,1.0
1.0,0.999777183600713,0.9979892761394102,0.9959946595460614,0.9934743474347435,0.9858235823582359,0.9803518391592415,0.970668485675307,0.9650224215246637,0.9608108108108108,0.9483262188272298,0.9419864559819413,0.9269876819708847,0.914898369443824,0.9147013445007715,0.9004120879120879,0.898762157382847,0.8815609310816979,0.88671875,0.8700044903457567,0.8581544589510953,0.8530259365994236,0.8539982030548068,0.8582571874303544,0.8563792702765513,0.8505142857142857,0.8498006202924235,0.8615971287572902,0.8610116383169203,0.8645903859174001,0.873568281938326,0.8741603224361845,0.8830851300288953,0.8950351394241669,0.8971075292559064,0.9061999542438801,0.9173903362280116,0.9138517343006121,0.9309130913091309,0.9419180549302116,0.955071477195371,0.9643096140977024,0.9751141552511415,0.9786334297796573,0.9825970548862115,0.9841628959276018,0.9919466175793833,0.9970812752581949,0.9986366734832992,0.9997730882686635,1.0,0.9975045372050817,0.9949024822695035,0.9918882379450202,0.9896629213483146,0.9809394145677331,0.9783894449499545,0.9742198100407056,0.964015992892048,0.9592617600720235,0.9487064116985376,0.9267317939609236,0.925984251968504,0.9215374118717308,0.9051246537396122,0.889063906390639,0.8849438202247191,0.8845019287497163,0.8746642793196061,0.8617093629562458,0.8693168837103039,0.8640776699029126,0.8606209515300425,0.8474204171240395,0.8514649102884397,0.8467485220554798,0.8619827194179173,0.8560639715681919,0.8633623576691226,0.876817981489643,0.8690289302534201,0.8845032518501906,0.8891367387909882,0.8886644219977553,0.8988510925884208,0.9195505617977529,0.9235895157707685,0.9315476190476191,0.9339730408955906,0.9505668934240363,0.9576076993583869,0.9658503707032128,0.9707197139025481,0.9777525539160046,0.9865542388331814,0.9899840655588437,0.9945504087193461,0.9972869093375537,0.9995507637017071,1.0
1.0,0.9995565410199556,0.9978165938864629,0.994905869324474,0.9918604651162791,0.9881370826010545,0.9819086386250565,0.9702774108322325,0.9709860383944153,0.9644533869885983,0.9546155540868032,0.939666816749212,0.934538241128499,0.9226757369614512,0.9213354676423507,0.9114124293785311,0.9104882459312839,0.893569347972216,0.8897795591182365,0.8822207237581479,0.881085932241418,0.8690770267235571,0.8728150873965042,0.8641864634692963,0.8738821371245127,0.870083164756125,0.8696239585678901,0.8715953307392996,0.8717259905977166,0.8744676081596054,0.8791306276336216,0.8961675579322638,0.9048813868613139,0.8976919662671993,0.9146118721461187,0.9208489940305107,0.9298087739032621,0.943630214205186,0.9391694725028058,0.9466372657111356,0.9641479464488314,0.9724462365591398,0.9664322975731459,0.9766803840877915,0.9818904593639576,0.9869015356820234,0.994661921708185,0.9964085297418631,0.9986285714285714,1.0,0.9997727272727273,0.998869545557314,0.9973136333109469,0.9950113378684807,0.9894016339147714,0.982265573043671,0.975793915167666,0.9738243123336291,0.9630662020905923,0.959165751920966,0.945380063723259,0.9433106575963719,0.9331979237192507,0.9227859368046284,0.9136851520572451,0.9059751972942502,0.9041064981949458,0.8955223880597015,0.8821793416572077,0.8916951080773606,0.8855203619909502,0.8679787704555506,0.8753128555176337,0.8689936536718041,0.8663089649005142,0.8623608017817372,0.8790760869565217,0.8672888686546779,0.8799167052290606,0.8736747123843898,0.8765122118237845,0.8982602950891874,0.8967168262653898,0.908498201438849,0.9176470588235294,0.9236794986571173,0.9262222222222222,0.9414978374687002,0.944043321299639,0.9517194260988385,0.963990158801163,0.9678229119123688,0.9769094138543517,0.9803321678321678,0.9864345466877685,0.9909332153914198,0.9946260635915808,0.997973429407791,0.9990921470721743,1.0
1.0,0.9993377483443708,0.9984230682586168,0.9950991831971996,0.9942350332594235,0.9887218045112782,0.9838056680161943,0.9796757250513816,0.9740757439134355,0.9603624009060022,0.9596362829895764,0.9469223907225691,0.9415658525450811,0.939799331103679,0.9313858695652174,0.9299977563383441,0.9128593715177179,0.9077028258887876,0.9023491478581299,0.8846497099509147,0.881886293521375,0.8870197772220959,0.8787811387900356,0.8798273512039981,0.8797382671480144,0.8808576480990274,0.8962946226841392,0.8796397979354272,0.8947007766103243,0.8920505871725384,0.8960806270996641,0.9043498064222273,0.9039796390559925,0.9127625201938611,0.9179053281500115,0.9230421004979629,0.9224701374802795,0.9404597701149425,0.9476964166481193,0.9535398230088495,0.9612385832033861,0.9711644287915474,0.9776926543488058,0.9817184643510055,0.9867428571428571,0.9924259300512364,0.9955377063810799,0.9981908638625057,0.9988791750728536,1.0,1.0,0.9988631195998181,0.996947230702137,0.9938066799380668,0.9899531145344943,0.9859410430839002,0.980058916836619,0.9736723672367237,0.9706606942889138,0.9586037144775117,0.9596899224806201,0.9487755560548191,0.9467442380845826,0.9309637730690362,0.9275195582144501,0.9151682803135085,0.9124518031299614,0.9051626108710484,0.8997991519750056,0.8903773163652601,0.8907873470330178,0.8890389376547377,0.8897347174163783,0.8755760368663594,0.8776619845944721,0.8836470855069176,0.8886630532971996,0.8856887698146908,0.8890904967112724,0.9017457475380484,0.8961424332344213,0.9074201699977027,0.9115203233774983,0.9153965098299094,0.9165565830030823,0.9257324551442199,0.9396551724137931,0.9453940066592674,0.953330312641595,0.9590909090909091,0.9666069027341999,0.9696759259259259,0.9767976108430967,0.9837528604118994,0.9885341726618705,0.9929625425652667,0.9954730647351743,0.9986313868613139,1.0,1.0
1.0,0.9997759856630825,0.9995433789954338,0.996372704602131,0.9920616919936494,0.9888686960472512,0.9834821428571429,0.9794429708222812,0.9733899821109123,0.970522554711925,0.9607395571787263,0.9580786026200874,0.9514343799412694,0.9410456062291435,0.9365572315882875,0.9294755877034359,0.9229213483146067,0.9162494310423305,0.9176021553659632,0.9039202356673465,0.8983686067019401,0.902433528616494,0.897670169026953,0.8998625114573785,0.8879946344735077,0.8907152376721457,0.8899954730647351,0.9034930586654725,0.9025768535262206,0.8972026381623834,0.902107409925221,0.9172864548118098,0.9200270331155666,0.9265033407572383,0.9226898444647759,0.9368709972552608,0.9367315001117819,0.947603121516165,0.951006711409396,0.9606806162336169,0.9638609332113449,0.973816029143898,0.9781321184510251,0.9829290206648698,0.9862191598132919,0.9943553849627456,0.9950628366247756,0.9979633401221996,0.999104744852283,1.0,1.0,0.9995512676688355,0.9965901341213912,0.9959973315543695,0.9921401302492702,0.9856308935788056,0.9855138071525578,0.9773817683344757,0.970770593445527,0.96639231824417,0.9559691330004539,0.95246717971933,0.9457432730480811,0.9401142857142857,0.9335608646188851,0.9285386029411765,0.9255390086685931,0.915922107674685,0.91268758526603,0.9012618994908125,0.9005078485687904,0.9023576512455516,0.8957485300768883,0.899416255051639,0.8958333333333334,0.9047727791733272,0.8964393763090528,0.8963823135328272,0.910376282782212,0.9045587244554233,0.9142217245240761,0.9140083217753121,0.9207219556774047,0.9203969128996692,0.9365671641791045,0.9312121891104638,0.9410555174777244,0.9483026403372532,0.9540991093857045,0.9625140291806958,0.96582775340568,0.974649162516976,0.9791386271870794,0.9853244668653979,0.9869055823569952,0.9927601809954751,0.99539574654681,0.9975005680527153,1.0,1.0
1.0,0.9990990990990991,0.9988623435722411,0.9947356374456398,0.9938872537921666,0.991263440860215,0.9871215544509715,0.9807295251204404,0.9751990898748578,0.9708648772654278,0.9671038008446321,0.9612334801762115,0.9535299374441466,0.9495836146747693,0.9477282752536391,0.9362943023777479,0.9393736017897092,0.9297407912687585,0.9248438893844781,0.9132127318525304,0.9092165898617511,0.913670661340435,0.9096467391304348,0.9082589285714285,0.910778175313059,0.9066305818673883,0.9089064261555806,0.9093509350935094,0.908480644439472,0.9100181323662738,0.9144083107497741,0.9216527432829081,0.9254893238434164,0.9319803746654772,0.9369050254593757,0.9410681399631676,0.9465228368143218,0.9567985447930878,0.9583050079311126,0.9657117076471915,0.9687920969914683,0.9776204612925325,0.980578238799382,0.9854618653545069,0.9899508709245198,0.9933880528955769,0.995092571938434,0.9979725163325073,1.0,1.0,1.0,0.9993238674780257,0.9973208305425318,0.9959155888359428,0.9931506849315068,0.9898305084745763,0.9870953135612407,0.9768287142208087,0.9741186970102633,0.9655405405405405,0.9666073018699911,0.9614147909967846,0.9552272727272727,0.9434850863422292,0.9402136849283929,0.9418319589926454,0.9320763289413903,0.9253897550111359,0.9199372056514914,0.916965085049239,0.9100719424460432,0.9108138238573021,0.9084523000226603,0.9036033968326831,0.9046867958539883,0.9128521126760564,0.9077733860342556,0.9118117432031072,0.9148888888888889,0.9080717488789237,0.9219874100719424,0.9194302247941242,0.9306820706509664,0.9391771019677997,0.9375704304710389,0.9423498465585269,0.9540408525754884,0.9591836734693877,0.9644704295030357,0.9658547689506032,0.9722853248523399,0.9800679501698755,0.9790385053542948,0.986400725294651,0.9900158838211935,0.9937970757642889,0.9968297101449275,0.9993085964507951,0.9997704315886135,1.0
1.0,1.0,0.9991168028262309,0.9968652037617555,0.9948888888888889,0.991214237440865,0.9841415766490462,0.9837361644454484,0.9850102203043379,0.9780448347584931,0.9720972097209721,0.9647191011235955,0.9608763693270735,0.953042328042328,0.9496742305099978,0.9471285323609845,0.9396260419013291,0.9384209368814603,0.9368186874304784,0.9249438202247191,0.9205503772747448,0.9218681798341336,0.9316612977450529,0.9197127937336814,0.9254528564793312,0.9190283400809717,0.9231113097898972,0.9241642360332062,0.9332711152589828,0.9301135099042955,0.9297971918876755,0.9314543404735062,0.927694406548431,0.9353279631760645,0.9443585780525502,0.9436776491540516,0.9521541950113379,0.9560390763765542,0.9704168534289557,0.9659526493799323,0.973493429995469,0.9772727272727273,0.9862511457378552,0.9876014427412083,0.9881219184222322,0.994338768115942,0.9965437788018433,0.9975096219153271,0.9997667910447762,1.0,0.999776885319054,0.9988571428571429,0.9981986039180365,0.9957052441229657,0.993499215422551,0.9932111337406653,0.9879356568364611,0.9856426618049225,0.9814483683504693,0.9722667889067156,0.9682189362171706,0.965625,0.9585944494180841,0.9527790329868956,0.9496353691886964,0.9483186639584744,0.9381137245946564,0.9302114116844737,0.932972241029113,0.9243847874720358,0.9268459434822243,0.9211822660098522,0.9134442446043165,0.9236624132527423,0.9149277688603531,0.914580588493632,0.9235045585946187,0.9240334614515036,0.9243772241992882,0.9296246648793566,0.9291053227633069,0.9342754598474652,0.9448044692737431,0.9454270923209663,0.9457116788321168,0.9539767649687221,0.957418496340652,0.9564622749031229,0.9673217550274223,0.9718405046181573,0.9788431240153049,0.9848112575385303,0.9870506809555705,0.9878076315195303,0.9908787541713014,0.9937569676700111,0.9974948758824869,0.9986348122866894,0.9991126885536823,1.0
1.0,0.9995505617977528,0.999096657633243,0.9979720594862551,0.9963661140131729,0.9931446262715613,0.9916346371241239,0.9865831842576028,0.9845799769850403,0.9783204016430853,0.9780048878027106,0.9731316324226688,0.9664654594232059,0.9644215708212128,0.9615896980461812,0.9540564769161811,0.9543328135442192,0.9429537767756483,0.9413092550790068,0.9464005382372729,0.9376536312849162,0.9291975724881996,0.93234100135318,0.9265782250686185,0.9307447774750227,0.9287155346334902,0.9367088607594937,0.9297000228990153,0.9362126245847177,0.9352137505509035,0.9398956679519165,0.9379092345902009,0.9448673587081892,0.9478527607361963,0.9515477792732167,0.9636614535418583,0.9617030862806939,0.9589941096511101,0.965279323391943,0.9754890937710816,0.9787946428571429,0.9798115746971736,0.9876792114695341,0.9887564650326063,0.9924242424242424,0.9926301243666513,0.9957341715312079,0.9979861266502573,0.999092970521542,1.0,1.0,0.9991063449508489,0.9991015274034142,0.9975490196078431,0.9966246624662466,0.9952967525195968,0.9901579308766308,0.9863504139628553,0.9830621796300424,0.9764256847777278,0.9730082716586852,0.9677858439201452,0.9601539506452343,0.9572046437514227,0.9610957642725598,0.9499771585198721,0.9507311586051743,0.9420900820945196,0.9385300668151447,0.9334389857369255,0.9359031824294038,0.9339474275443721,0.9268673355629877,0.9337616304829419,0.9266304347826086,0.9363902000449539,0.9260571175558999,0.934245960502693,0.9381205264373124,0.9290795909293019,0.9448088667722235,0.9485443466486121,0.9462025316455697,0.9477966101694916,0.9535978480161399,0.9563890100305277,0.9621744054360136,0.9720695970695971,0.9703552840009052,0.9756627553237722,0.9802266163074872,0.9805630026809652,0.9873817034700315,0.9932667245873154,0.9922937443336355,0.9929625425652667,0.9979679385865884,0.9984166478172359,0.9997767857142857,1.0
1.0,1.0,0.9988651838402178,0.9982339955849889,0.9966592427616926,0.9941296003612554,0.9914059056853239,0.9866997294860235,0.9872682599955327,0.9843084510199507,0.9794045220505933,0.9789897183728208,0.9718764407561088,0.9642301710730948,0.9611010009099181,0.9620758483033932,0.9536290322580645,0.9551150603782183,0.955712014535544,0.9488046910239062,0.9496106275767293,0.9372602121417287,0.937741422403999,0.9455357142857143,0.9403222146584979,0.9416157501697217,0.9406666666666667,0.9339814605471399,0.944755088347126,0.9499425947187141,0.9474159331979237,0.9487577639751553,0.9502588341210894,0.9564214895088771,0.9617834394904459,0.967246907924874,0.96442417331813,0.9707980383415069,0.974218571754506,0.9788154897494306,0.983467381590706,0.9844132709864173,0.9869398784057645,0.9896884598508118,0.9916666666666667,0.9951545916012922,0.9977262391996362,0.9977653631284916,1.0,1.0,1.0,0.9993209597102761,0.9984350547730829,0.9968454258675079,0.9955614735907679,0.9950282485875707,0.9900243848370649,0.990180406485499,0.9836475130592778,0.9827547084184253,0.9768747193533902,0.9737310774710597,0.9699026929169495,0.9657853810264385,0.9654152445961319,0.9619113573407202,0.9546998867497168,0.9532750160017068,0.945503476115721,0.9520303435966087,0.9541062801932367,0.9500780031201248,0.9481714157505048,0.9438706780422093,0.9377289377289377,0.9386338185890257,0.9431843700875814,0.944517256443862,0.9475714934180662,0.9468534578607961,0.9525281519099139,0.9505214111382294,0.9531904983698184,0.9590590364171002,0.9612787032868078,0.9681697612732095,0.9678522571819426,0.9744050291872475,0.9780858676207513,0.9789520824003582,0.9844839217449967,0.9882352941176471,0.9900090826521344,0.9918311776718857,0.9932885906040269,0.9945342746526987,0.9975347377857463,0.9990944079692099,1.0,1.0
1.0,0.9997767358785443,0.9990777034816694,0.9982018431108114,0.9968833481745325,0.9961590600994126,0.995685740236149,0.9904285403524038,0.9877094972067039,0.9877606527651859,0.9849640933572711,0.9748482220294883,0.9733510992671552,0.9735593220338983,0.9702903443619176,0.9682937956204379,0.9617805755395683,0.9603782080144079,0.9655726417259582,0.9535095715587967,0.9546279491833031,0.9546565903534119,0.9519450800915332,0.9499654138805625,0.9529542920847268,0.9488883795553518,0.9478513876454789,0.953960731211916,0.9552808988764045,0.9536165327210103,0.95697700887776,0.958229848724317,0.9585987261146497,0.9667194928684627,0.9692756223368468,0.9701897018970189,0.9724106739032112,0.9775177793071805,0.9781215469613259,0.9814940194087114,0.9870593485051317,0.9872087711283691,0.9882196043565237,0.9918478260869565,0.9941269482719675,0.9966231427285007,0.9977578475336323,0.9993197278911564,0.9997767857142857,1.0,1.0,0.9993206521739131,0.9995509654243376,0.9975039709552984,0.9945982444294396,0.9939973321476212,0.9906563354603464,0.989644304367402,0.9855660802886784,0.9846221441124781,0.9837633451957295,0.9784045835169678,0.9738475177304965,0.9695603156708005,0.9673524150268337,0.9677200902934537,0.9633473172885847,0.9589578049342864,0.9618899041675952,0.9523701519618961,0.9581468218442256,0.9549611339734797,0.9556206352782158,0.9565606806986118,0.9471985243255707,0.9516345723242275,0.9563966356795042,0.9473106476399561,0.9540700318326512,0.9546773833444966,0.9574172645221014,0.9609874366321358,0.9567413263065437,0.9669779093600547,0.9746863799283154,0.9680995475113122,0.9744662117543473,0.9775804661487236,0.9807822744743386,0.9853881278538813,0.9835956550653957,0.9877964540640111,0.9941002949852508,0.9936522330537293,0.996638278798745,0.9977603583426652,0.9991101223581758,0.9993204983012458,0.9997747747747747,1.0
1.0,0.9995486346197247,0.9986562150055991,0.9979865771812081,0.9981941309255079,0.994832621882723,0.994025226820093,0.993088071348941,0.9909050576752441,0.9885598923283984,0.9864986498649865,0.9860736747529201,0.978021978021978,0.977262391996362,0.972323879231473,0.973561430793157,0.971808750563825,0.9696225150770605,0.9692024821880028,0.9669291338582677,0.960690752101795,0.9661054497120071,0.9615915363385464,0.9610507246376812,0.957341715312079,0.961869076482257,0.9587768969422423,0.959289248762933,0.9600798403193613,0.9631467044649185,0.9620053956834532,0.9693181818181819,0.9697986577181208,0.9723584485064646,0.9736486486486486,0.9751552795031055,0.9802397868561279,0.9832389580973953,0.9825407764759936,0.9826678367705134,0.9860924181247196,0.9896768402154399,0.9916156809426694,0.9928538497003228,0.9945205479452055,0.9967592592592592,0.9971207087486157,0.9988705669753783,0.999553272280545,1.0,1.0,0.9995535714285714,0.9990892531876139,0.9977693508811064,0.9961573236889693,0.9943374858437146,0.9950022716946842,0.9918478260869565,0.9868008948545861,0.9841198836949229,0.9805953693495039,0.9807605251244907,0.9812302125734962,0.9741805118994162,0.9725078229772016,0.970310391363023,0.9723781720188637,0.9658862876254181,0.9617595048629531,0.9618117229129662,0.9579366836395838,0.9637988826815642,0.9587229190421893,0.9660824038242659,0.9614943845977538,0.9622554660529344,0.9629712746858169,0.9626251390433815,0.9626815642458101,0.9589926454201025,0.9653205566963268,0.9650507328072153,0.9650079527380141,0.9693042291950886,0.9757149341806627,0.9767008387698043,0.9780840488025305,0.9829457364341085,0.9804313987102513,0.9875650011304544,0.9902027796764639,0.9866213151927438,0.9911824553470495,0.9945103205972771,0.9977016777752241,0.9979919678714859,0.998428026049854,0.999316161385913,0.9997701149425288,1.0
1.0,1.0,0.9997739091114628,0.9991069435141773,0.9984054669703872,0.997338065661047,0.9949103784023013,0.9945330296127562,0.9928122192273136,0.9921700223713646,0.9859750667853963,0.9891754951635191,0.9845313921747043,0.9814690779191784,0.9800412938747419,0.9769248343614347,0.9765448804691024,0.9754474529600734,0.9768954688200987,0.9750953556203724,0.9721656483367278,0.9754377984989766,0.9671682626538988,0.9703037120359955,0.9677642182822933,0.9686785550983081,0.9664230242119689,0.9691959229898075,0.9700332963374029,0.9711280214861235,0.9729668332576101,0.9704746763570293,0.9765448804691024,0.9745667341886113,0.9766972888191799,0.978625603309584,0.9790257104194858,0.983363309352518,0.9878291657446338,0.9862178038861275,0.9884828349944629,0.9938566552901024,0.9931212381771282,0.9942465147156451,0.9973226238286479,0.9977308826866349,0.9990939977349943,0.9993244764692637,0.9997805092186128,1.0,1.0,0.9995590828924162,0.9997798811358133,0.9995458673932789,0.9970727313668093,0.9981634527089073,0.9940159574468085,0.9952840781495621,0.9913871260199456,0.9921348314606742,0.9870953135612407,0.987827285254938,0.9838420107719928,0.9804456571168713,0.9806611198560827,0.9824092629703852,0.9785953177257525,0.9724585759068518,0.9701459034792368,0.9740863787375416,0.9732042332807926,0.9703014184397163,0.9694412770809578,0.9709821428571429,0.9671607753705815,0.9620476610767873,0.9714811407543699,0.9691964285714286,0.969023569023569,0.970216606498195,0.9716535433070866,0.9754283137962128,0.974651746974195,0.9738385205232296,0.9822485207100592,0.9823243482103402,0.9828674481514879,0.9891832229580574,0.9877450980392157,0.9876106194690265,0.9914864242982052,0.9936507936507937,0.9923094322551459,0.9947727272727273,0.9954771596562642,0.9984269662921348,0.9993244764692637,0.9991035410129987,1.0,1.0
1.0,0.9997754322928363,0.9995508645856725,0.9990995047276002,0.9982034583426903,0.9968181818181818,0.9961866307761328,0.9948174853537629,0.9944308309200267,0.9903652251848533,0.9905681562991242,0.9909828674481514,0.9895112698058469,0.9855670103092784,0.9854644560526914,0.9797887000459348,0.9825072886297376,0.983081434694338,0.978563283922463,0.9804096170970614,0.9791523482245131,0.9795413669064749,0.9758926540823288,0.9817534490431686,0.9782411604714415,0.9765938475256353,0.9792418772563177,0.9782560461504327,0.9777222095930893,0.9783796085571234,0.9775230388851427,0.9801757152511827,0.9795379537953796,0.9836579359749272,0.9861175381767701,0.9853173706799186,0.985366951823503,0.9871881321645314,0.9888433515482696,0.994275246164415,0.9920526793823796,0.9944555333776891,0.9953874538745388,0.9952098540145985,0.9963011314186249,0.9971008028545941,0.9988761519442572,0.9995431703974418,1.0,1.0,1.0,1.0,0.9993303571428571,0.9997751293006522,0.997737556561086,0.9972807613868117,0.9944146559428061,0.9917427205562799,0.9946949602122016,0.9912943871706759,0.9912339851652057,0.9855205699839118,0.9877012522361359,0.9868215322760777,0.987943585077343,0.9808730873087309,0.982545293857711,0.9815730337078652,0.9784204671857619,0.9753749720170136,0.9812004530011325,0.9793333333333333,0.9727314390467461,0.9784045835169678,0.9741714285714286,0.9793211957743313,0.9773755656108597,0.9776707530647986,0.9767129422301836,0.9788532810115544,0.9745610085547051,0.9818057766659086,0.983396903746915,0.9797146678555506,0.9838010495094685,0.9871882864333105,0.9859154929577465,0.9897504456327986,0.9901543969568136,0.9912502878194797,0.9927437641723356,0.9921622867680959,0.9957255343082114,0.9975647553686074,0.9970661250282103,0.998438197233378,0.9993164730006835,0.9995514689392241,1.0,1.0
1.0,0.9995603429325126,0.9993278064082456,0.998631074606434,0.999113867966327,0.9984290843806104,0.9975336322869955,0.9961249145201733,0.9950572904965176,0.994526795895097,0.9934714092751014,0.9935035842293907,0.9920212765957447,0.9874015748031496,0.9908276916357284,0.9874636221177524,0.9887615194425714,0.984497865648169,0.9859247855729052,0.9843330349149507,0.9842093390480487,0.9826280623608018,0.9864651477554703,0.984769364664926,0.984786557674841,0.9834266517357223,0.9796907454419571,0.9811492164433341,0.9842227378190255,0.9815647482014388,0.9868509026075328,0.9836608522852727,0.9854905573468448,0.9852084267144778,0.9863043958471394,0.9890660592255125,0.988793671720501,0.9928190873291638,0.9936723163841807,0.9928202827013687,0.9953498671390612,0.9959812458137978,0.9961521050248981,0.9961840628507295,0.998211091234347,0.998658018340416,0.999098896147781,1.0,0.9997742663656884,1.0,1.0,0.9995554567681707,0.9993164730006835,0.9983989021043,0.9984333034914951,0.9979968840418428,0.9982070820259973,0.9957062146892656,0.9951881014873141,0.9954001839926403,0.9943668319062641,0.9920088790233075,0.991304347826087,0.9884353741496599,0.9889807162534435,0.9867415730337079,0.9913973494536155,0.9882224645583424,0.983510277840524,0.984982332155477,0.9848997070092405,0.9841950778956875,0.9830015656452695,0.9836944382398928,0.9854423292273237,0.9823569328206289,0.9843430905377808,0.9865223155103845,0.9831564374711583,0.9839034205231388,0.9825066430469442,0.9849180327868853,0.9879154078549849,0.9872611464968153,0.9848653460939238,0.991210277214334,0.9885727089401748,0.9921295255228244,0.9917077543702376,0.9937486045992409,0.9948911594846734,0.9961763382816015,0.9975374972017014,0.997807978956598,0.9988576650673978,0.9995467935644686,0.9990800367985281,0.999777183600713,1.0,1.0
1.0,1.0,1.0,0.9993325917686318,0.9993181818181818,0.9986288848263254,0.9975297552211992,0.9956422018348624,0.9966109353818347,0.996372704602131,0.9941296003612554,0.9965643609711407,0.9958922866271109,0.992626728110599,0.9926973984481972,0.9890429338103757,0.9899754956560481,0.9914604773374206,0.9899543378995433,0.9896544133832269,0.9873865899535296,0.9840248502329709,0.9879173989455184,0.9867971773275666,0.9859594383775351,0.9882352941176471,0.9868540344514959,0.9895219384413884,0.9892003676470589,0.9873303167420815,0.9885906040268456,0.9903713892709766,0.9866182807892946,0.9902805389882925,0.9921927280838724,0.9924155366582394,0.9939230249831195,0.9947786606129398,0.9935555555555555,0.9957178273608294,0.9952087611225188,0.9963108139266774,0.998220640569395,0.9979624179307222,0.9993387701124091,0.9995588883987648,1.0,1.0,0.9997716373601279,1.0,0.9997775800711743,1.0,0.9995434832230085,0.9991031390134529,0.9991083370485956,0.9993231046931408,0.9986541049798116,0.9983833718244803,0.9960079840319361,0.9961381190368015,0.9949092518813635,0.9959266802443992,0.9930305755395683,0.9935543278084714,0.9922107674684995,0.991810737033667,0.9905158454776776,0.9873188405797102,0.9884979702300406,0.9864529239105893,0.9899012567324955,0.9877641824249166,0.9872979214780601,0.9844823764132121,0.9876404494382023,0.9897755056679262,0.9876404494382023,0.9884432358939497,0.9869133574007221,0.9878323569175305,0.988243123336291,0.9921665174574754,0.9894640403114979,0.9910877513711152,0.9902568644818424,0.991875423155044,0.9900520009043635,0.9949783154530929,0.9952861952861953,0.99527983816588,0.9952038369304557,0.9959641255605381,0.9980245829675154,0.9973351099267155,0.9984,0.9990956364458512,0.9997785160575858,0.9995502586013042,1.0,1.0
1.0,1.0,0.9997765363128491,0.9993215739484396,0.9995577178239717,0.9993097100782329,0.9995495495495496,0.9986434546687768,0.9984184365115228,0.9975045372050817,0.9968043825610591,0.9984248424842485,0.9953805543334799,0.9957379991027366,0.9955177050649933,0.9948568872987478,0.9946091644204852,0.993103448275862,0.9920291505351856,0.993978590544157,0.9937007874015747,0.9933730947647449,0.9913774043776254,0.9952370151961896,0.9928138333707612,0.9922463447053611,0.9923698384201077,0.9941559901101371,0.9906562847608453,0.9934977578475336,0.9943515589697244,0.9938830992297236,0.9939933259176863,0.9947987336047037,0.9926923955240923,0.9941494149414941,0.9939120631341601,0.9970420932878271,0.9963107638888888,0.9961494903737259,0.9962062039723276,0.9984294368409243,0.9984170058796924,0.9995449374288965,0.9991083370485956,1.0,0.9997723651263374,0.9993109784106569,0.9995476136620675,1.0,1.0,1.0,0.999769903359411,0.9995374653098983,0.9986351228389445,0.9988511029411765,0.999092970521542,0.9993325917686318,0.9968518102091297,0.9978084593469209,0.9964213822411093,0.9973208305425318,0.9959007059895241,0.9962222222222222,0.995697463768116,0.9934699392028822,0.9947271893626777,0.9938107869142352,0.9937416182387125,0.9944493783303731,0.9904274265360641,0.991414369633981,0.9928873082907312,0.9942363112391931,0.9933714285714286,0.9928538497003228,0.991793936630955,0.9897068695457597,0.9916023604176123,0.9948488241881299,0.9924394040471426,0.992449478125694,0.9931003783663477,0.9933862433862434,0.9948568872987478,0.995549621717846,0.9965596330275229,0.9961849192100538,0.9968659055294381,0.9971091839003781,0.9981684981684982,0.9972905847821179,0.9991113085980893,0.9990942028985508,0.9988794262662484,0.9997758852532497,1.0,1.0,0.9995551601423488,1.0
1.0,1.0,1.0,0.9997751293006522,0.9997739602169982,1.0,0.9990999099909991,0.9991045444369823,0.9988994056790667,0.9981949458483754,0.9990798251667817,0.9982098903557843,0.9977303676804358,0.9968043825610591,0.9966495421040875,0.9977257220832386,0.9968297101449275,0.9970641373080398,0.9963776318768395,0.9952185792349727,0.9946416610850636,0.9962522045855379,0.9962104324565314,0.9951801698416342,0.9940066592674806,0.9963751699139103,0.9957370428539376,0.9968203497615262,0.9945167923235092,0.9961538461538462,0.9957322551662174,0.9942579505300353,0.9974851394604481,0.9957158962795941,0.9975647553686074,0.9966223823463184,0.9968425800631484,0.9977743156020477,0.99842661272196,0.9974828375286041,0.9986376021798365,0.9982544185031639,0.9988733663812528,0.9993374558303887,1.0,0.9995479204339964,0.9997697974217311,1.0,1.0,1.0,1.0,1.0,0.9997800263968324,1.0,0.999552071668533,0.9997749774977498,0.9993195735994557,0.9986610131667039,0.9997733454215775,0.9982170715400045,0.9988746342561332,0.9986531986531987,0.9972608993380506,0.9974994316890202,0.9962045099352534,0.9977482548975456,0.9975446428571428,0.9957740213523132,0.9968225147526101,0.9951089373054691,0.9961909029800583,0.9961107298101121,0.9950892857142857,0.995489400090212,0.9966200991437585,0.9946773120425815,0.9957899401728341,0.9961934617107031,0.9958075904677847,0.994108316338092,0.9966254218222722,0.9959404600811907,0.9954812471757795,0.996224739062847,0.995803886925795,0.9963841807909605,0.9963495322838238,0.9986636971046771,0.9988690341551685,0.9986754966887417,0.9990937924784775,0.9993180268242783,0.9997754322928363,0.9997728305315765,0.9995408631772268,1.0,0.9997739602169982,1.0,1.0,1.0
1.0,1.0,1.0,0.9995494480738906,1.0,1.0,0.9995481247175779,1.0,0.9993194192377496,0.9993201903467029,0.9997731911998186,0.9989221815046346,0.9986519883172321,0.9991171926726992,0.9984420209214333,0.9995568358076667,0.9995507637017071,0.9986175115207373,0.9982336056524619,0.9986416119538148,0.9973504084786928,0.9984343547304854,0.9979897252624526,0.9979743416610398,0.9988662131519275,0.9970554926387316,0.9986288848263254,0.9977836879432624,0.9977512930065212,0.9979924157929958,0.997135301895108,0.9993235625704623,0.99791280148423,0.9986440677966102,0.9986341907580242,0.9991027366532077,0.9993197278911564,0.9982186595413048,0.9997738068310337,0.9997755834829444,0.9986366734832992,1.0,0.9984350547730829,0.9997801231310466,0.9997774810858923,1.0,1.0,1.0,0.9997752303888514,1.0,1.0,1.0,1.0,1.0,0.9997721057429353,0.9997764363961547,0.9993227990970655,0.9986672589960017,0.9993209597102761,0.9995454545454545,0.9986905281536447,0.999092970521542,0.9986391471989113,0.9993085964507951,0.9986556128164912,0.9984259051045649,0.9975141242937853,0.9982456140350877,0.9979706877113868,0.9981851179673321,0.9977457168620378,0.9984304932735426,0.9993234100135318,0.997744700045106,0.9975197294250282,0.9980101702409905,0.9984420209214333,0.9979045401629802,0.99776885319054,0.9977548271216884,0.996859578286227,0.9979315099977016,0.9991031390134529,0.9986687375194142,0.9988881476539916,0.9991051454138703,0.9986338797814208,0.9993100275988961,0.9986556128164912,0.999552171965965,0.9995568358076667,0.9993167843315873,0.9997759856630825,1.0,0.9997719498289623,0.9997773820124666,1.0,0.9997759354694152,1.0,1.0
1.0,1.0,1.0,1.0,1.0,1.0,1.0,1.0,0.9997694790225911,1.0,0.9997754827121689,0.9997780736795384,0.9995449374288965,0.9993049119555144,1.0,0.9997799779977998,1.0,0.9993158494868871,0.9995460735360872,0.9997703788748565,0.9997738579828132,0.9995507637017071,0.9995505617977528,0.9993153811045185,0.9997751798561151,0.9997752303888514,0.999104744852283,0.9997727789138832,0.9995455578277664,0.9993119266055046,1.0,0.999546176537327,0.9995431703974418,0.9993426818580193,0.9995467935644686,0.9993160054719562,1.0,0.999316161385913,0.999554367201426,0.9997673877645964,0.9995552590615966,0.9997737556561086,1.0,1.0,1.0,1.0,1.0,1.0,1.0,1.0,0.9997791031588248,1.0,1.0,0.9997747240369452,1.0,1.0,1.0,0.9995529727313366,1.0,0.9995522722184912,1.0,0.99977939554379,1.0,0.9995443153337891,0.9995490417136415,0.9995489400090212,0.9997760358342666,0.999771897810219,1.0,0.999543691535478,1.0,0.9993203443588582,0.9993227990970655,0.9990946129470348,0.9997749774977498,0.9993464052287582,0.9997776295307983,0.9997710098465766,1.0,0.9995420196931531,0.9997771339425006,0.9997769848349688,1.0,0.9997686256362796,0.9995442114858706,0.9995561473590768,0.9995526727801387,0.9997737556561086,0.9993153811045185,0.9995377859949156,0.9995460735360872,0.9997742663656884,1.0,1.0,0.999774062358789,1.0,1.0,1.0,1.0,1.0
1.0,1.0,1.0,1.0,1.0,1.0,1.0,1.0,1.0,1.0,1.0,1.0,1.0,1.0,1.0,1.0,1.0,1.0,1.0,1.0,1.0,1.0,1.0,1.0,1.0,1.0,1.0,1.0,1.0,1.0,1.0,1.0,1.0,1.0,1.0,1.0,1.0,1.0,1.0,1.0,1.0,1.0,1.0,1.0,1.0,1.0,1.0,1.0,1.0,1.0,1.0,1.0,1.0,1.0,1.0,1.0,1.0,1.0,1.0,1.0,1.0,1.0,1.0,1.0,1.0,1.0,1.0,1.0,1.0,1.0,1.0,1.0,1.0,1.0,1.0,1.0,1.0,1.0,1.0,1.0,1.0,1.0,1.0,1.0,1.0,1.0,1.0,1.0,1.0,1.0,1.0,1.0,1.0,1.0,1.0,1.0,1.0,1.0,1.0,1.0
