1.0,1.0,1.0,1.0,1.0,1.0,1.0,1.0,1.0,1.0,1.0,1.0,1.0,1.0,1.0,1.0,1.0,1.0,1.0,1.0,1.0,1.0,1.0,1.0,1.0,1.0,1.0,1.0,1.0,1.0,1.0,1.0,1.0,1.0,1.0,1.0,1.0,1.0,1.0,1.0,1.0,1.0,1.0,1.0,1.0,1.0,1.0,1.0,1.0,1.0,1.0,1.0,1.0,1.0,1.0,1.0,1.0,1.0,1.0,1.0,1.0,1.0,1.0,1.0,1.0,1.0,1.0,1.0,1.0,1.0,1.0,1.0,1.0,1.0,1.0,1.0,1.0,1.0,1.0,1.0,1.0,1.0,1.0,1.0,1.0,1.0,1.0,1.0,1.0,1.0,1.0,1.0,1.0,1.0,1.0,1.0,1.0,1.0,1.0,1.0
0.9994536514296121,0.9992792792792793,0.9996389891696751,0.9998186434530286,0.9994519546949214,0.9992754935700054,0.9987695552821234,0.9998209489704566,0.9994669509594882,1.0,0.9994606256742179,0.9998177510479315,1.0,0.9996432393863718,1.0,0.9991055456171736,0.9996482588814632,0.9998251136761105,0.9994570135746607,0.9998187420699656,0.999645075421473,0.9998236953455572,0.9994694021931376,1.0,0.9996401583303347,0.9996359002366648,0.999820788530466,0.9998187092095722,0.9994723883221949,0.9996333638863428,0.9991003958258367,0.9994594594594595,0.9996407400754446,0.9998192008678358,1.0,0.9989134371604491,0.999640933572711,0.9994587768356485,1.0,0.999269406392694,0.9990872581234027,0.9994627507163324,0.9992912827781715,0.9994600431965442,0.9992770648834267,0.9996422182468694,0.9987654320987654,0.9996505939902166,0.9990874247125388,0.9994543470352856,1.0,1.0,0.9998218421521468,0.9998233215547703,0.9992822537233088,0.9996424101555516,0.9989189189189189,0.9994673295454546,0.9996463932107497,1.0,1.0,1.0,0.9998180825905039,0.9992819960509782,1.0,0.9996425379803396,0.9996393146979261,0.9996397045577373,0.9996359665089188,0.9998225691980128,0.9994586791771923,0.9998207242739333,0.99964176965789,1.0,0.9991012043861226,0.9996375498368975,0.9992741789148974,0.9994660021359915,0.9998195922785496,0.9990798675009201,0.9994587768356485,0.9989337124577928,0.9992826398852224,0.999819233550253,0.9989224137931034,0.9996411268616544,0.9994590695997115,0.9994564232650842,0.9996389239935006,0.9988972615328064,0.9989239598278336,0.9989363588016309,0.9998203377650018,0.9994633273703041,0.999438622754491,0.9996400935756703,0.9994627507163324,0.9985585585585586,1.0,0.9994604316546762
0.9980343102215868,0.9971223021582734,0.9985908050026422,0.9983645284390332,0.9980496453900709,0.9985655370270755,0.9989069047185279,0.9990907437715948,0.9983722192078134,0.9984062333982646,0.9987522281639929,0.9996382709350696,0.9987305041712006,0.9989130434782608,0.9994684620836286,0.9996490612388138,0.9987403275148461,0.9992872416250891,0.9991088932454107,0.9990884229717412,0.9992804461234035,0.9987482117310443,0.9989344698987747,0.9978335439610038,0.9994627507163324,0.998927805575411,0.9980190887808392,0.9973271560940841,0.9974833722811433,0.9976513098464318,0.9980151569830387,0.9967111273524575,0.9976802284082797,0.9976355038195708,0.9970463356101164,0.9965925394548063,0.9973707274320771,0.9965548504079782,0.9974503733381898,0.9973285841495992,0.9967379485320769,0.9973050664750269,0.9978467611699264,0.998191027496382,0.9978708303761533,0.997808619430241,0.9981795011833242,0.9980140819642535,0.997624269005848,0.9967914438502674,0.9985462475013629,0.9981824790985097,0.9989124524197933,0.998018018018018,0.9983870967741936,0.9989312433202707,0.9991036213696666,0.9985805535841022,0.9985711734238257,0.9987421383647799,0.9987407807159561,0.9989403037795832,0.9989333333333333,0.9989206691851052,0.9987437185929648,0.9976781568137167,0.99891559732514,0.9983455882352941,0.9990997479294202,0.9987632508833922,0.9978070175438597,0.9989320042719829,0.9992761491132827,0.9980240704149452,0.9983821678950207,0.9989088925259137,0.996939693969397,0.9974447891951086,0.9976818830242511,0.9969948736079194,0.9974883387154646,0.9974646867077146,0.997462848858282,0.9971212666426772,0.9967925873129009,0.9967332123411978,0.9967141292442497,0.9972477064220183,0.9956996953950905,0.9971489665003563,0.9976220962136455,0.9970993473531544,0.9983812949640288,0.997332384847946,0.9985438660356752,0.9978005865102639,0.9980486074152918,0.9979956268221575,0.9977039915224303,0.99728555917481
0.9953271028037384,0.9959934438171554,0.9952354773685175,0.9969113372093024,0.9969402447804175,0.9969820699449672,0.9969495783240624,0.9956966110812264,0.9976618705035971,0.9965741074648395,0.998018018018018,0.9974401170232218,0.9983772087991345,0.9977985690698954,0.9969729344729344,0.9977076353376829,0.9975312995944278,0.9976380813953488,0.9965974212034384,0.9967914438502674,0.9971560611446854,0.9971019742800218,0.9964266571377524,0.9969863499379542,0.996767821871072,0.9958136148525665,0.9958751793400287,0.9940976569486675,0.9927369353410097,0.9929428369795342,0.9945887445887446,0.9932702801018553,0.9945965417867435,0.9938539407086044,0.9941637789531278,0.9931246607562874,0.9951078093857583,0.9938815907863955,0.9932191291934332,0.9927588703837799,0.9922508560100919,0.9941870706358993,0.9949385394070861,0.99349123124209,0.9945205479452055,0.9948075201432408,0.9961068837373916,0.9935725763256561,0.9947511312217194,0.9939945404913558,0.9964720409243253,0.9961233154882776,0.9967747715463179,0.9980279670132663,0.9976710856323898,0.9965716347888849,0.9967637540453075,0.9972801450589301,0.9969341749323715,0.9987270412802328,0.9985559566787003,0.9984132581100141,0.9980513728963685,0.9971014492753624,0.9961538461538462,0.9976685796269728,0.9965882564194649,0.9973290598290598,0.9973074851911685,0.9966294128082314,0.997471098265896,0.9960538116591928,0.9972577696526508,0.9953612845673506,0.9969626585670895,0.9965907051857168,0.9943471918307805,0.9954304514713946,0.9930909090909091,0.9940497655968266,0.9950702939565456,0.9931333574268161,0.99466097170315,0.9933043792978646,0.9924091812759804,0.9945867917719234,0.993342929111191,0.9953161592505855,0.9929103154909606,0.9917102180573076,0.9920606279321544,0.9937230989956959,0.9942806076854335,0.9944839857651245,0.9939813970454131,0.9934162399414777,0.9951811529537747,0.9958295557570263,0.9964061096136568,0.9960310301280895
0.991825128843078,0.992902767920511,0.9923145665773012,0.9951482479784367,0.9926903191299697,0.9931875224094657,0.99568345323741,0.9949266171407863,0.9949856733524355,0.9949809622706819,0.9962699822380107,0.9962792345854005,0.996040316774658,0.996260017809439,0.9948398576512456,0.996385977593061,0.9959052875200285,0.996754417598269,0.9941870706358993,0.9941531152932578,0.9922396679299765,0.9935610803076372,0.9936800288912965,0.9925237053245806,0.9927849927849928,0.9908078486830475,0.9888408927285817,0.9908879757012685,0.992253647991353,0.989891564050726,0.9885703918722787,0.9895297249334516,0.9879734338538863,0.9865398420674802,0.9887600356824264,0.9880867709815079,0.9880087209302325,0.9864988140850209,0.9910410320731052,0.9875022317443314,0.9865398420674802,0.9880534082923401,0.988768051346051,0.985451197053407,0.9892999637286906,0.9903554206108234,0.9906094968107725,0.9909600433917917,0.9931370778399855,0.9916310541310541,0.9920948616600791,0.9931826336562612,0.9926806953339433,0.9939133548156105,0.9943901556279406,0.994449418084154,0.9951377633711507,0.9954289732770746,0.9961692812842029,0.9956694334175388,0.9965753424657534,0.9957386363636364,0.9963741841914431,0.9956756756756757,0.9953612845673506,0.9944374663556432,0.9965943717512099,0.9943769272628333,0.9946140035906643,0.9936808846761453,0.994337285436206,0.9917813114168305,0.9924187725631769,0.9935251798561151,0.9926510127262951,0.9915300054063795,0.9898624185372918,0.9901610017889088,0.9905204793417993,0.9905017921146954,0.987375533428165,0.9903588644884842,0.9911022335209733,0.9890070282933862,0.9885579367962223,0.989188231123715,0.9890968562602217,0.9869509281382098,0.9886530014641288,0.9871679016808241,0.9888248017303533,0.9886925795053003,0.9879781420765027,0.9870470855942587,0.9903829029385575,0.9900240798073615,0.989656381486676,0.9903191107923988,0.9927007299270073,0.9900917431192661
0.9885836603638958,0.9867525957751522,0.9883678662304617,0.9888469149127541,0.9924256086564472,0.9916560856158172,0.9915487782472902,0.9935340846111214,0.9911440448219773,0.9938820912124583,0.9921888869163856,0.9919857524487978,0.9931716082659479,0.9944354693950817,0.9927033929222912,0.9937242244934552,0.9939170506912443,0.9904314858277667,0.9920520231213873,0.992431235000923,0.9927007299270073,0.9876961483594865,0.9896336014298481,0.9912822375590266,0.9895325753474102,0.9871840512637949,0.9863432165318958,0.9852650494159928,0.9857271906052394,0.9834153453617641,0.982648401826484,0.9854473589651456,0.9794143744454303,0.980544747081712,0.9803886610804065,0.980300018073378,0.9807311363227085,0.9820412517780939,0.9805008944543828,0.9807450062983625,0.981889904966828,0.9825124910778016,0.9801565628982342,0.9828508205790153,0.9823911028730306,0.9846153846153847,0.9851048179477749,0.9860406091370558,0.9862418537291817,0.9847439157282964,0.9879885263535317,0.9892876272094269,0.9904727006229388,0.9893446989877464,0.9911600216489266,0.9915482826829707,0.9919766593727206,0.992579185520362,0.9913966684971627,0.9929347826086956,0.9956973825743994,0.9949302915082383,0.9952623906705539,0.9943809702191422,0.9935920908092274,0.9939641398899343,0.9936119729877715,0.9923636363636363,0.9909616775126536,0.9910217274196444,0.9900883041989548,0.988926594034649,0.9935633827999285,0.9883030412092856,0.9874682164911006,0.9865422573120401,0.986039019151602,0.9866143137604855,0.9836838288614939,0.9862393626652182,0.9826040172166427,0.981474688187821,0.9841412867183277,0.9819178082191781,0.9823008849557522,0.9809201141226819,0.9814748201438849,0.9818873392501358,0.9811015118790497,0.9813853588688026,0.9817634560906515,0.9815451420300344,0.9798071675459341,0.9841777777777778,0.9842547861871533,0.9859180357465246,0.9867513611615245,0.9878754976474846,0.9866305329719964,0.9858306765851931
0.9842406876790831,0.9841587764020393,0.9852102637205987,0.9848457184590104,0.9840799703813402,0.9874454148471615,0.9879715691634773,0.9878883622959452,0.9885448362269554,0.9882289994649546,0.9899304284145002,0.9892035398230089,0.9918918918918919,0.9918845807033363,0.9911360347322721,0.9879105016239624,0.9919585418155825,0.990149580445093,0.989709333814768,0.9869718309859155,0.9875518672199171,0.9888809182209469,0.984927328189485,0.9856909980076073,0.9809180918091809,0.9777456124479826,0.9803748231966054,0.9795881173683252,0.9794710560384686,0.9787778997438712,0.9763679331030721,0.9774072081764389,0.9759624073739381,0.9731251134919193,0.9710196779964222,0.9742759489116748,0.973070666907645,0.9725953788285868,0.9701709712622771,0.9686874203531768,0.9721072521144503,0.9757455982752425,0.9747364594692839,0.9729082196830078,0.9771418286537077,0.9766380726409929,0.9824309788454644,0.9785610465116279,0.9782491461441668,0.9822090437361009,0.9814440565864413,0.9823403496254014,0.9800463210404419,0.9863692688971499,0.9895316804407713,0.9856389747318669,0.9891168599464764,0.9913228262794405,0.9883295593102247,0.9889415481832543,0.9882629107981221,0.9895664687893506,0.9902244750181028,0.9923214285714286,0.9902654867256637,0.9906926794344013,0.9889816953971922,0.9879239921861126,0.9866863905325444,0.9897352782279849,0.9856749311294766,0.9852786540483701,0.9827926151640078,0.9853806382599394,0.9823168531216168,0.9823315118397086,0.9785637727759914,0.9839457723867285,0.9806369887803112,0.9758620689655172,0.9751366602010227,0.9739555073250136,0.96975153042852,0.9735667083407752,0.9730901210041538,0.9688462235102336,0.9770408163265306,0.9757281553398058,0.9701412479885572,0.971830985915493,0.9711224119142753,0.9773878437047757,0.9705403939996385,0.9795410069382672,0.9773267507771073,0.9778329491044512,0.9818996415770609,0.9784459337076616,0.9785469623219758,0.9831735118509137
0.9727891156462585,0.9723477317910717,0.9775424502464853,0.9805999640740075,0.9781322817709267,0.9826289398280802,0.9843444227005871,0.9841587764020393,0.9863232682060391,0.9859719438877755,0.9886363636363636,0.9889726153280647,0.9870815138282387,0.9878091872791519,0.985480943738657,0.9863232682060391,0.9837354781054513,0.9849990963311043,0.9838884866039103,0.9818181818181818,0.9829484902309059,0.9780553077609278,0.9809663250366032,0.9815111111111111,0.9758340847610459,0.9755793226381462,0.9719272989022854,0.9751270878721859,0.9706144256455922,0.966786355475763,0.9705776820954432,0.9650702196615052,0.9661879658243956,0.9651372832369942,0.9637641968631693,0.96289592760181,0.9625474941197757,0.9627782724844167,0.9640287769784173,0.9657951289398281,0.9603571428571429,0.9654742836803701,0.9655235650100862,0.9677821288714845,0.9666243424632687,0.9697396199859254,0.9709671565958992,0.9730941704035875,0.9730418943533697,0.9744272775705913,0.978898426323319,0.9772523732760164,0.9773060029282576,0.9813844207482378,0.9811488529254846,0.9833964988269266,0.9838100377765785,0.9835586408476434,0.985763825515605,0.9862914862914863,0.9895739708790221,0.9886467679912104,0.988067257277165,0.9878270348837209,0.9863921217547,0.9874236435501258,0.9849392124841226,0.9860315186246418,0.9834283677833214,0.9844086021505376,0.9841354723707665,0.9808422194108078,0.9830600108127591,0.9767021852988983,0.9796212804328224,0.9764229139804752,0.9723937522702506,0.970073913827294,0.975290957923008,0.9703427455158942,0.9665242165242165,0.9694009216589862,0.9627261099945186,0.9666426253155427,0.9612573099415205,0.9637103912196849,0.9648614381452636,0.9645108989371285,0.9654859218891917,0.9673638658492607,0.965896788163118,0.9605876030096739,0.9696969696969697,0.9647796422644292,0.9666666666666667,0.9706729039222742,0.9720730397422127,0.9728605029853447,0.9732386673948662,0.9795583135608688
0.9723207948899929,0.9702150158618259,0.9731496202084438,0.9765485141424991,0.9752394722573648,0.9760816039395005,0.9766113194072487,0.984302862419206,0.9806859205776173,0.9796137339055794,0.9820921985815603,0.9865272114873249,0.9840415994262148,0.9847259658580413,0.9832829450471279,0.9836507366151634,0.9817327766179541,0.9825343076100517,0.980873330927463,0.9810435096587832,0.9751655629139073,0.9715512614063339,0.9743774810537712,0.9714285714285714,0.9723826714801445,0.9703163881976538,0.9672398190045249,0.967032967032967,0.9630841971267503,0.9571581578007854,0.9636493228795439,0.9582508547777577,0.9554517693551284,0.9549484349556722,0.9529983792544571,0.9558262134157426,0.9505844845908608,0.9497967120381828,0.9555714797563597,0.9534588917059037,0.9493419866594556,0.9577186038143217,0.9585152838427947,0.9542682926829268,0.9571815718157182,0.9571914741178578,0.9628286491387126,0.9636630574417324,0.9621376811594203,0.9670110567337321,0.9651204602660913,0.9684692942254812,0.9756756756756757,0.9717705913882437,0.9808306709265175,0.9779829545454546,0.9835888187556358,0.9810461089848733,0.9825884042362233,0.9829184081410139,0.983339179235356,0.9819868022115213,0.9864575908766928,0.9832879200726612,0.9844484629294756,0.9831147835458954,0.9800605305323126,0.9767693138843868,0.9814748201438849,0.9783149662282261,0.9774355300859598,0.972202166064982,0.9732649697857535,0.9707538601271571,0.9649122807017544,0.9718665464382327,0.9661407551852509,0.9689922480620154,0.9648151455617074,0.9589411129119395,0.9591726618705037,0.961287988422576,0.9546844092789066,0.9496776504297995,0.9568141592920354,0.9485426412378554,0.9528814787966654,0.9561908297753852,0.9506238859180036,0.9487676056338028,0.9474542489581446,0.955695067264574,0.9601793721973094,0.9591544249372984,0.9551891019896038,0.9628384356751017,0.9674226061915047,0.9638790035587189,0.9669300018372221,0.9708808102731055
0.9603729603729604,0.9598827624106979,0.9681093394077449,0.968682114409848,0.9692307692307692,0.9679811866859623,0.9735039653929344,0.9762579730687456,0.9791629243757859,0.9802946919936091,0.9808381088825215,0.9770031027559773,0.9826008968609865,0.9763421292083713,0.9811117107393416,0.9760371959942775,0.9770032339202299,0.9746812713233973,0.973612868245075,0.9723227206946454,0.9709208400646203,0.9679475827873207,0.9667590027700831,0.9638146167557933,0.9611474219317356,0.9576796789492886,0.9548387096774194,0.9586549062844543,0.9519492293744334,0.9447785675232367,0.948537378114843,0.9467250501733261,0.9426683336310056,0.9455879720780384,0.942707392011567,0.9430099594245666,0.9391558560204641,0.9420289855072463,0.9400896860986547,0.9391662193594561,0.9400182315405652,0.9394102840704782,0.9496534111638089,0.943345804382683,0.943042537851478,0.9509300265721877,0.9524593161455477,0.9512107623318385,0.962152466367713,0.9650499286733238,0.9639671780235461,0.9632813899337274,0.9670804101457097,0.9686042339433082,0.9713513513513513,0.972257711261179,0.9773763911694946,0.9774627408215194,0.9730357142857143,0.980327868852459,0.9808381088825215,0.9780435558729025,0.978849256139093,0.9808243727598567,0.9770867430441899,0.9793963491776613,0.9795118474968822,0.9766196680349812,0.9765965166908563,0.9675,0.9673237435624223,0.9673972106502445,0.9656959085224227,0.9608467590858,0.9658836689038032,0.9586835986406725,0.9557779799818016,0.9531778529464127,0.9560695714541868,0.9500537056928035,0.9475303057716664,0.9443842542434092,0.9464447258910802,0.9468377635197067,0.9403328611898017,0.9423716938167805,0.9366045845272206,0.9443125798794961,0.9429434767152506,0.9490018148820326,0.9445048966267682,0.9439685938615274,0.9447444204463643,0.9519418336584501,0.9502425004490749,0.949584291526623,0.9510840351191543,0.9524572649572649,0.9618499190210545,0.9637473079684135
0.949236776712815,0.9551212450235251,0.950445632798574,0.9590998392570101,0.9614409847936278,0.9664612037708484,0.9638641728708915,0.9701282727112985,0.9726805038140856,0.9732175840413743,0.9736319306483655,0.9751552795031055,0.9775768535262206,0.971473851030111,0.9748279608837378,0.9785508291276136,0.9744742045658817,0.9728490185287103,0.9695495495495495,0.9658740243238337,0.9681505609844372,0.9635049365303244,0.9643447895607425,0.9578702043743277,0.9547310491745074,0.9493805309734513,0.9519282511210763,0.9483162254637133,0.9366351056081573,0.939432063263839,0.9333453431814087,0.932475884244373,0.9319034852546917,0.9278143274853801,0.927533599709408,0.920444364809174,0.9353571428571429,0.9328703703703703,0.9291479820627803,0.929818311364446,0.9351214208046393,0.9275155832591273,0.9293254607264269,0.9325403870051482,0.9335249730506647,0.9419101924447613,0.9418312387791742,0.9429920116194626,0.9428160402805251,0.948907681465821,0.9544487770294222,0.9560117302052786,0.9561832337497737,0.9615106613661004,0.9650450450450451,0.9666200629150646,0.9719202898550725,0.9747155499367889,0.9713364385524902,0.9727305346250449,0.9758949451340169,0.9746514575411914,0.9737169241697745,0.9718961223763786,0.9769952220845868,0.9738480697384807,0.9727306002928258,0.9692055393586005,0.9650224215246637,0.9666428826257581,0.9631493798310264,0.9605359765051396,0.9560201874549387,0.9540936200975962,0.9526585408938351,0.9463371579876434,0.9446534121440086,0.9426990360585505,0.9372499090578392,0.9360780065005417,0.9373673036093418,0.9299280840862991,0.9286746117732033,0.9221754257462004,0.9251037718823317,0.9268689057421452,0.9257532281205165,0.9296445584463173,0.9242805755395683,0.9328691305124085,0.9303241984596096,0.9361663977048592,0.9310720116089244,0.9397975492807672,0.9333333333333333,0.9422759758108851,0.9419401370357015,0.9413879899316793,0.9510452027872074,0.94995499549955
0.9425349087003222,0.9519074308443319,0.9526842584167425,0.95492700729927,0.9546860782529573,0.9538210793190873,0.9586851086761272,0.9608928571428571,0.9647395740110972,0.9661453541858326,0.9694793536804309,0.9715058611361587,0.9722222222222222,0.9693658187029739,0.9739464941423326,0.9715002688653881,0.9683544303797469,0.9682798622439732,0.9627228525121556,0.9617073599156859,0.954077020430302,0.9568781183178903,0.9517266317121678,0.9521324455641533,0.9449423815620999,0.9327909444640962,0.9318425760286225,0.9318918918918919,0.9297580353918382,0.9307637401855817,0.9237515661356721,0.9173717371737173,0.9218777996774772,0.9182230281051678,0.9150735294117647,0.9125673249551167,0.9103560455449123,0.9142447075708647,0.9118557639774176,0.9089924160346695,0.9124340069178956,0.9222241773711068,0.9191864650827933,0.9230908106156346,0.9201725997842503,0.9322064376910627,0.9330204007943672,0.9304552023121387,0.9331384727804165,0.9396474986647677,0.9437335670464505,0.9477490508045562,0.9515097690941385,0.9516332791914817,0.9589263195820573,0.9549856527977044,0.9637823371989295,0.9653411163808829,0.9705255681818182,0.9688435134659391,0.9694981379677248,0.9735567970204841,0.9729299363057324,0.9666728042717732,0.9741316931982634,0.9706834532374101,0.9688969258589512,0.9663063063063063,0.9619438985170627,0.9586072126487831,0.9593834995466909,0.9569500182415177,0.9494729189385678,0.9473684210526315,0.9367020320086316,0.9405543398978847,0.9361587982832618,0.9309914407988588,0.9237453449193119,0.9306194690265487,0.9228556015105197,0.9216803132787469,0.9175541681968418,0.9151231792843014,0.9181127982646421,0.9150524258041586,0.9055172413793103,0.9164677804295943,0.9141136886842571,0.9217958001448225,0.91625,0.9112816851124599,0.9244642857142857,0.9217979170473232,0.9230074100849449,0.9274555575507273,0.9282897095733238,0.9378050985355271,0.9359650718573768,0.9363976483164084
0.9327806812038205,0.9360970311368574,0.942555476020043,0.9437657204455624,0.9422303473491773,0.954004329004329,0.9517204107368041,0.9579633991665156,0.9623830093592513,0.9692838967648127,0.9629495096258627,0.9634957741413415,0.9654059867359742,0.9668271803103263,0.9611951175077428,0.960752974604866,0.9612833841190177,0.9638233729384643,0.9592061742006616,0.95521072121319,0.9537468626747938,0.9457198789820253,0.9471869328493648,0.9360215053763441,0.9298691860465116,0.9320315433721367,0.9254526091586794,0.9251738016831321,0.9123096679508347,0.9072276159654801,0.9099603031396608,0.905285946238499,0.9024870280908929,0.9059016992508679,0.8932871214885079,0.8979300499643112,0.8926811461945611,0.9001471129091578,0.8963955805107771,0.8997801392451448,0.8963606133382598,0.901824034334764,0.9020929407591345,0.9087136929460581,0.9081374321880651,0.9136981270657363,0.9203844758795793,0.9260994953136266,0.9233958183129055,0.925,0.9311711711711712,0.9328980776206021,0.9417766051011434,0.9519005584579355,0.953554841014648,0.9534673184863299,0.9585269932070075,0.9606963388370423,0.9546844092789066,0.9682625067240452,0.9630034627300893,0.9668439716312057,0.9696755994358252,0.9641247521182621,0.9640933572710951,0.9631923553353389,0.9608610567514677,0.9655863073561544,0.956281227694504,0.9520968908170644,0.94995499549955,0.9486277269528501,0.9465183058147882,0.9391754483268626,0.9287942741787484,0.9307845624207284,0.9265053665635802,0.9159678858162354,0.920880320116406,0.9129492504966589,0.9080994099767566,0.908179996356349,0.90552871712292,0.9006444683136412,0.9020637219406228,0.8973890816140223,0.8972787889709858,0.8949549549549549,0.8970640887934122,0.8954869358669834,0.8925693822739481,0.8963684676705048,0.9045495093666369,0.9101827676240208,0.9019286754002911,0.914804469273743,0.9227364927162087,0.9231046281289393,0.9291621718806184,0.935449166218397
0.9155156950672646,0.9267595569846374,0.9343434343434344,0.9347429821363471,0.9384392540286076,0.9443258626823194,0.9445938676707908,0.9494100822309618,0.9518745493871665,0.9548375580149946,0.9650249821556032,0.9578014184397163,0.9587946995825014,0.9582570487001099,0.9578313253012049,0.9588642155078267,0.958408354339215,0.9463406052076003,0.9470162748643761,0.947452229299363,0.9427966101694916,0.9437801177940389,0.9336001455339276,0.93342776203966,0.9249774571686203,0.9173763362928067,0.9153515064562411,0.906300776313414,0.9070949011068772,0.9044562626077388,0.9037604705043665,0.8853662905248074,0.8883627754507376,0.882573726541555,0.8840839763143729,0.8808419550481627,0.8854410968789465,0.878820763248327,0.8740549511340586,0.8843413118947561,0.8831700801424756,0.8860575172915909,0.8938906752411575,0.8970749542961609,0.8897202921788705,0.8880384478462087,0.9067781533534958,0.909799751905015,0.9125644215390084,0.9185619955979457,0.9198113207547169,0.9270516717325228,0.9374553252323088,0.9351548269581057,0.9379372197309417,0.9482386772106398,0.945792736935341,0.9501529602303401,0.9561781609195402,0.9570462438311095,0.9586086956521739,0.9640804597701149,0.9609149855907781,0.9622503206890233,0.9541201871176682,0.9598832968636032,0.9527965799786249,0.9504447268106735,0.9482633863965267,0.9444644140905823,0.9358742774566474,0.9358415121773901,0.9319148936170213,0.9263456090651558,0.9148141561444069,0.9143170999633834,0.9097812330500814,0.9002890173410405,0.9057045168256254,0.8957286432160804,0.8933645027872684,0.8902916073968705,0.8875718390804598,0.8843033509700177,0.8806818181818182,0.8888481963010437,0.8798120368696909,0.876143432125869,0.8809610484164543,0.8809782608695652,0.8831237825394015,0.893445558739255,0.8933069449442246,0.8874266405833185,0.8948606587043069,0.9020979020979021,0.9080606836044599,0.9088780839186026,0.9138147285432718,0.9150009004141906
0.9097499093874593,0.9180121994976678,0.9213216502373129,0.9217975937721161,0.9306327298799068,0.9323671497584541,0.9444144630329195,0.9444737304515902,0.95,0.950475506908308,0.9523721617131253,0.953958143767061,0.9552867876122412,0.9518973810796365,0.9549873964710118,0.9502971366828741,0.9464028776978417,0.9483094352982829,0.9422796795338675,0.9339199138085832,0.9334282662869349,0.9296187683284457,0.9252038284296349,0.9212971397340135,0.9122307281466975,0.9043839076312467,0.9025622518946229,0.8852693753356005,0.8897243107769424,0.8828828828828829,0.881315885132679,0.8742227749156155,0.8665830945558739,0.8631768953068593,0.8686672550750221,0.8646793134598013,0.8614072494669509,0.8520499108734403,0.8642574613448399,0.8683736025964659,0.8637577916295637,0.8724168912848158,0.8698010849909584,0.8800519095291064,0.869261119081779,0.8913480885311871,0.8929216323582521,0.8905571635311144,0.9019364007816664,0.9018615579251762,0.9114106019766397,0.9117382707172389,0.9228976152053076,0.9220731483183239,0.9372050816696915,0.9405395485410167,0.9413541851786031,0.9371801658725958,0.9430005377307761,0.9527233507100485,0.9568903318903319,0.9500793790792027,0.9508920360492918,0.9552631578947368,0.951589853519114,0.9517921146953405,0.9485611510791367,0.9381981981981982,0.939818924196698,0.9330135039090263,0.9343434343434344,0.9222262509064539,0.9150655413898366,0.913190129593467,0.9093688185578134,0.907507183908046,0.8953801905446701,0.8940770348837209,0.8791689447785676,0.8894416804864566,0.882766072393301,0.8687363834422658,0.8693840579710145,0.8712515711977016,0.8581804975485745,0.8575337468077344,0.8625967945254818,0.861838540726025,0.860406547940277,0.8633850543962903,0.8646953405017921,0.863333932745909,0.8705968242379997,0.8755603370987987,0.8764769065520945,0.8837964633706243,0.8872445384073291,0.8921412098634025,0.9067300658376006,0.9106205898317351
0.8973586243573834,0.9032903108525723,0.9146035163257984,0.9122615803814714,0.9187807994159518,0.9277847987001264,0.9314771289097812,0.9353901996370236,0.9445416375087474,0.9395484340859432,0.9439490445859873,0.9461867426942266,0.9429976324895283,0.9454611342634536,0.946607341490545,0.9403546480386888,0.9474982381959126,0.9446698635189967,0.9357000543379822,0.9232808909315892,0.9242067089755213,0.9209202012940331,0.9222261862290403,0.9050598962989451,0.8999083409715857,0.9011127063890882,0.8834322719913653,0.8871201157742402,0.8797944576986603,0.8666187309005932,0.8647591967300515,0.8580786026200873,0.8556607207863124,0.8510715583000363,0.8552342606149341,0.8485436893203884,0.8464207450693937,0.8488856676934228,0.8469835466179159,0.8453682135817954,0.8481216457960644,0.854561717352415,0.8585174625801854,0.8556571633494711,0.8559816221947341,0.8776681614349776,0.8742103307320699,0.8825688073394495,0.8784722222222222,0.8884691491275409,0.9072740367302845,0.9066176470588235,0.9094083057699375,0.9129806824336523,0.9198655581107377,0.9273245457784112,0.924141650188747,0.9390889830508474,0.9412395070548312,0.9423704240666908,0.9467412890413432,0.9497900310388899,0.9471739933505726,0.9479350511824921,0.9415445119771183,0.9480238224147266,0.9415992812219227,0.9349928366762178,0.9349828426946,0.9231329690346084,0.9208751139471285,0.9079710144927536,0.900453309156845,0.9020852221214869,0.9001457725947521,0.887035358114234,0.8840396753832281,0.875943309405485,0.8698446705945367,0.8561531449407475,0.8627839884601515,0.8524968899946685,0.8645907473309609,0.8437057991513437,0.8481647269471799,0.8487151646760768,0.8496697018389573,0.843050971763843,0.8459728506787331,0.8496595075955998,0.8535335042109118,0.8531073446327684,0.8569366768897709,0.8610964216463952,0.8567625133120341,0.8689040377556371,0.8719544727014049,0.8791208791208791,0.8901556279406442,0.8921852387843705
0.8862618663800824,0.8983870967741936,0.8997299729972997,0.898918918918919,0.9089246525237746,0.9204810626458445,0.9225960654532083,0.9272791770131252,0.9316579280419454,0.937167003490722,0.9363376251788269,0.9402193137601698,0.9392883345561261,0.9406334841628959,0.9434916049828489,0.9407275953859805,0.9335140018066848,0.9220638643333935,0.9208826695371367,0.9211267605633803,0.9171490593342981,0.9035311248634874,0.8995475113122172,0.899645390070922,0.8804034582132565,0.8847576766555679,0.8698065902578797,0.8655808126006802,0.8571170520231214,0.850609756097561,0.8453900709219858,0.8383009102266643,0.8287707997852926,0.8292770867135388,0.8292285403839189,0.8310943936951459,0.8218910768139082,0.8188457427858924,0.8290520984081042,0.8241065171688857,0.827074391988555,0.8351452504009981,0.8359431900946832,0.8425478618715334,0.8462771642322765,0.8478376935397758,0.8575539568345324,0.8664233576642336,0.8680149015433741,0.8703570140641904,0.8898534997287032,0.8985219899062725,0.9045822102425876,0.9076479076479076,0.9137744034707158,0.9232990434939542,0.9242862305746296,0.926550598476605,0.9373752042112906,0.9396152475952975,0.9318264673714911,0.9398848092152627,0.9377608419524587,0.937037037037037,0.9329952915610286,0.9367574483641016,0.9292401872524306,0.9276565036983583,0.925117286178275,0.9142400568181818,0.9055132390279289,0.9078039927404719,0.90239882805347,0.8907308377896613,0.888162672476398,0.8778403926558808,0.8725192204541391,0.8628750230075465,0.8574260994953137,0.8560687432867884,0.8415142184386887,0.8322813345356177,0.83506242307016,0.8320228734810579,0.8296927721541467,0.8248067721751933,0.8223185265438786,0.8256410256410256,0.8176156583629893,0.8337223918118154,0.8244165170556553,0.832319255547602,0.8408967636955342,0.8313704496788008,0.842481673520472,0.854075691411936,0.8664991925354387,0.8737565563393018,0.8719211822660099,0.8747952684258417
0.8637089618456079,0.8774745853397539,0.8834333515184579,0.8894536213468869,0.8925693822739481,0.9104954714970698,0.920355587808418,0.9193297633442736,0.9238368959942519,0.9264031062477939,0.9263572836409245,0.9306878306878307,0.9318913121201287,0.9319628888484628,0.9364705882352942,0.9290240811153359,0.9313813544099155,0.9256532940743467,0.9178655982516846,0.9103338068181818,0.8995128991520837,0.8995010691375623,0.8820466786355475,0.8802868701728577,0.8715876436781609,0.8688435865055024,0.8535871156661786,0.8466413181242078,0.8332412014004054,0.8258547008547008,0.8303443328550932,0.8166077738515901,0.8127804702925866,0.8195420948260321,0.8141095393543707,0.8067955900957889,0.8009530791788856,0.7980322003577818,0.8048387096774193,0.8017660839790953,0.8094380403458213,0.8162308385933273,0.8145695364238411,0.812754650132861,0.8323837529865834,0.8336034575904916,0.8464664310954063,0.8442356342609324,0.8505809731299927,0.8582635050811196,0.8704402515723271,0.8761045987376015,0.8932655654383735,0.8956222865412445,0.9018036072144289,0.8996034607065609,0.9176036866359447,0.9203961848862803,0.9250358680057389,0.9247253736718891,0.9312578729530322,0.9271571298819256,0.9375907111756169,0.9323602705589178,0.9367134124415678,0.9316994052982519,0.9225747960108794,0.9191589632046402,0.916366258111031,0.9040719002201028,0.9026759530791789,0.8896925858951176,0.8910821290095171,0.8736842105263158,0.8616118769883351,0.8626956991182293,0.85,0.8501512724684107,0.8450807635829662,0.834874025738626,0.8292772186642269,0.8135168961201502,0.8085714285714286,0.8096867122794382,0.7950310559006211,0.8158082975679543,0.7955506526935099,0.7953289356391514,0.8085880640465793,0.7962896253602305,0.8104265402843602,0.808518317993142,0.8288973384030418,0.8197991897128765,0.8318568391211907,0.8304782298358315,0.839049660593069,0.8470824949698189,0.8700989373396849,0.8625549048316252
0.8533697632058288,0.8616079494128275,0.8740171551107935,0.876294086681874,0.8936823104693141,0.8936986301369862,0.9108554996405464,0.9043095866314864,0.9176681614349775,0.9254457050243112,0.9198943661971831,0.9270629991126885,0.92660387417807,0.933972310969116,0.923728813559322,0.9217081850533808,0.9175448326862636,0.9171779141104295,0.9087795204615108,0.9090909090909091,0.890922268526907,0.8808743169398907,0.8830608945572122,0.8749553411932833,0.858937022206043,0.8549577109951413,0.8418696275071633,0.827113062568606,0.8233002832861189,0.8044523597506679,0.7966553993951254,0.8070143884892086,0.7975951903807615,0.7866837857666911,0.785431654676259,0.7905368516833485,0.7793904208998549,0.7771073322362406,0.7728253055355859,0.7796824251172861,0.78875,0.7879877719834563,0.7918899607002501,0.7882842162357621,0.7959706959706959,0.8169852145690588,0.8291093410572049,0.8325641498984678,0.8404820985466147,0.8479287790697675,0.8562208676945141,0.8654019873532068,0.8784051957423777,0.8908960829905205,0.8912299657842607,0.9035443484394287,0.9057347670250896,0.9148054755043228,0.916212286441294,0.9197040779501985,0.9259325681492109,0.9256756756756757,0.9227520675699454,0.923936170212766,0.9237659963436928,0.9210806967650196,0.9117699589212359,0.9194869967937299,0.9020674646354734,0.8990280777537797,0.891134170762789,0.8808910162002945,0.8675568386863948,0.8654152647423411,0.8548504741064916,0.8385149963423555,0.8475654069767442,0.8240043057050592,0.8257877580586744,0.8044752264251465,0.8099588035106573,0.7939084442823272,0.7895508707607699,0.7811051693404635,0.7762401150251618,0.7748332431945195,0.7735814962052765,0.7846975088967971,0.7814462587475327,0.7934297446884485,0.7907407407407407,0.797700323392023,0.7913279132791328,0.8035997882477501,0.8115732368896926,0.8167585838818715,0.8303893294881038,0.8288144603934078,0.8367273382591458,0.8499187285533683
0.8463773379335391,0.8535921625544267,0.8611258161284631,0.8667271078875793,0.8804838418487092,0.8865998176845944,0.895667870036101,0.9039190897597977,0.9028448738593666,0.9053328561202577,0.9148134863701578,0.9177837354781054,0.9192624418188328,0.9224721155604315,0.9113603473227206,0.9153175591531756,0.90460821230052,0.902782797253343,0.8971741112123974,0.8885667693422722,0.8874195854181558,0.8757652142599928,0.8627911175302401,0.8551837630279758,0.851721094439541,0.8363571682675205,0.8325539568345324,0.8139365195184239,0.8149478979518505,0.8007903718340219,0.7870419543281997,0.7777777777777778,0.7756053811659193,0.7638741604807352,0.767956795679568,0.7491537502226973,0.7562341886519697,0.7585211902614969,0.7577319587628866,0.7636042402826855,0.7588372510317603,0.7668656176523784,0.765427643450018,0.7883691979370443,0.783407671721677,0.7986073915372255,0.8038643820634342,0.8117372577171572,0.8282498184458968,0.8402089713565123,0.8451935081148564,0.8526428190069407,0.8611111111111112,0.8746188340807175,0.8813154510380306,0.8997489239598279,0.8972914015633521,0.9015608371763036,0.9137148047229791,0.9126637554585153,0.9164376030786147,0.9177550300035299,0.9235600215323883,0.9215686274509803,0.9074007220216607,0.9110632956786803,0.9147798181494028,0.9021268925739006,0.8959630090698916,0.8946796959826275,0.8731046931407942,0.885497561856601,0.8669799385505151,0.848370250315145,0.8390234948604993,0.8379341050756901,0.8149216074968463,0.8125547957215501,0.8017985611510792,0.7860340196956133,0.7835875090777051,0.7716479200142832,0.7693935119887165,0.7672090112640801,0.7714489142043431,0.7559885591705399,0.7572002094606388,0.766003227541689,0.762322996952859,0.7596644784828592,0.7612903225806451,0.7692307692307693,0.7643115942028985,0.7829316905236456,0.7843275679491705,0.7985428051001822,0.8058164739884393,0.8269334775554353,0.8300724637681159,0.8504065040650407
0.8324343761236965,0.8307940491127442,0.8384725708139118,0.858274806410949,0.8623625399077687,0.8659517426273459,0.8852853965900667,0.8957033339276164,0.9025049558479005,0.8992651012726295,0.9056845183695851,0.909189384365409,0.9118502362777172,0.9170456612697835,0.9061424171045479,0.9094051300709478,0.9054933140585472,0.8990875912408759,0.8891463197291035,0.8816807961666052,0.8757586576222778,0.8706179978315866,0.8563269676958772,0.8431478480100847,0.8263310394784499,0.8203432248838041,0.8066509176812647,0.7976597659765977,0.7947653429602888,0.781691399964241,0.775375595456211,0.7653922096571532,0.7586394065496653,0.7520559930008749,0.7433155080213903,0.7293246659443843,0.7353524427618533,0.7319073083778966,0.7312175004482697,0.734884573103701,0.7404524886877828,0.7487491065046462,0.7389277389277389,0.7672053749773016,0.7587603451311851,0.7787468850124599,0.7898054755043228,0.7961634994621728,0.7998901501281582,0.8155797101449276,0.8232295649007828,0.8432539682539683,0.8464163822525598,0.8655876143560872,0.8675305975521959,0.8859712230215827,0.8945499733712053,0.8979702790866256,0.9032783915957254,0.9155199442605818,0.9112522686025408,0.9071946261269224,0.9155184916606236,0.9116869381279746,0.9102817154136013,0.9069349622709306,0.9061454481422786,0.891726618705036,0.8847991505928154,0.8774647887323944,0.8681182510178793,0.8620502621587416,0.8511256354393609,0.8389285714285715,0.820776874435411,0.8189609935280742,0.8106734434561627,0.7982487491065047,0.7835070068271649,0.7853025936599424,0.772843101565344,0.7617763394462423,0.7470179811287164,0.746260587493242,0.7499093874592243,0.7304126522450464,0.7401517889410915,0.734163508391987,0.7288928892889289,0.7421721238146359,0.7416804559661703,0.7505360972122945,0.7591424968474149,0.7611913357400723,0.7611913357400723,0.7801824360579502,0.7991616548204847,0.802438149874507,0.8172905525846702,0.8243989314336598
0.8204295253564339,0.8229472140762464,0.8223021582733813,0.8408602150537634,0.8582565556343019,0.8678710591569253,0.8696904247660188,0.8853904282115869,0.8976676911950823,0.8903179707038228,0.8988907074013457,0.8999821396677978,0.9063273241428067,0.9067720495778696,0.8976768930661465,0.9009596233930834,0.8936170212765957,0.8843868179362506,0.8821434929677764,0.8708014928025591,0.8608507570295602,0.8515346181299072,0.844488188976378,0.8360832137733142,0.8192597915918074,0.8012970635921456,0.7939372067845543,0.7867834976268712,0.7680824595699307,0.7612580414581844,0.7404647862338123,0.7378658101356174,0.7404038566490814,0.7292069632495164,0.7230796841349605,0.7161477190441708,0.7088136194360702,0.7115729129344321,0.7105263157894737,0.7254381306425917,0.7282768777614138,0.7272087293206617,0.7266226622662266,0.7459430219978362,0.7490025389916576,0.7537542970870273,0.7703066164604626,0.7757847533632287,0.7868735509184948,0.8031153776489767,0.8081727337615988,0.8331228576583077,0.8318042813455657,0.8484521238300936,0.8570147111589522,0.8696043165467626,0.8885147110953563,0.8894670733895568,0.895825836631882,0.8977560622511762,0.9057203389830508,0.9020525747209218,0.9037508846426043,0.9057153258099745,0.9053105310531053,0.9004061451527459,0.8924084232879137,0.8775694194013703,0.8826189184300959,0.8664149586479684,0.8606982990152193,0.852161278605158,0.8445446348061316,0.8212351029252438,0.809982174688057,0.7983942908117752,0.7822538635179719,0.7788890873370244,0.7625847911460193,0.7460375296046639,0.7537542970870273,0.7380612972202424,0.7218507138984276,0.7222122463637997,0.7259395050412466,0.7296906097340329,0.7161921708185054,0.7157837642379317,0.7204775022956841,0.721436343852013,0.7153376436781609,0.736976320582878,0.7349246231155779,0.7401221264367817,0.7572677010879258,0.7618874773139745,0.7789790854306984,0.7822983583154889,0.8013515916770407,0.8126018468223791
0.7909255898366606,0.8026197739099229,0.8141124209806937,0.8238453276047261,0.8394212105170284,0.8520114942528736,0.8686627479794269,0.8711732436736861,0.8827970519503865,0.8887872690689592,0.892747885549757,0.8963795255930087,0.8948405589394482,0.893705035971223,0.893424455116365,0.881058844571633,0.8893294881038212,0.8724242967210177,0.867431028305267,0.8663140616450848,0.8517204682511529,0.8384728340675477,0.8358262750045053,0.8157033805888768,0.7939238653001464,0.7863726730525935,0.7857270294380018,0.7654429932933287,0.7524271844660194,0.7346866725507503,0.7195805460133792,0.7092668937085499,0.7056221198156682,0.7052727272727273,0.6972343522561864,0.6954397394136808,0.6879914224446033,0.697054698457223,0.6911423988593833,0.6990308686288585,0.7001088534107403,0.6974156496769562,0.7031448827485912,0.7207906812566184,0.7314713399050748,0.7372972972972973,0.7514265335235378,0.7609712230215827,0.7771181867242309,0.7924424972617744,0.8046889089269612,0.8100678329168154,0.820155599782884,0.843200574094008,0.8515260323159785,0.8525115781973638,0.870064874884152,0.8773837105685262,0.8838338428340227,0.890922268526907,0.8942512420156139,0.8965767071182756,0.8940373563218391,0.8945858730727859,0.8921080696765019,0.8853936718175128,0.8873163740594769,0.8833454281567489,0.8702440775305097,0.8651292802236199,0.8353909465020576,0.846391565169969,0.8233202986135798,0.8118757944434356,0.7960092642080884,0.7786357786357786,0.7636877428470505,0.7520157677835513,0.7375356125356125,0.7336497890295358,0.7260791366906475,0.7098885547496905,0.6982557094047833,0.710940293171255,0.6972905078054907,0.6836219336219336,0.6755661940710734,0.6938850238008055,0.6946248196248196,0.6940311883850152,0.7027219355986479,0.7241071428571428,0.7123337584259428,0.7198181818181818,0.7372471809557902,0.7400355871886121,0.7659653008490218,0.7744696024246747,0.772566371681416,0.7875226039783002
0.7913012350098443,0.7888888888888889,0.8042195601644914,0.8207362617819669,0.8237780227857405,0.8361959862592659,0.8501534573027623,0.8707519884309473,0.8711998560892247,0.8780665091768126,0.8897893030794165,0.8876180101670298,0.8886255924170616,0.8920901932712957,0.8868899180619879,0.8808898230863549,0.8789888849049838,0.8710134656272147,0.8583452722063037,0.8573717948717948,0.8411467724486116,0.8430533261993937,0.8123305008135961,0.80639399892838,0.7961008764085137,0.7682728749323227,0.7760370304432971,0.7419237749546279,0.7293931953700455,0.7168503377177391,0.7042942562058344,0.7104879825200291,0.6865968208092486,0.6828304597701149,0.6660043352601156,0.6756269168320405,0.6645773638968482,0.660982764943161,0.6611060743427017,0.6699891264951069,0.6789023521026372,0.6920793915785568,0.6923770048657416,0.6826528793011232,0.7160781502061301,0.7114409847936278,0.7339646239056637,0.7410858269127396,0.7604876299749014,0.7742683797287652,0.7789248843004628,0.8009300661777857,0.8093006488824802,0.820399505038006,0.8263802591869341,0.84772849703717,0.8657061543934543,0.874095513748191,0.880464356974424,0.8829539343968453,0.8885310431204151,0.8865209471766848,0.8901996370235935,0.889886833123765,0.8780706473014165,0.8791922106022358,0.8732290708371665,0.867361873399195,0.8597180082098875,0.8481481481481481,0.8292158968850698,0.8207292976468475,0.8033837934105076,0.7993556470377663,0.7805135420330637,0.7690497737556561,0.7516514908052133,0.7404124457308249,0.7181595521343597,0.7111348274635361,0.6939037825927286,0.6853196387462369,0.6766250226326272,0.6735825433732785,0.6706713780918728,0.6686886708296164,0.6719501335707925,0.6660662824207493,0.6689225289403384,0.6761714493280058,0.6776114017679957,0.6892138939670932,0.6917293233082706,0.6946496126823996,0.7122710622710623,0.7306859205776173,0.7478245427099982,0.7502664298401421,0.7611639824304539,0.7742399712178449
0.7553210842277606,0.7777777777777778,0.7876561351947098,0.8044175276095475,0.8143316654753395,0.8336076065094167,0.849305308158176,0.8627379873073436,0.8637174455940064,0.8722701413103322,0.8701532912533815,0.8817513009151265,0.8870473788506575,0.8720569446979376,0.8776547467779996,0.8752899197145406,0.8664898320070734,0.858540925266904,0.8395576504713561,0.8423537958590629,0.8244575936883629,0.8177816901408451,0.7982070984266374,0.7837357954545454,0.78619315093314,0.7532234957020058,0.7454578161539845,0.7323433538572981,0.7134246575342466,0.6970856102003643,0.6856989439770896,0.6787126932758001,0.6599350883519653,0.6624087591240876,0.6488937250634748,0.65060888252149,0.6508137432188065,0.6432250044397088,0.6672095548317046,0.6543478260869565,0.6482982171799028,0.6669064748201439,0.6737766624843162,0.6634004717837053,0.6872302158273381,0.6975583674924256,0.7055004508566276,0.7251483012762898,0.7434423284225655,0.7485663082437276,0.7681842916742245,0.7845682350820263,0.7993838347227257,0.8128293658004725,0.826094759511845,0.8423185341789993,0.8548071796694509,0.8602862254025044,0.8583479789103691,0.8757864461621427,0.8826775858999466,0.8775655898625736,0.8766756032171582,0.8867513611615245,0.8713708195516354,0.8732293347677963,0.865218951902369,0.8645610278372591,0.8591991142277173,0.8338680926916221,0.8199060693641619,0.8117539026629935,0.7982007408714059,0.7790923538760375,0.7709882139619221,0.7459132906894101,0.7296129612961296,0.7160560344827587,0.706,0.6951393852751966,0.6752290282019041,0.6806572602250401,0.6602154464122695,0.6488257782632442,0.6504543025120256,0.6452079566003617,0.6572095528820255,0.6463636363636364,0.6443536931818182,0.6432538971510482,0.6504472271914132,0.6538251862620389,0.6778486782133091,0.6796667257578444,0.6848687687158711,0.7003009382191538,0.7134721480690515,0.7258152668974313,0.7451333813987022,0.7723562488663159
0.7432776162790697,0.7617532697066101,0.7753077347051258,0.7879279279279279,0.8138784292630447,0.828307910606598,0.8331798932056711,0.8520710059171598,0.8543458371454712,0.8682987848463188,0.8667272727272727,0.8789436370081531,0.8663644605621034,0.872366790582404,0.8741564836768193,0.8596771332268938,0.8556331721296794,0.8546872231082757,0.8424596845649477,0.83150709538351,0.8196156635242929,0.8099441542064493,0.7902097902097902,0.7720510095642933,0.7582456765911927,0.727108542532057,0.7177522349936143,0.7194545454545455,0.6938075464885358,0.6903052064631957,0.6871408045977011,0.6620800571837027,0.642471181556196,0.6355795148247978,0.6125981441827266,0.632368896925859,0.6116963312749728,0.6218703976435935,0.6109411552996221,0.6336633663366337,0.6317850151272468,0.6396588486140725,0.6401466544454629,0.6463851109520401,0.6823421774931382,0.6759877322749414,0.6996061582527748,0.7102704613752873,0.7332497312791114,0.7327321911632101,0.7570541259982254,0.7680336872940315,0.78624977143902,0.7956639566395663,0.8202549829412821,0.8308157099697885,0.8427900252981568,0.8501680523615779,0.8597069597069598,0.8703127858057436,0.863933236574746,0.8750682935712985,0.8707037643207856,0.8724377745241582,0.8611561318206374,0.8602635854847446,0.8560551124002901,0.8496976165065813,0.8308573474136388,0.8261818181818181,0.8129431012543173,0.7986851457000711,0.7828735220351128,0.7689075630252101,0.7506265664160401,0.728759331674369,0.7163907585955976,0.706842781141075,0.690424374319913,0.667258838159531,0.6623144339116437,0.6568132660418169,0.6395975565936041,0.6290122362120943,0.6225534207218532,0.6269420903954802,0.622965322009908,0.6176958525345622,0.6220430107526882,0.6239792130660727,0.627482845792705,0.631578947368421,0.6442477876106195,0.64976542764345,0.6768927161822749,0.6788827610745419,0.6989990900818926,0.7063953488372093,0.7272888573456352,0.7460007109847139
0.7247872533043636,0.7531221719457013,0.7638442300821722,0.7889114017314423,0.8038754074610648,0.8032727926631901,0.823550337958022,0.845123258306538,0.8495639534883721,0.8576635684344815,0.8571166207529843,0.8636769698052528,0.8676233183856502,0.8572955638695885,0.8642958244869073,0.8558705925118139,0.8556493030080704,0.8375723557270655,0.8400929069144184,0.81941431670282,0.8091074681238616,0.7884650153679262,0.7836529844058074,0.7659651669085631,0.7389948642699926,0.7142069472523433,0.6972083035075161,0.69933799190879,0.6801225446026311,0.6594693504117108,0.6508309248554913,0.636248872858431,0.6193272824345969,0.6146821844225604,0.6143908128476584,0.6101449275362318,0.5979527003176844,0.5905049786628734,0.599025974025974,0.6088397790055249,0.6007556675062973,0.6190045248868778,0.6082659478885895,0.634393063583815,0.6435376595362214,0.661966803498126,0.6811307166006482,0.6946647440519106,0.7091042315442388,0.7153887592027294,0.7394005847953217,0.7396037836873104,0.7673454676518292,0.7938986744143817,0.8072935287808366,0.8191279382738202,0.8354658497026491,0.8368268883267076,0.853698332124728,0.859182580760307,0.8623474515434314,0.8587962962962963,0.8651104775481112,0.8712255772646537,0.8527214514407684,0.8618677042801557,0.8582278481012658,0.839157060518732,0.8252635340360908,0.8278289117487818,0.8019960791302798,0.779842744817727,0.7706994675968423,0.7463503649635036,0.7295125870380289,0.726821485552207,0.7045454545454546,0.6807469180565627,0.6651943462897526,0.6514357955571609,0.6484979312826048,0.6239544402918669,0.6188154568436258,0.6141704035874439,0.6013537584609904,0.5934872070137771,0.6054860088365243,0.5758406432748538,0.5926327193932828,0.6000718003949022,0.6050282382947714,0.6127860515800945,0.6161197259285972,0.6297386823702613,0.6418358340688438,0.6698469846984698,0.6859430604982206,0.7069557362240289,0.7160538116591928,0.7253801593048516
0.7141562443356897,0.7343976777939042,0.7477543538038497,0.7683236574746009,0.783609576427256,0.8082713586069291,0.8075193380104335,0.8202408772245191,0.840079869304774,0.8449378330373002,0.8567562691683204,0.8531456068436999,0.8672951414068165,0.8521816562778273,0.8468001430103682,0.8450980392156863,0.8407400689279884,0.8267167381974249,0.8228632100513184,0.8126915449792681,0.7945530981539024,0.7744186046511627,0.7635679742074154,0.7500908100254268,0.7321942446043166,0.6985956067698955,0.693994965839626,0.6622222222222223,0.6652727272727272,0.6256820662058931,0.6206467661691543,0.6123853211009175,0.6067073170731707,0.5860721264878309,0.580633484162896,0.5629389519178822,0.5672641680246243,0.5776863937064187,0.5764302472477892,0.576762733369585,0.5874415257286794,0.5921428571428572,0.6036052114938426,0.6069199215266631,0.6225165562913907,0.6307941070786921,0.6591474245115453,0.6771356783919598,0.6847071390421934,0.6950392576730906,0.7336125273124545,0.754401724757456,0.7543703175169462,0.773481638418079,0.7985790408525755,0.8036853295535081,0.820738137082601,0.8166315049226441,0.8412378685222487,0.8492163574130788,0.8517023517023518,0.8624862486248625,0.8617117935671452,0.8550855085508551,0.8467019915951033,0.8523919615863418,0.8326834455866714,0.8207988485066571,0.8177935943060498,0.7989198919891989,0.7847822091527292,0.7830837004405287,0.753909026297086,0.7426774483378257,0.7097902097902098,0.6965245431744894,0.6834116371521504,0.6597701149425287,0.6483279395900755,0.6473149492017417,0.6111619396157365,0.596205477000179,0.5999637155297532,0.5851771901421119,0.5770263016639828,0.5732059141723765,0.5710171017101711,0.5694645441389291,0.5762088619231477,0.5745447989904453,0.5904796511627907,0.600996618615412,0.599048290447656,0.6244509516837482,0.6347856889833511,0.6390252773231496,0.6809421841541756,0.6894253287695911,0.7034873428925473,0.7153140183552277
0.6935249181520553,0.7238983360760651,0.734327828094477,0.7481844589687727,0.7835582386363636,0.78568780126066,0.8001805054151625,0.8145768312832752,0.8222460658082976,0.8342236467236467,0.8402590393955748,0.8525245187068652,0.852198990627253,0.8352835283528353,0.8478654124457308,0.8451704545454546,0.831973898858075,0.8249448934606907,0.8161490683229814,0.803960396039604,0.7735135135135135,0.7658181818181818,0.7512491077801571,0.7313084112149533,0.7186594202898551,0.7004373177842566,0.6841818181818182,0.6489095459420808,0.6404535479151426,0.6262127359322632,0.6074986415504438,0.5904728048346961,0.5819494584837546,0.55985727029438,0.5535939470365699,0.5545160129543001,0.5447198275862069,0.5535874038289498,0.5533088235294118,0.5586170586170586,0.5548082166878749,0.5588554871423397,0.5742074927953891,0.5802134201483089,0.6014234875444839,0.6256800870511425,0.6399928070490919,0.6728176011355571,0.662563359884142,0.6949606862044317,0.7156312262271327,0.7315666125833784,0.7452423698384201,0.7686260496694658,0.7779611294462779,0.79014135556361,0.8090991810737034,0.8259447674418605,0.824648016090693,0.842405854006782,0.839240506329114,0.8446722035695352,0.8606733524355301,0.8411785842615882,0.8437331415213091,0.844551282051282,0.8262032085561497,0.8114484272128749,0.8092965712265818,0.7923939004225611,0.7910579123393768,0.754946451261572,0.7485180528112089,0.7222932262187329,0.7025429799426934,0.686204431736955,0.6815822444961518,0.6457111436950147,0.6260133309313637,0.6166816143497758,0.6016949152542372,0.5821587867975022,0.5694927668925105,0.5674066053059015,0.559245960502693,0.5547524394651246,0.559143686502177,0.5526036131774708,0.5440274269216889,0.5544041450777202,0.575454869782376,0.5684286748732802,0.5814702199964228,0.5898181818181818,0.6186749180924646,0.6205072067141033,0.6518254674977738,0.6591158202411399,0.6708211143695014,0.6907329555839883
0.6880683885049109,0.7024046284577834,0.7261157913604589,0.7446049580881041,0.7623817473567056,0.7879826777336701,0.799928031666067,0.8057438458794149,0.8170182080403822,0.8286537077033838,0.8348492955234528,0.839860268431697,0.8340486409155937,0.8450323974082073,0.8422855082912761,0.826094759511845,0.827124773960217,0.8171810142573542,0.8008202567760342,0.7869596803487104,0.7851449275362319,0.7664325589771295,0.7381889763779528,0.7244236311239193,0.6860590778097982,0.68498102295319,0.6547576301615798,0.637855579868709,0.6176845943482224,0.6024788934794324,0.598816355810617,0.5646716390758596,0.5694698354661791,0.5457790469391397,0.5374051319118178,0.5287586457954132,0.5307242783778998,0.5267635590216235,0.5213736362010374,0.5386974562511275,0.5343648794530407,0.5450909090909091,0.5586281199497217,0.5677092749954801,0.5734597156398105,0.6053707985061355,0.6146637265711136,0.6235020568771239,0.647521918053319,0.6759656652360515,0.6916817359855335,0.7177637511271415,0.7283195394026628,0.7550763701707098,0.7752212389380531,0.7876200640341515,0.79960065347613,0.8216572160234132,0.8191732629727353,0.8314016660630207,0.8412497742459816,0.8402189265536724,0.8475664111249777,0.8426341288354566,0.8349462365591398,0.8261185885776646,0.8182148040638607,0.8075880758807588,0.7963912966566425,0.7804347826086957,0.7772654726015251,0.7450213371266002,0.7222321269388483,0.7142087300161667,0.6723512336719883,0.6800943567410633,0.6531980431237543,0.6347951114306255,0.6033478893740902,0.5887414844030119,0.5718895661527429,0.5563544849901132,0.5478559797358422,0.556036036036036,0.5349172066234701,0.530068419157364,0.530559646539028,0.5222423146473779,0.5232037269306576,0.533451015004413,0.5343305100018021,0.5432300163132137,0.5609930344704411,0.5805161759360232,0.5918367346938775,0.6001790510295434,0.6214103962195565,0.6354466858789626,0.6595362214632393,0.679427549194991
0.6845141517937624,0.6889132020423049,0.7136330409356725,0.7300325262016625,0.7443317972350231,0.7661844484629294,0.7932466594438425,0.7927470534904805,0.8053400685549341,0.8165915238954012,0.8369700195139258,0.8366625419833834,0.829050482959723,0.8349480359344724,0.8266281796860906,0.829683257918552,0.8220064724919094,0.8000354547066123,0.7973784817039868,0.7802412202908833,0.7672256653299308,0.7414978292329957,0.7260672116257947,0.7009758792119315,0.6833393306944944,0.6570195937443826,0.6412062116287468,0.6192246415294742,0.6062065275548422,0.5803555395941821,0.5748862602365787,0.5467560710402319,0.5351089588377724,0.5190701053396295,0.5087912087912088,0.5007233273056058,0.5048736462093862,0.49758367639162343,0.502998364528439,0.5105477424130274,0.5159155937052933,0.5287646528403968,0.5213842058562556,0.5426342525399129,0.5586552217453505,0.5776419841840402,0.5971667272066836,0.6111210441623458,0.6392940752746263,0.6484665839390179,0.6821912919343326,0.6972819328477528,0.7292048369366069,0.7427635172037138,0.7484346224677716,0.7797814207650273,0.8006650332516626,0.7967332123411979,0.8171790235081374,0.8173180351380424,0.8277460770328102,0.8297794787679971,0.8391224862888482,0.8353449828859665,0.8284096939678047,0.8198952879581152,0.803971119133574,0.8105281814959234,0.7926872559460418,0.7756272401433691,0.7525417574437182,0.7303930286324026,0.7236216311432094,0.6833186231244484,0.6746647847565279,0.6431924882629108,0.6292235801581596,0.6143187066974596,0.6052161486245088,0.569812009490783,0.5727656450724904,0.5306158775364899,0.5354501172650189,0.5304394812680115,0.5091768126476467,0.5104147799311719,0.49391462306993644,0.49853854585312385,0.4934876989869754,0.5208974127012846,0.5125276344878408,0.5266955266955267,0.5426774483378257,0.5692944564434845,0.5579748628075766,0.593156574704407,0.5994599459945995,0.6188127853881279,0.6509670487106017,0.6663029641753045
0.6489670170351577,0.6819078357539896,0.6943423952975754,0.7184327693677649,0.7456232492997199,0.76,0.7684557611284119,0.79400214209211,0.8042289464090412,0.8114946683535152,0.815779949330438,0.824923684683067,0.8236766809728183,0.8316795958867039,0.8194167723238543,0.8205221174764322,0.8081321473951716,0.8017225910640589,0.7878519567912166,0.7643646909552293,0.7558660218520509,0.7387843704775687,0.72,0.6969094523766491,0.6597680642283675,0.6513303769401331,0.6275143678160919,0.6056412985630655,0.5794107078692059,0.5731466523065877,0.5486884656845131,0.5327391778828665,0.5201478092556748,0.5062255425115617,0.502530730296457,0.47664582567120267,0.5032258064516129,0.46995322058294353,0.47558576283312465,0.48126159554730985,0.48902195608782434,0.4915843395536041,0.5097367472051929,0.5405648497931282,0.5446252906456805,0.5641025641025641,0.5821757171206927,0.6016537839295344,0.6349005424954792,0.6508535489667565,0.6678057553956834,0.6902543891078466,0.7003228120516499,0.728675297038482,0.7440242597217267,0.7616654702081838,0.7784121320249777,0.7788218286953379,0.8109197508244779,0.8094312963617096,0.8244042286328614,0.8228120516499282,0.83125,0.8232981954618546,0.8294503094284674,0.8173111673292375,0.8015830185285123,0.7803332126041289,0.7814459609000369,0.7551705851157857,0.7234349630164171,0.7296715131933226,0.697950377562028,0.6786030845594753,0.6585191793041927,0.6396412556053812,0.6118794326241135,0.5987599645704162,0.5741219963031423,0.5520661157024793,0.5422586520947177,0.5305719921104537,0.5008252338162479,0.49404117009750814,0.4982130092923517,0.4891110317743663,0.4837832940750136,0.48121517166996225,0.4836589373744751,0.48291814946619216,0.49471988544836226,0.5124279538904899,0.5120394016782196,0.5487306941239126,0.5395747721993925,0.5805929919137466,0.5831695551188136,0.6023856858846919,0.6379934806229627,0.6555414474877562
0.6375545851528385,0.6569590852242273,0.6890503189227498,0.705945558739255,0.7305475504322767,0.7436680438297107,0.7566213314244811,0.7832727272727272,0.7868592566496388,0.8026433291659225,0.8164097111465533,0.8214873012972775,0.8197193234976611,0.8251862620388879,0.8097756702535108,0.8091345299449085,0.8006904069767442,0.7832583258325833,0.7802238121445606,0.7657070432735832,0.7385478906391454,0.7263389581804842,0.7068527918781726,0.689108910891089,0.6546345002720841,0.6295620437956204,0.6248447204968944,0.5828025477707006,0.5711271320555653,0.556911309415407,0.5291341441277909,0.506949524506218,0.4957527561901319,0.4858878170775277,0.47270471464019853,0.46661981728742097,0.45641118779513257,0.45895724337001625,0.46847011515262293,0.460372534696859,0.47370336669699725,0.4801424755120214,0.4946524064171123,0.5096762843068262,0.5225993828280995,0.5522334935041823,0.5567528735632183,0.5923363491218734,0.5932264456854621,0.6262461482689867,0.6475305266994715,0.6733677281622487,0.6987994982977961,0.7144700460829493,0.7446808510638298,0.7526595744680851,0.7691324200913242,0.7772996234534696,0.8042653171877824,0.8112040742088032,0.8085844748858447,0.8312067079839591,0.8225690706853247,0.817603200581924,0.8049619703006157,0.8069351634459093,0.7983656066796945,0.7826166180758017,0.7632660353760944,0.753014249177932,0.7281465360899528,0.7177892304958237,0.6914605524462899,0.672907290729073,0.6477644492911668,0.610832137733142,0.5816253146350234,0.5772211209226887,0.5590073201214069,0.5309973045822103,0.5093499554764025,0.5029480078613543,0.48137687555163283,0.4746847011515262,0.461799357372367,0.4656556645851918,0.4341099057442646,0.4710223182145428,0.4696942922777876,0.4690850607576841,0.4658173335725821,0.49682107175295187,0.495250044810898,0.5214545454545455,0.5428983417447729,0.5516168078851807,0.5757016248153619,0.5815367606412383,0.6205882352941177,0.635145060594932
0.6257003433941803,0.6463988418385812,0.6779324055666004,0.685941252540181,0.7085620197585072,0.7223389355742297,0.7551654781495704,0.7748037116345468,0.7889492753623188,0.7991707229132865,0.7983390503701029,0.8026929982046679,0.8210602496833725,0.8065405107477494,0.8085601719197708,0.7949131291420384,0.7933989788475565,0.7849823321554771,0.7752135198982373,0.753935227067125,0.7352676157866282,0.7071016582552271,0.6840528634361234,0.6688311688311688,0.6529433008306248,0.6188429159949848,0.5862688713156002,0.5760385095382421,0.54378455502051,0.5262096774193549,0.5024928774928775,0.4955607899981881,0.4780976220275344,0.4693087557603687,0.46318462096481683,0.43680028891296496,0.43859649122807015,0.43499283667621774,0.44844082211197733,0.43586995355484104,0.45030281439258996,0.46754180902715337,0.46774768353528157,0.493323709852039,0.504050405040504,0.5354387224116275,0.5443313953488372,0.5721990257480863,0.5932446999640676,0.6180886769122064,0.6446117984579524,0.6609712230215827,0.6797642436149313,0.6958272327964861,0.7334766254701773,0.7394928178755098,0.76130519595673,0.7812897366030881,0.796447344571325,0.8048381229538014,0.8073873873873874,0.8100948630749956,0.8070965417867435,0.8169014084507042,0.7917263610315186,0.7980716754593414,0.7866282213011353,0.773851590106007,0.7445177393474772,0.7385128025254297,0.7076478032905442,0.6999276934201012,0.6841725320339289,0.649700054535539,0.6303473491773309,0.6097345132743363,0.5742821473158551,0.570404872805446,0.547508067407673,0.5080299785867237,0.5008983111749911,0.47879004832647215,0.4671454219030521,0.4471413160733549,0.45041924899744806,0.4379989356040447,0.44970624888730637,0.4277011288299588,0.4453180843459614,0.43865905848787445,0.44319009468317555,0.46354733405875953,0.4757350336521431,0.4921209925738091,0.5221774193548387,0.5180635838150289,0.5628581661891118,0.57943249593349,0.5895357406042742,0.6350710900473934
0.6095307120855228,0.6255641812601552,0.6558854718981972,0.6842674355739773,0.7116097922848664,0.7228464419475655,0.7461468721668177,0.7613243587411316,0.7802934251041478,0.7860356307360087,0.7885960193652501,0.811971957576847,0.8038468517510434,0.8035617916891528,0.8048427900252981,0.7846294602012809,0.7807285124708415,0.7736794986571173,0.7706306306306306,0.7451641526175687,0.7170354380284224,0.7014024498491035,0.6839757316202713,0.6523929471032746,0.6335003579098067,0.6004319654427646,0.5814696485623003,0.5479253487950716,0.5371778231040237,0.5104056437389771,0.4817355831633599,0.4764379143522666,0.4616505738750228,0.4570298453793599,0.4369385555156306,0.4381004168932391,0.4196170520231214,0.4195816804904436,0.42115452305526224,0.4178752719361856,0.4292587312900927,0.44336917562724015,0.46151098410430436,0.4837656448394703,0.4906346608474268,0.5089108910891089,0.5169582292038558,0.5462272333044232,0.5797546012269938,0.6009667024704619,0.6294634846581734,0.6472387119985609,0.6640694173897644,0.6955116696588869,0.716284074605452,0.7376040535649656,0.7573675646356898,0.773720014321518,0.7914916925324083,0.7966374530495439,0.8032579185520362,0.8045914678235719,0.804221635883905,0.8005068790731354,0.793918918918919,0.7940175532867634,0.7914909224280213,0.7707272727272727,0.7443377423446277,0.7103636363636363,0.7123485807268125,0.6919111111111111,0.6697297297297298,0.6314447075970122,0.6150735294117647,0.5948576675849403,0.575571969014592,0.5414963568508975,0.5271611622450821,0.5087560931576097,0.4810172570390554,0.45761494252873564,0.452740848661446,0.4294075913444484,0.42443845462713387,0.4270796460176991,0.4221243808475509,0.42310443490701,0.4227947754517803,0.4274488304093567,0.4341268399055061,0.4512504530627039,0.467513611615245,0.47798066595059074,0.49121863799283155,0.5136371956800293,0.5396192203082503,0.5530220774520449,0.5890778871978514,0.6159433448338478
0.5993401759530792,0.6209489704565802,0.6518807665010646,0.6763858891288697,0.6907753050969131,0.713707451701932,0.7430766482043952,0.7517364203027604,0.7733686067019401,0.7804434750999637,0.7862292718096612,0.8034599607633316,0.8061658398299079,0.7925386715195633,0.7982824776173945,0.7988642608536362,0.7722303206997084,0.7625066761616521,0.7410827448850262,0.7214661585919071,0.7106544077879935,0.6869167429094236,0.6675145348837209,0.6496482049431715,0.6191695628315347,0.5878241677395623,0.573749774327496,0.5388869068854798,0.5142452663245444,0.4928754110339788,0.4704163623082542,0.4531021897810219,0.4382042253521127,0.419873532068654,0.41977982313661794,0.40811198851399855,0.3957807428777497,0.39306984298863024,0.4089206066012489,0.4166062364031907,0.40545808966861596,0.42734574662285507,0.4292957746478873,0.44640605296343,0.4636113657195234,0.4976802284082798,0.5220388173408308,0.5388959737657133,0.5674852124036566,0.5790990990990991,0.6149790947100527,0.6384,0.6740361775991229,0.6850323043790381,0.7072909220872051,0.7208963381308071,0.7456502242152466,0.7650460871136815,0.7743394860658704,0.790354155543691,0.7957223128511872,0.7965769299340346,0.8059240414319462,0.8043829710795761,0.7883530482256597,0.7896718665949435,0.7744598629896364,0.7622441520467836,0.7453847559861085,0.7302583025830258,0.7009227428984983,0.6755793226381461,0.6585234417100773,0.6333454281567489,0.6136322216147257,0.5682971014492754,0.5430145751866335,0.5204858593183467,0.49379788398394747,0.4731182795698925,0.46540880503144655,0.4493066810732937,0.43988970588235293,0.41769436997319037,0.4167272727272727,0.4084937916141803,0.4028776978417266,0.39621631268963053,0.392596547428368,0.40227030862007807,0.432225972641677,0.4365840419757554,0.4437668161434978,0.453255277629945,0.47841857091040985,0.505165657285358,0.5284221710642819,0.5574995443776198,0.5684380032206119,0.6018434845472619
0.5824331503453161,0.6116522366522367,0.6374018558172734,0.674781976744186,0.6813048933500627,0.7181390296886314,0.7255822350604803,0.7517266448564158,0.7658802177858439,0.7741046831955923,0.7747908136015667,0.7876010781671159,0.7868675995694295,0.7936479128856624,0.790325481028592,0.7866314863676341,0.7688696280245576,0.7571896614488532,0.7390362750406064,0.7243253033870676,0.700828530259366,0.6693649937039036,0.6664899257688229,0.6301148600143575,0.6046846846846847,0.5780399274047187,0.5556161395856052,0.5206085264461348,0.507832422586521,0.47552826440310636,0.4630259623992838,0.4400875433157031,0.4242369514177352,0.4017459469089613,0.3851851851851852,0.38927738927738925,0.3860828488372093,0.370184554739294,0.38533429187634793,0.3892978990842162,0.393972207182819,0.4136191677175284,0.40362976406533574,0.44578976334617504,0.4577238672850517,0.47650154236980585,0.4963741841914431,0.5097234611953613,0.5501957992168032,0.5606498194945848,0.5957101658255227,0.6365110830780321,0.6479812545061283,0.675894301635808,0.704978813559322,0.7306937756375959,0.7298799067933321,0.7561149794679521,0.7678342196955804,0.786749862360066,0.7988380537400145,0.7968185104844541,0.7964554242749732,0.7944263481722765,0.7861690838344535,0.777520896318691,0.7554910147032129,0.7406278026905829,0.722829006266786,0.7162162162162162,0.6902891824348447,0.6685082872928176,0.6501766784452296,0.6267518183430904,0.5845057880676758,0.570865436301738,0.542674253200569,0.5084358523725835,0.48686356223953614,0.4604575752116736,0.43847365657272885,0.4270889246734657,0.4141142754791331,0.399713723385221,0.39011680143755617,0.3835144927536232,0.38016678752719363,0.3829978432782171,0.3831298961559483,0.38774403470715835,0.4052111410601977,0.4137374461979914,0.42560681860292754,0.43758941344778257,0.4609916474142527,0.49487742407610685,0.5126445086705202,0.535263812400071,0.5557356383936611,0.5899332491430633
0.5722604552673373,0.6049828488896912,0.6371978118934181,0.6733345240221468,0.6742563349247154,0.7162065256364288,0.7179302910528207,0.7348903547869495,0.7449954914337241,0.7638764947349634,0.7710516805204193,0.7846043936417217,0.7770746700415838,0.7901079136690647,0.7758117475373951,0.7801771871539314,0.7696516505562648,0.7537542970870273,0.7384888888888889,0.7183425611716378,0.6884202872205054,0.6677882061271472,0.646415770609319,0.6191728005608131,0.5927279371459894,0.5748886910062333,0.5477044476327116,0.5253164556962026,0.5031055900621118,0.4597453828223059,0.44785830471715166,0.4146602461209203,0.4014212827988338,0.38892882818116464,0.3768562115175661,0.380858322858682,0.36204089017550206,0.35724356714839617,0.3646131805157593,0.3632221614725715,0.3724100327153762,0.3881220486741736,0.40406199893105293,0.4076936904547906,0.4432661717921527,0.46064772932874976,0.503593244699964,0.511071107110711,0.5370539798719122,0.5527312060573283,0.5869486623282719,0.6033740129217516,0.6448448091330717,0.6675113122171946,0.6777595926532096,0.7172905525846702,0.7335400328287434,0.7614251072561089,0.7651624548736462,0.7685303223456565,0.7789938217122683,0.7793028715911143,0.7902959014886969,0.7920417716960749,0.7891949152542372,0.7739314729777463,0.7543794947446063,0.7523277467411545,0.7258443200288965,0.7099503402611734,0.6920868472994797,0.6594982078853047,0.6295968882602546,0.6114295951271945,0.5979494690589527,0.5744795405599425,0.5241282141599155,0.5057450300930147,0.47883787661406024,0.44063421828908556,0.43161149508912333,0.41351744186046513,0.40678273485672833,0.37808998755112927,0.3754740834386852,0.371894832275612,0.3783039647577093,0.3572584997301673,0.362043795620438,0.3719099066105109,0.3881661022990554,0.3981243104082383,0.41798277099784636,0.42357038123167157,0.4519897772909821,0.46360643745427943,0.49616413916146296,0.5259355316783995,0.5588833425771862,0.5748116254036598
0.5656419529837251,0.5935991417843733,0.6172351885098744,0.6392325623094854,0.6584967320261438,0.6929205142132899,0.7023957409050576,0.7354976051091006,0.748991565823249,0.7577068685776095,0.7835051546391752,0.7820582383794538,0.7774384767379199,0.7754700089525515,0.7736588843343433,0.7761379800853485,0.7515348501263994,0.7561241154055526,0.7196775375595457,0.7128659197687026,0.6842585829072315,0.6596800882515168,0.6288321167883212,0.6130465694987558,0.5853876384423008,0.5690241718889884,0.5285075960679178,0.5013555033435749,0.4774239971217845,0.4406067251461988,0.4241182757392234,0.41389728096676737,0.3927351195828088,0.3726775956284153,0.3583091436865022,0.35745454545454547,0.3501973448152135,0.3428622797554836,0.33723196881091616,0.35318534560548637,0.34726688102893893,0.37942065043540074,0.39023099982366427,0.4078222222222222,0.43107181522915916,0.43556192866105037,0.46555100587502224,0.49919943070628003,0.5186729514140682,0.5485392850662312,0.5809418690213393,0.6052446321717705,0.6278861643100053,0.6603571428571429,0.6845420190750405,0.6957478005865103,0.7313296903460837,0.7408950896901613,0.7564999103460642,0.7653985507246377,0.7854147675478578,0.7897676094397406,0.7850259451445515,0.7761596548004315,0.7687443541102078,0.7669778509976204,0.7460089686098654,0.7325313992570317,0.7152852529601722,0.7077577045696068,0.6808898614150255,0.6557436082102989,0.6217336457019282,0.6098711667573943,0.5671451935308014,0.5441671092228713,0.5123090745732255,0.4928238249013276,0.4629528490806481,0.43818148216595826,0.417755991285403,0.3936776327880904,0.38044477118176806,0.36348684210526316,0.36775956284153005,0.35716865294330086,0.3388134381701215,0.3454415954415954,0.35597875846914484,0.36155769917827796,0.35989583333333336,0.3790896159317212,0.392506365951255,0.4086581641817855,0.44108597285067874,0.4590133871263525,0.4977916820022083,0.5009865470852017,0.5348471615720524,0.5625343343709943
0.549057600845517,0.5755750273822563,0.6092246232068277,0.6224377745241582,0.6676171805382285,0.6844277000358808,0.7173715737883464,0.7200723327305606,0.7352520557740436,0.7501355013550135,0.7740767559739319,0.7789625881077173,0.7678668355346481,0.7695613249776186,0.7752606975907946,0.7585379361270076,0.7539710554182845,0.7370840227983085,0.7246192893401016,0.6999267667521054,0.687466475952083,0.6539014742898238,0.6344378055404671,0.6076909189384365,0.5761955745895788,0.5422993492407809,0.5280552024695842,0.4895549500454133,0.467918337586584,0.43306233062330624,0.4046899982234855,0.4026022304832714,0.370118237190971,0.364494301994302,0.3536717062634989,0.3416578108395324,0.3332742107130188,0.33542783219367955,0.3231945926716471,0.33064516129032256,0.3496166874665716,0.36875917767988253,0.37735849056603776,0.38205681409564907,0.4040676745860331,0.43373493975903615,0.4523121387283237,0.4895130403064016,0.5015856236786469,0.5432657494569153,0.5721518987341773,0.5913692061800746,0.6317976513098464,0.6396461455136306,0.6770063119927863,0.6943503831759045,0.7098865478119936,0.725358504265747,0.7543383947939263,0.7629195524773574,0.7731152204836416,0.7775554747180793,0.7770677378126711,0.7682534001431639,0.7660608241857118,0.7484059027145199,0.7507396449704142,0.7406397673573246,0.7202885482416591,0.6972510467868196,0.6718693936132042,0.645822102425876,0.6067518248175182,0.5722312851187239,0.5532332976062879,0.5239477503628447,0.4981738495252009,0.47888358428204186,0.45725108225108224,0.41730003619254435,0.405858511422255,0.38531114327062227,0.36373487448076575,0.355726872246696,0.35299505403920134,0.3370264474624732,0.32742735648476257,0.32912761355443404,0.34172857401703205,0.3392761633089677,0.35487345180398494,0.3661696840610579,0.3870910066154121,0.40400363967242947,0.4300995942456658,0.44830643731158004,0.4750748634842346,0.5043851798818686,0.5260416666666666,0.5561857497341368
0.5464926590538336,0.5701492537313433,0.6055655296229803,0.6098006948253795,0.6518558172733762,0.6805680388279706,0.7060616929698709,0.7278606071492725,0.730428622033298,0.7514740039306772,0.7576407506702413,0.7696306920043026,0.7636851520572451,0.782732279268076,0.7661072008662696,0.7542173045528751,0.7446004319654428,0.7426431246655966,0.707774798927614,0.7072380266474613,0.678726483357453,0.6592039800995025,0.6246823956442831,0.5956244302643573,0.5654129926219184,0.5385732437829007,0.5116818262885678,0.47424351585014407,0.4689519023689878,0.42453505007153075,0.3864130434782609,0.37978780794821076,0.36337470768123764,0.34777858703568826,0.33774124374553255,0.3268752221827231,0.3184794470716624,0.3213580025148195,0.31875780831697303,0.3177138800141995,0.3234872896527032,0.3323787363522463,0.346836350600466,0.38306953583496356,0.3965702036441586,0.4328811138878972,0.45782701929949965,0.46306504961411243,0.4984818717628148,0.5387493319080705,0.5587640242780946,0.5769508670520231,0.6101572383878547,0.6536133855464578,0.6621263046170175,0.6802399563715688,0.7067333452402215,0.7393793867750277,0.7342795544376572,0.7593688362919132,0.7652785289345592,0.7761246900460503,0.7781016578611769,0.7677094570298454,0.7601720738483599,0.7467311481282465,0.7371180618333032,0.7356693620844564,0.7037037037037037,0.6805001812250816,0.6591880341880342,0.6386630532971996,0.6128032099215758,0.5806687374383337,0.5522120723625291,0.5114163396361042,0.49243637657946254,0.4543675502579612,0.44004321209938785,0.4017743979721166,0.39492494639027875,0.3663154134666905,0.3470344330268614,0.3382352941176471,0.3356426618049225,0.32205559619604973,0.32140248356464574,0.3141163793103448,0.3172351885098743,0.3265196342119419,0.33772476410895497,0.34987277353689566,0.3596710761530211,0.387252276379218,0.4207339449541284,0.4366630474122331,0.46008553100498933,0.4839800640797437,0.5022429571146599,0.5441203116506613
0.5380774032459426,0.5685781053388459,0.5966909802526241,0.6206025617896446,0.6525863611956327,0.6734841628959276,0.7065727699530516,0.716113914924297,0.7418662853056847,0.7498205312275664,0.7632100991884581,0.7687343133739691,0.7704737421961072,0.7596759675967597,0.7509333333333333,0.7524681385747621,0.7514921323928377,0.7241254304875838,0.7095786820309686,0.6888606676342526,0.6728887277999275,0.6485861639694114,0.6072695035460993,0.5756457564575646,0.5581896551724138,0.534082923401265,0.5016961256918407,0.47754222062522456,0.4519127636753665,0.4173989455184534,0.38940133839754026,0.3617626154939588,0.34784927124066833,0.3376367222521069,0.31450577663671375,0.3080066877206019,0.31392174704276615,0.3063095452094194,0.3017985611510791,0.2984834968777877,0.3213055303717135,0.318322135463955,0.347296813462227,0.3665044168018749,0.39359065155807366,0.40824175824175823,0.43642300018138946,0.4588954847994244,0.49039158810732414,0.5167272727272727,0.5513918629550322,0.5830636461704423,0.6039948689756276,0.6365614798694232,0.6590618726044899,0.6794988196840385,0.7031757488271382,0.7171937477280989,0.7427046263345196,0.7526978417266187,0.7529305680793508,0.7719424460431654,0.7684418855703491,0.7714285714285715,0.7638494318181818,0.7462607777582263,0.7247067448680352,0.7210629570180132,0.6956284153005464,0.6792146974063401,0.6457080371787862,0.6357091432685386,0.6044130626654899,0.566612874305182,0.544329146186055,0.5203660506011125,0.4848430493273543,0.47249310027598895,0.4223636363636364,0.406025824964132,0.374435002711987,0.3653573956121727,0.3390978784096987,0.3310091743119266,0.31401569186875894,0.31666365769994587,0.3075809661660937,0.30521943290590575,0.3111391038330034,0.3126011145065612,0.33064949006977995,0.34573894282632145,0.3492601176680335,0.3802591869341381,0.39946284691136974,0.4276026392961877,0.45900745319032904,0.4768812330009066,0.5011777495923174,0.5378679109834889
0.5362062875309078,0.5540293040293041,0.5858052775250228,0.6147973095800764,0.6543497757847534,0.6807823434415934,0.6860864845304867,0.6989687055476529,0.7385222381635581,0.7460604962869045,0.7577885827480642,0.7559963931469793,0.7605909576361695,0.7633477633477633,0.7517844396859387,0.7584593232541397,0.7309974045235447,0.7194008037997808,0.7120343839541547,0.6794081381011098,0.6650900491177005,0.6364283173247954,0.621373220400072,0.5798334219386851,0.556684200979503,0.5197860962566845,0.5008294930875576,0.4603658536585366,0.4377116378542149,0.4053174172544764,0.3954792043399638,0.3692531346538252,0.3387997837448189,0.3252339812814975,0.31830526887561106,0.3008057296329454,0.29008589835361487,0.2907852276801721,0.2961903058486854,0.28714107365792757,0.31331640058055155,0.3079658605974395,0.3364104384874845,0.35890557939914164,0.3855114670549691,0.40132166458296126,0.42343004039662135,0.4547798857984896,0.48830093592512597,0.5195972671700827,0.550457071159706,0.5693157519600855,0.6015414948915576,0.6246012052463665,0.6587073608617594,0.6980751604032998,0.7058289449791175,0.7244262586728341,0.73770197486535,0.7450589301903898,0.7486901535682023,0.7712091444900875,0.761740080087368,0.756596661281637,0.7539145907473309,0.7398141529664046,0.7402804899698207,0.7123287671232876,0.692740376164528,0.6648094895758447,0.6487119437939111,0.62931654676259,0.6038246436947501,0.5676972281449894,0.5361663652802894,0.5156894387663619,0.4816612729234088,0.4532668684351077,0.4178943586058211,0.3903988704553477,0.36755087209302323,0.35510497039296607,0.3260086455331412,0.3133707255292202,0.2990134529147982,0.30274223034734915,0.27908649523467,0.295819335572975,0.29552772808586764,0.30087860857091625,0.30404186214363044,0.33043478260869563,0.3364302304806146,0.3645248868778281,0.38044052863436123,0.40576252523398787,0.44568690095846647,0.4692045250493805,0.4849739067842361,0.5367294204503507
0.5268486711263786,0.5414195867026056,0.5838355193193903,0.5993125904486252,0.6348165218932813,0.6665495432185523,0.689270538243626,0.6994376927262833,0.7262357414448669,0.736318407960199,0.7464993635206402,0.7477775841031898,0.7647584973166368,0.7587665198237885,0.7492679355783309,0.747544561658785,0.7224803431022159,0.7220332915697154,0.703835860838537,0.6863203307567859,0.6765865901756902,0.6291819933438431,0.6070298769771529,0.5870120394016782,0.5471218449246413,0.5198173515981735,0.4790714677389874,0.4578161539845296,0.4197080291970803,0.4045774013335736,0.37193560190267105,0.34323733138899015,0.3236837343947892,0.3071593533487298,0.29865893439652047,0.29406522901443594,0.28453682135817954,0.2756756756756757,0.27714285714285714,0.28094898323225115,0.29558303886925796,0.3049221860296779,0.32267337405677327,0.3448773448773449,0.3681735985533454,0.396700143472023,0.42507256894049344,0.4484719260838664,0.4828018631314941,0.50026487727353,0.5194922937443336,0.5714795645190077,0.5950626381724392,0.6248844518395267,0.6490007137758744,0.6719509998198523,0.6977825464949928,0.7171735241502684,0.7309287646528404,0.7363620103738151,0.754839845124956,0.754293979388899,0.7642112959239628,0.7433309300648883,0.7440758293838863,0.7380191693290735,0.7171314741035857,0.7199782648071001,0.6959224721155605,0.6759525521207764,0.651331280565115,0.6176364293458619,0.5865470852017938,0.5656182212581344,0.5256015921838249,0.4942007973903588,0.4622093023255814,0.44109246697607996,0.415060349486579,0.39332857652515163,0.35857945279942016,0.3370126401993947,0.3264174566267215,0.31173224141000533,0.2965136961935254,0.297350874031357,0.28347449990989365,0.27040261153427636,0.2890850144092219,0.29556116925297726,0.3046594982078853,0.32213930348258707,0.3314487632508834,0.3476645435244161,0.3718693284936479,0.3914818101153505,0.43437273386511965,0.46006976317238846,0.48311174991016886,0.5338645418326693
0.5206405693950178,0.5524135446685879,0.5813574660633484,0.6006801503490246,0.6319270647121916,0.6586983074507067,0.6954504906333631,0.7047910662824207,0.7243332115454878,0.7385088671733623,0.7441818509832221,0.7453936348408711,0.7669439037338525,0.7572992700729927,0.7566041173255602,0.7447897623400366,0.7400990099009901,0.7117516629711752,0.6889483065953654,0.6747893001099303,0.6481248878521443,0.6179271708683474,0.5971004116699481,0.5637368514886789,0.5349048050770625,0.5136054421768708,0.4779159906255634,0.45134797357614714,0.4090660841070453,0.3896360050206204,0.3632393084622384,0.34453042560675345,0.3291116337977203,0.3044830741079597,0.2848308475809385,0.28921220723917673,0.2799857422919266,0.2764559659090909,0.2681354110693176,0.27145454545454545,0.3023800937612694,0.30634920634920637,0.30959480792843364,0.33638025594149906,0.3545307151864529,0.38444885441096877,0.4122507634273397,0.4314730100640439,0.4673144876325088,0.4984354868396834,0.5116492386718033,0.5718390804597702,0.5894601068730422,0.6163578047042053,0.6398987158618195,0.6695171922323179,0.6967857142857142,0.7064510458780102,0.7361974405850091,0.7347644169547025,0.7571073205401564,0.756225189462288,0.760931899641577,0.7456014362657092,0.748307801923762,0.747860913890406,0.7204616230078769,0.7163721601153985,0.6876465284039676,0.668155825589707,0.634472779887864,0.6098092643051771,0.5894700017491692,0.5559701492537313,0.5243547800799709,0.5003584229390681,0.45632638389647734,0.43527941439028744,0.39928251121076236,0.3709057639524245,0.3430414746543779,0.3194120810181036,0.3117808219178082,0.29134998190372785,0.2836413888409052,0.27795059469350414,0.27565028901734107,0.27596815056098445,0.27526450200656694,0.28846499910023393,0.2987891737891738,0.31196732954545453,0.31969803370786515,0.3587946741415557,0.3658094893154654,0.4026372832369942,0.41813961792537047,0.44683136412459723,0.4881343556042351,0.5200650759219089
0.508443124884023,0.550044286979628,0.5683621933621934,0.584648112036873,0.6311979732175171,0.6615160879840029,0.6614658925979681,0.7024390243902439,0.7165520888418826,0.7309116557926292,0.7479239712124008,0.7514750581083497,0.7558913473646339,0.748172514619883,0.7429157345264727,0.7332740213523131,0.7323743562422305,0.7174302075876879,0.6900700305261268,0.6865408361263009,0.6502145922746781,0.6213281110913299,0.5941605839416059,0.5773288038619703,0.5291244573082489,0.5041531238714337,0.4749321266968326,0.4368289191123837,0.4149990986118623,0.39116262223831944,0.3489897199574619,0.3306808134394341,0.31774688571944393,0.3012866333095068,0.28627242052921326,0.267741935483871,0.27312060573282854,0.26571897211591033,0.2682838522809558,0.27103472968134623,0.27723301836334463,0.2927180966113915,0.31151118385160936,0.3342531272994849,0.35442127965492454,0.37295231161266834,0.4061268362594052,0.422040072859745,0.45840739424102384,0.5027555555555555,0.5286680911680912,0.5632368703108253,0.5767167381974249,0.6202670568867752,0.6363636363636364,0.6561447065082462,0.6861955327718784,0.7100332691297496,0.7285059578368469,0.7440561959654178,0.7420749279538905,0.7532467532467533,0.7558097312999273,0.7551867219917012,0.75,0.7408854166666666,0.7104982206405694,0.7044104410441044,0.6830747280185483,0.6596934174932372,0.6416269695859289,0.5998579797621161,0.580046403712297,0.5573001263309871,0.5268346111719606,0.49936259333454747,0.4633923680847179,0.43560744253921924,0.39449375113204127,0.37038384573403677,0.34971509971509973,0.31726477414747367,0.30930232558139537,0.2897777777777778,0.2750855701675374,0.26839038601602333,0.26839212905513204,0.26823058737952354,0.2774170274170274,0.28026386165091816,0.2906272273699216,0.2967581047381546,0.3264617025057757,0.3435759209344115,0.3697375374317421,0.3977930535455861,0.4195804195804196,0.43921217547000896,0.48008689355539463,0.49451152579582874
0.5071312511283625,0.5373614587057561,0.5671506352087115,0.5993954480796586,0.6234160271283241,0.6541712605659684,0.6727601809954751,0.6911791018071212,0.7284708431124752,0.7429669753625721,0.7451434681874889,0.7469380403458213,0.7600729261622607,0.7526824034334764,0.7431605471562275,0.7415891195418755,0.7296956600036016,0.7002137513359459,0.6997808619430241,0.6745551274995414,0.642870387539403,0.6234688443103142,0.5933073654390935,0.5517488789237668,0.5189009773188272,0.5037885462555066,0.47236456808199123,0.44356719899515523,0.4133749770347235,0.38032490974729244,0.362017280902839,0.3313134913562645,0.31712707182320443,0.29306049822064056,0.2766332100721958,0.2636165577342048,0.25917308036513337,0.257260666905701,0.2553885165730846,0.2746725696365984,0.27598110465116277,0.28752031786165794,0.306503772906935,0.3335138061721711,0.34664971854003995,0.3799212598425197,0.4086219602063375,0.43641822677499115,0.45505719992736515,0.4938136826783115,0.5221507681314755,0.5526126126126126,0.5806335493160547,0.6148175451529672,0.6455494602725181,0.6594663278271918,0.6915290356952584,0.7148557953927082,0.7266466537171111,0.7412827461607949,0.7523653566229985,0.7503118873641063,0.7539879475363346,0.7526995928482917,0.7406868980556061,0.7230769230769231,0.7347747747747748,0.7044025157232704,0.6907433380084151,0.6603573323898815,0.632262721039336,0.6059291395516992,0.5790990990990991,0.5431967358524038,0.5144954128440367,0.4735140958879512,0.45502167630057805,0.42820653165480754,0.3874551971326165,0.3666124073069271,0.338885903636038,0.31959324496095876,0.29319467250501735,0.27756722613246704,0.2810516772438803,0.26449736411561536,0.2576332429990967,0.2576474872541879,0.25801224342815987,0.275892698525493,0.272007200720072,0.2964705882352941,0.31270417422867514,0.32472192321492643,0.36893555394641564,0.3826623141095394,0.4240333998910873,0.45087655222790357,0.48384217104088556,0.5025399129172714
0.5014265335235378,0.532863436123348,0.5729452681676734,0.5951950867052023,0.6267899220590901,0.6568436002130303,0.6710812772133526,0.7029348604151754,0.7028582034149963,0.7174540209159754,0.743710407239819,0.7482808541440463,0.7577639751552795,0.7538324420677361,0.7355236885097114,0.7485358711566618,0.7281465360899528,0.707632371170533,0.7017892644135189,0.6636715997181113,0.6415809420682187,0.6182815356489945,0.5848278335724534,0.5638375045339137,0.534687275341481,0.4821460938916078,0.46554801856479827,0.44570819264261596,0.40232811931611495,0.38138784292630445,0.3506919155134741,0.33171083468541557,0.30496712929145364,0.28389526542324245,0.2828244989698445,0.2638560785026349,0.26269355419517465,0.2663956160509104,0.25367376928728874,0.2602243937748824,0.27310771470160117,0.2813057438458794,0.3124776546299607,0.3107569721115538,0.3585549964054637,0.3724790290915581,0.4020803443328551,0.4291111910759266,0.45310815666546894,0.48761835396941006,0.5166019074531968,0.5508853514576999,0.5755203700409179,0.6122340425531915,0.6416382252559727,0.6573426573426573,0.6783974011911207,0.7125542691751086,0.7244988469043817,0.7383636363636363,0.7380694143167028,0.7570076772004999,0.7503123326789221,0.7545520757465404,0.7425493716337522,0.7353100705116615,0.7146464646464646,0.7100053504547886,0.6685122343275585,0.6519927536231884,0.6388691322901849,0.6036651095939634,0.5725483047757929,0.5404324913683446,0.5266121707538601,0.48080699875022315,0.4458401602038959,0.4154286737068194,0.38968225633702247,0.3582887700534759,0.33835691968388165,0.31450577663671375,0.29271835845287814,0.2777878185432857,0.2528548123980424,0.2596646072374228,0.2629788757608306,0.25849470222871757,0.2660701241782323,0.2656700288184438,0.2862780269058296,0.3032189222834786,0.2964680699250803,0.3328514636790748,0.355716557695706,0.3857193479801559,0.4091325875664772,0.4453152832205201,0.4684248295658414,0.5090388401646679
0.4976760815159099,0.5339928057553956,0.5633116883116883,0.5916444444444444,0.622911251392499,0.642933428266287,0.6692390524048816,0.6929761042722665,0.7044149318018664,0.7294054441260746,0.7469944374663556,0.7472488462903798,0.7529880478087649,0.7500879352796342,0.733357452966715,0.7361557699178278,0.7273382591457921,0.7102129195236376,0.6855950653120464,0.6695278969957081,0.6614173228346457,0.6257855988507811,0.5972022955523673,0.5567249375668926,0.5191650170955552,0.48548765098251306,0.4681753889674682,0.4256,0.390943532383186,0.3649981731823164,0.3451502609321576,0.31567328918322296,0.30763727419066356,0.29009009009009007,0.27234192864712115,0.25899663180287186,0.25742215785662564,0.25165681533225864,0.2490025389916576,0.2561460592913955,0.2636571227823643,0.282837283906612,0.3004720406681191,0.30867761140176797,0.3395717113550477,0.38524890190336747,0.39473684210526316,0.4215651558073654,0.4567342505430847,0.49132224011451064,0.5305010893246187,0.5499102333931777,0.5873504893077202,0.6241478292070326,0.6331861662987491,0.6572394165777303,0.6921100917431192,0.6992014196983141,0.7181376954880461,0.73300528521961,0.7409967260822117,0.7505916621154196,0.7435030259878961,0.7413141314131413,0.7485169872371022,0.7354211663066955,0.7091302778780224,0.6958325816344939,0.6816896429833863,0.652299891343716,0.6335237415208854,0.5956989247311828,0.5687477444965716,0.5346960731576116,0.50754039497307,0.4788279435411828,0.4290226355500965,0.41429864253393667,0.3927591881513988,0.36698717948717946,0.3343465045592705,0.31032002876663073,0.2954667622289912,0.28051001821493626,0.2653208363374189,0.25743279330603525,0.257954341182815,0.2530032763014197,0.2695919104369809,0.2575381340901029,0.25942469179917815,0.2937357431128268,0.3110787702383118,0.3291253381424707,0.3527941439028745,0.38095238095238093,0.4030911351927518,0.44035874439461886,0.46402349486049926,0.5051509769094139
0.49580881041555197,0.5441095890410959,0.5544536922259606,0.5869371774337071,0.6163623344074471,0.6523310444524756,0.6607722843738723,0.7015351660121385,0.7254472435195327,0.7227758007117437,0.7382993926402287,0.7446425355663605,0.7466451959205582,0.7500902201371346,0.7441276672045902,0.7298125450612833,0.7351227264700688,0.7100125380619738,0.7052064631956912,0.6648831817371144,0.636576999458386,0.6018484958318231,0.5793536804308798,0.5525040387722132,0.5215276526751936,0.4937826635429807,0.46857753249065337,0.4276399203042927,0.40133960897900073,0.36714542190305205,0.34138863841298467,0.32705840957072485,0.3012328032874754,0.29341210168277837,0.27762754642148907,0.26268180205746716,0.25114657860942946,0.24791288566243194,0.24430379746835443,0.26278944534194937,0.2760133356729251,0.27579875137715754,0.299281584019625,0.32464240449031323,0.3279812375969692,0.3695652173913043,0.4022018348623853,0.42790614365036717,0.46066606660666065,0.4827524893314367,0.5219058050383352,0.538965768390386,0.5765507350304768,0.619291194738765,0.627906976744186,0.680201221703198,0.6785841337602276,0.7072557471264368,0.7303085299455535,0.738107963655799,0.7428106348345089,0.7590057636887608,0.7514062783523862,0.7363256405596947,0.7496875557936082,0.7333213773314203,0.7164099840679766,0.699621143784954,0.6801214502589749,0.658223201174743,0.6269742679680568,0.6028179061886927,0.573797080555055,0.5480288728484175,0.5147505810834972,0.47761194029850745,0.4453566867359971,0.4069366261122208,0.38260558339298495,0.35164638511095203,0.3368907861970829,0.3089387464387464,0.3000903342366757,0.2728247275326068,0.25799418604651164,0.24909354604786077,0.25110756689704056,0.24688187820983126,0.26273458445040215,0.2551551013089475,0.2731856654060868,0.298131010705861,0.2963097618614797,0.3195213430969816,0.3519532676159182,0.3654933430603684,0.4087473002159827,0.42088438998401706,0.4672727272727273,0.4981132075471698
0.4954374664519592,0.5302725443570514,0.5703237410071943,0.5884884346422808,0.6234522942461762,0.6627262652382712,0.6786500366837858,0.6884746370317261,0.7071611253196931,0.7239075478512098,0.7339531557303772,0.75,0.7534320809248555,0.7467462039045553,0.7437806428182313,0.7388360175695461,0.7306137449467107,0.7027653880463871,0.689503572082799,0.662238398544131,0.6447344571324995,0.6195513405070217,0.59147685525349,0.5485489072017198,0.5133920546467733,0.4973637961335677,0.4694175643600511,0.427821997105644,0.40700218818380746,0.3694324712643678,0.3602552415679125,0.32541949303820067,0.29541383016839845,0.2800705467372134,0.2628939828080229,0.25144300144300147,0.258702821546354,0.25538574848094275,0.2501343845189034,0.2527671928869534,0.26274438150922713,0.28794402583423034,0.29674350530552507,0.3142805625676163,0.3460564399421129,0.36394557823129253,0.39305201891596947,0.4126752868329995,0.4480202495028024,0.47874072733851997,0.5219407777381377,0.5448337825696317,0.5930316091954023,0.6035986913849509,0.63338818796855,0.6653675819309123,0.6884149647569131,0.7126932758000719,0.723510524438102,0.7312159709618875,0.7470810131129872,0.749134001823154,0.7494145199063232,0.7598075499629904,0.7405268856008661,0.7318526543878656,0.7194051245296542,0.7033261802575107,0.6836545589325427,0.6451496574107465,0.628003613369467,0.5949865711727842,0.564070796460177,0.5412482065997131,0.5043617589460566,0.4764611831586427,0.44104490964394344,0.40745386131517647,0.38233700559869965,0.35262497760258016,0.33905886562891396,0.3147424511545293,0.28654970760233917,0.26655689718258324,0.25621345029239767,0.2573046018991965,0.24121779859484777,0.24954759319580166,0.25556544968833483,0.26014957264957267,0.27470179811287165,0.2897623400365631,0.30170228178196307,0.3310538313168508,0.358422290573548,0.37842712842712845,0.39960417416336813,0.4440854424699336,0.4636347229741924,0.5027882712718115
0.5061442564559216,0.5334538878842676,0.5560984437205936,0.5883309248554913,0.6197561850125493,0.6453076783445272,0.6723948811700183,0.6876131836291199,0.6974414027554124,0.7344796380090498,0.740867992766727,0.7454545454545455,0.7462470609513474,0.754139220224319,0.7447766570605188,0.744014401440144,0.7306851311953353,0.7108501118568232,0.6879445234708392,0.6678687342228633,0.6324633535931355,0.6139071669927085,0.592572264910355,0.5680043580897041,0.5201698513800425,0.486754370156785,0.45898716119828814,0.43709943233839954,0.4066715275246081,0.36769394261424015,0.3432624113475177,0.32799708932144805,0.3036036036036036,0.2857915614857555,0.2763205828779599,0.2582100324792494,0.25271739130434784,0.252985884907709,0.26184092940125114,0.25449264839353786,0.2660134276900744,0.27179763186221745,0.3067450836243338,0.3177826564215148,0.350711743772242,0.3729114824031283,0.39208173690932313,0.43133707255292203,0.46626659392616837,0.48294203961848864,0.512755563596888,0.5447910965152345,0.5728733971464692,0.614191477981815,0.6329479768786127,0.6603275224511358,0.667933405718422,0.7047293652220824,0.7206013960980848,0.7376814191005197,0.7387466902030009,0.7520810712993123,0.7515033604527768,0.7454803261254874,0.746003233339321,0.728771049802938,0.7169945064681906,0.7056643726839598,0.6829311885612154,0.6699116639625022,0.62339514978602,0.5947112790070157,0.5750358166189111,0.5343761367770098,0.5084745762711864,0.4728767123287671,0.43733333333333335,0.41345814199929354,0.39109442060085836,0.35358511220580185,0.33835969106289077,0.3172326130379517,0.29476486246672584,0.2884068278805121,0.2679150162045373,0.2571022727272727,0.25686934940613365,0.26187943262411345,0.2567857142857143,0.2621842760583422,0.27704294256205836,0.2931003094847988,0.3132594710507505,0.3252093023255814,0.3498112529210857,0.3829902491874323,0.40824037423533643,0.43415237758529257,0.4662851010552674,0.507069983891176
0.5093525179856115,0.5311702515493985,0.5578096947935368,0.5953153153153153,0.625797306874557,0.6475243879992637,0.6837277563749771,0.6873525675920885,0.7099318752240946,0.7323618269059889,0.7408884859474162,0.7505407354001442,0.7443243243243243,0.748047229791099,0.750406063887385,0.7404270337038997,0.7327833572453372,0.7092790993281278,0.6842960288808664,0.6653571428571429,0.646059291395517,0.6217914198528092,0.5829886711023198,0.563854982692658,0.5285868392664509,0.505631819781767,0.47758007117437723,0.4400782361308677,0.4068767908309456,0.3782996541052248,0.34968325791855204,0.31051782834617453,0.3032831489207328,0.29319935402835096,0.2730627306273063,0.26469527587450414,0.266114829165199,0.2525432803855078,0.26040364350776923,0.2569283032361881,0.2700145560407569,0.2766856512952416,0.2907608695652174,0.3150345316097043,0.34490952293913363,0.3649135446685879,0.38808373590982287,0.4353215954006468,0.46025710664493935,0.4855270344074276,0.5275491949910555,0.5580844865258557,0.5864088005677786,0.5983979610413254,0.6297972483707458,0.6592792792792793,0.685960812511235,0.7061427780852241,0.724323355440043,0.7321205635812378,0.7495482471991326,0.7452762923351158,0.7424078091106291,0.7460201280878317,0.7496895511797055,0.7355342563010294,0.7154804270462634,0.6915572898190848,0.6804956896551724,0.6554739419377404,0.6286539155539517,0.5941006152732538,0.5749318801089919,0.5309703456746798,0.5117336729124977,0.48401084010840106,0.44776912181303113,0.4264445232187168,0.38785217709476766,0.36259333454744125,0.344035023713973,0.31457013574660636,0.2979106628242075,0.28867452661664883,0.26825281511078825,0.25044658806716685,0.2692307692307692,0.24398625429553264,0.2530032763014197,0.2658497602557272,0.2702848900108186,0.2844642857142857,0.30618538001088336,0.33285841495992874,0.35196042506412606,0.38434686753628516,0.41652922851383545,0.44104570513960517,0.4642857142857143,0.5065143673032304
0.5072828627944614,0.5456821026282853,0.5680376879869542,0.6104294478527608,0.6417428725121033,0.6601681273475228,0.6705733862243058,0.69950389794472,0.7074842200180342,0.726480203414457,0.7272074659009332,0.7451407811080836,0.7426879598062085,0.7466641957005189,0.7505798394290811,0.7381864623243933,0.7304990091875337,0.7109795479009687,0.6910656620021528,0.6711119120562263,0.6416363636363637,0.610762331838565,0.5818796724813101,0.5492007104795738,0.5260758570386579,0.4973252496433666,0.4745431967358524,0.4340669171587046,0.4075471698113208,0.38633899530177085,0.3530469171310444,0.33710082526013635,0.3086128739800544,0.2965555350893351,0.28350789987573227,0.26101382488479263,0.259825327510917,0.26435536294691225,0.2714940098661029,0.2614687216681777,0.278104400498842,0.28835884656461375,0.3113599422069713,0.32264492753623186,0.34661212875689135,0.3840086052348512,0.4123692420627638,0.4353815479427225,0.45825704870010986,0.4988222504076826,0.5202029353143686,0.5522945570971185,0.5795555555555556,0.6096198883084128,0.6379341698490635,0.6584339553604098,0.6881452474190103,0.7074768055302892,0.7261076528744049,0.737449615243679,0.7442482611021937,0.7465016146393972,0.7544373284537969,0.7467625899280576,0.7360270558917764,0.7406233491811939,0.7203849518810149,0.7115622241835834,0.6854896354538956,0.6638367052023122,0.6282713192095425,0.6066714234748484,0.5717848236551478,0.5546695020379231,0.5145972564192755,0.4764098783634353,0.44935344827586204,0.4245849523136701,0.38221814848762603,0.36927515326361343,0.3351419786579852,0.320374370050396,0.3011963406052076,0.2776874435411021,0.27632033137728684,0.25696594427244585,0.2551277437927312,0.2593812923302215,0.2680109990834097,0.2657304395403976,0.27601809954751133,0.3027823240589198,0.3172071593124225,0.348342939481268,0.3713049747656813,0.3906221492428389,0.4333968473930365,0.43741058655221743,0.4864864864864865,0.5122571272925368
0.5124040692486168,0.5370304748405387,0.5682851427532278,0.5940186246418339,0.6392844103687477,0.653416149068323,0.6820976491862568,0.7099614749587232,0.7300527240773287,0.7260248901903368,0.7415323310994385,0.7515527950310559,0.7599785215679256,0.7525089605734767,0.7557761732851985,0.7477781727692855,0.7226598278072908,0.7205617572920417,0.6924886877828055,0.6808007279344859,0.6531572281527049,0.6275252525252525,0.5967063129002744,0.5580031977260614,0.531959852086635,0.49433351322180247,0.464011691633175,0.45027872684768927,0.41033544877606526,0.3837750716332378,0.37167335034633614,0.3315024805102764,0.3185535162638561,0.2982139635576403,0.2831116779012571,0.2733440457061239,0.2604559325076288,0.26472130001747335,0.26522522522522524,0.2800288132540969,0.28682732379054177,0.28793843951324266,0.30490633363068687,0.33375179340028693,0.34943901556279405,0.37527432333577176,0.40156500088920505,0.4385711708461122,0.4569902048085485,0.5005460502366218,0.5371841155234657,0.5539685409510035,0.5890337560278621,0.6144382124117966,0.6360450101457296,0.6629436137632859,0.6892889288928893,0.7176255707762557,0.724113475177305,0.7292691496837667,0.744277539341917,0.7543638653949973,0.7507523455478846,0.7580500089944234,0.7510814708002884,0.7311885612153709,0.7219520979650639,0.7091911764705883,0.6863063063063063,0.6562612775171418,0.6388589881593111,0.6130814471573695,0.5843449900344265,0.548838022016425,0.5159212221608688,0.4896302975653742,0.4703656998738966,0.4186046511627907,0.392425320056899,0.366786355475763,0.3485447358965146,0.3175528040786599,0.30704275961192956,0.2848191908342284,0.2781665500349895,0.2720510095642933,0.2654753131908622,0.2632244087380394,0.2689618074233459,0.278241917907737,0.28638244288541104,0.31210074831173573,0.3185840707964602,0.34370503597122304,0.3720678455431252,0.406311992786294,0.4187943262411348,0.45225225225225224,0.4745395449620802,0.5113615370404582
0.5194008301750587,0.5301162381120113,0.5687811831789024,0.6188118811881188,0.6343549536707056,0.6570764832022874,0.6878467871845355,0.7081190301249082,0.7212936046511628,0.7362857663568434,0.748680618744313,0.7474433893352812,0.7578594136347581,0.7526671408250356,0.749420780609517,0.7462578899909829,0.7339001447178003,0.71529284164859,0.6991041630072018,0.6821498487275316,0.6567300658376006,0.6155484558040468,0.5973908316724045,0.5598329398946795,0.5350764131835758,0.5100718164301979,0.47852650494159926,0.44491750931346463,0.4190715181932246,0.38543356769424914,0.37420526793823794,0.3492753623188406,0.3221048798252003,0.30358435916002896,0.30451796513696194,0.2870708546384222,0.27546628407460544,0.28110026619343387,0.28209306536302736,0.28085414404632647,0.29160714285714284,0.29278872221218144,0.32731175102843857,0.3301717967072298,0.36598124098124096,0.3925399644760213,0.40275813295615276,0.4401509705248023,0.48194718879109033,0.5057553956834533,0.5416142369225239,0.5576247364722418,0.5916221033868093,0.6198852064432513,0.6513145965548504,0.6766499282639885,0.6873550918494739,0.7048642740025506,0.7300235549918463,0.744,0.756268630545327,0.7535410764872521,0.7577929057685417,0.7627118644067796,0.7534591194968554,0.7456794615244678,0.71770503343893,0.7004121125246372,0.6763789628000733,0.6533764367816092,0.6421985815602836,0.6102276834116371,0.598821638993037,0.5508148690715986,0.5268759018759018,0.48010849909584086,0.46079504011670314,0.43685704150407945,0.40512452965418383,0.37404171866642894,0.3626432664756447,0.34206189342611243,0.3147848010084639,0.29313778743436536,0.2925628873496172,0.2799927180047333,0.2675100843417675,0.2603807796917498,0.27754658946987515,0.28258488499452356,0.28885257806826437,0.3117043847241867,0.3277116989170957,0.35176951805086254,0.3694572543455126,0.39659235091535255,0.415124842823783,0.45835631549917266,0.47107887579329105,0.5191497159611508
0.5200291332847778,0.5546354635463546,0.58125,0.6039891205802357,0.6323049001814882,0.657219730941704,0.704973963009517,0.7063492063492064,0.7137054044507242,0.7390993566833453,0.7531044558071585,0.7561668145519077,0.7557702630166399,0.7558160504959422,0.7492826398852224,0.7573464719338378,0.7352092352092352,0.706683617871413,0.6991509782207457,0.673049645390071,0.6549623790756002,0.6228134110787172,0.6086401749908859,0.5645924308588064,0.5372736954206603,0.5274291860882037,0.4757142857142857,0.45287397358086395,0.42875271936185644,0.39637863033345283,0.3726012793176972,0.33617929562433296,0.32665695557174074,0.3049335517931913,0.30513100436681223,0.30296534476598785,0.28363309352517985,0.281659780851446,0.29027056083139224,0.2963944856839873,0.2888327620422154,0.30788850428128983,0.3218552354181307,0.35022789425706474,0.35879343799611924,0.38669064748201437,0.4224666426253155,0.43940222343721524,0.4839506172839506,0.5037815901125253,0.5172291296625222,0.5727842435094002,0.6037463976945245,0.6326383896477354,0.6523666016663712,0.6752727272727272,0.6981760785689232,0.711405739193607,0.7253012048192771,0.7475763016157989,0.7704533140689904,0.7551680747797951,0.7628977170591408,0.7618267831149927,0.7507194244604316,0.745480579917666,0.7341389728096677,0.7219020172910663,0.6871628910463862,0.6587259572966296,0.6577635327635327,0.6105338588319599,0.5858918128654971,0.5531109107303878,0.5294979846097472,0.5037979155626214,0.4758020663404024,0.4406625409537677,0.41794232823068705,0.37846539080665353,0.35927390366642703,0.3456700091157703,0.3263440860215054,0.31659693165969316,0.3004917137133491,0.2966226138032305,0.26920980926430516,0.279337652987761,0.27527688460164346,0.29961935834692766,0.29946714031971583,0.32268819091068607,0.3307567859068848,0.3486540926570225,0.37118145012881854,0.40267350302142463,0.44142183532825535,0.4573446839340699,0.49264442052386076,0.5294860234445447
0.5278372591006424,0.5631607238846085,0.6003947604521802,0.6223028105167724,0.6381519581303013,0.6662502230947707,0.6932121859967931,0.7162673392181589,0.7287111111111111,0.7419472247497725,0.7541629364368845,0.753503413582465,0.7679528403001071,0.7553076646275638,0.7610108303249098,0.7553229880909419,0.7362617498192335,0.7231427044361304,0.7118191527233891,0.6750088746893859,0.6476021314387211,0.6365391365391365,0.6067214873078298,0.5721384205856256,0.5413990007137759,0.5255697111071236,0.48612593383137676,0.4678103997170145,0.4252521613832853,0.40669425949253196,0.38088393819619115,0.3639812138728324,0.3472073995019566,0.3154783231816553,0.31088644159595596,0.3050308914386584,0.30071301247771837,0.27945454545454546,0.28781625695316704,0.30039811798769456,0.30359085963003263,0.3135325784295526,0.344679326406306,0.36558948863636365,0.3939778704879376,0.40626111704019924,0.4319685320936885,0.45843520782396086,0.47914032869785084,0.5176299527444566,0.5410414827890556,0.5764833968426782,0.6070579630645456,0.6183384173694599,0.6508812533380808,0.6720351390922401,0.7064486830154405,0.7165467625899281,0.7410810810810811,0.7533998186763372,0.7639562017591097,0.762504563709383,0.7560131195335277,0.7555124360557417,0.76229802513465,0.7305737109658679,0.7271746944644141,0.7203690560681334,0.6929105157645343,0.6666064002892786,0.6403162055335968,0.6170631371847612,0.5947185035760132,0.5680717488789238,0.5252377468910022,0.5068369917236416,0.49086964382570963,0.4420091324200913,0.42185772207887945,0.39313936781609193,0.3694474539544962,0.3523704924034413,0.32255759957135205,0.30709793351302783,0.30044130626654897,0.2957617829740592,0.29429482636428067,0.284890010818608,0.2970961887477314,0.3034395822078156,0.307481251143223,0.3348449120261201,0.3453513909224012,0.36978785662033653,0.3884676423911127,0.41751929635612994,0.43923357664233575,0.4677996422182469,0.4939454183986987,0.5275155832591273
0.5399129172714079,0.5551425030978935,0.588947083258082,0.6163353036002149,0.6436513629842181,0.6779202022025637,0.7017359284587059,0.7292035398230089,0.7358867308041387,0.75,0.7528776978417266,0.7572463768115942,0.7737556561085973,0.764525993883792,0.7656843247152414,0.7597509613623878,0.7425935781444031,0.7412638059025892,0.7089016511127064,0.6973778735632183,0.655535390199637,0.6455855855855855,0.6288936627282492,0.5940419531112286,0.5486023444544634,0.5175816289917474,0.5039668229354489,0.4645669291338583,0.44063802791372125,0.4188747731397459,0.4007417873542918,0.36187113857016767,0.34007950849295265,0.33779682199607214,0.3140525195173882,0.3116531165311653,0.3045414069456812,0.3090059320510516,0.3045520231213873,0.3059715289332594,0.3206865401987353,0.3254469929564746,0.349875044626919,0.35109436670254757,0.38839366927414953,0.41067978218865275,0.43112701252236135,0.4636495819701927,0.48360219819180994,0.5249414730776157,0.5438659058487875,0.5743756786102063,0.6125792811839323,0.6381413706494439,0.6590623315969104,0.6737386343376716,0.7152841640610631,0.7275,0.7332469455757127,0.7523572318092866,0.7540263543191801,0.767528328611898,0.7634041021950342,0.7744866436489187,0.7563405797101449,0.7503168567807351,0.7305002689618074,0.7226277372262774,0.7006566946369938,0.6780748663101605,0.654228855721393,0.6256372906045157,0.5923326133909287,0.5727096887638474,0.5453906935908692,0.5143016344725111,0.4784688995215311,0.4587921847246892,0.43261141936638625,0.399888351321176,0.38741430831429075,0.36213841083852066,0.3291859225026662,0.33470483005366725,0.3120567375886525,0.3031416498254639,0.29971641261963844,0.3049455454383146,0.3107844873384098,0.3044558849636073,0.3161579892280072,0.33457051961823964,0.3579152632511966,0.3691860465116279,0.38892844428622286,0.4198775657184012,0.44712397284744554,0.47557292591934625,0.5102333931777379,0.5446187128177393
0.5404676258992805,0.5759870200108167,0.5982468955441929,0.6226618705035971,0.6507993533321358,0.6800926751024773,0.7073966642494561,0.7235452103849597,0.7379920548934633,0.7563479200432199,0.7641882183908046,0.7797038642109064,0.7689257390050469,0.7670796460176991,0.771774485001807,0.7585962424672102,0.7430456490727532,0.7395869793489674,0.7126334519572953,0.6956843859974069,0.6690909090909091,0.6440158615717375,0.6226815050344462,0.5984109786926688,0.5669799152386217,0.5451420300343767,0.5057532306602939,0.4835532428916558,0.45596904937361826,0.42546033994334276,0.3949759486905398,0.3826780213806849,0.36123975774848593,0.3505391550291674,0.32931220741807704,0.3373166757197175,0.31927818474182595,0.3159041394335512,0.32529680365296804,0.3223767383059418,0.3302932761087268,0.33522324592487596,0.35384615384615387,0.37955811029279685,0.3916849015317287,0.4292212518195051,0.45355289063898335,0.46924493554327806,0.49954586739327883,0.5252161383285303,0.5545323221379559,0.5901495162708883,0.6259473114399133,0.6507569011576135,0.671379989260784,0.6872207327971404,0.7159214830970556,0.7317465998568361,0.7379698565462139,0.7552074060886594,0.7674167416741674,0.7666848517912348,0.7733333333333333,0.7674714104193139,0.7565741417092768,0.7541696881798404,0.7449918787222523,0.7254658385093168,0.6985809232980061,0.6867749419953596,0.6547641073080481,0.6242479489516864,0.6085621387283237,0.565508505247919,0.552664633052216,0.526917663617171,0.49535941765241126,0.46302017081591856,0.4445834823024669,0.39776754075124027,0.39710407239819007,0.37282750887684546,0.3497099347353154,0.34268358048954795,0.3347107438016529,0.3141783029001074,0.32142857142857145,0.32404502675770436,0.3216332378223496,0.31811567842851945,0.3348174532502226,0.3410071942446043,0.3593665646931798,0.3873201917954182,0.38945827232796487,0.437719298245614,0.4564149226569609,0.48714285714285716,0.5265744448489261,0.5401267159450898
0.5558325912733749,0.5813067150635208,0.6094026157652881,0.6381109280615047,0.6699533883112226,0.6957771787960467,0.7048943471193787,0.7297934034070316,0.7513397642015005,0.7633644859813085,0.7697500456121146,0.7712738074436485,0.7812442984856778,0.7719111111111111,0.7778756385414832,0.7605235231694376,0.747277090640576,0.7314500268192383,0.7289167412712623,0.7011268109461635,0.6747924394983219,0.6589451176051319,0.6231700704861739,0.6123221041253828,0.5867456896551724,0.5539542424788326,0.5296579330422125,0.4861111111111111,0.46364444444444447,0.4340510222543876,0.419773095623987,0.40239043824701193,0.38225377107364683,0.3731180845274805,0.360014229811455,0.33090379008746357,0.3342511013215859,0.33374955404923295,0.32723686569840416,0.3222483282125429,0.3478183118741059,0.356833754056978,0.36951088896822565,0.39436619718309857,0.40891472868217055,0.43479042993344125,0.4588129496402878,0.4961156278229449,0.5065920173379086,0.540453074433657,0.5768953068592058,0.5978835978835979,0.6198809309038427,0.653886925795053,0.6799927641099855,0.6948905109489051,0.7235178921132277,0.7471264367816092,0.7407407407407407,0.7649819494584837,0.771228950197062,0.7727680977186995,0.7777777777777778,0.7712488769092543,0.7722470904207699,0.7501345291479821,0.7504501260352899,0.7274527452745274,0.7126912691269127,0.6918510523475445,0.6675844346549192,0.6376404494382022,0.5969957867741345,0.5872704581921911,0.5631137296911266,0.5282848364359298,0.4971611071682044,0.482433900760594,0.451223902087833,0.41892857142857143,0.40379746835443037,0.38816267247639796,0.376403493138478,0.3471900089206066,0.33203814906393503,0.33744333635539436,0.33447839450370637,0.3364911641464748,0.3410435718128026,0.3394121813031161,0.3559870550161812,0.37090974469615245,0.38223250845647144,0.3944252140644926,0.4213233989710839,0.44038841934903794,0.47703493527221136,0.4905694927668925,0.5203750450775334,0.5499546690843155
0.5679381262084725,0.5841777777777778,0.6193948231862924,0.6469211379186172,0.6675690308608554,0.690028388928318,0.7102957283680176,0.7367660343270099,0.7428519724936663,0.7540863177226813,0.7757487216946677,0.7770942645196309,0.7825539568345323,0.7795774647887324,0.7748793996783991,0.777975449208326,0.7515516611902154,0.7372804635162049,0.7307416696524544,0.7019761438490297,0.6760989499911016,0.672354329279361,0.6364927227547036,0.6144708423326134,0.580033155277215,0.5420863309352518,0.5310866822850964,0.5116571018651362,0.48383084577114427,0.4559970967156596,0.43406884377758165,0.40198511166253104,0.39890610756608935,0.36070381231671556,0.3698630136986301,0.3528161530286929,0.3396993810786914,0.3458866544789762,0.3508143905494899,0.34737979470556457,0.35873303167420817,0.3751780626780627,0.3779355543418897,0.40635661698689174,0.4172794117647059,0.4387755102040816,0.4673638658492607,0.49677650429799425,0.5285171102661597,0.5533039647577093,0.5857067044047408,0.6110703812316716,0.6287511230907458,0.6487127989775424,0.6738461538461539,0.700374531835206,0.7317337182031391,0.7335615204467664,0.7559963931469793,0.7720244516361021,0.7784888888888889,0.7770234986945169,0.7767825152275171,0.7850987432675045,0.7725884677564218,0.7600071800394902,0.754533797398791,0.7365454545454545,0.7192886953365996,0.7064287015115643,0.6886910062333037,0.6546723952738991,0.6315221302626844,0.5847100175746924,0.5649154051647373,0.5461956521739131,0.5008919015340706,0.5018834080717489,0.46261089987325726,0.4304812834224599,0.41902404526166903,0.38791423001949316,0.38019693654266956,0.36219756230671274,0.3593324868492654,0.3679107208196121,0.34967438494934877,0.34982842694599964,0.3387900355871886,0.3494729319278185,0.3626314851132109,0.3776800439802089,0.3772900417195719,0.41363394283685423,0.43735352442761855,0.44975991463631515,0.4735268249780123,0.5160476018752254,0.5452432045779685,0.5732518425310085
0.575332866152768,0.6100143575017947,0.6217360621030346,0.6468481375358166,0.683868639480332,0.6976037195994278,0.7167883211678832,0.7353625783348254,0.7408798283261803,0.7712631197973218,0.7813970322113645,0.7854952191953816,0.7826490804384172,0.7834000728066982,0.7843484419263456,0.7851133869787856,0.7597320296940069,0.7546488535836794,0.7367655084591596,0.7137025204117856,0.6997661449901061,0.6701673193307227,0.6432509336653032,0.6233552631578947,0.5916577157178661,0.5688040345821326,0.5302085189805739,0.5163445909337187,0.48841386743308784,0.45643153526970953,0.44186902133922,0.41121829224723117,0.4049232964680699,0.4021345875542692,0.36323851203501095,0.3687410586552217,0.3715579710144927,0.3555233085434428,0.3622873688020268,0.3626792521328735,0.36547945205479454,0.39704823614110873,0.40264684554024655,0.43909855124306924,0.4422230374174615,0.45252819206984357,0.48396193161790624,0.5021762785636561,0.5392509902772776,0.5636831464804264,0.5858076563958917,0.6159702549575071,0.6491103202846975,0.6704133430021755,0.687299893276414,0.6985865724381626,0.7281221922731357,0.7480386790731618,0.7577860829329062,0.7780575539568345,0.7889744048684446,0.7847436129733647,0.803386127799017,0.7889366272824919,0.7714751721638274,0.7690382552735073,0.7610130194399858,0.7459897761325577,0.7318645889306824,0.7080525008868394,0.6872607982504101,0.6631863186318632,0.6360353854486369,0.6108914450035945,0.5900508351488744,0.5540275049115914,0.5171780268234429,0.5070191431175934,0.47566411124977714,0.46062780269058295,0.423945917096602,0.40905041867094244,0.4020411882631675,0.38415734391916273,0.37928519328956967,0.3730606488011283,0.3543178519593614,0.3590747330960854,0.3568599207778178,0.36371890321409117,0.37970332850940663,0.394659839063643,0.40718241915311776,0.42139737991266374,0.44301968575040634,0.4731279111429595,0.5094204198815718,0.5228919922220258,0.5490857447186224,0.5771704180064309
0.582258064516129,0.6120705326304309,0.6359214555935867,0.6602161785216178,0.6954286763355976,0.7144924914058259,0.7378870673952641,0.7500447948396345,0.7595255212077642,0.7630450321658327,0.7832167832167832,0.7855979735842229,0.7952840300107181,0.796883493386483,0.7948210753461608,0.7830374753451677,0.7696344553022078,0.764251033986693,0.7480086893555394,0.7343362831858407,0.6961635903003981,0.6798483206933911,0.6651857117469344,0.6344703770197486,0.6055145071183997,0.5883914351442222,0.5566844919786096,0.5223230490018149,0.4997329535339149,0.4768128916741271,0.46072072072072073,0.426693083573487,0.4259617073599157,0.4101583833970508,0.3909857090509344,0.38438061041292637,0.37856645789839943,0.37892049598832966,0.3860024995536511,0.3861702127659574,0.38869707432309647,0.406001446131598,0.4111111111111111,0.42880583409298084,0.45647442872687705,0.46715328467153283,0.49449756449576043,0.5285586392121755,0.5626338329764454,0.559661139149243,0.6061692969870875,0.6251572327044025,0.6615497076023392,0.6792763157894737,0.6964793741109531,0.7212852831528492,0.7446543121881682,0.7508960573476703,0.7625110521662246,0.7768741159830269,0.7850332793667926,0.7928379588182632,0.7962068348541779,0.7973338137272563,0.7870222222222222,0.7836192584394023,0.7685134393856281,0.7602049832125817,0.7435850439882697,0.7139299057107277,0.6911976911976911,0.6761539864988141,0.6407906558849955,0.6137105549510338,0.6007168458781362,0.556989247311828,0.5368271954674221,0.5107692307692308,0.4894545454545455,0.4616784999089751,0.43757769490321435,0.41736794986571174,0.4092178770949721,0.39839285714285716,0.3903809022292435,0.38513145965548506,0.384446878422782,0.3736303215376325,0.38857963727778777,0.39615802827111274,0.39475123018042646,0.39420654911838793,0.43345323741007197,0.4410968789464189,0.46690975387420236,0.4812292970187707,0.5106153292551278,0.5404814004376368,0.5675430643699003,0.5901130974097045
0.6081996434937611,0.6275245755138517,0.658488183294245,0.6850660950339407,0.6910468805075785,0.7150929639081298,0.7354260089686099,0.7460116026105874,0.7683125339120999,0.7869959140166992,0.7892811413938174,0.803314121037464,0.7941758044220745,0.7898783977110158,0.7965043695380774,0.7883224873463485,0.7861635220125787,0.7740419378163413,0.7569822270583968,0.7421146953405018,0.7101268083586355,0.7003069146055244,0.6629940538649878,0.6478268646038275,0.5974120648806269,0.5867547304534095,0.5799289520426287,0.5457633178405434,0.5238179564370462,0.49513162639740355,0.4760877382236606,0.4551907719609583,0.4314971751412429,0.4148860398860399,0.41267276970023337,0.41671159029649596,0.4025650160313502,0.4014896258201809,0.3954165150963987,0.407627271091923,0.4076456533725418,0.42933523436107646,0.43070207348126593,0.4477718360071301,0.4763681592039801,0.48743362831858406,0.509325681492109,0.5400507430228344,0.5479694981379677,0.5965229989134372,0.6167903021530667,0.6487068965517241,0.6603539823008849,0.6697347049269085,0.707919898971676,0.7367070040337367,0.7437466258772719,0.7604622658028366,0.7758527341635084,0.790562613430127,0.7906681190994916,0.789216573186177,0.8158735795454546,0.797694109169519,0.800361010830325,0.7871163454675232,0.7757366315023645,0.7510204081632653,0.7531622696060716,0.7256174508743465,0.713441918739932,0.6831594098596617,0.6542936288088642,0.6300379540936201,0.606816584680253,0.581041437477081,0.5522226237802674,0.5218168812589413,0.5151570824912732,0.47546346782988,0.47800216372160115,0.4380680805560506,0.4296517762926486,0.4117330462863294,0.4200215672178289,0.4024995405256387,0.4002929866324849,0.39066472938612423,0.40072529465095197,0.4115732368896926,0.4220216606498195,0.43889288281811645,0.4509874326750449,0.4607090643274854,0.4768105601141634,0.49378042184964843,0.5232348703170029,0.5503249604777797,0.5785701487188676,0.5936713412441568
0.614079883275579,0.6362986780993212,0.6612208258527827,0.6979482604817128,0.7073873873873874,0.7246480128319372,0.7490494296577946,0.7658307775572795,0.7727673066760613,0.7788444122441587,0.7856507032223606,0.800923459421062,0.8007854337736523,0.8007155635062612,0.7971774923104759,0.7897380696088985,0.786729005574537,0.7754808556534244,0.749224311005658,0.7431605471562275,0.7155357142857143,0.700164744645799,0.6814288317842172,0.6544025718878371,0.6265347260399486,0.6169304641650365,0.5750224618149147,0.5552314983594604,0.5300214438884918,0.5130072840790842,0.4832336414718144,0.4765625,0.46454283657307416,0.4433997050147493,0.4385711708461122,0.4354810238305384,0.41860053144375553,0.42738138355668237,0.4243194192377496,0.4334648493543759,0.4419918770969451,0.43952052306574646,0.45258776692001446,0.46823825805290625,0.48536320925189735,0.5011764705882353,0.5395424247883265,0.5475451724767293,0.5745985928197727,0.6008771929824561,0.6319985504620402,0.639651099400327,0.6708768076148637,0.6846375766318067,0.7193045348628786,0.7308325709057639,0.7558244536752754,0.768854242204496,0.7836917562724014,0.78082929456112,0.8098248148817049,0.7958818263205013,0.8096011550261686,0.8024603316099126,0.8010810810810811,0.7923721261807164,0.7817754474778521,0.7711191335740072,0.7581378432442262,0.7252568956192537,0.7024066091954023,0.6901017576318224,0.6665484214260377,0.6526676279740447,0.6148403483309144,0.5894338261810314,0.5759856630824373,0.5456345634563456,0.5216593245227606,0.4986311370688082,0.48126338329764456,0.45398438918133965,0.4464898032846057,0.43607142857142855,0.4233967843282203,0.4191605839416058,0.40955086099769217,0.4236172861461853,0.4110792398709215,0.43148115061640163,0.425663395129044,0.4468811792198454,0.4588256355173648,0.4844632768361582,0.5010012743491716,0.5257205399489238,0.5508765588288451,0.5616314744630932,0.5868231046931408,0.6183574879227053
0.6217634709587124,0.6455150098867517,0.6740632957439069,0.6829093514869222,0.722601509162774,0.7237172587011123,0.7509550663998544,0.7664532194948417,0.7804484304932735,0.7875949814454851,0.8042605203422385,0.8015988372093024,0.8082266910420476,0.8158660844250364,0.814073941775317,0.8011747953008188,0.7924155283968368,0.7873478421246772,0.7632719393282773,0.757537232110425,0.7392458842272969,0.7173520923520924,0.7031448827485912,0.6623823316437364,0.6388888888888888,0.6130481667864845,0.5884987459691867,0.5798198198198198,0.5516871987145152,0.5421575846833578,0.5106228436535318,0.4812231759656652,0.479159115621602,0.46117190257677376,0.44821298322392417,0.44772560528246513,0.4369808595160708,0.4371063523483894,0.4349847969951708,0.44762238989296366,0.4587304441647186,0.44928841650153123,0.4690565364722668,0.48639140899833366,0.5077247191011236,0.533715925394548,0.5314295977011494,0.5707820419985518,0.5789567384724942,0.6147257153271368,0.626778093883357,0.6606415027467659,0.6829929513826134,0.7050632911392405,0.7250766179917072,0.7466547725245317,0.7694816962667633,0.7731332618792426,0.7924250781393638,0.8017556693489393,0.8077773682270549,0.8053918943045885,0.8074972835929011,0.8077889447236181,0.8166606038559476,0.7890210430009149,0.7789322823360803,0.7825239276852181,0.7621011115095017,0.7453538241601144,0.7235304691713105,0.7052499552051603,0.6779448621553885,0.6573733122917763,0.6259514316781443,0.603302752293578,0.5772933696639418,0.5632329063683925,0.5480035492457853,0.5148997652158208,0.49651474530831097,0.4908189496878443,0.4713648528099911,0.4545289526229806,0.45112107623318387,0.43664474853385465,0.4444444444444444,0.4360643877735576,0.441551347414421,0.4386758321273517,0.45316366207140335,0.46796045404613695,0.47146179996421544,0.4789732386673949,0.5007280669821623,0.542057761732852,0.5457317073170732,0.5832274459974587,0.5865024102838778,0.6307053941908713
0.6226449606731297,0.6599822537710737,0.6874886836864024,0.7096888888888889,0.7201668480232136,0.7465404224326293,0.7660044150110376,0.7754768392370572,0.7941335252834263,0.8033910533910534,0.8149090909090909,0.8098515030785947,0.8162798874824191,0.8091937249179132,0.8117962466487936,0.8198409830140947,0.8003252620166245,0.7842181292885518,0.7828447339847991,0.7606498194945849,0.7382189571761333,0.7130108870248082,0.6978312374703846,0.6816602669592248,0.6632258064516129,0.641804457225018,0.6035068885310432,0.5839612486544672,0.5579853020254526,0.5473989487040058,0.5213494992092778,0.5263724434876211,0.5009777777777777,0.4900698786318499,0.465978240826111,0.47150718977454287,0.47298284045272,0.45304066210867217,0.46272905177014767,0.4514492753623188,0.4765582899227591,0.4822076978939724,0.4834131630299805,0.5064102564102564,0.5203504289103851,0.5371011850501367,0.5631172562398994,0.5971236118696522,0.6028795334426827,0.6234046377853676,0.6430348258706468,0.6750580253526156,0.6828330893118595,0.7221113731180845,0.7400573271228951,0.7621428571428571,0.7597745044553555,0.781266919328641,0.7978916757542712,0.8076718167288226,0.8220672389127325,0.8150922711492783,0.8176481053193382,0.8216712580348944,0.8044813877846043,0.7963095664636332,0.8000361598264328,0.7832940750135894,0.7749084249084249,0.7501822157434402,0.7277273569179478,0.7031193326079072,0.6944444444444444,0.6750135110790848,0.6311315742872322,0.6377467850027169,0.5945301027900147,0.5659450609423322,0.5644270183567991,0.5386904761904762,0.5097043352076909,0.5024857954545454,0.4851608317042829,0.4935920908092274,0.4637992831541219,0.47091462323250405,0.46172031278414255,0.46174913273689977,0.45203772913329776,0.47069530396796505,0.47908946532556906,0.47550585729499467,0.5096902735011773,0.5167674546454095,0.5432317505315379,0.5292168149311006,0.5727321524422974,0.5792979297929793,0.6076221148684917,0.6462212486308871
0.6542836829008176,0.6871230932954948,0.6941494149414942,0.7070040990910711,0.7410681399631676,0.7507293946024799,0.7617425600573682,0.7866027007818053,0.8035552330854344,0.8061482820976492,0.823307595618603,0.8241678726483358,0.8355968548963545,0.8236462093862816,0.8196305686345527,0.8143316654753395,0.8046345811051694,0.8015056922511935,0.7815687653886739,0.7736492550709029,0.7553418803418803,0.7277200656096228,0.716189085599562,0.6866285305684662,0.6711590296495957,0.6547085201793722,0.6290740740740741,0.6015318845742786,0.5907801418439717,0.5669505345171226,0.5489662676822633,0.5237495501979129,0.5170955882352941,0.506951871657754,0.4925773564657485,0.4892434564359986,0.469881678020796,0.4748693929021798,0.4816612729234088,0.4793980652096023,0.48673196794300977,0.4995475113122172,0.5102225438755201,0.5169660678642715,0.5427797833935019,0.5507011866235167,0.5825399676666068,0.5999277195518612,0.6237907560014332,0.6532462821907871,0.6622681883024251,0.682674882203697,0.7117379435850774,0.7222918531781558,0.7457264957264957,0.7638336347197107,0.7804704205274412,0.7953563714902808,0.8065806217051446,0.8138364779874214,0.8208902287639652,0.8253000923361035,0.8312611012433393,0.8348222424794896,0.8215119411025319,0.8075949367088607,0.8010139416983524,0.7955555555555556,0.7842508462497773,0.7645459488852637,0.7439002349539129,0.7223801065719361,0.7046482184843552,0.6860800576992427,0.6656,0.6371902299875201,0.6159420289855072,0.5983562622833661,0.5772976801841686,0.55470737913486,0.5295166755840913,0.5206908960057575,0.5234828496042216,0.4967485549132948,0.4960485204925565,0.4891398783666377,0.4882088208820882,0.4873888586463437,0.4792618308057738,0.4845060153117025,0.5002738725579697,0.5014903129657228,0.5211442786069652,0.5462861324551774,0.5552945428261655,0.5675919250180245,0.6014838367779545,0.6104227405247813,0.6334212840809147,0.6537411250682688
0.6669686537416198,0.6928865794660455,0.7000727537286285,0.7163401042602912,0.7525810541568556,0.7692307692307693,0.783410138248848,0.806311992786294,0.807209175314036,0.8137147048038137,0.8276165347405453,0.8200423429781228,0.8315090615467432,0.8282065119625832,0.8351471900089206,0.8234455727774809,0.8146964856230032,0.8104189044038668,0.7891481088723931,0.7785392245266005,0.7515494953072428,0.7455452601568069,0.7205961572993356,0.6967521980979724,0.6956833243775747,0.6702489700877664,0.6443922701824093,0.6308243727598566,0.5828014184397163,0.5794259226243537,0.5670596904937362,0.5618547364607861,0.5414893617021277,0.5274170274170275,0.5032587634313899,0.5154695132983536,0.501180744777475,0.49199417758369723,0.5123587570621468,0.5103674063295743,0.5193262411347518,0.5188299817184644,0.5270634777917641,0.5448683503492746,0.5615232620801149,0.5780933062880325,0.5983190334442304,0.6103805014904436,0.630117222723174,0.6658780709736124,0.6814936847885777,0.6971188913202042,0.7196630220469619,0.7267671331180481,0.7573858549686661,0.7811996418979409,0.7913012350098443,0.7998211091234347,0.817743662977508,0.8175490016486536,0.8240437158469945,0.838086642599278,0.8378815080789946,0.8256145350908444,0.8282573436655253,0.8157749586321015,0.8047787610619469,0.795546916416328,0.7759023163943257,0.7802098408104197,0.746893858714945,0.7316630355846042,0.7196177425171295,0.6982884195193008,0.6676347794518062,0.6549909255898366,0.61579795808705,0.6225189462287982,0.590950390695984,0.5651175119279025,0.5588668138337013,0.549156799425906,0.536498304479743,0.5128620255441626,0.5113574413956024,0.4895017793594306,0.4974829198130169,0.507574374885928,0.5039927404718694,0.5084715212689257,0.5195620961952621,0.5464540956569544,0.5480195333695063,0.5485859318346628,0.5642210312326742,0.5903856698958143,0.6001083228019498,0.6313021400072543,0.6527377521613833,0.6778197517539126
0.6989090909090909,0.7158299743495786,0.7110066871498283,0.7360142984807864,0.7749909779862866,0.7842435094001791,0.7974449176078504,0.8072267710929156,0.8161145926589077,0.8240639767357325,0.8395018417821435,0.8434877781831448,0.838074789765611,0.8393208221626453,0.8450605369363046,0.8360894057786662,0.8204537398085785,0.8235720761559383,0.7970805550549649,0.7848805889746813,0.7720254314259763,0.7554920521521701,0.7272727272727273,0.7272562522653135,0.6924321409311522,0.67422198237093,0.6625722543352601,0.629783393501805,0.6197437285688504,0.6089305005401512,0.587310003534818,0.5621709929206753,0.5559334168605692,0.551693083573487,0.5317545748116254,0.535915621022004,0.52545715310147,0.5335701598579041,0.527916964924839,0.5377341659232828,0.529240298779377,0.5500181884321571,0.5517490082942661,0.5600576265081938,0.5929938605994944,0.6022910327546089,0.6090990187332739,0.6345214402026416,0.6457399103139013,0.6742588575560376,0.6870050395968322,0.7117689792953142,0.735991568593009,0.749774652965567,0.7720364741641338,0.7887194561822525,0.8007552598453516,0.8035259905488913,0.822612792172495,0.8337207223314858,0.8407677270303892,0.8379687780369639,0.8304663947508424,0.8375779162956367,0.8382567469000729,0.8349497126436781,0.8128177196804648,0.8080500894454383,0.793495645992536,0.7833423083826961,0.7622607110300821,0.7529454413630596,0.7260174418604651,0.7045947901591896,0.6810486073184052,0.6686725018234865,0.6464829586656998,0.6294957527561902,0.6164235548352242,0.5971896955503513,0.5770267841092935,0.5635531135531135,0.5487470276202671,0.5549111997100399,0.5297932001402033,0.5304458137006162,0.5235336712527154,0.5340929643696871,0.5337923536872622,0.5250544662309368,0.5331385795143326,0.5374954495813615,0.5510942304214144,0.5823293172690763,0.595633345362685,0.6069321533923304,0.6148538224078446,0.6431133428981348,0.663254113345521,0.6844072623709505
0.6916107990578003,0.7239736070381232,0.7294117647058823,0.7497720226153566,0.7737687173011005,0.7829512893982808,0.8133333333333334,0.8184138559708295,0.8300268096514746,0.84119553474973,0.8402108707507726,0.8411198288159771,0.8508882110174053,0.849802371541502,0.8420676086567698,0.8508659981768459,0.827660336796847,0.8303281644428417,0.8184544812985179,0.8078014184397163,0.7724150397686189,0.7714186005932647,0.7609925196132092,0.7273720633764341,0.7223243839646929,0.6983801899087693,0.6855085508550856,0.6530168508787824,0.6374687164819449,0.6252877634142022,0.5982175336485995,0.5880965342043186,0.5723637650389243,0.5746695248302965,0.5667704707821946,0.5491684743311641,0.5475271189556904,0.5449591280653951,0.543710407239819,0.5591689250225835,0.5639555714797564,0.5805168986083499,0.5803893294881038,0.5841726618705037,0.5934930282445477,0.624865831842576,0.6318496187267246,0.6532773416103707,0.6777006584801566,0.6891372046162301,0.7061602762129747,0.7239713774597496,0.751099706744868,0.7678443968593861,0.782726289217454,0.7946188340807175,0.806118754525706,0.8243218641907882,0.8252356780275562,0.8337558855487143,0.8490599820948971,0.8424681753889675,0.8535211267605634,0.8534604519774012,0.8432226456178552,0.8405141202027516,0.8307803207785186,0.817835088993825,0.8050939306358381,0.7900612171407995,0.7865820489573889,0.7662384011420414,0.7490981240981242,0.7250045529047532,0.696798835940342,0.6771897810218979,0.6563349646547036,0.6613401125839841,0.6217846372183786,0.619465788510794,0.5988832853025937,0.5900868306801736,0.5771295633500358,0.5663544795900336,0.5553766326713186,0.5530116238112012,0.5483637678539143,0.5518418688230009,0.5509810791871058,0.5510386819484241,0.5548612387428782,0.5688761836698231,0.5833480331628154,0.6052205220522052,0.5992733878292461,0.628085573230938,0.6359825009114108,0.6652244456462953,0.685946041262564,0.6861130994989263
0.7130044843049327,0.7338723853049746,0.7500445394619633,0.768815268275117,0.7830410414030012,0.7987949607449334,0.8032874754332678,0.8272157564905999,0.8386029411764706,0.8485984645599001,0.8542002507612395,0.8619934282584885,0.8573767509550664,0.8504404098507999,0.8602287166454892,0.8497297297297297,0.845679012345679,0.8305054474013217,0.8115915363385464,0.8162858179180268,0.796236559139785,0.7776793622674933,0.7696629213483146,0.7459626202141172,0.7257713248638838,0.7152607630381519,0.6872649113379903,0.6697581378432442,0.6537302853092327,0.6373158175039944,0.6258248617799179,0.6137730005465476,0.6082102988836874,0.5915315315315315,0.5790714544795067,0.5727077363896849,0.5714029422317904,0.5811133566048136,0.5840723981900452,0.5747209218581203,0.5752101591844035,0.593029490616622,0.6131974248927039,0.6164408310749774,0.6387119603680114,0.6313339301700984,0.6540385989992852,0.6667848909381096,0.6925027164070989,0.7050464565494625,0.7181669987321138,0.7464149573425304,0.7698072805139187,0.7800675075501865,0.792008562254727,0.8046804680468047,0.8139576605669179,0.8272940328105283,0.8484081041968162,0.8522267206477733,0.8410404624277457,0.8574800290486565,0.8539751216873986,0.8508850348650099,0.8519588373352591,0.8455122393472349,0.8401580459770115,0.8335166850018335,0.8274468458970304,0.8042499549792905,0.7814376706096451,0.7709855640705756,0.7513189012188466,0.7342882721575649,0.726039621631269,0.6899210903873745,0.6768503364248045,0.6645338208409507,0.637720244516361,0.6270193502574117,0.6209619526202441,0.6095289271001254,0.5821362799263352,0.5818051060769507,0.5809592499098449,0.5679559971611071,0.5665204678362573,0.5694320014334349,0.5660950339406932,0.583092485549133,0.5783067836047968,0.5946837763519707,0.5876103007383396,0.6291777188328912,0.6231297306812181,0.6351785714285715,0.6684077809798271,0.676856680453156,0.6821996072129977,0.7053225237927389
0.7213235294117647,0.7443447037701975,0.75889882517973,0.7782404055032585,0.7872714486638537,0.8094206821873308,0.829810298102981,0.8365195640521708,0.8441154970760234,0.8562409812409812,0.8620506463608996,0.8629061049625134,0.8611564255936197,0.861185742432384,0.8625968277388417,0.8551307847082495,0.8563705172103082,0.8473133534314595,0.8330079858030168,0.8129846708746619,0.8087175792507204,0.7924187725631769,0.7756751791291567,0.7672766033043169,0.7468104222821204,0.7273878437047757,0.7178445229681979,0.6836991723641598,0.6869596541786743,0.6669054441260746,0.6408300815892161,0.6435750179468772,0.6101115509175963,0.6117437722419928,0.6064060803474485,0.5991501416430595,0.6018148820326679,0.5968964272825694,0.6010879419764279,0.6011246145474334,0.603332729577975,0.612479769825571,0.6162388494447478,0.6259272341928647,0.635827826397571,0.6493809438363538,0.6693043798306956,0.6883093525179856,0.7129996398991718,0.7167030567685589,0.7358904109589041,0.7464106245513281,0.7716636197440585,0.7823475887170155,0.8095585552717987,0.8131555555555555,0.8230467356403853,0.8382247673586256,0.8453941461662776,0.8588028169014085,0.8610271903323263,0.8698517298187809,0.8693121693121693,0.8660470202296336,0.8655309894889452,0.8479457079970653,0.8487215909090909,0.8404141378079257,0.8249638728323699,0.8058217320556861,0.8073410922112803,0.7918256130790191,0.7656995960337862,0.7669637984355103,0.7291628334866606,0.7176179537020675,0.695731153496821,0.6783042394014963,0.6654047232738417,0.6562721474131822,0.6252719361856418,0.629237668161435,0.6160299892895394,0.6103896103896104,0.6009355883411299,0.5992812219227314,0.5923826395039858,0.6011958688168146,0.6035670139502031,0.6024205202312138,0.593654227510366,0.60828025477707,0.6232889213360102,0.6414456115364073,0.6479196050775741,0.6701457621018535,0.6752485795454546,0.6894353369763205,0.710243553008596,0.7395890161847609
0.7525071633237822,0.761016639239349,0.779823136617939,0.8001796945193171,0.8060375994215474,0.8252894033837934,0.8307524139187465,0.84901298239374,0.8520408163265306,0.8681850789096126,0.8612457368515527,0.8704134598174333,0.8794824399260629,0.8642335766423358,0.8687698338622363,0.8720189331876934,0.8676917575540855,0.8499281092739037,0.8373451327433629,0.8300161377084454,0.8075142450142451,0.8040325433321542,0.7910067358456218,0.7737134660211583,0.7591279688053881,0.7393607305936073,0.7330677290836654,0.710990990990991,0.6924460431654677,0.6896799712333693,0.6621214804320878,0.660046939880845,0.6484165324745035,0.6367941712204007,0.630057803468208,0.624886301619065,0.6194533191338303,0.6278858389383748,0.6142241379310345,0.6263876251137398,0.6273424950919151,0.6424927113702624,0.6441449644873429,0.6549232158988256,0.6653902261123268,0.6741208295761948,0.6920402561756633,0.7099086185271457,0.7359783588818756,0.7386175115207373,0.7579810950597468,0.7774045261669024,0.7705627705627706,0.801779359430605,0.8160099839543591,0.8223896663078579,0.8343591600289645,0.8450224215246637,0.8611356801698213,0.8625857710364753,0.8699981560022128,0.8730694123912658,0.8703835227272727,0.8654021521065111,0.876601118527873,0.8560402082211452,0.8546637744034707,0.8488393017815368,0.8280714414576944,0.8210526315789474,0.8165596002855103,0.8008283810552854,0.7755426151402859,0.7625268432355047,0.7474116387004641,0.7371900826446282,0.7076302274394718,0.7082876962395035,0.6878306878306878,0.6728563626433642,0.6549090909090909,0.638095238095238,0.6288123430211697,0.625,0.6317787418655098,0.631154879140555,0.6269575928206933,0.6264116575591986,0.6186088527551942,0.6270367054610564,0.6286273811643226,0.6368277119416591,0.6481149012567325,0.6590703563031289,0.6801346801346801,0.683505341300018,0.6887582398004632,0.7106700655498908,0.7359071959398223,0.7558036505404927
0.7611747321758404,0.7762425982415216,0.7960442750861912,0.804343824774526,0.8194189040088268,0.8273186575243594,0.8420195439739414,0.8576295499372423,0.8630952380952381,0.8626909626357445,0.8727142344926497,0.8773601870167236,0.8775292864749734,0.8745274527452745,0.8783661666365443,0.8794788273615635,0.8697749196141479,0.8642485185850243,0.8606602225059274,0.8423407301360057,0.8246741653276201,0.813394495412844,0.8103070175438597,0.7986613603473227,0.7605556571010784,0.7479391830005495,0.7485073276641939,0.7276518585675431,0.7209671726085422,0.702846031465441,0.6813206214689266,0.6768259693417493,0.6729675169755919,0.6650554958825635,0.6367413294797688,0.6610412926391382,0.647566014011137,0.6412268188302425,0.6389747318669333,0.6370677233429395,0.6398570151921358,0.6559900902495134,0.6634683724235964,0.6744227353463588,0.6846980363097444,0.6981232294617564,0.7170412316404177,0.7213555675094137,0.7479718766901028,0.7447954055994257,0.7490333271957282,0.7834200610084335,0.7937883712531599,0.811660007264802,0.8230088495575221,0.8421242774566474,0.8423214285714286,0.8576589595375722,0.8643631685351957,0.8713556851311953,0.8785147801009373,0.8790873158462091,0.8808449178552086,0.8674052894924946,0.8723212677831803,0.8647080159593762,0.8677836459661263,0.8682926829268293,0.8518257188216617,0.838904109589041,0.8178506375227687,0.8063226744186046,0.7893423632151132,0.7810672514619883,0.7623099203475743,0.7470406119103988,0.7352627840909091,0.7306457367106671,0.7034445640473628,0.6980171002364927,0.690115110542664,0.6671415850400713,0.6589794806609769,0.6557971014492754,0.6511800780524066,0.6468556888404217,0.640608228980322,0.6361323155216285,0.6455357142857143,0.6528248084120477,0.6608773500447628,0.6553353935648064,0.6673952641165756,0.6805927512944117,0.6835443037974683,0.7016613644397314,0.711758398856326,0.7298408725192205,0.7478748417435341,0.7523809523809524
0.7780787287829541,0.7964633068081344,0.8083961248654468,0.8137778596426598,0.8286895559949667,0.8483228897899004,0.8623423423423423,0.8590187853364947,0.8700091157702826,0.8811113115641349,0.8907824812167858,0.8924770642201835,0.8887906647807637,0.8857296137339056,0.8814120242691671,0.8808874340789234,0.8710545193687231,0.8685258964143426,0.8575801224342816,0.8573746844572665,0.8471623563218391,0.833701250919794,0.8127534095097678,0.8048736133842517,0.7883952855847688,0.7757791629563668,0.7590007347538574,0.7432922407541697,0.735464066449982,0.7225063938618926,0.7064944384642985,0.6991648511256354,0.68791329904482,0.6798554652213189,0.6655761541257724,0.6627804274863098,0.661923006750593,0.6611361587015329,0.6719092904169714,0.6663017697500456,0.6774937877174299,0.6764288249911253,0.6918015294326871,0.6924348145427837,0.7011973875181422,0.713056216810108,0.7307057745187902,0.746279361663977,0.7584187408491947,0.7769809967730369,0.7863955371603383,0.7994409503843466,0.8063029856247697,0.8414152298850575,0.834027149321267,0.8492980273680469,0.8601597160603371,0.8653846153846154,0.8747112137906522,0.8757944434356274,0.8846572361262242,0.8890879770650421,0.8887879338542614,0.8867686768676868,0.884765625,0.8765770707624795,0.8652571223795019,0.8658752657689582,0.8608773500447627,0.8364392979916773,0.830526692941598,0.8262726949092204,0.807871198568873,0.7889157522782221,0.7789492180636092,0.7670913332137089,0.7371244635193133,0.7442074292019125,0.7240092411586991,0.7086686174103877,0.7065236818588025,0.6873983004881576,0.686442220200182,0.6799121040102545,0.6664877437824298,0.6675187146247946,0.6617620989186315,0.655478955007257,0.6735213830755232,0.670534904805077,0.6700866796391297,0.6864136218517205,0.6831931269017362,0.6978808186922659,0.707848568790397,0.7255739455419113,0.7374029257720788,0.7470760233918129,0.7519478166334481,0.7818442770003589
0.7903627311522048,0.8051878354203935,0.8300125650691079,0.8316214233308877,0.8454399428877387,0.8474913964861438,0.8600567577155019,0.8717901687454145,0.8860896166996581,0.8858962693357598,0.8999093381686311,0.897005772005772,0.8957995312781684,0.9065914698625308,0.8927589367552704,0.8887088060507834,0.8874066168623266,0.8690412900939217,0.8740674955595027,0.8551141470429624,0.8537668798862829,0.8396877269426289,0.8295680462678474,0.820722191979677,0.8122947829259395,0.7856753317578622,0.7830465031124131,0.7609154929577465,0.7598844556779202,0.7301529497450837,0.725614161849711,0.7201297531086682,0.7129246809275571,0.7098920863309353,0.6962869502523432,0.6916530870903494,0.6864361225586812,0.6915719184262769,0.6983149121217612,0.6928892889288929,0.6944999092394264,0.690671031096563,0.7039318717158906,0.7249459264599856,0.7249557522123894,0.7309425121643539,0.747051351841771,0.7564307255632429,0.7772972972972974,0.7901591895803184,0.8033976287382764,0.7996777658431794,0.8330578512396695,0.8356935366739289,0.84973717600145,0.8646209386281588,0.8703021370670597,0.8774597495527728,0.8882921589688507,0.8956004327443202,0.8965392281210364,0.8999636231356857,0.8981597284259425,0.8961062590975255,0.8886085075702956,0.8960144927536232,0.8739255014326648,0.8752017213555675,0.8651523345952767,0.8504304160688666,0.8398022702306848,0.8360128617363344,0.8206686930091185,0.8045809852754044,0.7948402948402948,0.7820302533260434,0.7679726815240834,0.7621709340064912,0.7544426494345718,0.7212581344902386,0.7269944174320188,0.7049594229035167,0.7037640246109301,0.6984352773826458,0.695972671700827,0.6847591660675773,0.6846781504986401,0.6885683760683761,0.6847475832438239,0.6930799569738257,0.6925669682455207,0.6976237982949393,0.7147255931896396,0.7174654460599533,0.7316451083986154,0.7453894359892569,0.757278020378457,0.7787319568792253,0.7754001078942636,0.7926126126126126
0.8178838098706975,0.8190972846610322,0.8312305723166941,0.8451707138944677,0.850126399422174,0.8634305379460243,0.8779703412542433,0.8884143085958356,0.8862802641232576,0.8944065973467192,0.8989665003563792,0.8943059850827724,0.9085704061549472,0.9076977904490378,0.9034273473759372,0.9018438177874186,0.8909726052583196,0.8905006191402794,0.8839697472790998,0.8666061705989111,0.8679076427420799,0.8559859154929578,0.844440484675695,0.8357452966714906,0.8181979740536698,0.8000701508242721,0.7874457308248914,0.7837936711176148,0.7757911675308421,0.7652916073968705,0.7475309750404022,0.751706791232483,0.7289483194795807,0.7344552701505758,0.7108585858585859,0.7224906065485776,0.7162654996353027,0.714646009727977,0.7198492462311558,0.7098797699947726,0.7167022792022792,0.7303983991267964,0.7256350207169879,0.7452044878754976,0.7524505435751203,0.7579022988505747,0.7787003610108303,0.7849982098102399,0.7939914163090128,0.802475780409042,0.8075142450142451,0.8261185885776646,0.8348013661693331,0.8471223021582733,0.8623985572587917,0.8721764073144497,0.8845664424650064,0.8812769010043041,0.8963758878164269,0.8990842161968038,0.8960333272957798,0.9046499004885109,0.9058156547183613,0.9084065244667503,0.9038600288600288,0.8943510904540579,0.8962708182476467,0.8883920586657128,0.8758979885057471,0.8711622807017544,0.8504588806910204,0.8466835810076114,0.8398165137614679,0.8249817117776153,0.813605196679899,0.8014362657091562,0.788872779992751,0.7770343580470163,0.7626216265834405,0.7503589375448672,0.743580404297942,0.7377785765636233,0.7384643114635905,0.7133130263393657,0.7128677773839064,0.7157453019521985,0.7133574007220217,0.7184272513136438,0.7178092129125861,0.7077677224736049,0.7291742451800655,0.7156543745480839,0.7348196483596158,0.7461482024944974,0.7507007708479327,0.7677525622254758,0.770307607294161,0.787306115172045,0.7968333036826187,0.8035844915874177
0.8387555555555556,0.8395529114836848,0.8467153284671532,0.853737228894067,0.8670155178635871,0.8760744985673352,0.8800583302952971,0.8937488932176377,0.8937879328811139,0.9087924115286392,0.906327763953075,0.904974148689606,0.9153873616565512,0.9134598333037772,0.9088324151412831,0.9011986923356339,0.9116102155406629,0.9036209691947397,0.8927738927738927,0.8803372802296376,0.8761702879349939,0.8580943570767807,0.8631178707224335,0.8484037809880507,0.8347442031652558,0.8268608414239482,0.8102215868477484,0.8037212696096315,0.7971825898500994,0.7803332126041289,0.7696750902527075,0.7582555635319455,0.7515216612960974,0.7494162026225974,0.7510806916426513,0.7377137713771377,0.7414737586145962,0.7433392539964476,0.7302184031507339,0.7382890215228793,0.7506864360241625,0.7469124753892966,0.7438874230430959,0.7539370078740157,0.7697569756975697,0.7772784468811792,0.7868852459016393,0.7970572402655661,0.806312769010043,0.8257142857142857,0.83663631494376,0.8458755426917511,0.8518450523223793,0.8656609195402298,0.8792184724689165,0.8749101365923796,0.8881343817012152,0.8875739644970414,0.9028274874731568,0.9052004333694474,0.9037874708310896,0.9041095890410958,0.9123150953484227,0.9152877697841727,0.915017250771745,0.9144595561918396,0.9020702070207021,0.8929343907714492,0.8939393939393939,0.873511367737279,0.8681596532418278,0.8566534439235485,0.8448213641284735,0.8344311910272387,0.8263157894736842,0.8186953352769679,0.8018358531317494,0.7937374840706354,0.7907897103795647,0.7743092931467528,0.7715225735697313,0.7524699119813185,0.7511745572822551,0.7510247727677776,0.7417857142857143,0.7415162454873646,0.7394172622319956,0.7410473276947993,0.7401048255919032,0.7396471011883328,0.7503205715332478,0.74814412456998,0.7636690647482014,0.7628757250834944,0.7752666787199421,0.7728350045578851,0.8019186356368805,0.8062750820868296,0.8050089445438283,0.8298598634567014
0.8364630811303555,0.8624,0.8579818473037907,0.8706635829923501,0.8774562343694177,0.8817902905612706,0.8984670874661858,0.9069015097052481,0.9170036926323193,0.9135735080058224,0.920995670995671,0.9189621467922516,0.9188846641318125,0.9233590025669234,0.9170836311651179,0.9181150331481813,0.9139727011494253,0.9126178390137781,0.8981779206859593,0.8936055883933369,0.8850762527233116,0.8792792792792793,0.8662811709432598,0.8576895043731778,0.8384573403674732,0.842287379348024,0.820848611838659,0.816825453891785,0.8075715604801478,0.8083470620538166,0.7968163119298873,0.7837592894689143,0.7694933524973051,0.7624821683309557,0.7540424002874596,0.7612179487179487,0.7541829832680669,0.7564288301340094,0.7660040124019697,0.757641136281913,0.7582515611061552,0.7665404723273842,0.7627983239205685,0.7745571658615137,0.7879614475359156,0.796962574579642,0.8026695526695526,0.816793893129771,0.825031469160223,0.8356388787768475,0.8388370423546303,0.8547334058759521,0.8667259786476869,0.8752493200362648,0.8832599118942731,0.8887472687545521,0.9028933092224232,0.8926346647123489,0.9053763440860215,0.9084907390427288,0.9169804554419939,0.9141638528523192,0.9278575322551336,0.9162649526870201,0.9245148655866121,0.9100538599640934,0.9074881861141403,0.8989447326059739,0.897589269530542,0.8903413217138707,0.8780136739834473,0.8708288482238966,0.8631111111111112,0.8588320902310351,0.8424669922228251,0.8433955360409806,0.8154622454496305,0.8025889967637541,0.8001421211582874,0.7927862939585212,0.7923477636069697,0.7740480057751309,0.7594365179700199,0.777858307664432,0.752721335268505,0.7656666074915676,0.7643199148785246,0.7672287390029325,0.7596101786681104,0.7619047619047619,0.7591991341991342,0.7737858819281459,0.78584229390681,0.7866499192535439,0.7894061583577713,0.7890513552068473,0.8133406034169393,0.8202872531418313,0.8302435478007997,0.8321777777777778
0.8546137339055794,0.8707557502738226,0.8648114901256733,0.8760389036251105,0.8957549704459967,0.902367941712204,0.9045787545787546,0.9059120403749099,0.9210096241147631,0.9211463154147383,0.922927346650168,0.9215302491103203,0.929559748427673,0.9258731290092659,0.9209764918625678,0.9237668161434978,0.9152078774617067,0.9217774513404333,0.9095323741007194,0.8993454802759596,0.8854091238233165,0.8893958751597006,0.876521116678597,0.8768011527377522,0.8719255094869993,0.8457101658255227,0.8460555149744339,0.8304871472227215,0.8186178717356547,0.8137637460092231,0.8015742266154128,0.8035714285714286,0.7984288519907159,0.7871640153592978,0.7834084761045987,0.7781165919282511,0.7824843610366399,0.7859430604982206,0.7723004694835681,0.784711964549483,0.7818816611539875,0.794283633715638,0.7961130106172395,0.7917582417582417,0.7982551799345693,0.8124889439235804,0.8257425742574257,0.840863727091272,0.8389860764012853,0.8534329420135183,0.8584957202695319,0.8728005865102639,0.8796622097114708,0.8839059674502713,0.8962949831590143,0.8989037758830695,0.9073604060913706,0.9122262773722628,0.9197937044282412,0.9198513800424628,0.9243115082983768,0.9273921533818569,0.9209823812066203,0.925199709513435,0.9207151887303594,0.9225967540574282,0.9135385162782423,0.9136272908727998,0.9038672017511857,0.9012573964497042,0.8893501805054151,0.8795180722891566,0.8714184648036788,0.864513801190691,0.8566111308046792,0.8514202476329206,0.8360894057786662,0.8245931283905967,0.8125113657028551,0.8124214683180757,0.7992062060256179,0.7989513650334479,0.7983087441525729,0.7924324324324324,0.7874601487778958,0.7803520114942529,0.7723735408560312,0.7787045252883762,0.785840395480226,0.7776777677767777,0.77735368956743,0.7942311225427154,0.8050925077853087,0.8110890373848655,0.8149286101572384,0.8203401842664777,0.8373094170403588,0.8394294074615948,0.8490364025695931,0.8508978777435153
0.8744210901318133,0.8771613832853026,0.8923799205489347,0.8923806179775281,0.9006444683136412,0.9122648335745297,0.9065268486711264,0.9168949771689497,0.9280247813411079,0.92671783625731,0.9300359712230216,0.9307871615563923,0.9373673036093418,0.9330828412954016,0.9284671532846716,0.9275751072961373,0.9250090350560174,0.9216998191681736,0.916366258111031,0.9094249494763917,0.9075421472937001,0.9050429184549357,0.8861700199383723,0.8870270270270271,0.8736690128135716,0.8627067401742842,0.8522274538210793,0.8513853904282116,0.8423199716211422,0.8360093812015155,0.8206453913353539,0.8182471264367817,0.8132379248658318,0.8142595978062157,0.805878084179971,0.8055605061486366,0.7997141325710202,0.7942139737991266,0.7972053027588678,0.8022640131458828,0.8055248618784531,0.8113745765733642,0.8239587041651834,0.8199017645988721,0.8237861429350791,0.8242489656413023,0.8350552190951194,0.8496051687006461,0.8559124349542436,0.8627100464783697,0.8691388839365306,0.8758334835105425,0.8856174161313347,0.8919561243144424,0.9076732234626972,0.9058022922636103,0.9158929546695794,0.9212979562567228,0.923621190130624,0.9292801731914125,0.9328151027207107,0.9364452423698384,0.9328049000180147,0.9366045845272206,0.9287381080595943,0.931185144729656,0.9236036036036036,0.912645739910314,0.9149366158368547,0.902775290957923,0.9006143838091796,0.8985742645731818,0.8829437545653762,0.8787052191307511,0.8677182290733106,0.8693996009432251,0.8543094121889651,0.8473984188269903,0.8435018050541516,0.8291421437488853,0.8339069009237458,0.8134433134433134,0.8161209068010076,0.8018952261755766,0.810101375814627,0.8047902034936071,0.801570306923626,0.8054668086616968,0.7993515850144092,0.8052136133236785,0.8070302591049103,0.8199275362318841,0.8236141108711303,0.8217375630857967,0.8298829882988299,0.8329694323144105,0.8424718699767816,0.848868778280543,0.8681098781153357,0.8726183995645074
0.8814643682246313,0.8919166057059253,0.8979254635579218,0.90608228980322,0.915707389528407,0.9225691347011596,0.929714182994787,0.9233273056057866,0.9270700054834582,0.9375224416517056,0.9338633899530178,0.9388231072838177,0.9401648154783232,0.9402611339653014,0.9371963289544718,0.936513566235148,0.9360299358517462,0.9298087333092746,0.9342363215113171,0.928161419377283,0.916577730345073,0.9004911770056394,0.8985481269044632,0.898969817458883,0.8895107420111934,0.8756449030421634,0.8749328077405483,0.8649268206665491,0.8601769911504424,0.8452611218568665,0.8424306659600778,0.836491608012994,0.8245085886311315,0.8334823824002862,0.8330023469940423,0.8128446895570183,0.822768670309654,0.8232241903739488,0.8227498619547211,0.8202370100273473,0.8229835831548894,0.8257602862254025,0.8266071428571429,0.842057761732852,0.8454643241305128,0.8503364248045099,0.8624542124542125,0.8661389621811786,0.8764568764568764,0.8806695464362851,0.8855325914149443,0.8875244705463605,0.8988723823160909,0.9071415591495547,0.9173390711852251,0.9177769985974754,0.9197300657076896,0.9315345080763583,0.9333452147567278,0.9394154118689105,0.9423282306870773,0.9434401288705925,0.9376880863869711,0.9403445149592021,0.9441049604601006,0.9285586711912842,0.9312264320344765,0.9239755571531273,0.9234065345474023,0.9196234612599565,0.9134998190372783,0.9063454970339745,0.8974947071277346,0.883401411065726,0.8818796855000914,0.8791741472172352,0.8699025622518947,0.8576792419095298,0.8477709314969192,0.8466678706880982,0.8361541231544832,0.8386695126289576,0.8286070982700197,0.8313577586206896,0.829198130169004,0.8284488920657612,0.8204940530649588,0.8187590711175616,0.8261960222182405,0.8236919675755343,0.8412726945892504,0.8222142084385142,0.837741878217646,0.8387443946188341,0.850634268358049,0.853297199638663,0.8622293791375917,0.8625857710364753,0.8749770515880301,0.8803664451230465
0.8975373000179759,0.9004275026718916,0.9110502283105023,0.9157395586357834,0.9245384477504929,0.9259719510030179,0.9295523452826824,0.9385178408051235,0.9423868312757202,0.9426774483378257,0.9429298436932024,0.9461383969326274,0.9532258064516129,0.9535090844317777,0.9460191370283445,0.9437613019891501,0.9459843638948117,0.9420082333989619,0.9307405434203516,0.9297317028654865,0.9284537968892955,0.9164136452938024,0.9131144567386178,0.9076784101174346,0.896515496410436,0.8922001471670346,0.8904787140081257,0.871441523118767,0.8751793400286944,0.877007299270073,0.8612354521038496,0.8540772532188842,0.8514959202175884,0.8561467889908256,0.8520900321543409,0.8478496566678714,0.8477956613016095,0.8407095830285296,0.8423153692614771,0.8387726144022704,0.8544676297485286,0.849079754601227,0.8519058909356192,0.8568306010928962,0.8626854997318076,0.8622357577929057,0.8746382054992764,0.8779576587795765,0.8831633565933082,0.8860234445446348,0.8934542867307008,0.9059014033825117,0.9115329512893983,0.9161255411255411,0.9301604668125456,0.9327880512091038,0.9321167883211678,0.9337522441651706,0.9424064563462949,0.9411659832412195,0.9456171735241503,0.9478621685008118,0.944255851348937,0.9466449629227709,0.9430482733682878,0.9456051873198847,0.9403231729709879,0.9333453108156665,0.926698670605613,0.9285973178687931,0.922066234701224,0.9140385655072986,0.9128761371588523,0.9057184220050669,0.8953003084739611,0.8966256025709695,0.8830709357863081,0.8825093035619351,0.8705142434332224,0.8655923823475554,0.8569620253164557,0.8516633339392837,0.8552036199095022,0.8543501232828461,0.8484090096531999,0.8457122353785432,0.8458289334741288,0.8485179123476996,0.8526529857644666,0.8428647781934794,0.8554434030281183,0.8557760453579022,0.8557370961752692,0.8596050269299821,0.8634480273824536,0.8708340839488381,0.8763411529368976,0.8834916651729701,0.8878222222222222,0.8948948948948949
0.9055793991416309,0.9088630259623993,0.9122712594187298,0.9215721789530882,0.9275831087151842,0.9297929792979298,0.939585211902615,0.9474816275318158,0.9467646531636494,0.9522776572668112,0.9507486920440195,0.949238578680203,0.947483989021043,0.953909612625538,0.9503673176850027,0.9530102790014684,0.9444639718804921,0.9445739910313902,0.9460490463215259,0.9459796755214833,0.9319776858016916,0.9293458619443441,0.9212414782920704,0.9209069808962685,0.9174620007069636,0.9071531791907514,0.9020599927719551,0.8928182807399347,0.8862176546155258,0.877153974430239,0.8836427939876216,0.8706958393113343,0.8644927536231884,0.868421052631579,0.8763322307975009,0.8643731988472623,0.8643170197224251,0.854367201426025,0.8577948156261409,0.8662477558348295,0.8709618208516887,0.8618254255704455,0.8734885399747339,0.8681735985533454,0.87931654676259,0.8802600686292216,0.8828224197351714,0.8974220299260862,0.9038118988243676,0.9056570625439213,0.9136845891026794,0.922925608011445,0.9209578682030969,0.9243078029485796,0.9392022491653488,0.9362199065756378,0.9420394856004347,0.9401909565843992,0.9487730610782733,0.9532142857142857,0.9444243301955105,0.9556271247092503,0.9497915533804604,0.9546032322498638,0.9426184855638279,0.9522270114942529,0.9491404011461319,0.9462522851919561,0.9386359546517905,0.9380025013400036,0.9252554221186593,0.9278350515463918,0.9142857142857143,0.9137101087537886,0.9107786589762077,0.9124283667621776,0.9013611454834718,0.8912843191450157,0.8786303334528505,0.880468606992495,0.8760653409090909,0.8690411944594352,0.8635151945974765,0.8701392656899982,0.8583409298085688,0.866092690969042,0.8629649403808507,0.8622440049011028,0.8536585365853658,0.8569846835209448,0.8646888567293777,0.8705062362435804,0.8741745493485633,0.8760151597184623,0.8866534938027663,0.8904396371249128,0.893662346884431,0.8989623156744948,0.9036462920556632,0.9107630668366418
0.9148631729565373,0.9260672116257948,0.937938478143551,0.9350864288341302,0.9320299652841221,0.9424512839191405,0.9497915533804604,0.9572039942938659,0.9585137085137085,0.9577464788732394,0.9575310419290984,0.9574780058651027,0.958824596408489,0.958421052631579,0.9597364568081991,0.9548580497266796,0.9566061033692009,0.9492553778268064,0.9476391695756017,0.9377999261720192,0.9414817465998568,0.9354838709677419,0.9365569896382476,0.9328596802841919,0.9281351060007187,0.9227313566936208,0.9165157551611735,0.9026628283555236,0.9025105369250503,0.909686817188638,0.8881157297198315,0.893174546747245,0.887650389242746,0.8859981933152665,0.8828748890860693,0.8801571709233792,0.8801222142343638,0.888110599078341,0.8805269806894063,0.8770919560914162,0.8841332378223495,0.8850492390331245,0.8859072654253377,0.8888687125476666,0.8887690925426774,0.8958742632612967,0.9011371973587674,0.9008683068017366,0.9132007233273056,0.9215968351016004,0.9186067176115159,0.9315808426359381,0.9349578928507436,0.9287518037518038,0.9403199712385404,0.9447088978396192,0.9450589301903899,0.9558319812511268,0.9542069992553983,0.9592526690391459,0.9581831290555155,0.9636495819701927,0.9578646670237457,0.9554332386363636,0.961060032449973,0.9564434845212383,0.9558605341246291,0.9522005772005772,0.9468236973590293,0.9451362569933225,0.9390111872970047,0.9340856170517643,0.933357413761965,0.9292066880113838,0.9214195183776933,0.9158084914182475,0.910347271438696,0.9043264157580021,0.909967845659164,0.9001457725947521,0.9004237288135594,0.8876018099547511,0.8848365073661516,0.8757246376811594,0.8787336791271687,0.8861027723821296,0.8850828729281768,0.8742183312488834,0.8833572969086988,0.8832286995515695,0.8830747022735475,0.8814301349872309,0.892818671454219,0.889616293871613,0.9016961517417472,0.9058036521424697,0.9003238575026988,0.9087807505835878,0.914046883518081,0.9241806908768821
0.9311639549436797,0.9362976406533575,0.9464606539705354,0.9484517945109078,0.9467551093581928,0.9524152847873107,0.9563896336014298,0.9551388122816694,0.9574733096085409,0.95950044603033,0.9671395223558987,0.9662113587347232,0.9653075822603719,0.966820440028389,0.9676084218103294,0.9604756908009794,0.9625998547567175,0.9609871166757394,0.954651790534461,0.955237242614145,0.9491158426560808,0.9480072463768116,0.9441944194419442,0.936196980589504,0.9357913669064748,0.9290184158769891,0.9260721335008074,0.9233393177737882,0.914721723518851,0.9062059238363893,0.9095441595441596,0.9039309331373989,0.9039285714285714,0.9041268697062533,0.9000913242009132,0.9017713365539453,0.8940609951845907,0.8903237219175659,0.89838886854632,0.9087630724846736,0.9017257039055404,0.9027453795083438,0.9053043787824848,0.90651660918497,0.903874269005848,0.9095376774663269,0.9126750184229919,0.9228684971098265,0.9204810626458445,0.9281828073993471,0.9385055416517698,0.9363636363636364,0.9398916967509026,0.9419026870007262,0.950957580096653,0.9555198285101822,0.9596437011452463,0.9602888086642599,0.9574854651162791,0.9673261935015429,0.9627621113521331,0.9656721782890008,0.9657029987430419,0.9659340659340659,0.9625678119349006,0.9601149838303988,0.9580233793836345,0.9568777292576419,0.9587369931826336,0.954004329004329,0.9522420707254831,0.9442610927759443,0.9406171510584859,0.9419004524886878,0.9375336564351104,0.9249324932493249,0.9213280404186215,0.9227875313507703,0.9048728054460766,0.9157101865136298,0.9121512151215122,0.906540353434141,0.9082420542287664,0.8883896477354422,0.897197962154294,0.8989130434782608,0.8996275935449548,0.8925560538116591,0.8968537718984626,0.89689418562658,0.9001981624932445,0.8952813067150636,0.9073545162441985,0.9058383766464934,0.9105471562275018,0.9158724340175953,0.9211813734372168,0.9175371083012644,0.9306771484723959,0.932946719826024
0.9401862464183381,0.9518373171601855,0.9497855611150822,0.9567557868293558,0.9553571428571429,0.9608553823849221,0.9604140185218812,0.961292678473617,0.9656238632229902,0.9660746003552397,0.971335857220119,0.9712653935391754,0.971119773210489,0.9689824052240159,0.9650623885918004,0.9662544169611308,0.9675324675324676,0.9701789264413518,0.9648141465175027,0.9652253909843607,0.9573823109843081,0.958693733451015,0.950268336314848,0.9463971880492091,0.9466424682395644,0.9384084302325582,0.9371204001429082,0.9323132313231323,0.92144412191582,0.9278819887087962,0.9235703812316716,0.921718550882942,0.9200707338638373,0.9095177894166516,0.9135358619449937,0.9163417227933357,0.9110865154030622,0.9142754662840746,0.9114592822007652,0.9140722291407223,0.9150858175248419,0.9166517297006632,0.9192424513132035,0.9232041153775491,0.9191595441595442,0.9291310541310541,0.9326083080763059,0.9257713248638838,0.9355354288758657,0.9401739747914077,0.9426052536883771,0.9491371480472298,0.9516675584091314,0.9500540930400289,0.9557835160948002,0.9627932551319648,0.9646446518305815,0.9646592138478183,0.9656227501799856,0.9695939903416204,0.9724338048603555,0.9733430710242834,0.968511103021478,0.9746766259792312,0.9695495495495495,0.9686674881182891,0.9690758719884933,0.9604323136105514,0.9604013617631249,0.9557713052858684,0.9582570487001099,0.955092509430573,0.9490265486725664,0.9447483588621444,0.9422421524663677,0.93886925795053,0.9383954154727794,0.92660387417807,0.9367524465386009,0.9295320064550834,0.9228699551569507,0.9209863210943124,0.9195278969957081,0.9148479427549195,0.9167573449401524,0.9107366911632909,0.9150126308191988,0.915948275862069,0.9228959276018099,0.9071057812779667,0.9159132007233273,0.9203962497788785,0.9200563479485825,0.9233356940509915,0.9233424159854677,0.9265152869658502,0.9304552023121387,0.9299590090892889,0.9439517559418233,0.9475
0.9516304347826087,0.9552238805970149,0.9554373739226114,0.9584831056793673,0.9620527647271413,0.9681678422861277,0.9688667496886675,0.9734624350008966,0.9693006357856494,0.9727878897098576,0.9729489232959602,0.9765976597659766,0.9758533042846769,0.9758005822416302,0.9780432109608291,0.9748618292030665,0.9697616506581288,0.9746211429614753,0.9724871606749816,0.9668755595344674,0.9633757961783439,0.9618736383442266,0.9568523430592396,0.9537686634286742,0.9550211125390123,0.9537321525393097,0.9467687377603703,0.9417735042735043,0.940976569486675,0.9360854608002896,0.9313513513513514,0.9351400180668473,0.9433147381680763,0.9307952321650952,0.9256438157417483,0.9249688112635894,0.9263959390862944,0.929802513464991,0.9250045069406887,0.927536231884058,0.9329998213328569,0.9289158778353277,0.9308039747064137,0.9339673425444106,0.941747572815534,0.9405531609195402,0.9357415138863677,0.9434545454545454,0.9456289978678039,0.9565528338995173,0.9527074542897328,0.955029368575624,0.9587404994571118,0.9626852021218218,0.9678714859437751,0.971668219944082,0.9675859598853869,0.9666301969365426,0.9718111346018323,0.9758576874205845,0.9774011299435028,0.9739471805852962,0.9776938298255082,0.9748017621145374,0.9738766980146291,0.9724548669272287,0.97397115722828,0.9702844718246059,0.9670172936352291,0.9717047451669596,0.9635737586081914,0.9614330104185707,0.9617868675995694,0.958055805580558,0.9512108262108262,0.9468085106382979,0.9499008830419895,0.9442752194947142,0.9376020315617631,0.940627802690583,0.9370782418384096,0.9359066427289049,0.930077491439899,0.9289090909090909,0.9315513816145927,0.926939811457578,0.9295373665480428,0.925589836660617,0.931625441696113,0.9323038247441192,0.9230345334313005,0.9325598259608412,0.9315508021390374,0.930853944755371,0.9363619974761133,0.9399055918663762,0.9391928251121077,0.9431072210065645,0.9461916015269951,0.9518269405562625
0.9613149291681802,0.956885573949427,0.9645810859403092,0.9676481279534714,0.9694394213381555,0.9732974910394265,0.9773381294964029,0.9727321333095705,0.979491833030853,0.9779516358463727,0.9798142193640585,0.9817184643510055,0.979438583944216,0.9793152639087018,0.976786035630736,0.9804312375430332,0.9787386099696266,0.9773557341124909,0.9753694581280788,0.9739224918507787,0.9715648504861494,0.970895112575508,0.9637719765583378,0.969574780058651,0.965389369592089,0.9587797348828764,0.9564975934838948,0.9576576576576576,0.9557379975013386,0.9480800432666306,0.9515725518227305,0.9482819695359547,0.9436164481953672,0.9431714023831348,0.9404826710215932,0.9421250671922594,0.944424264438794,0.9335638878776847,0.9390243902439024,0.9409753464099334,0.9364935769857066,0.9426855895196506,0.9466739967014843,0.9436896675008938,0.9409960303139661,0.9450821119547943,0.950453720508167,0.9564753952744715,0.9526542324246772,0.9590148869693071,0.9591295116772823,0.9656536594137745,0.9672042036600833,0.9671395223558987,0.9763722282806252,0.974909090909091,0.9711107123631796,0.9734719483778455,0.9809728953509245,0.9811895378000717,0.979982126899017,0.9803284605666848,0.9799167722091551,0.9835856283056721,0.9815518176885513,0.9771836007130125,0.9804729487638839,0.9756316072388461,0.9755351681957186,0.9759624073739381,0.9724837074583635,0.9656637168141593,0.9664453615646869,0.9612625538020086,0.9603117071402683,0.9645351961311123,0.9523209787693415,0.9496888888888889,0.9453781512605042,0.9517815990072682,0.9454711802378774,0.9442937240007234,0.9439469914040115,0.9416356217846372,0.9356953055801595,0.9355811889973381,0.9438102033535498,0.9380296610169492,0.9412509038322487,0.9382267441860465,0.9368966750089381,0.9401939655172413,0.9470525944228733,0.9488932877451862,0.9485593070532085,0.9483715766099186,0.950745183569611,0.9550054210336104,0.9547169811320755,0.9624319419237749
0.9673454412034489,0.9694738732267911,0.9739224918507787,0.9746994437466355,0.975614194722475,0.9744981009224091,0.981374321880651,0.9802679217958001,0.9783882783882784,0.9811562385656788,0.9824751580849141,0.9840386043058649,0.9820603907637655,0.9817194570135747,0.9792189179505554,0.9833690987124464,0.9783658144108708,0.9826289398280802,0.9814146517502707,0.9788174617793333,0.9784514243973703,0.9774734186339881,0.9723411848679515,0.9735644257703081,0.9681217170802391,0.9656181419166057,0.9640869096785778,0.9621157969978557,0.9616687466571582,0.9627263045793397,0.9554003224073079,0.9551497961354369,0.9561213434452871,0.9531586503948313,0.9560439560439561,0.9532509403546481,0.9539449541284404,0.9559495521842442,0.9525971667272067,0.9502833120087736,0.9528094013955196,0.9551711966113661,0.9544211485870556,0.9596557288864981,0.9552158273381295,0.9642920275764539,0.9602343333925084,0.9603399433427762,0.9648866130212144,0.9643377001455604,0.9692476661175179,0.9724388032638259,0.9722423802612482,0.9744804958075101,0.9780581459133296,0.9775849602313811,0.9844642857142857,0.9808387563268257,0.9790397706915084,0.983963963963964,0.9811015118790497,0.9832022873481058,0.9823604291689398,0.9852464915437208,0.984030145343621,0.9789954337899544,0.9845332351316516,0.9814060563130866,0.9821591115965774,0.977191091954023,0.9753824512045015,0.9725977347460724,0.9692525181127407,0.9699124726477024,0.9692113791861722,0.964740792459417,0.9654602241410987,0.9627094217258152,0.9607486825367981,0.9594202898550724,0.9588462245085431,0.9531305270604882,0.9454706927175843,0.9551705661725308,0.9530550080630711,0.9483434271464196,0.9549383851388633,0.9527111111111111,0.9505003573981415,0.9502853986374517,0.953607305936073,0.9535553555355536,0.9547019387570213,0.9582806573957017,0.956214944816356,0.9611955951756685,0.9664814482882237,0.9674198633736206,0.9645704162976085,0.9706804351834778
0.9751172015867292,0.9774758670003575,0.9791477787851315,0.9836444444444444,0.9813786929274844,0.9822443181818182,0.9810115026474348,0.9875066928431198,0.9867729661170502,0.9868421052631579,0.987912682662818,0.9874281609195402,0.988432105356825,0.9876785714285714,0.9882671480144405,0.9888408927285817,0.9881559766763849,0.987181834828786,0.9826971102390296,0.9871002906976745,0.9806498722161373,0.97798460712368,0.9793103448275862,0.98005698005698,0.977519941986947,0.9783080260303688,0.9766238401142041,0.9696476964769648,0.9721662699139352,0.9672429481346679,0.965604177921844,0.9664152298850575,0.9671757065121994,0.9677244861161197,0.9618129907209136,0.964614817545153,0.9639414494823277,0.9668094218415417,0.966344432509846,0.9629026420557365,0.9620138131588514,0.9658580413297394,0.9633412365493343,0.967967072297781,0.9672217353198949,0.9665533893757825,0.9690115761353517,0.9710675700421169,0.9736027671582014,0.9729390681003585,0.9767141009055628,0.9777335264301231,0.9808283595586905,0.9833657759688551,0.9799175183790568,0.9859408795962509,0.9858802502234137,0.9843522561863173,0.985278276481149,0.9872555865921788,0.9899461400359066,0.9898880462260744,0.9888237449615244,0.9875996457041629,0.9886902590295512,0.9856192701779616,0.9866642309097552,0.9844287524895889,0.98532874479261,0.9830353885443269,0.9821525148729042,0.9780378037803781,0.9805018956490341,0.9807045494777836,0.9726894555977573,0.9745593312738506,0.9754866618601298,0.9731104651162791,0.9714752906976745,0.9687721788502484,0.9669211195928753,0.9666785459729151,0.9619738238415281,0.959585121602289,0.9619634124252853,0.9659029406458597,0.9665828242903342,0.9581964220518437,0.9660477453580902,0.9700663201290554,0.9625133880756872,0.9669243214093115,0.9638575773841475,0.9661764705882353,0.9686456400742115,0.972972972972973,0.9735383515108171,0.975565280816922,0.9760609357997824,0.975099963649582
0.9799276672694395,0.9814393276133777,0.9820981023988543,0.9847355987643104,0.985719322990127,0.9903231696184043,0.9870340356564019,0.9887785136129507,0.9904072398190045,0.9912170639899623,0.9873639873639873,0.9902048085485308,0.9916116366232376,0.9921033740129217,0.9915951359084406,0.987865416436845,0.9901292175161522,0.9900355871886121,0.9888989990900819,0.9883345297918162,0.9863260165527168,0.9887540164227062,0.9871359656959086,0.9841760640232812,0.9826816639885735,0.9838595246541326,0.9801030378397584,0.9762073863636364,0.9790222222222222,0.9786965156165373,0.9757210660825119,0.9792979297929792,0.9779005524861878,0.9771205357142857,0.9712204654467934,0.9741060419235512,0.9695865962484065,0.9789167575427118,0.9724037763253449,0.9722765239026124,0.9717953353823902,0.9753351206434316,0.9739020878329734,0.9723604201216142,0.9779544633176726,0.9789568345323741,0.9771387747812109,0.9739816974699443,0.9817590753115405,0.9815014367816092,0.9839234104046243,0.9827740893594115,0.9869304774006171,0.9836427127366293,0.9875912408759124,0.9864767399927876,0.9894142554693014,0.9862939585211903,0.9892531876138434,0.9922939068100358,0.9895947426067908,0.9906558849955076,0.9895533141210374,0.9905523255813954,0.9930094999103782,0.9904796119992815,0.9882937211777226,0.9888869289116247,0.9907558455682436,0.9880112834978844,0.9843151559365311,0.9832788077062886,0.9832884097035041,0.9812375969691502,0.9834935606747687,0.9829028737722808,0.9818343722172752,0.978692927484333,0.9780380673499268,0.9805194805194806,0.9740188953488372,0.9732175840413743,0.973074179743224,0.9779253409906676,0.9755479079876834,0.9706525701786365,0.9739879098736032,0.9714587737843552,0.9738717339667459,0.9705128205128205,0.9763525618058043,0.9729481045270519,0.9780439121756487,0.9767399927875947,0.9776679480139118,0.9771247580503255,0.9797887836853605,0.982200647249191,0.9796424145866525,0.9814451382694023
0.9881932021466905,0.9888073394495412,0.9885516990732328,0.9901639344262295,0.98971119133574,0.9910984511304967,0.9917206623470123,0.9924105529454282,0.9923131927064712,0.9938661374706838,0.9957367933271548,0.9919620021921812,0.9924228756990799,0.9963106113843991,0.9918918918918919,0.9928749554684717,0.9946968357786813,0.9926017262638718,0.9923217550274223,0.9919311457772996,0.9912216532553035,0.9921582605596151,0.9886096546736576,0.9893955461293743,0.9867691757554086,0.987394201332613,0.9847424160832885,0.9850080314117438,0.9847411444141689,0.9864741363553281,0.9846455990001786,0.9832008670520231,0.9844849359552589,0.9810526315789474,0.9827272727272728,0.9810981098109811,0.9825476790212306,0.9820414146967198,0.9836448598130841,0.9786115007012622,0.9848623016596754,0.9847094801223242,0.9803529197744224,0.9805877114870881,0.9799708667152222,0.9842728397243329,0.9869659666908037,0.9856763925729443,0.9892844169996368,0.9863933236574746,0.9887197851387646,0.9868183459732756,0.9914940828402367,0.9865176512329253,0.9903898458748867,0.9911158493248046,0.9932788374205268,0.9940239043824701,0.9901942981659706,0.9938391128322478,0.9938031161473088,0.9947747747747748,0.993379853283235,0.9943009795191452,0.9935298346513299,0.9953153153153154,0.993362038033728,0.9946207638515331,0.9901369863013698,0.991427040542954,0.9904394190108475,0.9907225691347011,0.9888317674171246,0.9886238532110092,0.9898522342887662,0.985204991087344,0.9867233138608603,0.9835740072202166,0.9837691614066727,0.9849462365591398,0.9835443037974684,0.9807897545357525,0.9835799350415012,0.9823379461034232,0.9782766111513396,0.9805771365149833,0.9826568925442517,0.9809133071708883,0.9796936230851443,0.9787392763894069,0.981226533166458,0.9805790325481029,0.9805481874447391,0.982032667876588,0.9838420107719928,0.9841011743450768,0.98584229390681,0.9871703492516037,0.9843130183916337,0.9870036101083033
0.9914870494475638,0.9928711459632864,0.9936731742588576,0.9927404718693285,0.9950603732162459,0.9924906132665833,0.9927111111111111,0.9957058507783145,0.9953513320221705,0.9955341193283316,0.996546082530449,0.9953496691110714,0.9961990950226244,0.9958935904302804,0.9949802796701327,0.9970517781463055,0.9940497655968266,0.996395097332372,0.9953629391831639,0.9940163191296464,0.9943564536683052,0.9940679489484091,0.9941573854299799,0.9938727698684447,0.9915330571068276,0.9928532160527762,0.9921033740129217,0.9933847850055126,0.988388969521045,0.9921047909563969,0.9875111507582516,0.9905437352245863,0.9885890237275856,0.9895889427391851,0.9878223495702005,0.9906810035842294,0.9872611464968153,0.9887965305384894,0.9908357771260997,0.990223960184856,0.9900231605202209,0.9893107261334316,0.9898953446409239,0.9912869849337448,0.9878375961366482,0.9901557186325398,0.9907522674728793,0.9896391568417292,0.9913777288570904,0.9917442473212718,0.9924105529454282,0.9938372303788291,0.9919871794871795,0.9939057178705861,0.9937774524158126,0.9942559684078263,0.9923483330296957,0.9936305732484076,0.9958891867739053,0.9956733369388859,0.9947615606936416,0.997482919813017,0.99557835160948,0.9961318843249217,0.99581589958159,0.9960381775616783,0.9948263118994827,0.9945424777151174,0.9958921235934989,0.995471834812534,0.9959514170040485,0.9908306364617044,0.9933703637340978,0.9915634535989948,0.9911870503597122,0.9878908367973974,0.9909893674535952,0.9935368043087971,0.9910490511994271,0.9913279132791328,0.9908536585365854,0.9881882609485735,0.9858181818181818,0.9880931224453527,0.9895193350198771,0.9860714285714286,0.9888789237668162,0.9910567621828801,0.9874416935773233,0.9906917320678956,0.986801099908341,0.9870410367170627,0.987750556792873,0.9905916410349195,0.9899981814875431,0.9898486197684773,0.992331014802925,0.9906976744186047,0.992628550880978,0.9933345676726532
0.9943171402383135,0.9951534733441034,0.9952288390174943,0.9962121212121212,0.9972582708828368,0.9974550081803308,0.9961908216941774,0.9976094152261861,0.9969868840836583,0.9980279670132663,0.9975115535015997,0.9985850725150336,0.9983666061705989,0.9972909517789417,0.9978598180845372,0.9976660682226212,0.9979981801637853,0.9973347547974414,0.9972727272727273,0.9957619636235211,0.9979890310786106,0.9967129291453616,0.9972997299729973,0.9960303139660772,0.9948306595365419,0.9961643835616438,0.9970663733039971,0.9954537188579742,0.9956434924668723,0.9944103858636856,0.9944573574110496,0.9918047389987529,0.9931159420289855,0.9941818181818182,0.9919006479481641,0.9953296209807796,0.9925147032614507,0.9920810313075507,0.9914139568871027,0.9939329050678087,0.9939759036144579,0.9925359872045495,0.9940615439985604,0.9914777878513146,0.9941333333333333,0.9918655097613883,0.9939868804664723,0.9947463768115942,0.9947719488011538,0.9946855624446412,0.9950567557671183,0.9963343108504399,0.9962059620596206,0.9956060051263274,0.9952485380116959,0.9960353216795819,0.9973142345568488,0.9978779840848806,0.9980434009249377,0.9966047176554682,0.9980068853053089,0.9974582425562818,0.997083485235144,0.9972880130175376,0.9976194836110602,0.9978998949947497,0.9957119885653029,0.997459165154265,0.9971139971139971,0.9978134110787172,0.9953068592057762,0.9956442831215971,0.9963187925639609,0.9974973185555953,0.9976847729296527,0.9953596287703016,0.9947615606936416,0.994878134934652,0.997686421071365,0.9938760806916427,0.9959890610756609,0.9961137608196432,0.9935333213580025,0.9923511200145693,0.9926166036376733,0.9937566892615055,0.9914147737435164,0.9931010083141695,0.9938705606634217,0.9937755646452072,0.9937309690130754,0.9920232052211748,0.994725354674427,0.9924201407688142,0.9936777456647399,0.9941165983241219,0.9957352123122566,0.9943911706169712,0.9956904291614294,0.9960159362549801
0.9989206691851052,0.998754226730735,0.9991005576542543,0.998542539624704,0.9982158786797503,0.9981775104793147,0.9989220265900107,0.9987566607460036,0.9982142857142857,0.9990992613943434,0.9990969839263139,0.9989088925259137,0.9989255014326648,0.9991224991224992,0.9994678964171692,0.9994555353901996,0.9998169503935567,0.9985691289572527,0.9985629603017784,0.9979941648431802,0.9990910743501181,0.997853693435879,0.9979882955376738,0.9985473034319956,0.9981988472622478,0.998546511627907,0.998383910935536,0.998354962529702,0.9973521624007061,0.997165131112686,0.9964526427811281,0.9967479674796748,0.996754417598269,0.9972826086956522,0.9969407953931978,0.9962162162162163,0.9979901333820573,0.9967302452316076,0.997969355731955,0.9957264957264957,0.9967526610138914,0.996566678713408,0.9968995075688492,0.9976892996800569,0.9978268743208982,0.9976212259835315,0.9976597659765977,0.9973021582733813,0.9983905579399142,0.9980165885322755,0.9971191933741448,0.9978090195362425,0.9986011540479105,0.9987770789657582,0.9990973099837516,0.9989187240944314,0.9992809635088981,0.9983636363636363,0.9992687385740402,0.9989124524197933,0.998730734360834,0.9983540599853694,0.99893257427504,0.9991031390134529,0.9985559566787003,0.9994532531437944,0.9990992613943434,0.9983847810480976,0.9984298674110258,0.9996498599439776,0.9991198732617497,0.9976673246007536,0.9983827493261456,0.9982209571250668,0.9989287627209427,0.9975378121702427,0.9976723366159356,0.9974577810059924,0.9974742918996933,0.9974307212332538,0.9983865184653998,0.9980339588918677,0.9978074182349717,0.996741491672701,0.9963002114164905,0.996077032810271,0.998939179632249,0.9983663096750771,0.997347010965688,0.9967438494934877,0.9968371112282551,0.9965925394548063,0.9969659111190434,0.9972924187725631,0.9976423648893725,0.9976983002832861,0.9973328591749644,0.9989059080962801,0.9983991462113126,0.9976427923844061
0.9996413199426112,0.9998225377107365,0.9994592645998558,0.9994713656387665,0.9998177178271965,0.9992837958818264,0.9998237574903066,1.0,0.9998179169701383,0.9998198198198198,0.9992739154111454,0.9996430483669463,0.9996389239935006,1.0,0.9998140918386317,0.9996457669146298,1.0,0.9996413842567689,0.999822695035461,0.9994538503549972,0.9994606256742179,0.9992784992784993,0.9996366279069767,0.9994728518713759,0.9987364620938628,0.9998194945848375,0.999267265066862,0.9994555353901996,0.9994521548575602,0.9998211731044349,0.9996391194514616,0.9991175432403813,0.9987167736021998,0.9992725950172758,0.9996385324417133,0.9991077801570307,0.9989171629669734,0.9991147308781869,0.9992834109638122,0.9998211091234347,0.9990692479523455,0.9992771955186122,0.9985752448797863,0.9990945309670409,0.9990979613927476,0.9992773261065944,0.9996475770925111,0.9996461429582448,0.9996370235934664,0.9998194619967503,0.9996448863636364,0.9983722192078134,0.9998208527409531,0.9992886359594523,0.9996432393863718,0.9996420261320924,0.9998205312275664,0.9998236331569665,0.9996424740793708,1.0,0.9998246844319776,0.9996418338108882,0.9994567185802246,0.9994533527696793,0.9994565217391305,1.0,0.9998216833095578,0.9990733876945885,0.9998177178271965,0.9996421542315262,1.0,0.9994671403197158,0.9994708994708995,0.9994486307664032,0.9994522548840606,0.9996340347666972,0.9992725950172758,0.9991041032073105,0.9989314336598397,0.9996429209069809,0.9998183139534884,0.9994627507163324,0.9991167638226461,0.9987058606026992,0.9994562262098967,0.999819233550253,0.9989106753812637,0.9996418338108882,0.9992945326278659,0.9994635193133047,0.999457111834962,0.9992760180995475,0.9994648590795576,0.9992823824901328,0.9987072945521699,0.9996414485478666,0.9990979613927476,0.9994598487576521,0.9994659070678298,0.9998201115308508
1.0,1.0,1.0,1.0,1.0,1.0,1.0,1.0,1.0,1.0,1.0,1.0,1.0,1.0,1.0,1.0,1.0,1.0,1.0,1.0,1.0,1.0,1.0,1.0,1.0,1.0,1.0,1.0,1.0,1.0,1.0,1.0,1.0,1.0,1.0,1.0,1.0,1.0,1.0,1.0,1.0,1.0,1.0,1.0,1.0,1.0,1.0,1.0,1.0,1.0,1.0,1.0,1.0,1.0,1.0,1.0,1.0,1.0,1.0,1.0,1.0,1.0,1.0,1.0,1.0,1.0,1.0,1.0,1.0,1.0,1.0,1.0,1.0,1.0,1.0,1.0,1.0,1.0,1.0,1.0,1.0,1.0,1.0,1.0,1.0,1.0,1.0,1.0,1.0,1.0,1.0,1.0,1.0,1.0,1.0,1.0,1.0,1.0,1.0,1.0
