1.0,1.0,1.0,1.0,1.0,1.0,1.0,1.0,1.0,1.0,1.0,1.0,1.0,1.0,1.0,1.0,1.0,1.0,1.0,1.0,1.0,1.0,1.0,1.0,1.0,1.0,1.0,1.0,1.0,1.0,1.0,1.0,1.0,1.0,1.0,1.0,1.0,1.0,1.0,1.0,1.0,1.0,1.0,1.0,1.0,1.0,1.0,1.0,1.0,1.0,1.0,1.0,1.0,1.0,1.0,1.0,1.0,1.0,1.0,1.0,1.0,1.0,1.0,1.0,1.0,1.0,1.0,1.0,1.0,1.0,1.0,1.0,1.0,1.0,1.0,1.0,1.0,1.0,1.0,1.0,1.0,1.0,1.0,1.0,1.0,1.0,1.0,1.0,1.0,1.0,1.0,1.0,1.0,1.0,1.0,1.0,1.0,1.0,1.0,1.0
1.0,1.0,1.0,1.0,1.0,1.0,1.0,1.0,1.0,1.0,1.0,1.0,0.9957983193277311,1.0,1.0,1.0,1.0,1.0,1.0,1.0,1.0,1.0,1.0,1.0,1.0,1.0,1.0,1.0,1.0,1.0,1.0,1.0,1.0,1.0,1.0,1.0,1.0,1.0,1.0,1.0,1.0,1.0,1.0,1.0,1.0,1.0,1.0,1.0,1.0,1.0,1.0,1.0,1.0,1.0,1.0,1.0,1.0,1.0,0.9950980392156863,1.0,1.0,1.0,1.0,1.0,1.0,1.0,1.0,1.0,1.0,1.0,1.0,1.0,1.0,1.0,1.0,1.0,1.0,1.0,0.995575221238938,0.9956896551724138,1.0,1.0,1.0,1.0,1.0,1.0,1.0,1.0,1.0,1.0,1.0,1.0,1.0,1.0,1.0,1.0,1.0,1.0,1.0,1.0
1.0,1.0,1.0,1.0,1.0,1.0,1.0,1.0,1.0,1.0,0.9906976744186047,1.0,1.0,1.0,1.0,1.0,1.0,1.0,1.0,1.0,1.0,0.9950248756218906,1.0,1.0,1.0,0.9955947136563876,1.0,1.0,1.0,0.9957081545064378,0.995575221238938,0.9953051643192489,1.0,1.0,1.0,0.9902912621359223,1.0,1.0,1.0,1.0,1.0,1.0,1.0,1.0,1.0,1.0,1.0,1.0,1.0,1.0,1.0,1.0,1.0,1.0,0.9952830188679245,0.9951219512195122,1.0,1.0,1.0,1.0,1.0,1.0,1.0,1.0,0.9951923076923077,1.0,0.9949748743718593,1.0,0.995260663507109,1.0,1.0,0.9956896551724138,1.0,1.0,0.990990990990991,1.0,1.0,1.0,0.9956709956709957,0.9954545454545455,0.9956331877729258,0.9956709956709957,1.0,0.9953703703703703,0.9959016393442623,1.0,1.0,0.9904306220095693,1.0,1.0,1.0,1.0,1.0,1.0,1.0,1.0,1.0,1.0,1.0,1.0
1.0,1.0,1.0,1.0,1.0,1.0,1.0,1.0,1.0,0.9955555555555555,0.9956709956709957,1.0,1.0,1.0,1.0,1.0,1.0,0.9956896551724138,1.0,0.9906103286384976,0.9951690821256038,1.0,0.9917355371900827,0.9872340425531915,1.0,0.990521327014218,0.9958677685950413,1.0,1.0,0.9953271028037384,0.9953051643192489,1.0,0.995475113122172,1.0,1.0,1.0,1.0,1.0,1.0,1.0,0.9960629921259843,1.0,1.0,1.0,1.0,1.0,0.995575221238938,1.0,1.0,1.0,1.0,1.0,1.0,0.9954128440366973,1.0,1.0,1.0,0.9955357142857143,1.0,1.0,0.9914529914529915,0.995475113122172,0.9956331877729258,1.0,1.0,0.9957264957264957,0.9901477832512315,0.9952380952380953,0.9955357142857143,1.0,0.9908256880733946,0.9911504424778761,0.9904306220095693,1.0,1.0,0.992,1.0,0.9948186528497409,1.0,0.9957081545064378,1.0,0.9957983193277311,1.0,0.995575221238938,1.0,0.995575221238938,0.9908256880733946,1.0,1.0,0.9956140350877193,1.0,1.0,1.0,1.0,1.0,1.0,1.0,1.0,1.0,1.0
1.0,1.0,1.0,1.0,1.0,1.0,1.0,1.0,0.990521327014218,0.9951456310679612,1.0,0.995575221238938,0.9859154929577465,0.9917695473251029,0.9907407407407407,0.9913793103448276,1.0,0.9863636363636363,0.990990990990991,0.9957983193277311,0.979253112033195,0.9956140350877193,0.985781990521327,0.9951923076923077,0.9917695473251029,0.9959839357429718,0.995475113122172,0.995475113122172,0.986784140969163,0.9866666666666667,0.9954128440366973,0.9954337899543378,0.9862385321100917,0.9956140350877193,1.0,0.9953271028037384,1.0,0.995260663507109,1.0,0.9868421052631579,1.0,1.0,1.0,0.9954545454545455,1.0,1.0,1.0,1.0,1.0,1.0,1.0,1.0,1.0,1.0,1.0,1.0,1.0,1.0,0.995850622406639,1.0,1.0,0.9956709956709957,1.0,1.0,0.9905660377358491,0.9915254237288136,0.9775784753363229,0.9955357142857143,0.9871244635193133,0.9952830188679245,0.9956140350877193,0.9914893617021276,0.990990990990991,0.9916317991631799,0.9900497512437811,1.0,0.9955555555555555,1.0,0.9915254237288136,0.9911894273127754,0.9908675799086758,1.0,0.9955555555555555,0.9813084112149533,0.9954337899543378,0.9947916666666666,0.9914893617021276,0.9953703703703703,0.9954954954954955,1.0,1.0,1.0,1.0,1.0,1.0,1.0,1.0,1.0,1.0,1.0
1.0,1.0,1.0,1.0,0.9954954954954955,1.0,0.9954545454545455,1.0,0.990909090909091,0.9949748743718593,0.9908256880733946,1.0,0.9955357142857143,1.0,1.0,1.0,0.9812206572769953,0.9919354838709677,0.9952153110047847,0.9956709956709957,0.9739130434782609,0.9870689655172413,0.9952380952380953,0.990521327014218,0.9908256880733946,0.9956896551724138,0.9822222222222222,0.9767441860465116,0.995,0.9863013698630136,0.981042654028436,0.9914893617021276,0.990990990990991,0.9853658536585366,0.9955156950672646,0.9952153110047847,0.9906976744186047,0.9868995633187773,1.0,0.995575221238938,1.0,0.9908256880733946,1.0,1.0,0.9951219512195122,1.0,0.9958333333333333,1.0,1.0,1.0,1.0,1.0,1.0,0.9957627118644068,0.9953917050691244,1.0,1.0,1.0,1.0,0.995260663507109,1.0,0.9914893617021276,0.9955555555555555,0.9768518518518519,0.9864253393665159,0.9954954954954955,0.9956709956709957,0.9779735682819384,0.9766355140186916,0.987012987012987,1.0,0.9834710743801653,0.9861751152073732,0.9778761061946902,0.9911504424778761,0.9911111111111112,0.9947916666666666,0.9765258215962441,0.9911111111111112,0.9813953488372092,0.990521327014218,0.9783549783549783,0.9955156950672646,0.9850746268656716,0.985781990521327,0.9955555555555555,0.9953703703703703,0.9952153110047847,0.9951219512195122,0.9904306220095693,1.0,0.995475113122172,0.9851485148514851,1.0,1.0,1.0,0.9956331877729258,1.0,1.0,1.0
1.0,1.0,1.0,1.0,0.991701244813278,1.0,0.9956521739130435,1.0,0.9956331877729258,0.9955357142857143,0.991701244813278,1.0,0.9955555555555555,0.9830508474576272,1.0,0.9950738916256158,0.9696969696969697,0.995260663507109,0.9904761904761905,0.9774774774774775,0.9724770642201835,0.9911894273127754,0.9820627802690582,0.9908675799086758,0.9783549783549783,0.9865470852017937,0.9953917050691244,0.98046875,0.9875518672199171,0.9724770642201835,0.9878542510121457,0.982532751091703,0.9813953488372092,0.9953917050691244,0.987603305785124,0.985981308411215,1.0,1.0,0.9954128440366973,1.0,0.9958333333333333,0.9954545454545455,0.9956521739130435,0.9954128440366973,1.0,1.0,0.9954128440366973,1.0,1.0,1.0,1.0,1.0,0.9951219512195122,1.0,1.0,1.0,1.0,1.0,0.9953703703703703,0.9958847736625515,0.9900990099009901,0.9855769230769231,0.9955947136563876,0.9908675799086758,0.9909502262443439,1.0,0.9910714285714286,0.9760765550239234,0.9736842105263158,0.9913793103448276,0.972,0.972972972972973,0.9780701754385965,1.0,0.9957081545064378,0.9766355140186916,0.9914529914529915,0.9703389830508474,0.9811320754716981,0.9875,0.9822222222222222,0.9753694581280788,0.9826086956521739,0.9954954954954955,0.9869565217391304,1.0,0.9902912621359223,0.9773755656108597,0.9957264957264957,0.9907834101382489,0.995575221238938,0.9868421052631579,1.0,1.0,0.996078431372549,1.0,1.0,1.0,1.0,1.0
1.0,1.0,1.0,1.0,0.9955156950672646,0.9912280701754386,0.9957805907172996,1.0,1.0,0.9916317991631799,0.9758454106280193,0.9913419913419913,1.0,0.9871794871794872,0.9819004524886877,0.9811320754716981,0.9954337899543378,0.9766355140186916,0.9855072463768116,0.9783549783549783,0.9906103286384976,0.971830985915493,0.9727272727272728,0.9908675799086758,0.9897435897435898,0.973568281938326,0.9758454106280193,0.9777777777777777,0.9665071770334929,0.9636363636363636,0.9747474747474747,0.9736842105263158,0.9870689655172413,0.9720930232558139,0.9913419913419913,0.9711538461538461,0.9830508474576272,0.9956709956709957,0.986784140969163,0.9909502262443439,0.990521327014218,0.9956140350877193,1.0,0.9957627118644068,1.0,1.0,0.9952153110047847,1.0,1.0,1.0,1.0,1.0,0.9911894273127754,1.0,0.9955947136563876,0.9954954954954955,0.9952380952380953,1.0,0.9868421052631579,1.0,0.9955357142857143,0.9867256637168141,0.9761904761904762,1.0,0.9903846153846154,0.98989898989899,0.9823008849557522,0.9920318725099602,0.9791666666666666,0.9822222222222222,0.9568965517241379,0.9642857142857143,0.9953051643192489,0.973568281938326,0.9754901960784313,0.9627906976744186,0.9903381642512077,0.9785407725321889,0.9770642201834863,0.9823788546255506,0.9707112970711297,0.9768518518518519,0.9780701754385965,0.9872340425531915,0.9833333333333333,0.9869565217391304,0.9957805907172996,0.9910313901345291,0.9823788546255506,0.9761904761904762,0.9955357142857143,0.9955555555555555,0.9902912621359223,0.9956331877729258,1.0,1.0,1.0,1.0,1.0,1.0
1.0,1.0,1.0,0.9955555555555555,1.0,0.9945945945945946,1.0,0.9954128440366973,0.9904306220095693,1.0,0.990909090909091,0.995850622406639,0.9829787234042553,0.9953271028037384,0.9819819819819819,0.9766355140186916,0.9769585253456221,0.9854368932038835,0.957983193277311,0.9807692307692307,0.990521327014218,0.9665271966527197,0.963302752293578,0.9823008849557522,0.9695817490494296,0.9744680851063829,0.966183574879227,0.967741935483871,0.9619047619047619,0.9782608695652174,0.981651376146789,0.9495798319327731,0.9576719576719577,0.9837837837837838,0.9779735682819384,0.9907407407407407,0.9862385321100917,0.990990990990991,0.9802955665024631,0.9871244635193133,0.9951690821256038,0.9817351598173516,0.985781990521327,1.0,1.0,1.0,0.9909502262443439,1.0,1.0,1.0,1.0,1.0,0.9957983193277311,1.0,1.0,0.9955357142857143,0.9954337899543378,0.9956709956709957,0.9904306220095693,0.9829059829059829,0.9861111111111112,0.9910313901345291,0.9871244635193133,0.968609865470852,0.9819004524886877,0.9741379310344828,0.9733333333333334,0.9904761904761905,0.98989898989899,0.9626556016597511,0.9904306220095693,0.9575471698113207,0.9759615384615384,0.9811320754716981,0.9722222222222222,0.9537037037037037,0.9607843137254902,0.9765258215962441,0.9759615384615384,0.985781990521327,0.9587155963302753,0.9607843137254902,0.9782608695652174,0.9955156950672646,0.9776785714285714,0.9858490566037735,0.964824120603015,0.9911894273127754,0.9911504424778761,0.9955555555555555,0.9904306220095693,0.9957983193277311,1.0,0.9856459330143541,0.9905660377358491,1.0,1.0,1.0,1.0,1.0
1.0,1.0,0.9957081545064378,0.9915611814345991,0.9957081545064378,0.9955555555555555,0.9916666666666667,0.9861751152073732,0.9824561403508771,0.9758064516129032,1.0,0.9831932773109243,0.9872881355932204,0.9746835443037974,0.9680365296803652,0.9595141700404858,0.9698275862068966,0.9722222222222222,0.9369747899159664,0.9703389830508474,0.9507389162561576,0.9620853080568721,0.9447004608294931,0.9631336405529954,0.9737991266375546,0.9690265486725663,0.9644444444444444,0.9488372093023256,0.9419642857142857,0.9547325102880658,0.9652173913043478,0.9754901960784313,0.9829059829059829,0.9507389162561576,0.9711538461538461,0.9745762711864406,0.985,0.9953051643192489,0.9819004524886877,0.9911504424778761,0.9912663755458515,0.9828326180257511,1.0,1.0,0.9910714285714286,1.0,1.0,0.995575221238938,1.0,1.0,1.0,1.0,1.0,1.0,0.9911111111111112,1.0,1.0,1.0,0.9908256880733946,0.984375,0.9752066115702479,0.9789473684210527,0.9955555555555555,0.9745762711864406,0.9882352941176471,0.9808612440191388,0.9779735682819384,0.9836065573770492,0.9710144927536232,0.9635627530364372,0.9619047619047619,0.9817351598173516,0.9603960396039604,0.9787234042553191,0.9517543859649122,0.9596412556053812,0.9719626168224299,0.9483568075117371,0.9598214285714286,0.9495412844036697,0.9714285714285714,0.9583333333333334,0.9663461538461539,0.9745762711864406,0.9684684684684685,0.9803921568627451,0.9619047619047619,0.9684684684684685,0.9819819819819819,0.9951456310679612,0.9952153110047847,0.995575221238938,0.9834710743801653,0.9955555555555555,0.9952830188679245,0.9915966386554622,0.9910313901345291,1.0,1.0,1.0
1.0,1.0,1.0,1.0,0.9921259842519685,1.0,0.9913793103448276,0.9951923076923077,0.9846153846153847,0.9854368932038835,0.9915966386554622,0.975609756097561,0.9779735682819384,0.9690265486725663,0.9658119658119658,0.9688888888888889,0.9465020576131687,0.954954954954955,0.9727272727272728,0.9896373056994818,0.967479674796748,0.9758454106280193,0.9464285714285714,0.9671361502347418,0.941747572815534,0.9665271966527197,0.9567099567099567,0.9519230769230769,0.9727626459143969,0.9576271186440678,0.9444444444444444,0.9285714285714286,0.954954954954955,0.9791666666666666,0.9779735682819384,0.9691629955947136,0.9722222222222222,0.981042654028436,0.9788135593220338,0.9917695473251029,0.9908256880733946,1.0,0.991304347826087,1.0,0.9956140350877193,1.0,1.0,1.0,1.0,1.0,1.0,1.0,1.0,1.0,1.0,0.9905660377358491,0.9951456310679612,0.9823788546255506,0.9906976744186047,0.9793388429752066,0.9852216748768473,0.9717741935483871,0.973568281938326,0.9870689655172413,0.9606986899563319,0.9765258215962441,0.9383259911894273,0.9659574468085106,0.9482758620689655,0.9516908212560387,0.9702127659574468,0.9659574468085106,0.960352422907489,0.9471153846153846,0.937007874015748,0.9451476793248945,0.966824644549763,0.972972972972973,0.9388646288209607,0.9319148936170213,0.9227272727272727,0.9203539823008849,0.9748743718592965,0.9904306220095693,0.9907834101382489,0.9795918367346939,0.9608695652173913,0.9902439024390244,0.9822222222222222,0.9723502304147466,0.9904306220095693,0.9761904761904762,0.9957805907172996,0.9910714285714286,0.9952830188679245,1.0,1.0,0.9954545454545455,1.0,1.0
1.0,1.0,1.0,1.0,0.9953271028037384,1.0,0.9823788546255506,0.9906976744186047,0.9902439024390244,0.9912663755458515,0.9774774774774775,0.9831223628691983,0.9765258215962441,0.9650655021834061,0.9733333333333334,0.94,0.9321266968325792,0.9513274336283186,0.9581589958158996,0.9363636363636364,0.9317073170731708,0.9416666666666667,0.9775784753363229,0.9411764705882353,0.9720930232558139,0.9447004608294931,0.9660194174757282,0.9292035398230089,0.9557522123893806,0.958904109589041,0.9577464788732394,0.9613733905579399,0.9539170506912442,0.9594594594594594,0.944954128440367,0.9559471365638766,0.9906103286384976,0.9703389830508474,0.981651376146789,0.987012987012987,0.9813953488372092,0.9782608695652174,0.9820627802690582,0.9953051643192489,0.99581589958159,1.0,0.9959514170040485,1.0,1.0,1.0,1.0,1.0,1.0,0.9954545454545455,0.9900497512437811,0.985,0.972972972972973,0.9830508474576272,0.9949494949494949,0.9744680851063829,0.984251968503937,0.9836065573770492,0.970873786407767,0.9742489270386266,0.9533898305084746,0.9594594594594594,0.9569377990430622,0.9690265486725663,0.9545454545454546,0.9306930693069307,0.9457013574660633,0.9299065420560748,0.935,0.9557522123893806,0.9577464788732394,0.9396984924623115,0.9142857142857143,0.9631336405529954,0.9436619718309859,0.9490740740740741,0.9357798165137615,0.9446808510638298,0.9615384615384616,0.9638009049773756,0.9751243781094527,0.958139534883721,0.9716981132075472,0.9774774774774775,0.9821428571428571,0.9646464646464646,0.9832635983263598,0.9874476987447699,0.9951456310679612,0.9954337899543378,0.9952153110047847,0.9901960784313726,1.0,0.9956896551724138,1.0,1.0
1.0,1.0,1.0,0.9957983193277311,0.9953051643192489,1.0,0.9748953974895398,0.9768518518518519,0.984313725490196,0.9704433497536946,0.9705882352941176,0.9823008849557522,0.9540816326530612,0.9547511312217195,0.9528301886792453,0.9305555555555556,0.9417040358744395,0.9362745098039216,0.9302325581395349,0.9124423963133641,0.9462809917355371,0.9361702127659575,0.9461883408071748,0.9521739130434783,0.9307359307359307,0.9459459459459459,0.9324324324324325,0.9356223175965666,0.9170506912442397,0.9552845528455285,0.9705882352941176,0.9173913043478261,0.9392523364485982,0.9344262295081968,0.9565217391304348,0.9660194174757282,0.9488372093023256,0.9823008849557522,0.9567099567099567,0.9817351598173516,0.9715639810426541,0.9737991266375546,0.9901960784313726,0.985981308411215,1.0,0.9869565217391304,1.0,0.9953271028037384,1.0,1.0,1.0,1.0,1.0,1.0,0.9915254237288136,0.9790794979079498,0.9815668202764977,0.9785407725321889,0.976,0.9874476987447699,0.9897959183673469,0.9700854700854701,0.9832635983263598,0.9727272727272728,0.9701492537313433,0.9227053140096618,0.9734513274336283,0.9559471365638766,0.957345971563981,0.9441860465116279,0.9316239316239316,0.9288888888888889,0.9259259259259259,0.921161825726141,0.9043062200956937,0.9246231155778895,0.8927038626609443,0.9252336448598131,0.9299065420560748,0.9318181818181818,0.9222797927461139,0.958904109589041,0.9305555555555556,0.9554455445544554,0.9473684210526315,0.9586776859504132,0.97165991902834,0.9764150943396226,0.9703389830508474,0.9773755656108597,0.9859154929577465,0.9845360824742269,0.9836065573770492,0.9819819819819819,1.0,1.0,0.9953271028037384,1.0,1.0,1.0
1.0,1.0,1.0,1.0,1.0,0.9953271028037384,0.9901960784313726,0.9711538461538461,0.9829787234042553,0.995049504950495,0.9665271966527197,0.957345971563981,0.9583333333333334,0.9450980392156862,0.9537815126050421,0.9315068493150684,0.9536679536679536,0.9253731343283582,0.9454545454545454,0.911504424778761,0.9537815126050421,0.9045454545454545,0.905982905982906,0.9279279279279279,0.9230769230769231,0.9095022624434389,0.91701244813278,0.9224137931034483,0.8869565217391304,0.9344978165938864,0.9333333333333333,0.9086538461538461,0.9629629629629629,0.9529411764705882,0.9502487562189055,0.9289099526066351,0.9666666666666667,0.9733333333333334,0.9650655021834061,0.9744680851063829,0.9768518518518519,0.9730941704035875,0.9775784753363229,0.9911504424778761,0.990990990990991,0.9863636363636363,1.0,1.0,1.0,1.0,1.0,1.0,1.0,0.995850622406639,0.9955357142857143,0.9905660377358491,0.9954337899543378,0.9907407407407407,0.9726027397260274,0.9806763285024155,0.9813953488372092,0.9737991266375546,0.961352657004831,0.941747572815534,0.9241071428571429,0.9613733905579399,0.9434782608695652,0.930327868852459,0.9439655172413793,0.9436619718309859,0.9130434782608695,0.9086538461538461,0.9261083743842364,0.9346938775510204,0.9252336448598131,0.914572864321608,0.922077922077922,0.9365853658536586,0.918918918918919,0.893719806763285,0.9134199134199135,0.9534883720930233,0.9414634146341463,0.9580152671755725,0.9345794392523364,0.9719626168224299,0.954954954954955,0.9649122807017544,0.9636363636363636,0.9770642201834863,0.9577464788732394,0.973568281938326,0.986784140969163,0.9917695473251029,0.9953271028037384,1.0,1.0,0.995475113122172,1.0,1.0
1.0,1.0,1.0,0.995575221238938,1.0,0.991304347826087,0.9700854700854701,0.9767441860465116,0.9785407725321889,0.9791666666666666,0.9646464646464646,0.9903846153846154,0.9572649572649573,0.9567307692307693,0.9434782608695652,0.9463414634146341,0.9539170506912442,0.9234234234234234,0.8659217877094972,0.923728813559322,0.9619047619047619,0.8898678414096917,0.9313304721030042,0.9385964912280702,0.9041095890410958,0.8701298701298701,0.9087136929460581,0.9033816425120773,0.9256198347107438,0.8987341772151899,0.9107981220657277,0.9170506912442397,0.9224137931034483,0.9230769230769231,0.9301075268817204,0.9497716894977168,0.9638009049773756,0.9421487603305785,0.9511111111111111,0.9674418604651163,0.958139534883721,0.990909090909091,0.9766355140186916,0.9752475247524752,0.991304347826087,0.9881889763779528,1.0,0.9915254237288136,1.0,1.0,1.0,1.0,0.9953271028037384,1.0,1.0,0.9894179894179894,0.9808612440191388,0.974025974025974,0.991701244813278,0.9623430962343096,0.960352422907489,0.975103734439834,0.9497716894977168,0.9547325102880658,0.9434782608695652,0.9406392694063926,0.927038626609442,0.9069767441860465,0.90625,0.92,0.9297520661157025,0.925,0.9166666666666666,0.9273504273504274,0.8923766816143498,0.9272727272727272,0.9212962962962963,0.908256880733945,0.9245283018867925,0.8977777777777778,0.9253112033195021,0.8949771689497716,0.9207920792079208,0.9170731707317074,0.9111111111111111,0.9663865546218487,0.9491525423728814,0.9713114754098361,0.96875,0.9824561403508771,0.9841269841269841,0.9904306220095693,0.992,0.990909090909091,0.9908256880733946,0.9908256880733946,1.0,1.0,1.0,1.0
1.0,1.0,1.0,1.0,0.9896373056994818,0.986046511627907,0.9723502304147466,0.9641255605381166,0.957345971563981,0.9789029535864979,0.9821428571428571,0.9587155963302753,0.973568281938326,0.9471544715447154,0.9313304721030042,0.9213483146067416,0.9473684210526315,0.9323671497584541,0.9041095890410958,0.90625,0.8738738738738738,0.9336734693877551,0.8761061946902655,0.8894230769230769,0.8985507246376812,0.8917748917748918,0.8803827751196173,0.9024390243902439,0.9012875536480687,0.9098360655737705,0.91015625,0.8716814159292036,0.8855721393034826,0.9583333333333334,0.9409090909090909,0.9387755102040817,0.9539748953974896,0.9658119658119658,0.96,0.9517543859649122,0.9773755656108597,0.9723320158102767,0.9776785714285714,0.9674418604651163,0.9951456310679612,1.0,1.0,0.9957081545064378,0.9958333333333333,1.0,1.0,1.0,1.0,0.9861111111111112,0.9850746268656716,0.9812206572769953,0.9904306220095693,0.972972972972973,0.9623430962343096,0.975103734439834,0.9514563106796117,0.9624413145539906,0.933649289099526,0.9380530973451328,0.940677966101695,0.9313725490196079,0.9466666666666667,0.9086538461538461,0.9192825112107623,0.8744186046511628,0.8904109589041096,0.9230769230769231,0.9192825112107623,0.9254385964912281,0.91324200913242,0.8918918918918919,0.8839285714285714,0.9315068493150684,0.8725490196078431,0.9144144144144144,0.8962264150943396,0.8991228070175439,0.9269406392694064,0.8977777777777778,0.9255813953488372,0.9271844660194175,0.9475806451612904,0.9620253164556962,0.9528301886792453,0.9622641509433962,0.9788359788359788,0.9813953488372092,0.9736842105263158,0.9869565217391304,0.9956331877729258,0.990521327014218,0.995575221238938,0.9959839357429718,1.0,1.0
1.0,1.0,1.0,1.0,1.0,0.9908675799086758,0.9696969696969697,0.9798387096774194,0.9861111111111112,0.9674418604651163,0.9551569506726457,0.9583333333333334,0.9714285714285714,0.941908713692946,0.9234234234234234,0.9360730593607306,0.8899521531100478,0.9244444444444444,0.9425837320574163,0.8728070175438597,0.9009433962264151,0.8813559322033898,0.8982300884955752,0.8981481481481481,0.8787878787878788,0.8708133971291866,0.8793103448275862,0.908675799086758,0.9215686274509803,0.9234449760765551,0.8939393939393939,0.9090909090909091,0.8932038834951457,0.9055793991416309,0.8927038626609443,0.9404255319148936,0.9375,0.9484978540772532,0.9473684210526315,0.9594594594594594,0.9570815450643777,0.961038961038961,0.9850746268656716,0.975609756097561,0.9916317991631799,0.9908256880733946,0.9955357142857143,0.9951923076923077,1.0,1.0,1.0,0.9957081545064378,1.0,0.9912280701754386,1.0,0.9753086419753086,0.9700854700854701,0.9877049180327869,0.9590909090909091,0.9698275862068966,0.9318181818181818,0.9475982532751092,0.925764192139738,0.9201680672268907,0.9521739130434783,0.9456066945606695,0.9260700389105059,0.9022222222222223,0.8928571428571429,0.8687782805429864,0.8663793103448276,0.8640350877192983,0.8962264150943396,0.8836206896551724,0.8798449612403101,0.8772727272727273,0.8622222222222222,0.9106382978723404,0.9226804123711341,0.9136363636363637,0.9142857142857143,0.921875,0.9203539823008849,0.9539170506912442,0.8991228070175439,0.926605504587156,0.9166666666666666,0.9617224880382775,0.9519230769230769,0.95260663507109,0.9684684684684685,0.9715639810426541,0.9807692307692307,0.9833333333333333,0.9799196787148594,0.9950980392156863,0.9902912621359223,1.0,1.0,1.0
1.0,1.0,1.0,0.9912280701754386,0.9864253393665159,0.987012987012987,0.9875,0.9650655021834061,0.9525862068965517,0.9641255605381166,0.9543568464730291,0.957345971563981,0.9451476793248945,0.9540816326530612,0.920704845814978,0.9095022624434389,0.8765432098765432,0.8768472906403941,0.9009433962264151,0.8858447488584474,0.8530805687203792,0.8931623931623932,0.8348214285714286,0.8592233009708737,0.8520408163265306,0.8709677419354839,0.8847926267281107,0.8382352941176471,0.8834080717488789,0.85,0.9020618556701031,0.8877551020408163,0.8805309734513275,0.9128630705394191,0.922077922077922,0.8928571428571429,0.8923766816143498,0.9014084507042254,0.9278350515463918,0.9372197309417041,0.9429824561403509,0.9866666666666667,0.9615384615384616,0.9764150943396226,0.9777777777777777,0.9823008849557522,0.9954954954954955,0.9950248756218906,0.9955357142857143,1.0,1.0,1.0,0.9908675799086758,0.9785407725321889,0.9873949579831933,0.9822222222222222,0.9690265486725663,0.9812206572769953,0.9655172413793104,0.9451476793248945,0.9383259911894273,0.9636363636363636,0.9473684210526315,0.9230769230769231,0.9112149532710281,0.8905472636815921,0.868421052631579,0.907563025210084,0.8731707317073171,0.8429752066115702,0.9004524886877828,0.8539823008849557,0.8846153846153846,0.8235294117647058,0.8862559241706162,0.896414342629482,0.8787878787878788,0.8768472906403941,0.9016393442622951,0.8767772511848341,0.9095022624434389,0.8956521739130435,0.8811881188118812,0.8669724770642202,0.8767123287671232,0.9227053140096618,0.9521531100478469,0.941908713692946,0.9223300970873787,0.961352657004831,0.9818181818181818,0.9392523364485982,0.9806763285024155,0.9778761061946902,0.9788135593220338,1.0,0.9955357142857143,1.0,1.0,1.0
1.0,1.0,0.9955555555555555,0.9954954954954955,0.9955947136563876,0.9911894273127754,0.9814814814814815,0.9559471365638766,0.9579439252336449,0.9528301886792453,0.9590163934426229,0.9579439252336449,0.9248826291079812,0.9405940594059405,0.9227272727272727,0.8803827751196173,0.8716577540106952,0.9251101321585903,0.9074074074074074,0.8372093023255814,0.8935185185185185,0.8705357142857143,0.8546255506607929,0.8846153846153846,0.8801652892561983,0.8727272727272727,0.8597285067873304,0.8918918918918919,0.7960199004975125,0.8443396226415094,0.8660714285714286,0.8808510638297873,0.8888888888888888,0.8893805309734514,0.8879310344827587,0.8904109589041096,0.9384615384615385,0.935064935064935,0.9447236180904522,0.9261083743842364,0.9570815450643777,0.9655172413793104,0.9722222222222222,0.9819004524886877,0.9866071428571429,0.9920634920634921,0.986784140969163,0.9953703703703703,1.0,1.0,1.0,1.0,1.0,0.9907834101382489,0.9699570815450643,0.9914163090128756,0.9864253393665159,0.9742489270386266,0.9491525423728814,0.9638009049773756,0.9826086956521739,0.9377777777777778,0.8967136150234741,0.8990825688073395,0.9090909090909091,0.9035087719298246,0.8693693693693694,0.8826530612244898,0.8625592417061612,0.8695652173913043,0.8590308370044053,0.8370044052863436,0.8599033816425121,0.8564814814814815,0.8450704225352113,0.8407079646017699,0.8209606986899564,0.8672199170124482,0.8392857142857143,0.8652173913043478,0.8925233644859814,0.8869565217391304,0.8755364806866953,0.9134199134199135,0.9017857142857143,0.8918918918918919,0.9162995594713657,0.8878504672897196,0.9507389162561576,0.951417004048583,0.952755905511811,0.9545454545454546,0.9907407407407407,0.9609756097560975,0.9861751152073732,0.995475113122172,0.990990990990991,1.0,1.0,1.0
1.0,0.9952830188679245,0.995475113122172,0.9908675799086758,0.9911111111111112,0.9799196787148594,0.973568281938326,0.9739130434782609,0.9493670886075949,0.9424778761061947,0.9585253456221198,0.926829268292683,0.9024390243902439,0.9090909090909091,0.9174311926605505,0.875,0.8617886178861789,0.8712871287128713,0.8348214285714286,0.8803418803418803,0.8408163265306122,0.8539823008849557,0.8354978354978355,0.8274111675126904,0.8672566371681416,0.8622222222222222,0.8181818181818182,0.8552631578947368,0.8342245989304813,0.8294930875576036,0.8325358851674641,0.8488888888888889,0.8917748917748918,0.8933333333333333,0.8980582524271845,0.8961038961038961,0.9348837209302325,0.9107981220657277,0.8991596638655462,0.9358974358974359,0.9631336405529954,0.9545454545454546,0.9774774774774775,0.9869565217391304,0.9905660377358491,0.9772727272727273,0.9911504424778761,1.0,1.0,1.0,1.0,1.0,0.9907407407407407,1.0,0.9823008849557522,0.9730941704035875,0.9653679653679653,0.9821428571428571,0.9446808510638298,0.9327354260089686,0.9605911330049262,0.9294605809128631,0.9473684210526315,0.9146919431279621,0.874439461883408,0.8820960698689956,0.865546218487395,0.8738317757009346,0.8295964125560538,0.8860759493670886,0.834061135371179,0.8049792531120332,0.8416666666666667,0.8155339805825242,0.8373205741626795,0.8602620087336245,0.8623853211009175,0.8369098712446352,0.803921568627451,0.8608695652173913,0.8623853211009175,0.8649789029535865,0.8227272727272728,0.9074074074074074,0.9209302325581395,0.8894230769230769,0.8914027149321267,0.9348837209302325,0.910377358490566,0.9517543859649122,0.9566929133858267,0.9692982456140351,0.9675925925925926,0.9747899159663865,0.9786324786324786,0.9903846153846154,0.9910313901345291,1.0,1.0,1.0
1.0,1.0,1.0,0.9875,0.9873949579831933,0.99,0.9868421052631579,0.9595141700404858,0.9652173913043478,0.9530516431924883,0.9138755980861244,0.92018779342723,0.9166666666666666,0.8852459016393442,0.871244635193133,0.8614718614718615,0.856,0.8536585365853658,0.8209606986899564,0.8739130434782608,0.8211009174311926,0.8262910798122066,0.9030612244897959,0.8721461187214612,0.8174603174603174,0.8304347826086956,0.8506787330316742,0.8105726872246696,0.8401826484018264,0.8514851485148515,0.8266666666666667,0.8493150684931506,0.8429752066115702,0.8755364806866953,0.8783783783783784,0.8934010152284264,0.8879310344827587,0.9022222222222223,0.9452054794520548,0.8939393939393939,0.9308755760368663,0.9515418502202643,0.9591836734693877,0.9869565217391304,0.9730941704035875,1.0,0.995475113122172,0.990521327014218,1.0,1.0,1.0,0.9951923076923077,0.9953703703703703,0.9910714285714286,0.98989898989899,0.96875,0.971830985915493,0.9592760180995475,0.9516908212560387,0.9363636363636364,0.9150943396226415,0.9215686274509803,0.9130434782608695,0.907563025210084,0.8701298701298701,0.8883720930232558,0.8793103448275862,0.8401826484018264,0.8298755186721992,0.8547717842323651,0.8264840182648402,0.8502415458937198,0.8457943925233645,0.8095238095238095,0.7817460317460317,0.8103448275862069,0.832579185520362,0.8526785714285714,0.84375,0.7752293577981652,0.819047619047619,0.8571428571428571,0.8443396226415094,0.8511627906976744,0.8760330578512396,0.9102040816326531,0.890625,0.9356223175965666,0.96,0.933920704845815,0.9650655021834061,0.9769585253456221,0.9653679653679653,0.9567307692307693,0.9855769230769231,0.9862385321100917,0.995575221238938,0.9951690821256038,0.9959677419354839,1.0
1.0,1.0,0.9953703703703703,1.0,0.9864864864864865,0.9766355140186916,0.9665271966527197,0.974025974025974,0.9521739130434783,0.9547511312217195,0.9319148936170213,0.9170305676855895,0.8931623931623932,0.92,0.8928571428571429,0.9036697247706422,0.8423423423423423,0.8201754385964912,0.8571428571428571,0.8686440677966102,0.8144796380090498,0.8513513513513513,0.8264840182648402,0.7757009345794392,0.8130434782608695,0.8131313131313131,0.8215962441314554,0.8627450980392157,0.8478260869565217,0.7757009345794392,0.8229665071770335,0.8164251207729468,0.8366533864541833,0.8789237668161435,0.8805309734513275,0.9090909090909091,0.895397489539749,0.8938053097345132,0.8963963963963963,0.9423076923076923,0.966824644549763,0.9495412844036697,0.9707317073170731,0.9506726457399103,0.9696969696969697,1.0,0.9903846153846154,0.9959016393442623,1.0,1.0,0.9952153110047847,1.0,1.0,0.991304347826087,0.9954545454545455,0.9678899082568807,0.9672131147540983,0.9672131147540983,0.9375,0.935064935064935,0.8916666666666667,0.914572864321608,0.9162995594713657,0.8744588744588745,0.8640776699029126,0.921161825726141,0.8487394957983193,0.8504672897196262,0.8672566371681416,0.8755760368663594,0.8198198198198198,0.8701298701298701,0.8220338983050848,0.8053097345132744,0.8372093023255814,0.7370689655172413,0.7488584474885844,0.8026315789473685,0.8260869565217391,0.8103448275862069,0.8326359832635983,0.8450704225352113,0.8471615720524017,0.8679245283018868,0.8186046511627907,0.861904761904762,0.9234449760765551,0.9066666666666666,0.9183673469387755,0.9295154185022027,0.9537815126050421,0.9766355140186916,0.9716981132075472,0.9675925925925926,0.9822222222222222,0.9874476987447699,1.0,0.9958847736625515,0.9956140350877193,1.0
1.0,1.0,1.0,0.9813953488372092,0.9868421052631579,0.9773755656108597,0.9761904761904762,0.9641255605381166,0.9581589958158996,0.9683257918552036,0.9035532994923858,0.9395161290322581,0.9027777777777778,0.8818181818181818,0.861244019138756,0.8978723404255319,0.868995633187773,0.8921161825726142,0.8544600938967136,0.8820960698689956,0.8333333333333334,0.8111587982832618,0.8247863247863247,0.813953488372093,0.7896995708154506,0.7658536585365854,0.809322033898305,0.8237885462555066,0.7754237288135594,0.812807881773399,0.8038277511961722,0.8356164383561644,0.8355555555555556,0.8812785388127854,0.8847926267281107,0.8713692946058091,0.8931623931623932,0.9372197309417041,0.8977777777777778,0.9292035398230089,0.9377777777777778,0.9466666666666667,0.9560975609756097,0.9311926605504587,0.9790794979079498,0.9859154929577465,0.991701244813278,1.0,1.0,1.0,1.0,1.0,0.9947643979057592,0.9908675799086758,0.9811320754716981,0.9954954954954955,0.968609865470852,0.9593908629441624,0.9389671361502347,0.9605263157894737,0.9230769230769231,0.9012875536480687,0.8995215311004785,0.8769230769230769,0.8782608695652174,0.852589641434263,0.8309178743961353,0.8080808080808081,0.7844036697247706,0.8447488584474886,0.8186046511627907,0.7892376681614349,0.7593360995850622,0.7824074074074074,0.7824074074074074,0.8212765957446808,0.7702702702702703,0.7639484978540773,0.7907949790794979,0.8371040723981901,0.8185654008438819,0.7892376681614349,0.8,0.8307692307692308,0.8458149779735683,0.8482142857142857,0.8918918918918919,0.9099099099099099,0.9345794392523364,0.941747572815534,0.9398148148148148,0.9551569506726457,0.9511111111111111,0.9913419913419913,0.9747899159663865,0.9809523809523809,1.0,0.9953917050691244,1.0,1.0
1.0,1.0,0.9954128440366973,0.9910714285714286,0.9663461538461539,0.9710743801652892,0.991304347826087,0.9575471698113207,0.9617021276595744,0.9363636363636364,0.9390243902439024,0.8846153846153846,0.9074074074074074,0.8927038626609443,0.902127659574468,0.8325991189427313,0.8403755868544601,0.8444444444444444,0.8141592920353983,0.7692307692307693,0.7433628318584071,0.8425531914893617,0.7872340425531915,0.794392523364486,0.7219730941704036,0.8133971291866029,0.7622950819672131,0.7831858407079646,0.7450980392156863,0.8113207547169812,0.7866666666666666,0.795,0.8333333333333334,0.84,0.8385650224215246,0.8628318584070797,0.8291457286432161,0.9186602870813397,0.899581589958159,0.9347826086956522,0.9262672811059908,0.9247787610619469,0.9642857142857143,0.9680365296803652,0.986784140969163,0.9836734693877551,0.9823008849557522,0.9790794979079498,0.9956709956709957,1.0,1.0,1.0,1.0,0.99581589958159,0.9791666666666666,0.9707112970711297,0.9833333333333333,0.9478672985781991,0.9517543859649122,0.9182692307692307,0.8899082568807339,0.91324200913242,0.8973214285714286,0.8699551569506726,0.8154506437768241,0.8428571428571429,0.8398268398268398,0.7916666666666666,0.8306878306878307,0.8097165991902834,0.7890295358649789,0.7813953488372093,0.7783018867924528,0.8009259259259259,0.7429718875502008,0.8226600985221675,0.7772020725388601,0.7946428571428571,0.7931034482758621,0.8086124401913876,0.8371040723981901,0.8571428571428571,0.8888888888888888,0.8292682926829268,0.8644859813084113,0.8540772532188842,0.8658008658008658,0.8926829268292683,0.9055793991416309,0.9162995594713657,0.9295774647887324,0.9594594594594594,0.9593908629441624,0.9752475247524752,0.9954337899543378,0.9690265486725663,0.9907834101382489,1.0,1.0,1.0
1.0,1.0,1.0,0.9852941176470589,0.9962406015037594,0.981042654028436,0.9819004524886877,0.9475982532751092,0.9403669724770642,0.9383886255924171,0.9212962962962963,0.9012875536480687,0.8761467889908257,0.8616071428571429,0.8447488584474886,0.8591549295774648,0.8036529680365296,0.8376068376068376,0.7896995708154506,0.8173076923076923,0.7434782608695653,0.7418032786885246,0.7653631284916201,0.782051282051282,0.7444933920704846,0.7431192660550459,0.7741935483870968,0.7674418604651163,0.8119266055045872,0.7641509433962265,0.8090909090909091,0.728448275862069,0.7788944723618091,0.8333333333333334,0.8099547511312217,0.8577586206896551,0.8546255506607929,0.9136363636363637,0.8701923076923077,0.919831223628692,0.9103139013452914,0.9234449760765551,0.956140350877193,0.9612068965517241,0.9778761061946902,0.9818181818181818,0.9951690821256038,1.0,1.0,1.0,1.0,0.9953488372093023,1.0,1.0,0.9814814814814815,0.9663865546218487,0.979381443298969,0.9590909090909091,0.9,0.9082125603864735,0.905829596412556,0.9278846153846154,0.8669724770642202,0.8697674418604651,0.8626609442060086,0.8488888888888889,0.8207547169811321,0.8284313725490197,0.7723577235772358,0.8078602620087336,0.8071065989847716,0.7740585774058577,0.7584745762711864,0.7511520737327189,0.7489361702127659,0.7288888888888889,0.7407407407407407,0.7433628318584071,0.774468085106383,0.7652173913043478,0.821256038647343,0.8044444444444444,0.8296943231441049,0.8262910798122066,0.8739130434782608,0.8151658767772512,0.8558951965065502,0.8894472361809045,0.8994974874371859,0.9137931034482759,0.8995215311004785,0.937799043062201,0.9626168224299065,0.9690265486725663,0.9797979797979798,0.9952380952380953,0.990909090909091,0.9911111111111112,1.0,1.0
1.0,0.9953917050691244,1.0,0.982532751091703,0.9861751152073732,0.9772727272727273,0.96,0.9695431472081218,0.9464285714285714,0.9151785714285714,0.9174311926605505,0.8744186046511628,0.8432203389830508,0.8858447488584474,0.8316831683168316,0.8663594470046083,0.7916666666666666,0.8101851851851852,0.7709251101321586,0.8025210084033614,0.7586206896551724,0.7461139896373057,0.7543859649122807,0.7345132743362832,0.7688679245283019,0.7288135593220338,0.8,0.7701612903225806,0.7663551401869159,0.7453703703703703,0.7418032786885246,0.808695652173913,0.8235294117647058,0.8302752293577982,0.7981651376146789,0.8362068965517241,0.8552036199095022,0.8232558139534883,0.8846153846153846,0.9150943396226415,0.9099099099099099,0.9247787610619469,0.9295774647887324,0.9538461538461539,0.963302752293578,0.9951219512195122,0.9904761904761905,0.995260663507109,1.0,1.0,1.0,1.0,0.990909090909091,0.979381443298969,0.987603305785124,0.9809523809523809,0.9734513274336283,0.9628099173553719,0.9357798165137615,0.9149797570850202,0.888,0.8605769230769231,0.8636363636363636,0.8928571428571429,0.8648648648648649,0.8571428571428571,0.8595744680851064,0.8162393162393162,0.8026905829596412,0.8142857142857143,0.7543859649122807,0.7207207207207207,0.7512437810945274,0.7603686635944701,0.7090163934426229,0.7788461538461539,0.7676348547717843,0.7632850241545893,0.7772511848341233,0.7511111111111111,0.8110599078341014,0.7918552036199095,0.7883817427385892,0.8349056603773585,0.8405172413793104,0.8539823008849557,0.8909090909090909,0.880184331797235,0.8823529411764706,0.905982905982906,0.9304347826086956,0.9267241379310345,0.9529914529914529,0.9629629629629629,0.9675925925925926,0.9865470852017937,0.9911894273127754,0.98989898989899,1.0,1.0
1.0,0.9909502262443439,0.995575221238938,0.9908256880733946,0.9861111111111112,0.9955555555555555,0.9768518518518519,0.9717741935483871,0.9192825112107623,0.9186602870813397,0.8925233644859814,0.9128440366972477,0.9205020920502092,0.8503937007874016,0.8371040723981901,0.8403755868544601,0.7974683544303798,0.8614718614718615,0.7523364485981309,0.7433962264150943,0.7192982456140351,0.7990196078431373,0.7435897435897436,0.7168949771689498,0.7553648068669528,0.7684729064039408,0.7101449275362319,0.7072072072072072,0.740909090909091,0.7302325581395349,0.740909090909091,0.757847533632287,0.783410138248848,0.810126582278481,0.8433179723502304,0.8325358851674641,0.8577777777777778,0.8792270531400966,0.8644859813084113,0.9003831417624522,0.9317073170731708,0.9444444444444444,0.9512195121951219,0.9612068965517241,0.9674418604651163,0.9495798319327731,0.9861111111111112,0.9908675799086758,1.0,1.0,0.9951690821256038,1.0,0.9912663755458515,0.9917695473251029,0.9785407725321889,0.9823008849557522,0.9601990049751243,0.9694323144104804,0.9417040358744395,0.8973214285714286,0.8949771689497716,0.8457943925233645,0.8796680497925311,0.8739130434782608,0.8027522935779816,0.7972972972972973,0.759656652360515,0.7705627705627706,0.7565217391304347,0.7635467980295566,0.7247706422018348,0.7116279069767442,0.7112299465240641,0.7579908675799086,0.7586206896551724,0.7272727272727273,0.7607655502392344,0.7665198237885462,0.7557603686635944,0.7702702702702703,0.7884615384615384,0.8009478672985783,0.7813953488372093,0.8497652582159625,0.8302752293577982,0.8292682926829268,0.8142857142857143,0.8421052631578947,0.8807339449541285,0.8977777777777778,0.925,0.9305555555555556,0.95,0.9627906976744186,0.9590909090909091,0.9631336405529954,0.9956331877729258,0.995,1.0,1.0
1.0,1.0,1.0,0.9907834101382489,1.0,0.9723502304147466,0.9666666666666667,0.9324894514767933,0.9369369369369369,0.9272727272727272,0.8944723618090452,0.8838174273858921,0.8425925925925926,0.8105726872246696,0.8311688311688312,0.7822222222222223,0.7658536585365854,0.780952380952381,0.7743589743589744,0.7149122807017544,0.7272727272727273,0.7627906976744186,0.6844444444444444,0.7725118483412322,0.6942148760330579,0.6830357142857143,0.7025641025641025,0.6666666666666666,0.6761904761904762,0.7076923076923077,0.728110599078341,0.751131221719457,0.8038277511961722,0.8364485981308412,0.8113207547169812,0.7984189723320159,0.812206572769953,0.8672566371681416,0.8863636363636364,0.8721461187214612,0.8918918918918919,0.9033613445378151,0.9324324324324325,0.9585062240663901,0.9624413145539906,0.9594594594594594,0.986784140969163,0.9953271028037384,0.9909502262443439,1.0,1.0,1.0,0.9907834101382489,0.9868421052631579,0.9727272727272728,0.98,0.934156378600823,0.9285714285714286,0.9402985074626866,0.9215686274509803,0.8666666666666667,0.8448979591836735,0.8584070796460177,0.8509615384615384,0.7933884297520661,0.8383838383838383,0.7543103448275862,0.8035714285714286,0.7560975609756098,0.7389380530973452,0.7242990654205608,0.7264957264957265,0.7711442786069652,0.7639484978540773,0.6926229508196722,0.6905829596412556,0.7226890756302521,0.7336448598130841,0.7629310344827587,0.7522935779816514,0.7309417040358744,0.7545454545454545,0.7536945812807881,0.868421052631579,0.7914893617021277,0.8405797101449275,0.8141592920353983,0.8571428571428571,0.8916666666666667,0.8879668049792531,0.896551724137931,0.9222797927461139,0.9405940594059405,0.9813953488372092,0.9757281553398058,0.9871244635193133,1.0,0.9953917050691244,1.0,1.0
1.0,1.0,1.0,0.9951690821256038,0.9504504504504504,0.9699570815450643,0.95260663507109,0.9646017699115044,0.9107142857142857,0.9234234234234234,0.8734177215189873,0.8432203389830508,0.8803827751196173,0.793859649122807,0.8082191780821918,0.815668202764977,0.8070175438596491,0.7511961722488039,0.7544642857142857,0.7051282051282052,0.7327188940092166,0.7651821862348178,0.6766169154228856,0.6968325791855203,0.6952789699570815,0.7123893805309734,0.6964285714285714,0.7201834862385321,0.6626016260162602,0.7368421052631579,0.7608695652173914,0.7056451612903226,0.7563025210084033,0.7955555555555556,0.7926267281105991,0.852017937219731,0.8382352941176471,0.8685446009389671,0.8521739130434782,0.9061224489795918,0.88,0.9363636363636364,0.9227467811158798,0.9361702127659575,0.9764150943396226,0.9785407725321889,0.96875,0.9913419913419913,1.0,1.0,1.0,0.9910313901345291,0.9905660377358491,0.9954337899543378,0.9813953488372092,0.9714285714285714,0.9568965517241379,0.9282296650717703,0.912621359223301,0.8917748917748918,0.8847736625514403,0.8537735849056604,0.8391304347826087,0.8333333333333334,0.8537735849056604,0.7794871794871795,0.7546296296296297,0.7285067873303167,0.7562189054726368,0.7330316742081447,0.7056277056277056,0.6680672268907563,0.6680497925311203,0.6896551724137931,0.6683673469387755,0.74235807860262,0.69377990430622,0.6952789699570815,0.6872037914691943,0.7387387387387387,0.7106382978723405,0.7342995169082126,0.7788461538461539,0.771689497716895,0.8181818181818182,0.8053097345132744,0.8715596330275229,0.8533333333333334,0.8828828828828829,0.9108910891089109,0.8866396761133604,0.9385964912280702,0.9694323144104804,0.987012987012987,0.9836734693877551,0.9726027397260274,0.984313725490196,1.0,0.9951690821256038,1.0
1.0,0.9861111111111112,0.9956709956709957,0.9953917050691244,0.985,0.9433962264150944,0.9620853080568721,0.9411764705882353,0.8982300884955752,0.8915094339622641,0.8440366972477065,0.8546255506607929,0.863849765258216,0.8772727272727273,0.8292682926829268,0.8248847926267281,0.7616822429906542,0.740909090909091,0.8,0.6919431279620853,0.7583333333333333,0.7231404958677686,0.7028301886792453,0.6923076923076923,0.6877637130801688,0.6530612244897959,0.6133333333333333,0.6445497630331753,0.7061611374407583,0.6866359447004609,0.6885964912280702,0.7142857142857143,0.7963800904977375,0.7596153846153846,0.7557603686635944,0.8185840707964602,0.784688995215311,0.8597285067873304,0.851063829787234,0.8888888888888888,0.925764192139738,0.9414414414414415,0.9310344827586207,0.9494949494949495,0.9656652360515021,0.9809523809523809,0.9814814814814815,0.9950980392156863,0.9956896551724138,1.0,1.0,1.0,0.9955357142857143,0.9912663755458515,0.9791666666666666,0.9854368932038835,0.9475982532751092,0.9365853658536586,0.9196428571428571,0.8628318584070797,0.8724279835390947,0.8834080717488789,0.8451327433628318,0.813953488372093,0.8258928571428571,0.8222222222222222,0.7030567685589519,0.7391304347826086,0.7617021276595745,0.7172995780590717,0.7053941908713693,0.6517857142857143,0.6995073891625616,0.6839622641509434,0.6558139534883721,0.6790697674418604,0.7083333333333334,0.6962025316455697,0.6846846846846847,0.7533039647577092,0.6814159292035398,0.6778242677824268,0.7318181818181818,0.7522123893805309,0.8,0.7878787878787878,0.8341013824884793,0.8774509803921569,0.8783783783783784,0.8627450980392157,0.9213973799126638,0.9545454545454546,0.9347826086956522,0.9777777777777777,0.9781659388646288,0.9808612440191388,0.9904306220095693,1.0,1.0,1.0
1.0,1.0,0.9957446808510638,0.9815668202764977,0.9911111111111112,0.9722222222222222,0.9234042553191489,0.9130434782608695,0.9251101321585903,0.9090909090909091,0.8728070175438597,0.8842975206611571,0.8341708542713567,0.7954545454545454,0.7815126050420168,0.7963800904977375,0.7711442786069652,0.726027397260274,0.7148760330578512,0.7068965517241379,0.6712962962962963,0.7241379310344828,0.6582278481012658,0.6944444444444444,0.6818181818181818,0.6712328767123288,0.6896551724137931,0.6697674418604651,0.6754385964912281,0.6244725738396625,0.683982683982684,0.7255813953488373,0.7117117117117117,0.6846846846846847,0.7709251101321586,0.835,0.8130841121495327,0.8333333333333334,0.9014778325123153,0.8392857142857143,0.8836206896551724,0.9049773755656109,0.9359605911330049,0.9365853658536586,0.9779735682819384,0.9765258215962441,0.9906542056074766,0.9777777777777777,1.0,1.0,1.0,1.0,0.990521327014218,0.9808612440191388,0.9720930232558139,0.952,0.9530516431924883,0.9380952380952381,0.8973214285714286,0.8738738738738738,0.9098360655737705,0.8663594470046083,0.864321608040201,0.8055555555555556,0.7847533632286996,0.7662337662337663,0.7410714285714286,0.7746478873239436,0.6736401673640168,0.7123893805309734,0.6425339366515838,0.6680851063829787,0.7318181818181818,0.6355140186915887,0.6696428571428571,0.6912442396313364,0.6666666666666666,0.6351351351351351,0.6606334841628959,0.630901287553648,0.6947791164658634,0.7692307692307693,0.7394957983193278,0.7777777777777778,0.7894736842105263,0.8060344827586207,0.7965367965367965,0.8105726872246696,0.8625592417061612,0.9184549356223176,0.9246861924686193,0.8858447488584474,0.9069767441860465,0.9279661016949152,0.9855072463768116,0.9807692307692307,1.0,1.0,1.0,1.0
1.0,1.0,0.9951923076923077,0.9864253393665159,0.9912663755458515,0.9795918367346939,0.9557522123893806,0.9285714285714286,0.920704845814978,0.920704845814978,0.8648648648648649,0.8957345971563981,0.8090909090909091,0.8065843621399177,0.7850877192982456,0.7560975609756098,0.7511520737327189,0.726457399103139,0.6794258373205742,0.7244444444444444,0.6880733944954128,0.6607929515418502,0.7161016949152542,0.6790697674418604,0.6730769230769231,0.7091836734693877,0.6649484536082474,0.6681614349775785,0.6682027649769585,0.6712962962962963,0.7142857142857143,0.6973684210526315,0.7272727272727273,0.7641509433962265,0.7793427230046949,0.8585365853658536,0.7894736842105263,0.8064516129032258,0.8495145631067961,0.8660714285714286,0.9139344262295082,0.923469387755102,0.9377777777777778,0.9636363636363636,0.9523809523809523,0.9711538461538461,0.9747899159663865,0.9956521739130435,1.0,0.9957983193277311,1.0,1.0,0.9955555555555555,0.9820627802690582,0.9781659388646288,0.9827586206896551,0.9638009049773756,0.9246861924686193,0.8761061946902655,0.8491379310344828,0.8461538461538461,0.8480392156862745,0.8071065989847716,0.8491379310344828,0.7668161434977578,0.7293577981651376,0.7323232323232324,0.6966824644549763,0.6508620689655172,0.6839378238341969,0.6784140969162996,0.7123287671232876,0.7161572052401747,0.6147186147186147,0.6233766233766234,0.6272727272727273,0.6116504854368932,0.6533333333333333,0.6695652173913044,0.6891891891891891,0.7032520325203252,0.6767241379310345,0.7924528301886793,0.774468085106383,0.7942583732057417,0.7731481481481481,0.817351598173516,0.8396624472573839,0.8646288209606987,0.8947368421052632,0.9220183486238532,0.9244444444444444,0.9439252336448598,0.9483568075117371,0.9512195121951219,0.9953917050691244,0.9755102040816327,0.9949238578680203,0.9956896551724138,1.0
1.0,0.9957081545064378,0.9907834101382489,0.9913419913419913,0.9658119658119658,0.9852941176470589,0.9695652173913043,0.9302325581395349,0.9130434782608695,0.9220183486238532,0.8787878787878788,0.8418079096045198,0.8407079646017699,0.7974683544303798,0.7510917030567685,0.7533039647577092,0.6746411483253588,0.7244444444444444,0.6606334841628959,0.722488038277512,0.7345971563981043,0.645933014354067,0.6612903225806451,0.6811594202898551,0.6488888888888888,0.6088888888888889,0.6233766233766234,0.6808510638297872,0.6226415094339622,0.6681614349775785,0.7013574660633484,0.6431718061674009,0.7256637168141593,0.7342342342342343,0.7511737089201878,0.7668161434977578,0.8073394495412844,0.8340248962655602,0.8471615720524017,0.8847926267281107,0.8454935622317596,0.8847926267281107,0.9455445544554455,0.9624413145539906,0.9728260869565217,0.9581589958158996,0.9821428571428571,0.9874476987447699,1.0,1.0,0.9955156950672646,0.9861751152073732,0.9955947136563876,0.9909502262443439,0.9683257918552036,0.9545454545454546,0.9262672811059908,0.9047619047619048,0.9090909090909091,0.8918918918918919,0.839622641509434,0.868995633187773,0.8428571428571429,0.7638190954773869,0.7699115044247787,0.7040816326530612,0.6986301369863014,0.6886792452830188,0.6721991701244814,0.7417840375586855,0.6696428571428571,0.6605504587155964,0.578125,0.600896860986547,0.6447368421052632,0.6621004566210046,0.6190476190476191,0.6944444444444444,0.6313559322033898,0.6666666666666666,0.7004405286343612,0.7149532710280374,0.7314814814814815,0.711864406779661,0.7918552036199095,0.7058823529411765,0.8423423423423423,0.8619246861924686,0.8636363636363636,0.9022222222222223,0.875,0.9114583333333334,0.9465020576131687,0.943127962085308,0.9714285714285714,0.9781659388646288,1.0,1.0,1.0,1.0
1.0,1.0,1.0,0.9957081545064378,0.9798994974874372,0.963302752293578,0.9629629629629629,0.9162790697674419,0.8947368421052632,0.9420289855072463,0.8909090909090909,0.8290598290598291,0.7922705314009661,0.788135593220339,0.8268398268398268,0.8008849557522124,0.7235772357723578,0.7178217821782178,0.7203791469194313,0.7044334975369458,0.7040358744394619,0.6437246963562753,0.592274678111588,0.6192660550458715,0.6337448559670782,0.6468085106382979,0.6307053941908713,0.6740088105726872,0.6438356164383562,0.6448598130841121,0.6637168141592921,0.6413502109704642,0.7075471698113207,0.6865671641791045,0.7607655502392344,0.7312775330396476,0.7816593886462883,0.8125,0.8357487922705314,0.8636363636363636,0.8657407407407407,0.9282051282051282,0.9426229508196722,0.9289340101522843,0.9320388349514563,0.9723502304147466,0.9947368421052631,0.9904306220095693,1.0,1.0,1.0,1.0,0.9829059829059829,0.982532751091703,0.971830985915493,0.9560975609756097,0.9339622641509434,0.9534883720930233,0.8803827751196173,0.8289473684210527,0.8706896551724138,0.8408163265306122,0.7625,0.7455357142857143,0.7095238095238096,0.7534246575342466,0.7030567685589519,0.7433628318584071,0.6515837104072398,0.6697674418604651,0.6244343891402715,0.676595744680851,0.6150442477876106,0.6521739130434783,0.6244131455399061,0.6296296296296297,0.5952380952380952,0.6635071090047393,0.6008771929824561,0.6515837104072398,0.6710526315789473,0.6635514018691588,0.7067307692307693,0.7031963470319634,0.7355769230769231,0.7542372881355932,0.8,0.7969543147208121,0.8783783783783784,0.8611111111111112,0.9030837004405287,0.8728070175438597,0.9065420560747663,0.9536082474226805,0.9778761061946902,0.9743589743589743,0.986046511627907,0.990990990990991,1.0,1.0
1.0,1.0,1.0,0.9865470852017937,0.9787234042553191,0.9617224880382775,0.9386792452830188,0.8805970149253731,0.8772727272727273,0.8727272727272727,0.8851063829787233,0.8743718592964824,0.7934272300469484,0.7838983050847458,0.7792792792792793,0.7130434782608696,0.7004405286343612,0.6866359447004609,0.6608695652173913,0.6829268292682927,0.6699029126213593,0.6422018348623854,0.625,0.6079295154185022,0.5721153846153846,0.5922330097087378,0.6291079812206573,0.6359649122807017,0.689795918367347,0.6507936507936508,0.673728813559322,0.6209677419354839,0.670995670995671,0.6653225806451613,0.7641921397379913,0.7641509433962265,0.7894736842105263,0.8083333333333333,0.8071065989847716,0.8186046511627907,0.8903508771929824,0.8590909090909091,0.9074074074074074,0.9112149532710281,0.9528301886792453,0.9629629629629629,0.9811320754716981,0.9769585253456221,0.9956896551724138,1.0,1.0,0.9959016393442623,0.9903381642512077,0.9745762711864406,0.9659574468085106,0.9567307692307693,0.9534883720930233,0.8961038961038961,0.8847926267281107,0.8685446009389671,0.8609865470852018,0.8166666666666667,0.8186046511627907,0.7763157894736842,0.7363636363636363,0.7967479674796748,0.7280701754385965,0.6978723404255319,0.6545454545454545,0.6502463054187192,0.5951219512195122,0.6794258373205742,0.5528846153846154,0.6445497630331753,0.6018957345971564,0.592436974789916,0.6072874493927125,0.6412556053811659,0.6355140186915887,0.6061946902654868,0.6601941747572816,0.6606334841628959,0.7869565217391304,0.6954314720812182,0.7093596059113301,0.7419354838709677,0.8159203980099502,0.8209606986899564,0.8518518518518519,0.8680851063829788,0.8795180722891566,0.9052631578947369,0.9419642857142857,0.9203539823008849,0.9594594594594594,0.9819004524886877,0.9826086956521739,0.9920318725099602,0.995475113122172,1.0
1.0,1.0,0.9956140350877193,0.9868421052631579,0.9777777777777777,0.9514563106796117,0.9264705882352942,0.9103139013452914,0.8833333333333333,0.8870292887029289,0.910377358490566,0.8161434977578476,0.7837837837837838,0.7272727272727273,0.7695652173913043,0.7102803738317757,0.7511520737327189,0.6574074074074074,0.6285714285714286,0.6030150753768844,0.6329113924050633,0.574468085106383,0.5738396624472574,0.6071428571428571,0.5833333333333334,0.5991189427312775,0.6071428571428571,0.6175115207373272,0.6415094339622641,0.6774193548387096,0.6753246753246753,0.591743119266055,0.705607476635514,0.7107843137254902,0.7477064220183486,0.7568807339449541,0.7796610169491526,0.792,0.8185654008438819,0.831858407079646,0.8761904761904762,0.8926829268292683,0.941747572815534,0.9464285714285714,0.9406392694063926,0.9728506787330317,0.9950980392156863,1.0,1.0,1.0,1.0,0.9957264957264957,0.9865470852017937,0.9787234042553191,0.957345971563981,0.9375,0.9013452914798207,0.9439252336448598,0.8894736842105263,0.8591549295774648,0.8008849557522124,0.7954545454545454,0.8,0.7112970711297071,0.7627906976744186,0.75,0.6846846846846847,0.6818181818181818,0.6625,0.6919431279620853,0.6190476190476191,0.6262135922330098,0.6133333333333333,0.5789473684210527,0.625,0.5446428571428571,0.625,0.6118721461187214,0.680327868852459,0.57847533632287,0.6370967741935484,0.6681818181818182,0.6601941747572816,0.6714285714285714,0.7489177489177489,0.7509881422924901,0.7446808510638298,0.8416289592760181,0.8207547169811321,0.8701923076923077,0.9181034482758621,0.9035087719298246,0.9066666666666666,0.9547738693467337,0.9772727272727273,0.9864864864864865,1.0,0.9956896551724138,1.0,1.0
1.0,0.990990990990991,0.9874476987447699,0.981042654028436,0.9826839826839827,0.9646464646464646,0.9622641509433962,0.9399141630901288,0.8914027149321267,0.8695652173913043,0.8658536585365854,0.7887931034482759,0.8068669527896996,0.7627906976744186,0.7399103139013453,0.7310924369747899,0.728448275862069,0.6324786324786325,0.6308411214953271,0.5720524017467249,0.5983263598326359,0.5681818181818182,0.5779816513761468,0.6036866359447005,0.5990783410138248,0.540084388185654,0.5622119815668203,0.5841584158415841,0.6639344262295082,0.6097560975609756,0.6448979591836734,0.6859504132231405,0.6774193548387096,0.6828193832599119,0.7017543859649122,0.7685185185185185,0.7314814814814815,0.755868544600939,0.8214285714285714,0.8095238095238095,0.897196261682243,0.871244635193133,0.9113300492610837,0.9320388349514563,0.9527896995708155,0.9631336405529954,0.9905660377358491,0.9953271028037384,1.0,1.0,1.0,0.9957627118644068,0.9821428571428571,0.9759615384615384,0.9681818181818181,0.9466019417475728,0.918552036199095,0.9083665338645418,0.8791208791208791,0.8486238532110092,0.8393574297188755,0.7958333333333333,0.8158995815899581,0.7149122807017544,0.7307692307692307,0.7183098591549296,0.7488789237668162,0.6622807017543859,0.6306306306306306,0.6076555023923444,0.6201923076923077,0.5777777777777777,0.589622641509434,0.6394230769230769,0.5327102803738317,0.5373134328358209,0.5336322869955157,0.5605381165919282,0.6409090909090909,0.6294820717131474,0.6473214285714286,0.717948717948718,0.6818181818181818,0.7013574660633484,0.705607476635514,0.75,0.795,0.8370044052863436,0.8271604938271605,0.8509615384615384,0.8706896551724138,0.9186602870813397,0.8986175115207373,0.9471153846153846,0.94,0.9753086419753086,0.9695652173913043,1.0,0.98989898989899,1.0
1.0,1.0,0.9955947136563876,0.9732142857142857,0.963265306122449,0.9605911330049262,0.9343434343434344,0.8701923076923077,0.8909090909090909,0.8810572687224669,0.8380952380952381,0.826271186440678,0.8045454545454546,0.75,0.7206477732793523,0.7612612612612613,0.7075098814229249,0.6755555555555556,0.6651376146788991,0.6709401709401709,0.6652173913043479,0.6311111111111111,0.515695067264574,0.5046296296296297,0.5767634854771784,0.5333333333333333,0.5660377358490566,0.5941422594142259,0.5907172995780591,0.6190476190476191,0.6777251184834123,0.6491228070175439,0.6666666666666666,0.7012987012987013,0.7351598173515982,0.7393364928909952,0.7336448598130841,0.7787610619469026,0.8227848101265823,0.8851063829787233,0.8365384615384616,0.8938053097345132,0.9333333333333333,0.935064935064935,0.9515418502202643,0.978448275862069,0.9775784753363229,0.9952830188679245,1.0,1.0,1.0,1.0,0.9957446808510638,0.9866071428571429,0.9791666666666666,0.9493087557603687,0.9353448275862069,0.8565400843881856,0.8951965065502183,0.8842592592592593,0.8362831858407079,0.8281938325991189,0.7818930041152263,0.7297297297297297,0.7222222222222222,0.6546184738955824,0.669683257918552,0.6940639269406392,0.705,0.5276595744680851,0.5642201834862385,0.6197183098591549,0.5661157024793388,0.5308641975308642,0.543778801843318,0.6081632653061224,0.5023041474654378,0.6306306306306306,0.5889830508474576,0.6371308016877637,0.6308411214953271,0.6413502109704642,0.6088888888888889,0.7345971563981043,0.6699029126213593,0.7476635514018691,0.7792792792792793,0.8446601941747572,0.821917808219178,0.8141592920353983,0.8778280542986425,0.9112149532710281,0.9307359307359307,0.9495412844036697,0.9273504273504274,0.9617021276595744,0.9859154929577465,0.9909502262443439,0.9956140350877193,1.0
1.0,1.0,1.0,0.967479674796748,0.973568281938326,0.9722222222222222,0.9482758620689655,0.9027777777777778,0.8432203389830508,0.8536585365853658,0.8932038834951457,0.8433179723502304,0.7668161434977578,0.7536231884057971,0.7397260273972602,0.7685185185185185,0.6894736842105263,0.6712962962962963,0.6441441441441441,0.6150234741784038,0.6465116279069767,0.586046511627907,0.5958333333333333,0.5307017543859649,0.584070796460177,0.5871559633027523,0.6027397260273972,0.614406779661017,0.5739130434782609,0.536036036036036,0.5526315789473685,0.6228070175438597,0.6651982378854625,0.7167381974248928,0.6728110599078341,0.6942148760330579,0.7277227722772277,0.75,0.8151658767772512,0.782608695652174,0.822429906542056,0.8592233009708737,0.910377358490566,0.944954128440367,0.9591836734693877,0.9691629955947136,0.9712918660287081,0.9839357429718876,0.9953488372093023,1.0,1.0,0.9906542056074766,0.978448275862069,0.9801980198019802,0.9661016949152542,0.9339622641509434,0.9375,0.8712871287128713,0.8761061946902655,0.8663594470046083,0.84375,0.74235807860262,0.7674418604651163,0.7832512315270936,0.7757009345794392,0.704119850187266,0.7155555555555555,0.6431718061674009,0.6289592760180995,0.5695652173913044,0.5869565217391305,0.5530973451327433,0.5581395348837209,0.5398230088495575,0.5875,0.5370370370370371,0.6018099547511312,0.5658536585365853,0.5614035087719298,0.6304347826086957,0.5555555555555556,0.6181818181818182,0.658008658008658,0.6618357487922706,0.7096774193548387,0.7832512315270936,0.7619047619047619,0.8245614035087719,0.8214285714285714,0.8365384615384616,0.8450704225352113,0.8771186440677966,0.9478672985781991,0.961038961038961,0.9490740740740741,0.9745762711864406,0.9859154929577465,1.0,0.9953703703703703,1.0
1.0,1.0,0.9820627802690582,0.9760765550239234,0.9755102040816327,0.9769585253456221,0.9375,0.919047619047619,0.9237668161434978,0.8376068376068376,0.874439461883408,0.7991266375545851,0.7521008403361344,0.728110599078341,0.7661691542288557,0.6626506024096386,0.7,0.6123348017621145,0.5877192982456141,0.657258064516129,0.5706806282722513,0.5454545454545454,0.521551724137931,0.5560538116591929,0.5194174757281553,0.5045871559633027,0.5367965367965368,0.5502183406113537,0.51931330472103,0.6017699115044248,0.5854700854700855,0.6228813559322034,0.6140350877192983,0.6322869955156951,0.7117117117117117,0.7102803738317757,0.7155172413793104,0.7990430622009569,0.8312236286919831,0.8433179723502304,0.8914027149321267,0.8382352941176471,0.9074074074074074,0.9319371727748691,0.9560975609756097,0.9628099173553719,0.9676113360323887,0.9861111111111112,0.9959016393442623,1.0,1.0,0.9947643979057592,0.9953917050691244,0.9828326180257511,0.9734513274336283,0.9385964912280702,0.9288888888888889,0.9162995594713657,0.8734693877551021,0.821917808219178,0.8326693227091634,0.8355555555555556,0.7788944723618091,0.7318181818181818,0.7136929460580913,0.6893617021276596,0.6890756302521008,0.6589861751152074,0.628140703517588,0.6619047619047619,0.5194805194805194,0.5857740585774058,0.547945205479452,0.5645933014354066,0.5797101449275363,0.548936170212766,0.5648148148148148,0.6074380165289256,0.6007905138339921,0.5990783410138248,0.6451612903225806,0.6785714285714286,0.6398104265402843,0.6142857142857143,0.6824644549763034,0.728110599078341,0.7702702702702703,0.7955555555555556,0.8095238095238095,0.8963963963963963,0.8608695652173913,0.8870967741935484,0.8934010152284264,0.9398148148148148,0.9760765550239234,0.9744680851063829,0.9911894273127754,0.9956331877729258,1.0,1.0
1.0,1.0,0.9904761904761905,0.9744680851063829,0.9493087557603687,0.9557522123893806,0.9238095238095239,0.9272727272727272,0.8821138211382114,0.8991228070175439,0.8584070796460177,0.793859649122807,0.7581395348837209,0.7705627705627706,0.7285067873303167,0.7156862745098039,0.6620370370370371,0.6651982378854625,0.6558139534883721,0.6298076923076923,0.6127659574468085,0.5720524017467249,0.616822429906542,0.5241935483870968,0.5426008968609866,0.521551724137931,0.5752212389380531,0.5481171548117155,0.5589519650655022,0.6438356164383562,0.555,0.6167400881057269,0.6831275720164609,0.6650943396226415,0.7073170731707317,0.7280701754385965,0.6960352422907489,0.7607655502392344,0.8064516129032258,0.8553191489361702,0.8831168831168831,0.85,0.9310344827586207,0.9276595744680851,0.9463414634146341,0.98989898989899,0.9827586206896551,0.9831223628691983,1.0,1.0,0.9959183673469387,1.0,0.9714285714285714,0.9847715736040609,0.9591836734693877,0.9276595744680851,0.9441860465116279,0.9227272727272727,0.8940092165898618,0.8396624472573839,0.8170212765957446,0.774468085106383,0.7565217391304347,0.7336244541484717,0.7256637168141593,0.710204081632653,0.6422018348623854,0.6558139534883721,0.6622222222222223,0.6411483253588517,0.5458715596330275,0.5446808510638298,0.541501976284585,0.5887850467289719,0.5181347150259067,0.5375,0.5714285714285714,0.5213270142180095,0.5894736842105263,0.6,0.6,0.6206896551724138,0.6794258373205742,0.6576576576576577,0.6966824644549763,0.7079646017699115,0.7040358744394619,0.8133333333333334,0.8370044052863436,0.8134715025906736,0.8728813559322034,0.8922413793103449,0.9051724137931034,0.9339622641509434,0.9598214285714286,0.9791666666666666,0.9779735682819384,0.9955947136563876,1.0,1.0
1.0,1.0,0.9906103286384976,0.9747899159663865,0.9617021276595744,0.9590909090909091,0.9330357142857143,0.9136363636363637,0.9103139013452914,0.875,0.8099547511312217,0.8165938864628821,0.8028846153846154,0.7465437788018433,0.714975845410628,0.7041666666666667,0.7100840336134454,0.6639004149377593,0.5606694560669456,0.6036866359447005,0.5233644859813084,0.5898617511520737,0.5753424657534246,0.5377777777777778,0.5611814345991561,0.5925925925925926,0.49583333333333335,0.5130434782608696,0.5857142857142857,0.564,0.5497835497835498,0.6060606060606061,0.5693069306930693,0.6367713004484304,0.6371681415929203,0.6780487804878049,0.6769911504424779,0.7758620689655172,0.7671232876712328,0.8362831858407079,0.8377192982456141,0.817258883248731,0.905829596412556,0.9215686274509803,0.9523809523809523,0.9565217391304348,0.9918367346938776,0.9869565217391304,0.9918032786885246,1.0,0.9950738916256158,0.9955156950672646,0.982532751091703,0.9683257918552036,0.95,0.9327354260089686,0.9215686274509803,0.9216589861751152,0.8663793103448276,0.8837209302325582,0.7817460317460317,0.7869565217391304,0.8195121951219512,0.7596153846153846,0.6869158878504673,0.7031963470319634,0.6733668341708543,0.6531531531531531,0.6088709677419355,0.5630630630630631,0.5296610169491526,0.6338028169014085,0.5872340425531914,0.5198237885462555,0.5223214285714286,0.56,0.5670995670995671,0.536036036036036,0.5321100917431193,0.5064377682403434,0.6085106382978723,0.6282051282051282,0.6085106382978723,0.645933014354067,0.6509433962264151,0.7090163934426229,0.7579908675799086,0.8118811881188119,0.8133971291866029,0.851528384279476,0.8564593301435407,0.8796296296296297,0.8867924528301887,0.9517543859649122,0.950207468879668,0.9868995633187773,0.9945945945945946,0.987603305785124,0.9951219512195122,1.0
1.0,0.9956331877729258,0.9812206572769953,0.9857142857142858,0.967741935483871,0.9484978540772532,0.9434782608695652,0.9333333333333333,0.920704845814978,0.8725490196078431,0.8169642857142857,0.7533039647577092,0.7381974248927039,0.7695652173913043,0.7018348623853211,0.6262135922330098,0.5836909871244635,0.5714285714285714,0.6139534883720931,0.5625,0.5961538461538461,0.5321100917431193,0.5603448275862069,0.5324074074074074,0.5439330543933054,0.514018691588785,0.4855769230769231,0.5381165919282511,0.5414634146341464,0.5900900900900901,0.5774647887323944,0.6074766355140186,0.6123348017621145,0.6291666666666667,0.6903765690376569,0.6944444444444444,0.7399103139013453,0.7293577981651376,0.7722772277227723,0.8491379310344828,0.8423423423423423,0.8682926829268293,0.8930232558139535,0.9049773755656109,0.9380952380952381,0.9626168224299065,0.975,0.9863013698630136,0.9955357142857143,1.0,1.0,1.0,0.9914893617021276,0.9819819819819819,0.943127962085308,0.9608695652173913,0.9008264462809917,0.9308943089430894,0.8605577689243028,0.8577981651376146,0.8362831858407079,0.8017241379310345,0.8075313807531381,0.7129629629629629,0.6714975845410628,0.7309417040358744,0.7285714285714285,0.6336633663366337,0.6043478260869565,0.54337899543379,0.5154185022026432,0.5666666666666667,0.511520737327189,0.5339805825242718,0.5695652173913044,0.5233644859813084,0.5495049504950495,0.6008403361344538,0.5141509433962265,0.5772727272727273,0.5990783410138248,0.631578947368421,0.6132075471698113,0.6387665198237885,0.6097560975609756,0.7319148936170212,0.7227272727272728,0.7521367521367521,0.852017937219731,0.8222222222222222,0.8666666666666667,0.8899521531100478,0.9203539823008849,0.9568965517241379,0.9646017699115044,0.9812206572769953,0.9736842105263158,1.0,1.0,1.0
1.0,0.9956709956709957,1.0,0.9908256880733946,0.9590909090909091,0.9384615384615385,0.9447004608294931,0.907563025210084,0.8893805309734514,0.8412698412698413,0.8099547511312217,0.8091286307053942,0.759656652360515,0.7534883720930232,0.7511961722488039,0.6872246696035242,0.6714285714285714,0.6036036036036037,0.5991379310344828,0.5666666666666667,0.5307017543859649,0.5528455284552846,0.5603864734299517,0.5023041474654378,0.5345622119815668,0.5163934426229508,0.4838709677419355,0.5374449339207048,0.4977168949771689,0.568,0.5395348837209303,0.5412844036697247,0.6277056277056277,0.6127659574468085,0.6886792452830188,0.6446700507614214,0.7216981132075472,0.78125,0.8046511627906977,0.8,0.8475336322869955,0.8727272727272727,0.908256880733945,0.9178082191780822,0.9385245901639344,0.9508928571428571,0.9813084112149533,0.9815668202764977,1.0,1.0,1.0,1.0,0.9789029535864979,0.9829787234042553,0.970873786407767,0.9696969696969697,0.9068627450980392,0.86,0.84688995215311,0.8608695652173913,0.8933333333333333,0.7676348547717843,0.7384615384615385,0.724,0.706140350877193,0.6371681415929203,0.6875,0.5934579439252337,0.5974025974025974,0.5813008130081301,0.5534883720930233,0.5442477876106194,0.5321100917431193,0.5154185022026432,0.5546218487394958,0.53125,0.5205479452054794,0.48,0.5502183406113537,0.555045871559633,0.5695067264573991,0.5657894736842105,0.6039603960396039,0.6929460580912863,0.7028301886792453,0.6960352422907489,0.7783018867924528,0.7373271889400922,0.8173076923076923,0.8616071428571429,0.8790322580645161,0.8962264150943396,0.8525345622119815,0.9304347826086956,0.9528301886792453,0.961352657004831,0.9954128440366973,0.9958333333333333,1.0,1.0
1.0,0.995475113122172,0.990909090909091,0.9773755656108597,0.9730941704035875,0.9608695652173913,0.9301310043668122,0.8654708520179372,0.9138755980861244,0.8708333333333333,0.8396624472573839,0.7457627118644068,0.8034188034188035,0.7669491525423728,0.7699530516431925,0.6428571428571429,0.6103896103896104,0.5947136563876652,0.6681222707423581,0.5897435897435898,0.5666666666666667,0.5092592592592593,0.5178571428571429,0.5491803278688525,0.4955357142857143,0.5256410256410257,0.5528846153846154,0.46511627906976744,0.5070422535211268,0.5161290322580645,0.5475113122171946,0.5458515283842795,0.5720720720720721,0.6167400881057269,0.6267281105990783,0.6981981981981982,0.7477876106194691,0.8,0.7832512315270936,0.8275862068965517,0.8625592417061612,0.8723404255319149,0.8461538461538461,0.9429824561403509,0.9209302325581395,0.9404761904761905,0.971830985915493,0.9773755656108597,0.9908256880733946,1.0,1.0,1.0,0.978448275862069,0.9871794871794872,0.9604743083003953,0.9512195121951219,0.875,0.9313304721030042,0.875,0.8227272727272728,0.7892376681614349,0.7777777777777778,0.7736625514403292,0.7399103139013453,0.6600985221674877,0.7,0.5829145728643216,0.6026200873362445,0.6243654822335025,0.5727699530516432,0.5418502202643172,0.5165876777251185,0.5047169811320755,0.5062240663900415,0.5240174672489083,0.5934579439252337,0.5023474178403756,0.5555555555555556,0.5164319248826291,0.5362903225806451,0.5362318840579711,0.6194690265486725,0.638095238095238,0.6118721461187214,0.6261682242990654,0.7149321266968326,0.7659574468085106,0.708502024291498,0.7453703703703703,0.8401826484018264,0.8571428571428571,0.8767123287671232,0.8703703703703703,0.957983193277311,0.9399141630901288,0.9596412556053812,0.985981308411215,1.0,1.0,1.0
1.0,1.0,0.9914893617021276,0.9915254237288136,0.9493087557603687,0.9473684210526315,0.9392523364485982,0.9295774647887324,0.8967136150234741,0.8617511520737328,0.8220338983050848,0.7906976744186046,0.7949790794979079,0.7351598173515982,0.7247706422018348,0.6578947368421053,0.6140350877192983,0.6589861751152074,0.6077586206896551,0.5662100456621004,0.6367713004484304,0.5303030303030303,0.4797979797979798,0.5186915887850467,0.5269709543568465,0.5355648535564853,0.5230125523012552,0.4955357142857143,0.5644444444444444,0.5234042553191489,0.547085201793722,0.5739130434782609,0.5621890547263682,0.6425339366515838,0.6084905660377359,0.6883116883116883,0.6794258373205742,0.7292576419213974,0.7700534759358288,0.8577981651376146,0.8596491228070176,0.9023255813953488,0.9192825112107623,0.8973214285714286,0.9391304347826087,0.9715447154471545,0.9865470852017937,0.9683257918552036,0.9951923076923077,1.0,1.0,0.9911504424778761,0.9695431472081218,0.9829059829059829,0.9656652360515021,0.9411764705882353,0.915929203539823,0.881578947368421,0.8975409836065574,0.880184331797235,0.8101851851851852,0.7713004484304933,0.7239819004524887,0.7260869565217392,0.6623376623376623,0.7053571428571429,0.6592920353982301,0.6531531531531531,0.5475113122171946,0.587378640776699,0.5488372093023256,0.5560975609756098,0.5585585585585585,0.5327868852459017,0.5806451612903226,0.5226130653266332,0.539906103286385,0.49504950495049505,0.5497835497835498,0.5605381165919282,0.5906976744186047,0.6260504201680672,0.5753968253968254,0.6525821596244131,0.6932773109243697,0.7101449275362319,0.7130801687763713,0.6923076923076923,0.8267326732673267,0.8257261410788381,0.875,0.8914027149321267,0.9213973799126638,0.9389671361502347,0.9770642201834863,0.9765258215962441,0.9726027397260274,0.99,0.9950738916256158,1.0
1.0,1.0,0.9906976744186047,0.9828326180257511,0.9513274336283186,0.9311740890688259,0.9299065420560748,0.9045454545454545,0.8136363636363636,0.8649789029535865,0.8915094339622641,0.8055555555555556,0.8235294117647058,0.75,0.7366071428571429,0.645933014354067,0.6290322580645161,0.5770925110132159,0.5462962962962963,0.6195121951219512,0.5914893617021276,0.5244444444444445,0.5360824742268041,0.45365853658536587,0.5258215962441315,0.5454545454545454,0.5043103448275862,0.5525114155251142,0.5857740585774058,0.494949494949495,0.5607476635514018,0.5526315789473685,0.6069651741293532,0.6818181818181818,0.6205357142857143,0.7297297297297297,0.7365853658536585,0.746031746031746,0.75,0.7634854771784232,0.8711111111111111,0.923728813559322,0.8975409836065574,0.9417040358744395,0.9285714285714286,0.9861111111111112,0.968,0.9583333333333334,0.990521327014218,0.9956140350877193,1.0,0.9954337899543378,0.9956331877729258,0.9764150943396226,0.9696969696969697,0.9398148148148148,0.9392523364485982,0.8991228070175439,0.8714285714285714,0.892018779342723,0.8246445497630331,0.817351598173516,0.6764705882352942,0.7354260089686099,0.7245762711864406,0.6565217391304348,0.6438356164383562,0.6620370370370371,0.5875706214689266,0.5196078431372549,0.5727699530516432,0.46311475409836067,0.5025125628140703,0.4852941176470588,0.5405405405405406,0.48917748917748916,0.4885844748858447,0.5826446280991735,0.5540540540540541,0.5701357466063348,0.6179245283018868,0.5162790697674419,0.5571428571428572,0.6451612903225806,0.6563876651982379,0.7136563876651982,0.7346938775510204,0.7627118644067796,0.7850877192982456,0.8678414096916299,0.8311688311688312,0.8940677966101694,0.9471153846153846,0.9339622641509434,0.9565217391304348,0.9605263157894737,0.9862385321100917,0.9912280701754386,1.0,1.0
1.0,1.0,0.9880478087649402,0.9956709956709957,0.9823008849557522,0.953125,0.9140271493212669,0.912621359223301,0.8779342723004695,0.8571428571428571,0.826271186440678,0.7813953488372093,0.7217391304347827,0.7370689655172413,0.6949152542372882,0.6465116279069767,0.6517857142857143,0.5758928571428571,0.5577689243027888,0.5575221238938053,0.5676855895196506,0.49767441860465117,0.5350877192982456,0.5022222222222222,0.5107296137339056,0.4681818181818182,0.5181818181818182,0.5416666666666666,0.5044642857142857,0.5355450236966824,0.5855855855855856,0.5726495726495726,0.6094420600858369,0.5924170616113744,0.583756345177665,0.6103286384976526,0.6981132075471698,0.7586206896551724,0.8207547169811321,0.8044444444444444,0.8481675392670157,0.8842592592592593,0.9013452914798207,0.8947368421052632,0.9463414634146341,0.9466019417475728,0.9903846153846154,0.9958677685950413,0.9956140350877193,1.0,0.9958677685950413,0.9828326180257511,0.986046511627907,0.9908675799086758,0.9688888888888889,0.9433962264150944,0.9380165289256198,0.9090909090909091,0.8812785388127854,0.84375,0.7805907172995781,0.8132780082987552,0.7605633802816901,0.7638888888888888,0.6952380952380952,0.6619718309859155,0.6016949152542372,0.5990990990990991,0.6231884057971014,0.5252100840336135,0.5152838427947598,0.5458333333333333,0.4467005076142132,0.5051020408163265,0.5222672064777328,0.430622009569378,0.5296803652968036,0.5063291139240507,0.5254237288135594,0.5833333333333334,0.5407725321888412,0.5349794238683128,0.6342592592592593,0.6262135922330098,0.7136363636363636,0.6711711711711712,0.7681159420289855,0.75,0.8,0.8497854077253219,0.8225108225108225,0.863849765258216,0.8981481481481481,0.8888888888888888,0.9637096774193549,0.9722222222222222,0.9907407407407407,0.9771689497716894,0.991304347826087,1.0
1.0,0.9955947136563876,0.9910714285714286,0.981651376146789,0.9856459330143541,0.9191919191919192,0.9464285714285714,0.9163179916317992,0.8940677966101694,0.8713692946058091,0.8565573770491803,0.771689497716895,0.7443946188340808,0.7488584474885844,0.6971153846153846,0.7044334975369458,0.6266094420600858,0.6508620689655172,0.5603864734299517,0.6192660550458715,0.49767441860465117,0.6342592592592593,0.4780701754385965,0.5051020408163265,0.4716981132075472,0.5390946502057613,0.536697247706422,0.4838709677419355,0.5252525252525253,0.5560975609756098,0.5814977973568282,0.6082949308755761,0.596244131455399,0.6303317535545023,0.6610169491525424,0.6964285714285714,0.6991525423728814,0.7167381974248928,0.7671232876712328,0.8245614035087719,0.8447488584474886,0.8844444444444445,0.9077669902912622,0.9039301310043668,0.9360730593607306,0.9696969696969697,0.9955357142857143,0.9806201550387597,0.9901477832512315,1.0,0.9957983193277311,1.0,0.9855072463768116,0.9864253393665159,0.9506726457399103,0.9375,0.9141630901287554,0.8923766816143498,0.8509615384615384,0.881578947368421,0.821917808219178,0.7729257641921398,0.7412280701754386,0.6966824644549763,0.6834170854271356,0.6782608695652174,0.573394495412844,0.6470588235294118,0.5181818181818182,0.5044642857142857,0.5412844036697247,0.44493392070484583,0.519650655021834,0.5108225108225108,0.5042735042735043,0.5136363636363637,0.4858490566037736,0.46445497630331756,0.5,0.5614035087719298,0.5841584158415841,0.5931372549019608,0.5841121495327103,0.6132075471698113,0.6831275720164609,0.671957671957672,0.6846846846846847,0.7464788732394366,0.7682403433476395,0.8446601941747572,0.8646288209606987,0.8773584905660378,0.8813559322033898,0.9301310043668122,0.9367088607594937,0.9638009049773756,0.973568281938326,0.9956521739130435,1.0,1.0
1.0,1.0,0.9910714285714286,0.9723502304147466,0.9691629955947136,0.9577464788732394,0.9361702127659575,0.9041666666666667,0.9130434782608695,0.8295964125560538,0.780952380952381,0.7397260273972602,0.7289719626168224,0.7579908675799086,0.7113821138211383,0.6507177033492823,0.6551724137931034,0.641860465116279,0.5607476635514018,0.6212121212121212,0.5194174757281553,0.5213270142180095,0.4977578475336323,0.5144230769230769,0.4890829694323144,0.522633744855967,0.42272727272727273,0.5166666666666667,0.5545454545454546,0.4890829694323144,0.5921052631578947,0.6338028169014085,0.635,0.6141732283464567,0.669683257918552,0.7081545064377682,0.7488584474885844,0.7696078431372549,0.7878787878787878,0.7705627705627706,0.8657407407407407,0.8333333333333334,0.9056603773584906,0.8940092165898618,0.949238578680203,0.9866666666666667,0.9744680851063829,0.9744680851063829,0.9952153110047847,1.0,1.0,0.9861111111111112,0.9819004524886877,0.9766355140186916,0.9681818181818181,0.9461883408071748,0.9004524886877828,0.9246231155778895,0.8611111111111112,0.8449612403100775,0.7882882882882883,0.7821782178217822,0.7581395348837209,0.7155555555555555,0.6880733944954128,0.6651785714285714,0.6352459016393442,0.6106194690265486,0.6035242290748899,0.6302521008403361,0.5413223140495868,0.504424778761062,0.5643564356435643,0.5309734513274337,0.5041666666666667,0.4700854700854701,0.521551724137931,0.5097087378640777,0.5120772946859904,0.5806451612903226,0.5369458128078818,0.6307053941908713,0.5643153526970954,0.6351351351351351,0.6909090909090909,0.6681818181818182,0.7085201793721974,0.7019230769230769,0.807843137254902,0.8146551724137931,0.8867924528301887,0.9244444444444444,0.9012875536480687,0.9272727272727272,0.9702127659574468,0.9793388429752066,0.9869565217391304,1.0,1.0,1.0
1.0,0.9956521739130435,0.9849246231155779,0.963302752293578,0.9642857142857143,0.9601769911504425,0.9039301310043668,0.91324200913242,0.8546255506607929,0.8365384615384616,0.8209606986899564,0.788546255506608,0.7892376681614349,0.7022222222222222,0.6425339366515838,0.6121495327102804,0.603112840466926,0.6194690265486725,0.5934579439252337,0.5560165975103735,0.6486486486486487,0.6084905660377359,0.47150259067357514,0.47297297297297297,0.4977578475336323,0.5330396475770925,0.42857142857142855,0.5118483412322274,0.502092050209205,0.5371900826446281,0.5251141552511416,0.6055045871559633,0.605,0.6126126126126126,0.64,0.6339285714285714,0.7142857142857143,0.7339055793991416,0.7713004484304933,0.7887323943661971,0.8009259259259259,0.8680851063829788,0.8834080717488789,0.9202127659574468,0.9671361502347418,0.9541666666666667,0.986784140969163,0.9770642201834863,0.9957983193277311,1.0,1.0,0.9915966386554622,0.9806763285024155,0.9826839826839827,0.9409090909090909,0.961352657004831,0.8936170212765957,0.9263157894736842,0.8697674418604651,0.8067632850241546,0.8,0.7592592592592593,0.7241379310344828,0.7088607594936709,0.6763285024154589,0.6888888888888889,0.591304347826087,0.6347826086956522,0.5530973451327433,0.5570776255707762,0.5480769230769231,0.4253393665158371,0.5315315315315315,0.5173913043478261,0.5454545454545454,0.4657534246575342,0.49333333333333335,0.5275229357798165,0.5515695067264574,0.5446808510638298,0.5486725663716814,0.5502183406113537,0.6232558139534884,0.6782608695652174,0.6890756302521008,0.7288888888888889,0.7161572052401747,0.8063063063063063,0.7804878048780488,0.8457943925233645,0.8838174273858921,0.8903508771929824,0.9134615384615384,0.9357798165137615,0.960352422907489,0.9658536585365853,0.9678899082568807,0.9915611814345991,0.9956140350877193,1.0
1.0,0.9955357142857143,0.987012987012987,0.9870689655172413,0.9483568075117371,0.9555555555555556,0.9482758620689655,0.9444444444444444,0.8475336322869955,0.8952879581151832,0.8362068965517241,0.8433179723502304,0.7792792792792793,0.7238493723849372,0.7307692307692307,0.7041666666666667,0.6255707762557078,0.618421052631579,0.5931372549019608,0.580952380952381,0.5426008968609866,0.5514018691588785,0.49767441860465117,0.47619047619047616,0.5153061224489796,0.4479166666666667,0.5603864734299517,0.5112107623318386,0.4927536231884058,0.5428571428571428,0.51,0.5909090909090909,0.6296296296296297,0.6026785714285714,0.6877828054298643,0.7181818181818181,0.7695652173913043,0.7136363636363636,0.7698744769874477,0.817351598173516,0.8701923076923077,0.8656716417910447,0.9030837004405287,0.9066666666666666,0.961352657004831,0.9620853080568721,0.9872881355932204,0.9879032258064516,1.0,1.0,0.9956709956709957,1.0,0.9921568627450981,0.9823008849557522,0.9454545454545454,0.9141630901287554,0.9452054794520548,0.881578947368421,0.9032258064516129,0.847457627118644,0.7894736842105263,0.7426160337552743,0.7537688442211056,0.7304347826086957,0.7207207207207207,0.6460176991150443,0.64,0.6045454545454545,0.5848214285714286,0.5525114155251142,0.5535714285714286,0.5555555555555556,0.4433497536945813,0.5422222222222223,0.5257731958762887,0.4791666666666667,0.4523809523809524,0.5625,0.5893719806763285,0.5799086757990868,0.5990783410138248,0.5720338983050848,0.6094420600858369,0.625,0.6983471074380165,0.7073170731707317,0.689795918367347,0.7946428571428571,0.8064516129032258,0.8653061224489796,0.8873239436619719,0.9262295081967213,0.9053497942386831,0.8969072164948454,0.9782608695652174,0.9597989949748744,0.983739837398374,0.9826839826839827,0.9955357142857143,1.0
1.0,1.0,0.9644444444444444,0.9747899159663865,0.9826086956521739,0.9367088607594937,0.944206008583691,0.9465020576131687,0.9041666666666667,0.8373983739837398,0.8088235294117647,0.7828054298642534,0.7816091954022989,0.7085201793721974,0.755656108597285,0.6666666666666666,0.5970873786407767,0.6214953271028038,0.5734597156398105,0.5911330049261084,0.5752212389380531,0.4854368932038835,0.49344978165938863,0.5583333333333333,0.5217391304347826,0.4858490566037736,0.5285714285714286,0.43478260869565216,0.5650224215246636,0.5660377358490566,0.5238095238095238,0.5833333333333334,0.576,0.5844155844155844,0.7198443579766537,0.6380090497737556,0.7285714285714285,0.75,0.7932692307692307,0.7899543378995434,0.7545454545454545,0.8818181818181818,0.8873873873873874,0.9285714285714286,0.9288888888888889,0.9539170506912442,0.981042654028436,0.9871244635193133,0.9955156950672646,1.0,1.0,1.0,1.0,0.9820627802690582,0.944954128440367,0.9734513274336283,0.935,0.861904761904762,0.8609865470852018,0.8169014084507042,0.7909090909090909,0.8,0.7537688442211056,0.6872246696035242,0.7058823529411765,0.6313559322033898,0.6284403669724771,0.56,0.6119402985074627,0.6125,0.5458515283842795,0.5454545454545454,0.5135135135135135,0.47706422018348627,0.5378151260504201,0.5550660792951542,0.4928909952606635,0.4744186046511628,0.558252427184466,0.49074074074074076,0.6103286384976526,0.6322869955156951,0.6068376068376068,0.591743119266055,0.6946902654867256,0.6576576576576577,0.7358490566037735,0.7822222222222223,0.8008474576271186,0.8348623853211009,0.8405797101449275,0.8744186046511628,0.8738317757009346,0.9269406392694064,0.9601769911504425,0.991304347826087,0.9861111111111112,0.9953917050691244,0.9952380952380953,1.0
1.0,1.0,0.9957264957264957,0.9869565217391304,0.9506726457399103,0.941908713692946,0.9262672811059908,0.9234449760765551,0.8672985781990521,0.8660287081339713,0.8511627906976744,0.7628458498023716,0.7830188679245284,0.7476635514018691,0.7256637168141593,0.6,0.6696428571428571,0.6082949308755761,0.5778688524590164,0.5898617511520737,0.5545454545454546,0.5495495495495496,0.45023696682464454,0.48868778280542985,0.5387931034482759,0.48672566371681414,0.5510204081632653,0.5363984674329502,0.5091743119266054,0.5671641791044776,0.5875,0.6222222222222222,0.6186046511627907,0.5693069306930693,0.6318181818181818,0.6454545454545455,0.6638655462184874,0.7017543859649122,0.774468085106383,0.7574468085106383,0.8202764976958525,0.8392857142857143,0.8904109589041096,0.9279661016949152,0.9506726457399103,0.9730941704035875,0.9765258215962441,0.9953917050691244,0.9957264957264957,1.0,1.0,0.9955555555555555,0.9791666666666666,0.9671361502347418,0.9482071713147411,0.9322033898305084,0.9248826291079812,0.9052132701421801,0.8608247422680413,0.8018867924528302,0.8177339901477833,0.7990430622009569,0.6954545454545454,0.7229437229437229,0.7136563876651982,0.6410256410256411,0.6527777777777778,0.6320346320346321,0.5770925110132159,0.5855855855855856,0.4818181818181818,0.5446428571428571,0.5022222222222222,0.5248868778280543,0.508695652173913,0.5223214285714286,0.47572815533980584,0.4694835680751174,0.5539906103286385,0.5955555555555555,0.5644444444444444,0.5905172413793104,0.6076555023923444,0.6078431372549019,0.6851063829787234,0.6971153846153846,0.7631578947368421,0.7649572649572649,0.8151658767772512,0.8256880733944955,0.8680851063829788,0.9156118143459916,0.918552036199095,0.9017857142857143,0.9476190476190476,0.9666666666666667,0.9836734693877551,0.9949238578680203,0.9914163090128756,1.0
1.0,0.9915611814345991,0.9952380952380953,0.9872340425531915,0.9733333333333334,0.9311740890688259,0.92018779342723,0.9078947368421053,0.9035087719298246,0.8846153846153846,0.8186046511627907,0.8333333333333334,0.7733333333333333,0.7436974789915967,0.689795918367347,0.6100917431192661,0.6018099547511312,0.6228070175438597,0.5787234042553191,0.6,0.5865384615384616,0.5688073394495413,0.4842105263157895,0.5315315315315315,0.49130434782608695,0.48130841121495327,0.42727272727272725,0.49795918367346936,0.5330578512396694,0.5443037974683544,0.5714285714285714,0.5630252100840336,0.6146788990825688,0.6834170854271356,0.7194570135746606,0.6956521739130435,0.7321428571428571,0.7379912663755459,0.7802690582959642,0.780952380952381,0.8767123287671232,0.8577405857740585,0.8961038961038961,0.9454545454545454,0.9488372093023256,0.9681818181818181,0.975609756097561,0.9914163090128756,0.9914529914529915,1.0,1.0,1.0,0.9869565217391304,0.9861751152073732,0.9714285714285714,0.9623430962343096,0.9069767441860465,0.8416289592760181,0.9017857142857143,0.8493723849372385,0.8105726872246696,0.7566371681415929,0.7510917030567685,0.7068965517241379,0.6695652173913044,0.6634146341463415,0.5949367088607594,0.6,0.5852534562211982,0.5506607929515418,0.5302325581395348,0.575,0.45726495726495725,0.45794392523364486,0.5117370892018779,0.5304347826086957,0.5276595744680851,0.5178571428571429,0.5765765765765766,0.6068376068376068,0.5381165919282511,0.5753424657534246,0.5660377358490566,0.6619718309859155,0.6771300448430493,0.6826923076923077,0.6956521739130435,0.7531380753138075,0.8097345132743363,0.8227272727272728,0.8810572687224669,0.8683127572016461,0.9004329004329005,0.9495412844036697,0.9493087557603687,0.9726027397260274,0.9781659388646288,0.9910714285714286,1.0,1.0
1.0,0.9949748743718593,0.9957081545064378,0.9906976744186047,0.9868995633187773,0.9596412556053812,0.9210526315789473,0.9045643153526971,0.9417040358744395,0.8326848249027238,0.8109452736318408,0.8177570093457944,0.7727272727272727,0.6995305164319249,0.7314814814814815,0.6883116883116883,0.6317991631799164,0.6135265700483091,0.5859030837004405,0.5720524017467249,0.5321100917431193,0.5450643776824035,0.5172413793103449,0.5217391304347826,0.4830508474576271,0.5480769230769231,0.536697247706422,0.4730290456431535,0.5387931034482759,0.5181818181818182,0.5311004784688995,0.5953488372093023,0.5804878048780487,0.6745098039215687,0.6398104265402843,0.6470588235294118,0.7083333333333334,0.7674418604651163,0.8169642857142857,0.8154506437768241,0.849802371541502,0.8858447488584474,0.8755760368663594,0.8826086956521739,0.948051948051948,0.9727272727272728,0.9705882352941176,1.0,0.991869918699187,1.0,1.0,1.0,0.9912663755458515,0.9946236559139785,0.9760765550239234,0.9423076923076923,0.9118942731277533,0.8923766816143498,0.847457627118644,0.7916666666666666,0.7630331753554502,0.7901785714285714,0.7922705314009661,0.7923728813559322,0.6893617021276596,0.6711111111111111,0.6268656716417911,0.6244131455399061,0.5555555555555556,0.5247933884297521,0.5407725321888412,0.5302325581395348,0.5111111111111111,0.5185185185185185,0.5806451612903226,0.48598130841121495,0.521551724137931,0.5666666666666667,0.5601659751037344,0.5989847715736041,0.5690376569037657,0.6637554585152838,0.6,0.6439024390243903,0.7341772151898734,0.7276995305164319,0.731404958677686,0.8173076923076923,0.7909090909090909,0.8421052631578947,0.8678414096916299,0.9196428571428571,0.9107981220657277,0.9295154185022027,0.9483568075117371,0.9458128078817734,0.9724770642201835,0.9872881355932204,0.9954128440366973,1.0
1.0,0.9912280701754386,0.9947916666666666,0.99581589958159,0.9781659388646288,0.9728506787330317,0.9461883408071748,0.8990825688073395,0.8940677966101694,0.8705357142857143,0.8355555555555556,0.7393162393162394,0.8253275109170306,0.7520661157024794,0.7092511013215859,0.7304347826086957,0.6463414634146342,0.5701357466063348,0.6157407407407407,0.5847457627118644,0.536036036036036,0.4864864864864865,0.5458515283842795,0.5690376569037657,0.4010416666666667,0.49099099099099097,0.5132743362831859,0.5194805194805194,0.5333333333333333,0.5491071428571429,0.5818965517241379,0.5919282511210763,0.5869565217391305,0.6857142857142857,0.6458333333333334,0.6548223350253807,0.7272727272727273,0.7818181818181819,0.8130841121495327,0.8304347826086956,0.8461538461538461,0.8755980861244019,0.8888888888888888,0.9285714285714286,0.9629629629629629,0.9653679653679653,0.9827586206896551,0.9851485148514851,1.0,1.0,1.0,1.0,0.9914529914529915,0.9819819819819819,0.9672897196261683,0.9395348837209302,0.9269406392694064,0.926530612244898,0.9103139013452914,0.875,0.8461538461538461,0.7578947368421053,0.7695652173913043,0.6916299559471366,0.6278026905829597,0.5980861244019139,0.7075471698113207,0.6118721461187214,0.6214953271028038,0.5509259259259259,0.54337899543379,0.507537688442211,0.4880382775119617,0.4830917874396135,0.5265306122448979,0.5545023696682464,0.49038461538461536,0.5534883720930233,0.5327102803738317,0.5394190871369294,0.5198237885462555,0.5535714285714286,0.627906976744186,0.6551724137931034,0.6476190476190476,0.7644444444444445,0.7695852534562212,0.7763157894736842,0.8201754385964912,0.8488888888888889,0.8326359832635983,0.8899521531100478,0.9120370370370371,0.9377593360995851,0.9555555555555556,0.9811320754716981,0.9855769230769231,1.0,1.0,1.0
1.0,1.0,0.9878542510121457,0.9914163090128756,0.9681818181818181,0.9504504504504504,0.9178743961352657,0.8944954128440367,0.8695652173913043,0.9090909090909091,0.8401826484018264,0.7990654205607477,0.7706422018348624,0.762114537444934,0.6839622641509434,0.7746478873239436,0.6796116504854369,0.576271186440678,0.6445497630331753,0.5545851528384279,0.5708661417322834,0.6073059360730594,0.5471698113207547,0.5585585585585585,0.5315315315315315,0.42342342342342343,0.5619469026548672,0.5391304347826087,0.5223214285714286,0.6008771929824561,0.6163265306122448,0.6055045871559633,0.6558139534883721,0.6205357142857143,0.683982683982684,0.68,0.7589285714285714,0.7603686635944701,0.7880434782608695,0.7783018867924528,0.84688995215311,0.8296943231441049,0.8990825688073395,0.943127962085308,0.9619047619047619,0.9787234042553191,0.9615384615384616,0.9787234042553191,0.995575221238938,1.0,1.0,0.9956521739130435,1.0,0.9854368932038835,0.9495412844036697,0.9357798165137615,0.9333333333333333,0.9017094017094017,0.912621359223301,0.8564593301435407,0.8195121951219512,0.7935779816513762,0.7837837837837838,0.7035398230088495,0.6666666666666666,0.6830357142857143,0.6470588235294118,0.6035242290748899,0.5550660792951542,0.5617021276595745,0.5560747663551402,0.4957627118644068,0.5311004784688995,0.5360824742268041,0.5520361990950227,0.5150214592274678,0.5411255411255411,0.511520737327189,0.5404255319148936,0.5826771653543307,0.5253456221198156,0.6173913043478261,0.6302521008403361,0.6621621621621622,0.6810344827586207,0.6780487804878049,0.7894736842105263,0.8287037037037037,0.8059071729957806,0.8312236286919831,0.8808510638297873,0.8842592592592593,0.9272727272727272,0.9178743961352657,0.9583333333333334,0.9574468085106383,0.9823008849557522,0.9863013698630136,1.0,1.0
1.0,1.0,1.0,0.9702127659574468,0.966824644549763,0.9559471365638766,0.9170506912442397,0.9240506329113924,0.8636363636363636,0.8356807511737089,0.8374384236453202,0.7841409691629956,0.8099547511312217,0.7980769230769231,0.7839195979899497,0.7555555555555555,0.7009345794392523,0.6495327102803738,0.6184738955823293,0.6100917431192661,0.5462555066079295,0.5604838709677419,0.5871559633027523,0.49321266968325794,0.5023255813953489,0.5230125523012552,0.5688073394495413,0.5525114155251142,0.594017094017094,0.5541125541125541,0.6354679802955665,0.592964824120603,0.57847533632287,0.6639344262295082,0.6767241379310345,0.6960352422907489,0.7511737089201878,0.7647058823529411,0.8432203389830508,0.8319672131147541,0.8186274509803921,0.8379629629629629,0.8894009216589862,0.9098712446351931,0.9513274336283186,0.9399141630901288,0.9740932642487047,0.9909502262443439,0.9952380952380953,1.0,1.0,0.9908675799086758,0.990990990990991,0.9788135593220338,0.9437229437229437,0.948051948051948,0.9047619047619048,0.9077669902912622,0.8809523809523809,0.8558139534883721,0.8294930875576036,0.8,0.745,0.757847533632287,0.6954732510288066,0.6933333333333334,0.6473214285714286,0.6206896551724138,0.6213991769547325,0.6153846153846154,0.5803571428571429,0.5565610859728507,0.4977168949771689,0.5358851674641149,0.5375,0.4889867841409692,0.5656565656565656,0.5454545454545454,0.5384615384615384,0.5046296296296297,0.579185520361991,0.6619047619047619,0.6742081447963801,0.6774193548387096,0.6834862385321101,0.7441860465116279,0.7432432432432432,0.7644444444444445,0.8034934497816594,0.8589211618257261,0.8209606986899564,0.8652173913043478,0.918552036199095,0.9411764705882353,0.9760765550239234,0.9565217391304348,0.973568281938326,0.9826086956521739,1.0,1.0
1.0,1.0,0.990909090909091,0.9814814814814815,0.954954954954955,0.9227053140096618,0.9212962962962963,0.8935185185185185,0.8666666666666667,0.8967136150234741,0.8604651162790697,0.7880184331797235,0.7605633802816901,0.7020408163265306,0.6179245283018868,0.7037037037037037,0.6502057613168725,0.6508620689655172,0.6359447004608295,0.6167400881057269,0.6497695852534562,0.5661157024793388,0.6123348017621145,0.5022222222222222,0.5807860262008734,0.6171171171171171,0.5546218487394958,0.5267857142857143,0.5404255319148936,0.6096491228070176,0.5779816513761468,0.6421052631578947,0.5899581589958159,0.6744186046511628,0.6327433628318584,0.691304347826087,0.743801652892562,0.7511961722488039,0.7932489451476793,0.8341013824884793,0.8387096774193549,0.9068627450980392,0.8945147679324894,0.9190283400809717,0.9411764705882353,0.9753694581280788,0.9771689497716894,0.9903846153846154,1.0,1.0,1.0,1.0,1.0,0.9730941704035875,0.9574468085106383,0.927536231884058,0.9336283185840708,0.947136563876652,0.8465346534653465,0.8669527896995708,0.8,0.7739130434782608,0.7510548523206751,0.7162162162162162,0.6413502109704642,0.6210045662100456,0.726027397260274,0.5906976744186047,0.631336405529954,0.5982532751091703,0.5338983050847458,0.5288461538461539,0.5982905982905983,0.5169491525423728,0.5429864253393665,0.5585585585585585,0.5702479338842975,0.5865384615384616,0.6153846153846154,0.6086956521739131,0.5915492957746479,0.6855895196506551,0.6410256410256411,0.6899563318777293,0.6342592592592593,0.7647058823529411,0.7735042735042735,0.7330316742081447,0.7698744769874477,0.8272727272727273,0.8425925925925926,0.8975609756097561,0.9380952380952381,0.9137931034482759,0.961352657004831,0.9380530973451328,0.9745762711864406,0.9913793103448276,1.0,1.0
1.0,0.9948717948717949,0.9901477832512315,0.9906103286384976,0.9795918367346939,0.9260869565217391,0.9360730593607306,0.9590909090909091,0.8963730569948186,0.8928571428571429,0.8200836820083682,0.8122270742358079,0.7972972972972973,0.7396694214876033,0.684931506849315,0.7028112449799196,0.7129186602870813,0.735,0.6101694915254238,0.6301369863013698,0.6384976525821596,0.6050420168067226,0.5377358490566038,0.5654008438818565,0.5139442231075697,0.5541125541125541,0.5492957746478874,0.5,0.639269406392694,0.6350710900473934,0.6143497757847534,0.6177777777777778,0.6846473029045643,0.6709401709401709,0.6759259259259259,0.6824034334763949,0.7723214285714286,0.7651821862348178,0.788546255506608,0.8186046511627907,0.9023255813953488,0.8794642857142857,0.9447004608294931,0.9205020920502092,0.9444444444444444,0.9665071770334929,0.9724770642201835,0.9752066115702479,0.9906103286384976,1.0,1.0,0.9866666666666667,0.986784140969163,0.9747474747474747,0.97,0.9473684210526315,0.9508196721311475,0.9033816425120773,0.8991935483870968,0.8495145631067961,0.8458149779735683,0.8398058252427184,0.8259109311740891,0.7214611872146118,0.7533039647577092,0.7087378640776699,0.676,0.6792452830188679,0.6176470588235294,0.6049382716049383,0.5927601809954751,0.5707547169811321,0.5565217391304348,0.5180180180180181,0.5817307692307693,0.5779816513761468,0.5739130434782609,0.5733333333333334,0.5590909090909091,0.5657894736842105,0.634453781512605,0.6127450980392157,0.6438356164383562,0.6025641025641025,0.680365296803653,0.6888888888888889,0.7557603686635944,0.7255813953488373,0.7873303167420814,0.8656716417910447,0.8553719008264463,0.9017857142857143,0.9545454545454546,0.9396984924623115,0.9730941704035875,0.9752475247524752,0.9873417721518988,1.0,1.0,1.0
1.0,1.0,0.9907834101382489,0.9875,0.9818181818181818,0.9545454545454546,0.9192825112107623,0.8834080717488789,0.8898678414096917,0.8398268398268398,0.8105726872246696,0.8153153153153153,0.8229166666666666,0.7703349282296651,0.7723214285714286,0.7068062827225131,0.7453703703703703,0.7021276595744681,0.6428571428571429,0.5948275862068966,0.6076555023923444,0.6129032258064516,0.6221198156682027,0.5892116182572614,0.5242290748898678,0.4881516587677725,0.5611814345991561,0.6064814814814815,0.5560975609756098,0.5776699029126213,0.6,0.6129032258064516,0.6842105263157895,0.7110091743119266,0.6875,0.7088607594936709,0.7547169811320755,0.7668161434977578,0.8373205741626795,0.8448275862068966,0.8733031674208145,0.8868778280542986,0.9122807017543859,0.9273504273504274,0.9660194174757282,0.966824644549763,0.9901477832512315,0.9906103286384976,0.9955357142857143,1.0,1.0,0.9954337899543378,0.9897435897435898,0.9862385321100917,0.9861751152073732,0.9409090909090909,0.9203980099502488,0.9082125603864735,0.8940092165898618,0.9141630901287554,0.8523809523809524,0.7880184331797235,0.7807017543859649,0.7033492822966507,0.7148936170212766,0.6260869565217392,0.6448598130841121,0.5889830508474576,0.5818965517241379,0.5434782608695652,0.5772357723577236,0.5809128630705395,0.6069651741293532,0.6041666666666666,0.56,0.5758928571428571,0.525,0.5829383886255924,0.5497382198952879,0.5867346938775511,0.5720524017467249,0.6359832635983264,0.6591928251121076,0.6810344827586207,0.678714859437751,0.7352941176470589,0.7638888888888888,0.7567567567567568,0.8008849557522124,0.7920353982300885,0.847926267281106,0.8644859813084113,0.9049586776859504,0.9409282700421941,0.9631336405529954,0.9622641509433962,0.9769585253456221,0.9855072463768116,0.995575221238938,1.0
1.0,1.0,1.0,0.9858490566037735,0.9626168224299065,0.9587155963302753,0.9658119658119658,0.9049773755656109,0.8883928571428571,0.8687782805429864,0.8050847457627118,0.8392857142857143,0.794392523364486,0.7688888888888888,0.780373831775701,0.7018348623853211,0.6857142857142857,0.6636363636363637,0.66796875,0.6157024793388429,0.6037735849056604,0.6363636363636364,0.5486725663716814,0.5391304347826087,0.5909090909090909,0.5639810426540285,0.547945205479452,0.5358851674641149,0.5714285714285714,0.6406926406926406,0.6026200873362445,0.6502463054187192,0.6974789915966386,0.7412280701754386,0.7510729613733905,0.7614678899082569,0.7567567567567568,0.8061674008810573,0.8451327433628318,0.8266129032258065,0.8811475409836066,0.8841201716738197,0.9259259259259259,0.9288888888888889,0.9353448275862069,0.9782608695652174,0.9795081967213115,0.990990990990991,1.0,1.0,1.0,1.0,0.9757085020242915,0.9828326180257511,0.9761904761904762,0.9453781512605042,0.940677966101695,0.874439461883408,0.8695652173913043,0.8440366972477065,0.8604651162790697,0.7974137931034483,0.7901785714285714,0.8016877637130801,0.7510729613733905,0.6837209302325581,0.7238095238095238,0.6504854368932039,0.6398104265402843,0.5846774193548387,0.600896860986547,0.5848214285714286,0.6018518518518519,0.5774647887323944,0.5756302521008403,0.5628140703517588,0.5423728813559322,0.5633802816901409,0.6348547717842323,0.5282258064516129,0.6711111111111111,0.663594470046083,0.6926229508196722,0.7081545064377682,0.771551724137931,0.7022222222222222,0.7412935323383084,0.817351598173516,0.8047619047619048,0.8325581395348837,0.8869565217391304,0.8899082568807339,0.9459459459459459,0.9468599033816425,0.974025974025974,0.9711538461538461,0.9823788546255506,0.9815668202764977,0.995475113122172,1.0
1.0,1.0,0.9904761904761905,0.9748953974895398,0.9809523809523809,0.9718875502008032,0.9223744292237442,0.9154929577464789,0.9230769230769231,0.8508771929824561,0.8468468468468469,0.8706896551724138,0.7939914163090128,0.7916666666666666,0.7727272727272727,0.6973684210526315,0.6642335766423357,0.7206477732793523,0.6509433962264151,0.7142857142857143,0.6528925619834711,0.5914893617021276,0.5833333333333334,0.612,0.6226415094339622,0.5270935960591133,0.5402843601895735,0.5844155844155844,0.6038647342995169,0.5972850678733032,0.5960591133004927,0.589622641509434,0.6781115879828327,0.6834862385321101,0.7559808612440191,0.7422222222222222,0.7544642857142857,0.8161434977578476,0.7962962962962963,0.8355555555555556,0.874439461883408,0.9019607843137255,0.9209302325581395,0.9344978165938864,0.9452054794520548,0.9705882352941176,0.9769585253456221,0.9953488372093023,0.9909502262443439,1.0,0.995475113122172,1.0,0.9954545454545455,0.9823008849557522,0.9411764705882353,0.9383886255924171,0.9357798165137615,0.916256157635468,0.8723404255319149,0.8591549295774648,0.7991266375545851,0.7844036697247706,0.8086124401913876,0.7402597402597403,0.7684729064039408,0.6995708154506438,0.7056451612903226,0.6965811965811965,0.6320346320346321,0.6412556053811659,0.5534883720930233,0.6244343891402715,0.6296296296296297,0.6201923076923077,0.5435897435897435,0.5982905982905983,0.6037735849056604,0.6595744680851063,0.6,0.5892857142857143,0.6990291262135923,0.6835443037974683,0.680952380952381,0.684931506849315,0.7276995305164319,0.7983539094650206,0.7661290322580645,0.8007968127490039,0.8063063063063063,0.8070175438596491,0.8854625550660793,0.8917748917748918,0.9247787610619469,0.922077922077922,0.9304347826086956,0.9719626168224299,0.9778761061946902,0.9952380952380953,0.9958677685950413,1.0
1.0,1.0,0.995,0.9851485148514851,0.9626556016597511,0.9684684684684685,0.919047619047619,0.9248826291079812,0.9395348837209302,0.8813559322033898,0.8455598455598455,0.8301886792452831,0.8340807174887892,0.7959183673469388,0.7737556561085973,0.7793427230046949,0.6966824644549763,0.6833333333333333,0.6523605150214592,0.6384976525821596,0.6521739130434783,0.6322314049586777,0.6192893401015228,0.5720524017467249,0.5982532751091703,0.6135265700483091,0.6492146596858639,0.6172248803827751,0.5598290598290598,0.6531531531531531,0.6099585062240664,0.5814977973568282,0.6666666666666666,0.677570093457944,0.7534246575342466,0.7432432432432432,0.7766497461928934,0.8418604651162791,0.8289473684210527,0.8625,0.8947368421052632,0.9035087719298246,0.9014084507042254,0.9617224880382775,0.9517543859649122,0.9855769230769231,0.9537037037037037,1.0,1.0,1.0,1.0,0.9950980392156863,0.9861751152073732,0.9907407407407407,0.9764150943396226,0.96875,0.9675925925925926,0.9224489795918367,0.8883248730964467,0.8838383838383839,0.864406779661017,0.8325581395348837,0.8375,0.7876106194690266,0.7115384615384616,0.755868544600939,0.6964285714285714,0.7044334975369458,0.6818181818181818,0.6875,0.6368159203980099,0.5963302752293578,0.5833333333333334,0.5571428571428572,0.6017316017316018,0.6048780487804878,0.6352459016393442,0.6484018264840182,0.6111111111111112,0.6299559471365639,0.6558139534883721,0.65,0.7276595744680852,0.6792452830188679,0.7149321266968326,0.7647058823529411,0.7222222222222222,0.7929515418502202,0.8518518518518519,0.8442211055276382,0.8914027149321267,0.9009433962264151,0.9395348837209302,0.9444444444444444,0.9592760180995475,0.9775784753363229,0.9901960784313726,0.9866666666666667,1.0,1.0
1.0,1.0,0.9804878048780488,0.9820627802690582,0.9601769911504425,0.9641255605381166,0.9320388349514563,0.9174311926605505,0.8935185185185185,0.8634146341463415,0.8651162790697674,0.8516746411483254,0.8125,0.7614678899082569,0.7636363636363637,0.6930232558139535,0.6898148148148148,0.7723214285714286,0.6779661016949152,0.6666666666666666,0.6359447004608295,0.6683673469387755,0.6542056074766355,0.6173913043478261,0.627906976744186,0.6383928571428571,0.6694915254237288,0.6136363636363636,0.6403940886699507,0.6929460580912863,0.6111111111111112,0.6476683937823834,0.6636363636363637,0.7244444444444444,0.7511111111111111,0.75,0.8311111111111111,0.8104265402843602,0.8476190476190476,0.819047619047619,0.8937007874015748,0.9369369369369369,0.9223744292237442,0.9757281553398058,0.9634703196347032,0.9861751152073732,0.9820627802690582,0.9915611814345991,1.0,1.0,0.9950248756218906,1.0,0.9911111111111112,0.981651376146789,0.9680365296803652,0.9342105263157895,0.961038961038961,0.9053497942386831,0.8851063829787233,0.9090909090909091,0.7945205479452054,0.8178137651821862,0.8018433179723502,0.7433628318584071,0.7373271889400922,0.776255707762557,0.7106382978723405,0.7117117117117117,0.7407407407407407,0.680365296803653,0.6376146788990825,0.6053811659192825,0.6390243902439025,0.5844155844155844,0.6371681415929203,0.6439024390243903,0.6009389671361502,0.6051502145922747,0.615,0.6345381526104418,0.6547085201793722,0.7037037037037037,0.6782608695652174,0.7068965517241379,0.7535545023696683,0.7767441860465116,0.7715736040609137,0.8295964125560538,0.8238095238095238,0.8672199170124482,0.8602620087336245,0.9461883408071748,0.9305555555555556,0.9493670886075949,0.9473684210526315,0.9817351598173516,0.996078431372549,0.9914893617021276,1.0,1.0
1.0,0.9953917050691244,0.9905660377358491,0.9807692307692307,0.9795918367346939,0.9690265486725663,0.9299065420560748,0.9393939393939394,0.8638297872340426,0.9032258064516129,0.8838174273858921,0.8201754385964912,0.8714859437751004,0.8063063063063063,0.7476635514018691,0.7194570135746606,0.7682403433476395,0.7198067632850241,0.6728110599078341,0.6923076923076923,0.6587677725118484,0.725,0.6681818181818182,0.6717171717171717,0.6323529411764706,0.6363636363636364,0.642512077294686,0.6753246753246753,0.6764705882352942,0.6592920353982301,0.6504424778761062,0.6875,0.7419354838709677,0.6970954356846473,0.7081545064377682,0.7439613526570048,0.7761194029850746,0.8119266055045872,0.847457627118644,0.8530805687203792,0.863849765258216,0.9246231155778895,0.9261083743842364,0.9227053140096618,0.9571428571428572,0.9590163934426229,0.9907834101382489,0.986046511627907,0.9953703703703703,0.9955947136563876,1.0,1.0,0.9907407407407407,0.9789915966386554,0.970873786407767,0.9660194174757282,0.9262672811059908,0.9215686274509803,0.8867924528301887,0.8796680497925311,0.8680851063829788,0.8387096774193549,0.7709251101321586,0.7932692307692307,0.6984924623115578,0.7304347826086957,0.7136752136752137,0.6877637130801688,0.6460176991150443,0.6582278481012658,0.6282051282051282,0.7081339712918661,0.6176470588235294,0.6470588235294118,0.5898617511520737,0.6556603773584906,0.6091370558375635,0.6618357487922706,0.6039215686274509,0.6540284360189573,0.6293436293436293,0.665158371040724,0.7019230769230769,0.740909090909091,0.7678571428571429,0.7914691943127962,0.7956521739130434,0.8471615720524017,0.8620689655172413,0.8846153846153846,0.920704845814978,0.9351851851851852,0.9326424870466321,0.918918918918919,0.9617224880382775,0.96875,0.9829059829059829,1.0,1.0,1.0
1.0,0.9955156950672646,0.9918367346938776,0.9953051643192489,0.9741379310344828,0.9596412556053812,0.9292035398230089,0.9439655172413793,0.9150943396226415,0.8994974874371859,0.8765957446808511,0.8591549295774648,0.8190045248868778,0.8578199052132701,0.7610619469026548,0.7117117117117117,0.6780487804878049,0.7149321266968326,0.6559633027522935,0.721030042918455,0.6598984771573604,0.6336206896551724,0.6108597285067874,0.6818181818181818,0.6490384615384616,0.6428571428571429,0.6019900497512438,0.647887323943662,0.6359223300970874,0.6534653465346535,0.7229437229437229,0.6339285714285714,0.6912442396313364,0.7033898305084746,0.7205240174672489,0.7878787878787878,0.7682403433476395,0.7701612903225806,0.8333333333333334,0.8467741935483871,0.9074074074074074,0.885,0.9576271186440678,0.9512195121951219,0.9516908212560387,0.9726027397260274,0.9814814814814815,0.9918032786885246,1.0,1.0,1.0,0.9958677685950413,0.9821428571428571,0.9811320754716981,0.9775784753363229,0.9658536585365853,0.9408866995073891,0.9371980676328503,0.8703703703703703,0.8878504672897196,0.8590308370044053,0.7972350230414746,0.8373205741626795,0.8198198198198198,0.7832512315270936,0.6986301369863014,0.6912442396313364,0.6768558951965066,0.7135922330097088,0.705607476635514,0.6694214876033058,0.6452991452991453,0.6132075471698113,0.6502242152466368,0.6334841628959276,0.6915887850467289,0.6371308016877637,0.6299559471365639,0.6872246696035242,0.7232142857142857,0.6872246696035242,0.7360406091370558,0.759825327510917,0.7477064220183486,0.7397260273972602,0.755656108597285,0.84,0.8739130434782608,0.8677685950413223,0.8472222222222222,0.8761904761904762,0.8973214285714286,0.9420289855072463,0.9392523364485982,0.9661016949152542,0.9957264957264957,0.9902439024390244,0.9910714285714286,1.0,1.0
1.0,1.0,0.9951690821256038,0.991304347826087,0.9826839826839827,0.9777777777777777,0.9051724137931034,0.9375,0.8862559241706162,0.9036144578313253,0.8823529411764706,0.8366336633663366,0.8285714285714286,0.8232558139534883,0.7607655502392344,0.8214285714285714,0.7593360995850622,0.7272727272727273,0.7168141592920354,0.7211538461538461,0.6634615384615384,0.6550218340611353,0.6581196581196581,0.6543778801843319,0.6160714285714286,0.6771300448430493,0.7186147186147186,0.683982683982684,0.6415929203539823,0.6779661016949152,0.6822033898305084,0.72,0.7136150234741784,0.7324561403508771,0.7841409691629956,0.7955555555555556,0.8401826484018264,0.8137254901960784,0.7787610619469026,0.893719806763285,0.8826291079812206,0.8622222222222222,0.9251101321585903,0.9446808510638298,0.968609865470852,0.9669811320754716,0.981042654028436,0.9917695473251029,1.0,1.0,1.0,0.9954954954954955,0.9866666666666667,0.9904761904761905,0.9826086956521739,0.9596412556053812,0.9608695652173913,0.9358974358974359,0.9119170984455959,0.8928571428571429,0.861244019138756,0.820627802690583,0.8113207547169812,0.7649769585253456,0.7672413793103449,0.7559055118110236,0.6984126984126984,0.6956521739130435,0.672645739910314,0.7316017316017316,0.76,0.7464114832535885,0.6916299559471366,0.6513761467889908,0.6431718061674009,0.6753246753246753,0.6581196581196581,0.6954545454545454,0.6640316205533597,0.6650246305418719,0.7015503875968992,0.6883720930232559,0.6909090909090909,0.7417840375586855,0.7963800904977375,0.7922705314009661,0.8055555555555556,0.8133333333333334,0.861244019138756,0.8723404255319149,0.9184549356223176,0.9192825112107623,0.9568965517241379,0.985981308411215,0.9777777777777777,0.9778761061946902,0.9737991266375546,1.0,1.0,1.0
1.0,0.9959514170040485,0.9915966386554622,0.991701244813278,0.987603305785124,0.9538461538461539,0.9596412556053812,0.9446808510638298,0.9178082191780822,0.9036697247706422,0.8908296943231441,0.8915094339622641,0.8584474885844748,0.8253275109170306,0.8258928571428571,0.8259109311740891,0.8009708737864077,0.7191489361702128,0.7467248908296943,0.6949152542372882,0.689795918367347,0.6502242152466368,0.688034188034188,0.7061611374407583,0.6412556053811659,0.6455026455026455,0.6293103448275862,0.6945812807881774,0.6301369863013698,0.7203389830508474,0.7184873949579832,0.7444933920704846,0.7699115044247787,0.7587719298245614,0.7621359223300971,0.8034188034188035,0.7142857142857143,0.8404255319148937,0.8733624454148472,0.8728813559322034,0.8628318584070797,0.9237668161434978,0.951417004048583,0.92,0.975609756097561,0.9567099567099567,0.9827586206896551,1.0,1.0,1.0,1.0,1.0,0.9864864864864865,0.9956709956709957,0.9904761904761905,0.9515418502202643,0.9612068965517241,0.9285714285714286,0.92,0.9009009009009009,0.9045226130653267,0.8592233009708737,0.8270042194092827,0.7443946188340808,0.7887323943661971,0.75,0.7617021276595745,0.7130434782608696,0.7129629629629629,0.6761904761904762,0.6771300448430493,0.6738197424892703,0.6782608695652174,0.6150234741784038,0.5345622119815668,0.706140350877193,0.7172774869109948,0.6437768240343348,0.6991150442477876,0.7276264591439688,0.7607655502392344,0.7798165137614679,0.76,0.7466666666666667,0.6561085972850679,0.8281938325991189,0.7586206896551724,0.8744186046511628,0.8893805309734514,0.8666666666666667,0.9017857142857143,0.8894472361809045,0.9669811320754716,0.9598214285714286,0.9593908629441624,0.990909090909091,0.990909090909091,1.0,1.0,1.0
1.0,0.9959183673469387,0.986784140969163,0.9681818181818181,0.9727272727272728,0.9666666666666667,0.9461883408071748,0.9577464788732394,0.9223744292237442,0.8771929824561403,0.8675213675213675,0.893719806763285,0.8,0.806949806949807,0.8090909090909091,0.7818181818181819,0.7681818181818182,0.7828054298642534,0.7312775330396476,0.7488372093023256,0.7431192660550459,0.705607476635514,0.6956521739130435,0.7096774193548387,0.6828193832599119,0.647887323943662,0.6990740740740741,0.6108786610878661,0.7253218884120172,0.7128712871287128,0.7513227513227513,0.7296137339055794,0.7623318385650224,0.7732793522267206,0.7851239669421488,0.8245614035087719,0.803347280334728,0.810126582278481,0.8786407766990292,0.8217821782178217,0.8928571428571429,0.9045454545454545,0.9427312775330396,0.943127962085308,0.9590163934426229,0.9674418604651163,0.9864253393665159,0.995260663507109,1.0,1.0,1.0,1.0,0.9956896551724138,0.9959183673469387,0.9780701754385965,0.9603960396039604,0.9671361502347418,0.9238095238095239,0.9099099099099099,0.8632478632478633,0.8807339449541285,0.8473895582329317,0.8349056603773585,0.8008849557522124,0.7523364485981309,0.7767857142857143,0.7252252252252253,0.7370689655172413,0.7155963302752294,0.755,0.6995708154506438,0.6772727272727272,0.7185929648241206,0.6359223300970874,0.6772727272727272,0.7351598173515982,0.6965174129353234,0.6842105263157895,0.7366071428571429,0.6801801801801802,0.7086956521739131,0.7828282828282829,0.7901785714285714,0.7241379310344828,0.7660550458715596,0.8130841121495327,0.8257261410788381,0.8448275862068966,0.8597285067873304,0.8931623931623932,0.8790697674418605,0.902542372881356,0.9313304721030042,0.9581589958158996,0.9701492537313433,0.9776785714285714,0.995575221238938,0.9953271028037384,1.0,1.0
1.0,1.0,0.9958333333333333,0.9767441860465116,0.9900497512437811,0.9710743801652892,0.9428571428571428,0.9714285714285714,0.9316239316239316,0.9262672811059908,0.9216589861751152,0.8590308370044053,0.8738738738738738,0.8537735849056604,0.8613445378151261,0.7824074074074074,0.7427184466019418,0.7685589519650655,0.7625570776255708,0.7685589519650655,0.7412935323383084,0.7738693467336684,0.719626168224299,0.7210526315789474,0.7142857142857143,0.6740088105726872,0.7008547008547008,0.7142857142857143,0.6791666666666667,0.6830357142857143,0.6680851063829787,0.7452830188679245,0.7652173913043478,0.7601626016260162,0.819327731092437,0.7924528301886793,0.9033816425120773,0.7966101694915254,0.8486238532110092,0.9134199134199135,0.9094827586206896,0.8995633187772926,0.9368932038834952,0.9556650246305419,0.9765258215962441,0.9824561403508771,0.9767441860465116,0.9957446808510638,1.0,0.9953488372093023,1.0,1.0,1.0,0.9823788546255506,0.9873949579831933,0.9795918367346939,0.9336283185840708,0.9458128078817734,0.9107142857142857,0.9205607476635514,0.8701923076923077,0.8794642857142857,0.8026315789473685,0.8636363636363636,0.7954545454545454,0.8031496062992126,0.75,0.8035714285714286,0.7198275862068966,0.7418032786885246,0.75,0.6763485477178424,0.7238095238095238,0.6736401673640168,0.6798245614035088,0.668141592920354,0.7098214285714286,0.6934673366834171,0.6493506493506493,0.7013574660633484,0.7442922374429224,0.7096774193548387,0.7767857142857143,0.7575757575757576,0.820627802690583,0.7727272727272727,0.889344262295082,0.8672566371681416,0.9095022624434389,0.926605504587156,0.9338842975206612,0.9487179487179487,0.9463414634146341,0.9330143540669856,0.9714285714285714,0.9954337899543378,0.986784140969163,0.9954337899543378,1.0,1.0
1.0,1.0,0.9869565217391304,0.9832635983263598,0.9912280701754386,0.9681818181818181,0.9681274900398407,0.963963963963964,0.9369369369369369,0.9383259911894273,0.8959276018099548,0.8778280542986425,0.8325991189427313,0.8325581395348837,0.8071748878923767,0.8070175438596491,0.8016528925619835,0.7817258883248731,0.7743362831858407,0.7596153846153846,0.7413793103448276,0.6973684210526315,0.7387387387387387,0.7125,0.6899563318777293,0.6757990867579908,0.6936170212765957,0.6755725190839694,0.7427184466019418,0.7341772151898734,0.7844827586206896,0.7436974789915967,0.7675438596491229,0.8,0.7880184331797235,0.8181818181818182,0.8564593301435407,0.8995633187772926,0.8530805687203792,0.8703703703703703,0.8960396039603961,0.9327354260089686,0.9356435643564357,0.9583333333333334,0.9513274336283186,0.975103734439834,0.9956896551724138,0.9959183673469387,1.0,1.0,1.0,1.0,0.9947368421052631,0.9868421052631579,0.987012987012987,0.9672897196261683,0.9570815450643777,0.9342105263157895,0.9366515837104072,0.9253112033195021,0.8991596638655462,0.8680851063829788,0.8654708520179372,0.8095238095238095,0.84,0.7673469387755102,0.7843137254901961,0.7194570135746606,0.7665198237885462,0.7366071428571429,0.7970297029702971,0.6777251184834123,0.6631578947368421,0.7276785714285714,0.7536231884057971,0.798941798941799,0.7767857142857143,0.7087378640776699,0.7393364928909952,0.7692307692307693,0.7819905213270142,0.7692307692307693,0.8130434782608695,0.7804878048780488,0.8310502283105022,0.8508771929824561,0.8734177215189873,0.8353413654618473,0.9123711340206185,0.9107142857142857,0.8837209302325582,0.9292035398230089,0.9551569506726457,0.9567307692307693,0.9672897196261683,0.9861111111111112,0.985981308411215,0.9904761904761905,1.0,1.0
1.0,1.0,0.9957081545064378,0.9907407407407407,0.985981308411215,0.96,0.958904109589041,0.963963963963964,0.9318181818181818,0.9130434782608695,0.925764192139738,0.8266666666666667,0.9032258064516129,0.839572192513369,0.8552036199095022,0.8008474576271186,0.8333333333333334,0.7535545023696683,0.7887931034482759,0.7759336099585062,0.7592592592592593,0.7824074074074074,0.6985645933014354,0.7067307692307693,0.7129186602870813,0.7606837606837606,0.7268722466960352,0.6982758620689655,0.7276422764227642,0.7155172413793104,0.7264957264957265,0.763265306122449,0.822429906542056,0.8177777777777778,0.8268398268398268,0.8056872037914692,0.8211009174311926,0.8786610878661087,0.8607594936708861,0.905829596412556,0.9316239316239316,0.9146919431279621,0.9301310043668122,0.9425837320574163,0.961864406779661,0.9674418604651163,0.9906103286384976,0.9912663755458515,1.0,1.0,1.0,0.9953917050691244,0.9869565217391304,0.9958333333333333,0.9781659388646288,0.9403669724770642,0.9506172839506173,0.9291666666666667,0.9317073170731708,0.9395348837209302,0.8908296943231441,0.8883720930232558,0.8571428571428571,0.851063829787234,0.8372093023255814,0.8444444444444444,0.8362831858407079,0.7412280701754386,0.6881188118811881,0.7268722466960352,0.7178217821782178,0.7842323651452282,0.759090909090909,0.7192982456140351,0.7660550458715596,0.7422222222222222,0.7615062761506276,0.7523364485981309,0.7086956521739131,0.7238095238095238,0.7155963302752294,0.7971698113207547,0.7794117647058824,0.8091286307053942,0.788,0.8118811881188119,0.8726415094339622,0.8699551569506726,0.8883928571428571,0.8956521739130435,0.910377358490566,0.9170305676855895,0.943127962085308,0.9704641350210971,0.9852941176470589,0.990990990990991,0.9878048780487805,0.9921875,1.0,1.0
1.0,1.0,0.9821428571428571,0.9904306220095693,0.9954954954954955,0.9669421487603306,0.9508928571428571,0.9623430962343096,0.9482758620689655,0.9220183486238532,0.9324324324324325,0.9222797927461139,0.8646288209606987,0.8540772532188842,0.8161434977578476,0.8565573770491803,0.8095238095238095,0.7787234042553192,0.8504672897196262,0.7339449541284404,0.7796610169491526,0.7570093457943925,0.7842323651452282,0.7489177489177489,0.7372881355932204,0.7435897435897436,0.7211538461538461,0.7160493827160493,0.7652173913043478,0.7521367521367521,0.8144796380090498,0.7348837209302326,0.8401826484018264,0.7610619469026548,0.8564814814814815,0.8418803418803419,0.861244019138756,0.8838383838383839,0.8962264150943396,0.9336099585062241,0.9070796460176991,0.9216589861751152,0.9203539823008849,0.9634703196347032,0.978448275862069,0.9857142857142858,0.9663461538461539,1.0,1.0,1.0,1.0,1.0,0.9950738916256158,0.9907834101382489,0.9830508474576272,0.9661016949152542,0.9699570815450643,0.9471544715447154,0.9631147540983607,0.915929203539823,0.8966942148760331,0.8873873873873874,0.8441558441558441,0.8457943925233645,0.8504672897196262,0.8078602620087336,0.7277227722772277,0.7954545454545454,0.8035714285714286,0.7387387387387387,0.7798165137614679,0.7428571428571429,0.7446808510638298,0.7418032786885246,0.6883116883116883,0.7605633802816901,0.7591836734693878,0.766497461928934,0.7196652719665272,0.7863247863247863,0.8225108225108225,0.7890295358649789,0.8205128205128205,0.7916666666666666,0.8609865470852018,0.8888888888888888,0.8421052631578947,0.9230769230769231,0.8770491803278688,0.9315068493150684,0.9113924050632911,0.9473684210526315,0.9604743083003953,0.972972972972973,0.975103734439834,0.995475113122172,0.9801980198019802,1.0,1.0,1.0
1.0,0.9953271028037384,0.99581589958159,0.9907834101382489,0.9951690821256038,0.991701244813278,0.9511111111111111,0.9744897959183674,0.919047619047619,0.9366515837104072,0.9043062200956937,0.9223300970873787,0.8934426229508197,0.8565217391304348,0.8632075471698113,0.8369098712446352,0.8744588744588745,0.8297872340425532,0.8071748878923767,0.8202764976958525,0.8029556650246306,0.7546296296296297,0.8,0.7543103448275862,0.7300884955752213,0.7198067632850241,0.8151658767772512,0.8070866141732284,0.759825327510917,0.7345132743362832,0.816,0.8198198198198198,0.8157894736842105,0.7777777777777778,0.861244019138756,0.8585858585858586,0.8605769230769231,0.8372093023255814,0.883495145631068,0.9383886255924171,0.9224489795918367,0.9533678756476683,0.9555555555555556,0.9788135593220338,0.9507389162561576,0.982532751091703,0.9868995633187773,0.9956140350877193,1.0,1.0,1.0,0.991304347826087,0.995475113122172,0.9956896551724138,0.9901477832512315,0.9704433497536946,0.9471153846153846,0.918552036199095,0.918918918918919,0.9151785714285714,0.9310344827586207,0.8844221105527639,0.8842592592592593,0.8454106280193237,0.8018867924528302,0.8502415458937198,0.8333333333333334,0.8272727272727273,0.8053097345132744,0.7489539748953975,0.8099547511312217,0.7511111111111111,0.7148760330578512,0.7956521739130434,0.74235807860262,0.8237885462555066,0.7534883720930232,0.7568807339449541,0.7616822429906542,0.7465437788018433,0.8497854077253219,0.7740384615384616,0.8227848101265823,0.805668016194332,0.8716814159292036,0.832579185520362,0.8497854077253219,0.9081632653061225,0.8955223880597015,0.8922413793103449,0.9190283400809717,0.9371980676328503,0.9678899082568807,0.9866071428571429,0.956140350877193,0.9821428571428571,0.9910714285714286,1.0,0.9957264957264957,1.0
1.0,1.0,1.0,0.9954545454545455,1.0,0.9862385321100917,0.9740932642487047,0.9753086419753086,0.9269406392694064,0.9433962264150944,0.9248826291079812,0.8883928571428571,0.905829596412556,0.8773584905660378,0.8774509803921569,0.8602620087336245,0.8915094339622641,0.8349056603773585,0.8478260869565217,0.8026905829596412,0.7880184331797235,0.8340807174887892,0.7710280373831776,0.7387755102040816,0.728110599078341,0.7403846153846154,0.8056872037914692,0.777292576419214,0.7682403433476395,0.8073394495412844,0.7845528455284553,0.7884615384615384,0.8165137614678899,0.8538812785388128,0.8370044052863436,0.8596491228070176,0.8597285067873304,0.9067796610169492,0.8984375,0.9441860465116279,0.9148936170212766,0.9704641350210971,0.9656652360515021,0.9595959595959596,0.9808612440191388,0.9906976744186047,0.9952830188679245,0.99581589958159,1.0,1.0,1.0,0.9956896551724138,0.9948186528497409,0.9918032786885246,0.9739130434782609,0.9822222222222222,0.9903381642512077,0.9070796460176991,0.944206008583691,0.9147982062780269,0.9465020576131687,0.9052132701421801,0.8978723404255319,0.883177570093458,0.893719806763285,0.865979381443299,0.8225108225108225,0.8530805687203792,0.775330396475771,0.7906976744186046,0.7767857142857143,0.7755102040816326,0.7688888888888888,0.7412280701754386,0.772093023255814,0.7610619469026548,0.7567567567567568,0.7149321266968326,0.7488584474885844,0.8117154811715481,0.8193832599118943,0.8277310924369747,0.8318181818181818,0.8693693693693694,0.8577586206896551,0.8701923076923077,0.8947368421052632,0.9230769230769231,0.8873239436619719,0.91324200913242,0.9517543859649122,0.9603960396039604,0.9695652173913043,0.9617224880382775,0.9953488372093023,0.975,0.9819004524886877,0.9911111111111112,1.0,1.0
1.0,1.0,1.0,1.0,0.9911504424778761,0.9861111111111112,0.9663865546218487,0.9760765550239234,0.9368932038834952,0.9464285714285714,0.9483568075117371,0.933920704845815,0.8842592592592593,0.9043478260869565,0.9090909090909091,0.8565400843881856,0.8720379146919431,0.8725490196078431,0.8783783783783784,0.7788461538461539,0.7805907172995781,0.8105726872246696,0.7692307692307693,0.8201058201058201,0.7859922178988327,0.8054298642533937,0.8297872340425532,0.8114035087719298,0.8284518828451883,0.8281938325991189,0.8311111111111111,0.823045267489712,0.8071748878923767,0.8657407407407407,0.8381742738589212,0.8933333333333333,0.9009009009009009,0.9077669902912622,0.9047619047619048,0.9212962962962963,0.9212962962962963,0.9210526315789473,0.9636363636363636,0.9723502304147466,0.9748743718592965,0.9772727272727273,0.9955947136563876,0.9956896551724138,1.0,1.0,1.0,0.9957805907172996,0.9955156950672646,0.9951219512195122,0.9797979797979798,0.9787234042553191,0.9723502304147466,0.963963963963964,0.9555555555555556,0.9547511312217195,0.8883248730964467,0.9184549356223176,0.9178082191780822,0.8823529411764706,0.8642533936651584,0.8049792531120332,0.8634361233480177,0.8511627906976744,0.8878048780487805,0.8349056603773585,0.8483412322274881,0.8405172413793104,0.8,0.7889908256880734,0.7767441860465116,0.8194444444444444,0.7511520737327189,0.7737556561085973,0.8208955223880597,0.8311111111111111,0.8140495867768595,0.8894230769230769,0.8260869565217391,0.8482142857142857,0.8952380952380953,0.880184331797235,0.8719211822660099,0.9107981220657277,0.9162790697674419,0.919431279620853,0.920704845814978,0.948,0.9547169811320755,0.9794871794871794,0.981042654028436,0.9867256637168141,0.995850622406639,0.9955555555555555,0.9955357142857143,1.0
1.0,1.0,0.9953051643192489,0.9919354838709677,0.9864253393665159,0.957345971563981,0.9824561403508771,0.964824120603015,0.9776785714285714,0.9775784753363229,0.9502262443438914,0.9203539823008849,0.9170305676855895,0.9146919431279621,0.8899082568807339,0.8879310344827587,0.8632075471698113,0.7982832618025751,0.8744186046511628,0.8518518518518519,0.8,0.8027522935779816,0.7929515418502202,0.8340425531914893,0.8284518828451883,0.8141592920353983,0.8086124401913876,0.7958333333333333,0.801980198019802,0.7899543378995434,0.8008658008658008,0.8738738738738738,0.8490566037735849,0.8649789029535865,0.8893805309734514,0.8348623853211009,0.8978723404255319,0.9259259259259259,0.9032258064516129,0.9313304721030042,0.9308755760368663,0.919831223628692,0.9661016949152542,0.9663461538461539,0.9767441860465116,0.9811320754716981,0.9910313901345291,0.995575221238938,1.0,1.0,1.0,1.0,0.995475113122172,0.9959514170040485,0.986046511627907,0.9912280701754386,0.9770642201834863,0.9570815450643777,0.9579439252336449,0.9439655172413793,0.9032258064516129,0.9305555555555556,0.8888888888888888,0.8744186046511628,0.8597285067873304,0.875,0.8532110091743119,0.8564814814814815,0.8235294117647058,0.8202764976958525,0.8082191780821918,0.7980769230769231,0.8153153153153153,0.8378378378378378,0.8325358851674641,0.8101851851851852,0.7681159420289855,0.8087649402390438,0.7947598253275109,0.8240740740740741,0.8430493273542601,0.8755980861244019,0.8387096774193549,0.8940092165898618,0.8287037037037037,0.8951965065502183,0.9098360655737705,0.9267241379310345,0.9182692307692307,0.9452054794520548,0.9357798165137615,0.9364406779661016,0.9823788546255506,0.9740932642487047,0.9805825242718447,0.9914163090128756,0.9953703703703703,0.9950980392156863,1.0,1.0
1.0,1.0,0.9956521739130435,0.9907834101382489,0.9957805907172996,0.9956896551724138,0.9592760180995475,0.975103734439834,0.954954954954955,0.946078431372549,0.9289099526066351,0.9371980676328503,0.8846153846153846,0.918918918918919,0.918552036199095,0.9147982062780269,0.8507462686567164,0.8604651162790697,0.8425925925925926,0.8507462686567164,0.8448979591836735,0.8208955223880597,0.8201058201058201,0.8592233009708737,0.7951219512195122,0.8151260504201681,0.8341013824884793,0.8683127572016461,0.8614718614718615,0.864406779661017,0.8090909090909091,0.819047619047619,0.8577981651376146,0.8347457627118644,0.884,0.9079497907949791,0.9226804123711341,0.8829268292682927,0.9144144144144144,0.9302325581395349,0.935064935064935,0.9570815450643777,0.9624413145539906,0.958904109589041,0.9947916666666666,0.9901960784313726,0.9956521739130435,1.0,0.9957264957264957,1.0,1.0,1.0,0.9866071428571429,1.0,0.9908675799086758,0.9855769230769231,0.9780701754385965,0.987012987012987,0.95,0.9205020920502092,0.908256880733945,0.9224137931034483,0.9444444444444444,0.8803827751196173,0.9158415841584159,0.8878504672897196,0.8733624454148472,0.8842592592592593,0.8423645320197044,0.8728813559322034,0.874439461883408,0.815668202764977,0.8592964824120602,0.8137254901960784,0.8130434782608695,0.8438818565400844,0.7899543378995434,0.8425925925925926,0.8483412322274881,0.8626609442060086,0.8325991189427313,0.85,0.8268398268398268,0.8755364806866953,0.8828828828828829,0.9423076923076923,0.9344978165938864,0.9155555555555556,0.9254385964912281,0.9485981308411215,0.9351851851851852,0.9674418604651163,0.9859154929577465,0.9615384615384616,0.9819004524886877,0.9866071428571429,0.995260663507109,0.9952153110047847,1.0,1.0
1.0,1.0,1.0,0.9954128440366973,0.9908675799086758,0.9823008849557522,0.9865470852017937,0.9772727272727273,0.9446808510638298,0.963302752293578,0.90625,0.92,0.9018691588785047,0.8898305084745762,0.9227642276422764,0.8917748917748918,0.8875,0.8232323232323232,0.8755555555555555,0.8938053097345132,0.8355555555555556,0.8942731277533039,0.8642533936651584,0.815668202764977,0.8189300411522634,0.8333333333333334,0.8716814159292036,0.8497652582159625,0.8708133971291866,0.8219895287958116,0.8565022421524664,0.8619246861924686,0.8894230769230769,0.8867924528301887,0.909952606635071,0.8923076923076924,0.9110169491525424,0.9144144144144144,0.9459459459459459,0.9316239316239316,0.9553571428571429,0.968609865470852,0.9652173913043478,0.9813953488372092,0.9781659388646288,1.0,0.9913793103448276,1.0,1.0,0.9956896551724138,1.0,1.0,1.0,0.9900497512437811,0.9955555555555555,0.9719626168224299,0.9615384615384616,0.9724770642201835,0.9674418604651163,0.9656652360515021,0.9356223175965666,0.8983050847457628,0.8647342995169082,0.8954545454545455,0.8730964467005076,0.8820960698689956,0.8812785388127854,0.8785046728971962,0.9192825112107623,0.8571428571428571,0.8458149779735683,0.8,0.8571428571428571,0.8058252427184466,0.8434782608695652,0.847457627118644,0.8512396694214877,0.8672985781990521,0.8604651162790697,0.8604651162790697,0.8059701492537313,0.8538812785388128,0.8578199052132701,0.8592964824120602,0.926605504587156,0.8739495798319328,0.9207920792079208,0.8878923766816144,0.9439252336448598,0.95,0.9563318777292577,0.9615384615384616,0.9868421052631579,0.9952153110047847,0.9811320754716981,0.9872881355932204,0.9906103286384976,1.0,1.0,1.0
1.0,1.0,0.9953488372093023,1.0,0.9757281553398058,0.981042654028436,0.955,0.9823008849557522,0.9770642201834863,0.9653679653679653,0.9681818181818181,0.9414225941422594,0.8873239436619719,0.9146919431279621,0.9230769230769231,0.9158878504672897,0.9174311926605505,0.9098712446351931,0.9009009009009009,0.8705357142857143,0.8847736625514403,0.8893617021276595,0.84375,0.8818181818181818,0.8505154639175257,0.8465116279069768,0.8868778280542986,0.8623853211009175,0.8632075471698113,0.8407079646017699,0.8418604651162791,0.8721461187214612,0.8497652582159625,0.8502415458937198,0.9276018099547512,0.8963963963963963,0.916256157635468,0.8983050847457628,0.94,0.9073170731707317,0.9675925925925926,0.9641255605381166,0.9754901960784313,0.9772727272727273,0.986784140969163,0.9853658536585366,0.9920634920634921,1.0,1.0,1.0,1.0,1.0,0.9880478087649402,1.0,0.9866071428571429,0.9871244635193133,0.9669421487603306,0.9619047619047619,0.9661016949152542,0.966824644549763,0.961038961038961,0.9220183486238532,0.9173913043478261,0.9272727272727272,0.9245283018867925,0.8949771689497716,0.8894009216589862,0.8702928870292888,0.8820754716981132,0.863013698630137,0.8149779735682819,0.8413461538461539,0.8382352941176471,0.8620689655172413,0.8622222222222222,0.8744186046511628,0.8767772511848341,0.8687782805429864,0.8060344827586207,0.8744769874476988,0.8815165876777251,0.8669950738916257,0.8938053097345132,0.8790697674418605,0.9041666666666667,0.8979591836734694,0.8944954128440367,0.943127962085308,0.9195979899497487,0.9461883408071748,0.9626168224299065,0.9766355140186916,0.9742489270386266,0.9823788546255506,0.9809523809523809,0.9908675799086758,0.9855769230769231,1.0,1.0,1.0
1.0,1.0,1.0,0.9957264957264957,0.9910313901345291,0.9956331877729258,0.9619047619047619,0.9786324786324786,0.987603305785124,0.9414634146341463,0.9775784753363229,0.9497716894977168,0.9587155963302753,0.9388646288209607,0.9054726368159204,0.9305555555555556,0.8894009216589862,0.883248730964467,0.8626609442060086,0.8888888888888888,0.8682926829268293,0.8617511520737328,0.8914027149321267,0.8571428571428571,0.8564593301435407,0.8900523560209425,0.9035087719298246,0.8775510204081632,0.890295358649789,0.8363636363636363,0.9116279069767442,0.9118942731277533,0.8852459016393442,0.9146341463414634,0.8811881188118812,0.891213389121339,0.926605504587156,0.9269406392694064,0.9406392694063926,0.9356223175965666,0.9711538461538461,0.9606986899563319,0.9783549783549783,0.9606986899563319,0.986784140969163,1.0,0.9913793103448276,0.9953917050691244,1.0,1.0,1.0,0.9954128440366973,1.0,0.9952380952380953,0.9829059829059829,0.9954128440366973,0.9822222222222222,0.9871794871794872,0.9517543859649122,0.9660194174757282,0.9592760180995475,0.9631147540983607,0.914396887159533,0.9117647058823529,0.9260869565217391,0.8915094339622641,0.8979591836734694,0.8917748917748918,0.9054054054054054,0.8768472906403941,0.8487394957983193,0.8787878787878788,0.8317307692307693,0.8528138528138528,0.8326359832635983,0.8112449799196787,0.8578431372549019,0.8978723404255319,0.9045454545454545,0.8564814814814815,0.902542372881356,0.9116279069767442,0.8903508771929824,0.9045454545454545,0.8944954128440367,0.9545454545454546,0.9336283185840708,0.9398148148148148,0.9637096774193549,0.9399141630901288,0.973568281938326,0.9545454545454546,0.9856459330143541,0.990521327014218,0.9871794871794872,0.9909502262443439,0.9959016393442623,1.0,1.0,1.0
1.0,0.99,1.0,0.9905660377358491,0.9809885931558935,0.9957264957264957,0.9955947136563876,0.9912663755458515,0.9638009049773756,0.9626168224299065,0.9521531100478469,0.9447004608294931,0.8981481481481481,0.9230769230769231,0.9409090909090909,0.9363636363636364,0.9124423963133641,0.9047619047619048,0.9027777777777778,0.8968609865470852,0.8844444444444445,0.8764478764478765,0.8835978835978836,0.8711111111111111,0.8969957081545065,0.8539823008849557,0.8591549295774648,0.8691588785046729,0.9439252336448598,0.8955823293172691,0.8808510638297873,0.910377358490566,0.8823529411764706,0.8868778280542986,0.9434782608695652,0.9121951219512195,0.9483568075117371,0.9310344827586207,0.945,0.9476190476190476,0.9556650246305419,0.9799196787148594,0.9808612440191388,0.981651376146789,0.9857142857142858,0.982532751091703,1.0,1.0,1.0,1.0,1.0,1.0,1.0,1.0,0.995575221238938,0.9767441860465116,0.9907407407407407,0.9864253393665159,0.9812206572769953,0.9628099173553719,0.9608695652173913,0.9516908212560387,0.9419642857142857,0.9377777777777778,0.9601990049751243,0.9087136929460581,0.9,0.8995433789954338,0.8724279835390947,0.9363636363636364,0.8616071428571429,0.9045643153526971,0.8807339449541285,0.8571428571428571,0.8826086956521739,0.9056603773584906,0.8545454545454545,0.8809523809523809,0.8720379146919431,0.8859649122807017,0.9112149532710281,0.9196428571428571,0.8973214285714286,0.9211822660098522,0.919831223628692,0.960352422907489,0.9094827586206896,0.923469387755102,0.9459459459459459,0.9567307692307693,0.9665071770334929,0.9819004524886877,0.9748953974895398,0.9771689497716894,0.9665271966527197,1.0,1.0,0.9904306220095693,1.0,1.0
1.0,1.0,1.0,0.9912280701754386,1.0,0.9907834101382489,0.981042654028436,0.9790575916230366,0.9656862745098039,0.9728506787330317,0.9519230769230769,0.9493670886075949,0.9631147540983607,0.9398148148148148,0.9279661016949152,0.928,0.927536231884058,0.9377593360995851,0.9214876033057852,0.9162790697674419,0.91324200913242,0.9070796460176991,0.9145299145299145,0.9063829787234042,0.918552036199095,0.8944954128440367,0.9230769230769231,0.9315068493150684,0.8767123287671232,0.8927038626609443,0.9230769230769231,0.9054054054054054,0.910377358490566,0.9216589861751152,0.92,0.92018779342723,0.9569377990430622,0.9405940594059405,0.9346938775510204,0.9746835443037974,0.9698275862068966,0.9732142857142857,0.9800995024875622,0.9901477832512315,0.9914163090128756,0.9917355371900827,1.0,1.0,0.9958677685950413,1.0,1.0,1.0,1.0,0.9907407407407407,0.9828326180257511,0.975,0.9907407407407407,0.9842105263157894,0.9771689497716894,0.9605263157894737,0.9813953488372092,0.9605263157894737,0.9196428571428571,0.9285714285714286,0.9220183486238532,0.9590163934426229,0.8954545454545455,0.9364406779661016,0.9045226130653267,0.9262672811059908,0.8959276018099548,0.8783783783783784,0.8658008658008658,0.8661087866108786,0.8552036199095022,0.860655737704918,0.9111111111111111,0.8959276018099548,0.8849557522123894,0.8834080717488789,0.8791666666666667,0.8963963963963963,0.9307359307359307,0.8935185185185185,0.9141414141414141,0.9504504504504504,0.95,0.947136563876652,0.9403669724770642,0.9528795811518325,0.9626556016597511,0.9815668202764977,0.991701244813278,0.9681818181818181,0.9909502262443439,1.0,1.0,0.9907834101382489,1.0,1.0
1.0,1.0,1.0,0.9953488372093023,0.9873417721518988,0.9813084112149533,0.9955555555555555,0.9714285714285714,0.9907407407407407,0.9606986899563319,0.9626168224299065,0.9475982532751092,0.9428571428571428,0.9346733668341709,0.9170506912442397,0.9557522123893806,0.9146919431279621,0.8904761904761904,0.9210526315789473,0.9356435643564357,0.9192825112107623,0.9257425742574258,0.9267241379310345,0.8893617021276595,0.8974358974358975,0.8982300884955752,0.9182692307692307,0.9078947368421053,0.918918918918919,0.9142857142857143,0.9155555555555556,0.9227467811158798,0.9306122448979591,0.9380530973451328,0.9327354260089686,0.9488372093023256,0.9212962962962963,0.9626168224299065,0.9619047619047619,0.9953488372093023,0.9715639810426541,0.9549180327868853,0.968609865470852,0.9857142857142858,0.9865470852017937,0.9953917050691244,1.0,0.995850622406639,1.0,1.0,1.0,1.0,1.0,1.0,0.9858490566037735,1.0,0.9901960784313726,0.973568281938326,0.98,0.9377777777777778,0.9806763285024155,0.9512195121951219,0.9375,0.9783549783549783,0.9372197309417041,0.9438775510204082,0.8853211009174312,0.918552036199095,0.9313304721030042,0.9347826086956522,0.9015544041450777,0.926605504587156,0.8925233644859814,0.8818181818181818,0.9026548672566371,0.9140271493212669,0.8942307692307693,0.9317073170731708,0.9220183486238532,0.8986175115207373,0.9324324324324325,0.9117647058823529,0.9342105263157895,0.9251101321585903,0.9372197309417041,0.965,0.9868995633187773,0.9532710280373832,0.9631336405529954,0.9776785714285714,0.9683794466403162,0.9902439024390244,0.9780701754385965,0.9914893617021276,0.9906976744186047,1.0,0.9954954954954955,1.0,1.0,1.0
1.0,1.0,1.0,1.0,0.9951923076923077,0.995260663507109,0.9866071428571429,0.985,0.9776785714285714,0.9906976744186047,0.968609865470852,0.991304347826087,0.9517543859649122,0.9680365296803652,0.9414634146341463,0.9344262295081968,0.9478260869565217,0.9234234234234234,0.9054054054054054,0.9363636363636364,0.9306122448979591,0.9132231404958677,0.9353448275862069,0.92018779342723,0.8910891089108911,0.9234234234234234,0.9254385964912281,0.9078341013824884,0.9086538461538461,0.944,0.9195979899497487,0.9380530973451328,0.9388646288209607,0.9215686274509803,0.9521531100478469,0.9360730593607306,0.9642857142857143,0.9683257918552036,0.9820627802690582,0.9852216748768473,0.9674418604651163,0.9899497487437185,0.9799196787148594,0.9867256637168141,0.9953051643192489,1.0,0.9957081545064378,0.9955947136563876,1.0,1.0,1.0,1.0,0.9949238578680203,1.0,0.991304347826087,0.9869565217391304,0.9694323144104804,0.995575221238938,0.975,0.9910313901345291,0.9681818181818181,0.9675925925925926,0.9624413145539906,0.9534883720930233,0.9322033898305084,0.9333333333333333,0.9368932038834952,0.9482071713147411,0.9446640316205533,0.9369369369369369,0.9045226130653267,0.9311926605504587,0.8853754940711462,0.8877551020408163,0.9234042553191489,0.9308943089430894,0.8973214285714286,0.9156118143459916,0.9234234234234234,0.9141630901287554,0.9420289855072463,0.9262672811059908,0.9421487603305785,0.9423076923076923,0.9282511210762332,0.9568965517241379,0.9419642857142857,0.9704433497536946,0.944954128440367,0.9861751152073732,0.9712918660287081,1.0,0.9711538461538461,0.9950738916256158,0.9918032786885246,0.9949238578680203,1.0,1.0,1.0,1.0
1.0,1.0,1.0,0.996078431372549,0.9878048780487805,0.9959677419354839,0.9862385321100917,0.9859154929577465,0.9861751152073732,0.9821428571428571,0.9874476987447699,0.9818181818181818,0.9737991266375546,0.9634703196347032,0.961038961038961,0.9565217391304348,0.9759615384615384,0.9247787610619469,0.9299065420560748,0.9285714285714286,0.9353448275862069,0.9422222222222222,0.9463414634146341,0.9422222222222222,0.9363636363636364,0.9344978165938864,0.9324324324324325,0.9494949494949495,0.9502262443438914,0.9495412844036697,0.9466666666666667,0.9391304347826087,0.954337899543379,0.9766355140186916,0.9557522123893806,0.9527896995708155,0.9490740740740741,0.9867256637168141,0.9806763285024155,0.9863013698630136,0.9835390946502057,0.9915966386554622,0.9907834101382489,0.9951456310679612,0.9913419913419913,0.9956521739130435,1.0,1.0,1.0,1.0,1.0,1.0,0.9955357142857143,1.0,1.0,1.0,0.985781990521327,0.9866666666666667,0.9865470852017937,0.995475113122172,0.9758454106280193,0.9675925925925926,0.9798387096774194,0.943127962085308,0.9711934156378601,0.9342723004694836,0.8945147679324894,0.9598214285714286,0.9771689497716894,0.9238095238095239,0.9136363636363637,0.949238578680203,0.9330357142857143,0.9624413145539906,0.9701492537313433,0.958904109589041,0.9298245614035088,0.9357798165137615,0.9372197309417041,0.9026548672566371,0.9324324324324325,0.927038626609442,0.971830985915493,0.9294605809128631,0.9684684684684685,0.9613733905579399,0.9699570815450643,0.9826839826839827,0.9902439024390244,0.9818181818181818,0.9696969696969697,0.9863636363636363,0.9852216748768473,1.0,0.996,0.9953703703703703,0.9951690821256038,1.0,1.0,1.0
1.0,1.0,1.0,1.0,1.0,0.9918032786885246,0.9954954954954955,0.9796747967479674,0.9808612440191388,0.9914529914529915,0.9855072463768116,0.9759036144578314,0.9489795918367347,0.9572649572649573,0.9764150943396226,0.9739130434782609,0.9495412844036697,0.9178743961352657,0.9596412556053812,0.973568281938326,0.9318181818181818,0.9264069264069265,0.9469026548672567,0.9444444444444444,0.9533898305084746,0.9372197309417041,0.9406392694063926,0.9298245614035088,0.9696969696969697,0.9815668202764977,0.9680365296803652,0.9493670886075949,0.9636363636363636,0.9530516431924883,0.973568281938326,0.9567099567099567,0.966183574879227,0.9681818181818181,0.9704641350210971,0.964824120603015,0.9747474747474747,0.990521327014218,0.96,0.9861111111111112,0.9805825242718447,1.0,1.0,1.0,1.0,1.0,1.0,1.0,1.0,1.0,0.9953271028037384,0.9913793103448276,0.9906976744186047,0.9861111111111112,0.9771689497716894,0.9833333333333333,0.9647577092511013,0.9644444444444444,0.9765258215962441,0.9621848739495799,0.9565217391304348,0.9727272727272728,0.9357798165137615,0.9342105263157895,0.9523809523809523,0.9485981308411215,0.9537037037037037,0.954954954954955,0.9497716894977168,0.961352657004831,0.9248826291079812,0.9485981308411215,0.9230769230769231,0.9663461538461539,0.9454545454545454,0.9380530973451328,0.973568281938326,0.9622641509433962,0.9301310043668122,0.9512195121951219,0.9611650485436893,0.9504504504504504,0.9691629955947136,0.9590909090909091,0.9681818181818181,0.9871244635193133,0.9857142857142858,0.9872881355932204,0.9952153110047847,1.0,1.0,0.9910313901345291,1.0,1.0,1.0,1.0
1.0,1.0,1.0,1.0,1.0,0.9957983193277311,0.9869565217391304,0.9917355371900827,0.9908256880733946,0.9675925925925926,0.9776785714285714,0.9785407725321889,0.990909090909091,0.9818181818181818,0.9736842105263158,0.956140350877193,0.9534883720930233,0.9766355140186916,0.9543568464730291,0.9760956175298805,0.9626168224299065,0.9598393574297188,0.9365853658536586,0.970873786407767,0.9519650655021834,0.9441860465116279,0.9586776859504132,0.9713114754098361,0.9598393574297188,0.9424778761061947,0.9683257918552036,0.9441860465116279,0.9606986899563319,0.9737991266375546,0.9516908212560387,0.9620253164556962,0.9608695652173913,0.9787234042553191,0.9806763285024155,0.9852941176470589,0.979381443298969,0.9826086956521739,0.9954545454545455,0.986046511627907,0.9952153110047847,1.0,0.9954337899543378,1.0,1.0,1.0,1.0,0.9903846153846154,0.9950738916256158,1.0,0.9954337899543378,1.0,1.0,0.9714285714285714,0.9876543209876543,0.9911504424778761,0.9587155963302753,0.9601769911504425,0.9579439252336449,0.9603174603174603,0.9534883720930233,0.9596774193548387,0.9748743718592965,0.9539748953974896,0.9519230769230769,0.9596412556053812,0.9583333333333334,0.9567099567099567,0.926605504587156,0.9541284403669725,0.9613733905579399,0.9483568075117371,0.9447004608294931,0.9659574468085106,0.9629629629629629,0.9672897196261683,0.9541666666666667,0.9661016949152542,0.9819004524886877,0.9569377990430622,0.959349593495935,0.9692982456140351,0.9530516431924883,0.9832635983263598,0.9703389830508474,0.9850746268656716,0.9704433497536946,0.9877551020408163,0.9826086956521739,0.9918367346938776,0.9959183673469387,1.0,0.9952830188679245,1.0,1.0,1.0
1.0,1.0,1.0,1.0,0.995850622406639,0.9952380952380953,1.0,0.9908256880733946,0.9915611814345991,0.9901477832512315,0.9838056680161943,0.9806763285024155,0.9907407407407407,0.9732142857142857,0.9592760180995475,0.9782608695652174,0.9372384937238494,0.9823008849557522,0.9754098360655737,0.95260663507109,0.9620853080568721,0.9624413145539906,0.9596412556053812,0.9468599033816425,0.971830985915493,0.9747899159663865,0.9662447257383966,0.9714285714285714,0.9603960396039604,0.9737991266375546,0.9502262443438914,0.9593908629441624,0.9631147540983607,0.9795918367346939,0.9805825242718447,0.978448275862069,0.9866071428571429,0.9772727272727273,0.9864253393665159,0.9902912621359223,1.0,0.9814814814814815,0.9901477832512315,0.9947643979057592,0.9955555555555555,1.0,1.0,1.0,1.0,1.0,1.0,1.0,1.0,1.0,0.9909502262443439,1.0,0.9923371647509579,0.9821428571428571,0.9901960784313726,0.9875,0.9705882352941176,0.9788135593220338,0.9702127659574468,0.9678899082568807,0.9912280701754386,0.9607843137254902,0.9833333333333333,0.98,0.9585253456221198,0.9606986899563319,0.9587155963302753,0.9537037037037037,0.96875,0.9680365296803652,0.960352422907489,0.9236947791164659,0.9555555555555556,0.958904109589041,0.9525862068965517,0.9590909090909091,0.9646464646464646,0.9665271966527197,0.9851485148514851,0.9715639810426541,0.9552238805970149,0.9813084112149533,0.9818181818181818,0.9807692307692307,0.9911504424778761,0.9845360824742269,0.9906103286384976,0.995475113122172,0.9960159362549801,1.0,0.9958847736625515,1.0,1.0,1.0,1.0,1.0
1.0,1.0,1.0,1.0,1.0,1.0,1.0,0.9867256637168141,0.9871244635193133,0.9903381642512077,0.9960474308300395,0.9909502262443439,0.9828326180257511,0.9746192893401016,0.9813953488372092,0.986784140969163,0.9778761061946902,0.9724770642201835,0.9569377990430622,0.967741935483871,0.9473684210526315,0.9634146341463414,0.9535864978902954,0.96875,0.9704433497536946,0.9624413145539906,0.9652173913043478,0.961352657004831,0.9530516431924883,0.9739130434782609,0.9828326180257511,0.9528301886792453,0.9666666666666667,0.9839357429718876,0.9777777777777777,0.9752066115702479,0.9822222222222222,0.9813953488372092,0.9900990099009901,0.9723502304147466,0.9908675799086758,0.9728506787330317,0.9864864864864865,0.9913419913419913,0.9953488372093023,1.0,0.9955156950672646,1.0,1.0,1.0,1.0,1.0,1.0,1.0,1.0,0.9950980392156863,0.9954337899543378,0.9790794979079498,0.9783549783549783,0.9903846153846154,0.9954337899543378,0.9748743718592965,0.9857142857142858,0.9658119658119658,0.995475113122172,0.9831932773109243,0.9785407725321889,0.981651376146789,0.9688888888888889,0.960352422907489,0.9724770642201835,0.9650655021834061,0.9877551020408163,0.9742268041237113,0.9739130434782609,0.948936170212766,0.9669421487603306,0.9881422924901185,0.9782608695652174,0.9577464788732394,0.9622641509433962,0.9859154929577465,0.963302752293578,0.9872881355932204,0.9866666666666667,0.990909090909091,0.9767441860465116,0.9743589743589743,0.976303317535545,0.995260663507109,0.990990990990991,0.981651376146789,1.0,0.9953051643192489,1.0,1.0,1.0,1.0,1.0,1.0
1.0,0.9952830188679245,1.0,1.0,1.0,1.0,1.0,0.9950248756218906,0.996,0.9864864864864865,0.9873417721518988,0.9955357142857143,0.9914163090128756,0.9915966386554622,0.9855072463768116,0.995260663507109,0.9896373056994818,0.9716981132075472,0.990990990990991,0.963302752293578,0.9747474747474747,0.9910714285714286,0.9873417721518988,0.9908256880733946,0.9861111111111112,0.9910313901345291,0.9953271028037384,0.9800796812749004,0.9631336405529954,0.9775784753363229,0.9813953488372092,0.9728506787330317,0.9830508474576272,0.972,0.9911111111111112,0.9904306220095693,0.9775784753363229,0.9956709956709957,0.9899497487437185,0.990990990990991,0.9868421052631579,1.0,0.9958333333333333,1.0,0.9954128440366973,0.9951690821256038,1.0,1.0,1.0,1.0,1.0,1.0,1.0,1.0,1.0,1.0,1.0,0.9956709956709957,0.9815668202764977,0.995475113122172,0.9948186528497409,0.9903846153846154,0.9832635983263598,1.0,0.9866666666666667,0.9909502262443439,0.9901960784313726,0.9776785714285714,0.9805825242718447,0.9822222222222222,0.9818181818181818,0.9866666666666667,0.9683257918552036,0.981042654028436,0.9771689497716894,0.9547738693467337,0.9909502262443439,0.9624413145539906,0.9914529914529915,0.9851485148514851,0.966804979253112,0.9861751152073732,0.981042654028436,0.9780701754385965,0.9861111111111112,0.9952380952380953,0.9911504424778761,0.9910714285714286,0.9871794871794872,0.9875518672199171,1.0,1.0,0.9954954954954955,0.990521327014218,1.0,0.9909502262443439,0.9956331877729258,1.0,0.9956709956709957,1.0
1.0,1.0,1.0,0.9955947136563876,1.0,1.0,0.9861751152073732,0.9954545454545455,1.0,0.9916317991631799,0.9955357142857143,0.9769585253456221,0.9688888888888889,0.9912663755458515,0.986784140969163,1.0,0.9795081967213115,0.9950738916256158,0.9911894273127754,0.9907834101382489,0.987012987012987,0.971830985915493,0.9950738916256158,0.9864864864864865,0.9955357142857143,0.9760765550239234,0.9910313901345291,0.9854368932038835,0.9834710743801653,0.9915611814345991,0.9950738916256158,0.9672131147540983,0.9876543209876543,0.9855072463768116,0.9958847736625515,0.9813953488372092,0.9795081967213115,0.9833333333333333,0.9952153110047847,0.9919678714859438,0.9949748743718593,0.985781990521327,0.990909090909091,0.9919028340080972,0.9952830188679245,0.9952153110047847,1.0,1.0,1.0,1.0,1.0,1.0,0.995475113122172,0.9954337899543378,0.9955947136563876,1.0,1.0,0.9957446808510638,1.0,0.9953703703703703,0.9950738916256158,1.0,0.9955947136563876,0.9767441860465116,0.9906103286384976,0.9859154929577465,0.9960474308300395,0.9822222222222222,0.9715639810426541,0.9904761904761905,0.9863636363636363,0.9789915966386554,0.9817351598173516,0.9771689497716894,0.9744897959183674,0.9863636363636363,0.9897435897435898,0.991304347826087,0.9747899159663865,0.9833333333333333,0.9820627802690582,0.9794871794871794,0.9869565217391304,0.9838056680161943,0.9877551020408163,0.9863636363636363,0.9915254237288136,0.995575221238938,0.9902439024390244,0.9953051643192489,1.0,0.9910313901345291,1.0,1.0,0.9951456310679612,0.9904761904761905,1.0,1.0,1.0,1.0
1.0,1.0,1.0,1.0,0.9955156950672646,1.0,1.0,1.0,1.0,1.0,0.9959016393442623,1.0,0.995475113122172,1.0,0.981042654028436,0.9914529914529915,0.9861751152073732,1.0,0.9910313901345291,0.9863013698630136,0.9911894273127754,0.9662447257383966,0.9896907216494846,0.9910714285714286,0.995850622406639,0.9864864864864865,0.9953917050691244,0.9827586206896551,1.0,0.995850622406639,0.991304347826087,0.9905660377358491,0.9865470852017937,0.9861751152073732,0.9958847736625515,0.9863636363636363,0.9906103286384976,0.9858490566037735,0.995850622406639,0.990990990990991,0.9911504424778761,0.9954954954954955,0.9957081545064378,1.0,1.0,1.0,1.0,1.0,1.0,1.0,1.0,1.0,0.9957627118644068,1.0,1.0,1.0,0.9959183673469387,0.9957081545064378,1.0,0.990909090909091,0.9952830188679245,0.9914163090128756,1.0,0.9903381642512077,0.985981308411215,0.9914529914529915,0.9836734693877551,0.9864864864864865,0.9819004524886877,0.9951690821256038,0.9813953488372092,0.9864864864864865,0.9802371541501976,0.996078431372549,0.9862385321100917,0.9853658536585366,0.9829787234042553,0.9957081545064378,0.9954128440366973,0.9911894273127754,0.9918032786885246,0.9956896551724138,0.9950980392156863,0.9957446808510638,0.9819819819819819,0.9910714285714286,0.9859154929577465,0.9863636363636363,0.9954954954954955,0.9954128440366973,1.0,0.9955357142857143,1.0,1.0,1.0,1.0,1.0,0.9953271028037384,1.0,1.0
1.0,1.0,1.0,1.0,1.0,1.0,1.0,1.0,1.0,1.0,1.0,1.0,1.0,0.9957983193277311,1.0,1.0,1.0,0.9832635983263598,0.9951456310679612,1.0,0.9866666666666667,1.0,1.0,1.0,0.9955156950672646,0.995575221238938,0.9951456310679612,0.9958333333333333,0.9959349593495935,0.9875518672199171,0.9961389961389961,0.9906103286384976,0.9858490566037735,0.9914163090128756,1.0,0.9906542056074766,1.0,1.0,0.9951690821256038,1.0,1.0,1.0,0.9956331877729258,1.0,1.0,1.0,1.0,1.0,1.0,1.0,1.0,1.0,1.0,1.0,0.9955357142857143,1.0,1.0,1.0,1.0,0.9954128440366973,1.0,0.9958847736625515,1.0,0.9953703703703703,1.0,0.9806763285024155,0.9904306220095693,0.9956140350877193,0.9913793103448276,1.0,0.9918032786885246,0.9957446808510638,1.0,0.9864253393665159,0.9866071428571429,0.9872881355932204,0.9955555555555555,0.9910313901345291,0.9841897233201581,1.0,1.0,0.9865470852017937,1.0,0.9894179894179894,0.9950980392156863,0.9951456310679612,1.0,1.0,0.9906542056074766,1.0,0.9956896551724138,1.0,1.0,1.0,1.0,1.0,1.0,1.0,1.0,1.0
1.0,1.0,1.0,1.0,1.0,1.0,1.0,1.0,0.990990990990991,1.0,1.0,1.0,1.0,1.0,0.995575221238938,1.0,1.0,1.0,0.9915966386554622,1.0,0.9951923076923077,0.9953271028037384,0.995575221238938,1.0,0.9954545454545455,0.9954545454545455,0.9956521739130435,0.9913793103448276,1.0,0.995575221238938,0.9957081545064378,1.0,0.986784140969163,0.9795918367346939,0.9917355371900827,1.0,1.0,1.0,1.0,1.0,1.0,1.0,1.0,1.0,1.0,1.0,1.0,1.0,1.0,1.0,1.0,1.0,1.0,1.0,1.0,1.0,1.0,1.0,1.0,1.0,0.996,0.9911111111111112,0.9953051643192489,1.0,0.9954954954954955,0.9954337899543378,0.9957983193277311,1.0,1.0,0.9954128440366973,1.0,0.9904761904761905,0.9954954954954955,0.9954954954954955,0.9910714285714286,1.0,0.9955555555555555,0.9919678714859438,0.9953703703703703,0.9956521739130435,0.9908256880733946,0.9864864864864865,0.991701244813278,1.0,0.9956331877729258,1.0,0.9901960784313726,1.0,0.9953703703703703,1.0,1.0,1.0,1.0,1.0,1.0,1.0,1.0,1.0,1.0,1.0
1.0,1.0,1.0,1.0,1.0,0.9954128440366973,1.0,1.0,1.0,1.0,0.9958847736625515,1.0,1.0,1.0,0.9956331877729258,1.0,1.0,0.9954337899543378,1.0,0.9903846153846154,1.0,1.0,1.0,0.9957264957264957,1.0,1.0,1.0,0.9953917050691244,0.9957983193277311,1.0,0.9950248756218906,1.0,1.0,1.0,1.0,0.9949748743718593,0.9954337899543378,1.0,1.0,1.0,1.0,1.0,1.0,1.0,1.0,1.0,1.0,1.0,1.0,1.0,1.0,1.0,1.0,1.0,1.0,1.0,1.0,1.0,1.0,0.995575221238938,1.0,1.0,1.0,0.9947916666666666,1.0,1.0,1.0,0.9913793103448276,1.0,1.0,0.996,0.9951690821256038,0.9953917050691244,1.0,0.9955947136563876,0.9951219512195122,1.0,1.0,1.0,0.9955357142857143,1.0,1.0,0.9960159362549801,1.0,1.0,1.0,1.0,1.0,1.0,1.0,1.0,1.0,1.0,1.0,1.0,1.0,1.0,1.0,1.0,1.0
1.0,1.0,1.0,1.0,1.0,1.0,1.0,1.0,1.0,1.0,1.0,1.0,1.0,1.0,0.9953917050691244,1.0,1.0,0.9956140350877193,1.0,1.0,1.0,1.0,1.0,1.0,0.9958333333333333,1.0,1.0,1.0,1.0,1.0,1.0,1.0,1.0,1.0,1.0,1.0,1.0,0.9957264957264957,1.0,1.0,1.0,1.0,1.0,1.0,1.0,1.0,1.0,1.0,1.0,1.0,1.0,1.0,1.0,1.0,1.0,1.0,1.0,1.0,1.0,1.0,1.0,1.0,1.0,1.0,1.0,1.0,1.0,1.0,1.0,1.0,1.0,1.0,1.0,1.0,1.0,1.0,1.0,1.0,1.0,1.0,1.0,1.0,0.9958847736625515,1.0,1.0,1.0,1.0,1.0,1.0,1.0,1.0,1.0,1.0,1.0,1.0,1.0,1.0,1.0,1.0,1.0
1.0,1.0,1.0,1.0,1.0,1.0,1.0,1.0,1.0,1.0,1.0,1.0,1.0,1.0,1.0,1.0,1.0,1.0,1.0,1.0,1.0,1.0,1.0,1.0,1.0,1.0,1.0,1.0,1.0,1.0,1.0,1.0,1.0,1.0,1.0,1.0,1.0,1.0,1.0,1.0,1.0,1.0,1.0,1.0,1.0,1.0,1.0,1.0,1.0,1.0,1.0,1.0,1.0,1.0,1.0,1.0,1.0,1.0,1.0,1.0,1.0,1.0,1.0,1.0,1.0,1.0,1.0,1.0,1.0,1.0,1.0,1.0,1.0,1.0,1.0,1.0,1.0,1.0,1.0,1.0,1.0,1.0,1.0,1.0,1.0,1.0,1.0,1.0,1.0,1.0,1.0,1.0,1.0,1.0,1.0,1.0,1.0,1.0,1.0,1.0
