1.0,1.0,1.0,1.0,1.0,1.0,1.0,1.0,1.0,1.0,1.0,1.0,1.0,1.0,1.0,1.0,1.0,1.0,1.0,1.0,1.0,1.0,1.0,1.0,1.0,1.0,1.0,1.0,1.0,1.0,1.0,1.0,1.0,1.0,1.0,1.0,1.0,1.0,1.0,1.0,1.0,1.0,1.0,1.0,1.0,1.0,1.0,1.0,1.0,1.0,1.0,1.0,1.0,1.0,1.0,1.0,1.0,1.0,1.0,1.0,1.0,1.0,1.0,1.0,1.0,1.0,1.0,1.0,1.0,1.0,1.0,1.0,1.0,1.0,1.0,1.0,1.0,1.0,1.0,1.0,1.0,1.0,1.0,1.0,1.0,1.0,1.0,1.0,1.0,1.0,1.0,1.0,1.0,1.0,1.0,1.0,1.0,1.0,1.0,1.0
1.0,1.0,1.0,1.0,1.0,1.0,1.0,0.9998189389824371,1.0,0.9998231340643792,0.9998231340643792,0.9996387283236994,0.9996398343237889,0.9994720168954594,0.9998257839721254,1.0,1.0,0.9996376811594203,0.9994548428130111,0.9998177510479315,0.9994615936826992,1.0,0.9998167155425219,0.9992840522641847,0.9994704324801412,0.9992542878448919,0.9996384017356716,0.9991215741391427,0.9996417054819061,0.9998160073597057,1.0,0.9996471418489767,0.9992873686085872,0.9998144712430427,0.9996360989810772,0.9998163115356355,0.9996419620479771,1.0,1.0,0.999635103083379,1.0,0.9998198198198198,1.0,0.9998213966779782,1.0,1.0,1.0,1.0,1.0,1.0,1.0,1.0,1.0,1.0,1.0,1.0,0.99981738495252,1.0,1.0,1.0,0.9998222854096321,0.9994614003590664,0.9998147805149101,1.0,0.9996371552975326,0.999639184557099,1.0,0.9996406109613657,0.9994583859902509,0.9996385977593061,0.999821587867975,0.9996397045577373,0.9996398343237889,0.9991018501886114,0.9996337667093939,1.0,0.9998224116497958,0.9991024950637228,0.999637943519189,0.9996445708192643,0.9990897505916622,0.9992855867119128,0.9996383363471971,0.99982149232417,0.9998234463276836,0.9994512529723797,1.0,1.0,0.9998197548666186,0.999822316986496,0.999819787349072,1.0,1.0,1.0,1.0,1.0,1.0,1.0,1.0,1.0
1.0,1.0,1.0,0.9998199171618944,1.0,0.9994620763851533,0.9996403524545945,1.0,0.9998166483314999,0.9994594594594595,0.9992752310201123,0.9985430704789656,0.9989374889321764,0.9985660512636674,0.9987364620938628,0.9987281976744186,0.9983769161406673,0.9978201634877384,0.9982130092923517,0.9992788894898144,0.998569896317483,0.9983651226158038,0.9968881566904632,0.9990989367453595,0.9978613437889859,0.9974396488661302,0.997216907288224,0.998045486851457,0.9978413383702105,0.9980555064521831,0.9974405850091408,0.9983882521489972,0.9985950122936424,0.9981994958588405,0.9974701843151428,0.9983810037776578,0.9992834109638122,0.9987332609482447,0.9998197223724535,0.9990946949121854,0.9992866060281791,0.9998202408772245,0.9996404171161453,0.9991003958258367,0.9998208527409531,0.9998177842565598,0.9998225691980128,0.9998177842565598,1.0,1.0,1.0,0.9998189061934082,1.0,1.0,1.0,0.9998170843241265,0.9992652461425422,0.9994468006638392,0.998762157382847,0.9994564232650842,0.9994540491355778,0.999824837975127,0.9991036213696666,0.999102817154136,0.9991016888250089,0.9991098451130497,0.998542539624704,0.9975008925383791,0.9983579638752053,0.997486986178424,0.9971009240804494,0.9978498476975453,0.9982014388489209,0.9985475671750181,0.9980409617097061,0.9983698605325122,0.9978621058257616,0.9987416861405717,0.9989310529128808,0.9983674950117903,0.9989189189189189,0.9984098939929329,0.9994652406417113,0.9987258827812159,0.9983988614125601,0.9991024950637228,0.9987473156764496,0.9992773261065944,0.9990997479294202,0.9990875912408759,0.9996395746981438,0.9998202731847592,1.0,0.9992915338292596,0.999822032390105,0.9998226635928356,1.0,1.0,1.0,1.0
1.0,1.0,1.0,0.9998180494905385,0.9994644769725098,0.9994578966389591,0.9996474528468182,0.9998187092095722,0.9987493299982133,0.9991024950637228,0.9983570646221248,0.9985732120563581,0.9985428051001821,0.9974977658623772,0.9970903800691034,0.9962134871979805,0.9970856102003643,0.9959927140255009,0.9955705173635719,0.9965079948538872,0.99690571532581,0.9960346070656092,0.9956419102959869,0.9965710160620826,0.996065808297568,0.9950962586269524,0.9964482329959155,0.995750184774575,0.9962168978562421,0.9969269703543022,0.9948260481712756,0.9968028419182948,0.9972712388575586,0.9966071428571428,0.9967753493371552,0.9976427923844061,0.9978768577494692,0.9987775061124694,0.9981903727832067,0.9989222202263337,0.9968203497615262,0.9987430418387502,0.9989272304666548,0.9991076209173657,0.9994608195542775,0.999820143884892,1.0,1.0,1.0,1.0,1.0,0.999819657348963,0.9998185117967332,0.9998203377650018,0.9994618834080717,0.9992880028479886,0.9985094093534563,0.9985385458531238,0.99817817453088,0.9985436009466594,0.9978351073425943,0.9982329033398127,0.9983917083631165,0.9980007270083606,0.9980513728963685,0.996947935368043,0.9969358327325162,0.9950044603033006,0.9967409016838674,0.9958847736625515,0.9958093242535359,0.9952706253284288,0.9972977841830301,0.995123713202095,0.9971392812444126,0.995816660603856,0.9944364680545585,0.9937421777221527,0.9976487610779526,0.996130458817026,0.9945994599459946,0.9967308390846349,0.9967862881628281,0.9971464241127163,0.9964526427811281,0.9983519501922725,0.9978339350180505,0.9974605477961183,0.9987163029525032,0.9976264378309293,0.9994647636039251,0.9989163807115766,0.999278759466282,0.9991003958258367,0.999639379733141,0.9998219373219374,0.9994570135746607,1.0,1.0,1.0
1.0,1.0,0.9998217151007309,0.9996394447449072,0.9996403524545945,0.9987537831582696,0.9988925802879292,0.9991090520313614,0.9980147987727847,0.9972904624277457,0.9960029069767442,0.9958234973669875,0.9955164992826399,0.9949385394070861,0.9952279957582184,0.9962540135569034,0.993490054249548,0.9938260395859815,0.9916196028420478,0.9940551252026661,0.9926166036376733,0.9935205183585313,0.9912536443148688,0.99105733824303,0.9908321579689704,0.9913853727144867,0.9921512665001784,0.9930795847750865,0.9915162454873646,0.9915345821325648,0.9942785624888253,0.9936181528097855,0.9924636640947425,0.9954120345862009,0.9951159951159951,0.9956124314442413,0.9957937088514996,0.9971165975851505,0.997168642718103,0.9967631720913505,0.9971259206035566,0.998750669284312,0.9992761491132827,0.9985549132947977,0.998587570621469,0.9991021727419644,0.9998179501183324,0.9994609164420485,1.0,1.0,1.0,1.0,0.9998195271611623,1.0,0.9994542477715117,0.9992602182356205,0.9987495534119328,0.9987325728770595,0.9969512195121951,0.9987355491329479,0.9957073868717582,0.9962746141564662,0.996017378711079,0.9952684258416743,0.9952422907488987,0.994607757870934,0.995092693565976,0.994431471169391,0.9944154206449288,0.9943582510578279,0.9931543865970095,0.992135835567471,0.9928609673389256,0.9914978292329957,0.9909828674481514,0.9926298759662053,0.9923035618399857,0.990773205388448,0.9918493026625611,0.9927914939628762,0.9929856115107913,0.9948681649265617,0.9936743177299837,0.9941155492154066,0.9953287818900467,0.9940966010733453,0.9965054257862792,0.9962466487935657,0.9958595859585958,0.9971731448763251,0.9983742774566474,0.9987579843860894,0.9985754985754985,0.9992691394116572,0.9994562262098967,0.9994667614646285,0.9994705259442287,0.9998247458815283,1.0,1.0
1.0,1.0,0.9996374184191443,0.9994586791771923,0.9994465965688988,0.9991005576542543,0.9981981981981982,0.9978835978835979,0.99674914213473,0.9974633085703932,0.9944304707150557,0.9952941176470588,0.9935956084172004,0.9931679252067601,0.9914712153518124,0.9929868728645928,0.9916907514450867,0.989010989010989,0.9912484372209323,0.9879304224352148,0.989444949954504,0.9901256732495511,0.987334998216197,0.9894198554046906,0.9866997694626707,0.9904280296189272,0.9885931558935361,0.9890149468755628,0.9884148584038249,0.9901818181818182,0.986909090909091,0.9901495162708883,0.9890641807099319,0.9908388719238369,0.9915951032340581,0.9929564746252483,0.9934723481414325,0.994838939313045,0.99568345323741,0.9969219627014304,0.9968073785030153,0.995544466227054,0.9974485146710407,0.9981346763663496,0.9987407807159561,0.9994596541786743,0.9991088932454107,0.999635634906176,0.999820014398848,1.0,1.0,0.9998182809376703,0.9998197223724535,0.9989214452633471,0.9987590852685694,0.9983827493261456,0.9978237214363439,0.9962379075600143,0.9964551577454803,0.9959016393442623,0.9958120903131829,0.9935100054083288,0.9943070628002135,0.9907775768535262,0.9911142704816065,0.9903019213174749,0.991470054446461,0.9890030647196683,0.9901405879130911,0.9888167388167388,0.9909381663113006,0.9891027969487831,0.986750223813787,0.9875640087783467,0.9893238434163701,0.987872302479044,0.9880952380952381,0.9861833841736946,0.9864840182648402,0.9887015781922525,0.9881273610361576,0.9896410073227362,0.9875178316690443,0.9913294797687862,0.9919227392449517,0.9928057553956835,0.9953455066237021,0.9935251798561151,0.9927417891489748,0.9957142857142857,0.9950142450142451,0.9967736153432515,0.9978308026030369,0.9984070796460177,0.9989206691851052,0.9992816091954023,0.9994583859902509,0.9998190045248869,1.0,1.0
1.0,1.0,1.0,0.9996360989810772,0.9994578966389591,0.9989148128052089,0.9980297331183952,0.9962284482758621,0.995565016852936,0.9927575592974832,0.9936316999823103,0.994838939313045,0.9890129682997119,0.9905814164100707,0.9913998170173833,0.9876070712593402,0.985787884171256,0.9870058565153733,0.9880470761309305,0.9828111011638317,0.9828904259191845,0.9812399499732,0.9844086021505376,0.9808381088825215,0.9792114695340501,0.9844413012729845,0.9828529733673842,0.9846209516916953,0.9823321554770318,0.9814380969544062,0.9839357429718876,0.9848969438521677,0.9838387506809515,0.9856789250353607,0.9890415724473821,0.9899533548618586,0.9899451553930531,0.9896212672978878,0.9909714698447093,0.9934081596294316,0.9944194419441944,0.9947463768115942,0.996924190338339,0.9969197318354774,0.9976938087635266,0.9989331436699858,0.9994592645998558,1.0,0.999818247909851,1.0,1.0,0.9996384017356716,0.9996389891696751,0.9992745738121146,0.998717478930011,0.9983716301791207,0.9962399283795882,0.9965734896302976,0.9950310559006211,0.994092373791622,0.990909090909091,0.9905861456483126,0.9913824057450629,0.9869759143621766,0.9862343778301033,0.9864081188836535,0.9897831152536297,0.9864669794298088,0.982223020290896,0.9815423976608187,0.9856450744661762,0.9831858407079646,0.9807624426403106,0.9833607606509417,0.9791477787851315,0.9800217944061025,0.9837383519093733,0.9828295474870328,0.984372225182028,0.9799095022624434,0.9818709209572154,0.9878288884911401,0.9844698322027847,0.9864575908766928,0.9887640449438202,0.9892453844775049,0.9906849315068493,0.9928812956042,0.9921704297159505,0.9931234165761853,0.9956537486417965,0.9947860481841064,0.9976781568137167,0.9978734715576821,0.9984084880636604,0.9992698064987222,0.9998220007119971,0.999818148754319,1.0,1.0
1.0,1.0,0.9996460803397629,0.999089916272297,0.998205312275664,0.9981864345302865,0.9973002159827213,0.996500920810313,0.9931383170819791,0.9923552966872953,0.9925173703901656,0.9880499728408474,0.9874133527909522,0.985142235912303,0.984372160639651,0.9855072463768116,0.9835621387283237,0.9817105970952125,0.9786038077969175,0.9777858045873217,0.9795141406816533,0.9809899569583931,0.9758683729433273,0.9745165371407916,0.9742613739351097,0.9742700729927007,0.9801276207839562,0.9790985096328608,0.9786931818181818,0.9779648871372268,0.9777858703568827,0.9764032892384698,0.981554441260745,0.9819052687599787,0.9831299353912419,0.984400215169446,0.9860882299103056,0.987549621075424,0.9909747292418772,0.9904263005780347,0.9907491384001451,0.9940141483765644,0.9938510189739986,0.9952615272462183,0.9964633068081344,0.9983798379837984,0.9984059511158342,0.999635103083379,1.0,0.9998186434530286,1.0,0.9998204990127446,0.9996463306808134,0.9985787884171256,0.9983674950117903,0.997626871120847,0.9953866026942241,0.9949183303085299,0.993802406124681,0.9917567320021982,0.9918757898537642,0.9893143365983972,0.9885978977373954,0.9864195265186273,0.9834983498349835,0.9825897714907508,0.9825783972125436,0.9785407725321889,0.9797891036906854,0.9790134529147982,0.9778383287920073,0.976436986790432,0.9812063719348487,0.9741597397903867,0.9762853005068791,0.9746630727762803,0.9754919499105545,0.978021978021978,0.9787616990640748,0.9756625202812331,0.9790248390064398,0.9783525958539717,0.9817302525523912,0.9857549857549858,0.9851621176039568,0.987917042380523,0.9872964752191805,0.9879647925273936,0.9917416039640301,0.9898299140803086,0.9931740614334471,0.9933456561922366,0.9952187001947937,0.9969836763662172,0.9967994310099573,0.9992835393157801,0.9994555353901996,0.9998180494905385,0.999813571961223,1.0
1.0,0.9996368917937546,0.9996400287976962,0.9991055456171736,0.9983674950117903,0.9965604634322954,0.995123713202095,0.9931997136721546,0.9930996913019793,0.9924667133847231,0.9887520085698982,0.9895833333333334,0.9841411261582323,0.9836624775583483,0.9789282470481381,0.9798896600818651,0.9780981931009308,0.9759468677077724,0.9765708200212992,0.972982644480229,0.9671604497590577,0.9668933428775949,0.9659442724458205,0.9707570864729099,0.9717784877529286,0.9668980245595301,0.9721115537848606,0.9662881476224272,0.9700502152080345,0.9702402294729293,0.9710354815351194,0.976528384279476,0.9750961362387841,0.9756449576041855,0.9761431411530815,0.979937990151377,0.9824246771879483,0.9836734693877551,0.9890622198314506,0.9884162895927602,0.992131747483989,0.9909584086799277,0.9930555555555556,0.99594141521087,0.9955452601568069,0.9969163794667151,0.9987275040901654,0.9989218328840971,0.999637352674524,1.0,1.0,0.9996429846483399,0.9994620763851533,0.9991029781126659,0.9978730946472882,0.9967695620961953,0.9940551252026661,0.9947887586078541,0.9939945404913558,0.9865503453289712,0.9903811252268603,0.983804947499555,0.9810702584637787,0.9813642120499366,0.9798840159478072,0.9791439970982952,0.9760927743086529,0.9776737486496219,0.9761123267687819,0.9748862602365788,0.9688445789567385,0.9733308810005518,0.9696806602081091,0.9698099804652814,0.9704982910595431,0.9702595529920692,0.9718035112608618,0.9695667740780523,0.9722422494592646,0.9677990092002831,0.9723060536126398,0.9719489981785063,0.9789044495656798,0.9770302043769217,0.97953216374269,0.9817498658078369,0.9834032463979573,0.9814848429842077,0.9865470852017937,0.9914086271702166,0.9908454496499731,0.9930765134031599,0.9940400939136717,0.9956896551724138,0.9969363849342224,0.9976822963095026,0.9998199171618944,0.9992706053975201,0.9998243765367053,1.0
1.0,0.9998179169701383,0.9985727029438002,0.9987394201332613,0.9987464183381088,0.9969451931716082,0.9939879759519038,0.991899189918992,0.9907491384001451,0.9899101082370207,0.9864672364672364,0.9839523981247746,0.9801515698303861,0.9797997854844476,0.9759554997308452,0.9761345145543301,0.9692446043165468,0.9715155858115371,0.9656060327386427,0.9641089108910891,0.9664343360234776,0.9601998929145101,0.9638098667626935,0.9656775116195924,0.9547536178787324,0.9614963503649635,0.9594420994677922,0.959743824336688,0.9643251195292387,0.9642472152353575,0.9675637141329532,0.9689767779390421,0.9666004693988085,0.9709550962223806,0.9729441082235671,0.9729293653639297,0.9748588085261432,0.977705274605764,0.9818634423897582,0.9853074551061128,0.9857482185273159,0.9901675163874727,0.9916378840210871,0.9937976253765728,0.995561309413723,0.9971305595408895,0.9985530837402785,0.9992926613616269,0.9998214285714285,1.0,1.0,0.9996387935705255,0.9991100035599858,0.9985598559855986,0.995702005730659,0.9960209802857659,0.9945573294629898,0.99110161950525,0.9882967230824631,0.988252046991812,0.9856728327892637,0.9818084537185661,0.9804680626429703,0.9768014059753954,0.9767905711695376,0.9691544052472966,0.9689852993904625,0.9656028368794326,0.9640773158278628,0.9630426982418371,0.9656729900632339,0.9580709015655929,0.9612856099342586,0.9557443795362011,0.9588425593098491,0.9566152742918609,0.9643701145246318,0.957718243120102,0.9658273381294964,0.9625912408759124,0.9652654079087994,0.9679358717434869,0.9668744434550312,0.9677011909058102,0.9733984799131379,0.9727173517642779,0.9832888888888889,0.9788321167883212,0.9821814254859611,0.987375533428165,0.9881294964028777,0.9906558849955076,0.9932287954383464,0.9959875980302754,0.996039603960396,0.9963383376052728,0.9983763305069457,0.9991012043861226,0.9998192662208567,1.0
1.0,1.0,0.9984042553191489,0.9970845481049563,0.9971129556116926,0.9966580022279985,0.9932567887734646,0.9901803249419746,0.9889191643960036,0.9864913544668588,0.9850501367365543,0.9800467373719216,0.9759036144578314,0.9748083242059146,0.9741784037558685,0.9746494066882416,0.9601293103448276,0.9579892280071813,0.9602684089705104,0.9601364697432214,0.9556623931623932,0.9565457558460688,0.9527981405328089,0.9546914020692115,0.9503735325506937,0.9533585449306681,0.9506799637352674,0.9503406238795267,0.9541234298197706,0.956352875901609,0.9562375158888687,0.9600071415818604,0.9613997113997114,0.965964343598055,0.9634167998579293,0.9708119582522554,0.9726555331253441,0.9737855178735105,0.9786496350364964,0.9860734310001809,0.9839857651245552,0.984965097547879,0.9864960909737029,0.9932983155225502,0.9941338221814848,0.9954693729612178,0.997984240425142,0.9985457189601891,0.9998193315266486,1.0,1.0,1.0,0.9989235737351991,0.9969000729394603,0.9973031283710896,0.994010889292196,0.993127147766323,0.9865601162368326,0.9873464148175316,0.9854651162790697,0.9825715810065802,0.9792634966035038,0.9750406945198047,0.9713445995591476,0.9704088952654233,0.9655045871559633,0.96229478621685,0.958113340373108,0.9606356085229325,0.9582804280790858,0.9538138558432471,0.9520413620966304,0.9510801642563828,0.9503673176850027,0.9542627149652396,0.9552875695732839,0.9516099690740404,0.954,0.9503740193395366,0.9568578105338846,0.9554597701149425,0.9609458975277678,0.962936177906346,0.9653985507246376,0.9715817694369974,0.9703610562241782,0.9709291956482967,0.9730468038608633,0.9773011617515639,0.9826456525588808,0.9848816029143898,0.9864261475263439,0.9916165482048478,0.9933762978875761,0.996600465199499,0.9974729241877256,0.997169143665959,0.9992940345923049,0.9992845644786263,1.0
1.0,0.9998166483314999,0.9991073022674523,0.9983603570777919,0.9954162082874954,0.9934041773543423,0.9893362750505608,0.9915410077234277,0.985499462943072,0.981218993621545,0.9779320163730201,0.9794409377817854,0.9702455637210969,0.9645313065508505,0.9659676232523915,0.9564973861090366,0.9587647928994083,0.9573037790697675,0.9564674397859054,0.9523636363636364,0.9391506067094932,0.9443450250536864,0.9484007775225305,0.9451530612244898,0.9442831215970962,0.9370208105147865,0.9425706472196901,0.9446710409647101,0.9466786355475763,0.9445551730385939,0.9479392624728851,0.94781054512958,0.9544721276214375,0.9559636298805492,0.963491776613049,0.961751563896336,0.9677654343471135,0.9682596934174932,0.9748325185587543,0.9770852428964253,0.9798270893371758,0.9890390938984289,0.9910600255427842,0.9928749554684717,0.9940411700975081,0.9955412876761192,0.9964304836694627,0.9971356963838167,0.9991111111111111,1.0,1.0,0.9985572587917042,0.9983597594313832,0.99695885509839,0.9947368421052631,0.9912120102526547,0.991899189918992,0.989385065885798,0.9863358504135203,0.981008164714235,0.9751766624388476,0.9739323349972269,0.9681883537023724,0.9703200429107813,0.9649436594526918,0.9622744669218152,0.9539829179013422,0.9548052876027152,0.9545534304263906,0.9465770387404918,0.9434397163120567,0.9435753207945158,0.9454044117647059,0.9371614301191766,0.9430219978362784,0.9392640228653091,0.9360287511230907,0.9460543101877165,0.9393830703012912,0.9465864874425186,0.9516014234875445,0.9535797179075165,0.955956678700361,0.9611418047882136,0.9612903225806452,0.9632602104512217,0.9700832005664719,0.9680159016985905,0.9758970641536788,0.9770964833183048,0.981691688026364,0.9885078110971449,0.9876453488372093,0.992072072072072,0.9953254225098885,0.9971238540355923,0.9981981981981982,0.9994620763851533,0.9998181156784285,1.0
1.0,0.9996422822393132,0.9987360057782593,0.998547039593171,0.996005084437988,0.9939598507727838,0.991166077738516,0.9891343070894193,0.9875065986274855,0.9765998936358802,0.9750045947436133,0.9721518987341772,0.9687219126370663,0.9621405169275573,0.9589314919135017,0.9497716894977168,0.9515901060070672,0.951598499732095,0.944079531333215,0.9392514915928404,0.9373410824555031,0.9362240289069558,0.9280071813285458,0.9338222142729387,0.9274555575507273,0.9345760889048217,0.9320423166577013,0.9369225302061123,0.9367475292003594,0.9357065019978206,0.9394817901793803,0.9441380537270948,0.9457391923145347,0.9497776130467013,0.9527039086203819,0.9543759985797976,0.9637249593936112,0.9638140039804596,0.9695395090485576,0.9733479372033589,0.9743175287356322,0.9850638833903185,0.9858670048921906,0.9905794525417704,0.9905051952705124,0.9941648431801605,0.9953529937444147,0.9981985227886867,0.9996418338108882,1.0,1.0,0.9992897727272727,0.9994631352899069,0.9960742326909351,0.9958736993182634,0.9902244750181028,0.9878026579282724,0.9859611231101512,0.9814579167424105,0.9763765541740675,0.9729192995125474,0.964157060518732,0.9629428778018799,0.9618081180811808,0.9549008910711039,0.9567868029406491,0.948429693076374,0.941439028744867,0.9432830394473732,0.9420821114369502,0.9339922343805154,0.9294034592304977,0.9330882352941177,0.9336595976073954,0.9336484593837535,0.9300344390067066,0.93327239488117,0.9354310658421244,0.9312522555034284,0.9354428077832333,0.9391019814579168,0.9477971121806739,0.9523550724637682,0.9486994219653179,0.9592321755027422,0.9607558139534884,0.9647848974405518,0.9660923753665689,0.9707219494453537,0.9779544633176726,0.9778294296441981,0.9827402135231317,0.9848295555952169,0.9901675163874727,0.9930997876857749,0.9967509025270758,0.9983654195423175,0.9983361064891847,0.9992869875222816,1.0
1.0,0.9996378123868164,0.9989289539450197,0.9982222222222222,0.995625227852716,0.9909074701372794,0.987093352192362,0.9882032667876588,0.9810092240911558,0.978988603988604,0.9713582850114215,0.9680598649388574,0.9636627906976745,0.9528795811518325,0.9500700770847933,0.9505840071877808,0.9403222950239065,0.9351801557124751,0.9330453563714903,0.9283147682357169,0.9244133978147949,0.9229102726123849,0.9227799227799228,0.9169186977406155,0.9212132089016511,0.9200793793974382,0.9209142027933974,0.9186875891583453,0.9296818510484454,0.9283012069897316,0.9285973837209303,0.9368723098995696,0.9368591473286563,0.9379161418031312,0.942585481806546,0.9491921005385996,0.9510791366906475,0.9549792904736178,0.9645452933876972,0.9654162854528819,0.9743962229889231,0.9809523809523809,0.9855020583497405,0.9839854413102821,0.9882523043556841,0.9945229681978799,0.9965833483186477,0.9987691225602251,0.9992850759606792,0.999822316986496,1.0,0.9989359815570137,0.9980657640232108,0.9947963394939888,0.9945275446917183,0.9887924801156905,0.9859560676989557,0.9860300618921308,0.9796363636363636,0.9758445332364694,0.9702158016764758,0.9667143879742305,0.9584241103848947,0.9582269244801167,0.9487924459778464,0.9432650073206442,0.937511353315168,0.9322463768115942,0.9285327558202491,0.929129565691441,0.9207708779443254,0.9259456579648375,0.9172215224041749,0.9207350027022159,0.9230631276901005,0.9183859777250319,0.9244091647122497,0.9211328195017028,0.9292855844391928,0.9300827966881324,0.9313031161473088,0.9290949065591791,0.9343497757847533,0.9372599231754162,0.9487822349570201,0.9521011396011396,0.9573226335947475,0.9645574318055298,0.9667276051188299,0.9704710144927536,0.975259232308532,0.9824878136847807,0.9848484848484849,0.98926296633303,0.992520035618878,0.9957552175451008,0.9983660130718954,0.9976470588235294,0.9998212370396854,1.0
1.0,1.0,0.9991079393398751,0.9974815614319122,0.9960108794197643,0.9923745344919312,0.9872332664599671,0.9825303420375138,0.9796286280872544,0.9746765249537893,0.9711873738300606,0.962267557320816,0.9570878415551073,0.956662470778637,0.9429894886869766,0.9402319357716324,0.9370591427021161,0.9278295128939829,0.9231050897107287,0.9177250138045279,0.9151891793090843,0.9109753840459004,0.9138237384506042,0.9103806228373702,0.9063063063063063,0.9043165467625899,0.8997489239598279,0.9071389245733162,0.9100646352723915,0.92270873958518,0.9233278955954323,0.928635953026197,0.9244942196531792,0.92429923227995,0.9348100126057987,0.9429560780025514,0.9477545178028269,0.9498733260948244,0.9602720114531138,0.9645969498910676,0.9737370052890754,0.977703061405061,0.9809269162210339,0.9853291766000367,0.9894774389156412,0.9945205479452055,0.9963194700036805,0.9978613437889859,0.9992831541218637,1.0,0.9998205312275664,0.9990951863916033,0.998051718030464,0.9961990950226244,0.9924977127172918,0.990521327014218,0.9884829944214504,0.9763507367655084,0.9735997145915091,0.9672779575692197,0.9661549842796375,0.9595959595959596,0.9541350668111231,0.9421934089681253,0.9388121299120761,0.9385282950641837,0.9344087927672399,0.9293222181949982,0.9165930376391589,0.9202651854506361,0.911000355998576,0.9189432063263839,0.9130897481376374,0.907051282051282,0.9074857458157072,0.9054054054054054,0.9110827095125068,0.915487849111353,0.9104368488393346,0.9234406255682851,0.919702865228157,0.9217107647698441,0.9305731332489604,0.9338048603554588,0.9417758369723436,0.9474843922144693,0.9539916348426987,0.9583031182015953,0.9667550839964633,0.9711836585810688,0.9680028129395218,0.9798350137488543,0.9843999290905868,0.9892531876138434,0.9912424740010947,0.9934747145187602,0.9969429958640532,0.9974896897973821,0.9994523548740416,1.0
1.0,0.9992846924177397,0.9978483055406132,0.9965907051857168,0.9933309300648883,0.9905865314989138,0.9858448306755062,0.9808483980669411,0.9760255727224294,0.9698990627253065,0.9589882565492321,0.9538599640933573,0.9538709100661541,0.950989128497594,0.9341252699784017,0.9275705186533212,0.9274940941304742,0.9112744219394157,0.9111308993766697,0.9056501267656646,0.9084051724137931,0.902795311091073,0.8947658402203856,0.8980995475113123,0.8980221375430957,0.8962349126283552,0.8993512186568473,0.8928255093002657,0.9030039811798769,0.9039658545260537,0.9045298682548276,0.9124349542436748,0.9234837799717912,0.9170018281535649,0.931784930504755,0.9332853803272793,0.9381480807713298,0.9462517680339463,0.9490849791628918,0.9589578872234118,0.9608232532948185,0.9717851329354313,0.9775441097843521,0.9867992766726944,0.9875832283606263,0.9918640390526126,0.9944093778178539,0.998197548666186,0.9994648590795576,1.0,1.0,0.9985538684020245,0.9965554749818709,0.9935240151106314,0.99170197740113,0.9905660377358491,0.9814380969544062,0.9805504587155963,0.9726605504587156,0.9662587412587412,0.9576700434153401,0.9523207513093733,0.9466496722505463,0.943769272628333,0.9281977268627097,0.9307020734812659,0.926447016918967,0.9155901610334454,0.9121118576357363,0.9039985590778098,0.8971618134906008,0.8965888689407541,0.8952521707001663,0.8869955156950673,0.8979080994099767,0.8938527519656898,0.8952036199095023,0.8932403433476395,0.9015030946065429,0.901197069858853,0.9076145795741609,0.9117218784128139,0.9198533263488737,0.9201289398280802,0.9326665475977853,0.934333627537511,0.9408866995073891,0.9521897810218978,0.9590163934426229,0.9624712338466985,0.969254820218864,0.9733779971791255,0.9820124666073019,0.9828803388633957,0.9899641577060931,0.9948215276493434,0.9956818999640158,0.9987146529562982,1.0,1.0
1.0,0.9994621728217999,0.998582314371788,0.9945015963107485,0.9935599284436494,0.9851067647586578,0.9853506683757554,0.9783202769174713,0.9713819960152147,0.9647269471799463,0.9591206395348837,0.9492484526967285,0.9422182468694097,0.9318022440392707,0.9330948121645796,0.9259123418301852,0.9059515062454078,0.9100900900900901,0.9051081943951756,0.89099610067352,0.8962011771000535,0.8880014199503017,0.8854703894718122,0.8827746908048038,0.8773446119897022,0.8809778729478943,0.8858538350217077,0.8855002675227395,0.8875,0.8870036101083032,0.8915339180239843,0.9010152284263959,0.908715925394548,0.9176999101527403,0.9192455594213514,0.9270231213872833,0.9361663652802893,0.9400492264416315,0.9493693373600994,0.9508608321377331,0.9647949304699877,0.9676207513416816,0.9727569923719579,0.9842772914061104,0.9870248538011696,0.9885924885924886,0.9945275446917183,0.9953304597701149,0.9981658107116654,1.0,0.99963530269876,0.9978225367446925,0.9976597659765977,0.9960523954781985,0.9893009985734664,0.9874664279319606,0.9788321167883212,0.9745807590467784,0.9682596934174932,0.9607982893799002,0.9532893563915137,0.9501162166994457,0.938348820586133,0.9359843081312411,0.922077922077922,0.9142552813775963,0.9046575342465754,0.9106344950848972,0.8942169540229885,0.8946990116801438,0.8935395814376706,0.8869735205260352,0.8799712074860536,0.8797716732072779,0.8834310850439883,0.8833481745325023,0.8736709316994054,0.8918243484469832,0.8925604911520405,0.8893041466453105,0.9000180472838838,0.899736147757256,0.9060157249954288,0.9202937488805302,0.9238445378151261,0.929923907273049,0.9427121102248006,0.9442273534635879,0.9492661714078637,0.9582881906825569,0.9629365645046329,0.9716031631919483,0.9790408525754885,0.9841011743450768,0.9883530482256597,0.9921732799417546,0.9955930958501653,0.9983948635634029,0.9994485294117647,1.0
1.0,0.9996392496392497,0.9992873686085872,0.9964689265536724,0.9915131816540267,0.9874977674584747,0.9820699449671578,0.9738955823293173,0.9667695660069003,0.9686927865250824,0.9537665119600143,0.9435221941537351,0.9328859060402684,0.9278854865011777,0.9186507936507936,0.9128214159915463,0.904979860856829,0.90625,0.8896746817538896,0.8855476581009659,0.8801227658422098,0.8704902867715079,0.8773028080844214,0.8801470588235294,0.8713980789754536,0.8629759058304212,0.8689206291809799,0.8810548977395048,0.8729042725797729,0.8815624440064505,0.8787110789283128,0.8873010130246021,0.9011088892928558,0.9072426937738246,0.9072054353656356,0.914850759934078,0.9203980099502488,0.9281728172817282,0.9363057324840764,0.9509180149063806,0.9602491298772668,0.9656558275484106,0.9724025974025974,0.976843605272533,0.9862254025044723,0.9918166939443536,0.9924160346695557,0.9963282540848173,0.9992731237506814,0.9998217786490822,1.0,0.9989006962257237,0.9960087082728593,0.994838939313045,0.990072202166065,0.9829763866007688,0.9802573594218227,0.9745269286754003,0.964629662055682,0.9558376542106204,0.9498273041265225,0.9405144694533762,0.9319640564826701,0.9286100594916171,0.9192591260564646,0.9126142595978062,0.8987817986384808,0.8920876335325004,0.8810494593157242,0.8845803750227562,0.8781062942136768,0.8720743255315347,0.8618122389685854,0.8757296177744305,0.8678899082568807,0.8663026246256825,0.8755811790961503,0.8648453048670165,0.8770609318996416,0.8776386404293381,0.8819228660208371,0.892941820171439,0.899946590706783,0.9042983100661278,0.9151351351351351,0.9186708279787039,0.9318510484454086,0.9413558106169297,0.9448040273282992,0.9520028870443883,0.9622877569258266,0.9715410775013424,0.9781942692377005,0.9809244314013206,0.9877049180327869,0.9910551296093465,0.9937488508917081,0.9972722313147845,0.9994519546949214,1.0
1.0,0.9989318141356596,0.9980304386750224,0.9959787972948273,0.9913200723327306,0.9852709100473435,0.9813945086705202,0.9711055276381909,0.9644355279956228,0.9593002499107461,0.9521142031080593,0.9427102460521484,0.9348777818314484,0.9214999123882951,0.9156904508342208,0.9026707295214196,0.8995756718528995,0.886,0.8749085588880761,0.8757354252094848,0.8720908924317391,0.8598457016899339,0.8676127178013293,0.8468950749464668,0.8465723612622416,0.851166102901905,0.868464501926252,0.8534592337025604,0.8609548012343438,0.8624815905743741,0.8693058568329718,0.8731768054073283,0.8857908847184987,0.8900514275580776,0.8979226361031518,0.908531063213186,0.9214181286549707,0.9221155587755842,0.9318673395818313,0.9422382671480144,0.951250684681395,0.960948905109489,0.9677891654465594,0.9745007132667618,0.9850638833903185,0.9893428063943162,0.9936170212765958,0.9967147289651396,0.9985696406222063,1.0,0.9996406109613657,0.9976669059583633,0.9978260869565218,0.9924242424242424,0.9885118416401555,0.9795882144124956,0.9763636363636363,0.9707844905320108,0.9579936192839419,0.9551094890510949,0.9439927732610659,0.9330909090909091,0.9208594449418084,0.9205118961788031,0.9111111111111111,0.8999466856228896,0.8923879791254274,0.8759899208063355,0.8806428313470567,0.8719447396386822,0.8631845291885053,0.8567839195979899,0.8556588299617277,0.8547383827296011,0.8600725952813068,0.8596869940636805,0.8511499540018399,0.8605066000713522,0.8606633314804522,0.8659168005713266,0.8658514974304448,0.8840871635231643,0.8917718144659676,0.8987977749865422,0.9023593466424682,0.9126387397064089,0.9212460623031151,0.9247446694140835,0.9338916607270136,0.9545536195437399,0.9585077343039127,0.9655049786628734,0.9714285714285714,0.9755608243662228,0.9855517428210222,0.9914327378782355,0.9935645334286736,0.9969621157969979,0.9992796686475779,1.0
1.0,0.9996355685131195,0.995711222301644,0.9948453608247423,0.9884099963781239,0.9817792068595927,0.9776858016915602,0.9712779494637339,0.9617121184757089,0.955221174764322,0.9405684754521964,0.9337175792507204,0.918,0.914776754075124,0.8988403211418377,0.8908992220010856,0.8809353802213495,0.8805915647252145,0.8672116257947321,0.8669807901413555,0.8537769784172662,0.8478455211871982,0.8427807486631016,0.8401767630270668,0.8359149855907781,0.8478338703902614,0.8395194549040703,0.8467961517516791,0.8456823508202632,0.8398902104300091,0.8593029688364374,0.860439956725568,0.8734584450402145,0.8771705355510876,0.8970905172413793,0.8950316169828365,0.9138914443422264,0.9196200219218122,0.9240170031880978,0.9415111111111111,0.9434907010014306,0.9597279398603902,0.9646592138478183,0.9765556143134144,0.9824751580849141,0.9862818457153038,0.9921187683284457,0.9948371016556881,0.9991125310614128,0.9998176180922852,1.0,0.9991077801570307,0.9976164283094976,0.9927153523948279,0.9882611885546588,0.9834829443447037,0.9766271125494427,0.9636005020620405,0.958861906487858,0.9489276626681207,0.9376347951114307,0.9246231155778895,0.919083687419176,0.908253630889125,0.899349475966751,0.8882911959835037,0.8836330935251798,0.8666666666666667,0.8719370416741191,0.8555292402987794,0.8506876227897839,0.8426623609616075,0.8491011439985473,0.8390243902439024,0.8424694955381533,0.8389090909090909,0.8436594202898551,0.8485838779956427,0.8531021897810219,0.842973708068903,0.862461594071932,0.8662547701253861,0.8730332967435053,0.8778123285165539,0.8903547869495454,0.9042880405283156,0.9125180375180375,0.9223319053827529,0.9341585934696807,0.9470493849170976,0.9527742862273298,0.9622777079216813,0.9678758346868797,0.9797334307102429,0.9830909090909091,0.9896325936704257,0.9939393939393939,0.9971103485642044,0.999270472369141,1.0
1.0,0.9992765418701393,0.9960502692998204,0.9936034115138592,0.9889532777978993,0.9819233550253073,0.9784001464396852,0.9678538812785388,0.9570684390156278,0.9491284240483814,0.9336798709446137,0.9247763374109914,0.9092592592592592,0.9098720292504571,0.8854545454545455,0.8804780876494024,0.8756430725563242,0.8573239181604201,0.8518918918918919,0.8480692890653194,0.841227125941873,0.8313403533821168,0.8323853537148951,0.8339132027101264,0.820627802690583,0.8194419761862449,0.8215073529411765,0.8245583038869257,0.837823275862069,0.8364745011086474,0.848014440433213,0.8498009410061528,0.8609808871258565,0.8624167116873762,0.8814131013669448,0.8813372520205731,0.8986910525372064,0.9082766033679684,0.9258316669696419,0.9295523452826824,0.9413793103448276,0.9536447275300779,0.9633043786562666,0.9689686098654708,0.9792682926829268,0.9867897213174086,0.9906661786237189,0.996062287453016,0.9990905783921425,0.9998220957125067,0.9992859692966798,0.9987391930835735,0.9950512548603747,0.9911683532658694,0.9845003646973013,0.9803536345776032,0.9747702288700667,0.9638446393413281,0.9547720797720798,0.9479128856624319,0.9336355394378967,0.9175035868005739,0.9113697403760072,0.8963403641608076,0.8898772460416297,0.8880199075719872,0.8652197701987963,0.86012832263978,0.8455167446885128,0.8425992779783393,0.8368768983383955,0.8307333691949077,0.8244612267452569,0.81377037172679,0.8145848119233499,0.8293118856121537,0.830820476858345,0.8306726457399103,0.8340378606873736,0.8491076257436452,0.8468468468468469,0.8500727802037845,0.8641516117605385,0.8751373123398023,0.8868899180619879,0.8905552579896447,0.9022998752005705,0.9128497594011763,0.9277000358808755,0.9418188327962764,0.9494623655913978,0.9612333213126578,0.9626184940082275,0.974085646020952,0.9815384615384616,0.9876833906900924,0.9943389335281227,0.9976342129208371,0.9990963311042834,1.0
1.0,0.9991037820397921,0.9960310301280895,0.9929322218194998,0.9871024734982332,0.9819070019902297,0.9743589743589743,0.9651291512915129,0.9534755424788525,0.9450706745392736,0.9335374639769453,0.9137777777777778,0.9086070838685998,0.902855090680553,0.8884089272858171,0.8713387241689129,0.8698654390934845,0.8612414290869722,0.8388187155310443,0.8338068181818182,0.8281417830290011,0.8121376811594203,0.8133213321332133,0.8199179011243977,0.8057082077645807,0.8136020151133502,0.8147353361945636,0.8147485233577949,0.8179414874867819,0.8192182410423453,0.8231963470319634,0.8374709769601715,0.84578270192995,0.8565822333214413,0.8607029942347033,0.876778093883357,0.8874266405833185,0.905811623246493,0.914560341758633,0.9299547511312217,0.9366247755834829,0.9463716814159292,0.9575004502070953,0.9663470237018273,0.9797979797979798,0.9872164205977674,0.9897940586841626,0.9965041076734836,0.9983994309087676,0.9994511525795828,1.0,0.9978094194961665,0.9954889931432696,0.9892588614393125,0.9848320693391116,0.9773722627737226,0.9693914296002881,0.9566057624736473,0.9515778019586507,0.9391867578265564,0.9349505840071878,0.9180357142857143,0.9022998752005705,0.8932743362831859,0.8805675287356322,0.8660491628072675,0.8698299015219337,0.8468550592525068,0.8360305886537436,0.8324364446093895,0.8256698044895003,0.8139081071491928,0.8142572102303646,0.8152530032763015,0.8101446686908377,0.8058907026259758,0.8103756708407871,0.814352856109906,0.8058568329718004,0.8201778261658501,0.8435560423512231,0.8508964507866813,0.853882099209202,0.8633374800071086,0.8770758122743683,0.8887277999275099,0.9047533632286996,0.9132224011451064,0.9215546443216259,0.9346596094177769,0.9431697846805507,0.9562880687925475,0.9661322284273104,0.9751143641354071,0.9816796662434246,0.9876744607576582,0.9921189324735805,0.9976367933103072,0.9992981224776276,1.0
1.0,0.9987279665636926,0.9952813067150635,0.9922939068100358,0.9882092851879145,0.9792263610315186,0.9703690560681334,0.9642401021711366,0.9479461756373938,0.9383818539024826,0.9205919509113878,0.91392632524708,0.9054565099945975,0.8946248004257584,0.8737364455063408,0.8657307415406768,0.8525732666190136,0.8481080120802984,0.8289916710969343,0.8193888686795199,0.8112624886466848,0.8055954088952654,0.7947359123829713,0.7986149079642793,0.7968694414799004,0.7971774923104759,0.8013560564412681,0.7967817754474779,0.799140708915145,0.8149156232988568,0.815333579063767,0.8225362451826023,0.8346513299784328,0.8446043165467626,0.864483444906821,0.8730273898059133,0.8823845327604726,0.8940715684529108,0.9158628081457664,0.9247351114358787,0.9379176925782624,0.9482446615997104,0.962433571559465,0.964574716777558,0.9753390875462392,0.9810916874777025,0.9909453096704093,0.9936131386861314,0.997131074054151,1.0,0.9996416412829242,0.998552036199095,0.9921273930935767,0.9900811541929666,0.9852281226626777,0.9748725418790969,0.9691282231187511,0.9538987934449847,0.9476495726495726,0.9304641650364575,0.9211277658815132,0.9118997175141242,0.8917850080891605,0.8901337188290568,0.863708679512109,0.857901483244827,0.8454332552693209,0.8294881038211969,0.8232903339812688,0.818860367740761,0.8048780487804879,0.8012635379061371,0.7969789606185937,0.7968612237700582,0.7989542012261089,0.7928024229467308,0.7956656346749226,0.7977301848801025,0.8060726549792157,0.8114067055393586,0.8198581560283688,0.8295876835958238,0.8453775455036944,0.8434424762927178,0.8674242424242424,0.8808625336927224,0.889856102327234,0.901671759841812,0.9180705798900515,0.9324810947065179,0.9373868982989504,0.9528437724982002,0.956714564484655,0.9704549574043865,0.9842448388265121,0.9876983419504368,0.9917027417027418,0.996398991717681,0.9989218328840971,1.0
1.0,0.9992864787727435,0.9971382579145055,0.9902912621359223,0.9847724829810104,0.9779345270392477,0.970523617722446,0.9570277529095792,0.9487600291757841,0.9362621534029528,0.9180790960451978,0.9132616487455197,0.8959755659360402,0.8712531599855543,0.8695329873980726,0.8420402400282386,0.8422836752899198,0.830130529369108,0.8157051282051282,0.8012715712988192,0.7877974592950439,0.7917337627482555,0.7935846321130845,0.777758070237673,0.7780948983232251,0.7848215902916138,0.7770975873244509,0.7790486564996368,0.8008366678792288,0.7901777533443284,0.7999635966508919,0.8136875115292381,0.8220769789397241,0.83495670995671,0.8435374149659864,0.8539751216873986,0.8698257080610022,0.8830931971548422,0.8954792043399639,0.9119761529019814,0.9301364942528736,0.9437679083094556,0.9561044961791363,0.967891544773457,0.972914798206278,0.9816038578317556,0.9899425287356322,0.9954971181556196,0.9983789625360231,0.9989112683723462,0.9998174182946868,0.9976568132660418,0.9943636363636363,0.990434939541599,0.9818698897973693,0.9746881214970168,0.9595354745055343,0.9489354023818116,0.9378541400109669,0.9295850547871385,0.9097556625646513,0.9018609550561798,0.8889484020710587,0.8782327586206896,0.859068847744023,0.8424914981206372,0.8401074306177261,0.8182143496153158,0.8041920458616983,0.8028990631076542,0.8045045045045045,0.7897768178545717,0.7851631006664328,0.7747964470762398,0.7763675366464069,0.7744742567077593,0.7935259692757864,0.7779367065975327,0.7899692196270143,0.7982520029133284,0.8054257994969457,0.8136758321273516,0.8239196700735162,0.8393559928443649,0.8420864594498035,0.8723939611790079,0.8809144072301966,0.8926812104152005,0.9074707470747074,0.9254993701637574,0.9315043604651163,0.9461218586150787,0.9610783788609177,0.965925925925926,0.9773462783171522,0.9847149793202662,0.9929893942117562,0.9967643357900413,0.9985937774652839,1.0
1.0,0.9991194082423388,0.9958766583004661,0.9921383647798742,0.9826517967781908,0.9750961362387841,0.9718861209964412,0.961864406779661,0.948943031171623,0.9260190339378703,0.9234347048300536,0.9034495021337127,0.8852982954545454,0.8791524510684144,0.8566446402349486,0.83978905255501,0.8314259763851044,0.8159753667813802,0.8027644869750132,0.793184276956365,0.7799206921413122,0.7803580925367842,0.7680273332134508,0.7657393850658858,0.7659574468085106,0.7499550278827127,0.7692307692307693,0.7654320987654321,0.767346208869814,0.7806624888093107,0.780195865070729,0.8087968011632134,0.8066399124407151,0.8233633315687312,0.8361185983827494,0.8507976794778825,0.8538614577681317,0.8855069899132897,0.8947848285922684,0.9080113434952145,0.9218975468975469,0.9371868289191124,0.9474927325581395,0.9600288080662586,0.9701411509229099,0.9801049014288298,0.9877221916804105,0.9949793795947642,0.9978370583994232,0.9996313364055299,0.9998167491295583,0.9976702508960573,0.9960438770005394,0.9887580299785867,0.9813117699910153,0.9704549574043865,0.9621348719798053,0.9476156069364162,0.9342199856218548,0.9270927092709271,0.9083105022831051,0.8970378301213419,0.8767662314433912,0.8655639626957593,0.8547466095645967,0.8339025705554557,0.8276171664571736,0.8015605603830467,0.7836698858647937,0.7821109123434705,0.7829201101928375,0.7690497737556561,0.7685168659646617,0.7578656853725851,0.7631578947368421,0.7596940590537176,0.7714648756580141,0.7671668137687555,0.7755176837089977,0.7902527075812275,0.7916139526477499,0.8044186888808402,0.8109788594777048,0.8262877442273535,0.8504706734250543,0.8582464965864175,0.8758533956162414,0.8870277975766215,0.9035346097201767,0.9157404087486555,0.9359296482412061,0.9442735661299078,0.9582448690728945,0.9682054966768457,0.9815684857246115,0.984140815615197,0.9904020282506338,0.9967409016838674,0.9987350921575714,1.0
1.0,0.9994674241079354,0.9974236290025764,0.9921489866715355,0.9856676342525399,0.9741946965652252,0.9657337639038392,0.9518181818181818,0.9459459459459459,0.9183746853649766,0.915312387143373,0.8985507246376812,0.876122411581455,0.8693832999818083,0.8401440144014402,0.8393567040115649,0.8179528692210829,0.7987488829311885,0.7793986835082726,0.7763374109914186,0.7725368785285012,0.7582517228871962,0.7537715517241379,0.7575978161965423,0.7405040175310446,0.748014440433213,0.7465974212034384,0.7590975254730713,0.7556479305982288,0.7606476592749032,0.7684229263082948,0.7872187218721872,0.7937981779957953,0.8145088884898546,0.8198712051517939,0.8398394746442904,0.8598180845371857,0.8691687127323746,0.8822798295454546,0.8992637816484108,0.9195997855994282,0.9297475301866082,0.9430719656283566,0.9638511095204009,0.9716687991226467,0.9802442528735632,0.9873211374750951,0.991313789359392,0.9976234003656307,0.9998165137614679,1.0,0.9976260043827612,0.9934841628959276,0.9842505430847213,0.9787347155768208,0.9714234684765136,0.9596105301117923,0.9440783615316117,0.9330134711201329,0.9179580674567,0.9035404624277457,0.8829006266786034,0.862650170342478,0.849634776411901,0.8451543042772063,0.8300962062080233,0.797004691447131,0.7941603191875227,0.7821409359870898,0.7724475018102824,0.7588665447897623,0.7539842461989376,0.7563206024744487,0.7426932042316657,0.7475167057973632,0.7463741841914431,0.7481081081081081,0.7591307523739956,0.7602714600146735,0.7727598566308244,0.7760873456237695,0.7876724601325927,0.8032403240324032,0.820941091954023,0.8307776560788609,0.8490772885072172,0.8619449937084307,0.8799283154121864,0.8977573724174466,0.9157203690560681,0.9220150591609896,0.9432661717921527,0.9512587038028923,0.9607353203640907,0.971960958296362,0.9867248590652846,0.9906061680255228,0.9956717763751127,0.9981988472622478,1.0
1.0,0.9992698064987222,0.9949357930909749,0.9889251997095134,0.9851248450504693,0.9756838905775076,0.9609967497291441,0.950355871886121,0.9396521121760738,0.9273903666427031,0.900984682713348,0.8832367849384504,0.8713953071825183,0.8594063012201785,0.823991236078145,0.8173302107728337,0.8061130546860615,0.7864685877930911,0.7720706260032103,0.7712028094820017,0.748389471746733,0.750771464875658,0.735705434590193,0.7306077751414491,0.7320166696865374,0.7282978342580991,0.7416293643688451,0.7366906474820144,0.7418550827844045,0.7446961524631428,0.7648239372377303,0.7742791438174421,0.7899129172714079,0.7940552016985138,0.8126434751898287,0.8322397588224862,0.8471998568616926,0.8576128678486565,0.8865019692087361,0.8915401301518439,0.9168443496801706,0.9302155644866642,0.9479573712255772,0.9604031677465803,0.9645172910662824,0.9762652705061082,0.9870106440555656,0.9930567918817874,0.9973175965665236,0.999456029011786,0.999820143884892,0.9971066907775769,0.9932592457642558,0.9857549857549858,0.9796330275229358,0.9661467564693371,0.9603708416651517,0.9374886754846893,0.926112813119481,0.9118229260392298,0.9006622516556292,0.8771110312612289,0.8581752484191508,0.8465674852124037,0.8297146958550152,0.8144932671863926,0.7964874162592793,0.7820305480682839,0.7565610859728507,0.7455045871559633,0.7504932735426009,0.738348623853211,0.7241254958528669,0.7356836077308518,0.7368607954545454,0.7309005932051051,0.7302691814685955,0.7399745962620214,0.7428155692979265,0.7428313796212804,0.7560057368232341,0.7743148844707146,0.7926192619261926,0.814755838641189,0.8243194842406877,0.8369236247106997,0.862260433458714,0.8626723223753977,0.888909057905246,0.9079087994299965,0.9223529411764706,0.934908041831951,0.9475409836065574,0.9613359956434925,0.9732551749404653,0.981059212945936,0.98898756660746,0.9948970293420812,0.9994722955145119,1.0
1.0,0.9994736842105263,0.9962107542403464,0.9908634897886063,0.9819868022115213,0.9741935483870968,0.95598752980011,0.9516302400573271,0.9340110576065632,0.9131709104231545,0.8959810874704491,0.8861730597680643,0.8633574007220216,0.8408640864086409,0.8354521038495971,0.8137795976499911,0.7965560092313154,0.7795925857955588,0.7609482446615997,0.7503649635036497,0.7395120238722135,0.724921485313135,0.7207628643396905,0.7286513811157248,0.7181439187964473,0.7160405910628449,0.7227829848594088,0.715057636887608,0.732731137088204,0.7361458705756168,0.7522377372001432,0.7562755919529999,0.7694096601073346,0.7857012916136075,0.8083467669711625,0.8300928358731827,0.8378571428571429,0.8496720116618076,0.8685454545454545,0.8856368563685637,0.9041795948165724,0.925,0.9375884016973126,0.9522788203753351,0.9655605381165919,0.9787910922587487,0.9854437039635215,0.9902544667027612,0.9973214285714286,0.999819949585884,0.9989210573637834,0.9974274163910327,0.9930703624733476,0.9846708746618575,0.981861055686559,0.9683168316831683,0.9509786317112587,0.9403439627373701,0.9242935845032877,0.9126998383330339,0.88865210442195,0.8744202640028541,0.8496491228070175,0.8351727881309933,0.819971621142249,0.8005738880918221,0.7848078317621465,0.773851590106007,0.757076316732354,0.7320153761669412,0.7380191693290735,0.7248090214623499,0.727501347224717,0.7164341366189527,0.7148444444444444,0.721081081081081,0.7171314741035857,0.7233187134502924,0.7369651204602661,0.7365719523373052,0.7557528537778583,0.7697132616487455,0.7824768022840828,0.8010509150208371,0.8169642857142857,0.829250720461095,0.8499549143372408,0.863991283820592,0.8839857651245552,0.8952209197475203,0.9154228855721394,0.9285585096762525,0.9500270611582176,0.9585187822681146,0.9686131386861314,0.9832462619347865,0.9908240374235336,0.9957142857142857,0.999266862170088,1.0
1.0,0.9983612527312454,0.9947416137805983,0.9871562952243126,0.9823962636967847,0.9703744093057071,0.9589922765722693,0.9434603685811416,0.9294390853876384,0.9126629755313449,0.9007620060251639,0.8758936755270395,0.8571685878962536,0.8258486562942009,0.8165171214063358,0.8043555872902535,0.7811594202898551,0.7715336134453782,0.74877916440586,0.740199572344975,0.7283555555555555,0.7149837133550488,0.7094861660079052,0.692168892096716,0.6994733974940984,0.7029364078544407,0.6886690647482014,0.7052023121387283,0.7134882045741041,0.7241992882562278,0.7433969185619956,0.7536469730123997,0.7730184880102507,0.7726022373005685,0.7941439028744867,0.8077200577200577,0.8312333629103815,0.8471825962910129,0.872984593335722,0.8859023587493143,0.9086625588981515,0.9165610859728507,0.9370680247362677,0.9486251808972503,0.9675548305238354,0.9742903053026245,0.9814219364058593,0.990576295759333,0.9965821190861666,0.9996491843536222,0.9998161088635528,0.9983942908117752,0.9921718550882942,0.984653378020815,0.9750455373406193,0.9716864271810299,0.9524660471765547,0.9373875494782296,0.9179025423728814,0.9001616089064464,0.8875379939209727,0.8654526166902404,0.8494487619736129,0.8260553129548762,0.8089686098654708,0.7961946578851079,0.7764350453172205,0.7534841628959276,0.7486408118883654,0.7297591016120268,0.7234982332155477,0.7068649045521292,0.6979053810039726,0.6909488253505737,0.6956913647016405,0.7047363717605004,0.7056032122650119,0.7018214936247723,0.7173482255449468,0.7297539953312983,0.7404278267122056,0.7484333034914951,0.7738159553394561,0.7889528607412738,0.7965796579657966,0.815634481527753,0.8445010924981792,0.8535078153398764,0.8768472906403941,0.8926027397260274,0.9150489759572573,0.9283312688019819,0.9415121255349501,0.9570902394106814,0.9704487413352791,0.9808476680262458,0.9906094641870742,0.9953629391831639,0.9992777175875768,1.0
1.0,0.9985770188545002,0.9949403686302855,0.9884669978708304,0.9820926966292135,0.9708755426917511,0.9516214779372674,0.9382253169076951,0.9257122880615277,0.9062221429844892,0.892052622094071,0.8716822258832143,0.8510443385855625,0.8323159784560143,0.8066968325791856,0.8036032821976454,0.7672933016973901,0.7513474667624865,0.733701460634129,0.7251313643776046,0.7085856786604916,0.7043321299638989,0.6878602305475504,0.6902066486972147,0.6814458689458689,0.6891385767790262,0.6827272727272727,0.6779327610872675,0.6939560439560439,0.7046186895810956,0.7239778610962329,0.7321688500727802,0.7428780131482834,0.7602328863796753,0.774294670846395,0.7986049007333214,0.8137325206167085,0.8387923147301006,0.8560966678872208,0.8809651474530831,0.8935037273695421,0.9096947935368043,0.9359162688211531,0.9530482256596906,0.9657101606208266,0.9763238749322248,0.986909090909091,0.9943272469420316,0.9978696964317415,0.9998179501183324,0.9994628469113698,0.996767821871072,0.9930801987224982,0.9837221920781335,0.9780200142959257,0.9593105899076049,0.950109649122807,0.9283776451437873,0.9230495190594942,0.8990627253064167,0.8772087991345113,0.8555738605161999,0.841917661735876,0.818100358422939,0.7986245812026098,0.7781981981981982,0.7701841359773371,0.7449450159631075,0.732879168160631,0.7203603603603603,0.6964091403699674,0.6893747741235996,0.6913557779799818,0.682774607703281,0.6824830538708526,0.674755523361101,0.6773186409550046,0.6897244022631868,0.6986251808972503,0.7143897996357013,0.7145704965567234,0.7385411093276262,0.7566051393412957,0.7729249728162377,0.7822983583154889,0.8112062812276946,0.8256929637526652,0.8523539109727056,0.872895165670831,0.8892844428622285,0.906812566184257,0.9262746491383905,0.944211485870556,0.9541316526610645,0.9735842229057354,0.9774839170836311,0.9877868245743894,0.9949775784753363,0.9987337192474675,1.0
1.0,0.9987353206865403,0.9953060119155082,0.9868092691622103,0.981882145998241,0.9661772904664561,0.9497167138810199,0.9346895074946466,0.922886889006529,0.8996916379466715,0.8859617466618549,0.8659905831220572,0.8462359850507207,0.8229578985246492,0.7974890829694323,0.7748964523680894,0.7652738764044944,0.7441480675013609,0.7327272727272728,0.7280701754385965,0.6914620740197874,0.6806784660766961,0.6902233614060783,0.6669686537416198,0.6800721370604148,0.6693884957358012,0.6663076646921559,0.6825112107623318,0.6740991794505886,0.6940085592011412,0.7132433418460415,0.7142596976871244,0.7347747747747748,0.7565045756325139,0.7763930923980773,0.7921076233183857,0.8110558123000355,0.8330030625112592,0.8504672897196262,0.8667386998019089,0.8931663289740284,0.9123893805309734,0.9294860234445447,0.9418018018018018,0.9587025877348458,0.9741106023247622,0.9826568925442517,0.9923076923076923,0.9972806381435823,0.9996371552975326,0.9998202085580726,0.9967718794835008,0.9923871669385536,0.9816202712348323,0.9744397110576033,0.9589260312944523,0.9430981870400287,0.9306895319757056,0.9114669611632615,0.8977905514639842,0.8719666787395871,0.8458910267937422,0.8306296877725449,0.8155202821869488,0.7954914337240757,0.7702127659574468,0.749052859462385,0.7293192781847418,0.7141032658274038,0.7043399638336347,0.6898329185922503,0.6871210729377182,0.6728428701180745,0.6670264436049649,0.6676840215439857,0.6683300659418998,0.6800435808970401,0.6722509356620923,0.6857904085257549,0.6941678520625889,0.7151536812008578,0.719950213371266,0.7473021582733813,0.7568432278706008,0.7759592653209675,0.7992700729927007,0.8284045271997079,0.8477648715241112,0.8640988372093024,0.8816138736506813,0.8998725650828326,0.9259326004685529,0.9376123696512046,0.9563642947673366,0.9699438710845555,0.9780995475113122,0.9884919271727929,0.9910846953937593,0.9994545454545455,1.0
1.0,0.9985815602836879,0.9969219627014304,0.9883762517882689,0.9792523698801645,0.966799709724238,0.9485955571874426,0.9348686577905722,0.9195506432324696,0.8975497159090909,0.881377095968605,0.855379188712522,0.8281306063867958,0.8155055768879137,0.7930543187889582,0.7634824222344929,0.7522804507243784,0.7316414686825053,0.7026779163609684,0.6929840301453436,0.6754527523758292,0.6857453359898569,0.6571021208340759,0.6524261603375527,0.6638041293623241,0.667085201793722,0.6635697695193854,0.6606986133052484,0.6593105963888383,0.6703810208483105,0.6951612903225807,0.7122825701100461,0.7123531505873977,0.7343636363636363,0.7636955342614355,0.7891843971631206,0.7942453854505972,0.8275923612350526,0.851063829787234,0.867467718794835,0.8941723274937433,0.9108875314408911,0.9341306676187076,0.9433488705629258,0.9630434782608696,0.9713461885024328,0.9810366624525917,0.9907942238267148,0.9968938424995432,0.9994512529723797,0.999456620177504,0.996172772006561,0.9941295175197211,0.9823475887170154,0.9647206303724928,0.9615316433256514,0.9466217414435184,0.9290068124775905,0.9112233850595453,0.8999822663592836,0.8706709956709957,0.8491387126019946,0.8235611510791367,0.7946157960420752,0.7835294117647059,0.7537033731929323,0.7414252710147503,0.7140540540540541,0.6995338831122266,0.6953785290415393,0.6783646253728725,0.6717720391807658,0.6602062588904695,0.6607175049576347,0.6562329390354869,0.6571479885057471,0.6512295817626997,0.6586599241466498,0.6676867686768677,0.6840479651162791,0.6846911369740376,0.7120028409090909,0.7138779878701391,0.7503163984812873,0.7762944254014071,0.7845768473787798,0.8145624103299857,0.8406723917412754,0.8595515695067265,0.8728844076341375,0.9016480595427964,0.9125752874612155,0.9348142753095412,0.9510385756676558,0.9651599070930856,0.9785599428265142,0.9857452183327319,0.994319190484644,0.9985242575170633,1.0
1.0,0.9981761809228524,0.9962432915921288,0.9854677565849228,0.9759519038076152,0.9636598413576831,0.9501084598698482,0.9357335733573358,0.917119073470865,0.888015717092338,0.8727338000359002,0.8430021754894851,0.8275054073540015,0.8132106118029236,0.7749681644533382,0.7497271735176427,0.7355639503507825,0.7261839956450735,0.6897612156295224,0.6886140414696253,0.6703971119133574,0.6619436875567666,0.6432215743440233,0.6491856094505101,0.6352143642359839,0.6377980993365608,0.6512046026609133,0.6511924267249226,0.6587936046511628,0.673827425707125,0.6884161601716124,0.696213888390454,0.7135240803269949,0.7166424945612763,0.7548645208219676,0.779393058331819,0.7947091864468201,0.8241024715857839,0.8421052631578947,0.861232676878191,0.8823000898472596,0.9021564783461059,0.9226469527587451,0.9424676933970614,0.9587536023054755,0.9734561213434453,0.9817722432773868,0.9918032786885246,0.996605930689532,0.9987362339772522,0.9998198522788687,0.9971305595408895,0.9915537568185817,0.9819610644757992,0.9734529147982063,0.9596396396396396,0.9438202247191011,0.9273338048090524,0.9032963030413403,0.8872884407634137,0.8627164995442115,0.8401867480696714,0.8145395213923132,0.7868056803882797,0.7775565610859728,0.7486003250857866,0.7240388070427596,0.7174968530839777,0.6857967875834687,0.6800926751024773,0.6644234267006184,0.6574388283622076,0.6373877838408731,0.6297703020437693,0.6458596427927116,0.626857654431513,0.6403379867744305,0.6471109535625664,0.6597845601436265,0.6793109767271395,0.6914182475158085,0.7080186983099604,0.7085290928803759,0.746031746031746,0.7606604971874433,0.7814675950723086,0.8166607333570666,0.8290109103917009,0.8544702284583559,0.8763943864699533,0.8990197891621972,0.9163059163059163,0.933933933933934,0.947791882710531,0.9619487908961594,0.9775900073475385,0.989108731167181,0.9945432142228481,0.9987555555555555,1.0
1.0,0.9985441310282075,0.993868349864743,0.9873211374750951,0.9797629899726527,0.9630156472261735,0.9436366900017951,0.93,0.9095821325648416,0.8846431146359048,0.8679141441937259,0.8421608305472462,0.8306465899025687,0.799178131141683,0.761129983908457,0.7491377745507352,0.7302595752405155,0.7086021505376344,0.6920731707317073,0.6771766391974203,0.6533864541832669,0.6510668818361126,0.6431455151834299,0.6311431143114311,0.6174256005736823,0.6233345336694275,0.6188381894814,0.6433969053616408,0.6342743394860658,0.6675700090334237,0.6825745108795026,0.677545924736936,0.6958615768819122,0.7282116325421272,0.732532347504621,0.7625387561553894,0.7787917503194014,0.814362657091562,0.8293830287678668,0.8512884753042234,0.8752500454628114,0.9009971509971509,0.9187715791386516,0.9495179666958808,0.9578433146372354,0.9687332499553332,0.9814946619217082,0.9898052066266156,0.9973161567364466,1.0,0.9998209489704566,0.9976802284082797,0.989963503649635,0.9776334776334776,0.9716466739367503,0.9584850691915513,0.9387320191795419,0.9183889772125067,0.8985742645731818,0.8723517892113227,0.8564075257365992,0.8303139013452915,0.8051018535511103,0.7881834215167548,0.7611805178345102,0.7289007092198582,0.7159212880143113,0.707924391130498,0.6689395298761888,0.6657691617303895,0.6516174902239602,0.654162200785995,0.6291787790697675,0.6135877318116976,0.6205511954736266,0.6399357028040722,0.6327833954230974,0.6357065413805566,0.6608156028368795,0.6552036199095023,0.6813565469713456,0.694609698936362,0.7139212827988338,0.7466925383665549,0.7492716678805535,0.7655828992275912,0.8016862813982083,0.8271186440677966,0.8431372549019608,0.8621002906976745,0.8942130482860302,0.9135802469135802,0.9325271643883631,0.9486015256084271,0.963162623539982,0.9785270629991127,0.9863358504135203,0.9947416137805983,0.9980108499095841,1.0
1.0,0.9990877577084474,0.9958543619322279,0.9877092981831136,0.9737518355359766,0.9592917123037605,0.9470150607875158,0.931325085171239,0.9104477611940298,0.8918186743724038,0.860385516123221,0.8326813655761024,0.8146436822463125,0.7984425932633104,0.7626181558765829,0.7516994633273703,0.7084237165582068,0.7029024698034974,0.6825077682324986,0.6586623977232302,0.6511795425895912,0.6399488771225124,0.6204885162231134,0.6228417266187051,0.615563923256231,0.5991705733862243,0.6118671747414263,0.6134559884559885,0.6366775717920756,0.6485058309037901,0.662657091561939,0.6744311055366422,0.6830894610112984,0.6930074919728862,0.7289038905667081,0.7578554944079531,0.7918064630054741,0.8054588752518776,0.8276176577891281,0.8485865724381625,0.8673725771715721,0.9025974025974026,0.9211670895251903,0.9358834244080145,0.9521121631463948,0.9676544994578966,0.9847246891651865,0.9906876790830945,0.997115037865128,0.9996425379803396,1.0,0.9959655235650101,0.9892571012381646,0.9820814479638009,0.9680505415162455,0.9539078156312625,0.9347864927639807,0.9108766824299745,0.8930604982206406,0.8775100401606426,0.8586452762923351,0.8290628919548468,0.7940802614853822,0.7777777777777778,0.7516280752532561,0.7292268786127167,0.7029702970297029,0.6980619452997645,0.6602448685631976,0.6576155367739616,0.6352122725651088,0.6235714285714286,0.6258710023226729,0.6221859114015976,0.602081090778615,0.613566660653076,0.611958836053939,0.6252957233848954,0.6336936936936937,0.6503221188260558,0.6634734788007806,0.671649855907781,0.6966032367063845,0.7096601073345259,0.7440347071583514,0.754880694143167,0.7922731356693621,0.8236803519061584,0.8378084179970973,0.8648697869240576,0.8851230824117018,0.9115610015982951,0.9316474253252703,0.9461333333333334,0.9592719408902505,0.9787648203857724,0.9878754976474846,0.9926378164841084,0.9985451900345518,1.0
1.0,0.9992835393157801,0.9933689445570086,0.9827398255813954,0.9730369830570231,0.9599052305449244,0.9510735656458993,0.9271262309758281,0.9100052938062467,0.8808638697114534,0.8651624548736462,0.8395394855189783,0.8063418129702615,0.7822478802092729,0.7588652482269503,0.7358524037608657,0.7074977416440831,0.689174511223751,0.6598493003229279,0.6467598475222364,0.6364127498649379,0.6114285714285714,0.5930922827846735,0.5965328467153285,0.6059192825112107,0.6087888531618435,0.6068299660289648,0.6075790229885057,0.6229448961156279,0.6286119482361283,0.6419914227111692,0.6642780365460409,0.6732923744127214,0.7035050071530758,0.7306787330316742,0.7415351887963127,0.7652531758811952,0.7993974836080099,0.826737187670983,0.8387443946188341,0.870456165359943,0.8934797768479776,0.9102925625660909,0.9352168436206586,0.9512151853822955,0.970535068691251,0.9815083393763597,0.9880184331797235,0.9945499296765119,0.9996341017197219,0.9994622692238753,0.996232508073197,0.9868327402135232,0.9821963687643223,0.9645953757225434,0.9488564739780299,0.9333569656150301,0.9125202083707562,0.898416166029492,0.8759296208960639,0.8476138828633406,0.8246926777124532,0.7980438326390147,0.7742108079186731,0.7430735131141485,0.7129090909090909,0.6985533453887884,0.6755252289459508,0.6512,0.6440376754931579,0.6290122362120943,0.623233055454875,0.6131254532269761,0.6064757160647571,0.6040341631837179,0.6037224430791471,0.6026574444848926,0.61803127874885,0.6218207332047009,0.6371890321409116,0.6504520795660036,0.6648114901256732,0.6876351838500361,0.7052421549065845,0.7246427941435879,0.7542692791659177,0.7614249730118747,0.8095750403442711,0.8362038033728023,0.8575806742383271,0.880064829821718,0.9022093444404201,0.9242614145031334,0.9419214763886375,0.963855421686747,0.9756795422031473,0.9855549460596087,0.9933369349900955,0.9983639338302127,1.0
1.0,0.998190700199023,0.9917325664989216,0.9827768014059753,0.970854453294714,0.9598704336872413,0.9408060453400504,0.9240191727321143,0.8978886057517291,0.8713492205697904,0.864932735426009,0.8321542270958613,0.8088986141502553,0.7738711404604676,0.7517972681524083,0.7227403156384505,0.7158469945355191,0.6761989342806395,0.6476275738585496,0.6339916651567313,0.621043165467626,0.6054102795311092,0.5996037463976945,0.598590276522682,0.5888928317955997,0.5896259703599153,0.5978006129439336,0.5905554550389,0.6017400568181818,0.6140939597315436,0.6389643309795401,0.6512461897077282,0.6657824933687002,0.6978922716627635,0.7221615720524017,0.7347772057518196,0.7670058918050349,0.7867672867672868,0.8196214051692756,0.8437156467570539,0.8743159430864648,0.8953884801722591,0.9176428185258605,0.9357415138863677,0.9477408818726184,0.9639035008162525,0.9821237039685378,0.9898050438204257,0.9967550027041644,0.9991041032073105,0.9992805755395684,0.9974937343358395,0.9890909090909091,0.97575866403304,0.9680185813828837,0.9462824617573817,0.935929203539823,0.9132216678545972,0.8927738927738927,0.8650107991360692,0.8481375358166189,0.8171829971181557,0.7868644834449068,0.7681964861957691,0.728158844765343,0.7030716723549488,0.693810480189885,0.6657744468236974,0.6526334973573902,0.6259057971014492,0.6107656777402736,0.6107407407407407,0.5816853732406913,0.5907844212835984,0.6035824136059345,0.5910733646548608,0.591390134529148,0.5929574895092137,0.6014176663031625,0.6140834712263283,0.640586365241964,0.6638282774525457,0.6794240933114635,0.705658324265506,0.7185596560372627,0.7559241706161137,0.7657204455623428,0.7963629816348577,0.8412412051235792,0.8616906474820144,0.8801585871328167,0.9036144578313253,0.9227553616866594,0.9457768508863399,0.9631192660550458,0.9739583333333334,0.9866861207368229,0.9919268030139935,0.9983815860456753,1.0
1.0,0.9983815860456753,0.991941391941392,0.9788378766140603,0.9768105601141635,0.9556164383561644,0.9363796133567662,0.9164103491948616,0.8971499380421314,0.8822273616794165,0.8387154970232726,0.8155759870200108,0.8036766018204533,0.7723738926053155,0.7397893180558123,0.7169402850441999,0.6945668135095447,0.6649772806710941,0.649296032181386,0.6247060951347441,0.6156890967974091,0.6080865401666963,0.5824293081984706,0.5745796420177183,0.568190061661226,0.5579430670339761,0.5714798850574713,0.5848246241947029,0.5842209785159777,0.6053064958828911,0.6137339055793991,0.6381638163816382,0.6685827195976289,0.6758534850640113,0.6941005098324836,0.7246506628448585,0.7598649129043725,0.780105633802817,0.8159466104671584,0.8342908438061041,0.8634897886062344,0.8852573018080667,0.9156005685856432,0.9318303811057435,0.9495997088791849,0.9641583452211127,0.979469476744186,0.9906390639063907,0.9962352097525995,0.999102817154136,0.9992845644786263,0.9953967961701344,0.9923323823109843,0.976274165202109,0.9692084767252309,0.9502792289677535,0.9301948051948052,0.9076192152032377,0.8839554218998762,0.8528098250837365,0.8379778492318686,0.8082292432035268,0.7863169479090242,0.7433297758804696,0.7401309966365729,0.7005405405405405,0.6886035313001605,0.641955266955267,0.6406880814463752,0.6217754847891834,0.5976427923844062,0.5922452660054103,0.5872987153971413,0.5726186164433177,0.5670511896178804,0.568901303538175,0.5846181109339004,0.5776699029126213,0.5980869879083198,0.6135741652983032,0.6457780138077536,0.6465907035630313,0.6750442477876106,0.6935282581565342,0.7241317898486198,0.7352888888888889,0.7797821039471334,0.8008896797153024,0.8327956989247312,0.8604110813226095,0.8630062021160161,0.9034519956850054,0.9243106866102,0.939421015010722,0.9609504512801621,0.972750089637863,0.9845156643860281,0.9943860919956538,0.9985732120563581,1.0
1.0,0.9987407807159561,0.9946130364517867,0.9820603907637655,0.971868365180467,0.9547251167804528,0.9429094236047576,0.9157142857142857,0.8954471837322296,0.8720200752823086,0.8606631636165972,0.8207323738385862,0.7973238180196254,0.7802120141342757,0.7346278317152104,0.7191940996582119,0.6844555873925502,0.6620677297975274,0.6360241820768137,0.6217570227232063,0.6104755094744369,0.5854526053707985,0.574839629365645,0.5680515759312321,0.5499102333931777,0.5647121916338934,0.5699332250496301,0.5756280064136825,0.5832292595896521,0.5824235807860262,0.6080117066032559,0.6284454244762955,0.6473834104663582,0.6689444344542349,0.7047499100395825,0.7167451975353389,0.7586327782646801,0.7665252739483916,0.8051503691698181,0.8317437466258772,0.8524883637665592,0.8784931022285107,0.9053297199638664,0.9289375994343292,0.9495527728085867,0.9655110148067895,0.981066812306572,0.9878201683682608,0.996398991717681,1.0,0.9996372211137312,0.9962277707921682,0.9873919308357348,0.9810273850008949,0.9646680942184154,0.9515545914678236,0.9291712303760497,0.9104772156440617,0.8806370794559771,0.8571693907875185,0.8388600107546155,0.7998207885304659,0.7727434257285004,0.7390990990990991,0.7191474117857782,0.6968333933069449,0.6674532583045925,0.6530133525802959,0.6335403726708074,0.6120168529034622,0.5936713412441568,0.5896977284922197,0.568722073279714,0.5651550457071159,0.5672184828088048,0.5569461827284106,0.5763636363636364,0.5736590742101396,0.5838098641887062,0.5967341143059993,0.6174422865518505,0.6441160761972583,0.6613850810040948,0.6827659953662448,0.721626617375231,0.7413637185747874,0.7702020202020202,0.7930469603203495,0.8125909752547307,0.852658319724188,0.8730385164051355,0.9009520322226291,0.9269903605855052,0.9399324684556603,0.9513404333455747,0.9750265674814028,0.9835831548893648,0.99215965787598,0.9974833722811433,1.0
1.0,0.9985318407047165,0.9916545718432511,0.982812214298775,0.9743589743589743,0.9601059135039718,0.935773232866882,0.9196700735162273,0.8977583378895572,0.8674526616648803,0.8371760500446828,0.8144093236800283,0.7891630901287554,0.7679558011049724,0.7257489300998573,0.6995156482861401,0.6707708779443254,0.6520021547854192,0.6408712590756154,0.6061206120612062,0.5956214944816356,0.5831015299026425,0.5684322787060079,0.556366289675301,0.5526315789473685,0.5487234807623157,0.5600072189135535,0.5534433285509326,0.5674659985683608,0.5822541127056353,0.5901579140653691,0.6179142441860465,0.6374530495439098,0.6565327542526239,0.711541946004711,0.7090742438130155,0.7380867709815079,0.776566757493188,0.8011270678058535,0.8241479332849891,0.85997171145686,0.8878521442670017,0.8998194945848376,0.9318264014466546,0.9429720343630049,0.9648544755628775,0.9770568202186772,0.9886242445787415,0.9962148521989906,0.9990984493328525,1.0,0.9957604663487016,0.9913279132791328,0.9778966131907308,0.965312724658519,0.9499909403877514,0.9263649425287356,0.9140708915145005,0.885126750576139,0.8571686529433008,0.8384892086330935,0.8041274438812455,0.7719740634005764,0.7463716814159292,0.7113960628499187,0.6827794561933535,0.6606071623341211,0.6404577334809893,0.6116087423862415,0.6054764907223924,0.5928186714542191,0.5855145213338114,0.5618686868686869,0.5597138139790864,0.551131221719457,0.5491874890791543,0.5690537084398977,0.568153322586423,0.5791666666666667,0.5977095073622978,0.6200036172906493,0.6316176470588235,0.6594371751209894,0.6718492774830803,0.7048481619605754,0.7273054755043228,0.7605102407473949,0.7881710646041856,0.819560949491344,0.8433756166314306,0.872791519434629,0.8924050632911392,0.9072953736654804,0.9342011412268189,0.9513290229885057,0.9726471117509448,0.9845407154413086,0.9926232457718603,0.9991183212837242,1.0
1.0,0.9985770188545002,0.9916250890947969,0.982078853046595,0.9729925684248686,0.9560984570168993,0.9371011850501367,0.9184861717612809,0.8911926280347333,0.8598691384950927,0.8490599820948971,0.8108157653528872,0.7872958257713248,0.754348597799077,0.722133616870459,0.6994496715781999,0.6701085988962079,0.6543521355199134,0.627865329512894,0.5986818667616672,0.5875157402410506,0.5790789003927169,0.5580060964676349,0.5552351775094612,0.5518364392979916,0.5458022218175196,0.5518619436875568,0.5427549194991056,0.5554760200429492,0.5774193548387097,0.5973698432714826,0.6125950822572086,0.6333513416171439,0.6543141592920354,0.6871739521496673,0.7127849002849003,0.7317029632274188,0.7739084320311119,0.7963889882016446,0.8272223215882668,0.853003910415926,0.8838641562554989,0.8991884580703337,0.9309476712821435,0.9455156554042101,0.9610436673310382,0.976723204619271,0.9891497687655638,0.9964608033976288,0.9989365473236441,0.9996349032493611,0.9956035904011724,0.9896080218778487,0.9774668362711249,0.9616693533942325,0.9460176991150443,0.9271402550091075,0.9018426647767541,0.8799422278389601,0.847684515195369,0.8208445642407907,0.7968693119767019,0.7647374062165059,0.7327571000176398,0.7027965636995065,0.6865401987353207,0.656708211143695,0.6316075307748009,0.6109917651271035,0.5929914217922979,0.5696406222063294,0.5674906633469678,0.5524539317642766,0.5550300163725669,0.5466496257075041,0.5444484760522497,0.5537749287749287,0.5554741852801172,0.5761421319796954,0.5875893324036953,0.5984889368591473,0.6243997865907879,0.6485461441213654,0.6651697503143524,0.6957624049257516,0.7258207630878438,0.7531176576902223,0.7807207207207207,0.813768115942029,0.8403908794788274,0.8630354309888948,0.893095366864972,0.9151112706389088,0.9421996738539591,0.955221174764322,0.9745703262013329,0.9813776893870909,0.9923049391553329,0.9992909058677539,1.0
1.0,0.9987295825771325,0.9919369288657947,0.9848920863309353,0.9735278227984873,0.9555318392031306,0.9340841949778435,0.9179144867400325,0.8949158610812746,0.8718180176927243,0.8369366068156834,0.802934251041478,0.7746754401565001,0.7486781811773,0.7155882868665615,0.6872449884690438,0.6832629064853941,0.6539454277286135,0.6159458978465919,0.6045033593608136,0.575752180879473,0.5598227474150664,0.5484158063367747,0.5521992580816111,0.5371621621621622,0.5374755207406089,0.5375973908316724,0.5389210716871832,0.5635775862068966,0.5813371469431534,0.5931648791128886,0.6101190476190477,0.6246170481167778,0.6501267656646142,0.6716417910447762,0.7123885755866837,0.7413950100163904,0.7660974742084667,0.800399564111878,0.825952250774558,0.8477828054298643,0.8856108597285068,0.9055962810656177,0.9244165170556553,0.9484832166576916,0.9645428365730742,0.9749504415209947,0.9874010079193665,0.9952136146073391,0.999823539791777,0.9992565055762082,0.9949238578680203,0.9897334293948127,0.978119349005425,0.9618945868945868,0.9439385823960007,0.9283571554614435,0.8933168753306295,0.8804917736394865,0.8526504941599281,0.8213526912181303,0.7933673469387755,0.7574823145292944,0.7349095468386172,0.7178111587982833,0.667273389151802,0.6506613516941475,0.6261835396941005,0.6060010716199321,0.5793190872872148,0.5785934944575686,0.557427536231884,0.5447415329768271,0.5358042461317021,0.5251798561151079,0.5446379468377636,0.5451481284371119,0.5552207055486615,0.5602710413694721,0.5770862800565771,0.5970502549162418,0.6136767317939609,0.630256593014968,0.6798989534464093,0.6961080504709437,0.7237467983900475,0.7521178637200736,0.7793511381968095,0.803581318072734,0.8305235137533274,0.8645851917930419,0.885809312638581,0.913059228400652,0.9380039419458879,0.9587852494577006,0.9716196673897325,0.9837254555103485,0.9934246575342466,0.9983876746685776,1.0
1.0,0.9976546996211438,0.9915846016114592,0.9833333333333333,0.9712153518123667,0.956665442526625,0.9331656485806683,0.9146825396825397,0.8797387992018865,0.8683202626299471,0.8322315526174736,0.8108356290174472,0.7688713156002875,0.7549491706795077,0.7088425593098491,0.6884975233902036,0.6627240143369175,0.6272956427799784,0.6153846153846154,0.5940899202320522,0.5636919755307664,0.5551679823756196,0.541493400831676,0.534370477568741,0.5284537968892955,0.5285766290498726,0.5341910468805076,0.5445562671546204,0.5616071428571429,0.5431435732187612,0.5805972917826007,0.5974025974025974,0.6300106420716566,0.6531411283146468,0.6713926776740847,0.6999271667880553,0.7176913425345044,0.7591792656587473,0.790216196408941,0.8173803526448362,0.8510869565217392,0.8714816781731279,0.9016747703943814,0.9318708756911004,0.9445938676707908,0.9625401355690332,0.9767782044249406,0.9879928315412186,0.9966150008907892,0.9992834109638122,0.9996322177271055,0.9963761551005617,0.9869533259830945,0.9771739130434782,0.9615314824895663,0.9419795221843004,0.9209677419354839,0.9015890213073312,0.8706287370900525,0.8466442358774571,0.8228748631886172,0.7903579254930606,0.764517278232989,0.7305236270753512,0.7028880866425993,0.667932718393923,0.6511503477795613,0.6349431818181818,0.6057347670250897,0.5785929470139997,0.5651074589127687,0.5520169851380042,0.5338155515370705,0.5388610315186246,0.5278384279475983,0.5276978417266187,0.5345513748191028,0.5417721518987342,0.5551431601272534,0.5728314238952537,0.5818957851680597,0.6066643159379408,0.6322746465944556,0.659276758131928,0.6913383031593894,0.71651865008881,0.7370242214532872,0.7772605192479857,0.8125,0.8297022512708787,0.8630210188813681,0.8802267895109851,0.9177111716621253,0.9354428077832333,0.9533039647577093,0.9697349570200573,0.9840244121342667,0.9905780032614604,0.9989047097480832,1.0
1.0,0.9976835352815395,0.9916696848967765,0.9818807755028085,0.9655557624278532,0.9518745493871665,0.9335476956055734,0.9100719424460432,0.8857091106683572,0.8603361635765032,0.8206770356816102,0.800498309307706,0.7737095909983925,0.7426921688920968,0.708230307311904,0.6775428363106089,0.6628480789566443,0.6266642677222022,0.6142703862660944,0.5665958200495926,0.5690217391304347,0.5546945395566769,0.5331913383031593,0.5214701601164483,0.5151124216734243,0.5176175997138258,0.5316546762589928,0.5247208931419458,0.5475889470832581,0.5541973755168075,0.5617673579801623,0.5945800430725053,0.6111111111111112,0.6547984818362552,0.6699834162520729,0.6978153111804664,0.7234773179107176,0.7714948269711024,0.7863832853025937,0.815068493150685,0.8462502237336674,0.8751553898064287,0.8953945019635844,0.9240231548480463,0.9425121643539377,0.9656351205469593,0.9759406657018813,0.9892163910855499,0.996783416726233,0.9996366279069767,0.9996413199426112,0.9950151326330782,0.9859847105933746,0.9750309899061449,0.9655295588497946,0.9424810674359899,0.9265077645359335,0.8945125199786894,0.8799063737846597,0.8415467625899281,0.8132189154646704,0.7829124126813541,0.7487023447288348,0.7183253764230628,0.6900626678603402,0.6592098141800469,0.6391974202794697,0.6170251219953009,0.5941271842911188,0.5727339181286549,0.5616859623733719,0.5404536524379353,0.5358928571428572,0.5243030736240172,0.5223262513503781,0.5073596220243504,0.5191197691197691,0.5341235632183908,0.5480976310122039,0.566328379847771,0.5801276207839563,0.6161255797359971,0.6329500538986705,0.6568824065633546,0.6789220060681778,0.7128168764403474,0.7338524155016811,0.7693144722524483,0.8039855072463769,0.8394330821672049,0.8577646239554317,0.8896675651392633,0.907476469543598,0.9314624932541824,0.9538294405214557,0.9700752707912612,0.9843158464034614,0.99349123124209,0.9981751824817519,1.0
1.0,0.9974274163910327,0.9943911706169712,0.9810093195006154,0.9726449275362319,0.9526032315978457,0.9339371337240278,0.9077119883040936,0.889875022640826,0.8564722874165012,0.830821672048798,0.8133211678832116,0.7629536017331648,0.7400180668473352,0.7106260147934331,0.6777875329236172,0.6610323518720466,0.6161908203830864,0.6027643152037336,0.5710176195613089,0.5629174941325149,0.5396137881248873,0.5268683274021352,0.5110421609782807,0.5226049515608181,0.511799675734102,0.5146293304613175,0.5302836230558097,0.5309958431230797,0.5499909600433918,0.5742307000179954,0.588929219600726,0.5980928836305845,0.6377277599142551,0.6594399277326106,0.6897426603841972,0.7292907417433676,0.7577271885989265,0.7879935100054083,0.8092746300974377,0.8501811594202898,0.8754962107542403,0.8922144693352919,0.929388630675724,0.9443262411347517,0.961712937760842,0.974646867077146,0.9891969751530428,0.9948849104859335,0.9994757077944775,0.9998208527409531,0.9963944474490716,0.9875960866526904,0.9781372200497689,0.9597927090779128,0.9399709829524846,0.9227321620652563,0.9025808796801164,0.8830001833852925,0.8397377526862138,0.8128801431127013,0.790083823791689,0.7517495395948435,0.7154558404558404,0.6872465904902322,0.6635869565217392,0.6423124667494237,0.611328125,0.5777494537509105,0.5800251481947188,0.5573415206790681,0.5284810126582279,0.5402094798508787,0.5328935312442734,0.5098877605558525,0.518592417921277,0.5303330333033304,0.5253899165759884,0.5363475177304965,0.5646528403967538,0.5666905700968089,0.593766696349065,0.6215146609102357,0.6573526777718073,0.6611675126903553,0.703406456215445,0.7381904069767442,0.7779369627507163,0.797999642793356,0.8278180852946381,0.863603473227207,0.8813104189044039,0.9177168272794662,0.9375111269360868,0.954041487839771,0.9707728169266631,0.9769626085415559,0.991701244813278,0.9985686169261049,1.0
1.0,0.9980300859598854,0.99125,0.9811803398501736,0.972003659652333,0.9537520244736368,0.9331005329902592,0.9058328762113732,0.8850717194970781,0.8494662565587118,0.8201921334058365,0.7828183604215039,0.7604727968016687,0.7278550512445096,0.6983902352733062,0.6940988268752222,0.6359102244389028,0.6150506512301013,0.5916784203102962,0.5692530819434373,0.5505361223413605,0.5362844702467344,0.5350044762757385,0.5197822141560798,0.5139634801288937,0.5050118461818844,0.5060975609756098,0.5158715762742608,0.5402523547183223,0.5477967306325515,0.5627997868182626,0.5832728592162555,0.612,0.6264975334742776,0.6592443876619821,0.6969255957795161,0.7183897529734675,0.7465778097982709,0.7791696492483894,0.8096095015296023,0.8360210183004168,0.8746009223128769,0.8971274685816876,0.9235668789808917,0.9369648387684459,0.9603960396039604,0.9752466367713004,0.9884731335343145,0.9960058097312999,0.999817817453088,0.9992988606485539,0.9949585884047534,0.9904418394950406,0.9755749688001426,0.9585203806787574,0.9386383731211317,0.9184587813620072,0.8951917882225824,0.8647351581940989,0.8531083807078672,0.8149384885764499,0.7761273209549071,0.7484584693507436,0.7134922056979036,0.6776962976211769,0.662822130113534,0.6312410841654779,0.5956175298804781,0.5878798974734529,0.5530111792282726,0.5477834302325582,0.5242494226327945,0.5280373831775701,0.5086486486486487,0.5226455787203451,0.5117498192335502,0.5257567711099309,0.5262970226421823,0.5336322869955157,0.5494113449875134,0.5727368791828108,0.5903202590860022,0.6170174491815075,0.6343430722351676,0.6790408525754884,0.7044138929088278,0.7353735373537353,0.7571994240460763,0.7960350062511162,0.8239768199927563,0.8641381766381766,0.8814721270070359,0.9025741866285306,0.9346509971509972,0.9545290508841573,0.9688612099644128,0.9819803746654773,0.9919137466307277,0.9985606333213386,1.0
1.0,0.99800796812749,0.9923076923076923,0.9819596745666784,0.969311785000908,0.950209739193872,0.9293400286944046,0.90999099909991,0.8844076341375585,0.8526146131805158,0.8223480007303268,0.7942081447963801,0.7558011049723757,0.7407340444765865,0.7057040998217469,0.6801316029976239,0.6493813682678311,0.6212392550143266,0.5994690265486725,0.5767634854771784,0.5424123120973514,0.535657122532456,0.5270625328428796,0.5126582278481012,0.5016310257339616,0.5237495501979129,0.49507962068348543,0.5117236441739753,0.5328863924624027,0.5558539205155747,0.5609712230215828,0.5855041644515329,0.6145454545454545,0.6345915293283715,0.6543164811096915,0.6790689149560117,0.7152317880794702,0.7623512441399206,0.7825289043861259,0.806254493170381,0.8422479219371161,0.8760360360360361,0.8961545277334751,0.9191473722895994,0.9437568256279578,0.9569274946159368,0.9757350336521431,0.9873552983081033,0.9954783866883704,0.9990981240981242,0.9998153959756323,0.9952731092436975,0.9900757849151931,0.9768869628024558,0.9590843547224225,0.9502641646930224,0.9223194748358862,0.8957955781080101,0.871622846781505,0.8434189261985994,0.8134152956065811,0.7877716911115038,0.7448867786705624,0.7127487896718666,0.68204849800941,0.6498168498168498,0.6335548769534758,0.6074357572443958,0.5735400144196107,0.5652412280701754,0.5511825239212854,0.5229508196721312,0.5033654720756776,0.5228515969648844,0.5014492753623189,0.5096821337230545,0.5065659291239432,0.5163445909337187,0.5319494584837545,0.5566737288135594,0.5609713179658631,0.5837311788468601,0.6095617529880478,0.641113105924596,0.6721311475409836,0.703357873945053,0.7275059556532893,0.7630967280529233,0.7984811020840692,0.829045794563036,0.8473042836041359,0.8851399856424982,0.9108806468623659,0.9362657091561939,0.9540374909877434,0.9697185607410046,0.9844797178130511,0.9909551374819102,0.9982171510073097,1.0
1.0,0.9981828093767036,0.9923487544483985,0.9804270462633452,0.9706145851997849,0.9497036105622417,0.932427536231884,0.9059538709100662,0.8863311920057102,0.8569332355099046,0.8252512784341386,0.8118260244428469,0.7628007960919124,0.7347605224963716,0.6880551024107304,0.6687072380266474,0.6491009435641801,0.6159798452402375,0.5813910809322812,0.5689748689206292,0.5501818181818182,0.5296449810776717,0.5183636363636364,0.49782766111513393,0.5078153398764086,0.4976835352815396,0.5125591554423007,0.509782803805421,0.5407235786847264,0.5370203566924878,0.5475031548584821,0.5741397658744235,0.5886880257741185,0.6281800391389433,0.6595174262734584,0.6870944484498919,0.7101163831692032,0.7432359792151945,0.7778180500181225,0.808,0.8416411732949434,0.8701462886039372,0.8921798808018783,0.9111150379925782,0.9445857558139535,0.9615245664739884,0.9790310918293564,0.9865698729582577,0.9956284153005465,0.9994449583718779,0.9998198522788687,0.9939759036144579,0.985553772070626,0.9758007117437723,0.9596731213359389,0.9404354867734389,0.9238197424892703,0.899852452969384,0.8726389638424177,0.8415823699421965,0.8156723063223509,0.7767095955015418,0.748675799086758,0.7166486875224739,0.6881197043446908,0.6611972592859718,0.6398162868751104,0.6018148820326679,0.5721473495058401,0.5680043580897041,0.5381432169845268,0.5198300283286119,0.5155848918225155,0.5180164109882269,0.5202863961813843,0.5026718916993231,0.5025741168116457,0.5182640144665461,0.5314545454545454,0.5363457760314342,0.5690597989063327,0.5965939329430548,0.6148538224078446,0.6486880466472303,0.6776757329565525,0.6958734775495364,0.7323352200109549,0.7558901682905226,0.8041237113402062,0.821981981981982,0.8588572452086691,0.8860347322720694,0.9112191608139745,0.9402340234023402,0.9544221378187737,0.9685750406357233,0.9831887201735358,0.9905882352941177,0.9973113461193762,1.0
1.0,0.99800796812749,0.9914370811615786,0.980534418686958,0.9648841354723707,0.9457239778610962,0.9241110914558641,0.9114490161001789,0.8817338565822334,0.8522545000891106,0.823308941638408,0.7975803539183821,0.7584768812330009,0.7309571195947169,0.6907424381301558,0.6627718856731979,0.6461348393928698,0.6092739036664271,0.575165806927045,0.5614783226723525,0.5359430604982206,0.519053639154777,0.5188330871491876,0.5171724513901508,0.5002679049830326,0.5052500444919025,0.49426728771049805,0.5131531531531531,0.5381255686988171,0.5457777777777778,0.5550401427297056,0.5777258006477151,0.5997481561431912,0.6183505890753302,0.6611301679003431,0.6761271780132926,0.7021892527591822,0.7506333695258777,0.7812327506899724,0.805183199285076,0.8345920058942715,0.8653949973007018,0.8980731136322708,0.9166816952209198,0.9423942394239424,0.9587404994571118,0.9772479068074262,0.9897810218978103,0.996816976127321,0.9989010989010989,0.9996411912450663,0.9958513708513709,0.9878689118232844,0.9727965179542981,0.9587722484562295,0.9464125157345801,0.9221229254057998,0.8946997710864589,0.8648449039881831,0.8408386508659982,0.8048069919883467,0.7816938453445555,0.7473245057137674,0.7081052445700159,0.7021161150298426,0.6485493940506794,0.6328915242413673,0.5948322268078234,0.5822302810516773,0.5528956169688435,0.5293150684931507,0.5280315242701057,0.5066327457750318,0.5100623330365094,0.495926319518243,0.5051309271054494,0.5096601073345259,0.517590618336887,0.5321001088139282,0.536144578313253,0.5685178507032095,0.5760318609703113,0.6130254374887245,0.6475102623594503,0.6714542190305206,0.6974774774774775,0.7371407651473549,0.7545587162654996,0.8009888751545118,0.8304355619286611,0.8591898107199717,0.8808503036798857,0.9066496163682864,0.9311901751851183,0.9558422678538979,0.9709291628334866,0.9833484162895928,0.992128801431127,0.9976876556385628,1.0
1.0,0.9984022723238062,0.9925562817719681,0.9833958221746116,0.9683981111514711,0.9505143667967364,0.9226469527587451,0.9131442839308008,0.8768949771689498,0.8577769886363636,0.8270893371757925,0.786096256684492,0.764235037293069,0.732840929562241,0.6980118216012896,0.6569869764167546,0.6316075307748009,0.6046006158304655,0.586113125453227,0.5636954168170336,0.5340123681338669,0.528250633828323,0.5121457489878543,0.5068070430205119,0.5086839749328559,0.5051323608860075,0.4882763558260247,0.5204962243797195,0.5245607744711366,0.5429708702732042,0.5537986186841148,0.5811442965095358,0.602291325695581,0.6216365646885367,0.6573414112615823,0.6612461173031244,0.7112738967303913,0.744114451285766,0.7660485021398002,0.8065621056426897,0.8372936695084346,0.8696195749240936,0.8983383955690548,0.9161834475487612,0.9495093666369313,0.9603603603603603,0.9750818479447072,0.9861566484517305,0.9973108641089996,0.999820788530466,0.999820788530466,0.9951157742402316,0.9887640449438202,0.9782210834553441,0.9615043462834841,0.9407313997477932,0.9206551410373066,0.8860550458715596,0.8709034944776389,0.8354589545536195,0.807177289769684,0.7751384175745669,0.7595717655597896,0.7165639724537876,0.6760050936874659,0.6584420162143109,0.6210134656272147,0.6007543103448276,0.5721014492753623,0.5565039896084617,0.5348837209302325,0.5177038626609443,0.5104669887278583,0.5015547832449241,0.5132190067881386,0.5002683843263553,0.5091634911994194,0.5052984811020841,0.5269932070075081,0.5521777777777778,0.5657132512671977,0.5904518017194074,0.61069674367837,0.6387397064088793,0.6625867738399708,0.7048442283450387,0.7248542274052479,0.7590534241663679,0.7987341772151899,0.8152924082818743,0.8558920102152499,0.8880393227744402,0.9106628242074928,0.9333455411096868,0.951598499732095,0.9703204661325564,0.9826702033598586,0.9909958580947236,0.997805814591333,1.0
1.0,0.9982098102398854,0.9937039035797806,0.9824272377814388,0.9672072714311174,0.9477868112014454,0.9263271939328277,0.9013181332383328,0.8831627250264737,0.8572957545486978,0.827512473271561,0.7946559297218155,0.7570498915401301,0.7257513046607882,0.7069274946159368,0.6710017574692443,0.6512627619559377,0.6195478013174293,0.5754068716094033,0.5570311078770238,0.5559755219582433,0.5294010889292196,0.5269278940776525,0.5086486486486487,0.5058632509471406,0.4997327632282202,0.4970551490273068,0.5084138918725385,0.5209903121636168,0.5275262586019558,0.5520702634880803,0.5737179487179487,0.6015681983953318,0.6170406860062032,0.6493155619596542,0.689119170984456,0.7106109324758842,0.7506740967104081,0.7780361294938294,0.8121104185218165,0.8436715668698458,0.8642395982783357,0.9002680965147453,0.9235905044510386,0.9444937045575457,0.9578345542254779,0.9745747538048344,0.9883470778056651,0.995682676740421,0.9998220640569395,0.9998163452708907,0.9953338119167265,0.9894473260597388,0.9821330902461258,0.9605097828038054,0.9454215775158659,0.9203539823008849,0.8970666666666667,0.8678811460912628,0.8402116402116402,0.8081395348837209,0.782032927702219,0.7437132156233279,0.718491921005386,0.6809617800107662,0.6412429378531074,0.6172069825436409,0.6004664513814137,0.5731597033821667,0.5479599141016464,0.5223744292237443,0.5239272470422037,0.4976085031000886,0.5016065690824706,0.5054708520179372,0.4946913802411373,0.506996183899691,0.509760178471835,0.5272759475735034,0.5345572354211663,0.5707378223495702,0.5756555634301913,0.6213347724410865,0.6406307297396406,0.6609702315325248,0.6961705202312138,0.7419527896995708,0.7652284263959391,0.793676603432701,0.8314586357039188,0.857245465972347,0.8814236426366443,0.9138696501509501,0.9312590448625181,0.9549114331723028,0.9678111587982833,0.9829153035259905,0.9923664122137404,0.9978865797816132,1.0
1.0,0.997812613926358,0.9924838940586972,0.9817491868449585,0.9704066811909949,0.9573203673689897,0.9354838709677419,0.9140724558529036,0.8844348140122787,0.8680493473985339,0.8278038225748287,0.7918249231325737,0.7511944788533003,0.7317638665953272,0.7077255537547271,0.6770833333333334,0.6364463863098488,0.6113870166725789,0.6056489095459421,0.5574545454545454,0.5536651583710407,0.5192028985507247,0.506991753316601,0.505466472303207,0.5023844460748349,0.4990102573330934,0.5161233167965982,0.5032490974729242,0.5219967678218711,0.5309287646528404,0.5504667958428747,0.5668343514193317,0.6019935920256319,0.6246696035242291,0.6615384615384615,0.6896799712333693,0.7170688114387846,0.7446197991391679,0.7724335965541995,0.8054545454545454,0.8418230563002681,0.8650284247203375,0.8978076379066479,0.923007573025604,0.944266950656727,0.9579801623083859,0.9730860156392072,0.9899909008189263,0.9959927140255009,0.9996420901932713,0.9992644354542111,0.9964247407937076,0.9882783882783883,0.9759511844938981,0.9593890386343217,0.9446323660316895,0.9185609450510113,0.8943911963081292,0.8664506839452844,0.8331203213438013,0.8141879726323371,0.7788150807899461,0.7586206896551724,0.7104614300810145,0.6932592326998924,0.6563330380868024,0.6270825948245303,0.6032403240324032,0.5731015553522415,0.5534296028880866,0.5362888809438684,0.5179188648353648,0.514976542764345,0.49144771645212487,0.4971751412429379,0.5064114141231714,0.5085959885386819,0.5072593654776841,0.5361807271443699,0.5442236680147705,0.5741923708705968,0.5817099567099567,0.6077828054298643,0.6412404206023882,0.6709980147987727,0.6813760806916427,0.7378004369992717,0.7578459343794579,0.7914545454545454,0.8201191981217265,0.8578956932582228,0.8866619368570415,0.9026311079291212,0.9361741038771031,0.9510514865844815,0.9675288937809576,0.9820879319703275,0.9882946155231407,0.9981959227854952,1.0
1.0,0.9980230050323509,0.9921489866715355,0.9834591873426825,0.96544315129812,0.9548363503382703,0.9333333333333333,0.9094887955182073,0.8799557440531072,0.8492801166393293,0.8314326443335709,0.7913059163059163,0.7552727272727273,0.7278765033207683,0.7001617832104979,0.6681159420289855,0.6413830557566981,0.6138774042782671,0.5837973774025508,0.5674258857556037,0.536067892503536,0.5291666666666667,0.5207057976233346,0.4997318076166637,0.510455764075067,0.5101332846448786,0.48921639108555,0.5392773683264426,0.513051305130513,0.5379322831794314,0.5550450284874104,0.5769573747101837,0.6041140382533381,0.624581202609769,0.6615072784227013,0.6742106223763461,0.7184500533238536,0.7398666906863628,0.7784334763948498,0.8149691917361362,0.8423853211009175,0.8614646744143147,0.8911853029500089,0.9188389720835645,0.9449375113204129,0.9608806404657934,0.9761248852157943,0.9868589158605585,0.9964887640449438,0.9992774566473989,0.9992720655141037,0.9967538322813345,0.9878441186986057,0.9776254059906171,0.960502366217692,0.9405329098288336,0.9208711433756805,0.8930828968755644,0.8682771997883971,0.8429498737829066,0.8109934258582907,0.7699147160225005,0.7449164851125636,0.7124049694047839,0.690115110542664,0.6552353155782561,0.6307745745050365,0.6042560801144492,0.5745541459827174,0.5647639956092206,0.53125,0.5217004624688723,0.5142555438225976,0.511396526772793,0.5049809817062126,0.5118920837770679,0.5180262199563,0.5139664804469274,0.5218317358892439,0.5455207574654042,0.5740971357409713,0.5923419412288513,0.6257490466678772,0.6418016734911874,0.6592017337908614,0.7027923211169285,0.7332387371408301,0.7659920491507047,0.7869790735109998,0.8232044198895028,0.8531825642896225,0.8833935018050542,0.9079920620602562,0.9315549315549315,0.956,0.9688982604111755,0.9855046204022467,0.9907342657342657,0.9982266359283561,1.0
1.0,0.9987221613727638,0.993926402286531,0.9861012116892374,0.9694100509832484,0.9543621700879765,0.934763181411975,0.9112990284274919,0.886096256684492,0.8612955320294275,0.8194089748267056,0.7887122700482229,0.7623358182463614,0.7344601962922573,0.7007194244604317,0.6752754199024743,0.636477313326188,0.6090990187332739,0.6065104632445001,0.572162210023021,0.5446525027007562,0.5282585658777817,0.5278634960972953,0.5239467050774217,0.5196599362380446,0.5075949367088608,0.5077227011494253,0.5162653923911046,0.5364526659412405,0.5453561767357981,0.5618907485745815,0.572092192245846,0.6007155635062612,0.6271635464500177,0.6733345240221468,0.690115110542664,0.7190740740740741,0.7391148539688228,0.7829864253393665,0.81016825164594,0.8448244496998363,0.8711063372717508,0.9009476130877883,0.9210197896238188,0.943359375,0.9580605202619006,0.9766405135520685,0.9891703377386197,0.9938361131254533,0.9992636229749632,0.9992774566473989,0.9934303977272727,0.9881550610193827,0.9768577110829868,0.961412449945395,0.941016333938294,0.9083016820401519,0.8951656708310701,0.8734019886363636,0.844,0.8150330298161043,0.7820401046207498,0.7462932454695222,0.7212996389891697,0.6909824046920822,0.6593366979091565,0.634788884879105,0.6126961483594865,0.5743231127846512,0.5707133917396746,0.5461056401074306,0.5220561429092235,0.5230347349177331,0.5134545454545455,0.5174723881948217,0.5084714884314083,0.5166969147005445,0.528686327077748,0.5308619758862696,0.5514207149404217,0.5578909868186677,0.584032863011252,0.6117011701170117,0.6445967887425582,0.6789943523410458,0.7067464635473341,0.7267305259352973,0.7669830634654755,0.7898358920063525,0.8235509233863595,0.8569096844396082,0.8792859667727112,0.9077975868899694,0.9313654473017022,0.9534719774409588,0.9669220055710307,0.9835917778579156,0.9937466499910667,0.9973347547974414,1.0
1.0,0.9981959227854952,0.9926056338028169,0.9797382105074413,0.966540061493941,0.9528337061894109,0.9369565217391305,0.9129062209842154,0.8815054925265622,0.8608443558615692,0.8220216606498195,0.8084724465984563,0.7699657472507662,0.7260623746124385,0.7001289371891692,0.6849141824751581,0.6483911558511595,0.6162769944672497,0.5898311174991017,0.5732031943212067,0.5501547423994174,0.5330954504906333,0.5298226759806556,0.5166458963859711,0.5277380100214746,0.5020650026934818,0.5104932735426009,0.5303679885673455,0.5186126747775558,0.5511782694729268,0.5607850263492641,0.566968245520667,0.5893745557924662,0.6203670385030586,0.6550792507204611,0.6887152462293294,0.7178791169019182,0.7427166788055353,0.783407671721677,0.8153373123530475,0.8453461470012458,0.8747500454462825,0.8925604578179804,0.9166816304543006,0.9407527462632811,0.965662968832541,0.9768543830872972,0.9866079295154185,0.9962713068181818,0.9996439380452199,0.9996403524545945,0.9954767504975575,0.9869119207640609,0.9782886334610472,0.9653429602888086,0.9420316191168454,0.9259931072011609,0.8996625821346119,0.8688789237668162,0.8346442617089739,0.8152412280701754,0.7891970273699475,0.7481243301178992,0.7216887117231382,0.6870283866331297,0.6601801801801802,0.6357627724187209,0.5998185117967332,0.587621446563512,0.5636036036036036,0.5489460521614863,0.5351449275362319,0.5225597699083229,0.5071700853149392,0.5171752397558849,0.509447543638654,0.5287939152480985,0.5264653641207815,0.5416666666666666,0.5459007453190329,0.5796683489545782,0.595897804965815,0.6163886874546773,0.6504183339396145,0.6713071777255469,0.7114409847936278,0.7340272792534099,0.7559153175591532,0.8003240907454087,0.8296683489545782,0.8532210834553441,0.886701270807231,0.9104966345279243,0.9276100400145507,0.9500457456541629,0.9711119186046512,0.9825225225225225,0.9934385529349176,0.9992810927390366,1.0
1.0,0.9980169460969893,0.9918468628146048,0.9809663250366032,0.9723736822973464,0.9527148507731033,0.9315315315315316,0.9141843971631206,0.890625,0.8629316420014095,0.8287598004276551,0.7916137229987293,0.7766310357537781,0.7399638336347197,0.7146948272776087,0.6831842576028623,0.6472474612506681,0.6322328718494853,0.6006944444444444,0.5783263750226901,0.5489092188599578,0.528875933685553,0.5204932898077621,0.5114285714285715,0.5069098949695965,0.5204427780753437,0.5277329025309639,0.516769959897922,0.5451936872309899,0.5615637559371575,0.5771897810218978,0.5815565031982942,0.6168507303170645,0.6422329231317996,0.668168709444845,0.6965001822821728,0.7127775755369494,0.7511737089201878,0.7795487106017192,0.82375,0.8403720930232558,0.8749547593195802,0.9069041498347411,0.9221289515984997,0.9434977578475336,0.9655483405483406,0.9769618430525558,0.9882157981955441,0.995702775290958,0.9994599459945994,0.9998229775181448,0.9958378574013753,0.985373781148429,0.9778745012694958,0.9615038676020867,0.9439750183688465,0.9186067496841726,0.8969458831934274,0.8621597892888498,0.8460167528069863,0.8220880681818182,0.7857913669064748,0.7548375319459657,0.7327089337175793,0.7007259528130672,0.6619640894100403,0.633412365493343,0.6060287416754294,0.5927698032961191,0.5683040516314091,0.5440756602426838,0.5246491543720763,0.5304005722460658,0.5127606038820992,0.5107428987618354,0.5128705840582283,0.5046411995715816,0.520874395269665,0.5430604982206406,0.5640100973674721,0.5795230410615027,0.5927982801863132,0.6246529705719045,0.6595323741007194,0.6843338741662159,0.7129314970488285,0.728078105225095,0.7643482925084928,0.8019393068773568,0.8251065340909091,0.8560846560846561,0.8919213973799127,0.911410864017499,0.9369158878504673,0.9524398868458275,0.9719541067200874,0.9829471733086191,0.9934450109249818,0.9985420083834518,1.0
1.0,0.9981946199675031,0.9923650245409925,0.9811015118790497,0.9689991142604074,0.9574315864782686,0.9362050163576882,0.9170890658942795,0.8862382054477479,0.8624034488952758,0.8281736581791537,0.8022117476432197,0.7815111111111112,0.7404386441906834,0.7066071428571429,0.6850730317064482,0.6630049610205528,0.6205301547767301,0.6041554719684757,0.5866903283052352,0.5622932745314223,0.5514507118399712,0.5243746576593026,0.5257081003066931,0.5436945901935951,0.5212842712842712,0.5096716947648625,0.5344452501812907,0.5406976744186046,0.5636792452830188,0.5612190340402781,0.5922909880564604,0.6113989637305699,0.6353231202676528,0.6837823178448743,0.700289750090547,0.7312023247366509,0.7515260323159785,0.7837886412652768,0.8118366612700126,0.8406504065040651,0.8759439050701187,0.8979517853906108,0.9212513484358145,0.9481912379567351,0.9622875354107648,0.9730257320319432,0.9883554281619491,0.9965864175350342,0.9991139464823675,0.9994540491355778,0.9954470952467674,0.9885537790697675,0.9758181818181818,0.9631779430437148,0.9407811080835604,0.9245317002881844,0.8982865475756471,0.8708421797593772,0.8385869565217391,0.8209583028529627,0.7755428978284087,0.7550838387442026,0.7311200291864283,0.6992089176555196,0.6754512635379062,0.6298820928518791,0.6169261048488102,0.5981638418079096,0.5747902225465159,0.5558380243326675,0.5412116942585418,0.531283518055059,0.52000702000702,0.5159212880143113,0.520238525478858,0.5286715800826892,0.534,0.5485859318346628,0.562962962962963,0.5784488920657612,0.6140855192238591,0.627429998216515,0.6382331902718169,0.6820531099625735,0.712579185520362,0.7446962828649138,0.7805141110911379,0.7968445311115051,0.8309230494554544,0.8598656743510619,0.8820898192878869,0.9090742773508964,0.9325044404973357,0.949822695035461,0.9705990444689453,0.9828467153284671,0.9922466642625316,0.9987221613727638,1.0
1.0,0.9983928571428572,0.9937755646452072,0.9840688518586339,0.9754171900233267,0.9534395238928759,0.9396399576420755,0.913646449704142,0.8794675419401896,0.8605161998901703,0.8435287711018333,0.8066130473637176,0.7760548142805626,0.7486123545210385,0.7211242067089755,0.682522903453136,0.6559536354056902,0.6243937488773127,0.6189002184996358,0.5930211534984632,0.5682431217406941,0.5513052936910805,0.5358187134502924,0.5263638022258712,0.5319457013574661,0.5199195906432749,0.5338480876279403,0.5402152106511035,0.5513622974963182,0.5587382160986222,0.5826259707422792,0.5980158001102334,0.6202348690153568,0.6554971925375838,0.6778486782133091,0.7009161128076163,0.7250717360114778,0.7565388749552132,0.7907820722191979,0.8181163335134162,0.8463352685050798,0.872026979055733,0.9041363394283686,0.9218778321551568,0.9443628351083364,0.9589652096342551,0.9782810469649156,0.9875,0.9947888589398023,0.9996372211137312,0.9998191354675349,0.9978134110787172,0.9869730414329655,0.978200628117495,0.9624684229520029,0.9489247311827957,0.9271095152603231,0.902565942939171,0.881581311769991,0.8446389496717724,0.8238077903167091,0.786729005574537,0.7657593123209169,0.7322933476779631,0.7009329027628274,0.6792452830188679,0.6550018321729572,0.6219056099732858,0.6001444825717898,0.5793622985283812,0.5609756097560976,0.5461675579322638,0.5369079535299375,0.5338412473423104,0.5266968325791855,0.5285663591199432,0.5341681574239714,0.5440229062276306,0.5566897557418884,0.5687432867883996,0.5969791858537484,0.6107034186504385,0.63550553639499,0.6586987778576564,0.6806405181720043,0.7175101393052372,0.7440235380654653,0.7744604316546763,0.8095069800318078,0.8245677233429395,0.8647882332092859,0.8894418769996445,0.9164233576642336,0.94,0.9517179023508138,0.9714943342776204,0.9827089337175793,0.9942897930049964,0.9983824586628325,1.0
1.0,0.9989399293286219,0.9918463489762638,0.9830783078307831,0.9713092427819139,0.9558716265499635,0.9388226925128935,0.9116588700971573,0.8954104955202048,0.8685661764705882,0.8386699507389163,0.8134956148201181,0.782171226831421,0.7555355535553555,0.7199069933822214,0.7043446908238687,0.6582832148715145,0.6420240445002692,0.6243213897937026,0.5956873315363881,0.5834252113193679,0.5499541704857929,0.5605786618444847,0.5386710239651417,0.5288667141838916,0.5249954881790291,0.5369699166364625,0.536918869644485,0.5576677024309998,0.5605842048323115,0.5878279883381924,0.608037484231393,0.6242401915638239,0.6535475717638562,0.6842686292548298,0.6982481229889167,0.7358256555634302,0.750816104461371,0.7932263814616756,0.8223480007303268,0.8417979118740047,0.8802577411848935,0.9013933547695605,0.9296722763507529,0.9428212941387345,0.9631748301751877,0.9794752810994111,0.9875489149768766,0.9946676146462851,0.9992849481587415,0.9998162440279309,0.9939582570487001,0.9880434782608696,0.9781635940576338,0.9627522935779816,0.945941155618575,0.9197946175637394,0.8963348904060366,0.8792513946373943,0.8406583468981733,0.8137219406227372,0.7897554881313582,0.7724658519051042,0.7323969025751846,0.7005761613251711,0.6820756440708935,0.6452011291460833,0.627687933179314,0.6067176115159054,0.5815861440291704,0.5654298642533937,0.545045045045045,0.547289923608585,0.5437589670014347,0.5350454788657036,0.5383789586688137,0.5382240784456147,0.5470038482682793,0.556431386599785,0.5739021777936452,0.600766004012402,0.6132246376811594,0.6337002840909091,0.6516483516483517,0.6890556368960469,0.7292087387552781,0.7521414251868052,0.7780544193491019,0.8053372326814111,0.8397679898495559,0.8628326486872656,0.8857451793115877,0.9220921726408193,0.934,0.9555348837209302,0.9709013484740951,0.981386279028541,0.9906917320678956,0.9985619270177961,1.0
1.0,0.9974642274950191,0.9913412263650822,0.9844933285250631,0.9709407918634217,0.9584926269797924,0.9348134991119005,0.9179913294797688,0.8954165150963986,0.8658124221391706,0.83576708130521,0.8057423223696166,0.7881309933055908,0.7550410754294249,0.724559510967278,0.7023090586145648,0.6800645971649022,0.647887323943662,0.61452015697467,0.6073597713469097,0.5889711064129669,0.5722826086956522,0.5608735213830756,0.5523895401262399,0.541959935029778,0.5523809523809524,0.5448288353559138,0.5540687160940325,0.576041093377362,0.5661647475642161,0.5885568513119533,0.610321884553138,0.6361368496079829,0.6416575392479007,0.6912261968321766,0.7158029664896539,0.7295620437956204,0.7657786518862865,0.7992512034230701,0.8276846236175526,0.8615078647622492,0.879108838568298,0.9123505976095617,0.9287886920737163,0.9444741057127602,0.9592605886575736,0.9792883696229421,0.9877959927140255,0.9954922466642625,0.999639184557099,0.998932384341637,0.9969174977334542,0.9887298747763864,0.9784289052669423,0.9606326889279437,0.949906191369606,0.9336355394378967,0.912666076173605,0.872965322009908,0.8510448294338274,0.8272466881489438,0.7930729810920657,0.7687634024303074,0.7485380116959064,0.7115804806991989,0.673987398739874,0.667458432304038,0.6322885659254072,0.6098910908766292,0.5832727272727273,0.5785298783712322,0.5661632506292701,0.5415104445634709,0.5448798988621998,0.5504957767168565,0.548014440433213,0.5459380157711352,0.5553176302640971,0.5730108916374377,0.5634003201138182,0.5973238180196253,0.6298644127487234,0.6394222300510833,0.6667902149740549,0.6982069944967157,0.7316025067144136,0.7496402877697842,0.7812278211497516,0.8155374887082204,0.8312015852999459,0.8615829418142392,0.8832351365827531,0.9198146828225232,0.9369877982152613,0.9560361638007445,0.9660343270099367,0.9811049127226921,0.9938472674629026,0.9980626981331455,1.0
1.0,0.9983882521489972,0.9927417891489748,0.985494106980961,0.9708407871198569,0.9627881648212017,0.932260947274352,0.9273843930635838,0.8853169586418638,0.8697708257548199,0.8400425607377194,0.8275054073540015,0.7803788420300214,0.767425320056899,0.7365484973906784,0.7068309476354412,0.6821551256553968,0.6397820163487739,0.6356963838166846,0.6148696264975335,0.5880375154839851,0.5750551876379691,0.5539415411868911,0.5463825214899714,0.5461427541456381,0.565008025682183,0.5571583122971511,0.5684285460046271,0.5738419618528611,0.584672435105068,0.604462839661688,0.616116295764537,0.6404286770140428,0.6656485806683435,0.6893448524118071,0.7213503649635037,0.7389673039128104,0.770547334640756,0.8082459569930691,0.8289855072463768,0.8517123901739286,0.8835793357933579,0.9019712306872669,0.9289412604891983,0.9466236790256135,0.9644959529065489,0.9816896301667876,0.988348807573275,0.9947432977045734,0.9994515539305302,0.9996368917937546,0.9966258213461197,0.9869257950530035,0.9774632147513503,0.9663835170793421,0.9428000726348283,0.9228039041703638,0.9061158798283262,0.8847517730496454,0.8590372388737512,0.8306393678160919,0.8014277662972008,0.7703061405061051,0.742184626700993,0.712018544935806,0.691324694024478,0.6546931407942238,0.6457814168743325,0.6237337192474675,0.6061316501352569,0.5911181882519462,0.5709156193895871,0.5628913938092682,0.5557754587981288,0.5467651829158406,0.5549040511727079,0.5586592178770949,0.5549215406562055,0.5876326381266008,0.5935656836461126,0.6078360891445004,0.6354072192998368,0.6712527154236061,0.6696317381248889,0.6951308139534884,0.7373938189047533,0.7586897179253868,0.7926391382405745,0.8199500356887938,0.8446236559139785,0.8710601719197708,0.8944395410414828,0.912589928057554,0.9351716581446311,0.9594375338020552,0.9747838616714697,0.9842978122794637,0.9945604492016143,0.9987654320987654,1.0
1.0,0.9983431516936672,0.992311818344359,0.9827427941986414,0.9756140350877193,0.9590917282393224,0.9350838803792852,0.9194087629773007,0.8921973094170403,0.8792261797143374,0.8420300214438885,0.8168103448275862,0.8018592781625957,0.7684641395266062,0.7353463587921847,0.7015143222039774,0.6861623616236162,0.6526913218601245,0.6300108342361863,0.6055565710107841,0.5979547900968784,0.574645390070922,0.5712493278365298,0.583348254252462,0.564352856109906,0.5695163305372122,0.5545680767863491,0.5656277827248442,0.5872875354107648,0.5988276241069793,0.6026833631484795,0.640162918363733,0.6424220709423146,0.6637531216553693,0.6935310936383131,0.7292258522727273,0.7440809687330562,0.7772965168742104,0.8077344035023714,0.8319554277498202,0.859428365989574,0.8865598027127004,0.9115670964227347,0.9328834579609703,0.9528718703976435,0.9645441389290883,0.9807657738630235,0.9874469589816125,0.9962956429705415,0.9996423462088698,0.9996412556053812,0.9949919513503845,0.9871106337271751,0.9796543032048973,0.9603603603603603,0.9443134409577363,0.9291651608239971,0.9165626671420931,0.8864462209302325,0.8588615550368109,0.8337536023054755,0.8141172328815349,0.7739526411657559,0.7473138199333086,0.7168,0.6899524898821046,0.6753177018077681,0.6467527807678507,0.6178010471204188,0.6133430285402655,0.6040436571837539,0.584521017499549,0.5755421258442943,0.5615562266832475,0.5697297297297297,0.5751368532579905,0.5643421998562186,0.5755555555555556,0.5829694323144105,0.5976160375654687,0.6144772117962467,0.6315886472539624,0.6576381365113759,0.6844357282938135,0.7111510791366906,0.7379669540229885,0.7617431684229327,0.7961271465107782,0.8208061002178649,0.8468677494199536,0.8687196110210696,0.8984664198836594,0.9208917655519597,0.938549481957842,0.9552480230050323,0.9733189111231296,0.98356555912826,0.9920014542810398,0.9978296256104178,1.0
1.0,0.9978319783197832,0.9933444259567388,0.9866232827187275,0.9728696285506191,0.9556517036235803,0.940491127442194,0.9273504273504274,0.9055786243004152,0.8677880267679509,0.8570906432748538,0.818662292691817,0.8065099457504521,0.7660682226211849,0.7434829833454019,0.7098286744815149,0.7043338108882522,0.6675443215727576,0.6557465091299678,0.6324246253836433,0.6161743515850144,0.5952085181898846,0.5846673781572395,0.5938641344046749,0.5736185383244207,0.5706531572281527,0.5809903863595138,0.5694394213381555,0.5910960128732344,0.5943994364212751,0.6265038606572095,0.6434890304317056,0.6530760829996359,0.6843342981186686,0.7006704113063961,0.725,0.7577469923441488,0.7859169918410784,0.8127983029874492,0.8370131035720696,0.8697674418604651,0.8888888888888888,0.9083831251131631,0.9319073083778966,0.9480728051391863,0.9672930972172028,0.979740828618361,0.988480526604498,0.9972607742878014,0.9992850759606792,0.9994599459945994,0.9958371040723982,0.9885057471264368,0.9777737945868435,0.9657509810916874,0.9506839452843773,0.9278181818181818,0.9196397032850583,0.8883046237533998,0.86405322783672,0.8454413367235742,0.8073492686407421,0.7895773638968482,0.7573741007194245,0.7275960170697012,0.708348326736236,0.6856936416184971,0.6586858685868587,0.6375224416517056,0.6120658135283363,0.6109136153572698,0.5953068592057762,0.5880182712579058,0.567868029406491,0.5750271837622327,0.581184421127512,0.5760790051207023,0.5884108867427568,0.5919803024973619,0.6046099290780141,0.6329662393933924,0.6563512054695934,0.668997668997669,0.6862249503520491,0.7180793015642052,0.7453471725125268,0.768036690774387,0.7925646551724138,0.8268828451882845,0.8440235840628908,0.8712454212454213,0.9030281182408075,0.9203700344639942,0.9415297650591768,0.957542908762421,0.9694997210340338,0.9858231437178806,0.9933225049630031,0.9987419122933142,1.0
1.0,0.9989116633411935,0.994740660137831,0.9842095819127938,0.9748725418790969,0.9616654438738078,0.9406597346719254,0.9267595569846374,0.8989751098096632,0.8816491809313455,0.8521266968325791,0.8249641319942611,0.802887185884869,0.7763886408287194,0.749145837079662,0.7272072072072072,0.6988820771727371,0.6917720359171706,0.6534850126399422,0.6419686316928069,0.6133917168399927,0.601528384279476,0.6027071520029267,0.5931710860879041,0.584457061745919,0.5826543545174724,0.596278901734104,0.5912670007158196,0.6013342949873783,0.6097473571044616,0.6355482335712979,0.6443529622337569,0.6791522017175223,0.6871785451873622,0.713716252944374,0.749307734908621,0.7648118134341797,0.7873916184971098,0.8174532502226179,0.8430558063933538,0.8666906863628175,0.896551724137931,0.9059690758719885,0.9308048103607771,0.9509169363538296,0.9639949339605572,0.9800214056368177,0.98915940998756,0.9956458635703919,0.9992860967338926,0.9996416412829242,0.995481655521417,0.9877311522048364,0.9786134378898592,0.9708808102731055,0.9508721965112139,0.9363752045082713,0.9150807899461401,0.8856781650713382,0.8677448337825696,0.8417496443812233,0.8167557932263815,0.786582144743793,0.7592088550172382,0.7354364581466213,0.7130060910068076,0.6783015473191796,0.6629596412556054,0.6598516374163199,0.6266406527137283,0.6220061228164956,0.617212819589485,0.5812941816204459,0.5858912224017232,0.571917808219178,0.5938529088913282,0.5904727404455714,0.6043493511048755,0.5960698689956332,0.6353765323992995,0.6255364806866953,0.6559120723276015,0.6844547563805105,0.7045947901591896,0.7164967225054625,0.7433339379648104,0.7773801002147459,0.8112162886229684,0.8203918722786647,0.8503895184135978,0.8873825018076645,0.9041969187179033,0.9221033868092692,0.9413547237076649,0.9584919340221134,0.9730893433799784,0.9855621728929796,0.9938035356296702,0.998911860718172,1.0
1.0,0.9982072427393331,0.9932191291934332,0.9831735118509137,0.9773869346733668,0.962097516099356,0.9427439683111272,0.9247350458056404,0.9053857350800583,0.8787933201652002,0.8616127301984624,0.8358562830567208,0.8070392642377078,0.778516057585825,0.7575214899713467,0.7358181818181818,0.7150939952546085,0.676094890510949,0.6737424188369604,0.6605672461116194,0.6340852130325815,0.6198465107977869,0.60568669527897,0.602081090778615,0.5929875293692392,0.5947816826411075,0.5922977226439549,0.6073223259152908,0.623203831825439,0.6208005718370264,0.6353376829483336,0.6628581791802685,0.6847396768402154,0.6960438007771106,0.719113177185768,0.7444761225944405,0.7662361287975259,0.8040468583599574,0.8278109722976643,0.8456678700361011,0.875,0.8922746011830077,0.9117965367965368,0.9380909901873328,0.9490716180371352,0.9678649237472767,0.9821980018165304,0.9888175985334555,0.9965790421317969,0.9998142299832807,0.999818148754319,0.9967075178342784,0.9895982783357246,0.9791892870068766,0.9696048632218845,0.9536665450565487,0.9377826008319768,0.9225595346300672,0.8986632947976878,0.8786085709162632,0.8511245983577294,0.8187387387387387,0.7945351312987935,0.7723853868194842,0.7487161324597131,0.7264101212440696,0.7057051736357194,0.6725985109860178,0.6563335114911811,0.6472819216182049,0.6303549571603427,0.6132228427310394,0.6111111111111112,0.6005680809515356,0.6002891217925551,0.6128397711015737,0.588171459576777,0.61736624031706,0.6222782076660068,0.6268206039076376,0.6449195906432749,0.6670800850460666,0.695049504950495,0.7140028797696184,0.7297197640117994,0.7669747600426591,0.7941919191919192,0.808776311095255,0.8351491337738882,0.863901147396293,0.8816244764159534,0.906318082788671,0.9190059002324334,0.947565543071161,0.9572250179726816,0.979058528727403,0.9870673952641166,0.9912028725314184,0.9976631314039187,1.0
1.0,0.9987450699175332,0.9941165983241219,0.9845538797019807,0.9709228824273072,0.9625045504186385,0.94409263614981,0.9309407286568787,0.9128794682953116,0.8845616486203284,0.8555070883315158,0.8380007089684509,0.8172972972972973,0.7921237187556195,0.7595526561043803,0.7422532688518717,0.7192950581395349,0.700339710352226,0.6783015473191796,0.6641386782231853,0.6443752290216196,0.6265060240963856,0.6271865889212828,0.6088350552190951,0.6167440199928597,0.6082142857142857,0.6243004152374074,0.6174981923355025,0.6248156342182891,0.6365296803652968,0.6566951566951567,0.682348716107021,0.6798230088495575,0.6992292525542212,0.7252470799640611,0.7542388006425129,0.7867580732455349,0.7891609650702197,0.8318264014466547,0.8596300326441785,0.8736113640502641,0.8896925858951176,0.9150858175248419,0.9403251742004646,0.9570639586673793,0.9722370528563802,0.9793644996347699,0.9911838790931989,0.9967526610138914,0.9994722026741731,0.9994622692238753,0.9965441978901419,0.9909893674535952,0.9816296835212804,0.970444242973708,0.9514177352356872,0.9378074490513001,0.915138439410284,0.8971304818624797,0.8770536197869652,0.8523792357606345,0.8249863412857403,0.8079956973825744,0.779694878314566,0.7580326691796805,0.7378917378917379,0.7098530212302667,0.6853159514756473,0.6666073968705548,0.6527753147721227,0.635893780074853,0.6151598173515982,0.6259319876341153,0.6223286661753868,0.6129938542581211,0.6137817583622738,0.6125022518465142,0.6222730471498944,0.6316920322291854,0.6399422174070062,0.6740032473389861,0.6786106032906765,0.6989227679386526,0.7251313643776046,0.7506707208012878,0.7690643591130341,0.7921821767975614,0.8113879003558719,0.8446236559139785,0.8664414013871599,0.8897058823529411,0.9098596617488305,0.935,0.9477345701034606,0.9613990576295759,0.9786967418546366,0.986126323475721,0.991304347826087,0.9985345301337242,1.0
1.0,0.998218421521468,0.9939024390243902,0.9877895492907165,0.9751541530649256,0.9630982827913774,0.9507016912558475,0.9329190276000731,0.9070135348918966,0.8891834570519618,0.8721502826919569,0.849713055954089,0.8231953096372298,0.7922757624977441,0.7688113413304253,0.7514001806684734,0.7289852496889995,0.7092851879145173,0.7007220216606498,0.6691510634430103,0.6620493695613567,0.6368553912729895,0.6336703920525102,0.6271834061135371,0.6376007162041182,0.6295623751588887,0.6255166217430368,0.6406730595259634,0.6412964311726147,0.6472917041569192,0.6664857039449873,0.6837338262476894,0.702440775305097,0.720404843665281,0.7358353069775916,0.7647696476964769,0.7919499105545618,0.811317254174397,0.8322123250318124,0.8557117750439367,0.8759163239763991,0.9045198765656199,0.9243575823380383,0.9369369369369369,0.9534043705977966,0.971376481312671,0.9827248441674087,0.9898936170212767,0.9971565665541141,0.9998172514619883,0.999458972046889,0.997471098265896,0.9932624113475177,0.980945532985799,0.97016515716569,0.9587555555555556,0.938153464469254,0.9254418262150221,0.90125,0.8753135077033322,0.863922344058961,0.8340815227150297,0.8100157590614604,0.7879890809827116,0.7605329492257832,0.7477707006369426,0.7279707495429616,0.7044685775324907,0.6793547217690774,0.6513015184381779,0.6446220930232558,0.6434248554913294,0.6484430290162774,0.6229626946758421,0.6302461483973791,0.6269714690767322,0.630703166935051,0.6451438848920863,0.6438823107283818,0.663325577232862,0.6741095162147793,0.6951726631712167,0.7128521126760563,0.7152578796561605,0.7582437602477683,0.7773729276735288,0.8052488687782805,0.8287930723434963,0.8451647953639986,0.8682378146759507,0.8946140035906642,0.9122680598090435,0.9292893036611629,0.946676274545127,0.9635208711433757,0.9762735519888346,0.9881783987103707,0.99608471258231,0.9982187388671179,1.0
1.0,0.9992688722354232,0.9955610795454546,0.9877982152613367,0.9770051508462104,0.9690402476780186,0.9495721827780812,0.9314801699716714,0.9112383679312813,0.8942723342939481,0.8757608306480487,0.845580404685836,0.8352899324083956,0.8062170514451917,0.7848193208643545,0.7565753673136223,0.7379348024039337,0.7204610951008645,0.6902465166130761,0.6890726728840402,0.6707164552438807,0.6528099910793934,0.6569395017793594,0.6521116678596993,0.6376195536663124,0.6475763016157989,0.6348465817333573,0.6509769094138543,0.6564981949458484,0.6720204416864392,0.685326842837274,0.6878477831628074,0.7030771999280188,0.7223097112860892,0.7508947745168217,0.7847147470398278,0.7994121969140338,0.8046916651857118,0.843360433604336,0.8640544518027962,0.8912888254194931,0.9067720495778696,0.9262948207171314,0.9451349431818182,0.9585895117540687,0.9721782003873921,0.9835556367622876,0.9922564379614622,0.997159595242322,0.9990958408679927,0.9994536514296121,0.9972722313147845,0.9921708185053381,0.9805468893374931,0.9702197203559106,0.9600358422939068,0.9363490076881816,0.9192809305604511,0.9039741053767308,0.8856268011527377,0.8688404469683092,0.8403028118240807,0.8139493079273773,0.795326933526535,0.7669159219405435,0.7518756698821008,0.7270094134685011,0.7097757847533632,0.692088382038489,0.6855733662145499,0.6578759800427655,0.6706072004298764,0.6509502923976608,0.6350511695906432,0.6442063203777697,0.6454461821527139,0.6351375651861176,0.6444564824846515,0.6553930530164533,0.6740231548480463,0.697508896797153,0.6940924504729609,0.7250586325094714,0.7394928178755098,0.7561019382627423,0.7835143314936799,0.8038544668587896,0.8294713975380159,0.8454366146673838,0.8765230041825787,0.8952127659574468,0.9178255372945638,0.9312702410939186,0.9473589973142346,0.9640107430617726,0.9772396212672979,0.9846715328467154,0.9940204009848751,0.998231340643792,1.0
1.0,0.998570662855101,0.9939609236234458,0.9882895670688432,0.9785422947331087,0.965386695511087,0.9526170798898072,0.9355595667870036,0.9117326552851435,0.901790659036367,0.8817839871037076,0.8589858448306755,0.8459444746869896,0.8154848046309696,0.7911561001598295,0.764399784676117,0.7517216382747373,0.7375492654962379,0.7090617195861577,0.6881818181818182,0.6846524924066464,0.6722182849043232,0.6536672629695885,0.6645264847512039,0.6592379583033788,0.6608540925266904,0.661693330936545,0.6646374216651746,0.669529432814457,0.6806387225548902,0.695375091041515,0.7054584759502792,0.7355341919100309,0.7423541963015647,0.7611161116111611,0.7827667696782403,0.8020231213872833,0.8235401127887939,0.8392597968069666,0.8713215134344727,0.8886890846969969,0.9047280483469605,0.9222500895736295,0.9447874404656906,0.9626733025239957,0.9717655468191565,0.9820348630380648,0.9918404351767905,0.9976794002142092,0.9998202085580726,0.9994575045207956,0.998211091234347,0.9920246510784847,0.984647961884595,0.9717099373321396,0.9579936192839419,0.9474161378059837,0.9272330362015645,0.9112787356321839,0.8881007270792693,0.861850443599493,0.8425044091710758,0.8111371418273563,0.7925764192139738,0.7714336853409701,0.7636131852121654,0.7427452376713548,0.7164995442114859,0.7030535746937283,0.692378160498351,0.672925608011445,0.6602268699042892,0.660813474287762,0.6576332429990966,0.6517697533071147,0.6600797679477882,0.6602483354327875,0.6694854264123785,0.6731848632989318,0.6849731663685152,0.6984011627906976,0.710664493934456,0.7323614110871131,0.7550581915846016,0.7722394033108968,0.7854832914121451,0.8161671207992733,0.8389177566744311,0.8634660003569516,0.8838766519823789,0.8956583884223691,0.9197784527425407,0.9333572839949703,0.9541562611487692,0.9647016663680344,0.976043557168784,0.9871229493737873,0.9934222547049151,0.9989410518884575,1.0
1.0,0.9992887624466572,0.9940476190476191,0.9896038716615881,0.9778418303008467,0.9696861626248217,0.9546657258775798,0.9349593495934959,0.9175295186194369,0.9043062200956937,0.885888034340905,0.8664850136239782,0.8327705704638351,0.818342151675485,0.8083498290444484,0.7796548592188919,0.7557661362417307,0.7397459165154265,0.7288074060628064,0.7013477088948787,0.7016494471633133,0.6856833363423,0.6875551632833187,0.6643128734383488,0.6738197424892703,0.6670248970087767,0.6570383912248628,0.6829580816401245,0.6720439963336389,0.709153276764759,0.6979519145146927,0.726555495786265,0.748683493735246,0.7605913106183523,0.7754436798261499,0.7833721555276832,0.8145161290322581,0.8272759985606333,0.8467991975196061,0.873024329603978,0.8825564457392571,0.909370477568741,0.9314970488284743,0.9501251340722202,0.9597182080924855,0.972972972972973,0.9836966152755626,0.992331014802925,0.9949982136477313,0.9998204990127446,0.999462654486835,0.9978567601357385,0.9926562779867455,0.9834845735027223,0.9712985649282464,0.9614264919941776,0.9493443506376864,0.9318467901456573,0.9082753570120835,0.895272078501338,0.8661743515850144,0.8492779783393501,0.8251951352332547,0.8100911002102312,0.7936649964209019,0.7699538843561546,0.7511496285815352,0.7339025257915333,0.7089016511127064,0.7026296829971181,0.6977074817842545,0.6754465091105899,0.6867043847241867,0.6743976986695434,0.6660573935295193,0.6685622889639239,0.6779751332149201,0.6779661016949152,0.6923913043478261,0.700198305390301,0.710691823899371,0.7269960615825277,0.7411032028469751,0.7681444404719342,0.7801801801801802,0.802493321460374,0.8097649186256781,0.8395306859205777,0.8573809964808298,0.8790250845045365,0.9043890001821162,0.9181383370125092,0.9354084202950702,0.9598198198198198,0.9699946419003393,0.9783687943262411,0.9875722037458429,0.9962818696883853,0.9990897505916622,1.0
1.0,0.9979992724627137,0.9952924135433641,0.9908355795148248,0.9762379829493923,0.9697512081618042,0.9565528338995173,0.9413251489438527,0.9267464713239235,0.9071428571428571,0.8859377842459524,0.864135324815548,0.848659348569372,0.8333333333333334,0.81056236481615,0.7830935251798561,0.7740767559739319,0.7468887262079063,0.734475374732334,0.7222622478386167,0.7092107672587438,0.6865313653136531,0.6861664295874822,0.688503880166035,0.6883116883116883,0.6804123711340206,0.6798277099784638,0.6871859296482412,0.6941773988753854,0.713608172199927,0.7133068878470971,0.7274881516587678,0.7525716385011021,0.7615845902235144,0.777638864082872,0.7955403704369718,0.8167510853835022,0.8372827804107424,0.8575834542815675,0.8840817816721431,0.8973717146433041,0.9169506726457399,0.9329323856387826,0.9479666133901616,0.9614153627311522,0.9746498847722035,0.9856206771022934,0.9925269377824122,0.9972919299512547,0.9998191027496383,0.9989229940764675,0.9955357142857143,0.9928122192273136,0.9837264582190528,0.974894630749496,0.9662941600576784,0.9487453283502403,0.9349771689497717,0.9229514140681654,0.9005424954792043,0.8831168831168831,0.8495446265938069,0.8428495669082553,0.8171043034281547,0.8014043932301045,0.7792345854004252,0.7547610492274524,0.7476284231251119,0.7278825235678028,0.7247443028889288,0.7056363636363636,0.6953111071492245,0.6844210143610253,0.691017316017316,0.6723919725185319,0.6809583858764187,0.6917944093778179,0.6993273950190875,0.70859167404783,0.7122718236038316,0.7323816407661727,0.735457311616252,0.7473322481461385,0.7745276162790697,0.7905429701546206,0.8111349803079126,0.8245614035087719,0.8490329512893983,0.872113676731794,0.8803879310344828,0.9078442128359846,0.9258930158165986,0.9419354838709677,0.9557921328040418,0.9666119321291735,0.9771294795605979,0.990173307128819,0.9951630240057328,0.9994541484716157,1.0
1.0,0.9989304812834224,0.9955205160365526,0.9914280503374066,0.9765342960288809,0.9701357466063348,0.9627039627039627,0.9375337533753375,0.9256637168141593,0.9142959384505278,0.89616497829233,0.8681037632444282,0.8579234972677595,0.8345285048404446,0.8259180790960452,0.7922892455266556,0.7847919655667145,0.7630088495575221,0.75,0.7454577841111507,0.7328519855595668,0.7048648648648649,0.7146222141692335,0.7040293040293041,0.693058568329718,0.6938412246351015,0.6967622571692877,0.7160894660894661,0.7220994475138122,0.7223011363636364,0.7412216532553035,0.7434091729866378,0.7488117001828154,0.7734866175678103,0.7968356706220784,0.7997073349186026,0.8287744227353464,0.850851757883291,0.8635642517186674,0.8923598714744734,0.9124457308248914,0.922056979036015,0.9357206803939123,0.952784285456839,0.9655050415708474,0.9773062730627307,0.9852994555353902,0.9930394431554525,0.9971098265895953,0.999822158989863,1.0,0.99621553433051,0.9929982046678636,0.9862691960252936,0.9785971223021582,0.9646630236794171,0.9488667271078876,0.9363022449352072,0.917685118619698,0.9012524959157742,0.8787443946188341,0.8696612665684831,0.8508960573476703,0.8236875111987099,0.8042056900512458,0.7920029347028613,0.774170658151499,0.7521555677857273,0.7467311481282465,0.7444324712643678,0.7225045372050817,0.7164368650217707,0.702440775305097,0.6962869502523432,0.7087912087912088,0.6928139452152259,0.7035406347459182,0.7004091798612346,0.7119840695148443,0.7305422353375138,0.7418889689978371,0.7413887370147622,0.7667883211678832,0.7828301200436523,0.7959146782357195,0.8171059709521248,0.8278217109992811,0.8600431189363996,0.8743325026699893,0.8957998212689902,0.910814226394656,0.925531914893617,0.9452930728241563,0.9571810883140054,0.975446831558043,0.9798016230838593,0.9886404615939416,0.9939242315939957,0.9989185291997116,1.0
1.0,0.9994517543859649,0.9955084441250449,0.987945399751817,0.9830878341516639,0.9709499198003921,0.9638057695753449,0.94775984037729,0.9307952321650952,0.9155351789807794,0.9008960573476702,0.8774752475247525,0.872557969691437,0.8489722966934763,0.8231106243154436,0.814293258229185,0.7923022348350479,0.7819033886085076,0.7619298245614035,0.7443701618578465,0.7367762687634024,0.734679032551373,0.7291175937669868,0.7165154264972777,0.7086614173228346,0.7191879266978081,0.712280701754386,0.7200653120464441,0.7372611464968153,0.7367280606717227,0.7486408118883654,0.755407354001442,0.7723038337513436,0.7815020613013085,0.7997849076895501,0.814002828854314,0.8433357879234168,0.8584023029866859,0.8783735156531126,0.8970194538640014,0.9041795948165724,0.9276672694394213,0.9457179534201358,0.9536637931034483,0.9679007842422032,0.975692582663092,0.9868323442136498,0.9938594906989344,0.997779422649889,1.0,0.9998193967852628,0.9983780861416471,0.9929742388758782,0.9850294065229015,0.9771532184950136,0.966180967799964,0.9579100145137881,0.9409937888198758,0.9236641221374046,0.9063125341095143,0.8979372197309416,0.8722419928825623,0.850951573393631,0.8346188340807175,0.8173076923076923,0.7992733878292462,0.7805742644452321,0.7727438136826783,0.761475988700565,0.758357041251778,0.7269642857142857,0.7255043227665706,0.7182497331910352,0.7235117933358293,0.7221919796770097,0.707005222402305,0.7174228675136116,0.7383461332380782,0.7399573409171702,0.7274509803921568,0.7509755232351898,0.7542618788538267,0.7795092244313093,0.7891391209589539,0.803106936416185,0.8329539485203993,0.8477453580901857,0.8653126670229824,0.8832630098452883,0.8959558168537324,0.9164552374048568,0.934954954954955,0.9423997055576003,0.9621485219899063,0.9734369353089989,0.9832066466324907,0.9899665551839465,0.9947710061305446,0.9990869247626004,1.0
1.0,0.9992702061667579,0.9953925217083112,0.9903139013452915,0.9819320214669052,0.9748300569538857,0.9621280432822362,0.9435787211176787,0.9363587054782138,0.9163518618456556,0.9116052060737527,0.894973878580436,0.8706179978315866,0.8591855203619909,0.8399106478034252,0.8229519900053542,0.8042933810375671,0.7870506236243581,0.7799007900055117,0.7634601579325198,0.7554046810791496,0.7436502177068215,0.7404430153626295,0.7332722273143905,0.7341703056768559,0.7258728737690242,0.7401446654611211,0.7262398557258791,0.7444789195108596,0.7505422993492408,0.7640989147838463,0.7677395757132407,0.7833091962346126,0.8012773722627737,0.8189420105435375,0.8337825696316262,0.8452528837622005,0.8658886894075404,0.8799283154121864,0.9000895255147717,0.9020282506338283,0.9335234361076457,0.9419974623889795,0.9570915619389587,0.9680699250802711,0.9763218800071213,0.98699656853892,0.9943967781474348,0.9985546522131888,0.99964176965789,1.0,0.9962093862815884,0.9930783242258652,0.9908742471253879,0.9799819657348963,0.9677360884538698,0.9553460238391746,0.946907400786557,0.9313600871617941,0.9130829250589729,0.894340316060272,0.8853169586418638,0.8571940512452966,0.8501952431664892,0.8335740072202166,0.8143310977762089,0.7922195964370115,0.7796489984045382,0.7722103766879886,0.7602254135611707,0.7550091074681239,0.7323969025751846,0.7325602464214531,0.7285483000539665,0.7226798462383306,0.7289839181286549,0.7371828521434821,0.7413016044708851,0.7575040931417136,0.7600928903179707,0.772743553008596,0.7803992740471869,0.7966643009226402,0.7988133764832794,0.8270893371757925,0.8414827890556046,0.8518916980455442,0.8729037952338923,0.8977210574293528,0.9098939929328622,0.9236983842010772,0.9345033472046318,0.9465770387404918,0.9619030258840685,0.9776777677767777,0.9832613390928726,0.9902030637691486,0.9952288390174943,0.9990997479294202,1.0
1.0,0.9991128459900639,0.9969391429600288,0.9899316792520676,0.9821493624772313,0.9798922800718133,0.9642793987621574,0.9507785931626991,0.940064216910453,0.92376763789628,0.9138696501509501,0.8901947026837397,0.8739451476793249,0.8659288824383164,0.8507758931793576,0.8332150461320085,0.8112142727107228,0.7868349864743012,0.7912673056443025,0.7826164554702838,0.7732129697862933,0.7552907700515739,0.7494157828509797,0.7486358675882139,0.7386802386802387,0.7457536205971751,0.7446309330445768,0.7529669527113383,0.7549491706795077,0.7733406272793582,0.7824914614416681,0.7890466531440162,0.8055803970667144,0.8166389964951116,0.8203371970495258,0.8384054102153408,0.8544817410549612,0.8726775956284153,0.8786044855820577,0.9033369604642728,0.9172864139307092,0.9310468665828695,0.9438628158844765,0.9601873536299765,0.9717237629146275,0.979381443298969,0.9871190130624092,0.994043321299639,0.9974991068238657,0.9998175182481752,0.9998214604534904,0.9969626585670895,0.9922220258087325,0.988646443143516,0.9818731117824774,0.9702683103698332,0.9614405238268461,0.9436008676789588,0.9363983281846265,0.9124407150674936,0.9086185271456728,0.8951965065502183,0.8674242424242424,0.862689728203318,0.8421243429400036,0.8336913712853562,0.8086089044891926,0.7965095358042461,0.7843772498200144,0.7779401022644266,0.766678558687121,0.7542993047932675,0.7478840266522601,0.7534679543459175,0.762472885032538,0.7386241490505195,0.7408752496822226,0.7676119136793295,0.7540482187837352,0.7644055433989788,0.7843349575888828,0.7971977725884678,0.7979489024829075,0.8149264314837795,0.8320828867452662,0.8465857634486506,0.8624338624338624,0.8796634967081199,0.8888484627978898,0.910990990990991,0.923523015585357,0.9395985401459854,0.9549305931133947,0.9679441260744985,0.974091399784095,0.9832763891386441,0.9894218493525442,0.9956466533647742,0.9990920646449972,1.0
1.0,0.9996398991717681,0.9948407756626935,0.9922725676150334,0.9865966310451005,0.9787922358015816,0.9704325606862566,0.954781054512958,0.9384362440628425,0.9282042191100869,0.9154492330168006,0.9017101710171017,0.8935478040845835,0.862935055615357,0.852823315118397,0.8426171529619806,0.824839629365645,0.8153680043188771,0.8011475703783396,0.7911770023503887,0.7837301587301587,0.7762024407753051,0.778179190751445,0.7556235378801511,0.7608002832861189,0.7638081395348837,0.7668393782383419,0.7659649743499027,0.7749407258799927,0.7749457700650759,0.7865528281750267,0.7825385442811044,0.8090744101633394,0.8284076661293212,0.8347284060552093,0.8460854092526691,0.858935293063273,0.8824259620500089,0.8933544861625242,0.9134122636508217,0.9214484679665739,0.938026150814974,0.951197711834108,0.9662125340599454,0.97390527256479,0.9804308797127469,0.9883190363204964,0.9917027417027418,0.9976415094339622,0.9996399639963996,0.9998202408772245,0.998576512455516,0.9940411700975081,0.9891873038018835,0.9811217008797654,0.9726296958855098,0.9626051171944892,0.94994617868676,0.9349419124218051,0.9259658580413297,0.9024345597656965,0.8964953695296894,0.8765760966080625,0.8736005778259299,0.8588768115942029,0.8363273453093812,0.820212574310935,0.8201887128360335,0.7962795737764132,0.7953848927348116,0.7972685349414687,0.7723120168657766,0.7646743020758768,0.7560625112268726,0.7632739460222261,0.7651366315413467,0.7581047381546134,0.7667857142857143,0.7817619220968329,0.7711186199537613,0.7796366252923188,0.8008187967248132,0.8189813118358373,0.8257521489971347,0.8356865513589834,0.8549618320610687,0.8770758122743683,0.8934763181411975,0.9018317624044104,0.9177387207827505,0.9310029282576867,0.9407434009696535,0.9588342440801457,0.9697576972126071,0.9788694238757449,0.9855751893256401,0.9931171889150516,0.9971771347918137,0.9992706053975201,1.0
1.0,0.9982091690544412,0.9963846710050615,0.990156762668611,0.9853072925998925,0.9797760924521488,0.9661654135338346,0.9569872958257714,0.9473779059289962,0.9366351056081573,0.9200707338638373,0.9107364685004437,0.8948398576512455,0.8770598037400481,0.8674478213108752,0.8514689880304679,0.8337777777777777,0.8265582655826558,0.8179424157303371,0.8112290804390858,0.809949892627058,0.7876010781671159,0.7820879513764748,0.7796242774566474,0.7690514613591537,0.7658686978599928,0.7796396396396397,0.7903488161937466,0.7891436761017556,0.784166218878739,0.800285561306443,0.8025385312783319,0.8171755043742189,0.837405677326626,0.8493271954674221,0.8662409082845485,0.8773466833541927,0.8895474137931034,0.8972602739726028,0.9146471846044191,0.9264732384213372,0.9350974432326122,0.9565217391304348,0.961851383113361,0.9757798165137614,0.9836427127366293,0.9913870446797057,0.9942007973903588,0.9982078853046595,0.9996408045977011,0.9994662871375201,0.997219325686479,0.9949757760631617,0.989140110379206,0.9824052240159623,0.9741946965652252,0.9661016949152542,0.9490388103010519,0.9450861915763284,0.9212742585133651,0.9248681098781153,0.8995656894679696,0.8870909744696153,0.8736410621992514,0.8683498647430117,0.8500717360114778,0.8371387798787014,0.8379007701952356,0.8145814581458146,0.7996353691886965,0.8028811086797958,0.7963488124778447,0.7804438029947681,0.7803138373751783,0.7807899461400359,0.7809437386569873,0.786755443584668,0.7784888888888889,0.7932779183230936,0.7915562621444975,0.8134261738975183,0.8252616640056768,0.8247701460248783,0.8419798350137488,0.8410978692668833,0.8641489171290496,0.8825027282648236,0.8845874227553617,0.9026628283555236,0.9234884965222044,0.9368009941416652,0.9495708154506438,0.9584607085056644,0.9743777452415813,0.9779783393501805,0.9865591397849462,0.991955666785842,0.9974905897114178,0.9990830735375023,1.0
1.0,0.9990822320117474,0.9968692449355433,0.9914405390639228,0.9860481971371625,0.98275552362134,0.9733860816399929,0.9632536567962897,0.9507371449119022,0.9386980108499096,0.9255182535314621,0.9165606253408471,0.9050632911392406,0.8851691864650828,0.8767246013259272,0.8712515711977016,0.8518720465285351,0.8422008353005266,0.8251988430947216,0.8184615384615385,0.8161687170474516,0.8089253187613843,0.8048293391430646,0.7933546552949537,0.7941712204007286,0.7840435176790571,0.8002150152302455,0.7934586194434405,0.8051763871653962,0.8035523978685613,0.8101088101088101,0.8247011952191236,0.8346599131693199,0.8433472499546197,0.8553801487933225,0.8745019920318725,0.8806539509536785,0.8863962670495333,0.902041547277937,0.9188072570504761,0.9402447804175667,0.9490995957368614,0.9565609228550829,0.964487342924786,0.9756577769822803,0.9811557788944724,0.991074616208497,0.9914377452729218,0.9980094100615273,0.9998209489704566,0.9998204667863555,0.9985582987925753,0.995832578365646,0.9910600255427842,0.9847029526858769,0.9782016348773842,0.964573268921095,0.955834829443447,0.9439336578330629,0.9334412664148228,0.9185920577617328,0.9161590827660336,0.8886701270807231,0.8841452289728152,0.8583348127108112,0.8615691248414568,0.8437556643103136,0.8261818181818181,0.8266092881477497,0.8160028834024149,0.8133734300371485,0.797911322828875,0.7947292936536393,0.7948221204649525,0.7928622668579627,0.7881826320501343,0.7937577584678135,0.7969404480058278,0.8090730487587069,0.8020663404023926,0.8252658599193252,0.8252255439589599,0.8384271338054416,0.8572469045884924,0.863545996746792,0.8692579505300353,0.8819481206987825,0.8937728937728938,0.9138704467970572,0.9270099367660344,0.9406425848611363,0.955325232308792,0.959403628525238,0.9689008042895443,0.9797740524781341,0.9843862167982771,0.9917072291328646,0.9967367657722987,0.9989329539391784,1.0
1.0,0.9996385977593061,0.9969045884923525,0.9930357142857142,0.9863432165318958,0.9843581445523193,0.9735227073470103,0.9624977243764792,0.9544226265537741,0.9436036036036036,0.9328835227272727,0.9238078164216565,0.9058781743917599,0.8956724726162686,0.8829576194770064,0.8807816421656508,0.8714676390154968,0.8443370907139023,0.8333333333333334,0.8295392460389729,0.8354453294713975,0.8154264972776769,0.8210414074995557,0.8165992614735361,0.8064516129032258,0.8133478024959305,0.8052604075944957,0.8020063357972544,0.8143475126171593,0.8317204301075268,0.8309532309889325,0.8394412191582002,0.8497600590623846,0.8535353535353535,0.865356355620867,0.889561809761311,0.8846707448722562,0.9031455482495113,0.9230631917172438,0.9246267314265155,0.9411443148688047,0.9522764673614921,0.9571454186838803,0.9710435257694409,0.9767567567567568,0.985910270671116,0.9907424214921038,0.9946255822285919,0.9994498441225014,0.9996391194514616,0.9998222538215429,0.9980572235959025,0.9955468471677948,0.990063233965673,0.9852128986281846,0.9777534646243617,0.967694834823873,0.9606087735004476,0.9475966750993856,0.9398634938203283,0.9270909090909091,0.9149235366496749,0.8972689455597758,0.8864932287954383,0.8783880171184023,0.8640366972477064,0.8656238890863847,0.852821510702282,0.8349788434414669,0.8259923871669386,0.8272270114942529,0.8104882459312839,0.8084332969829153,0.8020740210978008,0.8147011016796099,0.8124656278643446,0.806640625,0.807575486867965,0.8185053380782918,0.8229050279329609,0.8365893737447507,0.8432607522044269,0.8532324869439942,0.8679618636445404,0.875876956287102,0.8799860041987404,0.8994565217391305,0.9096762325239146,0.9221128021486124,0.9303301112529637,0.9446360500998366,0.9546104360257327,0.9646758922068464,0.9717851329354313,0.9818345323741007,0.9890759312320917,0.9938483806766781,0.9972997299729973,0.9992643001655325,1.0
1.0,0.9996439380452199,0.9972904624277457,0.9942133815551537,0.9904159132007233,0.9829059829059829,0.9739796827659953,0.9723776855027984,0.956864148917129,0.9502399146969966,0.9396413988993432,0.9242970439798125,0.9132927266212827,0.9032258064516129,0.8962264150943396,0.8888888888888888,0.8740598215847473,0.8609403254972875,0.8532638014745549,0.8472045164815152,0.8351688030330384,0.8313492063492064,0.8315652335752838,0.8100325968851865,0.8271186440677966,0.8278015703069236,0.8223567105731577,0.8301299652205748,0.8320501342882721,0.8238758029978587,0.8454281567489115,0.8509754335260116,0.8593971631205674,0.8596988485385296,0.8784996410624551,0.8915145005370569,0.9001097694840834,0.9126661742983752,0.9257588898525585,0.9375682562795777,0.9409335727109516,0.9570847206807251,0.9627949183303085,0.9735746606334842,0.9822399420079739,0.9871977240398293,0.9892707765048191,0.9950328188752883,0.9977088473739866,1.0,0.9996442547136251,0.9981991716189447,0.996411268616544,0.9903601309567115,0.9854888445492472,0.9799570508231925,0.9755527593025346,0.9630568634552699,0.9522420707254831,0.9429137403205474,0.9297249334516415,0.9220590900851913,0.9052175482939159,0.8974082073434125,0.8898320390102944,0.8726914111529496,0.8669871794871795,0.8588278658311832,0.8487197980526505,0.8492063492063492,0.8326479527981405,0.8292505897296316,0.8333636529015827,0.8291161796151105,0.8205128205128205,0.8243772241992883,0.8210793190872873,0.8296175457676274,0.8287450840185914,0.8434065934065934,0.8495493838513887,0.8490161001788908,0.8656852053798618,0.8717343976777939,0.8863962670495333,0.8810089563151161,0.908686793850713,0.9167559842801001,0.9289782840868637,0.9342460817870654,0.9488322339097879,0.9606443346146806,0.968487786686556,0.9787390029325513,0.9837513246202755,0.989976731698586,0.9942446043165467,0.9978865797816132,0.9994555353901996,1.0
1.0,0.9992821249102656,0.9961545504486358,0.9932727272727273,0.9913419913419913,0.9811686026047166,0.9751835022719328,0.9653221390764738,0.9617949180032438,0.95063547614662,0.9439082134401748,0.9313813544099155,0.9222419928825623,0.9182954745553795,0.9012477718360071,0.8929808568824066,0.8788908765652952,0.8741698079339436,0.8730187319884726,0.8598199522322248,0.8507220216606498,0.8499095840867993,0.8455529913012604,0.8446955887714181,0.8441910966340934,0.8386690647482015,0.8393782383419689,0.8464098073555166,0.855191256830601,0.8504404098507999,0.8554913294797688,0.86112122315253,0.8702782384374425,0.8839285714285714,0.8854110451520057,0.8986248236953456,0.9101123595505618,0.9153094462540716,0.9285064580680371,0.9383075523202912,0.9456171735241503,0.954945252198887,0.9660071942446044,0.9772323016720028,0.9787940254471694,0.9869666131048027,0.991812032751869,0.9955063947459385,0.9990973099837516,0.999815973500184,0.9994722955145119,0.9985593372951558,0.9966077486163185,0.992494639027877,0.9848402815376286,0.9839457723867285,0.9771469380467773,0.9701945386400143,0.9585862192074259,0.949364823760959,0.9325340014316392,0.9315866084425036,0.9162482065997131,0.9035450782796473,0.9002884962134872,0.8870997255260751,0.8775948460987831,0.8664973698530746,0.8671761280931587,0.8585179803850345,0.8504341662236399,0.8504722865799322,0.8401033973412112,0.8456314243759178,0.843862167982771,0.8396533044420368,0.8397367484880826,0.8443304440120291,0.8556178758820336,0.8478857770455793,0.8590592022893937,0.8628198149156233,0.8769819573537452,0.8802624384909786,0.8916607270135424,0.8979071883530483,0.9198297268534942,0.9178454842219804,0.9327042905465551,0.939426523297491,0.9573381950774841,0.9600662495399338,0.9718360714930493,0.9783510734259426,0.9792008757525998,0.9879868947943211,0.9933665008291874,0.9976155539251651,0.9996364958197019,1.0
1.0,0.9994651453021929,0.9978559942826514,0.9925899150551238,0.9942383867482896,0.9840644583706356,0.9819934521644235,0.974042475948448,0.968374558303887,0.9570164348925411,0.9491279069767442,0.9453621346886912,0.9276679137716016,0.9218523878437048,0.9100481884704622,0.9004516711833785,0.8884304932735426,0.8866763215061549,0.8766338406445837,0.8700971572508096,0.8562992125984252,0.8702070207020702,0.8618490967056323,0.858274806410949,0.8515894641235241,0.8553368249954849,0.8519900497512438,0.8562863372093024,0.8572967151319332,0.8622096116332683,0.8701159678858162,0.8830935251798561,0.8857348185411427,0.8890527091780317,0.9026959471522943,0.904930826534232,0.9171768095066619,0.9220572640509014,0.9325296869377474,0.94775984037729,0.9541500543675244,0.9606469002695418,0.9716324710080285,0.9736516357206012,0.9799167722091551,0.9888339740069559,0.9925549300889777,0.9964285714285714,0.9994516541765673,0.9998190372783207,0.9996441914250134,0.9985228951255539,0.9960516870064609,0.9926404595225273,0.9890935097443233,0.9831748354059985,0.9767525035765379,0.9701657458563536,0.9607771926638823,0.9516648764769066,0.9476345250993138,0.940338860850757,0.9212556053811659,0.9137339830355532,0.9042022792022792,0.9007936507936508,0.8878939828080229,0.8816896366565241,0.8823316437364229,0.8556053811659193,0.872714361796556,0.8600361663652802,0.8550491510277033,0.8621765461552579,0.8459034183396635,0.8481901674770395,0.8545774647887324,0.8612259572173288,0.8666904295134558,0.8705299834953236,0.8737151248164464,0.8752429757907757,0.8909423604757548,0.894403187828292,0.9047361786421754,0.9116487455197133,0.9184541747917035,0.9315665275004538,0.9465133260313984,0.9490260331330784,0.9561213434452871,0.9671203818278239,0.9741983044600073,0.9810307802433786,0.9841840402588066,0.9905677489570107,0.9955373081042485,0.9971295299605311,0.9994608195542775,1.0
1.0,0.999825327510917,0.997704802259887,0.9940217391304348,0.9923501156377869,0.988343341575415,0.981998199819982,0.9731222385861561,0.9708401676690359,0.9616472251679039,0.9551968075458008,0.9461387551275192,0.9373063604884272,0.9245654900555456,0.920597767374865,0.9064604185623294,0.904218721709216,0.901627615811125,0.8832796276405299,0.8870736086175942,0.8828482518762585,0.8660746003552398,0.869727047146402,0.8763716166788588,0.8798701298701299,0.8725666906993511,0.8739540680078334,0.8666424418604651,0.8734828981243105,0.8727702948671278,0.8775290957923008,0.8844564240790656,0.8986116185604677,0.8981042654028436,0.9140513552068473,0.9110827095125068,0.9217422736309416,0.9337327523602034,0.9451560526790547,0.9495888451912764,0.9566950534517122,0.9642474079370754,0.9721418234442837,0.9804028307022319,0.9832575068243858,0.9899171768095066,0.9948056600394053,0.9978579078900393,0.9983772087991345,0.9998179832544594,1.0,0.9985331866519985,0.9976487610779526,0.9941637789531278,0.9897867765633399,0.9841040462427746,0.9818214222063804,0.9683521923620934,0.9639138240574506,0.9619064493267186,0.9487040058002537,0.9403409090909091,0.9321818181818182,0.9280330222541278,0.9173583543846987,0.9172376487558601,0.8995853614566433,0.8921692169216922,0.8889691280014443,0.8842719154364862,0.8843857427175683,0.8767798466593647,0.8705349048050771,0.8585805084745762,0.8683274021352313,0.8641373080397471,0.8680796638041294,0.8694217746136482,0.8711845930232558,0.8833751343604442,0.8809652440122456,0.8917470525187567,0.8912141439653617,0.9067366896052155,0.9092370912989102,0.9261020669471374,0.9351548269581057,0.9404955688189546,0.9513225569434239,0.9537373004354136,0.9588795115819716,0.9705409748259239,0.9756452199200291,0.9827678095576479,0.9892163910855499,0.9923622476813966,0.994608195542775,0.9978494623655914,0.9996419620479771,1.0
1.0,0.9989218328840971,0.9979846097471601,0.9956702459300312,0.992872416250891,0.9896020078881319,0.9829688060236644,0.9774954627949183,0.9696536951088897,0.961566091954023,0.9598771010301825,0.9544642857142858,0.9466715037184836,0.9378440774285207,0.9283399351818509,0.9218975468975469,0.9134441633538128,0.9070306923625981,0.8938258386866524,0.8936284133499911,0.8938210227272727,0.8898320390102944,0.8821942446043165,0.8826754385964912,0.8765743073047859,0.886833123765044,0.8891078466499462,0.8811683599419449,0.8837379083774412,0.8846914912754092,0.8965763195435092,0.8960599037261544,0.8936246418338109,0.9097446961524631,0.9175257731958762,0.923963963963964,0.9342152306042188,0.9418028272443547,0.9489077450803394,0.9530828689555995,0.9616139975004463,0.969562121751513,0.9739796827659953,0.9812829365800473,0.9875248598806726,0.9915846016114592,0.9954710144927537,0.9978529253891573,0.9983821678950207,1.0,0.9996382709350696,0.9996445708192643,0.998746642793196,0.992739154111454,0.9885098743267504,0.9847012239020878,0.981773137497788,0.9727452035144343,0.9663376806485724,0.9621689785624212,0.9534757422157857,0.9485123819704258,0.9399604529929894,0.9295545092357841,0.9250180245133381,0.9172551149737461,0.9113021214337966,0.9027124773960217,0.9010165864098448,0.8951378809869376,0.8869047619047619,0.8906277787657834,0.8895985401459854,0.876045074518357,0.883615202764139,0.877390527256479,0.8911637931034483,0.8874932711286561,0.8869257950530035,0.8973294839408156,0.8995206816971418,0.8958029197080292,0.9036444444444445,0.9168624615940719,0.9272203206629436,0.928024229467308,0.9380934989043097,0.9433555115986333,0.9506854192629518,0.9588795115819716,0.9694989106753813,0.9739272134709397,0.9782065023222579,0.982669287118099,0.9853181076672104,0.993246942872787,0.9948633278297561,0.9987391930835735,0.9996444444444444,1.0
1.0,0.999820820641462,0.9973238180196253,0.9945374449339207,0.9925597874224977,0.9887762490948588,0.9865253323751347,0.9805738727499554,0.9709677419354839,0.9717605004468275,0.9593732920386226,0.9559992931613359,0.9465854095716079,0.9431777053926891,0.9364298724954463,0.9332005792903693,0.9291198000357079,0.9233145556968926,0.9147343436187694,0.9092370912989102,0.9081502995098929,0.8955196807545801,0.9011147069399497,0.9040801717967072,0.8915749594082627,0.8922964585615188,0.8962935913821435,0.8937722419928825,0.9047107289987462,0.9027752584799564,0.9118225719906994,0.9142240604207876,0.9151245551601424,0.9135559921414538,0.9311639549436797,0.9289303661162958,0.9400811209439528,0.9453522149600581,0.9559510967277958,0.9601383327266109,0.9666241108881999,0.9731073862589795,0.9782923299565847,0.9839084569998212,0.9894660370504904,0.9905323329760629,0.9959846687351707,0.9985261606484893,0.9989077007099946,1.0,1.0,0.9985792931983661,0.9964164128292421,0.9972577696526508,0.9919546535015542,0.9902555616841331,0.9827493261455525,0.9775502873563219,0.9737646001796946,0.9643943460368581,0.9608378870673953,0.9496810772501771,0.9418103448275862,0.9396178803172315,0.9361777777777778,0.9270440251572327,0.9239564428312159,0.9163694721825963,0.9116850279934983,0.9094007893792608,0.901090909090909,0.9036425623542078,0.8946336245320021,0.8927092709270927,0.8920652373098772,0.9024346898880398,0.8966559943080754,0.8963683052090976,0.9033764367816092,0.9062993507632918,0.910054844606947,0.9188358640636298,0.9165331909592455,0.9266750948166877,0.9317767238234221,0.9396443326746902,0.9394750937332619,0.9473308337796822,0.9548280907095831,0.9632690541781451,0.9699353259919594,0.9769911504424779,0.9790809940997676,0.9857529305680793,0.9908372260150916,0.9943646609707326,0.9949694574200503,0.9981821487002364,0.9990938745922435,1.0
1.0,0.9998196898665705,0.9994596541786743,0.997459165154265,0.9934557353208507,0.9898859874954027,0.9855151185949665,0.9831026424591048,0.979746835443038,0.9714129643117262,0.9706095791001451,0.9589652096342551,0.9567901234567902,0.9517117117117118,0.9474631162288593,0.937636761487965,0.9321258690084157,0.9243272530251039,0.9302366969211604,0.9229802513464991,0.9169112252384446,0.9127468581687612,0.9091568449682683,0.9074789325842697,0.8989807062249727,0.9140819964349376,0.9010115606936416,0.9131302140007255,0.9139765554553652,0.9146319729103547,0.91842397336293,0.9252202049253999,0.9314073023750443,0.9295876103007383,0.9303820720058781,0.942553969996341,0.9470806138648792,0.9479034307496823,0.9584365051291122,0.9677123463584664,0.9687724335965542,0.9752484191508581,0.9815784720968034,0.9839686498040613,0.9891540130151844,0.9915936326238598,0.9960700250089317,0.9970572006621299,0.9989256938227394,1.0,0.9996426657137752,0.999645578592947,0.9971565665541141,0.9971433672558472,0.992703327994305,0.9850315599639314,0.9848484848484849,0.9777421652421653,0.9764620677168205,0.9723855335827544,0.9629901062660315,0.9584635177357104,0.9541749683028437,0.9486173059768064,0.9391819160387513,0.9368668596237337,0.9282382490132759,0.9255394411036434,0.9219371160101193,0.9191557860847791,0.9133261105092091,0.9088107324147934,0.9101485591551817,0.9108407481387325,0.9052210296525377,0.905145577733016,0.9100017892288423,0.9155855695752622,0.913345521023766,0.9175087268050708,0.9255622991788647,0.9185251798561151,0.928777497295348,0.9313464608834486,0.93836836480228,0.9468218442256043,0.9501278772378516,0.9558977948897445,0.9612625538020086,0.9673718178558623,0.9711347645679235,0.9763692984063015,0.9813318973254352,0.9891540130151844,0.9912935323383084,0.9932850326912882,0.9965573473455336,0.9994627507163324,0.9992761491132827,1.0
1.0,0.9998207242739333,0.9983879634605051,0.9967123287671232,0.9964048175444904,0.9924460431654676,0.990310425264669,0.984604494779685,0.9813540912382331,0.9792942023766654,0.974349839686498,0.968141270708174,0.9615728328865059,0.9546586059743954,0.9469983775013521,0.9396315885464162,0.943229072500452,0.9341274138242195,0.9346645647223681,0.9331780723754927,0.9246748554913294,0.9255070902889966,0.9233834450280747,0.9193221587769387,0.9143559143559143,0.9213068680836115,0.9143975796405054,0.9159557088400798,0.9281857451403888,0.917950555356503,0.9265759312320917,0.9327639469380338,0.9360888565185724,0.9367795389048992,0.9435498462095169,0.9490514905149051,0.9570326845391113,0.9598327880770628,0.9683497987559458,0.9672188931970391,0.970857771260997,0.9792709077912795,0.9815530569219958,0.9879928315412186,0.9896869911344309,0.9914178437332379,0.9943859649122807,0.9985475671750181,0.9994617868675996,1.0,0.9998206599713056,0.9996395097332372,0.9990927236436219,0.9969691567124265,0.9942049981890619,0.9924228756990799,0.9886914378029079,0.9825696316262355,0.9784058988764045,0.9750497197613451,0.9673542600896861,0.9641034985422741,0.9588068181818182,0.9529390551749009,0.9441431670281996,0.9420186113099499,0.9376907882923325,0.9331919406150583,0.9362684182496006,0.9279263005780347,0.9253328535444404,0.9251062322946175,0.922299095263438,0.9186234092131206,0.9260376019865201,0.9214586255259467,0.9209493219129193,0.921875,0.9245591710598073,0.9264997297784183,0.9338828166995162,0.9350695683196575,0.9339589235127479,0.9426990360585505,0.9460739661140463,0.9538543140028288,0.9567290709996468,0.9613543697925899,0.9661140462743669,0.9740634005763689,0.977481534858584,0.9824656543745481,0.9848029687223891,0.990811097367026,0.9910506533023089,0.9950846531949754,0.9974429223744292,0.9982133285688762,0.9994519546949214,1.0
1.0,0.9996420901932713,0.9987348635459967,0.9978696964317415,0.9942206971284089,0.9927060539752006,0.99213020926489,0.9866595517609391,0.9876945349258053,0.9839812814974802,0.9707644815689123,0.9705512659364338,0.9675090252707581,0.9593716143011918,0.9552375710878738,0.952550838387442,0.9516391957978627,0.9440860215053763,0.9421975662133143,0.9460253350468147,0.934156378600823,0.9370235934664247,0.9310282074613285,0.9351430132993259,0.9289676149579531,0.9310094408133623,0.9317974035472664,0.9346334416756952,0.9334061135371179,0.9341252699784017,0.9386347131445171,0.9400888888888889,0.9445739910313902,0.952947539210384,0.9526942913035746,0.9576576576576576,0.9591098244979193,0.9678308823529411,0.9691036464882342,0.9737546866630958,0.9791285243500549,0.980532237899625,0.9870363701836514,0.9872656526353024,0.991768794585696,0.9936045478770652,0.9965870307167235,0.9974706413730804,0.9992724627137141,1.0,1.0,0.9991003958258367,0.9992686048637777,0.9969906178084617,0.9941613588110403,0.9935709037472447,0.9897797356828194,0.9815445260705966,0.9832116788321168,0.9802464661109097,0.9717048710601719,0.968682505399568,0.9641335227272727,0.9627737226277372,0.957852299798424,0.9522702895959957,0.9519266055045872,0.9448576092871395,0.9454710144927536,0.9415351506456241,0.9310406591438295,0.9358974358974359,0.9286100594916171,0.932964877874844,0.9361434977578476,0.9340228245363766,0.9295412844036697,0.9388322520852641,0.9265106151333696,0.9388928828181164,0.9364685004436557,0.9358881220486742,0.9434554973821989,0.9468396054073803,0.9508078994614003,0.95906858286338,0.9631103074141049,0.9670958512160229,0.9705828613192033,0.9720955681196425,0.9811286843997125,0.9835007173601148,0.9894736842105263,0.989159891598916,0.99243788260713,0.9951272333513806,0.9980640619500176,0.9987423643550126,1.0,1.0
1.0,0.9996400287976962,0.9996344361177115,0.9981617647058824,0.997106167480557,0.9954296160877514,0.991088932454108,0.9911648034619546,0.9886261057952699,0.981951393852752,0.9793239841783531,0.9776011560693642,0.969151212553495,0.9682229717734777,0.966143977191732,0.9642468239564428,0.9587238644556597,0.9514372433494019,0.953618480418697,0.9486539490105188,0.949798460974716,0.9424959943030087,0.9455516014234876,0.9430565760470242,0.9403336960464272,0.9376023285428415,0.9371980676328503,0.9394441376771581,0.947155187599084,0.9477707006369427,0.9449590309939437,0.9470246734397678,0.9515545914678236,0.9558422678538979,0.9560243117626028,0.9617496015583495,0.9665642508584854,0.968482905982906,0.9756403367365216,0.9774702856129147,0.9827616847343167,0.9844392774101234,0.9882854100106496,0.9891748003549246,0.993323709852039,0.9951024850353709,0.9969208476725231,0.9985634763871432,0.9996382054992764,1.0,1.0,0.9992783691141981,0.9985401459854014,0.9968102073365231,0.994700582935877,0.9949164851125636,0.9903985507246377,0.9891843971631206,0.9836946783730515,0.9806843267108167,0.9812675070028011,0.9735961978524907,0.9725654069767442,0.96544315129812,0.9630166787527193,0.9616472251679039,0.9528049866429208,0.9555308504724848,0.9543891402714932,0.9501970619849517,0.9505325871095865,0.9460144927536231,0.9411870503597123,0.9443846429852888,0.9441027496382055,0.9435498462095169,0.9487506839321539,0.9407527462632811,0.9477447744774478,0.9505792903692976,0.9448187943908214,0.9539628091713306,0.9592532758930175,0.9604960141718335,0.961758398856326,0.9666301969365426,0.9701360664428345,0.9719253758377105,0.9752792528840871,0.980498945888967,0.9818789584799437,0.9879282797798686,0.9893730074388948,0.9924419650890769,0.9945819035578833,0.9973290598290598,0.9962580185317177,0.999455436558359,0.9998190700199023,1.0
1.0,0.9998212050777758,0.9992735197965855,0.9976929902395741,0.9985559566787003,0.9969740121039515,0.9929742388758782,0.9891786411211637,0.989089608299052,0.9869683257918552,0.9809187279151943,0.9783666846944294,0.976878612716763,0.9776754075124026,0.9711224119142753,0.9635547576301616,0.9662860250135944,0.9662431941923775,0.9596552356501009,0.9556776556776557,0.9539261384008605,0.9532642298599745,0.9541031760602167,0.9526306273729886,0.9508644222020018,0.9498124665118771,0.9528147203497905,0.9520859901621425,0.9508701957940536,0.9575240515520058,0.9558797046641455,0.9607083563918096,0.959907752350541,0.9628341266935189,0.9634515956498485,0.965542388331814,0.9728597449908926,0.9765795206971678,0.9803142495936428,0.9792425345957757,0.985050432276657,0.9873669012813572,0.9883656509695291,0.9940314704286489,0.9941008223096175,0.996929190751445,0.9976618705035971,0.998743493089212,0.999819298879653,0.9998235086480762,1.0,0.9994674241079354,0.9989193083573487,0.9976555455365194,0.9942652329749104,0.9947963394939888,0.9897739504843919,0.9901441868954188,0.9850510024621878,0.9814186171163123,0.9815751445086706,0.9788436987050885,0.9790575916230366,0.9747292418772563,0.9717554522702896,0.9630909090909091,0.9630582613490167,0.9641499185225421,0.9578682030968672,0.9552212072362529,0.9538685070831819,0.9569090909090909,0.9511055186050692,0.9511610762992997,0.9484256243213898,0.9506282073969209,0.9540516473731078,0.9489354023818116,0.9526362823949955,0.9505840071877808,0.958265287606605,0.9630030680382602,0.9598638236875112,0.9651120751988431,0.9644140905823149,0.9726806013934727,0.9726520331054336,0.9772319827895303,0.9789416846652268,0.9786201940352138,0.9862785091785649,0.9882394868139701,0.9896551724137931,0.9929165928811758,0.9965492190337814,0.9970620639001102,0.9981539597563227,0.9991080984659294,0.9998205312275664,1.0
1.0,0.9996365618753407,0.9998190045248869,0.9985390796201608,0.9981962481962482,0.9978106185002736,0.9943697784235379,0.9936891453299675,0.9911183614283124,0.9888429008457801,0.9858219669777458,0.9802106027596224,0.9755219582433405,0.980007204610951,0.9748020158387329,0.9760489825319647,0.974894630749496,0.971017101710171,0.9680437853107344,0.9638575773841475,0.9621740727139185,0.9650436953807741,0.9661204198121893,0.9624772313296903,0.9613170205109751,0.9570375696566601,0.9627583749109052,0.9599205632785701,0.9646528403967538,0.9604159066034295,0.9658909220110143,0.964960058097313,0.967919177596597,0.9727175463623395,0.974241870661308,0.9768827885136355,0.9783783783783784,0.9786541244573083,0.9840215439856373,0.9841242149337055,0.9894851341551849,0.9908273711245643,0.9907086901074877,0.9939274870512591,0.9963609898107715,0.9965864175350342,0.9992871145963287,0.998747763864043,1.0,1.0,0.9996431120628123,0.9996378123868164,0.9992774566473989,0.9965485921889191,0.9978390059427337,0.9944908476985961,0.9937106918238994,0.9906709723717259,0.9908558888076079,0.9870526883654019,0.9839800640797437,0.9821621621621621,0.9800503235082675,0.9755251141552511,0.9730958007634976,0.9717586649550706,0.9699355762347889,0.9654352596927579,0.9686025408348458,0.961441893830703,0.9627204946353882,0.9627440444205624,0.9592208265064628,0.9599427753934192,0.9573699421965318,0.9590207557211282,0.9631868131868132,0.964247598719317,0.9640804597701149,0.9634906500445236,0.9680300053580997,0.9666185492601949,0.9687275341480949,0.9707343029443065,0.9717014503006721,0.9730271550938582,0.9784732272069464,0.9794165025953105,0.9804028307022319,0.9863933236574746,0.9886201991465149,0.9894564624613706,0.9927285948009453,0.9949658396260338,0.9959147424511545,0.9974792942023767,0.998205312275664,0.9994597514856834,0.9998158718468054,1.0
1.0,0.9994695898161244,0.9990889212827988,0.9992752310201123,0.9985231678050581,0.9976929902395741,0.9960488505747126,0.9957657021877205,0.9944761554041613,0.9900814736096352,0.9897149043666547,0.9903151963373833,0.9831947958077341,0.981138985533785,0.9796322999279019,0.9770625231224566,0.9761772853185595,0.9779225479551212,0.973741794310722,0.9695132822249956,0.9674651412227386,0.9741210066036052,0.970745629682483,0.9668696275071633,0.9710017574692443,0.9686065724251882,0.9645481263776635,0.9638858793788371,0.9686564536009861,0.9673274596182085,0.9705935414035721,0.9742239970956617,0.9757194244604317,0.976445008153651,0.9809052333804809,0.9826338639652678,0.9816791177516898,0.9874385581649372,0.9857091818506609,0.9905540417801998,0.9905660377358491,0.9937185929648241,0.9926205903527717,0.9943265007320644,0.9963748413993112,0.9976760815159099,0.9980406127538297,0.9994585814834868,1.0,0.99982149232417,1.0,0.9998213328568876,0.9994633273703041,0.9987577639751553,0.996745027124774,0.9957929394549113,0.9964202613209235,0.9940700808625337,0.9916832399204484,0.9891168599464764,0.9893789378937894,0.985852435530086,0.9843637670740475,0.9814275309541151,0.9802177858439202,0.9796491228070175,0.9763058696822833,0.9770675334055616,0.9743404409107337,0.9716401734104047,0.9731132950120527,0.9644981077671653,0.9700978615440377,0.9647080225577588,0.9661627069834413,0.9691792884818599,0.9703599153140438,0.9671134941912422,0.9682825734366552,0.9748156143191221,0.9737913936603506,0.975126171593367,0.976027397260274,0.9774758670003575,0.9793665158371041,0.9800463210404419,0.9818996415770609,0.9844625112917795,0.9879409647228222,0.9882142857142857,0.9925031998537209,0.9938372303788291,0.9944820220719117,0.9961006735200284,0.9961020552799433,0.9981998199819982,0.9985027138311809,0.9996478253213594,1.0,1.0
1.0,0.9998219690226099,0.9996384017356716,0.9983783783783784,0.9987448448986911,0.9974637681159421,0.9966264204545454,0.9960209802857659,0.995200295366439,0.9917636526410026,0.9918062636562273,0.9906120238310164,0.9896410073227362,0.9884372177055104,0.9820284697508896,0.9847833870390261,0.9830990926881338,0.979372197309417,0.981111903064861,0.9808518253400144,0.9752643842982613,0.9784032572136662,0.9781035106768006,0.9712243074173369,0.976506456241033,0.9753935227067125,0.9774193548387097,0.974197040779502,0.9768318965517241,0.9772643931059772,0.9796652870253734,0.9792008757525998,0.9805043820425684,0.9799678054015382,0.9819244111740003,0.982653791130186,0.9859054415700268,0.9880801878273433,0.9897473452947638,0.989336707030544,0.9914346895074947,0.9958378574013753,0.9936238044633369,0.9960087082728593,0.996976702827672,0.9974792942023767,0.9985420083834518,0.9996448232995916,0.9998213009292352,1.0,1.0,0.9998188733925013,0.998915205207015,0.9987566607460036,0.9987468671679198,0.996598030438675,0.9962141698215251,0.9949467605125428,0.994136460554371,0.9918285818049755,0.9895833333333334,0.9882713821725009,0.9887190684133915,0.985136849737176,0.9841731853738402,0.9835858585858586,0.9816480088089558,0.9836156111929307,0.981454807346057,0.9792979297929792,0.9804834377797672,0.9750985309924758,0.9760403530895334,0.9778325123152709,0.9768332725282743,0.972972972972973,0.9743544078361531,0.9744186046511628,0.9775481111903065,0.9791061046511628,0.9809471965160588,0.9815525114155251,0.9811551212702844,0.9795326933526535,0.984623636688718,0.9840203377519521,0.987601078167116,0.9897828863346104,0.9898697539797395,0.9913947651487989,0.9939058171745152,0.9949820788530466,0.9963396778916545,0.996017378711079,0.9980427046263345,0.9989102796948783,0.9991085755036548,0.9992683372965063,1.0,1.0
1.0,1.0,0.9998188733925013,0.9991109530583214,0.9990909090909091,0.9983588621444202,0.9978471474703983,0.9980058013052937,0.9947266654948146,0.9964221824686941,0.9941722819158623,0.9930934205743366,0.990102573330934,0.9928379588182632,0.9898123324396783,0.9894372609725005,0.9866690686362818,0.9886877828054299,0.9854492542742815,0.9810092240911558,0.9825839701439488,0.9848648648648649,0.9823434991974318,0.982046365696357,0.9820208558072636,0.9811730629978277,0.9846764016585542,0.9827491282804184,0.9801856479828632,0.9808940158615718,0.9848402815376286,0.9826008968609865,0.9868397652498666,0.9875608436992969,0.9875473741201949,0.9900470503076366,0.9916363636363636,0.989140110379206,0.9914467697907189,0.9940443963183541,0.9942754919499106,0.995475113122172,0.99637943519189,0.996957222122785,0.9980058013052937,0.9991039426523297,0.9987479878375961,0.9996395097332372,0.9996374841399311,1.0,1.0,1.0,0.999267265066862,0.9994521548575602,0.998205634308272,0.9983579638752053,0.9972840847365562,0.9969062784349408,0.9938107869142352,0.993923145665773,0.992832199963242,0.9920520231213873,0.9923812898653437,0.9906238730616661,0.9884559884559885,0.9865083648138154,0.9876655178668602,0.9847466860359543,0.9853492942647847,0.9820252714006051,0.9822928075940124,0.9842903575297941,0.9840872519220454,0.9807864966780392,0.9810626953484096,0.9801762114537445,0.9816447723591866,0.9824111396115793,0.9835948644793152,0.9852225626238962,0.9825142646788146,0.9852724594992637,0.9862890131697637,0.9899836095428883,0.9854783082229079,0.9895297249334516,0.990576295759333,0.9929590178732624,0.9913854989231874,0.99391771019678,0.9948951686417502,0.994556341861731,0.9967977228251201,0.9972401103955841,0.9981721805885578,0.9987517831669044,0.9994574064026045,0.9994551398474392,1.0,1.0
1.0,1.0,1.0,0.9998167491295583,0.9989033083531347,0.9994619799139168,0.9985366745930127,0.9983651226158038,0.9971403038427167,0.9973175965665236,0.9969424460431655,0.9966602214800492,0.9940981187753597,0.9934497816593887,0.9927562477363274,0.9925885755603759,0.9923691860465116,0.9913684589102679,0.9908143437555202,0.9904778698642215,0.9907935923402689,0.9880952380952381,0.9849981705085986,0.9854159164566079,0.9893484821587076,0.9890190336749634,0.9871400108675964,0.9893865803202014,0.9871726349545697,0.9909255898366606,0.9891188012843382,0.9900937555280382,0.9896739130434783,0.99179580674567,0.9924673893073672,0.9889543446244478,0.9937421777221527,0.9936049698520008,0.9947320617620345,0.9941249777461278,0.9952623906705539,0.996741491672701,0.998042356291155,0.9971056439942113,0.9983891175944156,0.9996480112636396,0.9998185776487664,0.9998128392288976,1.0,1.0,1.0,0.9998137108792846,0.9998222854096321,0.9994646680942184,0.9992973827507465,0.9990981240981242,0.9990981240981242,0.9980226496494697,0.9975133214920071,0.9965536005804462,0.9956989247311828,0.9948563320326357,0.9926688776400768,0.9919239052404881,0.995708921866619,0.9914576517629953,0.9897035327534174,0.9908941904935349,0.9913197519929141,0.9896668448245145,0.9864986498649865,0.9887258410880458,0.9853675945753033,0.9887477313974592,0.98584229390681,0.985142235912303,0.9875067897881586,0.987200288444204,0.9854651162790697,0.9904,0.9902645113886848,0.9889104030980461,0.9894273127753304,0.9882139619220308,0.9908908726543997,0.9913947651487989,0.9929642658766895,0.9942836727402644,0.9949312092686459,0.9962486602357985,0.996754417598269,0.9958935904302804,0.9984059511158342,0.9983928571428572,0.9990914046883518,0.9985629603017784,0.9992864787727435,0.9994564232650842,1.0,1.0
1.0,1.0,0.9998212370396854,0.9998198522788687,0.9996362313568571,0.9985451900345518,0.9991139464823675,0.9991012043861226,0.998750669284312,0.9980072463768116,0.9975952645209027,0.9959949026033134,0.9961103253182461,0.9960338921939788,0.996172772006561,0.9941860465116279,0.993719720078952,0.9931605471562275,0.9937831413421101,0.9920184462575381,0.992010168875976,0.9927472138687422,0.9931740614334471,0.9928948806704317,0.9892395982783357,0.9886527377521613,0.9940336286385826,0.9911095305832148,0.9940476190476191,0.9920763551233568,0.9908487349721873,0.9944583482302467,0.9938539407086044,0.9923287671232877,0.9939293598233996,0.9950239914696997,0.9960742326909351,0.9959514170040485,0.9963924963924964,0.9969723953695458,0.9965629522431259,0.9974503733381898,0.9990984493328525,0.99928812956042,0.9989348482158708,0.9992860967338926,0.9996427295462665,1.0,1.0,1.0,1.0,0.9998188405797102,0.9996475149806133,1.0,0.9989073028592241,0.9996465806679625,0.9985691289572527,0.9982004678783516,0.9976063340084699,0.9974932855863922,0.9966125869138884,0.9966869133075649,0.9962426194310252,0.994873607919392,0.995312781683793,0.9944244604316547,0.9950729927007299,0.9937140804597702,0.9936316999823103,0.9910828025477707,0.9927457381211462,0.991971454058876,0.99170197740113,0.9929956896551724,0.9902403759262606,0.9921861125910141,0.9911861917003305,0.9924555415843362,0.9949919513503845,0.9925386715195632,0.9931345980126468,0.9958036854588579,0.9957158157800785,0.9947561615102255,0.9956780118854673,0.996369577055727,0.9958318231243204,0.9972826086956522,0.9949403686302855,0.9972909517789417,0.9964639321074965,0.9981988472622478,0.998898678414097,0.9989289539450197,0.9987495534119328,0.9990920646449972,1.0,1.0,1.0,1.0
1.0,1.0,1.0,0.9996429846483399,1.0,0.9994561276287165,0.999639379733141,0.9989179440937782,0.9992834109638122,0.9990754437869822,0.997681469591582,0.9983546617915905,0.997825693060337,0.9985737208058477,0.9972796517954298,0.9964406478021001,0.9974701843151428,0.9976496112818658,0.9967260822117133,0.9962713068181818,0.9964119124506639,0.9957952468007313,0.9950398582816652,0.9957860021986076,0.9945662017750407,0.9952328566189952,0.9954710144927537,0.9954824719913263,0.9945414847161572,0.9962059620596206,0.994054054054054,0.9966869133075649,0.9972860502985345,0.9962004704179482,0.9976260043827612,0.9978734715576821,0.9980311437265079,0.997110870350307,0.9981631153563556,0.9973026434094587,0.9983657163609951,0.9992821249102656,0.9985551742821023,0.9989154013015185,1.0,0.9994736842105263,0.9996339677891655,1.0,1.0,1.0,1.0,1.0,1.0,0.9998224747026452,0.9994501466275659,0.9992859692966798,0.9994640943193998,0.9992760180995475,0.9990884229717412,0.9989316239316239,0.9974724679545044,0.997828447339848,0.9989077007099946,0.9989200863930886,0.9976618705035971,0.9974928366762178,0.9950882299436056,0.99639379733141,0.9952051145444859,0.9960531036957302,0.9957753916563985,0.9951785714285715,0.9963944474490716,0.9958891867739053,0.9965334792921,0.996887017029848,0.9956224829276834,0.9969374887407674,0.9953110910730387,0.9963754983689742,0.9964614295824487,0.9953711945878583,0.9953521630318198,0.9959941733430444,0.9976851851851852,0.9970523212969786,0.9971197119711971,0.9972456849063532,0.9974669802786321,0.9983982915109451,0.9987226277372263,0.9987144168962351,0.9996415128159168,0.9996398991717681,0.9998204022988506,0.9998176845943483,0.9998192662208567,1.0,1.0,1.0
1.0,1.0,1.0,1.0,1.0,0.9996370894574488,0.9996357676197414,0.9994617868675996,0.9998196248196248,0.9994624619243863,0.9992921606795258,0.9987604037542058,0.9996504107673484,0.9983624454148472,0.9983695652173913,0.9983859397417504,0.9987012987012988,0.9982014388489209,0.9980346614257638,0.9992724627137141,0.9980325523162225,0.9989187240944314,0.997139792634966,0.9976723366159356,0.9978704525288377,0.9978110178766874,0.9970845481049563,0.9991015274034142,0.998742816091954,0.9987385114435033,0.9977961432506887,0.998371335504886,0.9980162308385934,0.9982007916516733,0.9987495534119328,0.9985855728429985,0.9983783783783784,0.9992684711046086,0.9989114658925979,0.9992826398852224,0.9996416412829242,0.9996380090497737,0.9991031390134529,0.9994619799139168,0.9998204022988506,1.0,1.0,1.0,1.0,1.0,1.0,1.0,0.9998230714791224,1.0,0.9998206921283844,0.9998171512159444,0.9996421542315262,0.99945779866257,0.9992872416250891,0.9983891175944156,0.9992916592881176,0.9992690058479532,0.9996360327570518,0.9983507421660253,0.9985390796201608,0.9983627433145352,0.9992905285562256,0.9982142857142857,0.9983810037776578,0.9981631153563556,0.998730734360834,0.9972806381435823,0.9974973185555953,0.997822931785196,0.997436836323691,0.9981988472622478,0.9965734896302976,0.9982602644398052,0.9983925701018039,0.9983789625360231,0.9989327641408752,0.9994483265906583,0.9978169910860469,0.9974973185555953,0.9981678270428729,0.9985670786315601,0.9985507246376811,0.9983905579399142,0.999098774333093,0.9994609164420485,0.9996488147497805,0.9996370235934664,0.9998169168802636,0.9994531534815895,0.9998183139534884,1.0,1.0,1.0,1.0,1.0
1.0,1.0,1.0,0.9998200791651674,1.0,1.0,1.0,1.0,1.0,0.9998164800880895,1.0,0.999822316986496,1.0,1.0,0.9992814801508891,1.0,0.9998182809376703,0.9992840522641847,0.9998203700377223,0.9990956773376741,0.9996391194514616,1.0,0.9996424101555516,0.9996365618753407,0.9996491843536222,0.9992777175875768,0.9994622692238753,0.9994610132950054,0.9994582881906826,0.9994488333639537,0.9996408690967857,0.9996408045977011,0.9992655159750276,0.9998225691980128,0.9998198847262247,0.9996404171161453,0.9996372211137312,1.0,0.999637943519189,1.0,1.0,0.9998191681735985,0.9998204667863555,0.9998212370396854,0.9998219373219374,1.0,0.9998189061934082,1.0,1.0,1.0,1.0,1.0,1.0,1.0,1.0,0.9998202085580726,0.9998214285714285,0.9996462055545728,1.0,1.0,1.0,0.9996340347666972,1.0,0.9998202085580726,0.9994567185802246,0.9998209489704566,0.9996461429582448,1.0,0.9994593620472157,0.9998219690226099,0.9991088932454107,0.9994685562444642,0.9985668219276245,0.9998186434530286,0.9998196898665705,0.9992745738121146,0.9992718004733296,0.999122191011236,0.9994558316705968,0.999104744852283,0.9996443179797261,0.9994631352899069,0.9992804461234035,1.0,0.9998197223724535,0.9996519317786287,0.9996411912450663,0.9994665718349929,0.9996461429582448,0.999822158989863,0.9998207564079584,1.0,1.0,1.0,0.9998223485521407,1.0,1.0,1.0,1.0,1.0
1.0,1.0,1.0,1.0,1.0,1.0,1.0,1.0,1.0,1.0,1.0,1.0,1.0,1.0,1.0,1.0,1.0,1.0,1.0,1.0,1.0,1.0,1.0,1.0,1.0,1.0,1.0,1.0,1.0,1.0,1.0,1.0,1.0,1.0,1.0,1.0,1.0,1.0,1.0,1.0,1.0,1.0,1.0,1.0,1.0,1.0,1.0,1.0,1.0,1.0,1.0,1.0,1.0,1.0,1.0,1.0,1.0,1.0,1.0,1.0,1.0,1.0,1.0,1.0,1.0,1.0,1.0,1.0,1.0,1.0,1.0,1.0,1.0,1.0,1.0,1.0,1.0,1.0,1.0,1.0,1.0,1.0,1.0,1.0,1.0,1.0,1.0,1.0,1.0,1.0,1.0,1.0,1.0,1.0,1.0,1.0,1.0,1.0,1.0,1.0
