1.0,1.0,1.0,1.0,1.0,1.0,1.0,1.0,1.0,1.0,1.0,1.0,1.0,1.0,1.0,1.0,1.0,1.0,1.0,1.0,1.0,1.0,1.0,1.0,1.0,1.0,1.0,1.0,1.0,1.0,1.0,1.0,1.0,1.0,1.0,1.0,1.0,1.0,1.0,1.0,1.0,1.0,1.0,1.0,1.0,1.0,1.0,1.0,1.0,1.0,1.0,1.0,1.0,1.0,1.0,1.0,1.0,1.0,1.0,1.0,1.0,1.0,1.0,1.0,1.0,1.0,1.0,1.0,1.0,1.0,1.0,1.0,1.0,1.0,1.0,1.0,1.0,1.0,1.0,1.0,1.0,1.0,1.0,1.0,1.0,1.0,1.0,1.0,1.0,1.0,1.0,1.0,1.0,1.0,1.0,1.0,1.0,1.0,1.0,1.0
0.9995598591549296,0.9969257795344751,1.0,1.0,0.9982300884955753,0.9986455981941309,0.9995706311721769,0.9991146525011066,0.9991247264770241,1.0,0.9995383194829178,0.9982253771073647,0.9990995047276002,0.9995425434583715,0.9995493465525012,0.999080459770115,0.9995573262505534,0.9990974729241877,0.9986660738105825,0.9986589181940099,0.999066728884741,0.9995454545454545,0.9995423340961098,0.9991204925241864,0.9991300565463245,1.0,1.0,1.0,0.9986577181208054,0.9991247264770241,0.9995702621400946,1.0,1.0,1.0,0.9991079393398751,1.0,0.999536822603057,0.9987085665088248,0.9968777876895629,0.9995389580451821,0.9995581087052585,0.9991087344028521,0.9990846681922196,0.9986672589960017,0.9986357435197817,0.9976668222118525,0.9995563442768411,0.998677831643896,0.9982293050022134,0.9972627737226277,0.9991146525011066,1.0,0.9991193306913254,0.9995650282731623,0.9986351228389445,0.9991027366532077,0.9986553115194979,0.9986388384754991,0.9991015274034142,0.9995452478399273,0.9972789115646259,0.9990946129470348,0.9995569339831635,0.9982094897045658,0.9995487364620939,0.9995475113122172,1.0,0.9990888382687927,0.9995446265938069,0.9995499549954996,0.9995511669658886,0.9986516853932584,1.0,0.9995539696699376,0.9995456610631531,1.0,0.9991111111111111,0.9995557529986673,0.99860529986053,0.9995693367786391,0.9995421245421245,0.9995389580451821,0.9995468962392388,1.0,0.9986345015930814,0.9995549621717846,0.9995571302037201,0.999561403508772,0.9990909090909091,1.0,0.9990990990990991,0.9995547640249333,0.9995541685242978,0.9982293050022134,0.9991220368744512,0.9991023339317774,1.0,0.9978298611111112,0.9981826442526125,0.9990791896869244
0.9959035047792444,0.994579945799458,0.9977200182398541,0.9959183673469387,0.9968736042876284,0.9959016393442623,0.9968722073279714,0.9960818458859382,0.9960264900662251,0.9966745843230403,0.9982471516213848,0.9956024626209323,0.9964396973742768,0.9978050921861282,0.9973368841544608,0.9973568281938326,0.9986244841815681,0.9959821428571428,0.9982316534040672,0.9959982214317474,0.9972552607502287,0.9981973862100045,0.9981360671015843,0.99779638607316,0.9982300884955753,0.9995619798510732,0.9968777876895629,0.9950383400992332,0.9972801450589301,0.9982190560997328,0.9977179370150616,0.9982070820259973,0.9973021582733813,0.9964570416297609,0.9967771639042358,0.9967963386727688,0.9959016393442623,0.996415770609319,0.9959568733153639,0.9963800904977376,0.9960456942003515,0.9958885335769758,0.9973214285714286,0.99644128113879,0.9972489683631361,0.9923732615522656,0.9963898916967509,0.9955015744489428,0.9968468468468469,0.9963133640552996,0.99767549976755,0.9955156950672646,0.9937304075235109,0.9945004582951421,0.9937583593401694,0.9959386281588448,0.996524761077324,0.9968425800631484,0.997692662667282,0.9981875849569551,0.9969814575247952,0.9981981981981982,0.9941756272401434,0.99779638607316,0.9977053694355209,0.9981851179673321,0.9972477064220183,0.9977944419938244,0.9977866312527667,0.9968253968253968,0.997269003186163,0.9990880072959416,0.9981867633726201,0.998172681589767,0.9991107158737217,0.9982118909253465,0.9995501574448943,0.9986474301172227,0.9982198486871384,0.9973498233215548,0.9995460735360872,0.9968680089485459,0.9973118279569892,0.9986320109439124,0.9968999114260407,0.997348652231551,0.9925764192139738,0.9969892473118279,0.9968999114260407,0.9937332139659804,0.9968609865470852,0.9954212454212454,0.9978060552874067,0.998139534883721,0.9962352941176471,0.9965156794425087,0.9963833634719711,0.9946902654867257,0.9964012595591543,0.9978060552874067
0.9884032114183765,0.9895880488909009,0.9923766816143498,0.9931066176470589,0.9935779816513761,0.9922409858512095,0.9887285843101894,0.9903713892709766,0.9949771689497717,0.992831541218638,0.9924977934686673,0.9894592117323556,0.9939731108020399,0.9958658704639411,0.9914759982054733,0.9945180447693011,0.9972093023255814,0.994535519125683,0.9942145082331998,0.9960124058484714,0.9936936936936936,0.9947826086956522,0.9959477712742009,0.9955673758865248,0.9954545454545455,0.9946140035906643,0.9937639198218263,0.9968482665466006,0.9982502187226596,0.9950135992747053,0.9968368730230457,0.9941123188405797,0.9936363636363637,0.9942016057091883,0.9959072305593452,0.9954730647351743,0.9934469200524246,0.9935691318327974,0.993231046931408,0.9928603302097277,0.9940366972477064,0.9908933217692975,0.9923903312444047,0.9920564872021183,0.9905277401894452,0.9923561151079137,0.9920529801324504,0.9950738916256158,0.9950383400992332,0.9886014905743095,0.9903339191564148,0.9900811541929666,0.9914798206278027,0.9919928825622776,0.9901123595505618,0.9894736842105263,0.9921259842519685,0.9910394265232975,0.9937583593401694,0.9940036900369004,0.9967963386727688,0.9914645103324349,0.9951391957578436,0.9935543278084714,0.9948598130841122,0.9939422180801492,0.9913269731136166,0.9955217196596506,0.9968225147526101,0.996014171833481,0.9954337899543378,0.9954771596562642,0.997332147621165,0.9963470319634703,0.9958544449562413,0.9945921586300135,0.9968239564428312,0.9967697277341947,0.9964061096136568,0.9956312800349497,0.9964237818506929,0.9959165154264973,0.9919821826280624,0.9926873857404022,0.9894446994033961,0.9937888198757764,0.9911914696337506,0.9924878479893946,0.9918478260869565,0.9918478260869565,0.9946188340807175,0.9940855323020928,0.9915817456801064,0.9906914893617021,0.9925307557117751,0.9951520493609519,0.9922178988326849,0.9917883211678832,0.9878378378378379,0.9870593485051317
0.9857142857142858,0.9850813743218807,0.9873029772329247,0.9842342342342343,0.9823049001814882,0.9843101061375173,0.9815730337078652,0.9869167030091583,0.9840401276789785,0.9891205802357208,0.9876857749469214,0.9882147533828023,0.9869662921348314,0.9839142091152815,0.9856879039704525,0.9927371765773945,0.9910952804986642,0.9888785912882299,0.9891255097417309,0.9915216421240518,0.990072202166065,0.9928952042628775,0.9917995444191344,0.9911426040744021,0.9909560723514211,0.9912549191080018,0.9956672443674177,0.9933680720037896,0.9882958801498127,0.988556338028169,0.9922232387923148,0.9931911030413073,0.9906997342781222,0.9911668991166899,0.9932493249324933,0.9903677758318739,0.9851951547779273,0.9919064748201439,0.9900452488687783,0.9884393063583815,0.9878815080789947,0.9863975427819219,0.9844651575676875,0.9879206212251941,0.9864437415273385,0.9851284362325372,0.9792913023469857,0.9855880985588099,0.9818922589406971,0.9863142991977348,0.9852738150023009,0.9828118113706479,0.9818181818181818,0.9864746945898778,0.9826404751027866,0.983643798273512,0.9868421052631579,0.9869074492099322,0.9870410367170627,0.9896629213483146,0.9861483467381591,0.9879625501560411,0.9894505494505494,0.9867491166077739,0.9905871806364859,0.9934272300469483,0.9890446976336547,0.9917393299678752,0.988558352402746,0.9857461024498887,0.9928571428571429,0.9909420289855072,0.9937611408199644,0.9942119323241317,0.9930915371329879,0.9929855326611136,0.9938107869142352,0.9933005806163466,0.9901212393354288,0.9887133182844243,0.9906759906759907,0.9922374429223745,0.9908340971585701,0.9932584269662922,0.989644304367402,0.989386248269497,0.9888631090487239,0.989080982711556,0.98900595510765,0.9880212954747116,0.9842271293375394,0.9849177330895795,0.984691580369203,0.9857079053148727,0.9914950760966875,0.9810895992796038,0.9844464775846294,0.9831281349749202,0.9789288849868305,0.9859894921190894
0.9789103690685413,0.9700136301681054,0.9757303370786516,0.9730224051211706,0.9764599366229063,0.9715703971119134,0.979081400636653,0.9788018433179724,0.980743394536498,0.9711321605773567,0.9831186139493558,0.9824007220216606,0.9812956204379562,0.9832451499118166,0.9841269841269841,0.9826563213144682,0.9801793298725814,0.9857758620689655,0.983467381590706,0.9866605335786569,0.9886466848319709,0.9890560875512996,0.9857732905002294,0.9854479308776717,0.9862005519779209,0.9854881266490765,0.9841619005719313,0.9894009216589862,0.9841341795104261,0.9882352941176471,0.9862527716186252,0.9878433138226025,0.9833641404805915,0.9819700967458224,0.984736355226642,0.9791572270049841,0.9774734982332155,0.9796888504753674,0.9815242494226328,0.9816390506045678,0.9773755656108597,0.9731062303899597,0.9742663656884876,0.975010960105217,0.9766245909303413,0.9750905797101449,0.9764542936288089,0.9768477292965272,0.9776186213070726,0.963758389261745,0.9809610154125114,0.970988213961922,0.9761248852157943,0.9756421612046059,0.9808888888888889,0.9794400699912511,0.983363309352518,0.9828872312417727,0.9789424426766495,0.9756427604871448,0.9776021080368906,0.9792051756007394,0.9794520547945206,0.9843971631205674,0.9859981933152665,0.984182776801406,0.9846984698469847,0.981859410430839,0.9890460976722958,0.9864314789687924,0.9870996441281139,0.9865047233468286,0.9875167186803389,0.9893764434180139,0.9883772910147519,0.9822161422708618,0.9858156028368794,0.990036231884058,0.9844236760124611,0.987957181088314,0.990990990990991,0.9823911028730306,0.9877272727272727,0.9864675688287448,0.9831281349749202,0.9809228039041704,0.9815065403698692,0.9818099135970896,0.9762323943661971,0.9783588818755635,0.9795028347143481,0.9744380784486558,0.974025974025974,0.9772198977219898,0.9768064228367529,0.9751018560434586,0.9746001881467544,0.9843470483005367,0.9735280693747147,0.9742314647377939
0.9631129104813315,0.9568539325842697,0.96875,0.9605381165919282,0.968736239542052,0.9700835899692037,0.968791796700847,0.9704697986577181,0.9639801891040072,0.973939929328622,0.9722222222222222,0.9756421612046059,0.974025974025974,0.9663314385658067,0.9755647763946519,0.9809650287737938,0.9754545454545455,0.9796472184531886,0.9813084112149533,0.9743705035971223,0.9814143245693563,0.9812909260991581,0.9821189092534645,0.9856770833333334,0.9828828828828828,0.9845031905195989,0.9830430797433547,0.9877439854743532,0.9819621645402552,0.9821587867975022,0.9787328311918476,0.9815315315315315,0.9806338028169014,0.9817518248175182,0.9787786920744911,0.9783950617283951,0.9719710669077758,0.9741613780598368,0.9787037037037037,0.9686506133575647,0.9730716567777271,0.9657657657657658,0.9689383402874363,0.9655489205328434,0.9645048203330412,0.967816091954023,0.967420814479638,0.9693555655700766,0.9622471910112359,0.9665903890160183,0.9668633681343622,0.965142598460842,0.9622302158273381,0.9645514223194749,0.9655635062611807,0.964334085778781,0.9683600713012478,0.9708826205641492,0.9619541720709036,0.9652294853963839,0.9704035874439462,0.9747309312119794,0.9726824899238692,0.9741144414168937,0.9771376314586191,0.9759510275470048,0.9833256137100509,0.9805077062556664,0.9795282599020917,0.9754545454545455,0.9788079470198675,0.9787892178524084,0.9830734966592427,0.9865531151949798,0.982637259502581,0.9786266484765803,0.9816681943171403,0.9830287206266318,0.9868896925858951,0.9844444444444445,0.9770642201834863,0.9809228039041704,0.9751724137931035,0.9768760907504364,0.9762340036563071,0.9754683318465656,0.9782909930715935,0.9737647573240052,0.9697643397065362,0.9731543624161074,0.9671910112359551,0.9670131043831902,0.9748121961997349,0.9710207612456747,0.9719875500222321,0.9647058823529412,0.9615384615384616,0.9634970707525913,0.9590163934426229,0.966078697421981
0.9405086285195277,0.9519533004041311,0.9469261388766033,0.9544018058690745,0.9586994727592267,0.9544449358690845,0.9523381294964028,0.954975236380009,0.9562243502051984,0.957149300857014,0.9633765073693613,0.9655973965597396,0.9608888888888889,0.9661240651121865,0.9603698811096433,0.9648722627737226,0.9727921498661909,0.9688206055128784,0.9650751547303271,0.9734950584007188,0.9735621521335807,0.98,0.9775330396475771,0.9780921953445915,0.9771197846567967,0.9721577726218097,0.976517501107665,0.9727800089245873,0.9736961451247166,0.9733273056057866,0.9774816176470589,0.9757085020242915,0.9682983682983684,0.9755656108597285,0.9700759267530147,0.9698030634573304,0.9652650822669104,0.9622641509433962,0.9669894366197183,0.9597830998644374,0.954975236380009,0.956029603831084,0.960775473399459,0.955636034404708,0.9512541410317085,0.9507692307692308,0.9532751091703057,0.9505736981465137,0.9398563734290843,0.9522075557578517,0.950945094509451,0.95013357079252,0.9538461538461539,0.9499072356215214,0.9504424778761061,0.9549295774647887,0.9511978704525288,0.9499121265377856,0.9530201342281879,0.9648263579697239,0.9584095063985375,0.9638888888888889,0.9701426024955436,0.9636614535418583,0.9655013799448022,0.9687782805429864,0.9726027397260274,0.9743589743589743,0.9701897018970189,0.9722979109900091,0.9734553775743707,0.9783808647654094,0.9750566893424036,0.975473321858864,0.9789615040286481,0.9804634257155839,0.9749658625398271,0.9809312638580931,0.9768732654949122,0.9805253623188406,0.9797661870503597,0.9759358288770054,0.9615214506855374,0.9696564033913432,0.9682758620689655,0.9665626393223361,0.9626334519572953,0.960836671117045,0.9645232815964523,0.9588182632050134,0.9637546468401487,0.9597102761430512,0.9563040509786072,0.9565022421524664,0.9541914796152084,0.9518976169461606,0.9515317786922726,0.944958168207838,0.9462124607799193,0.9573014517506405
0.9420884632922937,0.9290206648697215,0.9282144479781917,0.9422263973696571,0.9331868131868132,0.9348214285714286,0.9447147279964617,0.9448430493273543,0.9488117001828154,0.948421520675856,0.9472076788830716,0.9429622815087396,0.9548595117457392,0.9539052496798975,0.9579288025889967,0.9531531531531532,0.9620811287477954,0.9661240651121865,0.9713004484304932,0.9634623749456286,0.9661469933184855,0.9648648648648649,0.9683776351970669,0.9646174259177355,0.9721731448763251,0.9669199821189093,0.96800360522758,0.9652251448952296,0.9648732770120053,0.9630606860158312,0.9616071428571429,0.9602376599634369,0.9592117323556371,0.9578995020371208,0.9595270577535243,0.957714799820063,0.9558287795992714,0.9473449352967426,0.9511658600967884,0.9466063348416289,0.9446983546617916,0.9456971928209849,0.9399180700955849,0.9426751592356688,0.9430604982206405,0.9328493647912885,0.940809968847352,0.939615736505032,0.9300925925925926,0.939636040834443,0.9316466932978251,0.9495535714285714,0.9401251117068812,0.9292155094679891,0.9442970822281167,0.9457611668185961,0.9447391688771,0.9443950177935944,0.9478527607361963,0.9459580169718624,0.9450892857142857,0.9533213644524237,0.9535845588235294,0.9527027027027027,0.9556064073226544,0.958910433979686,0.9599465954606141,0.9616874730951356,0.9621451104100947,0.9644160583941606,0.9675383228133454,0.9640933572710951,0.9711321605773567,0.9749290444654684,0.9666958808063103,0.9671532846715328,0.9752540874944764,0.9720216606498195,0.9650951949229375,0.9622471910112359,0.9634089856415007,0.9650597080937638,0.9629462268413918,0.9542857142857143,0.9485130936529073,0.958185053380783,0.955902004454343,0.9505366308912739,0.9502595155709342,0.9495310406431443,0.9482523831139356,0.9440400363967243,0.9408553230209281,0.9426411738550466,0.9329241560718983,0.9459459459459459,0.9310043668122271,0.9351127473538886,0.9364518976169461,0.9365721997300944
0.930940481599273,0.9143117593436645,0.9170820117806978,0.9178204555605181,0.9283290924512299,0.9233870967741935,0.9280070237050044,0.9292975970425139,0.9276231263383298,0.9395267309377738,0.9346666666666666,0.9377208480565371,0.9410430839002267,0.9417607223476298,0.9529411764705882,0.946793997271487,0.9444193402620876,0.9465791940018744,0.9605448567402537,0.9539689995302959,0.9615384615384616,0.9539388721480844,0.9640718562874252,0.9571753986332574,0.9523172905525846,0.9603825136612022,0.9653419593345656,0.9578804347826086,0.962059620596206,0.9671981776765376,0.9551451187335093,0.9605496453900709,0.9539503386004514,0.9488330341113106,0.9455842997323818,0.9526411657559198,0.9487847222222222,0.9428699955015745,0.9387938793879388,0.9379247847757136,0.9316770186335404,0.9392290249433106,0.929761368752814,0.93051890941073,0.9246031746031746,0.9320737741790374,0.9171861086375779,0.928374655647383,0.9219098616688978,0.919041157847128,0.9198931909212283,0.915625,0.9192238267148014,0.9289544235924933,0.9267849022282856,0.9329102447869447,0.9204440333024977,0.9339366515837104,0.9268077601410935,0.9212093449381585,0.9348230912476723,0.9412852519648636,0.9451672862453532,0.9454705364995603,0.9428320140721196,0.9510297482837529,0.9468512728896828,0.9514298683613255,0.9587301587301588,0.9588477366255144,0.960793150067598,0.9576385759351059,0.950920245398773,0.9511974694984184,0.957847533632287,0.9633152173913043,0.9617918313570487,0.96,0.9601809954751132,0.9589698821475339,0.9594947735191638,0.9431407942238267,0.9551002615518744,0.9537241075363596,0.9509147701918786,0.9477841158402808,0.9476297968397291,0.9367660343270099,0.9294813466787989,0.9431151241534989,0.9379370629370629,0.9307620817843866,0.9192462987886945,0.9185418541854186,0.9115435647943387,0.9226398601398601,0.9217501051745898,0.9179510426110608,0.9130836800739713,0.9214567792891619
0.897787610619469,0.9198760513501549,0.9073645206113942,0.8979045920641997,0.905703771849126,0.9068294889190411,0.908329455560726,0.9041591320072333,0.9111405835543767,0.9139981701738334,0.9262152777777778,0.9222172552525704,0.926177536231884,0.9224910394265233,0.9296328671328671,0.9330296127562643,0.9422382671480144,0.9293064876957494,0.945280437756498,0.9423683025664116,0.9477611940298507,0.9551569506726457,0.9519774011299436,0.9546263345195729,0.9476797088262057,0.9498158379373849,0.9484767025089605,0.9480752014324082,0.9515151515151515,0.9474137931034483,0.9380219780219781,0.9479502533394749,0.9432218309859155,0.9346552501126634,0.9364084191670399,0.9390581717451524,0.9346171070309002,0.924,0.9267857142857143,0.9151568714096332,0.9191312384473198,0.9121747211895911,0.9144385026737968,0.9089244851258581,0.9001367989056087,0.9115367077063383,0.903750564844103,0.9078341013824884,0.9022556390977443,0.8955969133000454,0.8986391365556077,0.9052678176184152,0.906046511627907,0.896722047597665,0.8987854251012146,0.9125560538116592,0.9106666666666666,0.9104072398190045,0.9237832874196511,0.9167420814479638,0.9258229021789522,0.926774483378257,0.9212175470008953,0.9284106258442143,0.9319279754062363,0.9389312977099237,0.9455970493314891,0.942883046237534,0.9390134529147982,0.9514519056261344,0.9350710900473934,0.9505220154334998,0.9475555555555556,0.9541073887104177,0.9532407407407407,0.9443166129774505,0.9469261388766033,0.9486709440879927,0.9510610653962754,0.9530965391621129,0.9470319634703196,0.9484808454425363,0.9378794955628211,0.9276672694394213,0.9400092293493308,0.9292155094679891,0.9401978417266187,0.9283105022831051,0.9244523915958873,0.9252847380410023,0.9194839857651246,0.912405513561583,0.9043752819124944,0.910609480812641,0.9176733780760626,0.9075278810408922,0.9008379888268156,0.904846598488217,0.9175304191077062,0.9124594719777674
0.873972602739726,0.8841732979664014,0.8821345707656613,0.8874202370100274,0.8707987778262767,0.8881959910913141,0.8871701546860783,0.8850931677018633,0.9026508226691042,0.8962655601659751,0.9023491478581299,0.9121281464530893,0.9128822984244671,0.9120221096269,0.9076647243388615,0.9234972677595629,0.9186920017675652,0.9225574065736155,0.9374720857525681,0.9279964221824687,0.9399180700955849,0.9341155234657039,0.936986301369863,0.9498910675381264,0.9389312977099237,0.9420491423273064,0.9493150684931507,0.9406207827260459,0.9423849933005806,0.9403630077787382,0.935933147632312,0.9365572315882875,0.9217582417582417,0.9203259393390675,0.920744911216977,0.9171146953405018,0.9172597864768683,0.9130820399113082,0.9072489869428185,0.9,0.9023746701846965,0.8961625282167043,0.8903792784458835,0.888427846934071,0.8708961845607809,0.8902753872633391,0.8965205603253502,0.8738170347003155,0.8931469792605952,0.8987517337031901,0.8793026374608851,0.8786363636363637,0.8837416481069043,0.8892889288928892,0.8937415578568213,0.890760127446518,0.8848698720776357,0.9016841147018662,0.8972296693476318,0.8973889143380669,0.9006681514476614,0.9029038112522686,0.9273793414524132,0.9118432769367765,0.9227660529860799,0.9187840290381125,0.9313247673903412,0.9365875912408759,0.9408310749774165,0.9361702127659575,0.9412835685025034,0.9414187643020595,0.9469628286491387,0.9482993197278912,0.9420091324200913,0.9440774988991634,0.9303151353750555,0.9423513390830686,0.9396551724137931,0.935513169845595,0.9359715429079591,0.9343033509700176,0.928448275862069,0.9173553719008265,0.9158836689038031,0.9094962104324565,0.9108867427568043,0.8984725965858041,0.9081952530228392,0.8999077490774908,0.8938572719060524,0.9072212065813529,0.8856755535472209,0.8822463768115942,0.883289124668435,0.8861454046639232,0.8918681318681319,0.8822727272727273,0.8905608755129959,0.8870967741935484
0.8452535760728218,0.8656914893617021,0.8830462375339981,0.8625114573785518,0.858499095840868,0.8759191176470589,0.8741481144934121,0.8742806551571491,0.8754464285714286,0.8871115173674589,0.8898781630740393,0.8967441860465116,0.8919739696312364,0.9040511727078892,0.9043083900226757,0.9163274536408865,0.9103222793087342,0.9271070615034168,0.9084412684234033,0.926509186351706,0.9342723004694836,0.9320036264732547,0.9325688073394496,0.9334239130434783,0.9261061946902654,0.9305747126436782,0.9256993006993007,0.9314128943758574,0.9243266353142369,0.9264772214704555,0.9173626373626373,0.9200347674923947,0.9112426035502958,0.9180624717066546,0.9077340569877883,0.9044151115157032,0.8926807364167041,0.9011286681715576,0.9059674502712477,0.8807339449541285,0.8834301027244306,0.8910845588235294,0.8770053475935828,0.8864035087719299,0.873972602739726,0.8659973810563073,0.8713898916967509,0.8641083521444696,0.8700947225981055,0.8732014388489209,0.8560986751941526,0.8617021276595744,0.8668257756563246,0.8608294930875576,0.8655021834061135,0.8666380789022299,0.8790178571428572,0.8833025830258303,0.8830823737821081,0.887191011235955,0.9116447666515632,0.8909171861086376,0.900994575045208,0.9051878354203936,0.9000908265213442,0.9070915619389587,0.9153463105477592,0.9081206496519721,0.9214253083599817,0.9271019677996423,0.934984520123839,0.930379746835443,0.9207699194270367,0.938134810710988,0.932274638019617,0.9308318264014467,0.9340909090909091,0.9325290437890974,0.931787175989086,0.9159928122192273,0.9282144479781917,0.9182189913675602,0.9127669241253975,0.9143881667413716,0.9008448199199645,0.9028859367842419,0.8965672990063234,0.8923076923076924,0.8779174147217235,0.8916551406177963,0.8822212270488132,0.890163211292457,0.8802289740202554,0.8744769874476988,0.8712694877505568,0.8653846153846154,0.8561736770691994,0.8686067019400353,0.8622994652406417,0.8608657243816255
0.8421052631578947,0.834762979683973,0.8568118628359592,0.840625,0.8263205013428827,0.8470431302801245,0.84375,0.8612244897959184,0.8634906092533211,0.8518189884649512,0.8830645161290323,0.8710816777041943,0.8873175182481752,0.876010781671159,0.8977533241632278,0.8979138925876609,0.8837837837837837,0.8977578475336323,0.8919642857142858,0.9074074074074074,0.9085532302092811,0.9225950782997763,0.9178571428571428,0.9237482774460266,0.9221347331583553,0.9179943767572634,0.9171122994652406,0.9244871235268441,0.9162936436884512,0.9162854528819762,0.9013574660633484,0.9183955739972337,0.8978231896934695,0.9074157303370787,0.8917710196779964,0.879286694101509,0.895364238410596,0.8814814814814815,0.8758652514997692,0.8603377453217709,0.8669354838709677,0.8650250797993616,0.8482542524619516,0.8472661545413466,0.854337899543379,0.8390092879256966,0.8439748201438849,0.8375912408759124,0.858139534883721,0.8377253814147018,0.8376300316598824,0.8407871198568873,0.8552511415525114,0.8382809038546744,0.8267573696145125,0.861552428506582,0.8486871384067646,0.8592625899280576,0.8648892905558065,0.8809306569343066,0.8854262144821264,0.8651330626973387,0.8819255222524978,0.8856632425189817,0.8953436807095344,0.9044117647058824,0.9031824294038547,0.895468820098699,0.9034926470588235,0.9014279134039613,0.9194270367054611,0.9086474501108648,0.9166295140436915,0.9149313247673904,0.9223518850987432,0.912848158131177,0.9101023587004895,0.9159049360146252,0.9115490375802017,0.9049093321539142,0.9020664869721473,0.905393457117595,0.9017816354499771,0.8986486486486487,0.8850833708877873,0.8944790739091718,0.874885004599816,0.8771205868867492,0.8743144424131627,0.87569573283859,0.8661909009812667,0.8622119815668203,0.8467966573816156,0.8455650607834309,0.835194283162126,0.8440239963082603,0.8470319634703196,0.8422242314647378,0.8468667255075022,0.8423750533959846
0.8282153983088563,0.8237362637362637,0.8126421100500227,0.8151637505607896,0.8159509202453987,0.8216414488766621,0.836412798557909,0.8373797526339899,0.828971119133574,0.8429940666362392,0.8466666666666667,0.8630385487528345,0.8624385886556498,0.8757904245709124,0.8664259927797834,0.8766346992153444,0.8794582392776523,0.8799824791940429,0.8971175166297117,0.8936170212765957,0.9020594965675057,0.896939693969397,0.9102974828375286,0.899365367180417,0.915640674874601,0.9053571428571429,0.909255079006772,0.8896828941491738,0.9174843889384479,0.9131959666812801,0.8979223125564589,0.8966292134831461,0.8803301237964236,0.8834327673244607,0.8738898756660746,0.8832442067736186,0.867679928475637,0.862373180414645,0.8593258426966293,0.8509963768115942,0.8395769061260467,0.8477460901563938,0.8360581289736603,0.8193146417445483,0.82081989866421,0.8177697189483227,0.823583180987203,0.8167539267015707,0.8170784568703945,0.8226256983240223,0.8055809698078683,0.8231323132313232,0.8177613320999075,0.8115501519756839,0.8239499553172476,0.8227790432801823,0.828096947935368,0.8325932504440497,0.8187949640287769,0.8522367826479892,0.8527381500230097,0.8426008968609865,0.8644924207625172,0.8641475483580747,0.8712694877505568,0.8717381689517912,0.8831754623364908,0.885817852288174,0.9037070524412296,0.8987799367374605,0.9058098591549296,0.9071936056838366,0.8965360072926162,0.9202866099417824,0.895625812039844,0.9155435759209344,0.8976201167489897,0.9031665901789812,0.9026979212737727,0.89376130198915,0.8988195615514334,0.8955357142857143,0.8819538670284939,0.8814409484724122,0.8808007279344859,0.872250818905007,0.857399910031489,0.8574551814604285,0.8645276292335116,0.844731977818854,0.8407587119541244,0.850091407678245,0.838282320694381,0.8273512039981826,0.8308103294746215,0.8184331797235023,0.8369467028003613,0.8282374100719424,0.8201536375960234,0.8121827411167513
0.7934924078091107,0.7876867360796741,0.7900480139676997,0.8008222932846049,0.7837240159221583,0.8013015184381779,0.806046511627907,0.8082010582010583,0.8046699595868881,0.8240952817224003,0.822383325781604,0.835,0.8382286488929056,0.8488731771984092,0.8444444444444444,0.8654024051803886,0.8781038374717833,0.8640429338103757,0.8751147842056933,0.874235807860262,0.8938572719060524,0.8966620941929584,0.8892938496583144,0.8863636363636364,0.903269144648455,0.8943466172381835,0.8888888888888888,0.8915499322187076,0.8905560458958517,0.8896991795806746,0.8732330141358869,0.875,0.8735105407882676,0.8810274898602974,0.8634735899731424,0.852603706972639,0.8558352402745996,0.8508137432188065,0.8303411131059246,0.820835204310732,0.8244584837545126,0.8167741935483871,0.8085485307212823,0.8046189376443418,0.7969991173874669,0.8005342831700801,0.8050509525919362,0.7912663755458516,0.7937158469945356,0.7837116154873164,0.785109228711547,0.7919127669241254,0.785876993166287,0.7854528819762122,0.7903079710144928,0.8090787716955942,0.8201793721973094,0.8181818181818182,0.8178539224526601,0.8169077757685352,0.8177757927646271,0.830316742081448,0.8350287483414418,0.8507119889756546,0.8565665620797849,0.863103609939053,0.8786231884057971,0.8783185840707964,0.8906390639063907,0.8772331653687586,0.8921568627450981,0.8835465372739303,0.8964022540095362,0.8923006416131989,0.9009009009009009,0.8913738019169329,0.8901048791609667,0.8942351339083069,0.8906901343214451,0.8883318140382862,0.8824082784571966,0.8855311355311355,0.8789664551223935,0.8486159169550173,0.8653500897666068,0.8609332113449222,0.8488631297369594,0.8464334393457519,0.8325666973321068,0.8233199821984869,0.8225301743406348,0.8240574506283662,0.8142538975501113,0.8140286109829257,0.8145991939095387,0.8136120996441281,0.784941388638413,0.8070416095107453,0.7911592241768155,0.8039033457249071
0.7436135624709708,0.7757220216606499,0.7524752475247525,0.7694775435380385,0.7617312072892939,0.784366576819407,0.7756183745583038,0.789908256880734,0.7907399001361779,0.8092643051771117,0.7979390681003584,0.8075842696629213,0.8003621548211861,0.8278503830554303,0.8307180218735141,0.8412055780476833,0.8450067781292363,0.8408572731418149,0.8690210102816271,0.8613464110566206,0.8816029143897997,0.8807709547288212,0.8824577025823687,0.8667576170986813,0.8822202166064982,0.8835304822565969,0.885341726618705,0.8861047835990888,0.8791975577845617,0.8636363636363636,0.8772893772893773,0.866548828988069,0.8531746031746031,0.8541574032903513,0.8535398230088496,0.8358141632837167,0.830948121645796,0.8309671694764863,0.816711590296496,0.8137122237257556,0.7950892857142857,0.7964365256124721,0.7883762200532387,0.7948252383113935,0.7782705099778271,0.7839562443026435,0.7723132969034608,0.7612346799818429,0.7612695492180312,0.7765910102358701,0.7679362267493357,0.7710622710622711,0.7696078431372549,0.7653985507246377,0.7622913847541724,0.7771859742565468,0.7706338349293206,0.7865523465703971,0.7742226228030644,0.8044613194114856,0.8267898383371824,0.8186386477843764,0.8345733041575493,0.8357111975789019,0.8416666666666667,0.8550592525068368,0.8530097993467102,0.8631863186318632,0.8629697525206232,0.8787073926516158,0.8718764198091776,0.8711433756805808,0.8783422459893048,0.8757575757575757,0.8695652173913043,0.8876404494382022,0.8779256539697109,0.8820671378091873,0.8838028169014085,0.8528319405756731,0.8627711376715361,0.8767306833407771,0.8529014844804319,0.8574755472752679,0.8396663577386468,0.8280482358195623,0.8356039963669392,0.8111795774647887,0.8060819744380785,0.7829596412556054,0.7989995452478399,0.798442510306917,0.7594318686196183,0.7695364238410596,0.7608189855746859,0.7710680486705723,0.7767736104835066,0.7886140923938404,0.7741071428571429,0.7506750675067507
0.741003998223012,0.755083596927248,0.7460035523978685,0.7533392698130009,0.7517953321364452,0.7474931631722881,0.7401894451962111,0.7545094588649363,0.7538035961272476,0.7627118644067796,0.8018099547511313,0.7891067538126362,0.7972850678733032,0.808340727595386,0.8110763733809736,0.8302222222222222,0.8310360160071143,0.8349600709849158,0.8441011235955056,0.8412908930150309,0.8418582824964805,0.8668453976764968,0.8635761589403973,0.867370353373107,0.8659652333028363,0.8737819025522042,0.8765597147950089,0.8684907325684025,0.8610867659947414,0.8572078217371533,0.8515381185911726,0.8313253012048193,0.8545454545454545,0.8335600907029479,0.8330241187384044,0.8234217749313815,0.8197368421052632,0.7878787878787878,0.7973626373626373,0.7834080717488789,0.7798081315669255,0.7665020206555905,0.7554524361948955,0.7670556552962298,0.7380733944954129,0.7496567505720824,0.7411869701026328,0.7494437027147307,0.7504553734061931,0.734188412206988,0.744612563044475,0.7410323709536308,0.7251975417032485,0.7343680709534368,0.7468525179856115,0.7612551159618008,0.7619047619047619,0.7626126126126126,0.7876106194690266,0.7791164658634538,0.7962710322874034,0.7870491090830074,0.7858105074090705,0.8109981515711645,0.8302411873840445,0.8263367211665931,0.8233975795607351,0.8461538461538461,0.8585675430643699,0.8451162790697675,0.8540515653775322,0.8665472458575907,0.8754612546125461,0.8487940630797773,0.8699045967042498,0.8751091703056768,0.8758404303003138,0.875,0.8556985294117647,0.8524083075563411,0.8455068614431164,0.8506433823529411,0.8368256798930005,0.8248868778280543,0.8143307796304642,0.8197958277851753,0.8075033497096918,0.8074477747502271,0.7809899255365746,0.7831541218637993,0.7908847184986595,0.7851015801354402,0.7561411344350156,0.7372029250457038,0.7414568345323741,0.7325892857142857,0.7381717960496096,0.7580431908329661,0.729438202247191,0.7561295971978984
0.7113082039911308,0.699055330634278,0.7190517998244074,0.7015384615384616,0.7076566125290024,0.7206218564243255,0.7330641543292956,0.7311922569291684,0.7288655278142795,0.7344935296742525,0.7678899082568807,0.7738853503184714,0.7750801649106733,0.798233995584989,0.7977578475336323,0.8094827586206896,0.8296329859537834,0.8307692307692308,0.8390538033395176,0.8388888888888889,0.8308957952468007,0.8560673162090345,0.8669928825622776,0.8504216600088771,0.8466483011937558,0.86084142394822,0.8460136674259681,0.8521031207598372,0.8581918311151905,0.8552983081032948,0.83317843866171,0.8349775784753363,0.8225659690627843,0.8115942028985508,0.7972554227534308,0.7944393801276208,0.8096916299559471,0.7857777777777778,0.7685912240184758,0.7697578803106442,0.7541058394160584,0.7464726631393298,0.7430939226519337,0.738594890510949,0.7042562527424309,0.704225352112676,0.7177886758805172,0.7257067137809188,0.7144160583941606,0.7147435897435898,0.6982300884955752,0.7200361827227499,0.7189141856392294,0.7170389837932545,0.7098421541318477,0.7177777777777777,0.7287906137184116,0.7267833109017496,0.7420814479638009,0.7468706536856745,0.7678899082568807,0.7797915722700498,0.7752252252252252,0.7885482416591524,0.8045558086560365,0.8293795620437956,0.8302752293577982,0.820814479638009,0.8189338235294118,0.8442143178748311,0.851357365376057,0.8515735086895256,0.8379758588672238,0.8538793103448276,0.8516215015548645,0.8379937860630271,0.8525698827772769,0.854982206405694,0.8324778348110126,0.8396183552930486,0.8333333333333334,0.8289058982440343,0.821991888237945,0.8013574660633485,0.8024578971324533,0.8004376367614879,0.7864376926464113,0.7695051270619706,0.7665600730927364,0.7540983606557377,0.7461928934010152,0.7551922227132125,0.752414398595259,0.7119175627240143,0.7046394120349104,0.7148488830486203,0.715669014084507,0.731750219876869,0.7040862146385272,0.719650655021834
0.667262969588551,0.6991312299954275,0.6726137377341659,0.6768236380424746,0.6756640959725793,0.7014453477868112,0.6843276936776491,0.7008968609865471,0.7190804597701149,0.7317615658362989,0.7437867148666968,0.7543702375616316,0.7576576576576577,0.7642602495543672,0.7811371841155235,0.7813783660429028,0.7998232434821034,0.7921425308359982,0.8048007246376812,0.826457399103139,0.8250330542089026,0.825134168157424,0.8325852782764811,0.8337777777777777,0.8281740690892777,0.8513931888544891,0.8380249192431933,0.8475555555555555,0.8369517058041648,0.8276333789329685,0.8285976168652612,0.8142100617828774,0.8038060715903942,0.7913968547641073,0.777466105656849,0.7746160794941283,0.771415270018622,0.7588289962825279,0.7537037037037037,0.7409233527566114,0.7379702537182852,0.7246119733924612,0.7006593406593407,0.7076514816452897,0.7044025157232704,0.6979498861047836,0.6781076066790352,0.7042440318302388,0.6987788331071914,0.6872389791183294,0.6750663129973474,0.6830238726790451,0.6938681420009221,0.6866338846669647,0.6874439461883408,0.6983981693363844,0.693176683235427,0.7315347191508182,0.7374784110535406,0.7065654309959803,0.713907284768212,0.754625550660793,0.7718271827182718,0.7570009033423668,0.7834080717488789,0.7877959927140255,0.8024193548387096,0.8115183246073299,0.8066666666666666,0.8161896243291592,0.8226691042047533,0.8368700265251989,0.8261840929401251,0.8430493273542601,0.8379108509680324,0.8476064997804128,0.8314505196565748,0.8285714285714286,0.8142274580879021,0.8219611387257117,0.8230871295886776,0.8057522123893806,0.8024475524475524,0.7866605756052992,0.782851817334576,0.7729636048526863,0.7669376693766937,0.738973897389739,0.7383348581884721,0.7380621233194251,0.7093023255813954,0.7166521360069747,0.7069431920649234,0.7083906464924347,0.6916023166023166,0.6848021582733813,0.6775378961874139,0.6736499068901304,0.691513246519982,0.6961098398169336
0.6461330935251799,0.641465677179963,0.6852014010507881,0.6633972358448507,0.6552962298025135,0.6578947368421053,0.6556927297668038,0.6847580280416101,0.6973125884016973,0.6983914209115282,0.7102678571428571,0.7186108637577916,0.7333333333333333,0.7350465219317678,0.7562724014336918,0.7582515611061552,0.7688487584650113,0.7865961199294532,0.8018058690744921,0.8004385964912281,0.8040816326530612,0.8209227957971676,0.8195422535211268,0.8188235294117647,0.8283917340521114,0.8266183793571752,0.8302919708029197,0.8166438042981253,0.8151785714285714,0.8068747173224785,0.8028362305580969,0.8019936565473493,0.7970692717584369,0.7864864864864864,0.7726001863932899,0.7480495640201927,0.7389162561576355,0.728874830546769,0.7324812692816218,0.7035152636447733,0.6957116788321168,0.6858019281332165,0.6666666666666666,0.6585923217550275,0.663509246729815,0.6740478299379983,0.6704187303016659,0.6355421686746988,0.6613404349755881,0.6533989266547406,0.6406945681211041,0.6529540481400438,0.6395400265369305,0.6531449407474932,0.6663793103448276,0.6864864864864865,0.6828724353256022,0.6817155756207675,0.6858325666973321,0.7225011410314924,0.707427536231884,0.7434389140271493,0.7365615282096846,0.7517953321364452,0.7617765814266487,0.7569316081330869,0.779783393501805,0.7957971676564641,0.7798456650022696,0.7976352887676217,0.7983834755276156,0.8144557073600706,0.8220415537488708,0.8349864743011722,0.8403284671532847,0.8195732838589982,0.8341595313204146,0.8265971316818774,0.8007246376811594,0.8065661047027507,0.8073788073788074,0.7995604395604395,0.7864654778235025,0.7735678845286423,0.7497745716862038,0.7635605006954103,0.7514659449706811,0.7269471799462847,0.7271897810218978,0.7050134288272157,0.6952869808679422,0.6972773419473927,0.6891418563922942,0.6672719019518838,0.6838397181858212,0.6793286219081273,0.6659262549977788,0.6467065868263473,0.6437414030261348,0.6443956043956044
0.6311902693310165,0.613129102844639,0.6063922942206655,0.6235758106923751,0.6365248226950354,0.6165178571428571,0.63507326007326,0.6568496207050424,0.6780172413793103,0.6984993178717599,0.6869565217391305,0.7,0.7119190059825127,0.7313499111900533,0.7290294246815986,0.7408226448474127,0.7495535714285714,0.7692656391659112,0.7631697433588474,0.7948490230905861,0.78099173553719,0.7950594693504117,0.7997243913642628,0.8227232537577365,0.7951541850220264,0.8018099547511313,0.7996422182468694,0.7861721611721612,0.8115044247787611,0.8070095584888485,0.7940792337831954,0.770350159163256,0.7828418230563002,0.7582465277777778,0.7566832804712279,0.7386980108499096,0.7282309807516041,0.7223476297968398,0.7072538860103627,0.6859466787166743,0.674863387978142,0.6679964539007093,0.6604375569735643,0.6436575526669654,0.6479367866549605,0.6445366528354081,0.6219401631912964,0.626358695652174,0.621307072515667,0.6353691886964449,0.6339810212381383,0.6086369770580297,0.6148738379814077,0.6385650224215247,0.6443186765346104,0.6440524649479873,0.6591846083371508,0.6626613262127281,0.6528335564480143,0.6825323475046211,0.6892554614355774,0.6876699909338169,0.7292716445258818,0.7320772058823529,0.7238358690640848,0.7696056712450156,0.7654826958105647,0.7755289788408464,0.7911131470453504,0.7785527462946817,0.788825340959085,0.8092252575011196,0.8110599078341014,0.8124156545209177,0.8006520726595249,0.8052820053715309,0.8139431616341031,0.7989668532070598,0.8116007194244604,0.8033378439332431,0.7793103448275862,0.788962472406181,0.7711640211640212,0.7614393602843181,0.7386313465783665,0.7298050139275766,0.7164835164835165,0.7026548672566372,0.7042128603104213,0.6801256168685509,0.6737306843267108,0.6798401420959147,0.6513339466421343,0.6531058617672791,0.6341463414634146,0.6322849213691026,0.6293487957181089,0.6240466576940332,0.6311329170383586,0.6292947558770343
0.5952593917710197,0.5945065176908753,0.5688649618663078,0.5924920850293984,0.6182065217391305,0.6355140186915887,0.6207191780821918,0.6250563316809373,0.6454789615040286,0.6583564173591875,0.6415949252378794,0.6638009049773755,0.6835604770017035,0.7066919791172283,0.7126696832579186,0.7289461573861021,0.7336615935541629,0.7443987197073617,0.7645719489981785,0.7520989836500221,0.7949771689497717,0.7883211678832117,0.7806776556776557,0.7977477477477477,0.7894039735099337,0.8015497201894103,0.7892824704813806,0.7863097849934182,0.7825101948346171,0.7573297248534056,0.7856521739130434,0.766855154414963,0.7457549334557136,0.7415426251691475,0.717731129968736,0.7110112359550562,0.6953582694907616,0.6976328718177758,0.6815462494247584,0.668346312414109,0.6509475539885412,0.6323658751099385,0.6359908883826879,0.6153846153846154,0.615626403233049,0.5987173614292258,0.6016987036209209,0.6013698630136987,0.5854922279792746,0.5855734767025089,0.5764600980829246,0.6058073031236252,0.5809393524851801,0.5942028985507246,0.5948741007194245,0.6271338724168913,0.6104575163398693,0.64,0.6742493175614195,0.6507240017551558,0.6651333946642134,0.6767184035476719,0.6954751131221719,0.7125541125541126,0.711924966502903,0.7406749555950266,0.7336753731343284,0.7568161829375549,0.768591426071741,0.7788853647485274,0.7699115044247787,0.7736017897091723,0.7915543575920935,0.794010889292196,0.8027681660899654,0.7914221218961626,0.7922971114167813,0.7690917306823317,0.7834422657952069,0.7762516614975631,0.7731168245376635,0.7660142348754448,0.7416856492027335,0.7344508160564622,0.7356848373797527,0.7003693444136657,0.6822962313759859,0.6978095663835494,0.6738567730802416,0.640293990488543,0.6525011066843737,0.6449541284403669,0.630259623992838,0.623136014460009,0.610036832412523,0.5880250223413762,0.5988213961922031,0.5965548504079783,0.597589244320816,0.5885817852288174
0.5570857396712572,0.5564114182147711,0.5599626691553896,0.5704667863554758,0.5601679104477612,0.593324549846289,0.5917986952469712,0.6160145586897179,0.5984780662488809,0.6271649954421149,0.6326086956521739,0.6484687083888149,0.6584249084249084,0.6726555652936022,0.7008771929824561,0.7082767978290366,0.7136384231989126,0.7342883548983364,0.7402777777777778,0.7441016333938294,0.7708150744960561,0.7698447893569845,0.7817777777777778,0.7660714285714286,0.7862222222222223,0.7645719489981785,0.7723048327137546,0.7620593692022264,0.7669603524229075,0.7540909090909091,0.7507829977628635,0.7342105263157894,0.7361990950226245,0.7418924922256774,0.717090584560464,0.6986800182066454,0.6795505617977529,0.6714031971580817,0.6681494661921709,0.6406109613656783,0.6272163120567376,0.6224066390041494,0.5868502887605509,0.5989208633093526,0.5756321839080459,0.5881834215167548,0.5413533834586466,0.5755555555555556,0.5698680018206645,0.5486048604860486,0.5549399815327793,0.562807331247206,0.5648312611012434,0.5584415584415584,0.5646900269541779,0.5756608933454876,0.5881818181818181,0.5949535192563081,0.6154186973859105,0.6245939675174014,0.6517571884984026,0.6326710816777041,0.6776523702031603,0.6941015089163237,0.6924769027716674,0.7018633540372671,0.7239208633093526,0.7456179775280899,0.7396061269146609,0.7496751840623647,0.7457475380483438,0.7652705061082025,0.7692640692640693,0.7682088868529546,0.7718424626527841,0.7650852141870106,0.7815826006478482,0.7758221398795738,0.7783318223028105,0.7661713286713286,0.7554222427318874,0.731935771632471,0.7181656277827249,0.7146098003629764,0.6992345790184602,0.6690712353471596,0.6625570776255708,0.6713286713286714,0.6464367816091954,0.6417910447761194,0.6054925893635571,0.6169922762380736,0.5985015425297487,0.576188360728565,0.5755395683453237,0.5724956063268892,0.5753914988814318,0.5616498464238702,0.5428571428571428,0.5539083557951483
0.5189816882536846,0.5437330928764653,0.5313339301700984,0.5358114233907525,0.5410138248847927,0.5522522522522523,0.5604873803307223,0.585387323943662,0.5795607350963693,0.5971520440973818,0.6086956521739131,0.610989010989011,0.6516431924882629,0.6621265377855887,0.6621315192743764,0.6770013882461823,0.6929590017825312,0.7153024911032029,0.7286052009456265,0.7257304429783223,0.7377938517179023,0.7430865298840321,0.7606074140241179,0.7523260965883917,0.7469443186962427,0.7707473635946813,0.7662218131615278,0.7421805183199285,0.7423561151079137,0.7376760563380281,0.7297171998145573,0.7210128831630387,0.7192660550458716,0.696236559139785,0.6921667430142007,0.6602764155149353,0.6700665188470066,0.631367292225201,0.6159853008727607,0.6234817813765182,0.6140969162995594,0.5822841726618705,0.568,0.5734767025089605,0.5590200445434298,0.512087912087912,0.541743119266055,0.5149976926626673,0.5115620575743275,0.5339168490153173,0.5114335971855761,0.5379278445883441,0.5358126721763086,0.516994633273703,0.5521640091116173,0.5602575896964122,0.5488138686131386,0.5481152993348115,0.58673240699238,0.5877437325905293,0.6220767072029935,0.6220646876384581,0.6672819566220581,0.6529574861367837,0.6765765765765765,0.6911247803163445,0.7051108095884215,0.7256756756756757,0.7278509768287142,0.7335480901978831,0.7437275985663082,0.7534737785746302,0.7436469014712439,0.7712177121771218,0.7829977628635347,0.7656675749318801,0.7598920863309353,0.7732478240952817,0.7546419098143236,0.7261146496815286,0.7297900848593122,0.7231588287488908,0.7122171945701358,0.681757656458056,0.6999101527403414,0.6555919513336453,0.6544696618805003,0.6233705772811918,0.6366095581605049,0.6002609830361026,0.5981182795698925,0.5960413855150697,0.5471014492753623,0.5588768115942029,0.5211397058823529,0.5380009212344542,0.5308359981726816,0.5245009074410163,0.5295414462081128,0.5396607060981201
0.5042773525438992,0.5040394973070018,0.5103478643769265,0.5018214936247724,0.5186182144459399,0.5068807339449541,0.5187728937728938,0.5411925352753755,0.5422379478107032,0.5745958429561201,0.5864864864864865,0.5942533739660427,0.6294014084507042,0.6393884892086331,0.6348241424229266,0.6677494199535963,0.6786034019695614,0.6769650159018628,0.705305394560856,0.7203856749311295,0.7148856742883808,0.7316421895861148,0.7442922374429224,0.7389575971731449,0.745793542519327,0.7344890510948905,0.7477937761263354,0.7422319474835887,0.7394653375623018,0.7239042024401265,0.7323759791122716,0.6978646069968196,0.7049105094079853,0.6691042047531993,0.6625713032031593,0.6539315859617948,0.6410371032632991,0.6328056288478452,0.5728461885430762,0.5840626439428834,0.5758826226501604,0.5434198746642793,0.5482416591523895,0.5180722891566265,0.5154593639575972,0.5140997830802603,0.4970360237118103,0.496309963099631,0.5100273473108478,0.48596014492753625,0.4650112866817156,0.4708045977011494,0.48969534050179214,0.5051789077212806,0.5152466367713004,0.5110913930789707,0.5288288288288289,0.5355535553555355,0.5631672597864769,0.5774021352313167,0.5811051693404634,0.6125394677492106,0.6161116111611161,0.632333184057322,0.6575704225352113,0.6601248884924175,0.6706349206349206,0.7029117379435851,0.7137648131267093,0.7377938517179023,0.7069046500704557,0.7168458781362007,0.7301006404391582,0.7271448663853727,0.7526690391459074,0.7513812154696132,0.7493333333333333,0.7471985656656208,0.7278208440999139,0.7281553398058253,0.7231121281464531,0.7074255224544241,0.6923076923076923,0.6694653115333628,0.6770551038843722,0.6416893732970027,0.6391382405745063,0.6014905743095134,0.5947467166979362,0.579273693534101,0.5997375328083989,0.5304039059032402,0.5334841628959276,0.5087800369685767,0.51,0.4847142224191405,0.5134420449537241,0.4823529411764706,0.5022644927536232,0.4798890429958391
0.454627539503386,0.4649006622516556,0.4606639381537062,0.4835164835164835,0.48055919615552645,0.48848987108655617,0.4872021182700794,0.5053216103655715,0.5305015815634885,0.5270935960591133,0.5523685354193829,0.5673076923076923,0.5886990801576872,0.6017977528089887,0.6225225225225225,0.6289592760180995,0.6721687299403943,0.666049953746531,0.6869009584664537,0.6936308693630869,0.7146047342563644,0.7161515019590771,0.7194371152154794,0.734284440481498,0.7285129604365621,0.7370535714285714,0.7155094679891795,0.7525681107637338,0.7167985927880387,0.7169468423443889,0.6855511638120334,0.6900638103919782,0.6696997270245678,0.6594104308390023,0.6333930170098478,0.6259897531439218,0.6148113646949231,0.606491774121832,0.5669603524229075,0.5829922692132787,0.5410279531109107,0.5218360071301248,0.5175834084761046,0.4947136563876652,0.49886000911992706,0.4785417628057222,0.4718341595313204,0.4593850390087196,0.46748522055479763,0.45258426966292137,0.4655493482309125,0.4555757026291931,0.4548596112311015,0.49105914718019256,0.486013986013986,0.48459133541759714,0.4955476402493321,0.5221318879855466,0.5220883534136547,0.5496598639455782,0.583597643860444,0.5796766743648961,0.5845521023765996,0.616432137993645,0.6241610738255033,0.6287371709058456,0.6783468104222821,0.6759504862953138,0.6949304620906236,0.7131529850746269,0.7049931287219423,0.7100563909774437,0.7213973799126637,0.7309124767225326,0.7423835125448028,0.7470694319206492,0.7310657596371882,0.718018018018018,0.7193211488250653,0.7059633027522936,0.6953405017921147,0.6914755517092168,0.6632379248658319,0.6555755395683454,0.6218861209964412,0.6232018561484919,0.5988346033168983,0.5841325196163906,0.5786618444846293,0.5667415730337079,0.5568752855185016,0.5124041497519171,0.49684968496849685,0.5025593299208935,0.49569160997732425,0.4812332439678284,0.4715984147952444,0.47179253867151955,0.45450490633363066,0.47249334516415264
0.422103861517976,0.4413509812870835,0.44494584837545126,0.41712204007285975,0.41913123844731975,0.4666966696669667,0.4713758079409049,0.4931263858093126,0.4977718360071301,0.5363844393592677,0.5177272727272727,0.5517705064993277,0.5497545738509594,0.5868102288021534,0.6001846722068329,0.6257389722601182,0.6281879194630873,0.6720629047178538,0.6575401999130812,0.6800535475234271,0.6851272889682894,0.7032967032967034,0.7012391005048187,0.7242000901306895,0.7172113289760349,0.7194851309365291,0.6964129483814523,0.7014595311808934,0.7185682326621924,0.688819039066008,0.6812749003984063,0.6653577661431065,0.6365288505224898,0.6485260770975056,0.629646017699115,0.6018264840182649,0.6037820801440792,0.5836810384793695,0.5595809690091663,0.5171296296296296,0.5197100135931129,0.5091911764705882,0.5040322580645161,0.480658070253446,0.46827651515151514,0.4454291044776119,0.43875278396436523,0.45348314606741574,0.43374060150375937,0.4259090909090909,0.4429347826086957,0.41812471960520414,0.4382770870337478,0.463515374024782,0.4374152733845459,0.45029505220154337,0.4629963898916967,0.4928762243989314,0.4833255049318929,0.5324790101634997,0.5207207207207207,0.5840035746201966,0.5712377560106857,0.5983863738233975,0.6183664051684357,0.6167420814479638,0.6466335291459557,0.6736607142857143,0.6762979683972912,0.6933567971843378,0.6907630522088354,0.6966993755575379,0.6932599724896836,0.7044444444444444,0.7100135931128229,0.7061762034514079,0.7147252747252747,0.6920691182986265,0.7053773158608224,0.6955156950672646,0.6775229357798165,0.6641559592379265,0.6623142728500675,0.6439461883408072,0.6213548676536563,0.5976754582029504,0.6003616636528029,0.573126142595978,0.5588768115942029,0.5331258337038683,0.5073260073260073,0.4955476402493321,0.4717330861909175,0.45943562610229277,0.45518763796909495,0.4504950495049505,0.45077951002227173,0.44357798165137613,0.4303334856098675,0.41905208822149226
0.4020427112349118,0.4033273381294964,0.41725978647686834,0.42374388617163183,0.4199546485260771,0.4198819791193827,0.4405563032750112,0.4673664993153811,0.48032564450474896,0.5147642133098281,0.48954332052923605,0.5191183085919928,0.5422953818015547,0.5505720823798627,0.5816605839416058,0.6018808777429467,0.6182401466544455,0.6199728874830547,0.6702222222222223,0.6622264509990485,0.6690647482014388,0.6826430898092136,0.6964618249534451,0.6805301645338209,0.6953997320232247,0.6929170549860205,0.6931616341030196,0.6922030825022666,0.7028130671506352,0.6921700223713646,0.6672661870503597,0.6678798908098271,0.6300417246175244,0.6165548098434005,0.6005904681568959,0.5803131991051454,0.566696113074205,0.5501330967169477,0.536330608537693,0.5174129353233831,0.4961968680089485,0.4744852282900627,0.4713460684140382,0.4466983167889512,0.42554151624548736,0.4193832599118943,0.3958790004384042,0.4160919540229885,0.38757932910244786,0.3935309973045822,0.3914272256241168,0.4097926775474195,0.3977220956719818,0.39805825242718446,0.42414578587699314,0.4257288292457196,0.44885083370887785,0.45147123407992973,0.4821264894592117,0.48405927256398745,0.5064456721915286,0.5433499773036768,0.5410497981157469,0.5780896333182436,0.5989894350022967,0.6084583901773534,0.6157283288650581,0.6450157870996842,0.6510580819450698,0.6589882565492322,0.6666666666666666,0.6787823716492504,0.6966546112115732,0.7074517019319227,0.6947557149260422,0.6782490974729242,0.6810540663334848,0.6847590099869735,0.6675639300134589,0.6872710622710623,0.6671302735280482,0.6350667280257708,0.6444444444444445,0.6193258426966292,0.6002734731084777,0.5784447476125512,0.5520282186948854,0.5447795823665893,0.5340909090909091,0.4979498861047836,0.48665480427046265,0.48043184885290147,0.4548736462093863,0.44302059496567503,0.42736644798500467,0.40502793296089384,0.4224895881536326,0.410437859354268,0.4043030031376065,0.3801540552786588
0.37702053298383575,0.3710040522287258,0.37569316081330867,0.378827646544182,0.3639359698681733,0.4101174345076784,0.40605239385727193,0.42318181818181816,0.4233958969882147,0.461404273877017,0.4775381850853549,0.469050894085282,0.5347786811201445,0.5478651685393259,0.5450762829403606,0.5814880425155005,0.5969738651994498,0.6019462465245597,0.6356979405034325,0.6478241363840287,0.647589004055881,0.6648224988473951,0.6600177304964538,0.6855078623034424,0.6872389791183294,0.6741316270566727,0.6808142052836725,0.6497737556561086,0.6535745807590467,0.6634123663412367,0.6412852112676056,0.6201834862385321,0.6242424242424243,0.603655818100758,0.6055253623188406,0.5786892554614356,0.5373616236162362,0.5393061045234958,0.516829052258636,0.47956403269754766,0.4781263809102961,0.44181818181818183,0.41903019213174747,0.4167424931756142,0.40252707581227437,0.39533799533799535,0.37545620437956206,0.3734513274336283,0.37355298308103296,0.3822304488662656,0.3518104604380867,0.35839711841512834,0.3724584103512015,0.3902771467514766,0.3831227436823105,0.37339449541284403,0.41168539325842696,0.43462897526501765,0.4673144876325088,0.4683933274802458,0.4930957683741648,0.5009009009009009,0.5446507515473032,0.5389408099688473,0.5774966109353818,0.5923111309789897,0.6079674060660932,0.6147912885662432,0.6254528985507246,0.6693620844564241,0.6633119853613907,0.6610169491525424,0.6888690210102816,0.6788655077767612,0.6753130590339893,0.6910344827586207,0.6919304502897905,0.671082686158063,0.6694178974804518,0.6398190045248868,0.6354351687388987,0.6273095989184317,0.6245535714285714,0.5962280325760823,0.5724043715846995,0.5566914498141264,0.5356521739130434,0.525935949481281,0.48154735437972435,0.4642529789184235,0.4502262443438914,0.4546259406817176,0.4246575342465753,0.4201263537906137,0.3722297602894618,0.3775280898876405,0.38597265108072343,0.38953488372093026,0.3600896860986547,0.37755565651976375
0.3368469294225481,0.3408153916628493,0.35125284738041,0.36395759717314485,0.3700500682749203,0.38063364569388664,0.38180999549752365,0.3887133182844244,0.4191985909291061,0.45135135135135135,0.4458041958041958,0.4635618801207417,0.5040071237756011,0.5349354695149088,0.5265486725663717,0.5389755011135857,0.5674334686513306,0.6014591883264934,0.6187554776511832,0.6196542311191993,0.6348773841961853,0.651173285198556,0.659660107334526,0.6796594982078853,0.6593258426966292,0.6818181818181818,0.6597285067873303,0.657463734206832,0.6472196900638104,0.6541760722347629,0.6317991631799164,0.6260448746150462,0.6192825112107623,0.596136567834681,0.5894160583941606,0.5474452554744526,0.5262214253697893,0.5029585798816568,0.49550359712230213,0.4601063829787234,0.44866576209859793,0.4102104791759964,0.406380027739251,0.3960857409133271,0.36960431654676257,0.3667684256432621,0.35424187725631767,0.3497536945812808,0.3339317773788151,0.3274296094459582,0.33866666666666667,0.33560399636693916,0.33212669683257917,0.36061269146608316,0.3674803836094159,0.37472085752568113,0.38444142921754865,0.41069042316258353,0.4382744378155117,0.44543828264758495,0.4877606527651859,0.4873987398739874,0.501841620626151,0.5218207414359456,0.5377616014558689,0.55893536121673,0.5836363636363636,0.5948158253751705,0.6172120125504258,0.6206428248076052,0.6361566484517304,0.6424632352941176,0.6691042047531993,0.6666666666666666,0.6721677074041035,0.6723366159355416,0.6599726152441807,0.6542404473438956,0.6198581560283688,0.6535008976660682,0.6451187335092349,0.6096671226630187,0.6010614772224679,0.5558139534883721,0.550755939524838,0.5235975066785397,0.5211958946898706,0.5004508566275925,0.47820224719101123,0.4522918615528531,0.44229035166816955,0.41047448522829005,0.41480446927374304,0.38306636155606405,0.38262806236080177,0.373015873015873,0.3388245770258237,0.3380719680142159,0.3293838862559242,0.320704845814978
0.3067512460353421,0.3020282186948854,0.32472826086956524,0.3099284436493739,0.320294523699954,0.35291459557162225,0.33287419651056016,0.3815261044176707,0.3850732600732601,0.39524647887323944,0.4444444444444444,0.4580759046778464,0.4854099119962946,0.4930747922437673,0.5126669737448181,0.5510204081632653,0.5399820305480683,0.5795053003533569,0.5869565217391305,0.5919566199728875,0.6391046139789859,0.6247747747747747,0.6563758389261745,0.6376417233560091,0.6623853211009174,0.6550618415025194,0.661978021978022,0.647140221402214,0.6379613356766256,0.6080898876404495,0.6272241992882562,0.6197576887232059,0.5917553191489362,0.585377358490566,0.5452029520295203,0.5231818181818182,0.5004570383912249,0.4890646812470917,0.46386630532971995,0.4477152899824253,0.42166517457475383,0.3927255985267035,0.3731868131868132,0.3752924660739354,0.35008818342151676,0.347136563876652,0.3161987041036717,0.3093065693430657,0.31103234381922906,0.29589535408209294,0.30513176144244103,0.3088713423130516,0.3070058009817046,0.3456845910528694,0.3317008014247551,0.34653024911032027,0.3574580759046778,0.39300134589502017,0.3890632003585836,0.4152503445107947,0.4363143631436314,0.4583710407239819,0.48464007336084364,0.511384335154827,0.5265099124020286,0.5377574370709383,0.5887096774193549,0.5810258738084431,0.6094727435210009,0.6186556927297668,0.6244364292155095,0.63564875491481,0.6195502524093621,0.6403429602888087,0.6379848417298262,0.6561631139944393,0.6470058532192706,0.6364044943820225,0.6426332288401254,0.624537037037037,0.6135957066189625,0.5890909090909091,0.5809393524851801,0.5779074988774136,0.5177777777777778,0.5084745762711864,0.5167441860465116,0.47614840989399293,0.4402372262773723,0.4200641319285387,0.40505767524401065,0.38834519572953735,0.390625,0.360912343470483,0.3401453224341508,0.33848953594176523,0.3052007299270073,0.3033969288040949,0.305531167690957,0.3144908030506954
0.28149779735682817,0.2783040144339197,0.2878787878787879,0.2832292595896521,0.27737556561085974,0.3146915224145584,0.2991913746630728,0.33225806451612905,0.3645409317051108,0.40309713749413423,0.40689346463742165,0.43946188340807174,0.4505592841163311,0.4788732394366197,0.4947043248014122,0.5077399380804953,0.5315555555555556,0.575089928057554,0.574274577739281,0.6040449438202247,0.6051044083526682,0.6187845303867403,0.6472937000887311,0.6332720588235294,0.6308035714285715,0.6266306792622582,0.6426724137931035,0.6311366651923928,0.6193490054249547,0.6184844502847131,0.6161616161616161,0.5778375953342306,0.5611510791366906,0.5481345002303086,0.5138071525577185,0.5129348795718108,0.49185667752442996,0.46906537955243527,0.4481680071492404,0.41382365972529905,0.3924162257495591,0.378961874138723,0.34189548272807796,0.34384717903154155,0.33879781420765026,0.3193238921882138,0.30212177121771217,0.2818515123739688,0.2822003577817531,0.2914364640883978,0.2652970075926753,0.280053428317008,0.2975871313672922,0.3073770491803279,0.31672760511882997,0.3359055832955061,0.34117144078666095,0.3522878720568636,0.38099467140319715,0.39118942731277534,0.4092769440654843,0.4376387039502885,0.4430436740207114,0.4986376021798365,0.5123287671232877,0.5426997245179064,0.5540838852097131,0.5852555404794211,0.5899094437257438,0.6037651277454057,0.6277210128831631,0.627589246364037,0.6264642082429501,0.6525534701003929,0.6334862385321101,0.6420160150730099,0.6170500676589986,0.6259025270758123,0.6194096601073346,0.6180717279925477,0.5976438604440417,0.5672461116193962,0.5672905525846702,0.5467160037002775,0.5253784505788067,0.524538496172895,0.47692307692307695,0.45177434030937214,0.425,0.39790337283500454,0.37119113573407203,0.38627992633517494,0.3419758605274922,0.32112550245645377,0.3301060396496081,0.29041095890410956,0.29672358098754037,0.28994082840236685,0.2805567638103523,0.28347143480157
0.2542299349240781,0.24206349206349206,0.25785876993166285,0.26119402985074625,0.25988960441582337,0.2829861111111111,0.30579584775086505,0.3271744028841821,0.3391705069124424,0.3722692822113241,0.3817204301075269,0.41921005385996407,0.4243493603881782,0.4418394950405771,0.47168970129291127,0.5099188458070334,0.5250805338242062,0.5481247175779485,0.5596085409252669,0.5763169743358847,0.600634632819583,0.6046613896218118,0.6143641354071363,0.6194531600179292,0.6113699906803355,0.6152482269503546,0.6161988034974689,0.6175422974176313,0.6059204440333025,0.6005639097744361,0.5809859154929577,0.5607094133697135,0.5343580470162749,0.5392762577228597,0.5203215721304154,0.48480786416443256,0.44810690423162586,0.42657992565055763,0.40862605602489993,0.4057649667405765,0.35846501128668173,0.3457519309404816,0.32433628318584073,0.31078131820165866,0.3047530288909599,0.29020824102791315,0.26287744227353466,0.24599175446633073,0.2518847006651885,0.2603632976245924,0.24184175234689317,0.2658638258452988,0.26866338846669646,0.27101123595505616,0.28027522935779814,0.2905156537753223,0.309024612579763,0.3215271389144434,0.36109880372175457,0.3736749116607774,0.380653828929691,0.4160682226211849,0.44359892569382275,0.46246524559777574,0.496309963099631,0.5179420665801989,0.530693950177936,0.54673721340388,0.5786542923433875,0.5846221829429961,0.6063268892794376,0.6234234234234234,0.6059806508355321,0.6234234234234234,0.623182018510357,0.6294439380127621,0.6192393736017897,0.6077526534379326,0.6108861898335582,0.5930944055944056,0.5911751463304817,0.573928258967629,0.5433179723502304,0.5129017655047533,0.496415770609319,0.4692885550154662,0.4620340543028072,0.4565619223659889,0.41460176991150444,0.38587699316628704,0.35949145111793074,0.31494661921708184,0.3277119416590702,0.3086092715231788,0.2945326278659612,0.27382012466607303,0.26369075011504833,0.25407608695652173,0.24402345511953089,0.2533632286995516
0.22,0.22334096109839818,0.23867595818815332,0.22956677087985708,0.2535599448782728,0.25291479820627805,0.2783040144339197,0.28184991273996507,0.31862745098039214,0.34279379157427936,0.3353819139596137,0.3783783783783784,0.398324802233597,0.4298323036187114,0.4541465555068012,0.48433179723502306,0.49106344950848974,0.5388107126645484,0.5419440745672437,0.5570316078790655,0.56,0.5925925925925926,0.6,0.5993856954804739,0.6148282097649186,0.6105308964316797,0.6129032258064516,0.6094096759875721,0.5851818988464951,0.5727314181486548,0.5685144124168514,0.5564516129032258,0.5330540037243948,0.5019973368841545,0.46552501126633616,0.4874256973022405,0.43245693563009974,0.4206773618538324,0.39308462238398545,0.36591928251121075,0.34181169120928157,0.32562125107112255,0.2923219241443108,0.2977553825011452,0.26042133572389065,0.25442764578833693,0.24106324472960586,0.2208642514185945,0.22658340767172166,0.22692822113241196,0.22525439407955597,0.23497016980266178,0.22136713444997735,0.22939068100358423,0.2580357142857143,0.2570518653321201,0.28264604810996563,0.3046028880866426,0.3358208955223881,0.3361952101220063,0.3581353653070372,0.39852057327785484,0.4330889092575619,0.4664279319606088,0.4796420581655481,0.4884686346863469,0.5028953229398664,0.5446182152713891,0.5669824086603519,0.5737919024814976,0.5937360178970917,0.6079494128274616,0.608210620258813,0.6045987376014428,0.6013363028953229,0.6153504880212954,0.5896162528216704,0.594293357111012,0.579443447037702,0.5746606334841629,0.5822041553748871,0.5549883990719258,0.5149014213663458,0.4895264116575592,0.4760180995475113,0.46026044005388417,0.4490803050695379,0.39526411657559196,0.38522777532065455,0.36192660550458716,0.3444741532976827,0.31073703366697,0.2972972972972973,0.2612488521579431,0.25415129151291516,0.2311191992720655,0.23640552995391706,0.23013100436681222,0.23227819884083817,0.21419068736141908
0.19651056014692378,0.21300448430493274,0.20516243880729862,0.22122704881325572,0.23716814159292035,0.23902439024390243,0.27164835164835166,0.26496519721577727,0.2910076818798012,0.31936479929422146,0.34627539503386007,0.34326306141154905,0.39893143365983974,0.4222707423580786,0.43225233229675697,0.47564216120460584,0.4866429207479964,0.5081154192966637,0.5490892936472679,0.575387505871301,0.5624716038164471,0.5885509838998211,0.5929871282734133,0.6016799292661361,0.6028770706190061,0.5954545454545455,0.6052031036056595,0.5882079851439183,0.5590200445434298,0.5857531760435571,0.5322153574580759,0.5467980295566502,0.5388437217705511,0.4905913978494624,0.4786286731967943,0.44680851063829785,0.4039408866995074,0.40234551195308976,0.39013035381750466,0.3538740371545084,0.33973479652492,0.2910244786944696,0.27996422182468694,0.2395693135935397,0.2406982085438677,0.22934158197083518,0.21438142027690935,0.2164144887666208,0.2080772607550483,0.21309255079006773,0.1948810058374495,0.20989836500220946,0.20588235294117646,0.2121876370013152,0.23813910640257946,0.24838112858464384,0.2798226164079823,0.27248441674087265,0.2991913746630728,0.3385899814471243,0.351423487544484,0.37876802096985585,0.3977426636568849,0.42882801975752133,0.4520123839009288,0.46492805755395683,0.4947043248014122,0.5250999555752999,0.5295978309986443,0.5548274355613805,0.5566966195977749,0.571875,0.5926424405563033,0.5985790408525755,0.6049601417183348,0.5960568546538285,0.6137071651090342,0.5970744680851063,0.5911131059245961,0.5625823451910409,0.5533894550287993,0.5148514851485149,0.5116383169203222,0.4907570422535211,0.46077097505668935,0.43442992338891395,0.4161043634727845,0.4029038112522686,0.3714153561517114,0.3467153284671533,0.3137166138524219,0.2993288590604027,0.2689844464775846,0.2538253825382538,0.21466666666666667,0.23098201936376211,0.2050711743772242,0.20669642857142856,0.21381434227892654,0.21370235934664247
0.1706546275395034,0.18047882136279927,0.1851179673321234,0.17465293327362294,0.19230769230769232,0.21045392022008252,0.2226148409893993,0.24696356275303644,0.2647189021691014,0.2873616236162362,0.31932021466905186,0.35926258992805754,0.35594713656387666,0.3977849561605907,0.43006993006993005,0.4453197405004634,0.49159472966833256,0.5015815634884772,0.5157942238267148,0.5363440860215054,0.5637432188065099,0.5584295612009238,0.5591689250225835,0.5897895208240036,0.5870824053452116,0.5997316636851521,0.5961705831157529,0.592391304347826,0.5554047942107644,0.5468678555098309,0.5385300668151448,0.5167935512763099,0.508952551477171,0.46338155515370705,0.43670048522276134,0.40044345898004435,0.4087527352297593,0.38629142078983203,0.35724137931034483,0.3406445837063563,0.30708661417322836,0.282519397535372,0.2603978300180832,0.24155483572420175,0.2019099590723056,0.206927575348628,0.18958611481975968,0.20239741816505302,0.18391304347826087,0.17111815301041194,0.15871559633027524,0.18095238095238095,0.1807810443176832,0.19479311947931194,0.21882035119315624,0.21227503461006,0.2376902417188899,0.2524977293369664,0.3,0.32565492321589884,0.3556581986143187,0.36391982182628063,0.38896615669911916,0.4136657433056325,0.4322111010009099,0.46550936500685247,0.466696074106749,0.4963091619626574,0.5180400890868597,0.5332422586520947,0.5364001786511836,0.5678733031674208,0.5816186556927297,0.5801594331266607,0.5906642728904847,0.5876146788990826,0.5711150131694469,0.5498871331828442,0.573170731707317,0.5390417036379769,0.5294117647058824,0.5192218619731357,0.486462494451842,0.46946216955332726,0.43955555555555553,0.40405822673136305,0.4003733084461036,0.3652668416447944,0.34335154826958103,0.3280399274047187,0.2872903795233892,0.27598566308243727,0.23386004514672687,0.22217214961694456,0.20730058584948174,0.20456580125335722,0.17488584474885846,0.181859410430839,0.17840805123513268,0.17293906810035842
0.15002239140170176,0.14960991280403854,0.1460823373173971,0.1667423898228078,0.17906458797327393,0.20902394106813996,0.20159503766061143,0.20763087843833186,0.25200356188780054,0.269589552238806,0.29071332436069985,0.3279334500875657,0.34502923976608185,0.3939105613701237,0.4128822984244671,0.43660714285714286,0.4268456375838926,0.4803611738148984,0.49183303085299457,0.5259159964253798,0.5643699002719855,0.5428696412948382,0.5661896243291592,0.5468680586406042,0.5754263226934849,0.5959367945823928,0.5681517423908249,0.5759351059035601,0.5648648648648649,0.5623365300784655,0.530820399113082,0.5089605734767025,0.47568523430592397,0.4752650176678445,0.43094916779127307,0.42680695333943275,0.39186773905272565,0.3720410897722197,0.33717834960070986,0.3090497737556561,0.28427326914259515,0.2561756633119854,0.24220837043633126,0.21054984354045597,0.2026654411764706,0.1796839729119639,0.1745262230057294,0.17644575770367243,0.16195603409600717,0.14920774647887325,0.13936972924988902,0.1349527665317139,0.15218370103556955,0.17041800643086816,0.1894112277498859,0.20257826887661143,0.21761416589002797,0.21758839528558477,0.2679824561403509,0.297765617875057,0.3273891175125743,0.3486323597589244,0.36633211678832117,0.4050179211469534,0.4196706720071206,0.43873517786561267,0.47333627148523577,0.4968268359020852,0.5210456357997342,0.5117308543603364,0.5545536519386834,0.549910071942446,0.57999098693105,0.5651183970856102,0.5757042253521126,0.5786219081272085,0.5897204688908927,0.559576345984113,0.5486765365634814,0.5492700729927007,0.5042735042735043,0.4933510638297872,0.4867549668874172,0.4642042863657091,0.43255004351610093,0.38293216630196936,0.38375224416517056,0.36714089031665903,0.3193504736129905,0.2941988950276243,0.27248322147651005,0.24197195838986885,0.2316689158794422,0.18405988551298988,0.20619469026548673,0.19095022624434388,0.17348314606741572,0.14692787177203917,0.1599273057701045,0.14823107926556203
0.12189716312056738,0.12904676258992806,0.1198054818744474,0.15009293680297398,0.15309301290609703,0.17115027829313545,0.19741532976827095,0.20794701986754968,0.21610738255033557,0.2449977767896843,0.2914260328742781,0.30493883099229724,0.3287981859410431,0.37092511013215856,0.40452930728241565,0.415665331553182,0.43447037701974867,0.4540152534768955,0.48642533936651583,0.5111111111111111,0.5250574712643679,0.5440210249671484,0.5298405466970387,0.5476402493321461,0.5728155339805825,0.5609430604982206,0.5576140985088116,0.5465517241379311,0.5333947489636113,0.5131578947368421,0.5162006213936973,0.49044868947134607,0.4825964252116651,0.4532150776053215,0.4117647058823529,0.4112271540469974,0.40159928920479787,0.35392475615420343,0.3350068461889548,0.29260595130748424,0.25499092558983666,0.2545871559633027,0.21586300135196035,0.1905393457117595,0.17959001782531195,0.153576129881527,0.15463917525773196,0.13546910755148742,0.130550621669627,0.1319596668128014,0.13096309630963096,0.12964601769911505,0.13829301688726608,0.14970865082922458,0.15958873491282968,0.18297101449275363,0.20526550647032574,0.2069756769160165,0.2399639152007217,0.2655693950177936,0.29641255605381167,0.308529945553539,0.3394579696830501,0.36404094348019583,0.4042850489054495,0.42869915064818953,0.462472885032538,0.4844664565511031,0.5002215330084182,0.5171353251318102,0.5359240849525531,0.5273815002300967,0.552643470402169,0.5652173913043478,0.5522526706920576,0.5652173913043478,0.5524412296564195,0.5408256880733945,0.5411081322609472,0.5314622000905387,0.5117289313640313,0.48469620831429877,0.46755555555555556,0.42752293577981654,0.4085477941176471,0.40323304894476875,0.3807624113475177,0.3343820224719101,0.29924745462594066,0.28040689960194604,0.259763851044505,0.23246581385090428,0.20633484162895926,0.18294849023090587,0.1756161971830986,0.15275229357798165,0.1503178928247048,0.12835685025034138,0.13608695652173913,0.12448886869604725
0.10791685095090668,0.10270270270270271,0.11354492624050067,0.11120917917034422,0.13746630727762804,0.16913687881429817,0.18834688346883469,0.18541300527240773,0.19964189794091317,0.25368468066100935,0.2694323144104803,0.2899910634495085,0.3087494273934952,0.3593327321911632,0.37750455373406194,0.4043497558810475,0.41268382352941174,0.4539823008849557,0.4979386165826844,0.5025833724753406,0.5031138790035588,0.5151515151515151,0.5418541854185418,0.551739719837325,0.5521978021978022,0.5459584295612009,0.5545657015590201,0.5312640575798471,0.5298013245033113,0.5132227700582699,0.5120399818264425,0.4882032667876588,0.46361940298507465,0.4498876404494382,0.42014519056261346,0.38517179023508136,0.36565836298932386,0.3358313817330211,0.30951297223486574,0.27048054919908465,0.24660633484162897,0.21796028880866425,0.2146430195543429,0.1797193300135808,0.15554532903819604,0.14259681093394078,0.11442786069651742,0.1171003717472119,0.12233801540552787,0.11737943585077343,0.10981098109810981,0.10719071013845467,0.10984682713347921,0.1297423887587822,0.14468279324509356,0.15926424405563033,0.1640909090909091,0.19115676641357748,0.22032332563510393,0.2557829181494662,0.28900138057984354,0.31643835616438354,0.3157894736842105,0.3619990995047276,0.4036251105216622,0.3872146118721461,0.4420387911592242,0.4693971468016567,0.502770083102493,0.512854609929078,0.5153203342618384,0.5331201461854728,0.5519450800915332,0.5493204734765453,0.5604243542435424,0.5589675122385402,0.5425867507886435,0.5541284403669725,0.5213291423439604,0.5228817399184413,0.5116681071737251,0.4648506151142355,0.47005444646098005,0.44662921348314605,0.3982022471910112,0.3698198198198198,0.3582485625829279,0.32170212765957445,0.2772887323943662,0.2559576345984113,0.24513794663048394,0.20308844174075807,0.1929902395740905,0.16224862888482633,0.1551270815074496,0.1410488245931284,0.1254416961130742,0.11257376305038584,0.10884668828161186,0.11893095768374165
0.0915269596737653,0.0874141876430206,0.09503940658321743,0.10825439783491204,0.12668213457076566,0.13927451858486342,0.15363128491620112,0.1622111463525147,0.19218390804597701,0.2296227293898463,0.2482174688057041,0.27578268876611417,0.31193078324225865,0.33527566113850293,0.3444800732936326,0.3736913973600364,0.41895604395604397,0.44988864142538976,0.4642226148409894,0.49495875343721357,0.5022665457842248,0.5254629629629629,0.523851590106007,0.5315478892419429,0.5415720127214902,0.5529463890119628,0.5388739946380697,0.5276018099547511,0.5290957923008057,0.5215201465201466,0.47687996263428306,0.4753717472118959,0.4566170026292726,0.44728577837595335,0.39449954914337243,0.38591050066459903,0.33651659845384263,0.3380406001765225,0.3043676069153776,0.26687251874724305,0.22612612612612612,0.20276292335115864,0.1792717086834734,0.16795532646048109,0.13518273888154997,0.12268831754623365,0.11543747136967476,0.10659676714722587,0.08771929824561403,0.0933452434122376,0.09721588315837518,0.08789752650176678,0.10663082437275985,0.11211573236889692,0.11980108499095841,0.14658547194432361,0.1667403803626714,0.17871948410870567,0.20308950477055884,0.23715944618133095,0.2668488160291439,0.30857933579335795,0.32410349523377213,0.3542830540037244,0.38029465930018413,0.41116526362428,0.44484304932735425,0.4667287110283853,0.48801447308909995,0.4886312973695943,0.5151515151515151,0.514489522960321,0.5446827524575514,0.539827036868457,0.5420054200542005,0.5401262398557258,0.5465753424657535,0.5422974176313446,0.5238301559792028,0.4925305568130376,0.5084745762711864,0.45121951219512196,0.42332123411978223,0.42436235708003517,0.38243366880146384,0.3806275579809004,0.32555066079295153,0.3007723761926397,0.2827868852459016,0.24501550731058927,0.21770880876312187,0.1965998256320837,0.1518348623853211,0.1577757685352622,0.12892938496583142,0.12471859522737505,0.11398040961709706,0.08820840950639854,0.08375056895766955,0.09336384439359267
0.07717340771734077,0.07149404216315307,0.07475813544415127,0.09025270758122744,0.0968478757423481,0.1181030551755586,0.14376996805111822,0.15195167286245354,0.17122040072859745,0.2070063694267516,0.23168056164984643,0.2757999098693105,0.2979683972911964,0.3180987202925046,0.351288056206089,0.374777183600713,0.41306266548984993,0.42580935251798563,0.46108861898335585,0.4855985598559856,0.4997713763145862,0.511554145899411,0.5125973431058177,0.5304740406320542,0.5380554333479982,0.5399907535829865,0.5451263537906137,0.523320895522388,0.5204034846400734,0.49261083743842365,0.4763636363636364,0.4684400360685302,0.452445652173913,0.4116575591985428,0.3848987108655617,0.35799086757990867,0.33147890588780715,0.3061415846225973,0.289438202247191,0.23665564478034956,0.21906052393857273,0.19513274336283185,0.1701008329679965,0.15452151009657594,0.12562358276643992,0.11327762302692665,0.08816811329374144,0.09344115004492363,0.07275953859804792,0.07478340173278614,0.06807727690892364,0.06605504587155964,0.08206958073148975,0.08288530465949821,0.10486725663716814,0.11293908403734994,0.14603174603174604,0.17166979362101314,0.1986206896551724,0.22576301615798922,0.24616771866546439,0.2943278249218401,0.3151837096060204,0.3203443588581785,0.34309240622140896,0.3959367945823928,0.43245693563009974,0.4296733212341198,0.4750349976668222,0.4692556634304207,0.4894592117323556,0.5129604365620737,0.5347523892267594,0.5359066427289049,0.5211711711711712,0.5492643780650914,0.5329695316052752,0.5165622202327663,0.517992003553976,0.515632291180588,0.4818629646215853,0.4403052064631957,0.43659499780605526,0.43370165745856354,0.3841655420602789,0.37084870848708484,0.34189548272807796,0.29247408742676884,0.2687640449438202,0.24,0.2100646352723915,0.17826284674852205,0.15940727436012572,0.1371191135734072,0.12309074573225516,0.09493954321540528,0.08276489313324238,0.06898148148148148,0.06871932173136992,0.0534045393858478
0.057950857672693555,0.058694699956197985,0.07146067415730337,0.07018328118015199,0.08184727937814358,0.10137614678899083,0.10989492119089317,0.1381668946648427,0.16084558823529413,0.18228678537956888,0.2314165497896213,0.26525929325378617,0.29045092838196285,0.3169662428759316,0.3484916704187303,0.372639336711193,0.40177736202058,0.4261565836298932,0.4381285526891124,0.4673144876325088,0.4783559247923043,0.5024830699774266,0.5144927536231884,0.5326370757180157,0.5201432408236347,0.5249883232134517,0.522461814914645,0.5198218262806236,0.5036463081130356,0.4890380313199105,0.4854147675478578,0.4306997742663657,0.4458426966292135,0.41865705272645337,0.37802097583219335,0.37267362687244665,0.31492932862190814,0.3010365029292474,0.2510993843447669,0.23790322580645162,0.21534195933456562,0.17738970588235295,0.16427289048473967,0.12843642611683848,0.10927743086529884,0.09636363636363636,0.07835990888382688,0.06143045195261079,0.05519053876478318,0.06357308584686774,0.04995617879053462,0.07106831728564879,0.07358916478555305,0.07942238267148015,0.0933456561922366,0.10614772224679346,0.1323980710214818,0.15015688032272523,0.17768780926675665,0.2067374250115367,0.234375,0.2719817767653758,0.29547471162378,0.3201814058956916,0.3605980650835532,0.38501971090670173,0.4115812917594655,0.45350957155879673,0.45846718678292797,0.4747382794720073,0.49713277459197175,0.5087483176312247,0.5381083562901745,0.5278658812868147,0.514959202175884,0.5252173913043479,0.5026761819803747,0.5336581045172719,0.49286043298019344,0.48716773602199814,0.4766743648960739,0.46220797068254693,0.418240442192538,0.39092575618698444,0.35020519835841313,0.32748538011695905,0.3191292264937471,0.27780279153534443,0.26783369803063456,0.23811639271434917,0.17861915367483297,0.16454545454545455,0.14627659574468085,0.11762034514078111,0.09804811620517476,0.08570139828597204,0.06775907883082374,0.057683839718185824,0.05115207373271889,0.05310129406514949
0.04416403785488959,0.04706927175843695,0.04954954954954955,0.0539568345323741,0.07692307692307693,0.08804744525547445,0.1048462255358807,0.1188118811881188,0.15782250686184812,0.16858407079646018,0.21499548328816623,0.23796671165092217,0.2624014835419564,0.2928540113985094,0.32857800276115967,0.3694327238631036,0.39243924392439244,0.4167420814479638,0.44600090375056484,0.46617238183503246,0.47342117219445706,0.4755877034358047,0.5219755323969189,0.5181190681622088,0.51599819738621,0.5381433823529411,0.5135256988277728,0.5064645563976817,0.49604916593503073,0.4879786286731968,0.4930875576036866,0.4621771217712177,0.42209631728045327,0.4006484483557202,0.37895212285456187,0.33212996389891697,0.3242876526458616,0.28420123565754635,0.253678109674543,0.22515025427646787,0.19522278364722095,0.1754862053369516,0.14124038026256225,0.11155734047300313,0.09017857142857143,0.07880676758682101,0.061930783242258654,0.0584144645340751,0.051537070524412296,0.049686660698299016,0.041278295605858856,0.05201048951048951,0.05327313769751693,0.06921348314606741,0.07395925597874226,0.09126466753585398,0.11471765228990663,0.14997713763145862,0.14929449248975876,0.20054446460980035,0.22120017520805957,0.2489025460930641,0.28045454545454546,0.30734767025089604,0.3651012891344383,0.3605879650895728,0.41401828471919894,0.4330396475770925,0.44640434192673,0.44302120141342755,0.48255813953488375,0.5172259507829977,0.5042773525438992,0.5066489361702128,0.526431718061674,0.519344560764679,0.5029266096352994,0.5079437131184749,0.4778919160339437,0.48494525547445255,0.46296296296296297,0.4301503094606543,0.4143897996357013,0.37720488466757124,0.3543271409152696,0.33567046450482035,0.3054945054945055,0.27239488117001825,0.24034926470588236,0.2182628062360802,0.17946388005452069,0.14751210920299426,0.1343680709534368,0.10181818181818182,0.08058124174372523,0.06669671022983326,0.05022421524663677,0.05329008341056534,0.04472984942426927,0.044444444444444446
0.034203420342034205,0.027777777777777776,0.031574199368516014,0.048504079782411606,0.0558891454965358,0.08117752007136485,0.0970873786407767,0.11274735388863323,0.14714845450587724,0.19163926726162517,0.19618781961878196,0.2108874656907594,0.2581211589113257,0.2761904761904762,0.32769652650822667,0.3481213218650973,0.38768948093706934,0.4096817570596145,0.4436997319034853,0.4481842338352524,0.46245969599263015,0.4805194805194805,0.5286103542234333,0.4868995633187773,0.5275661138502914,0.5173951828724354,0.5175517551755175,0.5165233137166139,0.511679153812252,0.48421520675855934,0.466786355475763,0.4477884176926585,0.42260553790285976,0.3872022419430173,0.36662228140257436,0.3346684468179795,0.31994928148774304,0.265158371040724,0.24748858447488584,0.2059874888293119,0.17028824833702882,0.1509263443289652,0.1306122448979592,0.09883720930232558,0.08725135623869801,0.06481058877225011,0.05960568546538285,0.04267487901451826,0.0379746835443038,0.03606853020739405,0.03218495013599275,0.03494623655913978,0.03794539565016196,0.05379310344827586,0.07275953859804792,0.0800736309249885,0.09886264216972879,0.15061837455830387,0.15229759299781181,0.1824953445065177,0.2036379769299024,0.24772313296903462,0.27488372093023256,0.31187472814267075,0.3451367099955177,0.36803983703033044,0.41041482789055606,0.40613879003558717,0.4371633752244165,0.4482444140446876,0.48151571164510165,0.5038830516217451,0.4913678618857902,0.5152857775808596,0.5274336283185841,0.49842555105713,0.5066179826563213,0.4984682713347921,0.4948268106162843,0.4770558836892322,0.4621886120996441,0.43466424682395643,0.3947606142728094,0.3776595744680851,0.3449508489722967,0.3286618444846293,0.3030440708768741,0.25604297224709044,0.21952316689158793,0.20234339792699413,0.19067405355494,0.1321971441731921,0.11647972389991372,0.09698848538529672,0.08179775280898877,0.05831435079726652,0.046161092793217146,0.03782080144079244,0.03405430280717901,0.02939825447864033
0.01774622892635315,0.026469268730372364,0.02391696750902527,0.03449781659388646,0.053480866758875055,0.08212996389891697,0.09082693176683236,0.11885964912280701,0.13395225464190982,0.1573581560283688,0.19282511210762332,0.21415441176470587,0.25651392632524705,0.2645161290322581,0.30644454186760195,0.35639981908638624,0.38042981252857794,0.39342806394316165,0.4443430656934307,0.4491525423728814,0.4541742286751361,0.48211009174311925,0.5040650406504065,0.5064244572441293,0.5108344859382203,0.5131396957123098,0.5026809651474531,0.5120181405895692,0.48653667595171773,0.47685393258426967,0.4669662921348315,0.4339042599912165,0.4195642095503013,0.39054837271511367,0.3449339207048458,0.3345243412237606,0.28671943711521547,0.2788844621513944,0.24908256880733945,0.21636119803308002,0.19113082039911308,0.1515687140963323,0.12427873945849978,0.09499536607970342,0.07179015186378279,0.046174739701222274,0.04553492484526967,0.03404850746268657,0.024200913242009132,0.026243093922651933,0.021457308895842648,0.024965955515206535,0.02697841726618705,0.04355477342718874,0.06508078994614004,0.07726075504828797,0.09749430523917996,0.13053297199638664,0.14995442114858706,0.16802168021680217,0.19156572454015253,0.23408071748878923,0.2935412026726058,0.3046944198405669,0.3213173119715176,0.3829099307159353,0.3829311885612154,0.42052221713238663,0.4500891265597148,0.46300604932526757,0.4716644355198572,0.4933274021352313,0.4853537629562866,0.49567198177676536,0.5110509697789806,0.5,0.5069025021570319,0.5111515703231679,0.468348826914564,0.46614100185528756,0.45829596412556056,0.41472014103129134,0.4006170118995152,0.3693979176097782,0.35051088405153263,0.31028595817328214,0.2913816689466484,0.25868210151380233,0.23325740318906607,0.18366383380547688,0.16629112212708427,0.15484739676840215,0.10955183340878226,0.09349220898258478,0.06636971046770601,0.04844444444444444,0.03492063492063492,0.03507152745731426,0.021341463414634148,0.022767857142857142
0.009146341463414634,0.01568100358422939,0.020671834625323,0.03391343150379295,0.049247606019151846,0.058850158442734266,0.08378378378378379,0.11061946902654868,0.13333333333333333,0.15448275862068966,0.19577907498877414,0.20934411500449238,0.25022542831379624,0.2800925925925926,0.3034894398530762,0.34185733512786004,0.37488457987072943,0.40054127198917455,0.4250806823420931,0.4475587703435805,0.4584070796460177,0.46129893238434166,0.49285404937202254,0.5026714158504008,0.5006699419383653,0.512285581826611,0.5144694533762058,0.494550408719346,0.4669811320754717,0.4782016348773842,0.4585410058903489,0.4422815753734722,0.4219600725952813,0.3802502234137623,0.3495971351835273,0.348816029143898,0.2822944896115628,0.2716216216216216,0.21406593406593408,0.21111609143881668,0.1672085462145843,0.15029693924166285,0.11116152450090744,0.0905368516833485,0.06687612208258528,0.044662795891022775,0.03183023872679045,0.022556390977443608,0.02239140170174653,0.013761467889908258,0.01042611060743427,0.012142237640936688,0.02809765085214187,0.028953229398663696,0.05373936408419167,0.06738063364569388,0.09018567639257294,0.12293249888243182,0.15038271049076993,0.16426642664266428,0.19811320754716982,0.23059042305904232,0.2891408634976014,0.2982941447671738,0.315018315018315,0.3694355208811381,0.3795918367346939,0.4192966636609558,0.42748091603053434,0.4749316317228806,0.46584699453551914,0.5004476275738585,0.47411818598259275,0.49555867227676487,0.5015688032272524,0.5037488284910965,0.5,0.49591280653950953,0.4860234445446348,0.4625940681717574,0.425884460367219,0.4216704288939052,0.3862100045065345,0.36443418013856815,0.33924405039664024,0.3092224231464738,0.2813793103448276,0.2503364737550471,0.20419081587160054,0.1906040268456376,0.1748314606741573,0.13164893617021275,0.10241502683363149,0.0805025593299209,0.06479383778885364,0.04205607476635514,0.0403899721448468,0.018650088809946713,0.01409731696225557,0.01169864295741694
0.005941499085923218,0.012283894449499545,0.015186378278877128,0.02504638218923933,0.038271049076992344,0.047939068100358424,0.07695831424644985,0.1033210332103321,0.1342281879194631,0.15366866635902168,0.18727272727272729,0.19927536231884058,0.23369079535299375,0.2732265446224256,0.30675675675675673,0.3123042505592841,0.36045997346306946,0.38996316758747696,0.4153382162860836,0.44765006979990696,0.45429616087751373,0.49258289703315883,0.489658273381295,0.4895977808599168,0.5108937305469098,0.5066361556064073,0.5152758777929777,0.4914874551971326,0.4700625558534406,0.46657754010695185,0.46345975948196116,0.4353369763205829,0.40705128205128205,0.39305054151624547,0.3418297678652708,0.3117539026629936,0.27955555555555556,0.24746807573756055,0.23269316659222866,0.19445727482678984,0.17121144389807777,0.1344110854503464,0.11206120612061206,0.09732472324723247,0.06378132118451026,0.0508624502432552,0.023622047244094488,0.017045454545454544,0.01277533039647577,0.004585052728106373,0.007866728366496992,0.008888888888888889,0.025815217391304348,0.03149955634427684,0.051601423487544484,0.06608933454876938,0.08075076385857705,0.10936819172113289,0.12622658340767173,0.16177135110709445,0.19283502874834144,0.22522103303862262,0.2645043398812243,0.28350515463917525,0.3305604203152364,0.3442176870748299,0.38565629228687415,0.3906458797327394,0.3997265268915223,0.4438619484491044,0.46105919003115264,0.47401433691756273,0.49780893952673094,0.4948453608247423,0.48943985307621674,0.5022261798753339,0.5071556350626119,0.48119266055045873,0.48161434977578477,0.45954403218596335,0.4487760652765186,0.4171833480956599,0.38345864661654133,0.36297968397291197,0.310981098109811,0.31729459827507944,0.2722838137472284,0.25225225225225223,0.20626151012891344,0.19328493647912887,0.15736961451247167,0.12052560036248301,0.10584588131089459,0.07553956834532374,0.0570273911091154,0.032845095428317796,0.029411764705882353,0.015737410071942445,0.012104283054003724,0.006744604316546762
0.0008869179600886918,0.0036798528058877645,0.01027244305493524,0.023202911737943584,0.03637976929902396,0.055054151624548735,0.0755656108597285,0.090625,0.12673533363188536,0.1457581227436823,0.1875,0.20940959409594095,0.230193661971831,0.26452464788732394,0.31822262118491923,0.33527566113850293,0.3518930957683742,0.3848552338530067,0.42354533152909335,0.42242562929061783,0.46187363834422657,0.466390423572744,0.4662379421221865,0.5069124423963134,0.5200356188780053,0.5033527045149754,0.49431042330450614,0.4820110701107011,0.48300536672629696,0.46895640686922063,0.4578627280625543,0.40566914498141265,0.3907637655417407,0.4069557362240289,0.33499773036768044,0.324487895716946,0.27936507936507937,0.2693540998625744,0.21805494984736154,0.18341013824884791,0.15219421101774042,0.1304938830992297,0.11091154018859452,0.08307826847398339,0.06302335830762451,0.03469750889679715,0.02993744414655943,0.014898419864559819,0.007165248544558889,0.003094606542882405,0.003587443946188341,0.005298013245033113,0.01478494623655914,0.02828104286345559,0.042138649750792935,0.06492293320878094,0.08957952468007313,0.11734928670041417,0.12874942316566682,0.17119565217391305,0.1929203539823009,0.22706630336058128,0.2527322404371585,0.27780259044216166,0.30897155361050327,0.34386120996441283,0.38243006993006995,0.40500670540902994,0.42424242424242425,0.4766770324300311,0.4694984184365115,0.4968094804010939,0.48723404255319147,0.4922805469783855,0.4961694456962596,0.4818629646215853,0.5076164874551972,0.48702155741311043,0.4658024139472508,0.45329038196042337,0.4273308957952468,0.4011116257526633,0.3908199643493761,0.3569270608545533,0.3340878225441376,0.283303730017762,0.26912691269126915,0.23693693693693693,0.1941834451901566,0.173542600896861,0.14935064935064934,0.11940946591402518,0.09549795361527967,0.07319223985890652,0.050284215128989944,0.03334835511491663,0.01808066759388039,0.007780320366132723,0.00796107916850951,0.0008729812309035355
0.0,0.002696629213483146,0.004975124378109453,0.028952205882352942,0.032541776605101144,0.04948162111215834,0.08420593368237347,0.08527493010251631,0.1142600089968511,0.1416171767930562,0.1768646717284502,0.20995962314939434,0.23687752355316286,0.2896645512239347,0.30066815144766146,0.34254644313547805,0.35711060948081264,0.38317757009345793,0.415695067264574,0.4371124889282551,0.46059225512528473,0.4627659574468085,0.4858599907278628,0.4895359417652411,0.4966139954853273,0.5033890646181653,0.5210745715609079,0.48629531388152075,0.48251121076233183,0.4653333333333333,0.44986690328305234,0.4255129348795718,0.40902872777017785,0.3935795954265611,0.34840182648401824,0.3263205013428827,0.2796985815602837,0.24444444444444444,0.22000866175833694,0.19735038830516216,0.15907059874888294,0.13426133812303548,0.09743135518157661,0.07537688442211055,0.057342657342657345,0.047723292469352016,0.024269662921348314,0.013254113345521023,0.003587443946188341,0.0,0.002254283137962128,0.004107713372889092,0.011225444340505144,0.02437880918893577,0.04189686924493554,0.057001795332136444,0.07940663176265271,0.10180995475113122,0.12863070539419086,0.1657092355280601,0.18960923623445827,0.23143725575336518,0.26005361930294907,0.2904826341903473,0.3263888888888889,0.33897550111358576,0.37017310252996005,0.40451467268623026,0.4018140589569161,0.4490990990990991,0.48423423423423423,0.49079754601226994,0.4953831948291782,0.48777173913043476,0.4932855863921218,0.49977787649933364,0.5058164584230935,0.47961520842876776,0.4786751361161525,0.4609833107803338,0.44312169312169314,0.42110091743119266,0.3838573439699671,0.3693363844393593,0.34888989578613505,0.2969472710453284,0.27342688999547304,0.25176678445229683,0.22102908277404923,0.18053660754888587,0.14415643474306503,0.11885245901639344,0.08456375838926175,0.0677361853832442,0.038271049076992344,0.03423423423423423,0.019748653500897665,0.008159564823209429,0.002658396101019052,0.00044543429844097997
0.0,0.0017452006980802793,0.00507380073800738,0.017496635262449527,0.031346578366445915,0.045172719220549155,0.05730786317192359,0.09706959706959707,0.11136260751471254,0.12964641885766093,0.1734553775743707,0.2060632688927944,0.23383084577114427,0.2808570097810899,0.28802588996763756,0.3301759133964817,0.3496877787689563,0.3947841726618705,0.40035746201966044,0.42703188145487203,0.44983513895430993,0.4689369535204786,0.47619047619047616,0.5127528583992964,0.4972627737226277,0.4962138084632517,0.5045787545787546,0.491637323943662,0.4785165083672546,0.4560415764400173,0.44163337771859745,0.4228302693458743,0.40224719101123596,0.3892921960072595,0.3404255319148936,0.32213261648745517,0.2957559681697613,0.24955197132616488,0.215311004784689,0.19413092550790068,0.16899563318777291,0.12768817204301075,0.11085343228200371,0.0838163174320107,0.056261343012704176,0.04559270516717325,0.021014161717679305,0.015555555555555555,0.0036714089031665903,0.0009111617312072893,0.0013089005235602095,0.0035746201966041107,0.01125619090499775,0.02541239411502452,0.04310344827586207,0.057435440783615316,0.08732269503546099,0.10174809502465262,0.12742882964301852,0.15287200361827227,0.18024928092042186,0.22788808664259927,0.2617777777777778,0.2960615663196016,0.3256775378961874,0.3410610789121712,0.3856885688568857,0.39406392694063924,0.42473851750795816,0.42759872900590107,0.4693788276465442,0.4562929061784897,0.5033025099075297,0.49129852744310576,0.4775985663082437,0.5022421524663677,0.4941860465116279,0.4747429593205186,0.47399103139013454,0.44682793245093566,0.4370271473075211,0.42081241442263806,0.39374716810149524,0.3561643835616438,0.3262347077480743,0.3093947606142728,0.26888489208633093,0.2328767123287671,0.21645796064400716,0.17485353762956288,0.15202108963093147,0.12145390070921985,0.08822170900692841,0.07136322049405307,0.04551539491298527,0.034482758620689655,0.02187784867821331,0.008399646330680813,0.0036680421824850985,0.0004578754578754579
0.001763668430335097,0.004610419548178884,0.01178524661719773,0.013636363636363636,0.032603632976245925,0.053516143299425036,0.07757467677218012,0.09136592051164916,0.11203501094091904,0.14447463768115942,0.18623124448367168,0.21242576518958428,0.24664879356568364,0.2736939435968562,0.30683836589698044,0.3232815964523282,0.3551111111111111,0.3905109489051095,0.4032042723631509,0.43866666666666665,0.46066907775768534,0.4797327394209354,0.4810185185185185,0.5025194686211636,0.5134288272157564,0.5047489823609227,0.49669166299073664,0.4961866307761328,0.47306791569086654,0.47930082796688134,0.43716814159292033,0.4300043610989969,0.40831408775981526,0.38782051282051283,0.35949837436135623,0.32701202590194267,0.2947273546642632,0.26282628262826285,0.1997270245677889,0.18645598194130925,0.16400182731841023,0.14370709382151028,0.11249423697556478,0.08310749774164408,0.0703306939916162,0.038202247191011236,0.029606716747680072,0.012211077191452245,0.009316770186335404,0.00045578851412944393,0.002193944712593243,0.007716749886518384,0.01588021778584392,0.02922661870503597,0.04172526957337084,0.05845323741007194,0.08300220750551876,0.1171088746569076,0.13456221198156681,0.16177777777777777,0.20062416406598305,0.21143617021276595,0.2676563202878992,0.26897470039946736,0.3386243386243386,0.3587505741846578,0.38130434782608696,0.41469933184855234,0.4310569812962157,0.4453856442264824,0.46648793565683644,0.4968094804010939,0.4925764192139738,0.4913140311804009,0.48733896046201686,0.49122807017543857,0.4926672777268561,0.4919427036705461,0.48170449282075034,0.4549143372407574,0.42295667708798573,0.4080696928014672,0.4070238631247186,0.370018115942029,0.33115060804490176,0.3063849333945797,0.27123287671232876,0.2358788974243109,0.2131294964028777,0.1829436038514443,0.14656771799628943,0.12712233347845014,0.09409675987572126,0.07004939380332285,0.061637534498620056,0.03865393360618463,0.01928374655647383,0.007073386383731211,0.005529953917050691,0.001433349259436216
0.007070260715863898,0.007276034561164165,0.01192113709307657,0.019221967963386728,0.03432700993676603,0.05553087516659263,0.09330357142857143,0.11002331002331002,0.13002680965147453,0.15885298133818843,0.175,0.21419068736141908,0.24073226544622425,0.2595108695652174,0.3023663453111306,0.35393003180372556,0.3534330985915493,0.3999106344950849,0.41206735266604305,0.43170838823012736,0.46328195829555757,0.4696485623003195,0.48623853211009177,0.49081726354453625,0.49230769230769234,0.5191714411635081,0.4915032679738562,0.4929641398093509,0.4984283789851819,0.4567441860465116,0.4519774011299435,0.4289520426287744,0.41896705253784505,0.38673285198555957,0.3441295546558704,0.324450677886863,0.3051305130513051,0.26698816308636564,0.22780269058295965,0.19038901601830663,0.160786065207682,0.13585069444444445,0.10842332613390929,0.0832969908416921,0.06544968833481746,0.05661231884057971,0.03800265134776845,0.017783857729138167,0.013786764705882353,0.00755891507336594,0.009122502172024326,0.013537117903930132,0.016577060931899642,0.027765338110165697,0.04056517775752051,0.06319537160658656,0.0835214446952596,0.11116131947582467,0.1340026189436927,0.16575342465753426,0.21333922261484098,0.22975432211101002,0.23553345388788427,0.2963464140730717,0.334907685702018,0.3495827843653931,0.3749436683190626,0.39391265990295543,0.4278192189556823,0.4423676012461059,0.4636279926335175,0.4695767195767196,0.503683241252302,0.49050772626931566,0.512987012987013,0.5113533151680291,0.4918032786885246,0.5004533091568449,0.5042850699142986,0.455328798185941,0.4386353566681436,0.4090505767524401,0.3932432432432432,0.37747470303563574,0.3490566037735849,0.29880843263061413,0.28125,0.2571041948579161,0.2185251798561151,0.17305151915455746,0.16108597285067874,0.12516703786191538,0.10644876325088339,0.07459412022817025,0.05714285714285714,0.04126679462571977,0.019757521329142345,0.013392857142857142,0.00581135449262405,0.008459483526268923
0.014479638009049774,0.013296652911508482,0.017023134002618942,0.0273224043715847,0.04221516114389469,0.05353982300884956,0.08524289642529789,0.11181530104119511,0.1372103589277601,0.14638694638694638,0.18231791113147044,0.20998662505572893,0.2559329920893439,0.26496116948378257,0.30375275938189844,0.3522012578616352,0.3717181022570244,0.3939393939393939,0.4224965706447188,0.4592427616926503,0.44717994628469115,0.4745995423340961,0.4904960593416783,0.5024477080551847,0.5166204986149584,0.4917102966841187,0.5011086474501109,0.5027752081406105,0.48046181172291297,0.46893874029335636,0.4731833910034602,0.43323183993040454,0.4167424931756142,0.39180765805877116,0.35907859078590787,0.33132808884775566,0.28698501872659177,0.2623694961416251,0.22860903905221588,0.2052304964539007,0.1731868131868132,0.13526570048309178,0.12360553324408746,0.09354413702239789,0.07366563740626378,0.053626373626373625,0.03868131868131868,0.02256317689530686,0.022091974752028856,0.01341350601295097,0.015688032272523533,0.02144160583941606,0.024830699774266364,0.03418803418803419,0.05104831358249772,0.07306338028169014,0.08735632183908046,0.11450381679389313,0.1579426490669094,0.17917235106866758,0.18669623059866963,0.23896222121074193,0.26434704021690014,0.2741652021089631,0.33498647430117223,0.3590573012939002,0.3695652173913043,0.4110512129380054,0.4335884736605133,0.4618086040386304,0.4619805481874447,0.48045454545454547,0.49117247623358984,0.5285588752196837,0.49770431588613406,0.517485613103143,0.48954161103693816,0.5009090909090909,0.4633048176497073,0.4682926829268293,0.43456900401965165,0.42057350933090576,0.3890449438202247,0.37397260273972605,0.34010840108401086,0.3133916244822826,0.27767857142857144,0.24540152534768955,0.2150786308973173,0.1858325666973321,0.14795918367346939,0.12622658340767173,0.10414827890556046,0.07806004618937644,0.06097560975609756,0.039126478616924476,0.03026070763500931,0.01951451689671585,0.009708737864077669,0.008667883211678832
0.017935258092738406,0.020455602045560205,0.025664115263394866,0.03195319531953195,0.04454545454545455,0.073745002221235,0.08466603951081844,0.11014625228519195,0.13622152746761948,0.16034719049794427,0.19822222222222222,0.24133083411433928,0.2490118577075099,0.2933271547729379,0.3061133422579206,0.35795197100135934,0.37894736842105264,0.4105310129406515,0.4194407456724368,0.4512913457181695,0.4658273381294964,0.47693685624720106,0.5,0.5275908479138627,0.5022747952684259,0.5077838827838828,0.5026548672566372,0.5079872204472844,0.48823529411764705,0.4744990892531876,0.4626865671641791,0.41881100266193433,0.4099547511312217,0.4003542958370239,0.3647430117222723,0.3380474452554745,0.2890226956924502,0.2884071630537229,0.23202614379084968,0.1920108942351339,0.17162162162162162,0.15606936416184972,0.12388591800356506,0.0966837926202709,0.08592722490135905,0.06192236598890943,0.04465930018416206,0.031852848811126065,0.017785682525566917,0.02328646748681898,0.02349290780141844,0.023524189968930315,0.03454629203132197,0.05151915455746367,0.05812417437252312,0.07738369415016122,0.09693644261545496,0.12134831460674157,0.15006821282401092,0.18690783807062877,0.2048417132216015,0.25135379061371843,0.2839396628216504,0.29432943294329433,0.345578231292517,0.36541143654114366,0.3932534398579672,0.4386422976501306,0.43647166361974404,0.4782218230803772,0.46788990825688076,0.4991111111111111,0.4818140996856758,0.4951111111111111,0.5184847101780009,0.5014164305949008,0.5033229951262738,0.5004541326067211,0.4890085240017945,0.4556682840758712,0.442481884057971,0.4495949594959496,0.3900871959614502,0.3823264201983769,0.33662477558348297,0.3155718879191548,0.2862335302135393,0.2552415679124886,0.23283983849259757,0.20053475935828877,0.16007194244604317,0.13531499556344276,0.1099815157116451,0.08448815377738042,0.07726864330637916,0.04045454545454545,0.04745470232959448,0.027752081406105456,0.01964367291000457,0.014864864864864866
0.02784014369106421,0.033521985198084456,0.037407568508046975,0.044326241134751775,0.06782768102658111,0.07541276215975011,0.10765124555160142,0.10701598579040852,0.15178571428571427,0.17191601049868765,0.19438046982957163,0.20898258478460127,0.24408746095493083,0.31074453856442263,0.33598233995584986,0.3468261269549218,0.3668744434550312,0.38417832167832167,0.4349933891582195,0.4628914628914629,0.4801641586867305,0.49977179370150615,0.4915640674874601,0.5037278657968313,0.5163218390804598,0.5239190432382704,0.5204170286707211,0.5176848874598071,0.5090427878253198,0.4767932489451477,0.4701123595505618,0.43859649122807015,0.4189189189189189,0.39391226499552373,0.3621973929236499,0.348124428179323,0.30534688466637205,0.27322156773901224,0.23180592991913745,0.209375,0.18405732198835648,0.1617391304347826,0.13078651685393258,0.10989512083903329,0.08352561144439317,0.06142728093947606,0.06082289803220036,0.043689320388349516,0.03071364046973803,0.030726256983240222,0.02878653675819309,0.03221415607985481,0.05078651685393258,0.05674709562109026,0.07870164517563362,0.08580413297394429,0.10447080291970803,0.1326973113616652,0.1523545706371191,0.18635755684351316,0.2025539409951563,0.24277191372189078,0.28201634877384196,0.30022779043280184,0.33733826247689463,0.3666369313113292,0.40164308534915566,0.4213753832676303,0.4490719782707107,0.4806807727690892,0.5002263467632413,0.49843958983504233,0.5031702898550725,0.4932225623087014,0.5363720073664825,0.5050593928728553,0.5057522123893805,0.4894854586129754,0.4868360277136259,0.48630444544229906,0.4382124943000456,0.4162976085031001,0.4100418410041841,0.37310098302055406,0.37059092991296383,0.33378439332431215,0.2949389179755672,0.26067211625794734,0.23063143752798926,0.2000881445570736,0.17333333333333334,0.14080071974808817,0.1280107047279215,0.09690091663029245,0.08419167039856695,0.07029053420805999,0.05748663101604278,0.03638876093965914,0.03825136612021858,0.029373081981587022
0.046325167037861915,0.045413669064748204,0.0529333921482135,0.055989583333333336,0.0795668549905838,0.10050251256281408,0.09565598946906538,0.13891402714932127,0.14602751886373724,0.17681551646368968,0.19876597620096959,0.23357335733573356,0.2765957446808511,0.3047016274864376,0.32830361225422955,0.3685373398144057,0.3796940194714882,0.41795104261106075,0.4332855093256815,0.4741721854304636,0.5015716210148181,0.49113475177304966,0.49573055028463,0.5203475080018289,0.5098743267504489,0.5321849501359928,0.5080572963294538,0.5198218262806236,0.47491795593061414,0.4737819025522042,0.47596153846153844,0.4489795918367347,0.44270367054610565,0.38753866548828986,0.3684210526315789,0.34656556645851916,0.3127590971902349,0.2795414462081129,0.2540659340659341,0.2154793315743184,0.19937135159407274,0.16462585034013605,0.14056776556776557,0.11814159292035398,0.09429824561403509,0.07149576669802446,0.06447249774571687,0.05876993166287016,0.04459770114942529,0.043536206130608615,0.04785330948121646,0.03762466001813237,0.06500691562932227,0.06790123456790123,0.08920606601248884,0.08595859585958596,0.11596119929453262,0.12862488306828812,0.16195939982347748,0.19120287253141832,0.21482804823581955,0.2569134701159679,0.2874493927125506,0.30983385720700496,0.33511586452762926,0.37681818181818183,0.38685487428319365,0.41157847127996383,0.4434429923388914,0.47746598639455784,0.4769161810847154,0.4895694629383045,0.5182514646237044,0.5056917688266199,0.5257779842080818,0.517782909930716,0.5157988429016467,0.5135387488328664,0.48455949137148047,0.4696282864913871,0.46370235934664245,0.4341262580054895,0.41992720655141036,0.40744143316490583,0.35320088300220753,0.3360287511230907,0.29345878136200715,0.2736427320490368,0.2417681551646369,0.21403812824956672,0.17546233649075327,0.1531332744924978,0.13253012048192772,0.11735611510791367,0.09968282736746716,0.07727067329417081,0.06418312387791741,0.05522041763341067,0.05114969497888315,0.044019564250778125
0.05406633348477965,0.053587647593097185,0.05913503971756399,0.06962895098488318,0.08079470198675497,0.10036330608537693,0.11361626878868258,0.13517241379310344,0.15563198624247634,0.1869281045751634,0.22509057971014493,0.23919821826280624,0.27163247100802856,0.3211845102505695,0.3510928961748634,0.37231182795698925,0.3849241748438894,0.42126334519572955,0.4558693733451015,0.46678716674197923,0.48966756513926324,0.5028876055086628,0.5179723502304148,0.5058548009367682,0.5313942751615882,0.5238095238095238,0.523117569352708,0.5029213483146068,0.5206536541080345,0.48940964398377645,0.467020805666224,0.4471131639722864,0.4239467849223947,0.4052464947987336,0.3758300132802125,0.35438437074057244,0.30692640692640694,0.2963464140730717,0.2668451584114235,0.22772277227722773,0.20621341737955876,0.19011576135351738,0.16756756756756758,0.12836624775583483,0.10900264783759929,0.09521597770552717,0.07926023778071334,0.06955736224028906,0.06498037505451373,0.05530164533820841,0.05204127411395244,0.06304728546409807,0.07355595667870037,0.07095046854082998,0.09156844968268359,0.09161349134001823,0.1334527541424093,0.15815634884771804,0.18486633439057545,0.20774487471526196,0.24016100178890876,0.27049180327868855,0.2970615243342516,0.3216103655714947,0.345,0.3741794310722101,0.40937781785392247,0.4339372514361467,0.4492753623188406,0.46709916589434664,0.4984297891431135,0.5022361359570662,0.5232974910394266,0.5205232295895355,0.539079946404645,0.5210502489814396,0.515697137580794,0.5,0.47712717291857276,0.48672964462438145,0.4546672621706119,0.4363873208858011,0.41688424717145345,0.40956979806848115,0.3626473254759746,0.343791427308882,0.300953245574217,0.2705401724920563,0.23848609211126312,0.22755555555555557,0.1882940108892922,0.16764044943820225,0.15115248226950354,0.1152619589977221,0.10842844600526778,0.08830121021963246,0.07566832804712278,0.06723063223508459,0.06684611933602512,0.05393053016453382
0.06986899563318777,0.07022968197879859,0.08134831460674158,0.0762081784386617,0.10790067720090293,0.10324074074074074,0.1315671306690615,0.14380238200264667,0.1907621247113164,0.20718232044198895,0.24016100178890876,0.2544662309368192,0.3138131426016987,0.3287119856887299,0.34055727554179566,0.38327205882352944,0.40451467268623026,0.42977923907938,0.45225464190981435,0.4646324549237171,0.49768946395563773,0.5139794967381174,0.5157606212882595,0.5338983050847458,0.5314942528735632,0.5333333333333333,0.536330608537693,0.5324497257769653,0.5211640211640212,0.48349604834960486,0.4889515749882464,0.4658273381294964,0.4407775768535262,0.4207875457875458,0.3982742960944596,0.3793879387938794,0.35260663507109,0.31440071556350624,0.2833333333333333,0.24214254094732182,0.22012578616352202,0.1942512749188688,0.17527173913043478,0.14266666666666666,0.1278295605858855,0.11182108626198083,0.09347048300536673,0.0802660753880266,0.07297921478060046,0.07348963029756538,0.06584723441615452,0.07749889916336415,0.07593778591033852,0.09572490706319703,0.114507299270073,0.12345679012345678,0.1472258628221931,0.16916780354706684,0.20747663551401868,0.21033707865168538,0.25,0.2893424036281179,0.2920353982300885,0.34227892652881653,0.3823397579560735,0.38026256224535987,0.40174873446847675,0.45058930190389845,0.4496021220159151,0.48556656613528654,0.514018691588785,0.5078413284132841,0.5055710306406686,0.5331141380930015,0.54129724685021,0.5224508886810103,0.5446428571428571,0.5094513600737667,0.5092467298150654,0.49079754601226994,0.4791177850774284,0.451858486341245,0.43824701195219123,0.4116865869853918,0.3783783783783784,0.33672566371681417,0.31280678268630074,0.2973451327433628,0.2595978062157221,0.23330365093499555,0.22778025904421617,0.18567518248175183,0.15579540122008448,0.13550757923748277,0.10902591599642537,0.09792147806004618,0.08737419945105215,0.07552320291173795,0.07149240393208221,0.07674841053587647
0.09143621766280106,0.09461235216819974,0.09354699003897791,0.09173893199452304,0.12827461607949414,0.1440329218106996,0.15555555555555556,0.16346583296114336,0.1969286359530262,0.21033210332103322,0.2592255125284738,0.28021015761821366,0.3099467140319716,0.3266423357664234,0.3601479426722145,0.3729562527618206,0.4217565760142666,0.4490431686693369,0.46791078743741465,0.49934296977660975,0.4965606190885641,0.5222222222222223,0.5380483437779767,0.5328947368421053,0.5308697611536728,0.5477342718873736,0.5337899543378996,0.5243513882567137,0.5235579040070454,0.5012886597938144,0.4995503597122302,0.4735673034207019,0.4577893820713664,0.42612889083735206,0.39569313593539707,0.37914485165794065,0.33962264150943394,0.32172318973418884,0.2840960579972814,0.26181818181818184,0.24807605251244907,0.20833333333333334,0.2010096374483708,0.1583411875589067,0.1416171767930562,0.11273857079449623,0.11172707889125799,0.08683729433272395,0.08962693357597816,0.08852755194218609,0.09219858156028368,0.09752925877763328,0.09488372093023256,0.10659186535764376,0.11989223170184105,0.14663677130044844,0.17420212765957446,0.1836461126005362,0.20045454545454544,0.23885209713024283,0.24716038164470694,0.28324225865209474,0.33288166214995485,0.335149863760218,0.3898822503270824,0.4129061371841155,0.42086167800453517,0.4669683257918552,0.44854280510018213,0.4833183047790803,0.5107719928186715,0.5267415730337078,0.5136736554238833,0.5466847090663058,0.552312528064661,0.5385668644454586,0.5311418685121108,0.5183464932652113,0.5253496503496503,0.513079394217531,0.5013525698827773,0.4633920296570899,0.4444444444444444,0.4242139840450493,0.3902439024390244,0.3504923903312444,0.3293010752688172,0.3198562443845463,0.2561531449407475,0.23310961968680088,0.22419928825622776,0.2150635208711434,0.16334841628959276,0.15641952983725135,0.12822796081923418,0.10715893741557857,0.10431985294117647,0.08974358974358974,0.09995262908574136,0.0821917808219178
0.10521622826571556,0.11748381128584644,0.10678733031674208,0.12522202486678508,0.13208389112003568,0.1560798548094374,0.17706061927605757,0.17985948477751756,0.21161460624725034,0.24616079494128273,0.2644082710074791,0.27256398742703186,0.3264499121265378,0.3672116659301812,0.3881363848668846,0.40990187332738626,0.43248093315388064,0.4594835262689225,0.4853519895059029,0.4905829596412556,0.5127970749542962,0.5246053853296193,0.5629464285714286,0.5354082092918359,0.5424719101123595,0.5580438756855576,0.5656836461126006,0.5306592899953896,0.5317073170731708,0.5078053259871441,0.5046992481203008,0.48415885765283356,0.4717832957110609,0.44045977011494253,0.4242286751361162,0.3962432915921288,0.35789938217122685,0.3395805443998215,0.28844404003639673,0.2772101288316304,0.2594254937163375,0.22729326705829192,0.2067137809187279,0.16636280765724704,0.15676641357748994,0.14664230242119689,0.12952464020933274,0.11756993006993006,0.11775280898876404,0.10336976320582877,0.10368349249658936,0.11727559765448804,0.10859929078014184,0.12075983717774763,0.149010989010989,0.1514068780705672,0.18543956043956045,0.2030616839261594,0.22217153284671534,0.25386313465783666,0.2666362807657247,0.30137614678899083,0.3236363636363636,0.3535811423390752,0.39285714285714285,0.4397977941176471,0.43390287769784175,0.4576957695769577,0.48794642857142856,0.5186025408348457,0.5147190008920607,0.5290322580645161,0.5358439201451906,0.5386666666666666,0.5519538188277087,0.5541027953110911,0.5522388059701493,0.556923076923077,0.5324074074074074,0.524546660769571,0.48423423423423423,0.47972350230414745,0.4703522068658047,0.4145054945054945,0.39019879796578827,0.37815884476534295,0.3466010733452594,0.32308420056764425,0.2975871313672922,0.25867369345630215,0.23779668607254814,0.21763085399449036,0.1757230499561788,0.17952187640956246,0.14655942806076855,0.1498443752779013,0.10936819172113289,0.12086457873842082,0.10584958217270195,0.10084033613445378
0.12837538733953077,0.12877731287773128,0.13754480286738352,0.15413013382556529,0.1519674355495251,0.16090425531914893,0.1835070231082918,0.20323741007194246,0.2257765414928141,0.2623985572587917,0.2878228782287823,0.32855159648310966,0.339972838388411,0.3484367920253738,0.392,0.4300184162062615,0.4499113475177305,0.4599193909538737,0.46147148454505876,0.5088275237664102,0.5447117566954154,0.5379373012267151,0.5310251798561151,0.5491949910554562,0.5491251682368775,0.5774456521739131,0.5516029863855951,0.5606694560669456,0.547576301615799,0.5306572562858404,0.5066548358473825,0.49658002735978113,0.47019867549668876,0.45880234128770825,0.43367122080211545,0.4016941596076683,0.3704697986577181,0.3394047090182141,0.31002331002331,0.2798143851508121,0.2722902097902098,0.2509009009009009,0.22166131252868287,0.19585849870578084,0.1770880876312186,0.15825067628494138,0.12897447380206,0.15100364963503649,0.12706422018348623,0.13369223867205024,0.13410818059901655,0.12779552715654952,0.12657091561938957,0.15114235500878734,0.15022421524663676,0.1773268636965152,0.19731543624161074,0.22428256070640176,0.2412082957619477,0.2767034990791897,0.29775784753363227,0.32102143182854537,0.34941388638412985,0.3755615453728661,0.42000901306895,0.4488950276243094,0.430316742081448,0.4717741935483871,0.49436683190626407,0.5169172932330827,0.5356816102470265,0.5358269490761605,0.5522388059701493,0.5464962538563244,0.5669824086603519,0.5664044423877834,0.5569395017793595,0.5407474110760918,0.5322217214961694,0.5131520285332144,0.5153015301530153,0.48318181818181816,0.47438752783964366,0.4627468581687612,0.42291762540266914,0.3735213830755232,0.35688405797101447,0.3319482917820868,0.29193109700815956,0.2923633077270673,0.25317564607971965,0.23429844097995545,0.20274457724656927,0.18600531443755536,0.16704805491990846,0.16184701492537312,0.16395604395604396,0.12717536813922356,0.13434903047091412,0.13470319634703196
0.15893431327514929,0.15331807780320367,0.15551768214742223,0.17315620705451215,0.16957720588235295,0.1904340124003543,0.21335807050092764,0.21597892888498682,0.24360699865410498,0.27644444444444444,0.29671319225574067,0.31029810298102983,0.34542157751586583,0.37030490499337165,0.4076994434137291,0.4338936846887778,0.46550936500685247,0.4979702300405954,0.5077062556663645,0.5306030603060305,0.5186206896551724,0.545790934320074,0.56757970363718,0.5568888888888889,0.5752051048313582,0.5837887067395264,0.5916549460853259,0.5811659192825112,0.5710479573712256,0.5476406533575318,0.5266055045871559,0.4936014625228519,0.5022401433691757,0.4798915499322187,0.4330813694975545,0.4242164018892228,0.4003673094582185,0.36997792494481235,0.34936479128856623,0.3046153846153846,0.28634751773049644,0.2795311091073039,0.2401805869074492,0.21242124212421243,0.19393939393939394,0.18035882908404155,0.1581676750216076,0.14517543859649124,0.14639540026536932,0.14405986903648269,0.150184842883549,0.1559799909049568,0.1610555050045496,0.155,0.15238954012623984,0.19128113879003558,0.20877192982456141,0.24646924829157174,0.25245621529261,0.27391304347826084,0.31457103949160237,0.3378143972246314,0.36616507067943455,0.3930635838150289,0.41408703454463885,0.4458161865569273,0.4848758465011287,0.47955902618282037,0.5239398084815321,0.5352622061482821,0.5625558534405719,0.5415002219263204,0.5573991031390134,0.5878378378378378,0.5890596745027125,0.5802469135802469,0.57958091841284,0.5807726075504829,0.5482555505210693,0.5444344703770198,0.5377400625279143,0.49843819723337796,0.4684065934065934,0.4390134529147982,0.42539964476021314,0.4168504631671813,0.38095238095238093,0.36943820224719104,0.32219251336898397,0.2967479674796748,0.26845342706502634,0.25257501119570086,0.22984244670991658,0.20466786355475763,0.18828264758497318,0.17471958584987057,0.18476791347453808,0.1399378054198134,0.159328188833409,0.15779731605738084
0.1786030061892131,0.1738532110091743,0.18680338831921534,0.18245923314235346,0.19145146927871773,0.22140896614821592,0.22271914132379247,0.241793804900601,0.26777677767776775,0.30363636363636365,0.32154052843708014,0.35473588342440804,0.3594368675758909,0.40591872791519434,0.4232209737827715,0.43478260869565216,0.4665750915750916,0.4873726185201595,0.5368611488014473,0.5322291853178156,0.5285242809995285,0.56951871657754,0.5676691729323309,0.5798281320669381,0.576278659611993,0.5755048287971906,0.5720720720720721,0.5763459841129744,0.5645524066576698,0.5616007194244604,0.5563288386254893,0.5203892493049119,0.4942857142857143,0.5008810572687225,0.46167883211678834,0.4333479982402112,0.42902208201892744,0.3905272564789991,0.3501522401043932,0.33665609424558224,0.29459827507943714,0.28622862286228623,0.2541058394160584,0.24398000908677875,0.23900226757369614,0.19814814814814816,0.20350877192982456,0.17307692307692307,0.1824264049955397,0.16238159675236807,0.16537132987910189,0.1614208633093525,0.1845943482224248,0.19073819348922513,0.2044543429844098,0.20352781546811397,0.24476797088262056,0.265947888589398,0.27740492170022374,0.30926430517711173,0.33804100227790435,0.363302752293578,0.3981776765375854,0.39215686274509803,0.4285067873303167,0.4617117117117117,0.488641425389755,0.5134065934065934,0.5236396074933095,0.5610859728506787,0.5568338702254947,0.5561896400351185,0.5805008944543828,0.6005373936408419,0.5906851768920734,0.5743389683571738,0.5704787234042553,0.5669220369535827,0.5504796710826861,0.5420224719101123,0.5455349248452697,0.5121268656716418,0.4984478935698448,0.4758175955780746,0.446606334841629,0.42014519056261346,0.40950639853747717,0.3704035874439462,0.3527580071174377,0.3447069116360455,0.3118427069044353,0.26752767527675275,0.23818265259293253,0.22737405260811414,0.21818181818181817,0.2027815163750561,0.19280442804428044,0.17857142857142858,0.18407960199004975,0.1659654043945769
0.188780053428317,0.20122525918944392,0.20081967213114754,0.20989917506874428,0.2291857273559012,0.2333931777378815,0.2609090909090909,0.2594446973145198,0.2916476494751255,0.29476462824461064,0.34290764471939905,0.38021778584392013,0.38893884892086333,0.4334226988382484,0.4552995391705069,0.4626126126126126,0.48381294964028776,0.5157567687527741,0.5246272028920018,0.5636281588447654,0.5574448529411765,0.5877659574468085,0.5680365296803653,0.6148587055606198,0.6012773722627737,0.6057906458797327,0.5990165400089406,0.5828111011638317,0.5821980018165305,0.5666969147005445,0.5728506787330316,0.5608137992038921,0.5465062471078205,0.49818181818181817,0.4581081081081081,0.429986492570914,0.40473003123605533,0.3981064021641118,0.36760691537761603,0.3547794117647059,0.3211547135769057,0.3020972780008925,0.2824156305506217,0.2650160476845484,0.2454702329594478,0.2227314390467461,0.20490286771507862,0.2209144409234948,0.20757238307349665,0.2070063694267516,0.18755760368663593,0.2124887690925427,0.20385304659498207,0.2120682116309576,0.2366412213740458,0.2594792142530836,0.263459841129744,0.2799825556040122,0.30940481599273056,0.32663989290495316,0.3403118040089087,0.3719512195121951,0.39210408254822793,0.42961944062356716,0.4551599819738621,0.48334833483348333,0.48798932384341637,0.5140229885057471,0.5503173164097914,0.5480251346499102,0.5842850616719963,0.5929401251117069,0.5892080069625761,0.6082055906221822,0.5850640742377375,0.5809954751131222,0.5955515206536541,0.5774456521739131,0.5752330226364847,0.5703573003970004,0.5481448763250883,0.5271639042357275,0.5070028011204482,0.4921946740128558,0.46757990867579907,0.43400657585721,0.40634640810929923,0.40080249665626394,0.3638754932047348,0.330031517334534,0.3047619047619048,0.30124223602484473,0.2592431491953023,0.26343612334801764,0.25197215777262183,0.21908602150537634,0.22582096266306792,0.20156726164562472,0.19156572454015253,0.20009053870529653
0.2323049001814882,0.2222222222222222,0.2449255751014885,0.23324022346368714,0.24243813015582036,0.24201758445164276,0.27981859410430837,0.28112449799196787,0.3203230148048452,0.3411504424778761,0.3393583370989607,0.3906040268456376,0.399822695035461,0.4346420323325635,0.48319709355131696,0.46863799283154123,0.4947229551451187,0.5213750550903482,0.5383592017738359,0.5494252873563218,0.5806451612903226,0.5950087565674256,0.5884413309982487,0.6160919540229886,0.601555352241537,0.6077097505668935,0.6112115732368897,0.5822139879573877,0.6009852216748769,0.5976580796252927,0.5579777365491652,0.5599284436493739,0.5340659340659341,0.5118780815777678,0.4726457399103139,0.48224462954844366,0.4253456221198157,0.4117926771279125,0.4131308619919607,0.38402527075812276,0.3310281235592439,0.3257168458781362,0.3047619047619048,0.3028137561411344,0.25789239662072033,0.2600451467268623,0.2395976223136717,0.23925314806773773,0.2310185185185185,0.22597280825128926,0.22052205220522053,0.22039045553145337,0.2384406165004533,0.2426470588235294,0.2591111111111111,0.25342768686421935,0.28014505893019037,0.2847006651884701,0.3308435852372584,0.335971855760774,0.37446606549596584,0.3972234661889834,0.43103448275862066,0.4153915391539154,0.4666073018699911,0.49530621367903443,0.5178094390026714,0.5238095238095238,0.5595968448729185,0.5688967656180771,0.5912272515165655,0.613666815542653,0.608675799086758,0.6097560975609756,0.6148984198645598,0.6251141552511416,0.6024590163934426,0.6095829636202307,0.5866489832007074,0.5924444444444444,0.5615141955835962,0.5405284370801612,0.5221318879855466,0.5019728189390618,0.48535564853556484,0.4545859305431879,0.43023255813953487,0.4080071974808817,0.3900396650506831,0.36577636939791763,0.3340971585701192,0.3046594982078853,0.301528485409912,0.27642980935875217,0.2562637362637363,0.24682395644283123,0.24274047186932848,0.23259991019308487,0.21143847487001732,0.2346067415730337
0.24805491990846681,0.2556357078449053,0.24075743913435527,0.2766834631241411,0.2871467639015497,0.29341864716636196,0.3041722745625841,0.3231185218566922,0.3463611859838275,0.3447191011235955,0.37028623353021356,0.40522287257991896,0.44100493494840737,0.4650635208711434,0.4719669117647059,0.4986149584487535,0.5314907113729044,0.5326723749436684,0.5580110497237569,0.5777777777777777,0.5906040268456376,0.6066093254866456,0.6049274087109547,0.6285203397407242,0.6167279411764706,0.6245093763628434,0.614190687361419,0.6349425287356322,0.5934163701067615,0.5940017905102954,0.5934850513163766,0.5672043010752689,0.5634743875278396,0.5073170731707317,0.5080680331443523,0.4865934065934066,0.4731134206958879,0.4393457519309405,0.4182475158084914,0.4140930839495433,0.3452754142409315,0.3532584269662921,0.3227109515260323,0.3160738406123368,0.29538180155464105,0.2883435582822086,0.26999101527403413,0.23534715960324618,0.2550182481751825,0.24858757062146894,0.24803836094158674,0.26297273526824977,0.2492239467849224,0.26907073509015256,0.2794759825327511,0.2861163227016886,0.34292134831460674,0.3182014699524427,0.3530457981325033,0.37392873252142533,0.38362260792167335,0.41326067211625794,0.449868073878628,0.45299539170506914,0.489254686785551,0.5063961182179091,0.5385662431941923,0.5442418852823477,0.5625,0.5882081989866421,0.5869369369369369,0.6219342896807034,0.619346171070309,0.6220955721174923,0.6363234644277508,0.6169176262178919,0.6293706293706294,0.6222990492653414,0.5877114870881567,0.5925266903914591,0.5824856258292791,0.5663716814159292,0.5474711623779946,0.5254545454545455,0.515625,0.46900269541778977,0.4499097472924188,0.4168900804289544,0.40309734513274337,0.38667858739383104,0.36951605608322025,0.3271889400921659,0.3092691622103387,0.2974404236540159,0.2786588128681468,0.2773224043715847,0.25426008968609864,0.27095093356491534,0.2592074592074592,0.2397228637413395
0.28520657485561973,0.29188948306595364,0.2838283828382838,0.30162308385933273,0.26844444444444443,0.30916196265740337,0.3271202236719478,0.33820921985815605,0.36133333333333334,0.3761638733705773,0.42032967032967034,0.4317765567765568,0.4634692962796952,0.4437357630979499,0.5006902899217671,0.5274186357556844,0.5502262443438914,0.5623073535887274,0.5754039497307002,0.594777127420081,0.5927107061503417,0.6429530201342282,0.6367521367521367,0.6280701754385964,0.6308784383318545,0.6348640213999108,0.636245110821382,0.6374028349336991,0.6352785145888594,0.6268724466636405,0.6088950022925264,0.5849909584086799,0.5772787318361955,0.5636363636363636,0.5170709793351302,0.4986301369863014,0.49192431933548686,0.4642226148409894,0.4435374149659864,0.4209090909090909,0.40796703296703296,0.3701002734731085,0.35239771227452704,0.31931252826775214,0.3065889735544599,0.2987012987012987,0.3049613108784706,0.28125,0.28590847304032624,0.2706359945872801,0.2809917355371901,0.27622841965471445,0.29626253418413856,0.2987128273413227,0.3275011215791835,0.31427304964539005,0.3310719131614654,0.3546382600976476,0.3680214381420277,0.39601268690530134,0.411945542380325,0.4381255686988171,0.46282109058134296,0.4745098039215686,0.5214780600461894,0.5345827755466309,0.5339547270306259,0.5713024282560707,0.5889487870619946,0.6004545454545455,0.6101694915254238,0.6289592760180995,0.6366906474820144,0.6442432082794308,0.648623425104993,0.6381932021466905,0.6459972235076353,0.6379848417298262,0.5975935828877005,0.602616147947677,0.5983791085096803,0.5732913669064749,0.5778483885610531,0.5267001369237791,0.5141218005295676,0.5219876868953386,0.47096774193548385,0.4437869822485207,0.43408071748878924,0.3990950226244344,0.38342440801457195,0.3710467706013363,0.352540834845735,0.3318077803203661,0.3172635445362718,0.2891187050359712,0.2964462438146649,0.2930887372013652,0.3006244424620874,0.2719683655536028
0.3099099099099099,0.31140350877192985,0.2923485183547103,0.30662020905923343,0.3348355114916629,0.3407717340771734,0.3447808404880253,0.3767857142857143,0.3947485536270583,0.410417602155366,0.42531409958120053,0.4428060768543342,0.488898756660746,0.4953354064860062,0.5282074613284804,0.54858934169279,0.547486033519553,0.5525134649910234,0.5929243170622481,0.6284691136974038,0.6400566839867737,0.6132246376811594,0.648892905558066,0.6594768242312987,0.6502283105022831,0.6458333333333334,0.6492570914002701,0.645367412140575,0.6199095022624435,0.6210432456531431,0.6046407853636769,0.5954751131221719,0.5894874022589053,0.5660722450845908,0.5416850463167181,0.531656937584194,0.5233904585456229,0.46774193548387094,0.4652867615351445,0.461304347826087,0.414494034467521,0.38254450716456795,0.3709025594970813,0.3649247121346324,0.34746136865342164,0.33917340521114103,0.32470481380563126,0.3334833483348335,0.30300272975432213,0.2933996383363472,0.31406105457909345,0.3076233183856502,0.3026315789473684,0.3134461264470169,0.3419354838709677,0.36099773242630384,0.36994727592267135,0.3835125448028674,0.40801781737193765,0.4348805768364128,0.4355263157894737,0.47106325706594887,0.46726057906458796,0.48234754699679044,0.5219556360344048,0.5604681404421327,0.5619307832422586,0.598294434470377,0.6052986079928154,0.5992985532661114,0.635330126803673,0.6423841059602649,0.6659202866099417,0.6435643564356436,0.6366939146230699,0.6584491259524877,0.6386701662292213,0.6391147244805782,0.6290027447392498,0.6277150304083405,0.621875,0.5776765375854214,0.5722673893405601,0.5785198555956679,0.5390519187358916,0.5150136487716106,0.49428320140721194,0.4745916515426497,0.45627208480565373,0.4263668430335097,0.41641204714098645,0.3813283790060381,0.361739902352419,0.3612395929694727,0.34136891950064574,0.3416447944006999,0.31990846681922197,0.3054078014184397,0.3117283950617284,0.3207974626189397
0.33560399636693916,0.3342269883824844,0.34692028985507245,0.34608540925266906,0.35962566844919786,0.3693363844393593,0.38036529680365294,0.4166666666666667,0.4113257243195786,0.436036036036036,0.4576043068640646,0.49930907415937353,0.49840109639104613,0.5092592592592593,0.5443094916779128,0.559322033898305,0.5492772667542707,0.6140429338103757,0.6190057193136823,0.6263086026399636,0.6481312670920693,0.6340229885057471,0.6715799170888991,0.6727856815052776,0.6716483516483517,0.6628571428571428,0.6527345486883059,0.6695652173913044,0.6521931767833408,0.6580145719489982,0.6442095992954645,0.6182478438492964,0.6021173356859285,0.5909706546275395,0.5773532152842498,0.534547152194211,0.5223274695534507,0.49910793933987513,0.4663023679417122,0.45556552962298025,0.4214317874831157,0.41494505494505496,0.4081902245706737,0.384297520661157,0.3691397360036413,0.3801540552786588,0.3470216606498195,0.3410097431355182,0.3352223190932868,0.36330608537693004,0.3288349077822762,0.3289652056032535,0.3486499289436286,0.35447761194029853,0.3759090909090909,0.3664367816091954,0.3955156950672646,0.4110824742268041,0.40660853602569985,0.4630520332313074,0.4761273209549072,0.503382949932341,0.48919276576973975,0.5060634328358209,0.5648888888888889,0.5519926706367384,0.6055456171735242,0.5914221218961625,0.621301775147929,0.6285464862505457,0.638154948499776,0.6571553994732221,0.6499315381104519,0.6560251798561151,0.6595932802829354,0.6592007026789636,0.6620498614958449,0.6725585505965532,0.6476964769647696,0.6483516483516484,0.617828773168579,0.6131947582467239,0.6094032549728752,0.5772285966460724,0.5710467706013364,0.5389061805246776,0.5263396911898274,0.4895229603209987,0.45295404814004375,0.44073907165389814,0.4209827357237716,0.42483069977426635,0.39419642857142856,0.4014241210502893,0.3764861294583884,0.34579439252336447,0.3441441441441441,0.34680753330271014,0.3368936359590565,0.33662034961900494
0.3815789473684211,0.3656783468104223,0.3651452282157676,0.3770339377033938,0.37420526793823794,0.40865603644646925,0.4053678852383156,0.43227272727272725,0.44302683677958643,0.43013100436681223,0.4934359438660027,0.5004488330341114,0.5212337952615109,0.5252847380410023,0.5710491367861886,0.56777727065267,0.5818345323741008,0.6055209260908282,0.621123595505618,0.6446584135717561,0.6633303002729755,0.6600181323662738,0.6738836265223275,0.6764705882352942,0.681598594642073,0.6874160322436185,0.6783625730994152,0.6772388059701493,0.6806941431670283,0.660238751147842,0.6616982836495031,0.6184971098265896,0.6361607142857143,0.6095706618962433,0.5742485419470614,0.5569677712210622,0.541723049165539,0.5432756324900133,0.49886415265788275,0.49362305148795466,0.4558693733451015,0.4496551724137931,0.4305177111716621,0.4062780269058296,0.3946044810242341,0.3832814584259671,0.3788010425716768,0.37454212454212454,0.3757655293088364,0.35248518011855906,0.3635946813388354,0.37057220708446864,0.3641207815275311,0.37902483900643974,0.38846327174402884,0.3794559099437148,0.42850739578664276,0.44489611562782294,0.43847566574839303,0.471315092674316,0.4810126582278481,0.5138023152270703,0.5261007716749887,0.5583666222814025,0.5624442462087422,0.5755656108597285,0.5997191011235955,0.6240500670540903,0.6169445696259577,0.6278434940855323,0.6428898033836306,0.656937584193983,0.6922733363108531,0.670964873277012,0.6714089031665902,0.6855291576673866,0.6797804208600183,0.672429906542056,0.6643109540636042,0.6615598885793872,0.6571952337305225,0.6299776286353468,0.5899122807017544,0.601600711427301,0.5880782918149466,0.5536441828881847,0.5301530153015301,0.5136132902630365,0.49411251635412123,0.48123620309050774,0.4708826205641492,0.4363304427202191,0.41815742397137745,0.4075764491099954,0.4174107142857143,0.39756866276452046,0.39381720430107525,0.36732851985559567,0.3667621776504298,0.3462425080682342
0.4038375725122713,0.39883355764917006,0.411660777385159,0.4130905938448201,0.4136509390746679,0.43647166361974404,0.4518884892086331,0.46058458813108943,0.4794091316025067,0.49955908289241624,0.4941016333938294,0.5015730337078652,0.5534820209376422,0.545822102425876,0.6072374227714034,0.5952909817858729,0.6103139013452915,0.6294302377747869,0.6479591836734694,0.6697819314641744,0.6794755877034359,0.6816593886462882,0.6983529411764706,0.6883057090239411,0.6879496402877698,0.6919540229885057,0.6971375807940905,0.6964526268522676,0.6826347305389222,0.6678306416412048,0.6646180860403863,0.6435555555555555,0.6341903473161931,0.6239168110918544,0.6116331096196868,0.5852247441032488,0.5555555555555556,0.5518672199170125,0.5381083562901745,0.5178008111762055,0.4955294117647059,0.46266605588639487,0.46986859990937924,0.4347438752783964,0.43642762868455787,0.43131868131868134,0.4098205854579792,0.3936363636363636,0.40947321823815847,0.39548532731376973,0.3816725978647687,0.41082072443833106,0.3986175115207373,0.4215183977643223,0.40683229813664595,0.4412437128486511,0.4506065857885615,0.44229885057471263,0.4654292343387471,0.48838289962825276,0.5242809995285242,0.5286363636363637,0.5393158596179476,0.5760576057605761,0.608433734939759,0.6026548672566372,0.6170212765957447,0.6442705936493327,0.6588845654993515,0.6557890031291909,0.6825613079019074,0.6804922515952598,0.6931818181818182,0.6829056111352763,0.6886543535620053,0.6955555555555556,0.6951055231252806,0.6832579185520362,0.6883763003165988,0.6622119815668203,0.646167171935903,0.6512681159420289,0.6371565634539904,0.6289816061013908,0.6092211280214861,0.5665294924554184,0.5685090571295867,0.5533759124087592,0.5130395683453237,0.517162471395881,0.5286179618427176,0.49344188150158297,0.4522381172127365,0.4380952380952381,0.4356347438752784,0.40547822182308035,0.4213406292749658,0.41214351425942963,0.3917995444191344,0.3938153706230105
0.4251361161524501,0.4278651685393258,0.43087971274685816,0.4540441176470588,0.4526077097505669,0.4409660107334526,0.4383438343834383,0.48582995951417,0.47366030881017257,0.5236111111111111,0.5301363836339639,0.5496598639455782,0.5635955056179776,0.5749566724436742,0.6054579093432008,0.6209090909090909,0.6313020604997808,0.6382592928377153,0.6657906263688129,0.6716553287981859,0.7028003613369467,0.6976421636615812,0.7068885806749884,0.7123104371097234,0.7125581395348837,0.7207495429616088,0.706581352833638,0.6993810786914235,0.6900958466453674,0.6966292134831461,0.6868867082961642,0.666966696669667,0.6841874726237407,0.6533687943262412,0.6220368744512731,0.6035103510351035,0.5661634103019538,0.5805293853746074,0.5524568393094289,0.5505163897620117,0.5338945502879929,0.5124444444444445,0.47518050541516244,0.4773237539290525,0.45099778270509977,0.45528455284552843,0.4422815753734722,0.4332291201429209,0.42366757000903343,0.43785935426802297,0.4328767123287671,0.42964935641367064,0.4237136465324385,0.4438430311231394,0.4643949322848405,0.48695267580716495,0.47467771639042355,0.4760820045558087,0.5212337952615109,0.5114840989399293,0.5304740406320542,0.5568028738212842,0.5701754385964912,0.574160447761194,0.6095238095238096,0.6159678858162355,0.6288976723759332,0.671280276816609,0.6885026737967914,0.6967361740707162,0.6987794245858762,0.7134529147982063,0.7087155963302753,0.7102169981916817,0.7110009017132551,0.7066902968542312,0.7019187862561357,0.6991581745680107,0.7194690265486726,0.6910495229441163,0.6751563896336015,0.656208572691118,0.6552185548617306,0.6330357142857143,0.6218332565637955,0.5927581582476531,0.5913461538461539,0.5680072300045188,0.5208333333333334,0.5413777161349976,0.5271111111111111,0.4995594713656388,0.4826800364630811,0.45764231286418644,0.44958753437213567,0.43775280898876406,0.42541685443893645,0.44631020768890856,0.4407982261640798,0.4230594643667726
0.4565022421524664,0.472234762979684,0.46936936936936935,0.4800358905338717,0.484608619173263,0.4858447488584475,0.4993252361673414,0.5186533212010919,0.5319634703196348,0.5625823451910409,0.5459927140255009,0.5781319167773351,0.6072562358276644,0.6360842844600527,0.615314907113729,0.6372851476421331,0.644474034620506,0.6779279279279279,0.675185873605948,0.6902899217671422,0.721399730820996,0.711051930758988,0.7506690454950936,0.7220026350461133,0.7052772808586762,0.7243195785776997,0.7239896818572656,0.722985347985348,0.7311151079136691,0.7072310405643739,0.724644128113879,0.6978742650384442,0.6882164144887666,0.6606579540333484,0.6416851441241685,0.6260949746426925,0.6091954022988506,0.6126126126126126,0.5751248297775761,0.5915107256960292,0.5503325942350332,0.5290322580645161,0.504416550441655,0.5244504262000897,0.49364214350590374,0.46386630532971995,0.48816435908887895,0.47523427041499333,0.4613676731793961,0.483363309352518,0.45104895104895104,0.47396293027360986,0.4776053215077605,0.46251129177958444,0.47098821396192203,0.506392694063927,0.4811320754716981,0.5125,0.5377657168701945,0.5562184488297384,0.5740418118466899,0.5719523373052245,0.5845948352626892,0.6314839873703203,0.6591511936339522,0.6595174262734584,0.6409921671018277,0.6854625550660793,0.691196388261851,0.699288256227758,0.7062472308373948,0.7386934673366834,0.7181936604429006,0.7203918076580588,0.7282758620689656,0.7357630979498861,0.7302886686772943,0.7349887133182844,0.7071848169905106,0.7143501805054152,0.69009009009009,0.6904761904761905,0.6702849389416553,0.6734972677595629,0.6298076923076923,0.635116598079561,0.6087344028520499,0.5709750566893425,0.5738786279683378,0.5636034404708012,0.5448123620309051,0.5282933454051607,0.5156179266636487,0.5013711151736746,0.4702407996365289,0.4602739726027397,0.4783821478382148,0.47191011235955055,0.46924829157175396,0.473542600896861
0.4780840488025305,0.49730700179533216,0.5077787381158168,0.48559670781893005,0.5100090991810737,0.5086837294332724,0.5256410256410257,0.5450490633363069,0.5561403508771929,0.5758377425044092,0.5799728137743543,0.5857590685176892,0.6342222222222222,0.6332720588235294,0.6304447501146263,0.6578249336870027,0.6738138686131386,0.6857394366197183,0.7036188731103985,0.7154904571682201,0.7335992907801419,0.727992547741034,0.7414030261348006,0.7421739130434782,0.7468861209964412,0.766941391941392,0.7498885421310745,0.7394771821001329,0.7315860822413014,0.7221979938944614,0.7100089365504915,0.6946236559139785,0.6852626685262668,0.6879818594104309,0.659070598748883,0.6446428571428572,0.633423180592992,0.6081560283687943,0.6065128900949797,0.5913636363636363,0.5584232754575317,0.5705244122965641,0.5390591281829953,0.5251141552511416,0.5130866425992779,0.5048034934497817,0.5099099099099099,0.5104583889630618,0.507628294036061,0.51395657953035,0.47361237488626023,0.4841688654353562,0.4962997224791859,0.5189212701174424,0.5132584269662921,0.5225694444444444,0.5299684542586751,0.5691537761601456,0.5664007508212107,0.5851749539594844,0.5824420677361853,0.5951541850220264,0.6212325686009896,0.641459074733096,0.6585589720055071,0.6714031971580817,0.6698901098901099,0.6919347730277655,0.7089923181201988,0.7251908396946565,0.7234135667396061,0.7376975169300226,0.7341322680869952,0.7506619593998235,0.7555859553123575,0.7600369173973235,0.7458163726820444,0.738339552238806,0.7332722273143905,0.707559981892259,0.7059859154929577,0.7012522361359571,0.677059097254537,0.6779351301964367,0.6651725683549977,0.6448723690103001,0.6384051329055912,0.6059379217273954,0.5905057675244011,0.5931662870159453,0.5812241141279337,0.5350957155879672,0.5250110668437362,0.518699910952805,0.5244755244755245,0.4961866307761328,0.4926042133572389,0.49176470588235294,0.48246844319775595,0.4935006723442403
0.535288725939505,0.5300570425625274,0.506113537117904,0.5217194570135747,0.564228367528992,0.552643470402169,0.5468074891982717,0.5689424364123159,0.5676537585421413,0.593594948128101,0.6272270443124714,0.627110908261068,0.640625,0.6391752577319587,0.661524500907441,0.6871657754010695,0.6940804338002712,0.7192737430167597,0.7158836689038032,0.7122557726465364,0.7349839523154517,0.7435304990757856,0.7658536585365854,0.747451343836886,0.7772788504714863,0.7454798331015299,0.7454044117647058,0.7633484162895927,0.7420091324200914,0.7401256732495511,0.7546739626082991,0.732053040695016,0.714742126882702,0.7140255009107468,0.6871996505024028,0.6749777382012466,0.664423508299686,0.6323597589244321,0.6249445184198846,0.6224489795918368,0.5918744228993537,0.583883751651255,0.5970009372071228,0.5606694560669456,0.5574687903572966,0.5484739676840216,0.517636684303351,0.5424865831842576,0.5084205735093309,0.5233560090702948,0.5206349206349207,0.5234479678427869,0.515625,0.5221394125383604,0.5376295628661559,0.5494756041951664,0.5741410488245932,0.5755627009646302,0.572508896797153,0.5986363636363636,0.6153496821071753,0.5992876224398932,0.6429223744292237,0.6543735224586288,0.6868058640604175,0.674860853432282,0.7005006827492034,0.7112276103101791,0.7247370827617741,0.7351576994434137,0.7439525330899133,0.7343538946420531,0.7670083876980429,0.7624944714727997,0.7466427931960609,0.7430269775948788,0.7586048646167967,0.7462087421944692,0.7575892857142857,0.742617893345086,0.7418490397498884,0.7196388261851016,0.7065462753950339,0.7058823529411765,0.6808225301743407,0.6436314363143631,0.6467684021543986,0.6303751143641354,0.6144469525959368,0.617867165575304,0.6051071591427268,0.5731652408824853,0.5664498141263941,0.5288548241659152,0.5479704797047971,0.5541027953110911,0.5452003727865797,0.5255079006772009,0.5150697255960414,0.5097583643122676
0.5514739229024943,0.5538256227758007,0.5791383219954649,0.5587155963302752,0.5734639358860196,0.5765398550724637,0.5938883968113374,0.598069328652918,0.5891544117647058,0.6306868867082962,0.6217662801070473,0.6587633658763365,0.6634361233480176,0.6770410464591791,0.6836646499567848,0.7219991075412762,0.7258953168044077,0.7325268817204301,0.7521176995095854,0.7615248226950354,0.7542448614834674,0.7627268702965914,0.7675534234627126,0.7663384064458371,0.7634984381972334,0.7673430863614913,0.7672759696834597,0.7718271827182718,0.7697218422252622,0.7877828054298642,0.757034390352836,0.7578334825425246,0.7285714285714285,0.7171260732037957,0.7120658135283364,0.702212389380531,0.6789908655937364,0.6683101748095025,0.6515218350242611,0.6370535714285714,0.6149012567324955,0.631244323342416,0.6003666361136571,0.588593818023509,0.5746709033136632,0.5736062717770035,0.5588503649635036,0.5851449275362319,0.5499561787905346,0.5639097744360902,0.5629496402877698,0.5563002680965148,0.554423344140806,0.5579576816927323,0.58915770609319,0.5952485701715794,0.5813211845102506,0.5852766346593508,0.6169828364950316,0.6312056737588653,0.6545454545454545,0.6629907366563741,0.6822727272727273,0.6618115612198452,0.6938502673796791,0.71900826446281,0.72997299729973,0.7463153193389906,0.7430650295588904,0.7496641289744738,0.7581227436823105,0.7572463768115942,0.7779759251003121,0.7802855826807923,0.7686256362795002,0.7743424088601754,0.7761601455868972,0.7608031427324312,0.759493670886076,0.7539893617021277,0.7425786442179885,0.7437185929648241,0.7306833407771326,0.7115640230394329,0.6903710247349824,0.6970669110907425,0.6630740393626992,0.6698155645524067,0.6496674057649667,0.616206589492431,0.6176470588235294,0.5988475177304965,0.591324200913242,0.5942095588235294,0.5801282051282052,0.5796579657965797,0.5798090040927695,0.5494895694629383,0.5643747115828334,0.5681517423908249
0.590048436811977,0.5684496826835902,0.581941309255079,0.6152808988764045,0.6200832947709394,0.6049661399548533,0.6431478968792401,0.617831541218638,0.640495867768595,0.6443043674020711,0.6434463794683777,0.6832599118942732,0.6955555555555556,0.701067615658363,0.711662075298439,0.7283568904593639,0.7375666074600356,0.7432010699955417,0.7425438596491228,0.7746478873239436,0.7773279352226721,0.7830401443391971,0.7877272727272727,0.7874771480804388,0.8006372325898953,0.8050228310502283,0.7876144788486699,0.7940074906367042,0.8000888494002666,0.7941573033707865,0.7710064635272391,0.7644628099173554,0.7457475380483438,0.7486795774647887,0.7149280575539568,0.7315105333930972,0.7094288304623754,0.7072398190045249,0.6585477941176471,0.6623263888888888,0.6378132118451025,0.6293487957181089,0.6306997742663657,0.6330114135206322,0.6142595978062158,0.6053333333333333,0.5984215413184772,0.5787099684258006,0.5860655737704918,0.5745149911816578,0.5765076507650765,0.5716870194482134,0.5938766321476813,0.5947741364038972,0.6212189616252821,0.608503100088574,0.6217728055077453,0.629896443043674,0.6379460400348129,0.6475732400524705,0.6743869209809265,0.6830922242314648,0.7024567788898999,0.6944692239072257,0.7148014440433214,0.7299781181619256,0.7362186788154897,0.746922024623803,0.7559681697612732,0.7691629955947137,0.7751937984496124,0.7773722627737226,0.7889699179580675,0.7905829596412556,0.7831379621280433,0.7924528301886793,0.7873873873873873,0.790759662372279,0.7753818508535489,0.7766903914590747,0.7705069124423963,0.761528326745718,0.7567099567099567,0.7588424437299035,0.7373827601607861,0.7110711071107111,0.6931567328918322,0.7022549470777727,0.6639892904953146,0.6577540106951871,0.6575217192501143,0.6451033243486074,0.6173835125448028,0.6127141568981064,0.60828025477707,0.5970287836583101,0.5879442195231669,0.5930285196921684,0.5809261806510775,0.5983863738233975
0.6344135098128708,0.6224307417336908,0.630593607305936,0.627442071785552,0.6393744250229991,0.6211453744493393,0.6371364653243848,0.6573208722741433,0.6709732988802756,0.6699954607353609,0.6893291310220622,0.6982248520710059,0.7047704770477048,0.7335127860026918,0.7380206000895656,0.7461328480436761,0.7461677186654644,0.764418811002662,0.7776309995596653,0.7932396839332748,0.7921323200715243,0.8003557136505114,0.7990950226244344,0.8093065693430657,0.8056807935076645,0.8070416095107453,0.8289349670122526,0.7959910913140312,0.8001808318264014,0.7948951686417502,0.7847757136384232,0.7804452204277608,0.7712532865907099,0.7659286037053773,0.7350465219317678,0.73342175066313,0.730786317192359,0.7001763668430335,0.7108540925266904,0.6782927948600276,0.6764054891544932,0.6744920993227991,0.6522315510384445,0.6506691278264882,0.6455862977602108,0.6259681093394077,0.6285714285714286,0.6420863309352518,0.6382001836547291,0.6212594908441268,0.6314375279892521,0.6173913043478261,0.6164506034868127,0.6200635497049478,0.6386554621848739,0.6264167393199651,0.6310547759167043,0.6608344549125168,0.6949685534591195,0.6865671641791045,0.7056138749429485,0.7,0.7070330693991617,0.7182067703568161,0.7410323709536308,0.7681879801174876,0.7585895117540687,0.7786702365015618,0.7785116688683399,0.7874548736462094,0.7980251346499102,0.8051777095217201,0.8067873303167421,0.8126928162185985,0.8107989464442493,0.8179824561403509,0.7970816233470133,0.8017977528089888,0.8016341352700862,0.7810786106032906,0.7879065506184151,0.7567807914628724,0.7615518744551003,0.7520143240823635,0.7393831023692445,0.7262823422605538,0.7229965156794426,0.7146027518863737,0.7144808743169399,0.6723034734917733,0.6723345588235294,0.6679982245894364,0.6498450641876937,0.6427943760984183,0.6396103896103896,0.6330834114339269,0.6134185303514377,0.6283348666053358,0.6287058823529412,0.6169445696259577
0.6365629110039457,0.6435506241331485,0.6675811614083219,0.6659222867351496,0.6541353383458647,0.656556645851918,0.6584398413397973,0.695789950203712,0.6787372330547818,0.7002267573696145,0.7109198006343452,0.7132836475230162,0.7158937415578568,0.7294535761883607,0.7700223713646532,0.7695729537366548,0.7586672669968483,0.7844982078853047,0.8032056990204809,0.8068437640702386,0.800445434298441,0.8024085637823372,0.8055950687529635,0.8130759104870557,0.8260267651130595,0.8322056833558863,0.8197674418604651,0.8278055429350295,0.8041894353369763,0.8118015198927134,0.8301056338028169,0.8171557562076749,0.8086447546150383,0.770852428964253,0.7712742008104457,0.7276404494382023,0.7363299351251158,0.7376752600633197,0.7294117647058823,0.7181609195402299,0.7097661623108665,0.6952920662598082,0.6691008671839342,0.6679946879150066,0.6861025865848313,0.6722376973073352,0.6482664233576643,0.653015301530153,0.6602914389799636,0.6416475972540046,0.6507435781883731,0.6506080449017774,0.6342654238792721,0.6536518144235186,0.6493738819320215,0.6597796143250688,0.6806306306306307,0.6869757174392936,0.6865534648921524,0.7185767097966729,0.7163716814159292,0.7377638078132016,0.726713532513181,0.7466609220163722,0.7670075589150733,0.7624209575429087,0.7691622103386809,0.8009861048857014,0.7910381543921916,0.8075405523893029,0.8158487167942369,0.8231229847996315,0.8182636077372919,0.8194945848375451,0.8213636363636364,0.8237378210806023,0.8247941445562672,0.8230837789661319,0.8157537347215935,0.7928669410150891,0.8065091395452519,0.7898866608544028,0.7923211169284468,0.7669206633796504,0.755038065382893,0.7556193208990913,0.7582076308784383,0.7340807174887892,0.7237668161434978,0.7034700315457413,0.7091791703442188,0.685080469769465,0.6918294849023091,0.6577757685352622,0.6703490941228458,0.6342010771992819,0.6610093791871371,0.6673979815708644,0.6560073092736409,0.637122969837587
0.6693657219973009,0.6757359500446031,0.6819029850746269,0.6931506849315069,0.6852607709750567,0.707559981892259,0.6916400182731841,0.709420610349403,0.7043941411451398,0.721419185282523,0.7332474226804123,0.7412241224122412,0.7564559216384684,0.7711598746081505,0.7854945054945055,0.785063752276867,0.7972972972972973,0.7907290729072908,0.8011802088061734,0.8205841446453408,0.8254822790489008,0.8272527472527472,0.8238712561466249,0.8391323994577496,0.8296774193548387,0.836281179138322,0.83493369913123,0.8374205267938238,0.8339285714285715,0.8268535262206148,0.7990929705215419,0.818384649709951,0.8067484662576687,0.8025247971145176,0.791849255039439,0.7760652765185857,0.7748878923766817,0.7434119278779473,0.7409850483729111,0.7489578508568782,0.7356887298747764,0.7208188153310104,0.7023172905525846,0.7166224580017684,0.6943942133815552,0.676056338028169,0.660722665415298,0.6849630996309963,0.6888096299598752,0.692099322799097,0.6640070921985816,0.673843334860284,0.6666666666666666,0.6892448512585813,0.6973214285714285,0.7019982623805386,0.7011970534069981,0.7126696832579186,0.7198177676537585,0.725164113785558,0.7408906882591093,0.7526006331976481,0.7796143250688705,0.7918531781557744,0.7791741472172352,0.805543138131426,0.7883528900478053,0.8102748986029743,0.8086838534599728,0.8245533669262483,0.8288486987207764,0.8293345405160706,0.8363471971066908,0.8420581655480984,0.8464769015398973,0.8420371169615882,0.8341035120147874,0.8477272727272728,0.8177447552447552,0.8464334393457519,0.8288770053475936,0.8090040927694406,0.797205948625507,0.8098242451554755,0.7876993166287016,0.7704993128721942,0.7594254937163375,0.7425832952989503,0.7429378531073446,0.7296925195043598,0.7344186046511628,0.72262118491921,0.6948378254910919,0.7149065623641895,0.7045354469396742,0.6899543378995434,0.6907216494845361,0.6864035087719298,0.6660633484162896,0.6722197208464655
0.7131922557406574,0.7080937638213181,0.7031674208144797,0.7306541256947413,0.7069565217391305,0.7281728172817282,0.729802513464991,0.7277752187931829,0.742653606411398,0.7602238484718037,0.7573937153419593,0.7892652881654202,0.7758007117437722,0.7853236098450319,0.7939068100358423,0.7991689750692521,0.8119771025979745,0.823189693469569,0.8141314131413141,0.8385791366906474,0.8312387791741472,0.8403093721565059,0.848404255319149,0.8493948901837741,0.8627095604893521,0.8511957484499557,0.854041570438799,0.8467815049864007,0.8585034013605443,0.8415492957746479,0.8243944636678201,0.8317546233649076,0.8209959623149394,0.8107872988255763,0.8051001821493625,0.8029739776951673,0.7900045850527281,0.7674522009782125,0.762936753648828,0.759481961147086,0.7541899441340782,0.7393449977568416,0.7231255645889793,0.7519274376417233,0.7153846153846154,0.7319248826291079,0.7184292726461401,0.6942909760589319,0.7090656799259945,0.6940104166666666,0.7161791590493601,0.7067026540710751,0.7217194570135747,0.7178538390379279,0.7223695844385499,0.7137761925991976,0.7339534883720931,0.7324192835028749,0.7530751708428246,0.7353998203054807,0.7658111824014665,0.7745098039215687,0.7776274244474515,0.7927888792354474,0.8059836808703535,0.8217562254259502,0.813752276867031,0.8339207048458149,0.8266787658802178,0.837050523441056,0.8407079646017699,0.841841385597083,0.8521158129175946,0.8474499089253188,0.8556338028169014,0.8590847304032624,0.8427787934186471,0.8583788706739527,0.8499558693733451,0.8442299254058798,0.8370786516853933,0.8242061665899678,0.83841059602649,0.8103372755146737,0.80986871887732,0.8086447546150383,0.7901846015308419,0.7775816416593115,0.7702763932940644,0.7681940700808625,0.7483674357858076,0.7439130434782608,0.7340097044552272,0.7330604820372897,0.7267617812364894,0.703971119133574,0.7164244826067812,0.7143510054844607,0.7220744680851063,0.6971766848816029
0.7289156626506024,0.7366959740860712,0.7424103035878565,0.7482962289868241,0.7515779981965734,0.734966592427617,0.7613386173491854,0.7604355716878403,0.7686635944700461,0.7830882352941176,0.7700729927007299,0.8023100844069303,0.8110720562390158,0.8024800708591674,0.8202451202905129,0.825,0.8181818181818182,0.836412798557909,0.8413823659725299,0.8498659517426274,0.8504672897196262,0.8738296923762817,0.8497457235321313,0.8653184165232358,0.8639740018570102,0.8678815489749431,0.8711111111111111,0.8632478632478633,0.8486319505736981,0.8637176050044683,0.8572687224669604,0.8443946188340807,0.8540659340659341,0.8235844642021526,0.8271714922048998,0.8207505518763797,0.8264462809917356,0.8032417829806393,0.7971869328493648,0.784251251706873,0.7822222222222223,0.7577807848443843,0.7638190954773869,0.764065335753176,0.7514633048176497,0.7619469026548673,0.7362736273627363,0.7410480349344978,0.7327785483125289,0.7340989399293286,0.7405838041431262,0.7228260869565217,0.7283783783783784,0.746841155234657,0.7512238540275924,0.7410593028519692,0.755065285907249,0.7635354002776492,0.7736013986013986,0.7737617135207496,0.7896396396396397,0.7770177838577291,0.8102893890675241,0.8020462633451957,0.8191865605658709,0.8274275195582145,0.8435828877005348,0.8414253897550111,0.8565179352580927,0.8433420365535248,0.8565610859728506,0.8500439753737907,0.8597122302158273,0.8644605621033545,0.8659269533055941,0.8712465878070974,0.8520523229589535,0.8585992907801419,0.8550525834476452,0.8573363431151242,0.8455392809587217,0.8419167039856695,0.8365384615384616,0.8344341699691765,0.8249542961608776,0.8304038004750594,0.8095238095238095,0.8000890471950134,0.7934532042415859,0.77459584295612,0.786618444846293,0.7570135746606335,0.766459074733096,0.7389205792014041,0.7418655097613883,0.7273936170212766,0.7434878587196468,0.7320804195804196,0.7377994676131322,0.7349397590361446
0.75482712168837,0.7777272727272727,0.7617987533392698,0.7723356009070295,0.7524575513851653,0.7672530446549392,0.7870705244122965,0.7874015748031497,0.8001820664542558,0.8043178686265503,0.8094180364282542,0.8106591865357644,0.8192928852029682,0.8328145842596709,0.8428372739916551,0.8403908794788274,0.8636363636363636,0.8529151943462897,0.8662449164030728,0.8612132352941176,0.8695462478184991,0.8772869254796966,0.8725711703569815,0.8879855465221319,0.8707328174783796,0.8737373737373737,0.8772663877266388,0.8862222222222222,0.8681269557443004,0.8865842894969108,0.8770099956540635,0.8589685075308079,0.8735733099209834,0.8514895509115162,0.8446866485013624,0.8400911161731207,0.8422698838248436,0.8230871295886776,0.8126463700234192,0.8250108554059922,0.8187108325872874,0.7845804988662132,0.7770300583221176,0.7798657718120805,0.7819244604316546,0.7752808988764045,0.782434239857334,0.7690917306823317,0.7681879801174876,0.764249886000912,0.765410199556541,0.7750455373406193,0.7558243727598566,0.7813075506445673,0.7656736327256558,0.7735765124555161,0.7732325477990218,0.7802547770700637,0.7992733878292462,0.8071461291800275,0.7939233817701453,0.8155426529700759,0.8238611713665943,0.824,0.8404012767897857,0.8517520215633423,0.8454837230628153,0.8583444001770695,0.8701707097933513,0.8695652173913043,0.8725011106175034,0.8648401826484018,0.8894117647058823,0.8833723653395784,0.8716651333946642,0.8907970057243505,0.8950424296560965,0.8717948717948718,0.8697068403908795,0.878253198059109,0.8755656108597285,0.8509042787825319,0.8614248479582971,0.8459471562919839,0.8540637629097441,0.8355293048614266,0.8175795053003534,0.8113293741434445,0.8191780821917808,0.8130590339892666,0.8024747937671861,0.7945020279405137,0.7910990009082652,0.7735498839907192,0.7797235023041474,0.7718904355635384,0.7672452158433467,0.7699386503067485,0.7729831144465291,0.7662921348314606
0.7917599641737573,0.7846934071000461,0.8017319963536919,0.7937956204379562,0.8016710642040458,0.800811176205498,0.7985707905314873,0.8243064729194187,0.8144522144522145,0.8275703088981097,0.82271714922049,0.8314005352363961,0.8341035120147874,0.8490981082270127,0.8606701940035273,0.8561215370866846,0.866787494336203,0.8624551971326165,0.872236958443855,0.8789237668161435,0.8832807570977917,0.8901707429626211,0.9034240561896401,0.8961922030825022,0.900511390051139,0.8991207774178621,0.8987511150758252,0.8826416778224007,0.8988173455978975,0.8909253464461332,0.8904235727440147,0.8699408822191905,0.8569494584837545,0.8621609604268564,0.8504193849021435,0.8606853020739405,0.845662100456621,0.8449125952487674,0.8368730230456394,0.8240827845719662,0.8215398308856253,0.8270880361173815,0.8118015198927134,0.7931345980126467,0.7992021276595744,0.7924874026568942,0.8070725156669651,0.7887261429205504,0.8020600089565607,0.800907029478458,0.7802893309222423,0.7726657645466847,0.7961555654894948,0.8010110294117647,0.7914798206278026,0.8032498902064119,0.8088039128501556,0.8068649885583524,0.8363636363636363,0.8197368421052632,0.8309305373525557,0.8375565610859729,0.8408144377602962,0.8614248479582971,0.8583710407239818,0.8698568872987478,0.8540587219343696,0.8853211009174312,0.8822212270488132,0.884963768115942,0.8870822041553749,0.8925959780621572,0.8997314234556849,0.8910081743869209,0.8953488372093024,0.8987743985474353,0.9002207505518763,0.8871039714413208,0.894901610017889,0.8895732512098549,0.8820902188476999,0.880234128770824,0.8705457825890843,0.8681657848324515,0.8578878748370273,0.8577777777777778,0.8518177634606535,0.8329455560725919,0.8344370860927153,0.8355674709562109,0.8131046613896218,0.8124723573639983,0.8109318996415771,0.8097385031559964,0.8070652173913043,0.8029330889092575,0.7908811924594477,0.7923423423423424,0.7966175195143105,0.782350251486054
0.8013574660633485,0.8280109489051095,0.8210762331838565,0.8036636918741193,0.8292355833705856,0.8188373141054529,0.8316876122082585,0.8349935036812473,0.8312199387844338,0.8493870402802102,0.8594642072902943,0.8528746038931643,0.8581497797356828,0.8626839054837272,0.8709239130434783,0.8786781349026709,0.8824577025823687,0.8907788719785139,0.8838916934373566,0.8987962550156041,0.8947845804988662,0.9043238270469182,0.8977221974095578,0.9080932784636488,0.9095477386934674,0.9082853345148427,0.8988864142538976,0.9085997298514182,0.8967538322813345,0.9018099547511312,0.889912482726854,0.8942178395338414,0.8981355161437017,0.8890429958391124,0.882688927943761,0.8765209553853087,0.8555858310626703,0.8577272727272728,0.8625398270368685,0.8495575221238938,0.8433628318584071,0.8314866112650047,0.8146143437077131,0.8230980751604033,0.8244972577696527,0.8245535714285714,0.828971119133574,0.8124725516029864,0.8273921200750469,0.8151637505607896,0.8099322799097065,0.8205816554809844,0.829161176987264,0.8066371681415929,0.8278236914600551,0.8238661382650815,0.8250559284116331,0.8442972077614765,0.8251904975347378,0.8439046333783176,0.8457399103139014,0.8577797592510031,0.8628892733564014,0.8738819320214669,0.8868940754039497,0.880123402379903,0.8943345323741008,0.8971663619744058,0.9005474452554745,0.9150090415913201,0.9059518400726942,0.9011948529411765,0.902771467514766,0.8990493435943866,0.9102333931777379,0.9182242990654206,0.9027076640660854,0.9098178587294535,0.9058558558558558,0.8904293381037567,0.9013513513513514,0.8840182648401826,0.889034512887724,0.8893946290395994,0.8746642793196061,0.8664307828394515,0.8831227436823105,0.870013446884805,0.8568150527765029,0.833634719710669,0.8323542702214188,0.8415398388540735,0.8432530667878237,0.8393413440142412,0.8198198198198198,0.820333041191937,0.8151969981238274,0.8174349612049293,0.8154269972451791,0.8233955393718707
0.8397991784573254,0.8266550522648084,0.842882721575649,0.8529014844804319,0.8428047662694775,0.8541197658712292,0.8427382053654024,0.8624567474048442,0.8548459133541759,0.8704845814977974,0.8556891766882516,0.8777828259881872,0.8858426966292134,0.8762420957542909,0.8902991840435177,0.8968468468468469,0.8939530685920578,0.8997679814385151,0.8969359331476323,0.9052446011458792,0.9055755395683454,0.9207149404216315,0.9153225806451613,0.9238692342140618,0.9184758529020824,0.9269385925593904,0.9241228070175439,0.9213953488372093,0.9086737035337311,0.9189311594202898,0.9062218214607755,0.9005847953216374,0.9077262693156732,0.9038901601830663,0.8893280632411067,0.8856007067137809,0.8913330400351958,0.8727272727272727,0.8822160148975792,0.8689189189189189,0.8786046511627907,0.8677078548461186,0.8452593917710197,0.8493518104604381,0.858540925266904,0.8447037701974865,0.8519034354688951,0.8434977578475337,0.8371364653243848,0.8446069469835467,0.848498635122839,0.8233199821984869,0.832375055285272,0.8483476686283387,0.839126559714795,0.8560606060606061,0.8507119889756546,0.8463611859838275,0.8645276292335116,0.8640864086408641,0.8736510791366906,0.8781609195402299,0.8688741721854305,0.896696137738483,0.8974706413730804,0.8943379402585823,0.9071618037135278,0.8948763250883393,0.9066666666666666,0.9122653862941946,0.9196787148594378,0.920921825576141,0.9171366594360086,0.910158013544018,0.9212066636650158,0.9192685102586976,0.9120978704123244,0.9140660334690185,0.9190391459074733,0.9098005203816132,0.9085116067364588,0.9015496809480401,0.8948331047096479,0.9209669920966992,0.8812583074878156,0.8842530282637954,0.8774283071230342,0.8834736375719983,0.8724559023066486,0.8666053357865685,0.8517849073655671,0.8613908872901679,0.8515625,0.8455785305763308,0.8441385435168739,0.8446732318710832,0.8478757423481041,0.8388278388278388,0.8466850828729282,0.8396840148698885
0.8581405499781755,0.8636363636363636,0.8675588371019843,0.864507299270073,0.8640688717716357,0.8510167992926614,0.8831692032229186,0.8608501118568233,0.8809634089856415,0.8743243243243243,0.8712871287128713,0.8787738039944264,0.9045293072824157,0.9108108108108108,0.8978036754818467,0.9110619469026549,0.9176046825754165,0.922227335480902,0.9172932330827067,0.9215598386373823,0.9274725274725275,0.9379496402877698,0.9284467713787086,0.9283842794759826,0.9320959710276143,0.9368770764119602,0.9413838695460556,0.9335472043996333,0.9284460052677788,0.9255550718328254,0.9221967963386728,0.9208010923987255,0.921003717472119,0.912431941923775,0.9174475680499777,0.9004405286343612,0.8998219056099733,0.8877284595300261,0.9039242219215156,0.8852005532503457,0.8860310421286031,0.8808099401748735,0.8690095846645367,0.8651079136690647,0.8689685701637893,0.86281429201588,0.8599531615925059,0.8609671848013817,0.868122270742358,0.8637784725323805,0.8696043165467626,0.8550658791458428,0.8698901098901098,0.8512433392539964,0.8763297872340425,0.8655077767612077,0.8749433620299049,0.8867151956323931,0.8727022058823529,0.8737556561085973,0.8779197884530631,0.9000448229493501,0.9101633393829401,0.8953020134228188,0.9138392857142857,0.9121447028423773,0.9215256466462078,0.9193262411347518,0.9256880733944954,0.9253112033195021,0.921595598349381,0.9285384970032273,0.9323374340949033,0.9330889092575618,0.9215063520871143,0.9345076784101174,0.9168198529411765,0.9144287664997724,0.9270787016451756,0.9229398663697105,0.9286037053773158,0.9147571035747021,0.9237668161434978,0.9030085316569376,0.9048682447521215,0.9113012156686178,0.8949291914116034,0.8973889143380669,0.8875326939843069,0.8809963099630996,0.8858695652173914,0.8790820829655781,0.8763026733121885,0.867026055705301,0.8746053225078936,0.8690909090909091,0.8673514962036624,0.8789378937893789,0.8755186721991701,0.857335127860027
0.8863207547169811,0.8833107191316146,0.8896703296703297,0.8890386343216532,0.8879271070615035,0.8814882866329812,0.8839002267573696,0.8946395563770795,0.899682251475261,0.9065857076132648,0.8951724137931034,0.9111522443313281,0.9095643939393939,0.9216814159292035,0.9199640287769785,0.9170013386880856,0.9273049645390071,0.9232851985559567,0.9286675639300135,0.9333036905291241,0.9330601092896175,0.9378076062639821,0.9474387527839644,0.9358856088560885,0.9405137449301487,0.9441267047954246,0.941743119266055,0.93710407239819,0.9399293286219081,0.941282746160795,0.9371205550737207,0.9347246891651865,0.9328291814946619,0.9210766423357665,0.9159663865546218,0.9234491860976682,0.9135524538496173,0.9067081297201244,0.913421896472744,0.894387980556783,0.9072635906806761,0.8952468850946008,0.9034971226206286,0.8984409799554566,0.8831450912250217,0.8998257839721254,0.8827493261455526,0.8820605512878446,0.8777234326367275,0.8729357798165137,0.8629764065335753,0.8728813559322034,0.8794906775807185,0.883061049011178,0.8929219600725953,0.8772727272727273,0.8903871248368856,0.8995065051592642,0.9087672452158434,0.9192409532215358,0.9056772463120251,0.9072727272727272,0.9185151652331371,0.9039599453800637,0.922106179286336,0.9152830991911451,0.9292196007259528,0.9424758398527382,0.9304932735426009,0.9368046283934134,0.9400715563506261,0.937888198757764,0.9408577878103838,0.9416936603424341,0.9483136224266316,0.9480343425214641,0.9440465532676813,0.9309576837416481,0.9410470743510778,0.9390026714158504,0.9281818181818182,0.9285395265743636,0.9265811587793011,0.9236573457612073,0.9284106258442143,0.9125,0.9091726618705036,0.9175946547884187,0.9094962104324565,0.8964747880410531,0.8992586131705189,0.9069437883797827,0.8847947761194029,0.8850987432675045,0.8809306569343066,0.8837420526793823,0.8833702882483371,0.8823016564952049,0.8804198995892286,0.8852313167259787
0.9066726780883679,0.8970387243735763,0.9021589343132751,0.9190301921317475,0.9224253232278199,0.9156137184115524,0.904042647712128,0.9150561797752809,0.9106901217861976,0.910762331838565,0.919051878354204,0.9263746505125815,0.9325591782045556,0.927484333034915,0.9350993377483444,0.9368556701030928,0.9250229990800368,0.9397311080203987,0.9360670194003528,0.9419964028776978,0.9485120453471895,0.9457804984696109,0.9552899513058876,0.9471580817051509,0.9571033210332104,0.9559216384683883,0.9537624660018132,0.9487179487179487,0.9516129032258065,0.9541494727189362,0.9414990859232175,0.9466604823747681,0.9503799731783639,0.9331818181818182,0.9304347826086956,0.9337899543378996,0.9316279069767441,0.9263301500682128,0.9228310502283105,0.912180052956752,0.9268730372364289,0.9084003574620196,0.9101985559566786,0.9067095588235294,0.9081952530228392,0.9035486806187443,0.886008046490836,0.897005444646098,0.9000908265213442,0.8945454545454545,0.9083068542896051,0.9112190812720848,0.8965831435079726,0.909009009009009,0.8991674375578168,0.9179440937781785,0.9020044543429844,0.9020785219399539,0.9172033118675254,0.9186624491640307,0.923217550274223,0.9195250659630607,0.9296527159394479,0.9316879682679594,0.9284116331096197,0.9333030852994555,0.9402319357716324,0.9409691629955947,0.9366007194244604,0.9435707678075855,0.9430147058823529,0.9491298527443106,0.9452369995398067,0.9462659380692168,0.9412030755314338,0.9536307961504812,0.9544846050870147,0.9491525423728814,0.9488559892328399,0.945260347129506,0.95,0.9384683488269145,0.9359649122807018,0.9311417147934251,0.9351279788172993,0.9348121321865097,0.9260579064587974,0.931891394385642,0.934841628959276,0.9124444444444444,0.9127640036730946,0.9230425055928412,0.9215063520871143,0.9111012826183105,0.8955823293172691,0.9031221303948577,0.9101277372262774,0.9066606252831898,0.8998136067101584,0.9047186932849365
0.9226190476190477,0.9208988764044944,0.9216757741347905,0.9275830258302583,0.911352329262777,0.9325635103926097,0.9291094373061586,0.9201468563561267,0.933364183248496,0.9252978918423465,0.9347340187751453,0.9386393952867941,0.9277272727272727,0.9416360294117647,0.940959409594096,0.9459336665152204,0.9522075557578517,0.9494252873563218,0.9436307146027519,0.9538116591928251,0.957968476357268,0.9606512890094979,0.9526909722222222,0.9581646423751687,0.9572573463935886,0.9635463546354636,0.9555160142348754,0.9559026182820395,0.9559216384683883,0.9629133154602324,0.9567137809187279,0.9514435695538058,0.9504057709648331,0.9506008010680908,0.9458987783595113,0.940562613430127,0.952063914780293,0.9308510638297872,0.924787133396405,0.9321245932124593,0.9273640931932389,0.9243170622480967,0.9235215651400622,0.93438808748255,0.930316742081448,0.9294280442804428,0.9236781609195402,0.9239894551845342,0.9245960502692998,0.9199288256227758,0.9144736842105263,0.9201814058956916,0.9286681715575621,0.9276633055677335,0.9210758377425045,0.9165545087483177,0.9242957746478874,0.9212707182320442,0.9390130353817505,0.9319301388266905,0.9394077448747152,0.9366576819407008,0.9400272603362109,0.9405405405405406,0.9436241610738255,0.9397802197802197,0.9494180841539839,0.9583892617449664,0.9525919361984936,0.9573333333333334,0.9567177637511272,0.9609544468546638,0.9558689717925387,0.9616788321167883,0.9602558245774326,0.9577092511013215,0.9549218031278749,0.9657348963029756,0.9578900709219859,0.9518451845184518,0.9489704565801254,0.9550870760769936,0.9578898658028691,0.9467028003613369,0.9392565729827742,0.9516953088713423,0.9443447037701975,0.9343612334801762,0.9415231187669991,0.9389712292938099,0.9355716878402904,0.9177469825659366,0.9287003610108303,0.9259936043855642,0.9142595139844109,0.9167785234899329,0.9164795689268074,0.9229741763134461,0.9165551093261937,0.9263110307414105
0.931063829787234,0.9396628216503993,0.9296594982078853,0.9371508379888268,0.9423076923076923,0.9429223744292238,0.946094106898127,0.940018315018315,0.9497777777777778,0.9565995525727069,0.9483814523184602,0.9485428051001822,0.9514563106796117,0.9497054825555052,0.9582959641255605,0.9629462268413918,0.9606868504292815,0.9495225102319236,0.9684901531728666,0.9707470747074708,0.9627006610009443,0.972072072072072,0.9683830171635049,0.97362539114886,0.9625835189309577,0.9734796524919982,0.9678540399652477,0.9630281690140845,0.9727154612386314,0.9705215419501134,0.9603563474387528,0.968623935454953,0.9669832654907282,0.9585930543187889,0.957341715312079,0.9623302671922909,0.9534132841328413,0.9552864462040056,0.941304347826087,0.9471526195899772,0.9456767768220914,0.9482448244824483,0.9470802919708029,0.9410977242302544,0.9314586994727593,0.9403606102635229,0.9409707039790118,0.9341864716636198,0.9429708222811671,0.933058230169647,0.9338990620812863,0.9298794104510942,0.9449248975876194,0.9486255069851285,0.9460431654676259,0.9372937293729373,0.9468864468864469,0.9476211261457879,0.9456912028725314,0.9473447344734474,0.9473222124670764,0.9496336996336996,0.9503078276165348,0.9543587403012324,0.9558417663293468,0.9635791366906474,0.9647919524462735,0.9622040072859745,0.9660018132366274,0.9624664879356568,0.9632580787959274,0.9666353383458647,0.9689141856392294,0.9749772520473158,0.9638659120592077,0.9696292987941045,0.9719626168224299,0.9732183386291421,0.968478757423481,0.9639722863741339,0.9636032757051866,0.9655635062611807,0.9600347523892268,0.9536832818703131,0.9566605839416058,0.9448244414044688,0.9517684887459807,0.9523381294964028,0.9467749210645016,0.9489150090415913,0.9409881061299177,0.9451927542963307,0.9424364123159303,0.9388204225352113,0.9414746543778801,0.935,0.9426666666666667,0.9389692585895117,0.9298007246376812,0.9458980044345898
0.9611479028697572,0.9461504227859368,0.9522292993630573,0.9500442086648984,0.9543459174714662,0.9638392857142857,0.9575645756457565,0.9573002754820936,0.9624478442280946,0.9523809523809523,0.9635776855693868,0.954079358002675,0.9729490022172949,0.970522554711925,0.9704679691049523,0.9681528662420382,0.9739442946990117,0.968425800631484,0.9708866343184825,0.9736371760500446,0.9758877685225779,0.9734748010610079,0.9712134632418069,0.9797701149425287,0.9817127564674398,0.9729357798165138,0.9697108765488757,0.975909090909091,0.9746835443037974,0.9743354720439963,0.97506678539626,0.9649438202247191,0.9735763097949887,0.9694244604316546,0.9681818181818181,0.9664459161147902,0.9637096774193549,0.9625912408759124,0.9610270518110958,0.9597806215722121,0.9580674567000912,0.9534574468085106,0.9567219152854513,0.9629629629629629,0.9627103228740337,0.9493441881501583,0.9578797917652626,0.9531615925058547,0.9547053649956024,0.9495040577096483,0.954647507858105,0.9555353901996371,0.9538532533456391,0.9542805916629314,0.9581818181818181,0.9516358463726885,0.9550408719346049,0.9505736981465137,0.9629470056010341,0.9670533642691416,0.9494859186410372,0.9542572463768116,0.9616232906925453,0.9718693284936479,0.9655635062611807,0.9773534635879219,0.9673262770363553,0.9653964082347788,0.9759963768115942,0.967713004484305,0.9716765646413887,0.9739726027397261,0.9761261261261261,0.9710477941176471,0.9808377896613191,0.9787330316742081,0.973501303214596,0.9729357798165138,0.9782016348773842,0.9640933572710951,0.9670231729055259,0.972348141432457,0.9718624385886556,0.9645547186530793,0.9669084315503174,0.9659834278238116,0.9559633027522936,0.9619004930524429,0.9675821701936065,0.960496095544327,0.9579139981701739,0.9564436461607544,0.963209219858156,0.9508497932935231,0.9437362637362637,0.9558626839054837,0.9425690486628672,0.946129470348574,0.9489115948467348,0.9553450608930988
0.9684115523465704,0.9621621621621622,0.9617633828160144,0.9662280701754385,0.9658839167035889,0.9658198614318707,0.9643164230438521,0.9666080843585237,0.9677270631627478,0.9707835325365206,0.9712897526501767,0.9709811146936895,0.9712746858168761,0.9743705035971223,0.9783664459161148,0.9722853248523399,0.973859105006646,0.9775985663082437,0.9790050205385669,0.9868659420289855,0.9775641025641025,0.9831186139493558,0.9796656122910077,0.9821100917431193,0.9780521262002744,0.9833333333333333,0.9856951274027715,0.9828345070422535,0.9755772646536413,0.976692066337965,0.9789803220035778,0.979175704989154,0.9786557674841053,0.978002639683238,0.9737762237762237,0.9777084262148907,0.971894832275612,0.9721206581352834,0.9710338680926917,0.9748566387295986,0.967654986522911,0.9607843137254902,0.9699316628701594,0.9599263012436665,0.9624943515589697,0.9625220458553791,0.9626373626373627,0.9693363844393593,0.96386630532972,0.9627272727272728,0.9659955257270694,0.9620767494356659,0.9588793492995933,0.9593205185516317,0.9675555555555555,0.9686346863468634,0.9692239072256913,0.971480307831598,0.9699453551912568,0.9682468694096601,0.9736957474791758,0.9692237023426734,0.9722346618898343,0.9695454545454546,0.9723953695458593,0.9747191011235955,0.9737310774710597,0.9786460699681963,0.9820305480682839,0.9812332439678284,0.9846153846153847,0.9772528433945756,0.9824324324324324,0.984,0.9832806145503841,0.985579089680036,0.9816554809843401,0.9851007887817704,0.9826086956521739,0.9804469273743017,0.9792512404149752,0.9723374827109267,0.977112676056338,0.9804618117229129,0.9746720940750792,0.9741496598639455,0.9829977628635347,0.9739442946990117,0.9658273381294964,0.9773653236758715,0.9713902548055431,0.9730716567777271,0.9685840707964601,0.9698046181172292,0.9610738255033557,0.9625055138950155,0.9648798521256932,0.9672276350752879,0.9616944569625958,0.962358276643991
0.97955474784189,0.9733273056057866,0.9738010657193605,0.9795464650955981,0.9768089053803339,0.9744279946164199,0.9758172861621137,0.9808917197452229,0.9760479041916168,0.9786286731967943,0.982174688057041,0.9786381842456608,0.9839270199826238,0.9771585198720877,0.9787330316742081,0.9829136690647482,0.9815384615384616,0.9837251356238698,0.9911032028469751,0.9862222222222222,0.9864986498649865,0.9888059701492538,0.9892617449664429,0.9844251030691709,0.9916739702015775,0.9933274021352313,0.9866429207479964,0.9870939029817535,0.9906542056074766,0.9859665006790402,0.9846084200995926,0.9828905898244035,0.9845944721341187,0.9871111111111112,0.9868301544050863,0.9865100087032201,0.9851083032490975,0.9832199546485261,0.9785618579723091,0.9879410451094238,0.9860108303249098,0.9753086419753086,0.9767653758542141,0.9801891040072039,0.9806985294117647,0.9711934156378601,0.9755137735024049,0.9776867030965392,0.9775805698271836,0.9797205948625507,0.9755656108597285,0.9752028854824166,0.9712029725963771,0.9756421612046059,0.9706287287746673,0.9829977628635347,0.974626189397372,0.9808035714285714,0.9762448606669712,0.9784798534798534,0.9741681260945709,0.9805481874447391,0.9778565101860053,0.9791572270049841,0.9847361535106847,0.9843260188087775,0.9800833719314498,0.989800649049606,0.9881656804733728,0.9848754448398577,0.9846153846153847,0.9862258953168044,0.987764705882353,0.9896489648964897,0.9880404783808647,0.984506418769367,0.9846153846153847,0.990282276723739,0.9852738150023009,0.9890660592255125,0.9871559633027523,0.9862710363153233,0.9862385321100917,0.9822930500221337,0.9806306306306306,0.980106100795756,0.9854368932038835,0.979470802919708,0.9821667409719126,0.9763157894736842,0.9819542253521126,0.9806219017575485,0.9795733091239219,0.9722979109900091,0.974934036939314,0.9765625,0.978095663835494,0.972936400541272,0.978742249778565,0.9777777777777777
0.9866131191432396,0.9807864164432529,0.9875500222321032,0.9831932773109243,0.9857076994006455,0.98753339269813,0.9836956521739131,0.9881818181818182,0.9891107078039928,0.987072945521699,0.9866962305986696,0.9876260311640697,0.9893899204244032,0.9890542907180385,0.9890909090909091,0.992284612087441,0.9921121822962313,0.9920494699646644,0.988898756660746,0.9919173776380781,0.9917355371900827,0.9931066176470589,0.9911621741051702,0.9895691609977324,0.9901873327386262,0.9895927601809955,0.9909297052154195,0.9885844748858448,0.9894398530762167,0.9941096511101042,0.9930907415937356,0.9887539361223572,0.9912804038549794,0.9897911832946635,0.98757212605415,0.9906890130353817,0.9859464207290294,0.9824403421882035,0.9842696629213483,0.988677536231884,0.9824644549763033,0.9852193995381062,0.9847826086956522,0.9878158844765343,0.9886363636363636,0.9870069605568446,0.9844236760124611,0.9844179651695693,0.989786443825441,0.9843819723337796,0.9870824053452116,0.9844651575676875,0.9815413013382557,0.9859918662449164,0.9845474613686535,0.9881818181818182,0.9858705560619873,0.9860799281544679,0.9882139619220308,0.984757505773672,0.9821428571428571,0.9906997342781222,0.9891353553644183,0.9874720357941834,0.9898499558693733,0.9917279411764706,0.9875403784033225,0.991207774178621,0.9892809289861545,0.9892617449664429,0.991324200913242,0.9915690866510538,0.9945553539019963,0.9922902494331066,0.9908382959230417,0.9928603302097277,0.9903492647058824,0.9906500445235975,0.9914529914529915,0.992198256080771,0.9906749555950266,0.9895691609977324,0.9877938517179023,0.9927830401443392,0.9862344582593251,0.9894252873563218,0.9906666666666667,0.9912319158263919,0.9862888482632541,0.985663082437276,0.9875576036866359,0.983004134129536,0.9909706546275395,0.9827976459936623,0.984375,0.986130374479889,0.9827976459936623,0.9859601449275363,0.9864213753832677,0.9851551956815114
0.9918404351767905,0.9916225749559083,0.9871428571428571,0.9944649446494465,0.9873073436083409,0.9904197080291971,0.9913557779799818,0.9914988814317673,0.9940092165898617,0.9917695473251029,0.9923903312444047,0.9925274725274725,0.9951132829853399,0.9929840972871843,0.9942477876106195,0.9944315545243619,0.9958734525447043,0.9947575360419397,0.9950606196677144,0.9945701357466064,0.9958772331653688,0.9937555753791257,0.9932945909700491,0.9968875055580257,0.9967622571692877,0.9968282736746715,0.9958866544789763,0.9955869373345102,0.9930705933304461,0.9959568733153639,0.9946761313220941,0.9959386281588448,0.9941808415398389,0.9955015744489428,0.9935897435897436,0.9915966386554622,0.9932765575974899,0.9894273127753304,0.9946595460614153,0.9947368421052631,0.9918144611186903,0.9931318681318682,0.9884904825143869,0.9960070984915705,0.9954669084315503,0.9906749555950266,0.9887488748874887,0.9931880108991825,0.9923111714156491,0.9884598313359965,0.9934952298352124,0.9885260370697264,0.9901960784313726,0.9907529722589168,0.9901960784313726,0.9944928866452502,0.9907038512616202,0.9903972064600611,0.995489400090212,0.9891891891891892,0.9918515165233137,0.9935205183585313,0.9922867513611615,0.9944598337950139,0.9941860465116279,0.992773261065944,0.9938154138915318,0.9927569035762789,0.9955015744489428,0.9955985915492958,0.9972985141828006,0.9962894248608535,0.9964028776978417,0.9951262738147985,0.997310623038996,0.996299722479186,0.9964077233947014,0.9942273534635879,0.9937135159407274,0.9950226244343892,0.9916782246879334,0.9945921586300135,0.9921296296296296,0.9935245143385754,0.9955555555555555,0.9912482726853984,0.9935364727608494,0.9937360178970918,0.9925634295713036,0.9908966772872099,0.9920844327176781,0.991635687732342,0.9910031488978858,0.9914651493598862,0.9895502044525216,0.9942401417811254,0.9913793103448276,0.990063233965673,0.99128160418483,0.9862344582593251
0.9965855740503627,0.9963882618510158,0.9935034802784223,0.9973357015985791,0.9953980671882191,0.9959749552772809,0.9973498233215548,0.9977708426214891,0.9976547842401501,0.9972826086956522,0.9995571302037201,0.9963603275705186,0.9981851179673321,0.9972514887769125,0.9950760966875559,0.9963353183692166,0.9977487618190004,0.9963353183692166,0.9986553115194979,0.9986462093862816,0.9990925589836661,0.9986708019494904,0.997744700045106,0.998220640569395,0.9972826086956522,0.9995431703974418,0.9977568416330193,0.9981851179673321,0.9968861209964412,0.9977866312527667,0.9986631016042781,0.9990982867448152,0.9968888888888889,0.9963603275705186,0.9972813774354327,0.9982142857142857,0.9955396966993756,0.997737556561086,0.9968325791855204,0.9977303676804358,0.9964028776978417,0.9965307892454467,0.9968253968253968,0.9950848972296693,0.9977406235878897,0.9963285910968334,0.9954441913439636,0.9977426636568849,0.9948550046772685,0.9949977262391997,0.9963636363636363,0.9982448442299254,0.9955015744489428,0.9972801450589301,0.9967978042086002,0.9958960328317373,0.9963915200721696,0.9967845659163987,0.9954710144927537,0.9981801637852593,0.9981834695731153,0.9968736042876284,0.996301433194637,0.9955654101995566,0.9977807367953839,0.9977457168620378,0.9967992684042066,0.9972652689152234,0.9986136783733827,0.9964237818506929,0.9986425339366516,0.9977708426214891,0.9968791796700847,0.9964285714285714,0.998237108858528,0.999540018399264,0.9990825688073395,0.9969217238346526,0.9968051118210862,0.9954483386436049,0.9963065558633426,0.9987046632124352,0.9982363315696648,0.9973142345568488,0.9986149584487535,0.9977528089887641,0.9982463831652784,0.9977608598298253,0.9977252047315741,0.9972936400541272,0.9972451790633609,0.9977416440831075,0.9949748743718593,0.9977598566308243,0.9963520291837665,0.9955116696588869,0.9959731543624161,0.9973878972572922,0.9945823927765237,0.9955035971223022
0.9995410738871042,0.998653500897666,0.9995573262505534,0.9995348837209302,0.9982502187226596,0.9976990335941095,1.0,0.9990999099909991,0.9986631016042781,1.0,0.9995501574448943,0.9973357015985791,0.9991150442477876,0.9995462794918331,0.9995410738871042,1.0,0.9995519713261649,0.9990900818926297,0.9995499549954996,0.999554565701559,1.0,0.998180991359709,1.0,0.9990762124711317,1.0,1.0,0.9995571302037201,0.9995525727069351,1.0,0.9995353159851301,0.9995440036479708,0.9995600527936648,0.9995452478399273,0.999554367201426,0.9991107158737217,0.99909338168631,1.0,0.9991285403050109,0.9990693345742205,0.9995555555555555,0.9990946129470348,0.9995495495495496,0.9990800367985281,0.9981498612395929,0.9995444191343964,0.9991079393398751,1.0,0.9995579133510168,1.0,0.9995541685242978,0.998653500897666,0.9991087344028521,0.999113867966327,0.9995517705064993,0.9986743261157756,0.9991169977924945,0.9991067440821796,0.9990774907749077,0.998223011994669,0.9991079393398751,0.9991107158737217,0.9995466908431551,1.0,1.0,0.9995433789954338,0.9995561473590768,0.9991039426523297,0.9991122947181535,0.9995527728085868,0.9995462794918331,0.9995672868887927,0.9995462794918331,0.9995547640249333,0.9995617879053462,1.0,1.0,0.9991107158737217,1.0,0.9995481247175779,0.9995450409463148,1.0,1.0,0.9986631016042781,0.9995361781076066,1.0,1.0,0.9995487364620939,0.9986257443884563,0.9981916817359855,0.999553770638108,1.0,0.9982773471145564,0.9991039426523297,0.999548532731377,0.9991262560069899,0.9981908638625057,0.9977241693218024,0.9995594713656387,0.9973427812223207,0.9990950226244344
1.0,1.0,1.0,1.0,1.0,1.0,1.0,1.0,1.0,1.0,1.0,1.0,1.0,1.0,1.0,1.0,1.0,1.0,1.0,1.0,1.0,1.0,1.0,1.0,1.0,1.0,1.0,1.0,1.0,1.0,1.0,1.0,1.0,1.0,1.0,1.0,1.0,1.0,1.0,1.0,1.0,1.0,1.0,1.0,1.0,1.0,1.0,1.0,1.0,1.0,1.0,1.0,1.0,1.0,1.0,1.0,1.0,1.0,1.0,1.0,1.0,1.0,1.0,1.0,1.0,1.0,1.0,1.0,1.0,1.0,1.0,1.0,1.0,1.0,1.0,1.0,1.0,1.0,1.0,1.0,1.0,1.0,1.0,1.0,1.0,1.0,1.0,1.0,1.0,1.0,1.0,1.0,1.0,1.0,1.0,1.0,1.0,1.0,1.0,1.0
