1.0,1.0,1.0,1.0,1.0,1.0,1.0,1.0,1.0,1.0,1.0,1.0,1.0,1.0,1.0,1.0,1.0,1.0,1.0,1.0,1.0,1.0,1.0,1.0,1.0,1.0,1.0,1.0,1.0,1.0,1.0,1.0,1.0,1.0,1.0,1.0,1.0,1.0,1.0,1.0,1.0,1.0,1.0,1.0,1.0,1.0,1.0,1.0,1.0,1.0,1.0,1.0,1.0,1.0,1.0,1.0,1.0,1.0,1.0,1.0,1.0,1.0,1.0,1.0,1.0,1.0,1.0,1.0,1.0,1.0,1.0,1.0,1.0,1.0,1.0,1.0,1.0,1.0,1.0,1.0,1.0,1.0,1.0,1.0,1.0,1.0,1.0,1.0,1.0,1.0,1.0,1.0,1.0,1.0,1.0,1.0,1.0,1.0,1.0,1.0
0.999113867966327,1.0,1.0,0.9995489400090212,1.0,0.9991011235955056,1.0,0.9990762124711317,0.9995565410199556,0.9995448338643604,1.0,0.9986295111923252,0.9995410738871042,0.9995408631772268,0.9991011235955056,0.9990978800180425,0.9986181483187471,0.9995385325334564,0.999104744852283,1.0,1.0,0.9995535714285714,0.9990995047276002,0.9986244841815681,1.0,1.0,0.9990706319702602,1.0,1.0,1.0,1.0,0.9995468962392388,1.0,1.0,1.0,0.9995456610631531,1.0,1.0,1.0,0.9990904956798545,0.9991193306913254,1.0,1.0,0.9995475113122172,0.9995456610631531,1.0,1.0,1.0,0.9995621716287215,1.0,0.9995657837603127,1.0,0.9995590828924162,1.0,0.9990892531876139,0.9982142857142857,0.9991063449508489,0.9995389580451821,0.9995499549954996,0.9986282578875172,0.9995477159656264,1.0,0.9995501574448943,0.9985727878211227,1.0,0.9995561473590768,0.9995460735360872,0.9995374653098983,0.9990921470721743,1.0,0.9990817263544536,0.9995525727069351,0.9990995047276002,1.0,1.0,1.0,1.0,1.0,0.9995398067188219,0.9990850869167429,1.0,1.0,1.0,0.9995421245421245,1.0,0.9991111111111111,0.9995491433724075,1.0,1.0,1.0,0.9995567375886525,1.0,0.9995402298850574,0.9995429616087751,0.9995491433724075,0.999536822603057,0.9995515695067264,1.0,1.0,0.9991099243435692
0.9986288848263254,0.9986702127659575,0.9986326344576116,0.9973214285714286,0.9981558321807285,0.9963768115942029,0.9986257443884563,0.9977628635346756,0.9949378739070409,0.9990791896869244,0.9959982214317474,0.99867197875166,0.9973250111457869,0.9946452476572959,0.9950045413260672,0.9972875226039783,0.9964958388085852,0.9973544973544973,0.9960017769880053,0.9950539568345323,0.997200186654223,0.9995408631772268,0.9977728285077951,0.9977528089887641,0.9986020503261882,0.9972652689152234,0.9978021978021978,0.9990904956798545,0.998693948628646,0.9981760145918832,0.9982198486871384,0.9982425307557118,0.9986818980667839,0.9986749116607774,0.9981718464351006,0.9981908638625057,0.9987102321582115,0.999137187230371,0.9991181657848325,0.9995659722222222,0.9986301369863013,1.0,0.998218262806236,0.9986824769433466,0.9990974729241877,0.9981941309255079,0.9991075412762159,0.9981343283582089,0.9986672589960017,0.9990774907749077,0.9995596653456627,0.9968736042876284,0.9977797513321492,0.9986251145737856,0.9968496849684968,0.9959875167186804,0.9981924988703118,0.9950936663693131,0.997791519434629,0.9986078886310905,0.9969257795344751,0.9977708426214891,0.9986888111888111,0.9972960793150067,0.9953509995351,0.9981981981981982,0.9981659789087575,0.9986893840104849,0.9972801450589301,0.9982532751091703,0.9986388384754991,0.9986406887177164,0.9995529727313366,0.9995495495495496,0.9986313868613139,0.9986326344576116,0.9995393827729157,0.9969325153374233,0.9981438515081207,0.9995610184372257,0.9995423340961098,0.9986754966887417,0.99909338168631,0.9977406235878897,1.0,0.9986238532110092,0.998227735932654,0.9990867579908675,0.9977528089887641,0.9986130374479889,0.9995378927911276,0.9986607142857142,1.0,0.9976894639556377,0.998212689901698,0.9977283053157655,0.9981924988703118,0.9990871748060246,0.9973357015985791,0.9986425339366516
0.9972813774354327,0.996031746031746,0.9946476360392507,0.9943714821763602,0.9928983577452286,0.9964253798033958,0.9954607353608715,0.9938025675077468,0.9901212393354288,0.9935394554683895,0.9946332737030411,0.9940774487471526,0.9920177383592018,0.9914568345323741,0.9933184855233853,0.9918070095584889,0.9933657673595754,0.9950248756218906,0.9959785522788204,0.9940476190476191,0.9959767545820295,0.9960070984915705,0.9958904109589041,0.9959183673469387,0.9963536918869644,0.9977983267283135,0.9958314034275128,0.9968496849684968,0.9968777876895629,0.9968468468468469,0.9981481481481481,0.99685110211426,0.9969257795344751,0.9973579920739762,0.9968861209964412,0.9986376021798365,0.9985902255639098,0.9955317247542449,0.9972552607502287,0.9959367945823928,0.9972924187725631,0.9964253798033958,0.9973082099596231,0.9972875226039783,0.9968916518650088,0.9973094170403587,0.995985727029438,0.9972337482710927,0.9936651583710407,0.9968425800631484,0.994165170556553,0.9963503649635036,0.994273127753304,0.9941388638412985,0.9932401982875169,0.994193836534167,0.9943714821763602,0.9888042991491267,0.9906542056074766,0.991953509164059,0.9913321167883211,0.9913675601999091,0.9924410849266341,0.9952173913043478,0.9935364727608494,0.9920318725099602,0.9912361623616236,0.9959910913140312,0.9950848972296693,0.994967978042086,0.9946690359840071,0.9956178790534619,0.9953746530989824,0.9978118161925602,0.9964664310954063,0.9973045822102425,0.9938811188811189,0.998641304347826,0.9960698689956332,0.9951219512195122,0.9973070017953322,0.9968454258675079,0.998162609095085,0.9977578475336323,0.997332147621165,0.9982070820259973,0.9973427812223207,0.9991091314031181,0.9986419194205522,0.9981710105166895,0.9968861209964412,0.9972260748959778,0.9973154362416108,0.9963420210333791,0.9976733364355514,0.9959821428571428,0.9959605026929982,0.9982022471910112,0.9949261992619927,0.9963898916967509
0.9923423423423423,0.9933891582194799,0.9919101123595505,0.9889331562638336,0.9886363636363636,0.9905234657039711,0.9890686488850022,0.9883251010327795,0.9901565995525727,0.9862009486847779,0.9894446994033961,0.9843540455967814,0.9910793933987511,0.9866379310344827,0.9850543478260869,0.9915254237288136,0.9894505494505494,0.989237668161435,0.9936936936936936,0.9846760070052539,0.9919499105545617,0.9903804110188019,0.9908634079488351,0.993676603432701,0.9933510638297872,0.9937304075235109,0.9914950760966875,0.993368700265252,0.9953139643861293,0.9942452412571935,0.9935275080906149,0.9965171963430561,0.996005326231691,0.9950650515926425,0.9946595460614153,0.9946642952423299,0.99822695035461,0.995945945945946,0.9968268359020852,0.9940229885057471,0.9959623149394348,0.9941203075531434,0.9941625505163898,0.9944725932749885,0.9951413427561837,0.9960387323943662,0.9941203075531434,0.9962370649106302,0.9943502824858758,0.9885159010600707,0.9924174843889384,0.990578734858681,0.992818671454219,0.9919821826280624,0.9906458797327394,0.9913675601999091,0.9875,0.9877049180327869,0.9867080194949047,0.9876993166287016,0.9832007073386384,0.9895596913300045,0.9884290164663997,0.9879625501560411,0.9855612482533768,0.9910634495084897,0.989507299270073,0.9868651488616462,0.9902325581395349,0.9889400921658986,0.990036231884058,0.9885844748858448,0.9924511545293073,0.9884700665188471,0.9932825794894761,0.9911504424778761,0.994193836534167,0.9923111714156491,0.9946737683089214,0.9955116696588869,0.9958734525447043,0.995,0.9977507872244714,0.9972677595628415,0.9976808905380334,0.9958677685950413,0.9926706367384334,0.9977053694355209,0.9972850678733032,0.9951132829853399,0.9965217391304347,0.9953445065176909,0.9963898916967509,0.9914375844975214,0.9932126696832579,0.9955595026642984,0.9950870924519875,0.9933598937583001,0.9942324755989352,0.9910634495084897
0.9915405164737311,0.9874439461883409,0.987563334868724,0.9893469198703103,0.9870881567230633,0.9836956521739131,0.9895359417652412,0.9817939609236235,0.9865491651205937,0.9771829749890303,0.9845524761472059,0.9809656453110492,0.9786654561960962,0.983370786516854,0.9789196310935442,0.9836660617059891,0.979381443298969,0.9840071079520213,0.9824715162138475,0.9799643811219947,0.9774236387782205,0.9825190497534738,0.9900542495479204,0.9835482436638506,0.9898094816127603,0.9882406151062868,0.9863556338028169,0.9878760664571172,0.9882671480144405,0.9933125278644672,0.9920844327176781,0.995049504950495,0.9950892857142857,0.9937022042285201,0.994535519125683,0.9953596287703016,0.9918330308529946,0.997228637413395,0.9954853273137697,0.9935779816513761,0.9964061096136568,0.9949308755760369,0.9927634554500226,0.9941625505163898,0.9905362776025236,0.9891696750902527,0.9864332603938731,0.9912037037037037,0.9916410030796304,0.9881115683584819,0.9900045433893685,0.9845524761472059,0.9799301919720768,0.9850154252974879,0.9857461024498887,0.9830430797433547,0.9820386169735069,0.9822161422708618,0.9858532272325375,0.9781191806331471,0.9820110701107011,0.9835990888382687,0.9850286217525319,0.979413053000438,0.9789377289377289,0.9832229580573951,0.9827742520398912,0.9876656007309274,0.9870304114490162,0.9834747655203215,0.9788639365918098,0.9844890510948905,0.9835992907801419,0.9869721473495059,0.9855006796556411,0.9927272727272727,0.9843821773082223,0.987324581258488,0.9905575539568345,0.9890710382513661,0.992393736017897,0.9897367246764837,0.9942067736185384,0.9941546762589928,0.9910554561717353,0.9927470534904805,0.9947043248014121,0.9943280977312391,0.9920948616600791,0.9947206335239771,0.9945305378304466,0.9922374429223745,0.9929109437306158,0.9896068685042928,0.9904021937842779,0.9878504672897196,0.9886363636363636,0.9918367346938776,0.9904891304347826,0.9865711727842436
0.9825970548862115,0.9833857207004939,0.9822616407982262,0.9760319573901465,0.976391982182628,0.9805910895456551,0.9751356238698011,0.9807162534435262,0.9741878059635068,0.9705494505494505,0.9763603925066905,0.9705747126436781,0.9738789725729212,0.973767526006332,0.9780921953445915,0.9694482444140446,0.9722727272727273,0.9714544630720435,0.9752252252252253,0.9708188153310104,0.9757815940114487,0.980135440180587,0.9761061946902655,0.9824394874228761,0.9751805054151624,0.9810126582278481,0.9882096069868995,0.9830353049060064,0.9841269841269841,0.9848417298261257,0.9893190921228304,0.9868001820664543,0.9910071942446043,0.9872974156811213,0.9940366972477064,0.9930971007823286,0.990829694323144,0.9936276741010469,0.9906542056074766,0.9906790945406125,0.9902597402597403,0.9918552036199095,0.9908717480602465,0.9882671480144405,0.988594890510949,0.9836734693877551,0.9868131868131869,0.9809565987599645,0.9825892857142857,0.9808803912850156,0.9816593886462882,0.9784543325526932,0.9808219178082191,0.9773857982813207,0.9772329246935202,0.9773960216998192,0.9761797752808988,0.9764599366229063,0.9746606334841629,0.9728997289972899,0.9734353894642053,0.972972972972973,0.972658000896459,0.9755535055350554,0.9769094138543517,0.9781520254893036,0.9766697163769442,0.972072072072072,0.9814729041222788,0.9721723518850988,0.9751693002257337,0.9797297297297297,0.9766313932980599,0.98193315266486,0.9833931777378815,0.9862771137671537,0.9798657718120806,0.9870593485051317,0.9870246085011186,0.9873417721518988,0.9873873873873874,0.9876706296785557,0.9920141969831411,0.9916782246879334,0.9910031488978858,0.9935926773455378,0.9891961970613656,0.9941520467836257,0.9924812030075187,0.9937444146559428,0.9931569343065694,0.9928793947485536,0.9922867513611615,0.9878433138226025,0.9882830103650293,0.9883772910147519,0.9878787878787879,0.9891647855530474,0.9828905898244035,0.9862222222222222
0.9771897810218978,0.9744525547445255,0.9724444444444444,0.971256374594344,0.9649122807017544,0.9677280550774526,0.9729849424269265,0.9591567852437418,0.9718875502008032,0.972,0.9597726278968081,0.9592304168575355,0.9606967396159,0.9647793134195274,0.954647507858105,0.9606542882404951,0.9663330300272975,0.9620366234926306,0.9645103324348607,0.9660493827160493,0.9593023255813954,0.9743011722272318,0.9712793733681462,0.9758139534883721,0.9810070671378092,0.9801894918173988,0.9806593406593407,0.9783783783783784,0.9817184643510055,0.9813211845102505,0.9790178571428572,0.9870013446884806,0.9831634913602126,0.9880106571936057,0.989356779268857,0.9877991553261379,0.9838003502626971,0.9885057471264368,0.9884898710865562,0.9854677565849228,0.9847942754919499,0.9891205802357208,0.9861915367483296,0.9879679144385026,0.9812080536912752,0.9821587867975022,0.9786460699681963,0.983613817537644,0.9777874564459931,0.9746891651865008,0.9724890829694323,0.9679023508137432,0.9705749207786328,0.9750778816199377,0.9726824899238692,0.9615040286481648,0.9636281993713516,0.9708480565371025,0.967420814479638,0.9620194534506716,0.9677274764679515,0.9630796938316074,0.9613483146067415,0.9657973492945703,0.9617097061442564,0.96800360522758,0.9665291150848234,0.9699869508481949,0.9664855072463768,0.9694960212201591,0.9668202764976959,0.9746891651865008,0.9738562091503268,0.9698934691987031,0.9726900318616295,0.9813499111900533,0.9802955665024631,0.9779874213836478,0.9810405643738977,0.9764434180138568,0.9781181619256017,0.9871624612660469,0.9910634495084897,0.9833183047790802,0.9856887298747764,0.9826512455516014,0.9874942102825383,0.9899122807017544,0.9855326611135466,0.9844789356984479,0.9869394862864606,0.9846846846846847,0.9878378378378379,0.984,0.9833406400701447,0.9834254143646409,0.9804008908685968,0.9719251336898396,0.9782993799822852,0.9722348657259899
0.9751724137931035,0.9606227106227107,0.963302752293578,0.9632352941176471,0.9600538599640933,0.9663023679417122,0.9645776566757494,0.958656330749354,0.9569120287253142,0.9543459174714662,0.9506885828520657,0.9433216168717048,0.9589766210851345,0.9528558476881233,0.9475638051044084,0.9560699102503543,0.9492785308264101,0.9566964285714286,0.9565602836879432,0.9590565198041834,0.963794683776352,0.9654708520179373,0.9590239410681399,0.9640479360852197,0.9616557734204793,0.9689468946894689,0.9749772520473158,0.9741992882562278,0.9719750889679716,0.9770580296896086,0.9803921568627451,0.9786848072562359,0.9784075573549258,0.9823529411764705,0.9819383259911895,0.9841565703634669,0.984360625574977,0.9855138071525578,0.9829136690647482,0.9837177747625508,0.9851980844579887,0.9765448804691024,0.9801980198019802,0.9784366576819407,0.9804456571168713,0.974649162516976,0.9725055432372506,0.9738651994497937,0.9672057502246182,0.9700184501845018,0.9654408506867523,0.9676823638042474,0.9618008185538881,0.9618286728806036,0.9583140342751274,0.9563652721547459,0.9526523454625164,0.9584235599826765,0.9552042160737813,0.9563040509786072,0.9556541019955654,0.9498404012767898,0.9462616822429907,0.9568888888888889,0.9496535796766744,0.9524655708573967,0.9615906009941256,0.9606046724690792,0.9570277529095792,0.9587962962962963,0.9626666666666667,0.9575559701492538,0.9614855570839065,0.9636614535418583,0.9699530516431925,0.9598012646793135,0.974910394265233,0.9757602468047598,0.9790552584670231,0.982424515547544,0.9846846846846847,0.9786751361161524,0.9836716681376876,0.9852602487333026,0.980193661971831,0.9885764499121266,0.9877883310719131,0.9840425531914894,0.9810885608856088,0.9790645879732739,0.9813084112149533,0.9836512261580381,0.979081400636653,0.9856179775280899,0.9803321678321678,0.9772423025435074,0.9765486725663717,0.967713004484305,0.9658828953434763,0.9625912408759124
0.9516562220232766,0.9542805916629314,0.951885565669701,0.9571810883140054,0.9534988713318284,0.952316076294278,0.9454297407912687,0.9431072210065645,0.9479587258860476,0.9406593406593406,0.9414394278050962,0.9386834986474302,0.9348922512608895,0.9386854874283194,0.9403446752098984,0.9360544217687075,0.9394639556377079,0.9478798586572438,0.9563848920863309,0.9432753888380604,0.939689578713969,0.955237242614145,0.9509283819628647,0.95125284738041,0.9622132253711201,0.9513336452971455,0.9631129104813315,0.9672498878420817,0.963855421686747,0.9697516930022574,0.9714544630720435,0.9727313366115333,0.9772933696639419,0.9789709172259508,0.9801412180052956,0.9790718835304822,0.9752321981424149,0.9787234042553191,0.9798165137614679,0.9802458296751536,0.9759510275470048,0.9778681120144534,0.9764065335753176,0.9783509903270382,0.9753312014618547,0.9687080911935628,0.9760900140646976,0.9712389380530974,0.9660861594867094,0.9611780455153949,0.9607935758148323,0.9546049759930162,0.9503448275862069,0.9561443581544085,0.9473920863309353,0.9588918677390528,0.9521322889469104,0.9553651938683498,0.947536496350365,0.9444933920704845,0.9415641476274165,0.9341692789968652,0.9401473296500921,0.9497964721845319,0.9419014084507042,0.9443684450524396,0.9349593495934959,0.9401709401709402,0.9428442844284428,0.943649373881932,0.9604365620736699,0.9570776255707762,0.9487858719646799,0.9554022988505747,0.9477611940298507,0.958904109589041,0.967128027681661,0.9599118942731277,0.9752860411899313,0.9669832654907282,0.9727861771058315,0.9764599366229063,0.9788732394366197,0.9801533603969328,0.9786751361161524,0.9807174887892377,0.9772016092981672,0.9794091316025068,0.9772313296903461,0.9788505747126437,0.9774136403897254,0.9792626728110599,0.9766536964980544,0.978202846975089,0.972997299729973,0.9724556489262371,0.9669832654907282,0.9618039576622182,0.9633928571428572,0.9590747330960854
0.9484018264840183,0.958692691783931,0.9381301558203483,0.9446209714026328,0.9402319357716324,0.9286355475763016,0.9253731343283582,0.937007874015748,0.9333633498424133,0.9336343115124154,0.9351520572450805,0.9267962042476277,0.9289248762932973,0.9367201426024956,0.9316048278945016,0.9249547920433996,0.9365517241379311,0.9279080053073862,0.9325396825396826,0.9334831460674158,0.9391424619640387,0.9394217530977512,0.9498632634457612,0.9388286334056399,0.9493670886075949,0.9528772088808337,0.9501165501165502,0.9593460008837826,0.9557211749232792,0.9560185185185185,0.9617805755395683,0.9658119658119658,0.9686274509803922,0.96671354899203,0.9738621000450653,0.9755011135857461,0.9777777777777777,0.9817858729453576,0.9808306709265175,0.9688473520249221,0.9730551933941765,0.9718875502008032,0.973672663448881,0.9702222222222222,0.9625570776255707,0.9645359019264448,0.9648217636022514,0.9610332749562172,0.9599056603773585,0.9526682134570765,0.9477095937770095,0.9475125513464172,0.9309225776541493,0.9431868619618287,0.9358974358974359,0.934228187919463,0.9320518551631649,0.9291722000885347,0.939106901217862,0.922282120395328,0.9245621912887292,0.9266968325791856,0.9315503173164098,0.9290555806597379,0.9351279788172993,0.9303912647861693,0.9350590372388737,0.9333937471681015,0.9306885544915641,0.9401518535060295,0.932364956876986,0.937007874015748,0.9401114206128134,0.9511762094984465,0.9471815357301376,0.9543439716312057,0.9534675615212528,0.9653508771929824,0.9620484682213077,0.9578175149014214,0.965974370304905,0.9727069351230425,0.9584285061671997,0.9725768321513002,0.9736489504242966,0.9781021897810219,0.9776609724047306,0.9765797613787008,0.9788192879675529,0.9702244617498855,0.973767526006332,0.9745278875713659,0.9702618730581447,0.9650951949229375,0.9654115586690017,0.9613987284287012,0.9602587800369686,0.9549010584445468,0.957350272232305,0.9488536155202821
0.9452177817691962,0.9304577464788732,0.923455684870188,0.9356164383561644,0.9348729792147806,0.9208537127612272,0.925672594619243,0.920655454937473,0.9256756756756757,0.9084412684234033,0.9093419236079153,0.9072164948453608,0.9145796064400715,0.9142726858185134,0.9212494500659921,0.9145183175033921,0.9170888991248273,0.8996793403573065,0.9236016371077762,0.9057683839718186,0.9266480965645311,0.926774483378257,0.9336711192998618,0.9366742596810934,0.9310344827586207,0.9387938793879388,0.9427917620137299,0.952445042620009,0.9533039647577093,0.9489981785063752,0.9549180327868853,0.9671549045716822,0.9591094956837801,0.9716117216117216,0.966828836797877,0.9697828139754485,0.9694760820045558,0.9757194244604317,0.9724933451641526,0.9644646924829157,0.9732181425485961,0.9730551933941765,0.9681757059614523,0.9639269406392694,0.9583710407239819,0.9554937413073713,0.947227191413238,0.9534368070953437,0.9468131868131868,0.9411227749885896,0.947535052012664,0.9328947368421052,0.9279363593823117,0.9204808136846971,0.9311562224183584,0.9275938189845475,0.9309586631486367,0.9199288256227758,0.9079981507165973,0.9286681715575621,0.916892502258356,0.9099264705882353,0.9148648648648648,0.90905057675244,0.8978270920018493,0.9152542372881356,0.9304861426624261,0.9197416974169742,0.9103576405016256,0.9138160817414482,0.927765237020316,0.9309742245522062,0.9331550802139037,0.9414114513981359,0.9426666666666667,0.9481818181818182,0.9392014519056261,0.9480802792321117,0.9526785714285714,0.9623655913978495,0.9564827276805743,0.9644112478031635,0.9621280432822362,0.9619856887298748,0.9661410018552876,0.9679287305122495,0.9721723518850988,0.9727472527472527,0.9721731448763251,0.9741071428571428,0.9646418857660924,0.9621523027815777,0.9648014440433214,0.9632616487455197,0.9584070796460177,0.9538043478260869,0.947463768115942,0.9487760652765186,0.9426456984273821,0.9430573806395094
0.9308961212661614,0.9249304911955515,0.920866489832007,0.9103356890459364,0.921234454168586,0.9121470192738682,0.8958904109589041,0.9066846119336025,0.8895297249334516,0.9025500910746812,0.8970240906943788,0.8890380313199105,0.8849116447666515,0.8985191637630662,0.9070074922873512,0.9035087719298246,0.9021595416483033,0.8996893031513538,0.896939693969397,0.9060340856748043,0.9125952487673689,0.9151157512482978,0.9164383561643835,0.9195298372513563,0.9279739776951673,0.922971741112124,0.9321043165467626,0.9421005385996409,0.9453302961275627,0.9534574468085106,0.9526996876394467,0.9607583774250441,0.9607577807848444,0.9526996876394467,0.9657534246575342,0.9689189189189189,0.9703291608715809,0.9669051878354203,0.9669384057971014,0.9628610729023384,0.9601769911504425,0.962059620596206,0.959767545820295,0.9568281938325991,0.9602349751468595,0.959265890778872,0.9531818181818181,0.9416058394160584,0.9319759370661731,0.9321266968325792,0.924697445091887,0.929187471629596,0.9201605709188225,0.9145527369826435,0.9074811863656486,0.897986577181208,0.9007565643079661,0.9135254988913526,0.9052873563218391,0.8966578715919086,0.8931777378815081,0.8996808025535795,0.9061371841155235,0.9093444909344491,0.8929227941176471,0.9018834866403854,0.8995130588756087,0.9047619047619048,0.9127669241253975,0.9233870967741935,0.9111310592459605,0.9142468239564429,0.9242957746478874,0.928174235403151,0.9325793823401479,0.9238601150951748,0.9426987060998152,0.9366165070679434,0.9483227561196736,0.9478897502153316,0.9469530907496712,0.9538323621694308,0.959731543624161,0.9566003616636528,0.9588131089459699,0.9660940325497287,0.9583714547118024,0.9606227106227107,0.9691964285714286,0.9642857142857143,0.9616087751371115,0.9630130807397383,0.9592819614711033,0.9517365809652684,0.9541284403669725,0.9495040577096483,0.9417607223476298,0.941358024691358,0.9304426377597109,0.934908604547481
0.9247787610619469,0.921418949259093,0.900709219858156,0.8888398764887516,0.8996808025535795,0.9034697508896797,0.9022687609075044,0.9061371841155235,0.8810185185185185,0.885921231326392,0.8789134438305709,0.8844086021505376,0.8771224307417337,0.8670018281535649,0.8808152414709792,0.8776665215498476,0.8778833107191316,0.8946386946386946,0.8838500694123091,0.8842155009451795,0.8865619546247818,0.8883720930232558,0.9110386585933862,0.9075862068965517,0.9165907019143118,0.9191111111111111,0.9243697478991597,0.9381395348837209,0.9356699201419698,0.9394213381555153,0.9401978417266187,0.9401440144014401,0.949236298292902,0.9470899470899471,0.9568411386593205,0.9616438356164384,0.9621312197269926,0.965121412803532,0.9650224215246637,0.9617582417582418,0.962229387379088,0.9588344125809436,0.9491449144914491,0.9496688741721855,0.9440966010733453,0.9425795053003534,0.938987451319775,0.9257091400270149,0.9231473010064044,0.9291797400268937,0.9147701918786256,0.9235611510791367,0.9024390243902439,0.8928412627834593,0.8952903520804756,0.8864988558352402,0.8926579925650557,0.8868859846777828,0.8816086760054225,0.8799650807507639,0.8855633802816901,0.8905272564789991,0.8811791383219955,0.87855871886121,0.8819732595666205,0.8755129958960328,0.878748370273794,0.873922902494331,0.887736699729486,0.8836577636939792,0.8945981554677207,0.9060674157303371,0.9167797376752601,0.9072817729534147,0.9262443438914028,0.919634703196347,0.9304467987102718,0.9413636363636364,0.9369016536118364,0.938544961590601,0.9425541316836058,0.9482288828337875,0.958151700087184,0.9578997161778618,0.9573085846867749,0.9596231493943472,0.965158371040724,0.9585772174696083,0.9635854341736695,0.9550763701707098,0.9548502458649978,0.9556159420289855,0.9514692787177204,0.9470506270320483,0.9517906336088154,0.9339665309814563,0.9379247847757136,0.936141304347826,0.9324801412180053,0.9098616688978135
0.9139633286318759,0.8974358974358975,0.9006833712984055,0.8833333333333333,0.8803721754541427,0.8836072856508218,0.8778421756576015,0.8722659667541557,0.8728661275831087,0.8753979081400637,0.868845120859445,0.8525730180806675,0.8808680248007086,0.8717707844058243,0.8620071684587813,0.8596410492406811,0.8546255506607929,0.8685739830129638,0.8702502316960148,0.8860225140712945,0.8875448028673835,0.8809946714031972,0.8864864864864865,0.8967177242888402,0.9073604060913706,0.9099378881987578,0.9221255153458543,0.9137126865671642,0.9231115107913669,0.933630289532294,0.9323308270676691,0.9279475982532751,0.940990990990991,0.9496598639455782,0.9428172942817294,0.9510729613733906,0.9506505159264244,0.9654367118169079,0.9545454545454546,0.9559277214631996,0.9528679413072476,0.9520879120879121,0.9544223826714802,0.9385650224215246,0.9298941798941799,0.9341692789968652,0.9235955056179775,0.9224290780141844,0.9187725631768953,0.897923110914715,0.9110723626852659,0.893048128342246,0.8979683972911964,0.8821379625399726,0.8913738019169329,0.8756906077348067,0.8646511627906976,0.8723595505617977,0.8525033829499323,0.8717120443008768,0.8569553805774278,0.8727865796831314,0.8768382352941176,0.849644128113879,0.862910381543922,0.8587155963302753,0.8720825852782765,0.8734177215189873,0.87797490263955,0.875532821824382,0.8757238307349666,0.9023297491039427,0.890238416554206,0.8962655601659751,0.901565995525727,0.9076305220883534,0.9211106214191274,0.9208197484862599,0.9260261614794768,0.9238938053097345,0.943900267141585,0.9419501133786848,0.9472996515679443,0.9523190290420459,0.9586267605633803,0.9466787166741979,0.9548124717577948,0.9537648612945839,0.9447687471935339,0.9450998185117967,0.9501359927470535,0.9485165794066318,0.9434550311665183,0.9387298747763864,0.9224698235840297,0.9322419281491587,0.9337568058076225,0.9174147217235189,0.9108133086876156,0.8916591115140526
0.8940193491644679,0.8802423112767941,0.8788566243194192,0.867183934276586,0.8621575342465754,0.8615384615384616,0.8537127612272121,0.8517849073655671,0.8434547908232118,0.8412408759124088,0.8526459854014599,0.8424810352521196,0.8539019963702359,0.8283917340521114,0.8466367713004485,0.8474965548920533,0.843849296413981,0.8523187753264295,0.8648885002186271,0.8569524655708574,0.8560606060606061,0.8794848206071757,0.8833557649170032,0.8871630881681133,0.8963707914298207,0.8876762164620282,0.9097096188747731,0.9082813891362422,0.9050802139037433,0.9232456140350878,0.9187137114783386,0.9350114416475973,0.94302377747869,0.9326306141154904,0.9406474820143885,0.9469387755102041,0.9538737124944021,0.9384685505925251,0.9406623735050598,0.9445190156599552,0.9387379087977891,0.9352355072463768,0.9361892012494422,0.9358437935843794,0.9244871235268441,0.9258760107816711,0.9241534988713318,0.9151865008880995,0.9044894366197183,0.8939802336028752,0.8904355635383925,0.8882707464070468,0.877431026684758,0.8768606224627875,0.8739110499770747,0.8772321428571429,0.8546020453534905,0.8587344028520499,0.8602525032651285,0.8496905393457118,0.838082315694256,0.8505177847816299,0.8460477941176471,0.8367713004484305,0.8553990610328639,0.8502722323049002,0.8591485507246377,0.8532853285328533,0.8591111111111112,0.8697231048570132,0.8632359758924432,0.876779359430605,0.8793410507569012,0.8976486860304288,0.8967391304347826,0.8988015978695073,0.9029296020988195,0.9116871704745168,0.9179954441913439,0.9263018534863195,0.9269785745518146,0.9348505131637662,0.9343434343434344,0.9427549194991055,0.9449910554561717,0.9490072202166066,0.9441465594280608,0.9378658262044124,0.9526871841984382,0.9504485262708244,0.9501585863162664,0.9290206648697215,0.9342334494773519,0.9311270125223614,0.9272727272727272,0.9206698986337594,0.9226163058498388,0.9096629213483146,0.9031413612565445,0.91094956837801
0.8813166434863235,0.8756684491978609,0.873987398739874,0.8568904593639576,0.872686230248307,0.8466339723584485,0.844161545215101,0.8521779425393883,0.829388119696293,0.8287392679620424,0.8294930875576036,0.817644383810823,0.8247843849296413,0.8320035460992907,0.8262846748522056,0.8222613286405631,0.8144469525959368,0.8355437665782494,0.845881310894597,0.8457040035987404,0.8528622540250447,0.85635103926097,0.858839652809502,0.8779840848806366,0.885022026431718,0.8866171003717472,0.8887884267631103,0.8980836236933798,0.9103019538188277,0.9107385591300408,0.9184641932700603,0.9271019677996423,0.9312699135184342,0.9382326420198377,0.9268730372364289,0.9404332129963899,0.9447345517841601,0.9508489722966935,0.9415204678362573,0.9380453752181501,0.9362076550813903,0.9354541263254956,0.9280104712041884,0.9244159413650939,0.9263351749539595,0.924537037037037,0.8971324533454711,0.9029649595687331,0.8977477477477478,0.8775510204081632,0.877886323268206,0.8619133574007221,0.8707052441229657,0.8623481781376519,0.8488318827301878,0.8492239467849224,0.8543774747030356,0.8492392807745505,0.8345487693710119,0.8169203222918532,0.8251438689685702,0.8210671573137075,0.8146297137664698,0.835032437442076,0.8329529895025103,0.8248076052512449,0.8275237664101404,0.8234234234234235,0.8434275459847466,0.8487018800358102,0.8501374885426215,0.8510054844606947,0.8711293260473588,0.873015873015873,0.8813247470101196,0.8801261829652997,0.8959356855739169,0.9010393131495708,0.9190880643719267,0.9179824561403509,0.9364502950522016,0.9226423294219904,0.9347635726795096,0.9350706713780919,0.927449168207024,0.9349704411095953,0.9454378725355341,0.9383842994066636,0.9433531292827775,0.9367977528089888,0.9447168970129292,0.9290235081374322,0.9204444444444444,0.9279891304347826,0.9198907601274465,0.907113729043951,0.906871609403255,0.9058256679807272,0.888130968622101,0.8844748858447489
0.8811568007230004,0.8589687086822388,0.8514311676510677,0.8406840684068407,0.8318425760286225,0.8368983957219251,0.8096947935368043,0.8131132917038358,0.8194070080862533,0.8104395604395604,0.8130883012102196,0.7951373255290409,0.7933732167510354,0.799373040752351,0.8007070260715864,0.7989105764866091,0.8117229129662522,0.8198675496688742,0.8078774617067833,0.8235811702595689,0.8261625380269448,0.8371454711802379,0.8440036068530208,0.8484162895927602,0.8536585365853658,0.8778135048231511,0.8753375337533753,0.8810160427807486,0.8950701040253279,0.903657448706512,0.9129646418857661,0.9218269653052261,0.9227714033539276,0.9288288288288288,0.9266514806378132,0.9322409211691762,0.9272890484739676,0.9320875113947129,0.9279279279279279,0.9231464737793852,0.9219246482069905,0.9247027741083224,0.9162936436884512,0.916289592760181,0.9117512574302697,0.8965831435079726,0.8885448916408669,0.8901295221080839,0.8836477987421384,0.8843416370106761,0.8624267027514659,0.8544961590600995,0.838544097060196,0.842058562555457,0.8310991957104558,0.8225590726705305,0.8241912798874824,0.8101207056638812,0.8271049076992346,0.8021877848678214,0.8023767605633803,0.7985246657445828,0.8027149321266969,0.800977343402932,0.8116469517743403,0.8153573013759432,0.8086690017513135,0.8157774737802097,0.8218495013599275,0.8265027322404371,0.8254450716456796,0.8445945945945946,0.8536472760849492,0.8569582076691081,0.8687722419928826,0.8765484835540367,0.8696035242290749,0.8939462903959945,0.8897849462365591,0.9101930848675348,0.919249236141423,0.922247191011236,0.9127159946832077,0.9269759450171822,0.9280607685433423,0.9321493624772313,0.9335400974745237,0.9334548769371012,0.9424524125719345,0.9341486359360301,0.9216972878390202,0.9191603394372487,0.9286367795059469,0.9087734613705806,0.9026785714285714,0.9109874826147427,0.8917927556166896,0.8752220248667851,0.8924284395198523,0.8705397987191217
0.8362652232746955,0.8524444444444444,0.8489466606902735,0.8193258426966292,0.8108614232209738,0.8000892458723784,0.8170055452865065,0.8048452220726783,0.7973528069374715,0.7804551539491299,0.7826286764705882,0.7937360178970917,0.7967081850533808,0.7679134745380802,0.7816651904340124,0.7912813738441216,0.7965867158671587,0.7953825260298778,0.8056049822064056,0.8200817810086325,0.8121983326020185,0.8145814581458146,0.838929219600726,0.8232142857142857,0.8375912408759124,0.8608657243816255,0.8747213553276861,0.8795787545787546,0.8942436412315931,0.8876106194690265,0.9001349527665317,0.9134701159678859,0.9023383768913342,0.9178765880217786,0.9190697674418604,0.9301911960871498,0.9236983842010772,0.9299820466786356,0.9215048769159313,0.9219640508548882,0.9260450160771704,0.9266096352994146,0.9122885129118433,0.9077065066912783,0.887880163413527,0.893296853625171,0.8924249215598387,0.8772977941176471,0.8792639138240574,0.8603202846975089,0.8518346493265211,0.8366496992133272,0.8326710816777042,0.8270880361173815,0.8168949771689498,0.8137342908438061,0.7991765782250686,0.7992684042066758,0.7925033467202142,0.7826471890216911,0.7968823807274446,0.7829491083079599,0.770923209663503,0.7709720372836218,0.7780590717299578,0.7829632985953784,0.8028802880288028,0.7922134733158355,0.8034993270524899,0.8110451848471018,0.8239597622313671,0.8206176203451407,0.837737598516458,0.8362465501379944,0.8533817521561508,0.8661202185792349,0.8739650413983441,0.8859122401847576,0.8950729927007299,0.908325952170062,0.9029080675422139,0.9079782411604714,0.9277326106594399,0.9240506329113924,0.9243170622480967,0.9356955380577427,0.9277601090413449,0.9203935599284436,0.9249887031179395,0.921727395411606,0.921146953405018,0.9057522123893805,0.9146772767462422,0.8938012762078396,0.897196261682243,0.8881239242685026,0.8799472295514512,0.8615245827695084,0.8586753731343284,0.8547312305641936
0.8334866605335787,0.8372420262664165,0.8083670715249662,0.8192272309107635,0.8135516143701682,0.78809738503156,0.7840501792114696,0.7802995914661824,0.7649532710280373,0.7699779249448123,0.7606721162579473,0.7653985507246377,0.759375,0.7758928571428572,0.7696501590186279,0.7603748326639893,0.7634069400630915,0.7720951099147599,0.7801645338208409,0.7848214285714286,0.801196502531063,0.8024118738404453,0.831281349749202,0.8183072677092916,0.8287955699123212,0.8419580419580419,0.8584269662921349,0.8671875,0.8727440999537251,0.8740122914837577,0.8946666666666667,0.8793879387938794,0.8980132450331125,0.9099913867355728,0.912472647702407,0.915089986155976,0.9195032198712052,0.9195032198712052,0.9141840818141396,0.9069870939029817,0.9150355871886121,0.906871609403255,0.9069767441860465,0.8955020445252158,0.8832281334535618,0.8865183840217885,0.8702391496899912,0.8754528985507246,0.8577235772357723,0.8330341113105925,0.8301552106430156,0.8317417007730786,0.8263392857142857,0.8105310531053105,0.7961811722912966,0.7897598550067966,0.7774336283185841,0.7821475916924436,0.7626666666666667,0.7664859981933153,0.7506678539626002,0.7476038338658147,0.7521087160262419,0.7562642369020501,0.7551739321884632,0.7646270656543099,0.7666208161393856,0.7661325249025552,0.7896613190730838,0.801087449025827,0.7936073059360731,0.7997335701598579,0.8110091743119267,0.836961350510884,0.8333333333333334,0.8469433288710397,0.8621000450653448,0.8656716417910447,0.8808567603748326,0.8907152376721457,0.8929395477618828,0.9108023307933663,0.9072759538598048,0.9133304003519578,0.9092159559834938,0.9195612431444241,0.917960088691796,0.9164467897977133,0.9207650273224044,0.9198542805100182,0.9130630630630631,0.912035010940919,0.8998234774933804,0.8953488372093024,0.8831168831168831,0.8860360360360361,0.8748858447488584,0.8506167199634537,0.8606921029281278,0.8452380952380952
0.8273601398601399,0.8286093888396812,0.8024302430243024,0.7805302042590179,0.7771739130434783,0.770995670995671,0.7513661202185792,0.751264367816092,0.7480070859167405,0.7406066093254866,0.743601462522852,0.7465815861440291,0.7216264521894549,0.7382726874177992,0.723489932885906,0.741603224361845,0.7486749116607774,0.7625282167042889,0.7377994676131322,0.7683873915029694,0.7828976517501107,0.7679195804195804,0.8032564450474898,0.8032786885245902,0.8171223666517257,0.8313465783664459,0.8301624129930394,0.8581687612208259,0.8556608028867839,0.8640213999108337,0.8732525629077353,0.8903683976919663,0.8982597054886211,0.8982222222222223,0.9021237303785781,0.9203152364273205,0.9189554254840162,0.9119962945808244,0.9079646017699115,0.9134615384615384,0.9016319129646418,0.9048702776513428,0.8920606601248885,0.8914549653579676,0.8776978417266187,0.8731241473396999,0.8545700135074291,0.8541953232462174,0.84323358642251,0.8106430155210643,0.8041989958922866,0.8003541389995573,0.8117913832199547,0.7842081650964559,0.7779833487511564,0.7720458553791887,0.7482962289868241,0.7584320875113947,0.7478991596638656,0.7467444993264482,0.7289677125966348,0.7330712101354303,0.7361853832442068,0.7453387903592542,0.7318640955004592,0.7460674157303371,0.7459605026929982,0.7486772486772487,0.7521367521367521,0.7651277454056477,0.764,0.7874943362029905,0.7883310719131614,0.82408236347359,0.8217602830605927,0.8200362647325476,0.8435097241067391,0.854251012145749,0.8678571428571429,0.8802913063268093,0.8857768052516412,0.8855501546619532,0.8997732426303855,0.90401081568274,0.9013370216689719,0.9135534317984362,0.9074749316317229,0.9049360146252285,0.911264367816092,0.9049311417147934,0.8880700138185168,0.9023508137432188,0.890975721484196,0.8962826984855439,0.8849438202247191,0.8606921029281278,0.8622589531680441,0.8475802804161013,0.8421052631578947,0.8316062176165803
0.8150873965041399,0.8078466339723585,0.7857142857142857,0.7866486242670275,0.7466547725245317,0.752855185015989,0.7516778523489933,0.7313829787234043,0.7158988256549232,0.7137713771377138,0.7183673469387755,0.7155094679891795,0.7169394073418841,0.7060660124888493,0.7057728119180633,0.7235697940503433,0.7217194570135747,0.7133610725843735,0.7308385933273219,0.7469107551487414,0.7467619472979008,0.7790594498669032,0.7657196087564043,0.7852678571428572,0.7914247431889236,0.8118231046931408,0.8156123822341858,0.8263695450324977,0.8422242314647378,0.859347442680776,0.8610627177700348,0.8718181818181818,0.888309430682312,0.8921523634694815,0.8983355825461089,0.8942945599292349,0.9042696629213484,0.9056519804183356,0.905452946350044,0.9036089538602101,0.8962826984855439,0.9025944469731452,0.8858506944444444,0.8793103448275862,0.8777137793531237,0.8592853992059991,0.8627095604893521,0.8466090122894857,0.8282290279627164,0.8085493406093679,0.7946389969736273,0.7727474478473146,0.7836863452005408,0.7625056331680937,0.75718708536046,0.7532467532467533,0.7390158172231986,0.7275179856115108,0.7323881258307487,0.7282309807516041,0.7130782918149466,0.7186642268984447,0.6954887218045113,0.7143499775078722,0.7059344552701505,0.7158886894075404,0.7189601075750784,0.7383561643835617,0.7366071428571429,0.7449483610237988,0.7606454504706409,0.75022143489814,0.796189632255206,0.8010849909584087,0.8061178587494376,0.8175280898876405,0.8294010889292196,0.8460484239378712,0.8485401459854015,0.8576449912126538,0.8804060017652251,0.8888388838883888,0.8964003511852502,0.9114093959731544,0.8942869995501574,0.9062784349408554,0.8968289414917374,0.9117647058823529,0.8966853207059836,0.9117117117117117,0.8915929203539823,0.8995892286627111,0.8824843610366399,0.8765545831414094,0.8528234771009338,0.8559745570195366,0.8604547481052163,0.8373033707865168,0.829935125115848,0.8224425416854438
0.8048780487804879,0.7853285328532853,0.77384684281236,0.7697610294117647,0.7532467532467533,0.7417631344612645,0.7161975080756806,0.7197776748494673,0.6974789915966386,0.6894809370693615,0.6936208445642408,0.6983769161406672,0.7086397058823529,0.6863452005407842,0.6840463458110517,0.6905850091407678,0.6899189918991899,0.7141556668183887,0.7370535714285714,0.7217777777777777,0.7380008806693087,0.7442273534635879,0.7488728584310189,0.7924028268551236,0.7978910369068541,0.7990107913669064,0.8214599824098505,0.818686401480111,0.8155467720685112,0.8600636074511586,0.8557258791704238,0.8736985061113626,0.8737511353315168,0.8882931188561215,0.9009455200360198,0.8986883763003166,0.8973897389738974,0.8903566710700133,0.9016903914590747,0.8885364748527412,0.8835955056179775,0.8876055086628165,0.8780141843971632,0.8796853308653401,0.8686421937195931,0.8521777386713595,0.8357933579335793,0.8262443438914027,0.8208616780045351,0.8062360801781737,0.7922018348623853,0.7694382022471911,0.7620332883490778,0.7734831460674157,0.7313841936957515,0.7291196388261851,0.7398921832884097,0.7066079295154185,0.6994914470642626,0.6941441441441442,0.700815956482321,0.6813681368136814,0.6933701657458563,0.6827555945590171,0.6858828869723105,0.7006200177147919,0.7051224944320713,0.707383773928897,0.7201914708442123,0.7208994708994709,0.7436479128856625,0.7606263982102909,0.7663384064458371,0.778692272519433,0.8025283347863993,0.8099730458221024,0.8094812164579607,0.8389084507042254,0.8346738159070599,0.8515660463004994,0.8640139921294272,0.8677462887989204,0.8861974405850092,0.877961555654895,0.8838591678097851,0.9062355658198614,0.900398406374502,0.9048442906574394,0.8995020371208692,0.8904481665912177,0.8877640845070423,0.8738779174147218,0.8756404285048905,0.8698302133217239,0.86003600360036,0.8223955943093162,0.824410163339383,0.7974683544303798,0.8128014028934678,0.8020282186948854
0.7781818181818182,0.7626031164069661,0.7611423626135871,0.7495590828924162,0.7212467076382791,0.7026666666666667,0.7109695038689121,0.692200557103064,0.6920369555653322,0.6733511586452763,0.6804218248509858,0.6578829834747655,0.656656207978485,0.672365988909427,0.655315232397607,0.6533393911858246,0.6997762863534676,0.6692169216921692,0.6856368563685636,0.7218483624943921,0.710455764075067,0.7466784765279008,0.7359402460456942,0.7594594594594595,0.7650822669104205,0.7714808043875686,0.7931494661921709,0.8091985428051002,0.808983666061706,0.8460176991150442,0.8532853285328533,0.8693234476367007,0.8721296713192256,0.8704939919893191,0.8835304822565969,0.8952164009111617,0.894524236983842,0.8929705215419501,0.8962177121771218,0.8789932236205228,0.8675381263616557,0.8744846541456711,0.8732332155477032,0.8561643835616438,0.8518685276902296,0.8365472910927456,0.8220831470719714,0.8242530755711776,0.7896382313532827,0.7862903225806451,0.7853260869565217,0.7540009144947416,0.7332178432221741,0.715374271627073,0.7034782608695652,0.7215189873417721,0.7047191011235955,0.6727596968345966,0.6904435299497028,0.6769807782466011,0.6663681146439767,0.6702800361336947,0.6596136154553818,0.6538295110341843,0.6622181316152784,0.6739332096474954,0.6840620592383639,0.6726935558646268,0.6905301314000907,0.7015682656826568,0.7293802942487739,0.7269163763066202,0.7595628415300546,0.7517985611510791,0.7742643829600351,0.7942368302566412,0.7982532751091703,0.8075117370892019,0.8187980117487573,0.8290482634190347,0.8478860294117647,0.8613542146476278,0.8668986515876468,0.8796125461254612,0.8907330567081605,0.8907563025210085,0.8922800718132855,0.8913925191527715,0.8931263858093126,0.8821930222020843,0.8798554652213189,0.8765652951699463,0.8656853725850966,0.8433008808530367,0.8510250569476082,0.8213627992633518,0.818301803783546,0.8076072534276869,0.7965719440685611,0.7874015748031497
0.7643884892086331,0.7440106477373558,0.7497761862130707,0.716786355475763,0.7131110095934217,0.6782647989154993,0.6622364802933088,0.659016393442623,0.6671354899203,0.6534831460674158,0.6544454628780935,0.6377459749552773,0.6354312354312355,0.6418115279048491,0.643140714600794,0.660603371783496,0.6663590216889709,0.6641725352112676,0.6894689468946895,0.7000453103760761,0.6923076923076923,0.6999097472924187,0.7157802964254577,0.7242582897033158,0.7525298988040479,0.759391771019678,0.7782294489611563,0.8097165991902834,0.8205128205128205,0.8230361871138571,0.8363471971066908,0.8427729950158587,0.8686679174484052,0.8560572194903889,0.8836168307967771,0.8809954751131222,0.8798758865248227,0.879757785467128,0.8877551020408163,0.8862815884476535,0.8792160437556974,0.8593258426966293,0.8549480343425214,0.8508771929824561,0.8379446640316206,0.8296629213483147,0.8126390743213173,0.8128146453089244,0.7841011743450768,0.7536552946389012,0.7657859381997313,0.7227990970654627,0.7367009387572642,0.7143507972665148,0.7046181984453589,0.6920620437956204,0.6499552372426142,0.6583769633507853,0.6491306286223807,0.6591908531222516,0.6481481481481481,0.6528075439348479,0.6335403726708074,0.6406598305840392,0.6445540116539669,0.6659202866099417,0.6378378378378379,0.6555605583070689,0.6846971798428109,0.678793256433008,0.7072610294117647,0.7269021739130435,0.7301161751563896,0.7294117647058823,0.748641304347826,0.7594424460431655,0.7953720508166969,0.8099019149929939,0.8225032708242477,0.8286604361370716,0.8495821727019499,0.8464637421665174,0.8752865657955067,0.8561675011379153,0.8633512544802867,0.8852833638025595,0.8798379837983799,0.8838951310861424,0.8884955752212389,0.8729453576188361,0.869220607661823,0.8667576170986813,0.85,0.8325771324863884,0.8291479820627803,0.822550831792976,0.7991208791208791,0.7892670157068062,0.7923076923076923,0.7572727272727273
0.7406896551724138,0.7204776647501105,0.712628290941544,0.7043558850787767,0.6765498652291105,0.6748878923766816,0.654945054945055,0.6459739091318039,0.630057803468208,0.6154897494305239,0.62147406733394,0.6169537624660019,0.6354166666666666,0.6148708815672307,0.637223974763407,0.6191517271534762,0.6336721166593018,0.6386779812416258,0.6391076115485564,0.6556053811659193,0.6589967786470318,0.675330396475771,0.6994295743747257,0.725644386194845,0.7290575916230366,0.7442901925660547,0.7610619469026548,0.7896162528216705,0.7981157469717362,0.8104347826086956,0.8225068618481244,0.8344640434192673,0.8514764213309828,0.8532485233984552,0.8599531615925059,0.8785971223021583,0.8823792486583184,0.8712546816479401,0.8757450710683173,0.8764282691493863,0.8671171171171171,0.8679498657117278,0.8359718557607739,0.8453887884267631,0.8128146453089244,0.8140857392825896,0.8036281179138322,0.7914561322921452,0.7671296296296296,0.7423698384201077,0.7346205657835654,0.7084854014598541,0.6918681318681319,0.6935341009743136,0.6733271375464684,0.6506078343088699,0.6417716022579244,0.6432884347422202,0.6471920289855072,0.6180795847750865,0.634676324128565,0.5968181818181818,0.6150740242261103,0.6167042889390519,0.6353383458646616,0.6433150183150184,0.6283386147578089,0.6316027088036117,0.6573363431151241,0.6743119266055045,0.6747930082796688,0.6843257443082311,0.7062383612662942,0.724910394265233,0.7407570422535211,0.7501167678654834,0.7637900355871886,0.7899120777417862,0.8153232949512843,0.8108108108108109,0.8347401155042203,0.8306274681878016,0.8586269196025293,0.8487738419618529,0.8769645262685227,0.87248322147651,0.873953283384751,0.8779816513761468,0.8729812309035355,0.8736462093862816,0.8618246235606731,0.859375,0.8375517717441325,0.8320746334962239,0.8238938053097346,0.7874418604651163,0.7799381352187362,0.7816399286987522,0.7534435261707989,0.7392094502498864
0.7295373665480427,0.7188208616780045,0.6989907854322072,0.6739227010217681,0.6621205455345358,0.64711071901191,0.6365272154745839,0.6122637159981559,0.6176604460628129,0.6154838709677419,0.605570530098832,0.607397504456328,0.5887600356824264,0.6014460009037506,0.5918843283582089,0.612153708668454,0.6299176578225069,0.6281429201588001,0.614687216681777,0.6356481481481482,0.6540492957746479,0.6618769645262685,0.6928508384819064,0.6762164620281946,0.7204776647501105,0.7237472766884532,0.7529411764705882,0.7698800533096402,0.7849557522123893,0.8055190538764783,0.815929203539823,0.8123537669630323,0.8446475195822454,0.8535469107551488,0.854978354978355,0.8565647482014388,0.8584821428571429,0.8603854389721627,0.8514074757729581,0.8616268788682582,0.8614620938628159,0.8424350940017905,0.8353211009174312,0.827490774907749,0.8198814409484724,0.7937725631768953,0.7803521779425394,0.7693345323741008,0.7625932835820896,0.7408400357462019,0.7345092718227046,0.703885663242519,0.680331443523768,0.6819407008086253,0.6512549537648613,0.6332116788321168,0.6286630036630036,0.6311804008908686,0.603731674811195,0.6242038216560509,0.5829145728643216,0.597544338335607,0.6028207461328481,0.5812043795620438,0.6064345526663728,0.6040268456375839,0.6080652469415496,0.6078345070422535,0.6515794436586516,0.6523454625164402,0.6649604467194044,0.6675627240143369,0.6884444444444444,0.733184855233853,0.7216916780354706,0.7467619472979008,0.7633451957295374,0.7579928952042628,0.7996289424860853,0.7927886809675947,0.814187643020595,0.8433456561922366,0.8455142231947483,0.8547736441057822,0.8725577264653641,0.8650829224562976,0.8807588075880759,0.8653846153846154,0.858105074090705,0.849039749888343,0.8518024032042724,0.834375,0.8362910381543922,0.8230563002680965,0.7917783735478106,0.7913121361397224,0.7591928251121076,0.7674953959484346,0.7260650480989465,0.737253100597152
0.7173418297678653,0.7157941047074351,0.688032272523532,0.6654643823264202,0.6385542168674698,0.6336308125880695,0.6116152450090744,0.6149149585695596,0.5866908103214125,0.5964252116650988,0.5780961182994455,0.5744584837545126,0.5851949189662724,0.5686635944700461,0.5725593667546174,0.5666520017597888,0.5874777975133215,0.5880770954728821,0.5969341749323716,0.6129458388375165,0.6489554950045413,0.6576735957540911,0.666073018699911,0.6835616438356165,0.6978319783197832,0.7254374158815612,0.7299596954769368,0.7545414266725742,0.7570009033423668,0.7922136713444998,0.8047122791119167,0.8222523744911805,0.8260665729020159,0.827693677649154,0.8378258948298718,0.8516703786191536,0.8531222515391381,0.8428637842863784,0.8523148148148149,0.8546666666666667,0.8501362397820164,0.8472032742155525,0.8307899461400359,0.8199115044247788,0.7971274685816876,0.7998244073748902,0.7806451612903226,0.7723394701392007,0.7467105263157895,0.7155635062611807,0.7012058954890577,0.6792202038103677,0.6694915254237288,0.6527531083481349,0.6326436781609195,0.6432532347504621,0.6162790697674418,0.6089262041537782,0.5896007428040855,0.5761261261261261,0.570718481699051,0.5633992805755396,0.5822953736654805,0.5831455610635421,0.5650203896692343,0.5629903091832026,0.574738755111313,0.6173007246376812,0.6142222222222222,0.615592609283461,0.6421937195931003,0.662562699498404,0.6644204851752021,0.7067264573991031,0.7214509628302732,0.7126593806921676,0.7453842851009017,0.752410166520596,0.7683641279855791,0.7942271880819367,0.8096947935368043,0.8183897529734675,0.8383658969804618,0.8343036274070756,0.8491164476665156,0.8509680324178298,0.8524069028156221,0.871970736168267,0.842200180342651,0.8559471365638767,0.851333032083145,0.8222932846048424,0.8278175313059034,0.8189694482444141,0.8022222222222222,0.7716216216216216,0.7634361233480176,0.771416083916084,0.7194469223907226,0.7216216216216216
0.7147377938517179,0.674865831842576,0.6619718309859155,0.631578947368421,0.613625971650663,0.612453531598513,0.5914414414414414,0.5672905525846702,0.5683035714285715,0.555352241537054,0.529229406554473,0.5574151557415156,0.535275375512062,0.5604545454545454,0.5598043574922188,0.5692520775623269,0.5592830882352942,0.5600358422939068,0.5967113803548247,0.5868995633187772,0.612494341330919,0.6278755074424899,0.6582334664891256,0.6519264448336253,0.6725201708590413,0.7092069279854147,0.7338638373121131,0.7258722247394653,0.7694406548431105,0.7834627683873915,0.7908728400531679,0.8240035826242723,0.8172521120497999,0.8384580082606701,0.849516797054763,0.8392456219128873,0.8450899031811895,0.8415710503089144,0.8461881408827463,0.8343585237258347,0.8458049886621315,0.8316212594908441,0.8217602830605927,0.7959363957597173,0.7984841729826125,0.7677935943060499,0.7586512866015972,0.7433826828174069,0.7238006520726595,0.7117566954153427,0.6882483370288248,0.6644993498049415,0.6544150605109816,0.619539689995303,0.6333914559721011,0.6167032967032967,0.5833333333333334,0.5613053613053613,0.5616689591930307,0.5465116279069767,0.5410649819494585,0.5676037483266398,0.5492827394724664,0.5452042221202387,0.5689176688251619,0.5659555942533739,0.5663242518981688,0.5957544993077988,0.5922727272727273,0.6059225512528473,0.6146453089244851,0.6497797356828194,0.6701263537906137,0.658158614402917,0.6925110132158591,0.7012248468941382,0.7230839416058394,0.7501109631602308,0.7804195804195804,0.7886809675947056,0.7873045949786831,0.8109224414869206,0.8365036231884058,0.8284591881274552,0.8442982456140351,0.8471715328467153,0.8526785714285714,0.8425414364640884,0.8430232558139535,0.8352043107319264,0.82560706401766,0.8369755244755245,0.8027088036117381,0.8075868372943327,0.7856810785681079,0.773972602739726,0.75482712168837,0.740290126345344,0.7242314647377939,0.7080551846906987
0.6827676240208878,0.6482727680574248,0.6482727680574248,0.6213503649635036,0.6047237076648841,0.5668328047122791,0.5764434180138568,0.5452528837622005,0.5645805592543276,0.535275375512062,0.5378787878787878,0.5237676056338029,0.5302685480200273,0.5168435625288417,0.5473965287049399,0.5220622387366466,0.5395932496754652,0.5530434782608695,0.5660714285714286,0.57999098693105,0.6080602302922941,0.6130514705882353,0.6215966774342409,0.638758231420508,0.6669654863290004,0.6708860759493671,0.7162162162162162,0.7300275482093664,0.7573830077237619,0.7873873873873873,0.7825890843482183,0.8105590062111802,0.8048235819562305,0.818384649709951,0.817132711939636,0.8221024258760108,0.8405988551298987,0.8481182795698925,0.8338448049101271,0.8392456219128873,0.8472095150960659,0.8215919487648673,0.815242494226328,0.7971741112123975,0.7737834283209118,0.7667560321715817,0.7398119122257053,0.7241067390321122,0.7090420769919427,0.678539626001781,0.6749323715058612,0.6557450628366248,0.6209498446515757,0.6080218778486782,0.586918349429324,0.5707803992740472,0.5614754098360656,0.5492766726943942,0.5437245129134571,0.5456989247311828,0.5244010647737356,0.5426391382405745,0.5295964125560538,0.5031905195989061,0.5250696378830083,0.556923076923077,0.5432604735883424,0.5589066918001885,0.5666066606660666,0.5901785714285714,0.6104491292392301,0.6231751824817519,0.6450872359963269,0.6531971580817052,0.6668228678537957,0.7048736462093863,0.7146027518863737,0.7529252925292529,0.7675896504766228,0.7768374164810691,0.7873383860900579,0.8028867839422643,0.8212689901697945,0.8302304964539007,0.827708703374778,0.8386672512056116,0.8360730593607306,0.8419642857142857,0.8497242647058824,0.8335619570187471,0.8309534776600644,0.8178226514486392,0.7968056787932565,0.7931338028169014,0.7747952684258417,0.7467906153165117,0.739626082991336,0.7395498392282959,0.7049632352941176,0.6838975297346752
0.6523702031602708,0.6580145719489982,0.6160962072155411,0.608754512635379,0.5992763455450023,0.5690281562216167,0.5551553354344889,0.5377999094612947,0.545774647887324,0.5206391478029294,0.49977406235878896,0.5139765554553652,0.4993058769088385,0.4988814317673378,0.4972875226039783,0.5027855153203342,0.5060348681269558,0.514524647887324,0.5225108225108225,0.5787099684258006,0.5587828492392808,0.5966534566270365,0.6222727272727273,0.6223498233215548,0.6553648068669528,0.6707482993197279,0.6979027219991075,0.7178710514928602,0.7441048034934498,0.7598896044158233,0.7651376146788991,0.786618444846293,0.8227848101265823,0.8093935248518012,0.8146473779385172,0.8101709776413853,0.8507321681624941,0.8373161764705882,0.836102379883251,0.841789667896679,0.8177272727272727,0.8232913669064749,0.7915381225209344,0.7983118613949356,0.7668488160291439,0.7540687160940326,0.7268984446477584,0.6924113156713066,0.7036379769299024,0.6682862190812721,0.6527590847913862,0.6465364120781527,0.5972407654650645,0.6050458715596331,0.5616689591930307,0.5525257040679481,0.5397546569741026,0.5254237288135594,0.5310129406514948,0.4961900493052443,0.5118250780901383,0.49796472184531887,0.49907663896583565,0.48635122838944495,0.4890322580645161,0.5321312991215904,0.5318471337579618,0.5276634659350709,0.5448179271708683,0.5613483146067416,0.5813008130081301,0.601148409893993,0.6114982578397212,0.6228373702422145,0.6528745644599303,0.6869604725124944,0.6882591093117408,0.7093235831809872,0.7648648648648648,0.749228735125606,0.7884436160298229,0.7837717342844405,0.8093508851566046,0.8188729874776386,0.8368606701940036,0.8293963254593176,0.8419167039856695,0.8214771182600815,0.8467485220554798,0.8252032520325203,0.8292572463768116,0.8119619392840961,0.7967008470798038,0.7894977168949772,0.7552478785171952,0.7382246376811594,0.7315673289183223,0.7089056269384139,0.6887661141804788,0.6811659192825112
0.6392548841435711,0.6343283582089553,0.6154885186852769,0.5858991521642124,0.5727636849132176,0.5543719485130937,0.5155251141552512,0.5103752759381899,0.5184021543985637,0.4964061096136568,0.4954873646209386,0.48735632183908045,0.4837825491091823,0.4783609576427256,0.4941123188405797,0.47842056932966026,0.5233726518130188,0.5051043053706169,0.5265934065934066,0.5196388261851016,0.5464285714285714,0.6030150753768844,0.5945350374614368,0.6146384479717814,0.6357969723953696,0.6647243388614971,0.6723084156088387,0.7087985707905314,0.7308222324299495,0.7327168648172612,0.7798490901020861,0.7759710930442638,0.7977580569827184,0.8154735437972432,0.8215712383488681,0.8173679498657117,0.8190212373037857,0.8285968028419183,0.8327974276527331,0.8166151126822802,0.8153310104529616,0.8103290676416819,0.7835283528352835,0.786273606632888,0.7741935483870968,0.7530751708428246,0.7244239631336405,0.7230359520639148,0.6721536351165981,0.6736458807464725,0.6609403254972875,0.6375432525951558,0.6062084257206208,0.5845232611699678,0.5510295434198746,0.5460260440053885,0.5250554323725055,0.5179889298892989,0.5018535681186284,0.5062836624775583,0.49912049252418644,0.47651618787049704,0.4888591800356506,0.4691358024691358,0.49250440917107585,0.5153881488286634,0.4973614775725594,0.4872271249419415,0.5399257195914577,0.5473878871937125,0.5723327305605787,0.6031602708803612,0.5947682423129876,0.62430426716141,0.6518452645620275,0.6675324675324675,0.6943687556766576,0.7138392857142857,0.7150659990896677,0.7389937106918238,0.7846763540290621,0.7919611307420494,0.7946308724832215,0.805829596412556,0.8287392679620424,0.8221919054115507,0.821113074204947,0.8253198059108955,0.831858407079646,0.8010517090271692,0.8251220594762538,0.8095663835493965,0.802706241815801,0.7652603231597845,0.7638762511373977,0.7285067873303167,0.7040441176470589,0.6990161001788909,0.6581610206775187,0.6436265709156194
0.6504324078288576,0.592964824120603,0.5937358147980027,0.5837962962962963,0.554858934169279,0.5396039603960396,0.5067204301075269,0.4908508691674291,0.4839439167797377,0.47810545129579984,0.4528888888888889,0.4588801399825022,0.4625940681717574,0.45987654320987653,0.47126948775055677,0.4732419283502875,0.49733333333333335,0.4888591800356506,0.49388523047977423,0.49749886311959984,0.518813634351483,0.5426214482126489,0.5759046778464254,0.6061135371179039,0.6382791922739245,0.6455981941309256,0.6831368993653671,0.6968036529680365,0.7174849267872524,0.7248201438848921,0.7494543867306853,0.7584803256445047,0.7877959927140255,0.7919588592800374,0.8115612198452435,0.8005354752342704,0.8045045045045045,0.8171949630916197,0.819918144611187,0.8190601668862538,0.7964019306713471,0.7999053926206244,0.7911931818181818,0.7888989990900819,0.7511520737327189,0.7509140767824497,0.7152527075812274,0.6878718535469107,0.6701786532295007,0.6277036355269213,0.6181657848324515,0.6025524156791249,0.5715600552231938,0.5622453598913536,0.5370879120879121,0.5289661319073083,0.501737619461338,0.48864163189615206,0.4754322111010009,0.4673321234119782,0.46227709190672156,0.46887966804979253,0.4548314606741573,0.47137745974955275,0.46332894158981114,0.4686795853988283,0.4715261958997722,0.490702947845805,0.5204991087344029,0.5376635092467298,0.5474157303370787,0.5771812080536913,0.5933363760839799,0.5979899497487438,0.6320624712907671,0.6365698729582577,0.6690975387420237,0.6906151773686574,0.7160262417994376,0.729632945389436,0.7565577542567878,0.7692648361381754,0.7861498257839721,0.7866962305986697,0.8077617328519856,0.8106995884773662,0.8252086078173034,0.814781433077963,0.8041763341067285,0.813858695652174,0.8067498844197873,0.7992160278745645,0.7756841633019291,0.7707749766573296,0.7466910086718394,0.7243799719232569,0.7205948625506985,0.6795212765957447,0.6683168316831684,0.6438356164383562
0.6483467381590706,0.5972485768500949,0.5873161764705882,0.5688787185354691,0.5382151029748283,0.5268181818181819,0.4889867841409692,0.4860411899313501,0.47470817120622566,0.44395604395604393,0.46185286103542234,0.43744454303460517,0.4482606781153677,0.42977403633141337,0.4299390774586597,0.44778126400717166,0.46631205673758863,0.46174617461746176,0.48703296703296706,0.5118181818181818,0.5279142474318892,0.5520179372197309,0.5579133510167993,0.5823788546255506,0.6023875114784206,0.6082703423743886,0.6630286493860846,0.6665192392746573,0.6885468537799909,0.7186666666666667,0.7361305361305361,0.7677767776777678,0.7719453021614469,0.794067067927773,0.8013574660633485,0.8030905077262693,0.8018018018018018,0.8195652173913044,0.8081501831501832,0.7977272727272727,0.797485406376291,0.7959001782531194,0.7710622710622711,0.7588717015468608,0.7524924143909839,0.7289762340036563,0.7033112582781457,0.6931922723091076,0.6576973974415528,0.6295277395690051,0.6049046321525886,0.5810872544540886,0.5718169460806525,0.5581717451523546,0.5164835164835165,0.5011473152822395,0.4928888888888889,0.47735346358792186,0.4534617148097203,0.448400180261379,0.4611447184737087,0.4383438343834383,0.41371375977910724,0.41329225352112675,0.4484444444444444,0.46057906458797326,0.4596301308073974,0.46229361892012494,0.48628544862854484,0.5171614100185529,0.5279392042914618,0.5699411498415573,0.5778781038374717,0.5882352941176471,0.5922330097087378,0.6453048509123276,0.6625738972260118,0.6977997305792546,0.6923762817654926,0.7367475292003594,0.7450181159420289,0.7667548500881834,0.7765617875056999,0.8123063302346171,0.7958429561200924,0.7975543478260869,0.8250780901383311,0.81,0.8099647266313933,0.803030303030303,0.7865771812080536,0.7958916083916084,0.7723649247121346,0.7668488160291439,0.7358985570616529,0.7307692307692307,0.6921075455333912,0.6551270815074496,0.6371402877697842,0.6328371673432567
0.605685465382852,0.5862989323843416,0.5518634934889987,0.5342405618964003,0.5123400365630713,0.483739837398374,0.4755398854120758,0.45433472415391746,0.45150812064965196,0.4385171790235081,0.4331002331002331,0.4234762979683973,0.4177270732777534,0.4111514052583862,0.4275830258302583,0.4320074005550416,0.42962962962962964,0.42778034148592525,0.4480549199084668,0.47400881057268723,0.49798296727924696,0.5468046804680468,0.5537830446672743,0.570862676056338,0.5970216606498195,0.6142355008787346,0.6515220354384371,0.6638888888888889,0.6778492647058824,0.6977351916376306,0.7262969588550984,0.7558746736292428,0.771036315323295,0.788,0.7941696113074205,0.7975487970948706,0.8107109879963066,0.7952720785013381,0.7977220956719818,0.801544050862852,0.7979390681003584,0.7899313501144165,0.7746982565936522,0.7677130044843049,0.7320441988950276,0.7220683287165282,0.695898161244696,0.6677101967799642,0.6672558550596553,0.6324251898168826,0.5950226244343891,0.5910698496905393,0.5335704757670076,0.5247895229186156,0.5076495132127955,0.4948545861297539,0.4703389830508475,0.4496551724137931,0.4389160373167481,0.42850818946436475,0.42343960484957344,0.4037516748548459,0.4051490514905149,0.41906064751481986,0.4252039891205802,0.42838254737769943,0.4283121597096189,0.4646057347670251,0.4787234042553192,0.48460508701472554,0.5057675244010648,0.5304659498207885,0.5515097690941385,0.5800453514739229,0.6080898876404495,0.6241039426523297,0.6371289322108994,0.6791347453808022,0.7146788990825688,0.726457399103139,0.7417799210872424,0.755092802172929,0.7845102505694761,0.7774349933891582,0.7869430966034406,0.8126410835214447,0.8057296329453895,0.8141632837167343,0.7961038961038961,0.793709528214616,0.7818911685994647,0.7719854941069809,0.7827868852459017,0.734052111410602,0.7311827956989247,0.7150489759572574,0.687195392113425,0.6557301293900185,0.631578947368421,0.6015447523852794
0.5806306306306306,0.583634719710669,0.5411925352753755,0.5105428443248093,0.5053956834532374,0.47401433691756273,0.46436379536510713,0.4281221922731357,0.4276315789473684,0.4208407871198569,0.4159964253798034,0.3926218708827404,0.39781887150308204,0.39855072463768115,0.41670577193805725,0.41398093508851563,0.39841339797267517,0.43986105080330007,0.45556552962298025,0.4627272727272727,0.49546690843155033,0.5060080106809078,0.529568697198755,0.5792626728110599,0.5528846153846154,0.5921638468388246,0.631121281464531,0.6507503410641201,0.6957287538529282,0.7078600636074511,0.7193460490463215,0.746313963573287,0.7625054371465855,0.7531615925058548,0.7939856373429084,0.7932564330079858,0.8026079136690647,0.800556586270872,0.7973528069374715,0.8024691358024691,0.8043190832966064,0.7662573897226012,0.7714675147660155,0.7328584149599288,0.7330861909175163,0.7228464419475655,0.6851851851851852,0.6456156292594275,0.6252831898504757,0.6192375886524822,0.599647266313933,0.5592772146319964,0.5435851586946804,0.5108647450110865,0.5020279405137449,0.4812095032397408,0.473064735174287,0.43648351648351646,0.43366880146386094,0.4098876404494382,0.39717282261741904,0.4002677376171352,0.39770114942528734,0.3946395563770795,0.4138086642599278,0.405,0.434415295686972,0.43502051983584133,0.44014904517931996,0.47247292418772563,0.496617050067659,0.5098554533508541,0.5261096605744126,0.5788257050392973,0.589562140645732,0.6170500676589986,0.6384364820846905,0.6681735985533453,0.6862745098039216,0.6981304149566804,0.7448244824482448,0.7428952042628775,0.765409383624655,0.7665629168519342,0.7942708333333334,0.8018390804597701,0.7987804878048781,0.8185538881309686,0.7914485165794066,0.7861856577210735,0.7945804195804196,0.7846291331546024,0.7635314995563443,0.7341474870831376,0.703851261620186,0.7033407572383074,0.6858032932799288,0.6439909297052154,0.6284300494826811,0.5818098720292505
0.5805084745762712,0.555849889624724,0.5478841870824054,0.5157427937915743,0.49662009914375843,0.4678130511463845,0.4406113537117904,0.41317365269461076,0.40844444444444444,0.3937442502299908,0.3977426636568849,0.39081494822152185,0.3711615487316422,0.3915581499775483,0.395338413267593,0.3941573033707865,0.3973357831878732,0.4180364282541093,0.4412426834759118,0.4520851818988465,0.47688888888888886,0.4853700516351119,0.4986559139784946,0.5357612988152699,0.5714285714285714,0.5955006616674019,0.610237988325101,0.6515837104072398,0.6531590413943356,0.6848021582733813,0.7096188747731398,0.7517985611510791,0.7368655387355298,0.7659380692167578,0.7669724770642202,0.7949412827461608,0.7946630483943917,0.8108819657744625,0.7896897810218978,0.7829632985953784,0.7938097405553027,0.7556945064761054,0.7743985474353154,0.7448559670781894,0.7239208633093526,0.7029360967184801,0.674865831842576,0.6355435272891294,0.6178899082568807,0.6148767605633803,0.5614194722474978,0.5262921348314606,0.5175276752767528,0.48293736501079915,0.4727921498661909,0.4594953519256308,0.42649131047440114,0.41517241379310343,0.39568345323741005,0.39606227106227104,0.3846491228070175,0.3869546055531071,0.38454503886602653,0.38097345132743365,0.3982218062704726,0.40103492884864167,0.4022573363431151,0.42552264808362367,0.43805704099821746,0.45466491458607095,0.4773936170212766,0.4966442953020134,0.5299145299145299,0.5614879649890591,0.5822383325781604,0.6018181818181818,0.6391982182628062,0.6628122109158187,0.663923182441701,0.7007592675301474,0.7352256863657515,0.7443207126948775,0.7490280777537797,0.7520989836500221,0.7863939105613701,0.7888536474852741,0.794791198922317,0.7915896487985212,0.790625,0.7825319805910895,0.7784166298098186,0.7528447883477469,0.7217668488160291,0.7343612334801762,0.7040178571428571,0.6720285969615728,0.6728640991589199,0.6492265696087353,0.6077372919478182,0.5980883022303141
0.5884460367218988,0.5502347417840375,0.5187728937728938,0.5052910052910053,0.4698738907052779,0.46999076638965837,0.4493212669683258,0.40580985915492956,0.409423604757548,0.3669262482821805,0.37706381079875056,0.36695974086071265,0.37049028677150786,0.3724015922158337,0.3695450324976787,0.36958483754512633,0.40054495912806537,0.40598096964204805,0.418974126191557,0.43060344827586206,0.45251141552511415,0.4901421366345713,0.5062893081761006,0.5253192426243946,0.5516291877007802,0.5561085972850679,0.625,0.6441216522923287,0.679023932426091,0.6800547695116386,0.7045454545454546,0.727069351230425,0.7512326311071269,0.7598334104581213,0.7679458239277652,0.7764336917562724,0.776207839562443,0.7833868747131711,0.7820746132848043,0.7835477941176471,0.7648371262829095,0.7600172339508833,0.7343324250681199,0.7295154185022027,0.7236781609195402,0.6990909090909091,0.65754039497307,0.6364883401920439,0.6313405797101449,0.586031452358927,0.5483156028368794,0.5327723649247121,0.5015384615384615,0.48707482993197276,0.452,0.4530485091232755,0.4253731343283582,0.4150605109816226,0.3874827427519558,0.3720716582452917,0.35936814392277316,0.3604385564184559,0.3626776707932141,0.3897932248130224,0.37516570923552806,0.3595505617977528,0.3849188952213941,0.3948306595365419,0.42055655296229805,0.4412556053811659,0.4689991142604074,0.49783549783549785,0.5196714223951578,0.5445903123585333,0.5626980534178361,0.6020896821941663,0.6370138578453286,0.6589882565492322,0.673469387755102,0.7053903345724907,0.7035040431266847,0.7311729803742584,0.7326106594399278,0.7777274784970575,0.7775320654577621,0.7765237020316027,0.786618444846293,0.7762664165103189,0.788010425716768,0.7944093778178539,0.7692650334075724,0.7356057116536159,0.7494325919201089,0.7315227070347284,0.7151841868823001,0.6834400731930467,0.6481001727115717,0.6207052441229657,0.5859758820902189,0.5800367985280589
0.5480682839173405,0.5459023734885804,0.4908003679852806,0.4673321234119782,0.4528043775649795,0.43534675615212526,0.41774988794262663,0.39036251105216624,0.3766999093381686,0.3712223725755526,0.36160714285714285,0.35637342908438063,0.3549425287356322,0.33967391304347827,0.3576248313090418,0.36347673397717295,0.3892134831460674,0.3887375113533152,0.39045454545454544,0.4039888682745826,0.42837012682010334,0.4474153297682709,0.485340550293189,0.5081374321880651,0.5281722400366469,0.5402401067140952,0.5961015412511332,0.6191343963553531,0.6614892645043399,0.6712962962962963,0.6947879858657244,0.7078152753108348,0.7258497316636852,0.7666051660516605,0.7655963302752293,0.7674943566591422,0.780871127076785,0.7697189483227561,0.7931483087597572,0.7819004524886878,0.7681224673570464,0.7646245969599264,0.751645458534445,0.7014150943396227,0.70018281535649,0.6857798165137615,0.656021897810219,0.6362807657247037,0.6230907457322552,0.581489841986456,0.5686886708296164,0.5442518248175182,0.5090744101633394,0.467035500230521,0.4411504424778761,0.4312925170068027,0.4094695309074967,0.3936216688510267,0.36694802310084407,0.3400093153237075,0.36013986013986016,0.34558493948901836,0.3487848784878488,0.35069124423963133,0.3553644182888185,0.3527027027027027,0.3708877872915728,0.36668175645088275,0.3967289719626168,0.44180841539838855,0.44655797101449274,0.4695960940967599,0.5002227171492205,0.5344591510725696,0.531953195319532,0.5616797900262467,0.6029077691958201,0.6426976328718178,0.6778993435448578,0.6898846495119787,0.7151268115942029,0.734786557674841,0.7439414723365341,0.7437979251240415,0.7672375933245499,0.7805419813416259,0.7772343263672743,0.7743521000893655,0.7786738351254481,0.7830734966592428,0.7599293909973521,0.7575896964121435,0.7296819787985865,0.7269925143108763,0.6888402625820569,0.6616438356164384,0.6395712371594462,0.6294014084507042,0.5913785361472833,0.5526921306948919
0.549079754601227,0.5167755991285403,0.48415885765283356,0.4896247240618102,0.44811115935735996,0.41242180518319926,0.39812332439678283,0.3712021136063408,0.3659889094269871,0.3604176123467998,0.3339309726580009,0.330806954971021,0.33303208314505195,0.329073482428115,0.3479836882646126,0.3407441016333938,0.3547047970479705,0.3852967227635075,0.38338658146964855,0.4028906955736224,0.42539388322520855,0.4532177088087631,0.47884788478847884,0.5036363636363637,0.5264092321349312,0.5500226346763242,0.5815668202764976,0.6262538159616223,0.6473029045643154,0.6677046263345195,0.6975824175824176,0.6919282511210763,0.7255985267034991,0.7546093064091308,0.7469879518072289,0.7814036656236031,0.7765858208955224,0.7885789014821273,0.7639616055846422,0.7805096110862763,0.7699866011612327,0.7569382273948075,0.724669603524229,0.7199634536317954,0.7010355695632597,0.6842572062084257,0.6245300751879699,0.6231493943472409,0.5999093792478477,0.5588904047294224,0.5458653411658382,0.5004448398576512,0.4860986547085202,0.4665750915750916,0.42168141592920355,0.39749328558639213,0.40501138952164006,0.3746781115879828,0.3663323157435674,0.33905967450271246,0.32730480811645346,0.3269742679680568,0.3356491532783326,0.3436223331820245,0.33154121863799285,0.36070640176600444,0.36103542234332425,0.3569160997732426,0.396543883583447,0.4080536912751678,0.4341573033707865,0.47798456650022697,0.4772622875516766,0.5287769784172662,0.548372513562387,0.5730541647701412,0.5885275519421861,0.6153165117308543,0.6538291279327136,0.6897031539888683,0.7040358744394619,0.731477323753929,0.7422222222222222,0.7614889705882353,0.7588366890380314,0.7776769509981851,0.7783207463349623,0.7839927239654388,0.7687105500450857,0.7601572739187418,0.7691962281095645,0.7456021650879567,0.742483660130719,0.6979742173112339,0.6853526220614828,0.6677330895795247,0.6247307195174494,0.6185335132703553,0.5824125230202578,0.5614574187884109
0.5411819450907399,0.49888740542946153,0.48909657320872274,0.46660608814175375,0.4413825315273237,0.4168504631671813,0.3912248628884826,0.37085792101679527,0.34626168224299064,0.33303044070876875,0.3318365514144589,0.33756230176710467,0.3286235186873291,0.3037300177619893,0.3237574099407205,0.3264942016057092,0.33182844243792325,0.35267857142857145,0.3664825046040516,0.3982222222222222,0.4117647058823529,0.4346305203323131,0.4730512249443207,0.5147321428571429,0.5144483362521891,0.536045997346307,0.5912698412698413,0.6089131423374261,0.6495306213679034,0.6621803499327052,0.6991416309012876,0.7170068027210884,0.7287163652404058,0.7544910179640718,0.7479638009049774,0.7589720868409393,0.7780320366132724,0.7732191163210099,0.7675651789659743,0.7687012391005048,0.7579473206176204,0.7542986425339366,0.7311080203987019,0.7184115523465704,0.7016164263870686,0.6352313167259787,0.6499327655759749,0.6228265715559519,0.583596214511041,0.5676758682101514,0.5240213523131673,0.5109619686800895,0.4732620320855615,0.4488766620816139,0.42136097341144657,0.38981523208652546,0.37164579606440074,0.371480472297911,0.33377020532983837,0.34195274186357555,0.32830361225422955,0.3120284065690191,0.3218132854578097,0.3311081441922563,0.3277877697841727,0.3166360294117647,0.3319521178637201,0.3649247121346324,0.39269813000890474,0.38883888388838883,0.42359855334538876,0.4557017543859649,0.4781834372217275,0.5175633614939973,0.5371937639198219,0.567014993184916,0.5919821826280623,0.6266548984995587,0.6514614703277236,0.66651865008881,0.6964684845775593,0.6992687385740403,0.7422727272727273,0.7488584474885844,0.7747178329571106,0.7644144144144144,0.77088948787062,0.769298245614035,0.7760532150776053,0.7720018239854081,0.7486559139784946,0.7454792043399638,0.7068201948627104,0.6874172185430464,0.6603938730853391,0.664066085360257,0.6353350739773717,0.6005373936408419,0.5751226036558181,0.5485415759686547
0.5358894337940259,0.5019937970757643,0.46933085501858735,0.4509107063527321,0.42731664470794906,0.4045837231057063,0.3920529801324503,0.36532367587143505,0.3286618444846293,0.32630654369784806,0.3156934306569343,0.30141843971631205,0.2956204379562044,0.3022522522522523,0.3124722592099423,0.3077264653641208,0.3312527864467231,0.34640831758034024,0.35828388863532634,0.3781965006729475,0.4137466307277628,0.4324446452779033,0.4630039875941515,0.4709276520195295,0.5193345323741008,0.5321908290875406,0.5728198317839752,0.6243701328447091,0.631721644826028,0.6498020237571491,0.6927272727272727,0.6878868258178603,0.7177637511271415,0.7382969237628176,0.7508960573476703,0.7614424410540915,0.7684117125110914,0.7801138852387209,0.7705069124423963,0.7670793214121963,0.7586052749217702,0.7557562076749436,0.7283157411656723,0.7057531840140536,0.6776785714285715,0.6478102189781022,0.6324977618621307,0.5991975033437361,0.570859167404783,0.5448060633080696,0.5275877792977656,0.47544642857142855,0.44807256235827664,0.42581801882563874,0.4192835028748341,0.37378210806023027,0.3649155722326454,0.3263920325939339,0.32783127005960566,0.30601092896174864,0.311746315319339,0.3030035335689046,0.3074829931972789,0.2960644007155635,0.3081421502474134,0.31958295557570265,0.3372093023255814,0.3414087034544639,0.3695554557700943,0.39973202322465384,0.4103690685413005,0.43974241030358785,0.4687077892841063,0.49704411095952705,0.5221920289855072,0.5352237483385024,0.580517770952172,0.6164568345323741,0.6476964769647696,0.686036036036036,0.6817570596145226,0.7034237438861717,0.7274754683318466,0.7290178571428572,0.7588843904633378,0.7720160929816718,0.7559963099630996,0.7638703950288505,0.7588555858310627,0.765079365079365,0.7493150684931507,0.7279642058165549,0.7079276773296245,0.7040399455288243,0.6792452830188679,0.6532045654082529,0.6205787781350482,0.5883441258094357,0.5662431941923775,0.5346884666372073
0.5250865051903114,0.5057167985927881,0.4570796460176991,0.43178748311571363,0.4153498871331828,0.3840814437760296,0.3524590163934426,0.35704816615112683,0.3219814241486068,0.30480072463768115,0.3077634011090573,0.28970718722271516,0.30502445531347266,0.28209848136217214,0.2966064345526664,0.3161203412662775,0.3139427516158818,0.3142857142857143,0.3571104043616538,0.3568202348690154,0.3847884788478848,0.41224122412241226,0.4531177829099307,0.4830086089714545,0.5168795620437956,0.5280210157618214,0.5556070435588508,0.58325952170062,0.628012733060482,0.6378473753859727,0.6798029556650246,0.6780883678990082,0.7026785714285714,0.7305747126436781,0.756513926325247,0.7585431654676259,0.7618834080717489,0.7580425917535115,0.7560865644724978,0.7397383852052323,0.7396071265417999,0.7264509990485252,0.7174011812812358,0.6961350510884051,0.6858202038924931,0.6684636118598383,0.6110864745011086,0.5958219800181653,0.5744978981784213,0.5437158469945356,0.5048409405255878,0.4828674481514878,0.46846846846846846,0.4213636363636364,0.4091108190976785,0.3644605621033545,0.36064814814814816,0.34831460674157305,0.31068840579710144,0.3006216696269982,0.30165104863900044,0.2956841138659321,0.29469901168014373,0.2828282828282828,0.3161290322580645,0.321113074204947,0.30869565217391304,0.3513392857142857,0.34235888022028454,0.39627780299591464,0.4075743913435528,0.4267374944665781,0.4552919708029197,0.4740608228980322,0.5151650312221231,0.5537078651685393,0.5653153153153153,0.6297777777777778,0.6408163265306123,0.6581196581196581,0.6924769027716674,0.7180192572214581,0.7257479601087942,0.7364653243847875,0.7545703839122486,0.7539432176656151,0.7768259693417493,0.768,0.7557980900409277,0.7522603978300181,0.7250470809792844,0.731940818102698,0.7217582417582418,0.6777122106218793,0.6558669001751314,0.6544696618805003,0.6291512915129152,0.5939339067451336,0.550711743772242,0.5098214285714285
0.528344671201814,0.49506283662477557,0.4660238751147842,0.42857142857142855,0.398093508851566,0.36740207113912654,0.35890533871691344,0.33665609424558224,0.32018561484918795,0.2995038340099233,0.2938388625592417,0.2911683532658694,0.2875226039783002,0.2867448151487827,0.2789544840018026,0.3040326234707748,0.29242700729927007,0.32639503985828167,0.3235427022141889,0.34599728629579374,0.3896336014298481,0.42732691425951397,0.44751381215469616,0.4724664507172605,0.4880791722896986,0.5238307349665924,0.5799207397622193,0.5794050343249428,0.6059135039717564,0.6419807186678352,0.6599552572706935,0.6976212259835316,0.7217507815989281,0.724402345511953,0.736629213483146,0.7532110091743119,0.75377107364685,0.7642348754448398,0.755370451556335,0.740990990990991,0.7378768020969856,0.739830129637908,0.7180919639020198,0.6845315904139434,0.6731481481481482,0.6513098464317977,0.616863259065094,0.5717439293598234,0.5763024435223605,0.5218190169958659,0.4861359570661896,0.46970367094206106,0.4520547945205479,0.41312217194570133,0.4022609514837494,0.3712389380530973,0.34199726402188785,0.3184713375796178,0.3184947223497017,0.3031278748850046,0.28843537414965986,0.28009049773755657,0.26518847006651886,0.27780299591466184,0.27722772277227725,0.2864253393665158,0.30870135548753824,0.33658969804618116,0.34932126696832577,0.3724941724941725,0.3972911963882618,0.4298440979955457,0.4447935368043088,0.47862494490965185,0.5302013422818792,0.5405405405405406,0.571945701357466,0.6045474810521623,0.6303339517625232,0.6687927107061503,0.6793501496365968,0.6949152542372882,0.7240461401952085,0.7328519855595668,0.733923578751165,0.7574660633484163,0.7688243064729194,0.7618421052631579,0.7558876811594203,0.7385504668741663,0.7384076990376203,0.7244809688581315,0.7093486929552504,0.6752783964365257,0.6516245487364621,0.6358815731330093,0.618647812638091,0.5849909584086799,0.5366931918656057,0.5222929936305732
0.5153374233128835,0.48787185354691076,0.4651474530831099,0.41152815013404825,0.37385740402193784,0.3657749077490775,0.34686513306269734,0.33243486073674755,0.3244798583444002,0.287372330547818,0.2738938053097345,0.2763507528786537,0.2807585568917669,0.25393966681674923,0.27358068842199373,0.2970027247956403,0.3008968609865471,0.3075547608404113,0.336697247706422,0.3688195991091314,0.3784629133154602,0.4152808988764045,0.42541685443893645,0.45528824330458467,0.48151487826871053,0.5101123595505618,0.5525345622119816,0.5966754155730534,0.5888738127544098,0.6331065759637188,0.6725383920505872,0.6937584193982936,0.7107969151670951,0.7122144112478032,0.7429718875502008,0.7325120985481742,0.7527173913043478,0.7677130044843049,0.756721022476862,0.7431906614785992,0.738255033557047,0.7216352779053744,0.7083704363312555,0.7069977426636569,0.6848776223776224,0.6533510874389703,0.6233123312331234,0.5815412186379928,0.5715547703180212,0.5238095238095238,0.5065502183406113,0.47513321492007105,0.418480675255442,0.4075743913435528,0.38531278331822305,0.35210622710622713,0.3532384014699127,0.31199278629395855,0.3046594982078853,0.28233151183970856,0.2631820265933058,0.270367054610564,0.281413612565445,0.2761394101876676,0.3003082342580361,0.310561797752809,0.3244943820224719,0.31788079470198677,0.3459780621572212,0.3553488372093023,0.3961913608917789,0.42659159809441316,0.4374170720919947,0.4708971553610503,0.5092186128182616,0.5306032584764421,0.581081081081081,0.5765849143914854,0.6331096196868009,0.6614699331848553,0.6620720320142286,0.6903197547087166,0.7116788321167883,0.7303921568627451,0.7450722733245729,0.7359894921190894,0.7676443629697525,0.7571106094808127,0.7461858529819695,0.7261467889908257,0.730751708428246,0.724898694281855,0.7131110095934217,0.6859430604982206,0.6538994000922935,0.6217616580310881,0.6040178571428572,0.5718027062418158,0.5533272561531449,0.5244690674053555
0.5064635272391506,0.48790506617982654,0.4360231832367365,0.39863013698630134,0.3923705722070845,0.37318041464490515,0.3426763110307414,0.3336359509759419,0.30288909599254427,0.2863595302619693,0.2606741573033708,0.27350813743218805,0.25237449118046135,0.26378132118451025,0.2691637630662021,0.28074750108648416,0.2935528120713306,0.31765213638325424,0.3293118856121537,0.34932126696832577,0.36548442906574397,0.4162348877374784,0.41541850220264315,0.45074758135444154,0.49381625441696114,0.5152203543843707,0.5527839643652561,0.5797364834166288,0.622791519434629,0.6449756529437805,0.6785555060187249,0.6908602150537635,0.6980461811722913,0.7267467734757455,0.7508912655971479,0.7377994676131322,0.7548885857207822,0.7498871331828443,0.7540687160940326,0.751101321585903,0.7439293598233996,0.729903536977492,0.733363108530594,0.6974977658623771,0.6673951048951049,0.6415607985480943,0.6234911792014856,0.5927092709270927,0.5595454545454546,0.504050405040504,0.4904545454545455,0.4619540747411076,0.43268337975858867,0.42431089019430634,0.3712686567164179,0.3522321428571429,0.32109665427509293,0.30325379609544467,0.3077963046417305,0.2929936305732484,0.2757220216606498,0.2679227941176471,0.26770601336302896,0.24818840579710144,0.2790594498669033,0.26814428509343763,0.30357142857142855,0.31438721136767317,0.3269657929808974,0.36638506002667853,0.3867427568042142,0.41438202247191014,0.4241748438893845,0.48111159357359967,0.4947916666666667,0.5411558669001751,0.5786713286713286,0.5996393146979261,0.6405405405405405,0.6608695652173913,0.6787130894667255,0.7018328118015199,0.7185385656292287,0.723537293434569,0.7458464301751235,0.7593174674449933,0.7631697433588474,0.7420634920634921,0.7574411372723234,0.7451598379108509,0.7206927175843695,0.7258996001776988,0.7067530064754857,0.6553748870822041,0.654968094804011,0.6351717902350814,0.5945454545454546,0.576076993583868,0.5318961724593049,0.49864743011722273
0.5091943957968477,0.4759725400457666,0.4437201216862234,0.3944241316270567,0.38492063492063494,0.35827664399092973,0.34142988084326303,0.3115134633240483,0.31614349775784756,0.27191011235955054,0.2739244951712028,0.259391771019678,0.24354763022055373,0.2596613113330439,0.2756324900133156,0.26734423331860363,0.27956989247311825,0.29609929078014185,0.3068129858253315,0.34723523898781633,0.38549270072992703,0.3922627080521817,0.4184641932700604,0.440110142267095,0.4641214351425943,0.5189141076991545,0.540453074433657,0.5817137809187279,0.6101771921853703,0.6263182026593306,0.6603858232391207,0.6762460709474629,0.7085904129093498,0.7123834886817576,0.7343820224719101,0.751834862385321,0.7480176211453744,0.7570991699432067,0.7507829977628635,0.7344763670064874,0.7396449704142012,0.7200178332590281,0.716492503407542,0.6821636119803308,0.6608084358523726,0.6304155614500442,0.6028880866425993,0.597737556561086,0.5432960893854749,0.5206431986093003,0.4720357941834452,0.44216757741347906,0.4212437585111212,0.3789279112754159,0.36239782016348776,0.3403476669716377,0.3150067598017125,0.3102517985611511,0.29837983798379836,0.2602921646746348,0.2657894736842105,0.2674470959027465,0.2675101671938545,0.24886672710788757,0.25716886663632227,0.2754464285714286,0.2915346310547759,0.30054151624548736,0.336283185840708,0.3529143897996357,0.38301636444051307,0.40252393385552654,0.4358523725834798,0.4676457090408444,0.5106769650159019,0.5148334094020995,0.5522256500661085,0.5918832649338805,0.6211151736745887,0.6492976891708201,0.6743330266789328,0.6947463768115942,0.7103726986977997,0.7255621844882973,0.7436823104693141,0.7522361359570662,0.7547696603071196,0.7482962289868241,0.7487321346242508,0.741340530814215,0.7331560283687943,0.717032967032967,0.7068730086481566,0.6891469405984815,0.6587230215827338,0.6121621621621621,0.6072386058981233,0.5592017738359202,0.5457427536231884,0.48966756513926324
0.5062388591800356,0.469050894085282,0.43502581755593805,0.40895129442738043,0.38147984049623396,0.35720680393912263,0.31252911038658593,0.3097898971837282,0.2936753648827952,0.27838328792007266,0.26289592760180996,0.2757867132867133,0.2485207100591716,0.26743119266055043,0.258688957325121,0.2704431247144815,0.29320843091334897,0.2900763358778626,0.3155031731640979,0.33848953594176523,0.3635135135135135,0.387846291331546,0.4334215167548501,0.4411633109619687,0.4885948905109489,0.499341816586222,0.5506018724921979,0.5991071428571428,0.5942360475754803,0.6073018699910953,0.6525842696629214,0.695045045045045,0.6956329951477724,0.705239179954442,0.7444954128440368,0.7282415630550622,0.7459312839059674,0.7624113475177305,0.74408014571949,0.72889091738932,0.728551974580118,0.7166591827570723,0.69690166142793,0.7030193780982424,0.6621503496503497,0.6341358555460017,0.5988423864648263,0.5729396209784046,0.5535876475930972,0.5044052863436124,0.4951901053595969,0.46464646464646464,0.4193121693121693,0.3936535162950257,0.3759465478841871,0.3436657681940701,0.33992640294388227,0.29571106094808125,0.28597367226509307,0.26919602529358627,0.2749094202898551,0.2595454545454545,0.27017695295640914,0.2536101083032491,0.260054844606947,0.28656036446469246,0.2880963408985642,0.3141814865481076,0.32839277443260767,0.351721094439541,0.38153706230104595,0.41002685765443153,0.4410324877614597,0.4605026929982047,0.5212814645308924,0.5307486631016043,0.5777777777777777,0.5849977807367954,0.6153492647058824,0.6435059037238874,0.6698542805100182,0.6736014794267221,0.7134259259259259,0.7217871948410871,0.7186516853932584,0.7559852670349908,0.7473357015985791,0.7443642921550947,0.7580201649862511,0.751147842056933,0.7425122932498882,0.7341197822141561,0.703427065026362,0.6789684304135171,0.6541628545288197,0.6331096196868009,0.6072214883311317,0.578405017921147,0.53422756706753,0.49845474613686536
0.5114606741573033,0.4872881355932203,0.44374152733845457,0.4192982456140351,0.3909973521624007,0.36,0.33468104222821204,0.308843537414966,0.28824049513704686,0.2743521000893655,0.2683251888049756,0.2685433422698838,0.22851919561243145,0.2391005048187242,0.2532850022655188,0.26372637263726373,0.2716572504708098,0.3054187192118227,0.31962025316455694,0.34969053934571176,0.34350797266514804,0.39235320892125625,0.4202832343535861,0.4466240875912409,0.4870535714285714,0.5154639175257731,0.5369458128078818,0.578971533516988,0.5951742627345844,0.6480627306273062,0.6604714415231188,0.6807846633972359,0.6980621901757549,0.7176947321026564,0.7356848373797527,0.7467327625056331,0.7432915921288015,0.7674731182795699,0.7485327313769752,0.7462087421944692,0.7346471127406049,0.7098565478944933,0.7019273868220529,0.6963739624290083,0.6719229084537889,0.6396030672079387,0.6229435304579813,0.5814058956916099,0.5425968109339407,0.534085974815458,0.46780729401170645,0.4488766620816139,0.4419720767888307,0.38106026280018124,0.3628673196794301,0.33726736268724467,0.29640018700327253,0.30341113105924594,0.27194570135746604,0.26365264100268576,0.24988558352402745,0.252400548696845,0.2620967741935484,0.25882352941176473,0.2648018648018648,0.27004608294930876,0.28783116299955097,0.2889083735203858,0.32677693339293695,0.3514808362369338,0.3807129798903108,0.3894316163410302,0.41544607190412786,0.4648080438756856,0.47917580008768085,0.5333333333333333,0.5543575920934412,0.6060333183250788,0.6177916852928028,0.6387270282384581,0.6710229833258224,0.6945898778359512,0.707306140744061,0.7312359550561798,0.7460172963131543,0.729064039408867,0.7484608619173263,0.7562949640287769,0.7486678507992895,0.7390716538981523,0.729903536977492,0.7038031319910515,0.7032967032967034,0.6715529088410445,0.6343416370106761,0.6263489208633094,0.5941095260009204,0.5593368237347295,0.535052012663953,0.5035682426404996
0.5,0.4776586237712243,0.4293239683933275,0.4096817570596145,0.38619744058500916,0.35593991807009556,0.34066901408450706,0.3141454707719768,0.2731297034085879,0.2705829995549622,0.23705722070844687,0.2556869881710646,0.25679347826086957,0.24965580541532814,0.25919117647058826,0.26049661399548535,0.27737881508078993,0.2775229357798165,0.3133159268929504,0.3385579937304075,0.3488164359088879,0.3896470588235294,0.41179039301310044,0.4450163781001404,0.48451730418943534,0.5263858093126386,0.5469034608378871,0.5729166666666666,0.6067312125403411,0.6342222222222222,0.6625766871165644,0.6809815950920245,0.6942619360490583,0.7211101000909919,0.7255520504731862,0.7431522227211496,0.7495575221238938,0.7698876404494382,0.7260155574762316,0.7617295308187673,0.7302692664809657,0.734521158129176,0.7146714671467147,0.7015730337078652,0.6666666666666666,0.6340919232485498,0.6063244729605867,0.5679893000445831,0.5518930957683742,0.5082275505406676,0.48045454545454547,0.465105808194507,0.39699179580674565,0.3694581280788177,0.3646788990825688,0.339396628216504,0.31380563124432337,0.30360281195079086,0.26595269968763946,0.282983682983683,0.23308270676691728,0.24988495167970548,0.2495511669658887,0.2584373555247342,0.26537785588752194,0.2734513274336283,0.28287955699123213,0.2831779849090102,0.3231707317073171,0.3456452348381213,0.37294332723948814,0.3992723965438836,0.42151675485008816,0.46601941747572817,0.49600709849157054,0.5217781769196228,0.5533333333333333,0.5806163465832961,0.6148708815672307,0.6558073654390935,0.6610093791871371,0.691712204007286,0.7119924457034938,0.7156549520766773,0.7313563017880506,0.7398448197170242,0.7376391982182628,0.7676457693993862,0.7421296296296296,0.7445155393053017,0.7348586810228802,0.7141014617368874,0.7009472259810555,0.6693951796271033,0.6354022988505748,0.6407766990291263,0.5982022471910112,0.5673469387755102,0.5164488508337088,0.4782016348773842
0.4834377797672337,0.4767335766423358,0.4430264357338195,0.4218540080609046,0.3866487455197133,0.3547498852684718,0.3168819188191882,0.31765749778172137,0.2873512560599383,0.2648131267092069,0.28134556574923547,0.2528846153846154,0.24503311258278146,0.2529358626919603,0.24032771961766045,0.26624548736462095,0.2667852378835038,0.29010695187165775,0.2986425339366516,0.3324324324324324,0.36177007299270075,0.38845979100408906,0.3894642053129221,0.42,0.4786557674841054,0.5120839033287734,0.5384615384615384,0.5621004566210046,0.613960113960114,0.6166592028660994,0.6391705069124424,0.6824561403508772,0.7027385159010601,0.7026086956521739,0.7215246636771301,0.7418918918918919,0.7475158084914183,0.7415828596414517,0.7460885113991953,0.7297297297297297,0.7467386414754836,0.715625,0.6980874316939891,0.6828054298642534,0.6464968152866242,0.6256135653726015,0.6103178258866881,0.5829576194770063,0.5567715458276333,0.5042966983265491,0.4871111111111111,0.432258064516129,0.4140521431727795,0.3865217391304348,0.3631993006993007,0.34461966604823746,0.3051293292415607,0.30407801418439717,0.2791030534351145,0.25815096025011164,0.2644404332129964,0.25807860262008736,0.2507753655294639,0.24437299035369775,0.25964125560538115,0.2685018050541516,0.27256069628950985,0.3006711409395973,0.3143374038896427,0.3360977738978612,0.3700088731144632,0.3901223380154055,0.4318482576091751,0.46462370437133843,0.47525186158563293,0.5162831089882761,0.5561972456685917,0.5822902178952248,0.6088300220750552,0.650371017023134,0.6576659038901602,0.6799822458943631,0.6993227990970655,0.7350696003592276,0.7206927175843695,0.7577948486217804,0.7498885421310745,0.7647317502198768,0.7602708803611739,0.7368181818181818,0.7318557149065623,0.7097337407245744,0.6868231046931408,0.6823056300268097,0.6465556055830707,0.634135270086246,0.600177304964539,0.5674460431654677,0.5410928476232786,0.5138640429338104
0.5114678899082569,0.473967684021544,0.42356115107913667,0.4118181818181818,0.37797752808988766,0.3586399627387052,0.3342305966801256,0.312417145382236,0.2968542312804608,0.2713903743315508,0.2749554367201426,0.26999558108705257,0.24842484248424843,0.24211000901713256,0.25190839694656486,0.2681715575620767,0.27921782628467484,0.29280510018214934,0.3028263795423957,0.344044558697515,0.344675209898365,0.3836109860423233,0.42382271468144045,0.4381491973559962,0.47385175079581626,0.5149122807017544,0.5578568212516885,0.572139303482587,0.6122727272727273,0.6406320541760723,0.6432980599647267,0.6560185185185186,0.7196176604460628,0.7307351638618246,0.7404063205417607,0.7359550561797753,0.7447584320875114,0.7367521367521368,0.7451944568618686,0.737885462555066,0.7457852706299911,0.7254545454545455,0.6984346224677717,0.6946983546617916,0.6840909090909091,0.6361974405850092,0.605724838411819,0.5980883022303141,0.5478147987884033,0.5177368657386618,0.4782222222222222,0.4506398537477148,0.4275772074815137,0.3904719501335708,0.3635551585529254,0.3357731015553522,0.3121597096188748,0.29494505494505496,0.30396083667111706,0.24966502903081733,0.2538742023701003,0.23824737562756731,0.2530391715443494,0.270687237026648,0.260347129506008,0.24931880108991825,0.28329519450800916,0.29863013698630136,0.33617212012550424,0.33712984054669703,0.3737556561085973,0.3888392857142857,0.43497961033076576,0.465259454705365,0.4969921332716335,0.5174520069808028,0.5574977000919963,0.5881529850746269,0.6217547000895255,0.6442526124488869,0.6651439013248058,0.6861607142857142,0.7187928669410151,0.710250569476082,0.7268984446477584,0.7466960352422908,0.7609082813891362,0.7481751824817519,0.7354895879486043,0.7456724367509987,0.7253100597152045,0.7240110395584176,0.6854438936457864,0.6613953488372093,0.6446837146702558,0.6193379790940766,0.581098901098901,0.5476079888527636,0.5396465790666063,0.5087014725568942
0.49113233287858116,0.49745252431681336,0.4370168258299227,0.4250115366866636,0.37923351158645274,0.35675430643699,0.31160071942446044,0.31312217194570136,0.29440715883668905,0.272181146025878,0.25925925925925924,0.25623087013554874,0.256021409455843,0.26116996775679413,0.2672413793103448,0.2644475265834489,0.2921550946798918,0.30610412926391384,0.3321380546839982,0.32566531348669375,0.36539306104523495,0.38226164079822617,0.4072934973637961,0.4555193292966931,0.4669440591770689,0.526984126984127,0.5541343079031521,0.5655884995507637,0.5917553191489362,0.6128890837352039,0.6489221293444787,0.7013761467889909,0.7147392290249434,0.7086363636363636,0.7319540229885058,0.7414568345323741,0.7530434782608696,0.7568181818181818,0.748890860692103,0.7467532467532467,0.7431645002241147,0.7253296953160527,0.7144796380090498,0.6895338610378188,0.668030923146885,0.6431737588652482,0.6183170618317062,0.5625841184387618,0.564961521050249,0.5229485396383866,0.49545867393278836,0.4639821029082774,0.42208087233075875,0.39446209714026326,0.3824324324324324,0.3407340280924332,0.3261840929401251,0.28910369068541303,0.28370403994552884,0.27402298850574713,0.2594104308390023,0.2540106951871658,0.24953703703703703,0.2665482007996446,0.2660270388137811,0.2732290708371665,0.2654292343387471,0.2954954954954955,0.32097688617531617,0.3521383075523203,0.3955393718707328,0.39298093587521665,0.44047619047619047,0.46564885496183206,0.4986276303751144,0.503493246390312,0.5571365051133838,0.5830999066293184,0.6054919908466819,0.6312724014336918,0.651528384279476,0.6873623954205196,0.7194444444444444,0.7319444444444444,0.7423423423423423,0.7351203998182644,0.7526642984014209,0.7530474040632055,0.7461716937354989,0.7409255898366606,0.73125,0.7194612169066419,0.6872427983539094,0.6792275082430523,0.6455981941309256,0.6275395033860045,0.5806745670009116,0.562390158172232,0.5544509715318572,0.5031418312387792
0.49442213297634985,0.46248294679399726,0.4240953221535746,0.40925110132158593,0.3933542882801976,0.35816876122082586,0.3373913043478261,0.329935125115848,0.3110712684894666,0.2760537285780454,0.2690857681432611,0.2557829181494662,0.2820175438596491,0.26907263590680675,0.2596284549161758,0.28074041427941826,0.2769640479360852,0.29023861171366594,0.31567028985507245,0.3345421577515866,0.36328293736501077,0.3936451897616946,0.42131294964028776,0.4640108646446356,0.47492092182557616,0.5198927134555208,0.5405777166437414,0.5727472527472528,0.5851449275362319,0.6444135373203523,0.6418708240534521,0.6819613135402609,0.6955935251798561,0.7200182398540812,0.7164444444444444,0.7303964757709251,0.7442901925660547,0.759533423059668,0.7518148820326679,0.7381590705987489,0.757162346521146,0.7266851338873499,0.7257769652650823,0.686036036036036,0.6544715447154471,0.6346846846846846,0.6137931034482759,0.6035182679296346,0.538391640163562,0.5355191256830601,0.48554913294797686,0.4503105590062112,0.4323030039181541,0.3890604322893692,0.3803249890206412,0.35753176043557167,0.3249336870026525,0.30574098798397864,0.2930957683741648,0.2921447484554281,0.25142606406318563,0.25853658536585367,0.2727680574248542,0.2533739660426643,0.2698993595608417,0.27604630454140694,0.3006357856494096,0.30817894261183915,0.32286598850066345,0.3675889328063241,0.36754507628294036,0.41249446167478954,0.42206342117016526,0.4713758079409049,0.5117101193106496,0.5217196596506941,0.5458715596330275,0.5835261453031004,0.6196150320806599,0.6540369869192603,0.6700938757264193,0.7002197802197803,0.709691826708352,0.7088785046728971,0.7482931269913519,0.7604166666666666,0.7670349907918969,0.7735763097949886,0.7534246575342466,0.7283720930232558,0.7242314647377939,0.7243031358885017,0.7107843137254902,0.6534566270365477,0.6490448689471346,0.6275322283609577,0.5855203619909503,0.5688323489323035,0.5302760463045414,0.4948308270676692
0.5209090909090909,0.46973803071364045,0.44908493664946036,0.4104979811574697,0.3972902097902098,0.36247139588100685,0.330119375573921,0.31797235023041476,0.29858253315043437,0.3081155433287483,0.27113309352517984,0.27163247100802856,0.2637221269296741,0.2689844464775846,0.27268643306379153,0.28213028169014087,0.28021729289271163,0.3051293292415607,0.3179556761646314,0.35082872928176795,0.36999109528049867,0.39845173041894355,0.43072014585232454,0.44604966139954855,0.48423423423423423,0.5096629213483146,0.5498435404559678,0.5937643282897753,0.616710875331565,0.6384826325411335,0.6609222170470423,0.6880400181900864,0.6935053380782918,0.7209618874773139,0.7277318640955005,0.7455146364494807,0.7619047619047619,0.7551467367498905,0.7619266055045871,0.7540035587188612,0.7364746945898778,0.7264108352144469,0.6982913669064749,0.7033976124885216,0.6669623059866963,0.632662192393736,0.5957261229829918,0.5901785714285714,0.5487012987012987,0.5138952164009112,0.4731084776663628,0.45947117468573906,0.44295900178253117,0.40970961887477314,0.3712962962962963,0.37333944113605133,0.3286384976525822,0.3105263157894737,0.2869726471951785,0.289237668161435,0.27184892402283706,0.2803563056727614,0.26176602420439266,0.2605004468275246,0.2738309352517986,0.2983693256941384,0.304922515952598,0.3029891304347826,0.3528610354223433,0.3504923903312444,0.3658878504672897,0.418876404494382,0.4385425812115891,0.4669642857142857,0.5010902747492368,0.5104072398190045,0.5523513753327418,0.6039467645709041,0.6298850574712643,0.6590399282189322,0.6744186046511628,0.6751708428246014,0.7162661737523105,0.7380530973451327,0.7546210720887245,0.741371582250112,0.7687756030951297,0.7467677218011591,0.7580943570767807,0.74626189397372,0.7410915651781687,0.7198316183348924,0.704837993786063,0.6791347453808022,0.6590106007067138,0.6169197396963124,0.6111862877762743,0.5795660036166366,0.5486295313881521,0.5008912655971479
0.5306957708049114,0.5056280954524989,0.44607190412782954,0.4366948023100844,0.40087719298245617,0.38373686614892644,0.3466546924113157,0.3293795620437956,0.2963940193491645,0.29666366095581603,0.28277153558052437,0.29070294784580497,0.2631578947368421,0.26482758620689656,0.29359430604982206,0.30229419703103916,0.29475509319462506,0.3083941605839416,0.3247351450944265,0.346815834767642,0.36487098234495247,0.38823529411764707,0.44041685545990034,0.4653553866785874,0.4936764064544265,0.5304428044280443,0.5484751934456077,0.581945661700263,0.6131221719457014,0.6311735387403715,0.6826453617399023,0.6906702898550725,0.7137220517316967,0.7237196765498652,0.7422771403353927,0.7459054749649041,0.7653606411398041,0.7750653879686138,0.7714543812104788,0.7364834166288051,0.7480916030534351,0.7312471237919926,0.7257039055404177,0.6815052776502983,0.667246628969117,0.655324790101635,0.6216454025516938,0.6086956521739131,0.5686813186813187,0.5188848920863309,0.496,0.4784970574920779,0.43736067766384307,0.4050021939447126,0.36996834011759383,0.35531453362255966,0.33455882352941174,0.31886706258565556,0.30594015185350604,0.2838254737769943,0.2885753299954483,0.2786377708978328,0.26705829191143243,0.2773455377574371,0.2892711634223631,0.3035230352303523,0.30543382997370727,0.32252085264133457,0.36768043576940534,0.36968576709796674,0.39955156950672643,0.42025089605734767,0.45954545454545453,0.46539712029725966,0.5284478834774693,0.5224564619615032,0.5743519781718963,0.6108083560399636,0.6247279059643013,0.6552191595119747,0.703125,0.692025664527956,0.7183035714285714,0.7520969245107176,0.7308533916849015,0.7467411545623837,0.7445255474452555,0.7605832549388523,0.751219512195122,0.7432306255835668,0.7219375873311598,0.7297060114085125,0.6959145775301764,0.6824413976116762,0.6604110813226095,0.6369047619047619,0.6011664423508299,0.564748201438849,0.5676037483266398,0.5203068592057761
0.5205047318611987,0.5111111111111111,0.4709251101321586,0.4145785876993166,0.4105691056910569,0.3804878048780488,0.36172204024333177,0.3406884377758164,0.31244364292155097,0.3092736409319324,0.29941467807294014,0.27095604893520614,0.2775735294117647,0.2933920704845815,0.27137042062415195,0.2958446251129178,0.31644403500690926,0.32074633496223903,0.35073937153419593,0.36764705882352944,0.3868131868131868,0.41506910387873386,0.45579742336739226,0.4711071901191001,0.47568523430592397,0.52046783625731,0.5547378104875805,0.5794351279788172,0.6229435304579813,0.6396030672079387,0.6765782250686185,0.6807447774750227,0.7031039136302294,0.7406749555950266,0.7453874538745388,0.743507972665148,0.7424872861766065,0.7604444444444445,0.7598757212605415,0.7526408450704225,0.7719453021614469,0.7508912655971479,0.7209612817089452,0.6906837999082148,0.6707875457875457,0.6448723690103001,0.6291666666666667,0.5943738656987296,0.5760821062025882,0.5353143841515935,0.5033860045146726,0.47002606429192006,0.4522236900044033,0.42542677448337823,0.4049586776859504,0.37719298245614036,0.344469525959368,0.3094804010938924,0.2986666666666667,0.2962796952039444,0.2882608695652174,0.2841579664094417,0.2694530902623388,0.28374777975133214,0.2947709393799167,0.30569476082004554,0.3138392857142857,0.3263254113345521,0.35834470213733516,0.3796744390673119,0.40862605602489993,0.4246389891696751,0.4617737003058104,0.49206349206349204,0.5121305690339656,0.5380090497737556,0.5520190023752969,0.5823788546255506,0.6314626601855944,0.6660657954033349,0.6758747697974218,0.6990679094540613,0.7019018133569217,0.7318330989217066,0.7608404112650872,0.7660228270412642,0.757366482504604,0.7438468550592525,0.7581985133362483,0.7604166666666666,0.7400447427293065,0.7253358036127837,0.6985466479137366,0.6743764172335601,0.6545293072824157,0.646690518783542,0.6152796725784447,0.5889034512887724,0.534330985915493,0.5391969407265774
0.5225835591689251,0.49265033407572384,0.4661857529305681,0.42190305206463197,0.40907069808803914,0.403994552882433,0.36965152183502425,0.33963133640552995,0.3205699020480855,0.33060109289617484,0.302785265049416,0.29202343397926994,0.31064412973960714,0.27245119305856835,0.2893424036281179,0.3137869292748433,0.31040723981900453,0.3397150489759573,0.34390575441776167,0.3704545454545455,0.38883720930232557,0.42305986696230596,0.44373284537968893,0.4765247915752523,0.5080935251798561,0.5212527964205816,0.5609977324263039,0.6025699862322166,0.6099028227672374,0.6388281591604722,0.68059181897302,0.6999552171965965,0.749003984063745,0.7195931003980539,0.7432188065099458,0.7590194264569843,0.7674933569530558,0.7521853146853147,0.7612072791833111,0.762665449566408,0.7355791416705122,0.7409233527566114,0.725635103926097,0.7067873303167421,0.7035242290748899,0.6628545288197621,0.6233183856502242,0.5923453493546952,0.5919182948490231,0.5205843293492696,0.5175115207373272,0.48047229791099,0.4475895621406457,0.4164420485175202,0.3936651583710407,0.3887411347517731,0.3514829570606463,0.33607681755829905,0.3171968649147072,0.3155792276964048,0.29507455942159966,0.2946666666666667,0.28659070990359337,0.30341113105924594,0.2931494661921708,0.30378619153674835,0.31194295900178254,0.33771929824561403,0.37957875457875456,0.392511013215859,0.4203284509542832,0.4348422496570645,0.4701492537313433,0.48326261197548326,0.5285257873117298,0.5446593001841621,0.5876383763837638,0.5958124715521165,0.6456521739130435,0.6571428571428571,0.6851211072664359,0.6994633273703041,0.7174303683737646,0.7322869955156951,0.7642384105960265,0.7703703703703704,0.7879616963064295,0.7600700525394045,0.7513392857142858,0.7494210282538212,0.7501092179991262,0.7199084668192219,0.7135791366906474,0.6897458369851008,0.6621067031463749,0.6311735387403715,0.6159853008727607,0.5784179240969365,0.5488021295474712,0.5416085541608554
0.5397321428571429,0.48480725623582765,0.4612857813233224,0.441340782122905,0.4305177111716621,0.3960650128314799,0.38105924596050267,0.3411658382286489,0.3241469816272966,0.3209302325581395,0.30922803904170365,0.31278331822302813,0.3159328188833409,0.30080213903743314,0.3186456400742115,0.3172019357677079,0.3255605381165919,0.342128801431127,0.3755739210284665,0.3723214285714286,0.38012762078395623,0.417608286252354,0.4577496610935382,0.49038031319910513,0.5185520361990951,0.5495093666369313,0.5690804087072412,0.6159645232815965,0.6310421286031042,0.6625939849624061,0.6597067969791204,0.7066974595842956,0.7214063195371606,0.7315030246626338,0.7418069087688219,0.7708798570790532,0.7724014336917563,0.7455908289241623,0.7652603231597845,0.7650494159928122,0.7552106430155211,0.734367868553172,0.7314691522414558,0.7164591977869986,0.6761565836298933,0.6793327154772938,0.6413636363636364,0.6083408884859474,0.588929219600726,0.5706783369803063,0.5363716038562665,0.4968239564428312,0.4779510022271715,0.42998204667863554,0.41225626740947074,0.3761467889908257,0.3757277205553068,0.34610059990770653,0.3321554770318021,0.3111809609339919,0.3040169133192389,0.3093220338983051,0.2947976878612717,0.312186216339571,0.3164444444444444,0.3379183860614397,0.33750558784085827,0.3416666666666667,0.3675799086757991,0.3751135331516803,0.41147686832740216,0.4371859296482412,0.4604051565377532,0.49933774834437084,0.5209365150832959,0.5488621151271754,0.5888787602552416,0.6098675194152581,0.643362831858407,0.6689280868385346,0.6838565022421524,0.6972850678733031,0.7552036199095022,0.755343337880855,0.7394151025752946,0.7623893805309735,0.7574234810415715,0.7647861692447679,0.7612007168458781,0.7675933970460469,0.7515723270440252,0.7390917186108638,0.7125171939477304,0.6884191176470589,0.6602953953084274,0.6524334251606979,0.6176731793960923,0.6012773722627737,0.5699161887957653,0.5355628827131418
0.5392475615420343,0.5124265702666064,0.4860411899313501,0.4496434937611408,0.4310106137517305,0.4079646017699115,0.37358147980027234,0.3621837549933422,0.3377696190913263,0.3165057067603161,0.3143111903700401,0.29777576032682707,0.3327541268462207,0.33363068688670827,0.3230349840981372,0.3178778421756576,0.35324074074074074,0.3490778227620333,0.36020036429872493,0.39293696915511844,0.42996887505558024,0.4244988864142539,0.47783251231527096,0.4982046678635548,0.5112025605852767,0.5474060822898033,0.5610091743119267,0.6107594936708861,0.6336946702800361,0.6775474194971328,0.6852444038373686,0.7084103512014788,0.7159343098091434,0.7366091190792387,0.7305309734513274,0.7703412073490814,0.7644975652943781,0.7652689152233364,0.7723174030658251,0.7738693467336684,0.7446026642168121,0.7376902417188899,0.7482174688057041,0.7030607583371402,0.7101123595505618,0.6668183887118798,0.6507155635062611,0.5965781179648807,0.6019634091923248,0.5616258741258742,0.5172727272727272,0.495171202809482,0.465547703180212,0.45054446460980035,0.41097122302158273,0.3926325247079964,0.3804945054945055,0.3582694907616043,0.35570469798657717,0.34662576687116564,0.3190921228304406,0.31717081850533807,0.30744485294117646,0.32146160962072157,0.31221719457013575,0.3339230429013711,0.3204444444444444,0.38155515370705245,0.3756906077348066,0.41488413547237074,0.4210760337927968,0.4406095921111609,0.49088422971741114,0.49909338168631007,0.5311240483654277,0.5504587155963303,0.5963386727688788,0.6209120221096269,0.646896551724138,0.6684397163120568,0.69749430523918,0.7130782918149466,0.7319679430097952,0.7591530657256286,0.7562557924003707,0.7698519515477793,0.7936578829834747,0.776844070961718,0.7700364298724954,0.7741339491916859,0.7401285583103765,0.7553290083410565,0.7340187751452839,0.6918844566712518,0.671903052064632,0.6388888888888888,0.6317916479568927,0.6136783733826248,0.5753299954483386,0.5340807174887893
0.5490196078431373,0.5168236877523553,0.5179824561403509,0.445662100456621,0.44449478930675124,0.4017249205628688,0.3878568192115995,0.3815155497152869,0.3658210947930574,0.3420935412026726,0.316607460035524,0.33047404063205416,0.34626168224299064,0.3388614970865083,0.34299954689623924,0.34658329611433675,0.36858407079646016,0.369341102644554,0.3902552204176334,0.40478299379982285,0.4182475158084914,0.4643175735950045,0.4706401766004415,0.5076992753623188,0.5304709141274239,0.5516029863855951,0.5829977628635347,0.6244343891402715,0.6478300180831826,0.6638316920322291,0.7026540710751237,0.7271493212669683,0.7360475754803294,0.7589676290463692,0.7565374211000901,0.7619259919750334,0.7803992740471869,0.7677534613666815,0.7675992779783394,0.7619257950530035,0.7453083109919572,0.7273550724637681,0.746415770609319,0.7226853883282142,0.7207410754631721,0.6742934051144011,0.6534116583822865,0.6122165664044424,0.5960766830138208,0.5674693321217629,0.5427675772503359,0.5170068027210885,0.480126467931346,0.45608695652173914,0.4398377647589004,0.4154634373544481,0.40353324035332405,0.3859167809785094,0.3589409722222222,0.3384825079509314,0.3420074349442379,0.33544590312358535,0.3251277287505806,0.3432087511394713,0.341999103541013,0.3480278422273782,0.3562642369020501,0.3656648451730419,0.37219935985368086,0.4134179510426111,0.44418496029892574,0.4800716524854456,0.49336384439359265,0.5214220601640839,0.5428059166293142,0.5770944741532977,0.6,0.6158143532445208,0.6639455782312925,0.6775021385799829,0.7197139025480555,0.7290322580645161,0.7316857899382171,0.7536813922356091,0.7719854941069809,0.7591463414634146,0.773071778867588,0.7734481196193929,0.7731055628558914,0.7958715596330275,0.7720888083371092,0.7393449977568416,0.7126998223801065,0.7254725472547254,0.7077772664519097,0.6586363636363637,0.6253381424706943,0.6075317604355717,0.5888989169675091,0.5493406093678945
0.5548387096774193,0.5248518011855905,0.51301964367291,0.48107615139078885,0.4746891651865009,0.42935528120713307,0.41662859753312015,0.4015151515151515,0.37569573283859,0.3664014974262986,0.3532272325375774,0.34363636363636363,0.3517364203027605,0.3590680676107812,0.35176790571169536,0.34268899954730647,0.3631085305940152,0.36609558160504957,0.39880952380952384,0.4064516129032258,0.43624454148471614,0.449341208541572,0.5079509313948205,0.5157055789967182,0.5430083811204235,0.5972346119536128,0.5895008605851979,0.6330806954971021,0.6502707581227437,0.689638783269962,0.6963094708759449,0.7220461747397012,0.7318284424379232,0.7511563367252544,0.754801250558285,0.7782388197325957,0.7678100263852242,0.7828857532999545,0.7820224719101123,0.7770870337477798,0.7637017070979335,0.7697974217311234,0.7377758546083947,0.7216167120799274,0.7082039911308204,0.6727111897390535,0.6412037037037037,0.6272606969563299,0.615349474645957,0.5724770642201835,0.5586023883237505,0.5222565006610842,0.4891153311718388,0.47206959706959706,0.4393939393939394,0.424,0.40411899313501143,0.3723737147966026,0.3628808864265928,0.35720844811753905,0.34961555857078247,0.3465935070873343,0.35131520285332146,0.3447191011235955,0.3484367920253738,0.3552750225428314,0.36902573529411764,0.3998272884283247,0.4080817051509769,0.43948763250883394,0.4500671742051052,0.47146067415730336,0.48180622533976325,0.5292782569223786,0.5712347354138398,0.5867612293144208,0.5939287285525737,0.6490096729617688,0.6723580987540378,0.6913414087034545,0.7029478458049887,0.7161172161172161,0.7486486486486487,0.7566232599910193,0.7734731084776664,0.7822727272727272,0.7740923352756611,0.775355871886121,0.7874196510560147,0.7729101475189987,0.743058616130454,0.7734906945074898,0.7330878969167051,0.7209405501330968,0.694019471488178,0.6665148063781321,0.6696914700544465,0.601330376940133,0.5903342366757001,0.5831445400996829
0.5560035842293907,0.5673563218390805,0.5225547119249665,0.4835807467386415,0.48163082437275984,0.45925258892390813,0.44982238010657194,0.4050925925925926,0.36759981642955486,0.37027027027027026,0.37579617834394907,0.35183527305282003,0.348124428179323,0.36574074074074076,0.3759157509157509,0.3730366492146597,0.3754993342210386,0.39582366589327145,0.40783615316117544,0.4230938739532834,0.48148148148148145,0.4550843593251254,0.4915098669114273,0.5210122006326254,0.5622958469435371,0.5900506678949793,0.6094939543215405,0.6178861788617886,0.6787878787878788,0.6764314247669774,0.7058041648205583,0.7257704332291202,0.7419792137370086,0.7645749888740543,0.7704035874439462,0.7913736521331458,0.7766990291262136,0.7849907918968693,0.7906040268456376,0.7803571428571429,0.7797619047619048,0.7678171223666517,0.7466788822721027,0.7427652733118971,0.7306843267108167,0.6827980642322922,0.6726618705035972,0.6535859269282814,0.6065353625783348,0.6028431808085295,0.5572984749455338,0.5393406593406593,0.4921259842519685,0.4905328049317481,0.480777728678745,0.436056838365897,0.4295644114921223,0.4157754010695187,0.3941309255079007,0.37076648841354726,0.37988325101032777,0.3701328447091159,0.36907399202481167,0.36379769299023956,0.36533333333333334,0.3927143491781431,0.4184981684981685,0.40349264705882354,0.43204320432043203,0.45495495495495497,0.47516483516483515,0.4842105263157895,0.5118942731277533,0.5525846702317291,0.5539083557951483,0.5737193763919822,0.6307420494699647,0.65788317962231,0.6880361173814898,0.6806049822064056,0.7082191780821918,0.7491901897269783,0.7413554633471646,0.7738205365402405,0.7857773851590106,0.7831485587583149,0.7920177383592018,0.7906566769501984,0.7853500231803431,0.777370590929913,0.776814240073026,0.7536295644522657,0.7444394008170676,0.7185283687943262,0.7151321786690975,0.6948627103631533,0.654480606330807,0.6270320483046912,0.5908496732026144,0.5716853932584269
0.5912147019273868,0.5624725997369575,0.5378719567177638,0.49259092950157163,0.46357012750455373,0.4743362831858407,0.43237250554323725,0.42844284428442847,0.404147465437788,0.39489885664028146,0.3997355663287792,0.37662921348314604,0.37841409691629957,0.3801354401805869,0.4037122969837587,0.40242261103633914,0.4028683181225554,0.41648205582631814,0.44776766363242304,0.45538178472861085,0.4670116429495472,0.500651890482399,0.5103543488265071,0.5195505617977528,0.5520179372197309,0.5877231171092729,0.6223839854413102,0.6404751027866605,0.6757709251101321,0.6985428051001822,0.74394006170119,0.7377122430741734,0.7561853351327036,0.7572362278244631,0.778558052434457,0.7776298268974701,0.7715201465201466,0.8060889929742389,0.7887773722627737,0.7779775280898876,0.7669642857142858,0.7669276830953478,0.7604166666666666,0.7416440831074977,0.7111404667547336,0.6982990152193375,0.683190626408292,0.6654929577464789,0.6227106227106227,0.6015004413062666,0.5848112778535698,0.5401826484018265,0.536618444846293,0.5009099181073703,0.4764044943820225,0.44530186109850206,0.4216315307057745,0.4108527131782946,0.39727891156462586,0.3982218062704726,0.3966870095902354,0.36741214057507987,0.3644943820224719,0.38107752956636004,0.38009049773755654,0.3840676457498887,0.41417744092732944,0.41639647985178324,0.44023193577163244,0.44130434782608696,0.4793463458919655,0.5076851420586865,0.5373810602628002,0.5629728526924789,0.5782747603833865,0.6,0.6276785714285714,0.6468253968253969,0.6558944014565317,0.703670942061035,0.7204063604240283,0.7498873366381252,0.7495429616087751,0.766725352112676,0.7809139784946236,0.7917981072555205,0.7807058823529411,0.7802491103202847,0.7903225806451613,0.7921245421245421,0.7712127943136384,0.7699910152740341,0.7536764705882353,0.7271933653426451,0.7095343680709535,0.6880610412926391,0.664323374340949,0.6381727725011307,0.6048171275646744,0.5752493200362647
0.6044843049327354,0.5692934782608695,0.5262689225289403,0.5277395690050436,0.49546690843155033,0.47715965626413387,0.45976491862567814,0.45040946314831665,0.43232413178984863,0.40573012939001846,0.40676416819012795,0.39180765805877116,0.4051607062019013,0.39323273891175126,0.3890860692102928,0.4058413251961639,0.4329710144927536,0.4137775776677172,0.46147032772364927,0.47168141592920354,0.46531924666972896,0.5157427937915743,0.5306582506762849,0.5619872379216043,0.592944369063772,0.5939918070095584,0.6247160381644707,0.6703393565447333,0.6743772241992882,0.7044377423524343,0.7321190581963571,0.7305416477014111,0.7557216254086875,0.7730367680435769,0.7820224719101123,0.7897503285151117,0.8,0.803395889186774,0.7960176991150443,0.7947677041046459,0.7735765124555161,0.7878927911275416,0.7720254314259763,0.7470867501078982,0.7179830432842481,0.6999561979851073,0.6839186691312384,0.6686072548141514,0.6453488372093024,0.6147947677041047,0.6002644336712208,0.5647432985006815,0.5522456461961504,0.5106769650159019,0.48372306281522237,0.4894086496028244,0.451528384279476,0.44324324324324327,0.4294615042278594,0.413491020586947,0.3907621247113164,0.3810178817056396,0.3975741239892183,0.3893884892086331,0.4177215189873418,0.4056906837999082,0.4169351127473539,0.44376899696048633,0.47299137539718566,0.46717625899280574,0.5120370370370371,0.5117540687160941,0.5284444444444445,0.5513513513513514,0.5729166666666666,0.6155226558995065,0.6510464058234758,0.6721384205856256,0.7046058458813109,0.7144784172661871,0.7437754640108647,0.7478954364200265,0.7629955947136564,0.7841429880843263,0.7689942907334212,0.7906438165817508,0.7982102908277405,0.7952295229522952,0.7929792979297929,0.7835004557885141,0.784871010056843,0.7774322523322967,0.7521798990362552,0.7303723642889188,0.7143507972665148,0.7008624602814344,0.6616369455875629,0.6372592924317062,0.6201550387596899,0.6038164470695139
0.6039603960396039,0.567143516382095,0.5643652561247215,0.5431266846361186,0.5198522622345337,0.4984423676012461,0.46567967698519513,0.45603907637655416,0.461889548151529,0.4495452576873105,0.4313295304958315,0.4196025293586269,0.410427807486631,0.4123305640577175,0.427219468228932,0.41822125813449024,0.42587601078167114,0.45626690712353474,0.4634703196347032,0.48473967684021546,0.5165083672546359,0.526827012025902,0.553016453382084,0.5648064806480648,0.581123595505618,0.6141078838174274,0.6337903582485626,0.6669638876504681,0.6961325966850829,0.7046979865771812,0.7249666221628839,0.754874651810585,0.7677218011591619,0.7809439002671416,0.788512911843277,0.8134761267291388,0.8063364569388666,0.8012646793134598,0.796146953405018,0.8037300177619894,0.7777777777777778,0.7734410049349484,0.7829388119696293,0.7296099290780141,0.7291196388261851,0.7127853881278539,0.6955744300402324,0.6674057649667405,0.6470319634703197,0.6165990076680199,0.6125226860254084,0.5836716283265674,0.5528673835125448,0.5316455696202531,0.520141655599823,0.5017528483786152,0.4669421487603306,0.4515828677839851,0.4286343612334802,0.4415929203539823,0.42196531791907516,0.4052703316674239,0.4235555555555556,0.41774988794262663,0.41173794358507737,0.4402023919043238,0.44294699011680144,0.4673024523160763,0.4642541924095322,0.4908359409924005,0.5277901289461983,0.5223073456511942,0.554625550660793,0.594411897251014,0.604470802919708,0.6415514935354436,0.6281474820143885,0.6730072463768116,0.6906571300849352,0.7091882247992863,0.7466607301869991,0.743058616130454,0.7630979498861048,0.7821029082774049,0.8089028776978417,0.8031716417910447,0.8098591549295775,0.8122520934332305,0.8146630236794171,0.7857142857142857,0.7967985771453979,0.7589285714285714,0.7594361073215098,0.7553667262969589,0.7196596506941334,0.689795918367347,0.6850950906678461,0.6498696785403997,0.6354590682948892,0.6090664272890485
0.6254962505513895,0.6271714922048998,0.5802187784867822,0.563188022897402,0.5365296803652968,0.514018691588785,0.5082774049217003,0.46706586826347307,0.45503840939900586,0.47127468581687615,0.43673647469458987,0.45613249776186215,0.4143621766280107,0.43164151806127116,0.44145785876993165,0.4503311258278146,0.4473214285714286,0.47501086484137334,0.4896836313617607,0.49332719742291764,0.5142045454545454,0.528105167724388,0.5637432188065099,0.5771144278606966,0.6127603012848915,0.6435185185185185,0.6413237924865832,0.6763768775603095,0.6797184337879455,0.7248079530049706,0.7382012466607302,0.7344970142397795,0.7680625862862402,0.7906021897810219,0.788982674366948,0.7964601769911505,0.7870004391743523,0.821656050955414,0.795,0.8163737280296022,0.8027586206896552,0.7986270022883295,0.7818261633011413,0.7657489500699953,0.7350813743218807,0.7060931899641577,0.6983606557377049,0.6821221578243424,0.6633618747183416,0.6354485776805252,0.6082427536231884,0.5980435749221876,0.5711071107110711,0.5529567519858782,0.5125170687300865,0.5046153846153846,0.48290203327171904,0.4806828391734052,0.44,0.45535317636605954,0.42302483069977426,0.43487667676330594,0.4321920853712761,0.4283129805517865,0.439615736505032,0.45304626660558867,0.4656387665198238,0.48282180485570314,0.4948637784725324,0.49748053137883647,0.5472636815920398,0.5633546034639927,0.580952380952381,0.6086564472497745,0.6229508196721312,0.6421100500227376,0.6709420610349403,0.6895616809760506,0.7013953488372093,0.7283288650580876,0.7566574839302111,0.7775824175824175,0.7847711267605634,0.7857773851590106,0.7987616099071208,0.8089633318243549,0.8082740213523132,0.7988219302220209,0.7860340196956133,0.8051372896368467,0.7924016282225237,0.7847533632286996,0.7773851590106007,0.7368659420289855,0.7304866850321395,0.7053009883198562,0.6920306168392616,0.6696344892221181,0.6560283687943262,0.6274422735346359
0.6271561256081379,0.6188747731397459,0.5961278703286808,0.5565870910698497,0.553628480146052,0.528380249192432,0.5185682326621924,0.5085201793721973,0.4920418371987267,0.46057906458797326,0.46311475409836067,0.4615730337078652,0.45225225225225224,0.45214220601640837,0.4704565801253357,0.4778021978021978,0.47299137539718566,0.4777882797731569,0.4926042133572389,0.5160722148833113,0.5284116331096197,0.5552007299270073,0.5685920577617328,0.5960837887067395,0.6031746031746031,0.642137538326763,0.648278905560459,0.6640223985067663,0.7159194876486734,0.7297661870503597,0.7561307901907357,0.7725265017667845,0.7747952684258417,0.8097582811101164,0.8149779735682819,0.820278503046127,0.804251550044287,0.8136833046471601,0.8238636363636364,0.823339483394834,0.7994441871236684,0.8076398362892224,0.7903368794326241,0.7786470317533364,0.751487414187643,0.7282608695652174,0.7211961301671064,0.6860827034237439,0.6710934041611333,0.6358974358974359,0.6239277652370203,0.5898850574712644,0.5736434108527132,0.560106856634016,0.5601679104477612,0.5364298724954463,0.5276102088167053,0.4681404421326398,0.46276838739150294,0.473914949583516,0.46720940750791495,0.4753058450385138,0.4490909090909091,0.462707182320442,0.4697777777777778,0.45078397212543553,0.46108329540282206,0.4993342210386152,0.49754792688363797,0.532942238267148,0.5304798962386511,0.5623603039785426,0.5782122905027933,0.6057735678845286,0.6260829913360693,0.6631530705774519,0.6816749212066636,0.7048672566371681,0.7375280898876404,0.7407235621521335,0.7464852607709751,0.7765716870194482,0.7734165923282783,0.8010923987255348,0.8055299539170507,0.8210431654676259,0.8275705186533212,0.8281879194630872,0.8159752868490733,0.8003629764065335,0.8092618065107748,0.8013215859030837,0.7896897810218978,0.7621550591327201,0.7518863737239236,0.7377892030848329,0.7031179394487121,0.6827524575513851,0.6591422121896162,0.634727845254161
0.6602160216021602,0.6157344247385175,0.6313598519888992,0.6020096111839232,0.5918812745525971,0.5619798510731494,0.5457731055628559,0.518813634351483,0.5040286481647269,0.49843958983504233,0.48228520814880427,0.47346938775510206,0.46535087719298246,0.4900692840646651,0.4683257918552036,0.4858447488584475,0.5052910052910053,0.5099457504520796,0.5185840707964602,0.5201499531396439,0.5225547119249665,0.583219334245326,0.5938883968113374,0.6183510638297872,0.6419311578006258,0.639344262295082,0.6768598813327248,0.7053009883198562,0.7330641543292956,0.7423367392270103,0.7507987220447284,0.7790030877812086,0.7750912408759124,0.8097801704800359,0.8055937643282898,0.8208955223880597,0.8063791554357592,0.8146648672964463,0.8244170096021948,0.8101495242410512,0.8092042186001918,0.7959001782531194,0.7916854948034342,0.7817371937639198,0.7664007092198581,0.7404860155891793,0.7299334811529934,0.7100642398286938,0.6900129701686122,0.6555863342566943,0.626912691269127,0.6254562043795621,0.5852555404794211,0.5829555757026292,0.5412234042553191,0.529126213592233,0.5302826379542396,0.5243342516069789,0.5004420866489832,0.5239587998208688,0.48794388426128893,0.47894493290143453,0.49461400359066426,0.4715808170515098,0.47278314310798947,0.5077940481813887,0.5078809106830122,0.4954545454545455,0.5390102541239411,0.5501133786848073,0.5737991266375546,0.5947483588621444,0.6056338028169014,0.6140116019634092,0.6527215474583896,0.6717948717948717,0.6894353369763205,0.7171853856562923,0.7394995531724754,0.7475512021371327,0.7647058823529411,0.7678088367899009,0.8007414272474513,0.8125830748781568,0.8108819657744625,0.805372082782915,0.8325011348161597,0.8117489986648865,0.8225524475524476,0.8259681093394078,0.8176967541129391,0.7877744296168747,0.791268758526603,0.7757255936675461,0.7594189741261915,0.7366091190792387,0.7100822154911294,0.7211929507455942,0.6749773345421578,0.6431838975297347
0.6701451905626135,0.6511013215859031,0.6264133876074175,0.6072072072072072,0.593859649122807,0.5656934306569343,0.5455840455840456,0.5559033989266547,0.5127970749542962,0.5095194922937444,0.5105713000449843,0.5017652250661959,0.49017038007863695,0.49126034958601655,0.5136099955377064,0.5244010647737356,0.5201856148491879,0.5232505643340858,0.5344514959202176,0.5449810606060606,0.5747377622377622,0.583696599825632,0.6021798365122616,0.6282279608192342,0.6527345486883059,0.675663909447105,0.6973506960035922,0.7074235807860262,0.7359601449275363,0.7320885801128962,0.7619893428063943,0.7906235776058261,0.7968892955169259,0.814088274632189,0.8195077484047402,0.8249204183719873,0.8300503893724233,0.8314087759815243,0.8290909090909091,0.8367256637168141,0.8245614035087719,0.8189774297558728,0.7990588235294117,0.7838577291381669,0.7824921840107191,0.7560309512972235,0.7390146471371505,0.7155963302752294,0.7173112338858195,0.6659152389540126,0.6450137236962489,0.6157613535173642,0.6211849192100538,0.5841269841269842,0.577768014059754,0.5757439134355276,0.5559718969555035,0.541004723057106,0.5204222120238642,0.5024347056219566,0.5013574660633484,0.4986136783733826,0.5037297060114085,0.5087638376383764,0.5072595281306715,0.5078196872125115,0.5108947612424664,0.5277654375832963,0.565060783430887,0.5774584643017512,0.5761797752808989,0.5981524249422633,0.5998189225894069,0.6412494258153422,0.6552511415525114,0.6644052464947987,0.6960214573088959,0.7251121076233183,0.7422680412371134,0.7788203753351206,0.7761534947464596,0.7878103837471784,0.8057324840764332,0.8041799182189914,0.828650391524643,0.8281879194630872,0.8366425992779783,0.8314904909332154,0.8499324019828751,0.8226381461675579,0.8115367679436372,0.8272852549379881,0.8061981667394151,0.7920489296636085,0.7750113173381621,0.7498895271763146,0.7176991150442478,0.7038043478260869,0.6978021978021978,0.6706476802939826
0.6885536823425022,0.6755838641188959,0.6534116583822865,0.6396313364055299,0.6057395143487859,0.5788497217068646,0.569371727748691,0.5720145852324522,0.5424187725631769,0.550744248985115,0.5370121130551817,0.5322799097065463,0.527002700270027,0.5002219263204616,0.5224215246636771,0.5271813613522156,0.5356009070294785,0.5728753852928226,0.5651980418335558,0.5685830692621096,0.5781112091791704,0.6113089937666963,0.6269406392694064,0.6533882783882784,0.6761535144458819,0.6986054880791723,0.7094474153297683,0.7280504277352544,0.7451838879159369,0.7617987533392698,0.7861085556577737,0.7963539350822588,0.7971339005821765,0.8113636363636364,0.8290408525754884,0.8365983971504898,0.8352941176470589,0.847136563876652,0.8346631205673759,0.8298147350280052,0.8253676470588235,0.8112133158125274,0.8227628149435273,0.7984258854394403,0.7865961199294532,0.7683972911963882,0.7493212669683258,0.7301801801801802,0.7150537634408602,0.6720575022461814,0.6672743846855059,0.6559926806953339,0.6462646264626463,0.6347864768683275,0.5957253296953161,0.59,0.574243813015582,0.5579418344519016,0.5678233438485805,0.5273311897106109,0.5322206768660176,0.5088289962825279,0.5077132486388385,0.5238726790450928,0.5478024467603081,0.5192307692307693,0.5405046480743692,0.5844327176781002,0.573170731707317,0.5690339655932951,0.5995515695067265,0.6225402504472272,0.6366059529098178,0.6587267215244694,0.6852589641434262,0.691436338921613,0.711121157323689,0.7378293881196963,0.7598757212605415,0.761604326273096,0.7853236098450319,0.8012820512820513,0.8257336343115124,0.8299737072743207,0.822972972972973,0.8413547237076648,0.8381082310140974,0.835209365150833,0.840929401251117,0.8363557858376511,0.8237742830712304,0.8317223198594025,0.8102836879432624,0.7995433789954338,0.7676859881332725,0.7616844053678853,0.7309758281110116,0.7340807174887892,0.6993613138686131,0.6858545292280233
0.6867201426024956,0.6716283265674334,0.6630434782608695,0.6482479784366577,0.6229508196721312,0.5884201077199281,0.5969683459652252,0.5867298578199052,0.572262118491921,0.5611702127659575,0.5637860082304527,0.5469441984056688,0.5560640732265446,0.5641135972461274,0.5568285976168652,0.5606060606060606,0.560414788097385,0.5775972637879435,0.588534442903375,0.5980861244019139,0.6079295154185022,0.6288050885960926,0.6498915401301518,0.6757589089309283,0.6806167400881057,0.7056396148555708,0.7152466367713004,0.7537117903930131,0.7630057803468208,0.7626966292134831,0.8040449438202247,0.7933884297520661,0.8203950390445567,0.8195829555757026,0.8357531760435571,0.8313465783664459,0.8529008679762449,0.8613105924596051,0.8507922535211268,0.8419167039856695,0.8399458972046889,0.8358843537414966,0.8301624129930394,0.8042609853528628,0.7987588652482269,0.7841823056300268,0.7656464138876199,0.7440909090909091,0.7182904411764706,0.7178239716939407,0.6988382484361036,0.6743464776251662,0.651976374375284,0.6208997188378632,0.6088511399195351,0.5804676753782668,0.588475499092559,0.5725581395348838,0.5805142083897158,0.5596616206589492,0.5792300805729633,0.5428824049513705,0.5686361617059085,0.5622161671207992,0.5572344322344323,0.5544598834603317,0.58011540168664,0.56531431119037,0.6101545253863134,0.6167883211678832,0.6246648793565683,0.6445647271087055,0.6520163117353874,0.6821460775473399,0.6929577464788732,0.7184163701067615,0.7253521126760564,0.7524521251751518,0.781516375056079,0.7818930041152263,0.7985803016858918,0.8070416095107453,0.8169642857142857,0.8398950131233596,0.8511520737327188,0.8516187050359713,0.851150202976996,0.8282873926796204,0.8562527814864264,0.8336291038154392,0.843400447427293,0.8233493659816353,0.8088432335864225,0.7908643081056874,0.7955373406193078,0.7647593097184378,0.767379679144385,0.7260830324909747,0.7118868758285462,0.6956325979288609
0.7258928571428571,0.6958504331965344,0.6900282220131703,0.6686719111522443,0.6457765667574932,0.6371480472297911,0.6077722548576593,0.595773381294964,0.5829596412556054,0.5748878923766816,0.5674439871970736,0.5670515097690941,0.5661566156615662,0.5777777777777777,0.5690413368513633,0.6020036429872495,0.5793258426966292,0.5965312642628936,0.6068027210884354,0.6171376481312671,0.6368539325842697,0.637372802960222,0.6639080459770115,0.680792261630585,0.6850429281518301,0.7274360125729681,0.7409507195813345,0.7574692442882249,0.7800925925925926,0.7761459724076547,0.8006490496059342,0.8206521739130435,0.8302304964539007,0.8317307692307693,0.8497083894122925,0.8636568848758465,0.8487432675044884,0.8621151271753681,0.8441558441558441,0.8467706013363029,0.8522777532065458,0.8523985239852399,0.8296329859537834,0.8118899733806566,0.8029164825452939,0.7918010133578995,0.7766292134831461,0.761528326745718,0.7496580027359782,0.7256235827664399,0.6999109528049866,0.6695766041030118,0.6839495040577096,0.6561264822134387,0.6434038721296713,0.635309852875613,0.5994694960212201,0.5983791085096803,0.5985915492957746,0.5779310344827586,0.5757295044001852,0.5691056910569106,0.570179274158286,0.5723981900452488,0.5621867881548975,0.5809352517985612,0.5988526037069727,0.5865515674693321,0.6155890168290522,0.6404444444444445,0.6261893973719982,0.6495495495495496,0.6671159029649596,0.7030548068283917,0.7000895255147717,0.730999539382773,0.7452200978212539,0.7644144144144144,0.7809773123909249,0.8005427408412483,0.8167701863354038,0.8131820165866434,0.8427762039660056,0.8331830477908025,0.8595454545454545,0.8616688978134761,0.8594377510040161,0.8597883597883598,0.8638433515482696,0.8601694915254238,0.8432457353619179,0.8443526170798898,0.8191249436175011,0.7936720142602496,0.7966256269949841,0.8026617714547958,0.7728720983158853,0.7490892531876139,0.7251975417032485,0.7222715173025732
0.7251595259799453,0.7238384715588363,0.707250341997264,0.6772727272727272,0.6709732988802756,0.6620941929583904,0.6339245111414279,0.6308307418924922,0.6269877328487051,0.6013574660633484,0.6038251366120219,0.6071748878923767,0.5908889871738169,0.578383206788745,0.6122448979591837,0.5974370304904993,0.6077898550724637,0.6265389876880985,0.6187150837988827,0.6254448398576512,0.657871198568873,0.6732716864817261,0.6821251688428636,0.7122533272143184,0.7220248667850799,0.7254988913525499,0.7541058394160584,0.7860422405876951,0.789543057996485,0.8106060606060606,0.7998236331569665,0.8244752121482805,0.8428317008014248,0.8429203539823009,0.8523852385238524,0.8599909379247848,0.8633512544802867,0.8653229500687127,0.8619453160017929,0.8653401203146691,0.8772810218978102,0.8477868112014454,0.8359064843405382,0.8198117436127297,0.8061088977423638,0.8042209250112259,0.7873769024171889,0.7769299820466786,0.7526737967914439,0.7453662842012356,0.7197003085059498,0.7025803531009507,0.6757741347905283,0.6706586826347305,0.6570155902004454,0.6453159041394335,0.6336415675913695,0.6229062924400182,0.6130182790905038,0.608363309352518,0.5973214285714286,0.592255125284738,0.6018978761861726,0.5841226883175462,0.6054721977052074,0.6007114273010227,0.5987460815047022,0.6165480427046264,0.6469268730372364,0.6373913043478261,0.6678700361010831,0.680672268907563,0.6785714285714286,0.7167785234899329,0.7338097364895042,0.7303167420814479,0.754775655264327,0.7585278276481149,0.8036267138434321,0.8008888888888889,0.8269317668323543,0.8306926210955183,0.8366533864541833,0.8560503823661718,0.8684326710816777,0.872840053167922,0.8658645276292335,0.8574590526781762,0.8589041095890411,0.8591485507246377,0.8474877723432637,0.8498915401301519,0.8491644678979772,0.812243033348561,0.8020027309968139,0.8013967699694456,0.7806333180357963,0.7710622710622711,0.7449574181981174,0.7312696276357111
0.7518148820326679,0.7267025089605734,0.7098565478944933,0.7077262693156733,0.7099236641221374,0.6629955947136564,0.6779359430604982,0.652396463471382,0.6360829289810322,0.6192982456140351,0.6373626373626373,0.6342882721575649,0.6159747292418772,0.6043906810035843,0.6279893711248893,0.6185286103542235,0.6366001734605378,0.6563896336014299,0.6486363636363637,0.6594265855777585,0.6659090909090909,0.6827980642322922,0.7090182141270547,0.7224489795918367,0.7239488117001828,0.7396293027360988,0.7799279927992799,0.7905711695376246,0.7901668129938543,0.8066880439761795,0.8115015974440895,0.8285190279688216,0.8406840684068407,0.8588655649843681,0.8582255907267053,0.8739688359303391,0.8735992828328104,0.8717031738936075,0.8597203428055932,0.8665137614678899,0.8722527472527473,0.8552290406222991,0.8552983081032948,0.8370044052863436,0.8358074673864148,0.8062755798090041,0.7892670157068062,0.7893781207444394,0.7811371841155235,0.7621290626471974,0.7364410578216046,0.7309255079006772,0.6858776946766388,0.6840215439856373,0.6901469317199654,0.6708803611738149,0.6411870503597122,0.6379388964888281,0.6296121097445601,0.6291877007801744,0.6113397347965249,0.6122171945701358,0.6269384138236598,0.6258472661545413,0.6355394378966455,0.6336542870243008,0.6247697974217311,0.6417112299465241,0.6545123062898814,0.6513971598717362,0.6854948034342522,0.6920590951061866,0.7077807250221043,0.7327707454289732,0.7334575955265611,0.7617753623188406,0.7757709251101321,0.8082253017434063,0.8048670572329878,0.8131672597864769,0.8282922289436947,0.8487957181088314,0.8461538461538461,0.8519540229885058,0.8617261635788522,0.8813255709807434,0.8867924528301887,0.8765154916928604,0.8680679785330948,0.8713298791018999,0.8521617852161785,0.8430839002267574,0.8396355353075171,0.8362338241856314,0.8247100802854594,0.8102355072463768,0.8076416337285902,0.7706801470588235,0.7708711433756806,0.7442566103164283
0.760127446517979,0.7414698162729659,0.7538665488289881,0.7109375,0.7128801431127012,0.6852992957746479,0.6895142986836132,0.6505657093124456,0.6547565877623939,0.6505494505494506,0.6394404332129964,0.6450157870996842,0.6504065040650406,0.6347517730496454,0.6496583143507972,0.6546697038724374,0.6647398843930635,0.6652059596844873,0.6878718535469107,0.6711289602855868,0.6893597835888188,0.706630336058129,0.7174502712477396,0.7373107747105966,0.762488646684832,0.7672219720846466,0.782648401826484,0.7848810079328045,0.8143281051292921,0.8282236248872858,0.8401071907101385,0.8512728896828942,0.8660394265232975,0.8762749445676274,0.8755718206770357,0.8816086760054225,0.8898836168307968,0.8737078651685394,0.8725799189554255,0.8662192393736018,0.8663453111305872,0.8636363636363636,0.858980044345898,0.8617449664429531,0.8430862592110967,0.8393501805054152,0.8130414956680346,0.7941176470588235,0.7754545454545455,0.7784140969162996,0.7507914970601538,0.7332115121059845,0.7048357664233577,0.7237196765498652,0.7062472308373948,0.6758169934640523,0.6806537102473498,0.6564580559254327,0.6671232876712329,0.6455409687641467,0.6488068437640703,0.6514006224988884,0.6432801822323463,0.6578707916287534,0.6472419928825622,0.6535947712418301,0.6652816251154201,0.6777011494252874,0.6593607305936073,0.6930912311780336,0.7076576576576576,0.7182910547396528,0.7337224966322407,0.7411167512690355,0.7596023497514686,0.7714414009878761,0.7742496737712049,0.7948602344454464,0.8084048802530501,0.8217692974848222,0.8501613646841862,0.8429530201342282,0.8619604316546763,0.8647299137539719,0.8863735306922073,0.8724061810154525,0.8868544600938967,0.8703620920876174,0.8834603316898252,0.8684563758389262,0.8493705035971223,0.8687050359712231,0.8585496866606983,0.8343062415806017,0.8287366548042705,0.8169075777485765,0.8001812415043045,0.7818017202354006,0.7890314020344981,0.748852157943067
0.776046304541407,0.7570469798657719,0.7732974910394266,0.7423423423423423,0.7314814814814815,0.7111007895959127,0.6843297101449275,0.6971175166297118,0.6793134598012647,0.6625496250551389,0.6717102246675837,0.6869369369369369,0.6577243293246994,0.6533453075886844,0.6699774266365689,0.6762075134168157,0.6797054763000461,0.6735159817351598,0.7058823529411765,0.690018315018315,0.7231048570131638,0.722913785154449,0.7395411605937922,0.7613636363636364,0.7531034482758621,0.7895200352267724,0.800977343402932,0.803751143641354,0.8179814896430145,0.8397839783978398,0.8420820467578297,0.8477366255144033,0.8682238871749669,0.891636690647482,0.8746010031919744,0.8931530745747929,0.8841435711040436,0.8884372177055104,0.889795918367347,0.8790613718411552,0.8757212605415002,0.8695259593679459,0.8591365023986044,0.8604232327780279,0.8382222222222222,0.8293257897218294,0.8295403837572513,0.8180995475113122,0.7849705749207786,0.7774762550881954,0.7716464782413638,0.7402538531278332,0.7467619472979008,0.7335152341973624,0.7186346863468634,0.6960472512494321,0.7064343163538874,0.6778824585015703,0.6605335786568537,0.662568306010929,0.6689744699264387,0.6480706648070664,0.6808905380333952,0.6551724137931034,0.6609347442680776,0.6633796503809951,0.7005395683453237,0.6952164009111618,0.7040862146385272,0.6909005628517824,0.7176947321026564,0.7461468721668177,0.7492120666366502,0.7582811101163832,0.7678334071776695,0.7808280828082809,0.8210526315789474,0.8240262787423744,0.8311111111111111,0.8427260812581914,0.8488789237668162,0.8770601336302896,0.8649602824360106,0.8688141923436041,0.8935018050541517,0.8992901508429458,0.8883385862224223,0.9017391304347826,0.8914233576642335,0.8877872915727806,0.8829931972789116,0.8710720887245841,0.8650549450549451,0.8502080443828016,0.8414526129317981,0.8344764517604024,0.8160418482999128,0.8043001316366828,0.7790855590765052,0.7867448151487827
0.801196502531063,0.7754435107376284,0.7637759710930443,0.7430988423864648,0.7384547069271759,0.7381370826010545,0.7191413237924866,0.7197563098346388,0.7123411978221416,0.6952292728114868,0.6852607709750567,0.6915422885572139,0.6863553113553114,0.6742804933759707,0.6879889553612517,0.6944190301921317,0.7000459347726229,0.7156003505696757,0.6962196219621962,0.7222222222222222,0.7324444444444445,0.7576974564926372,0.7491103202846975,0.7714675147660155,0.7932279909706547,0.796423658872077,0.8163726820443238,0.8200817810086325,0.8546895640686922,0.841655420602789,0.8630502445531347,0.8715883668903803,0.869036903690369,0.8780598368087036,0.8858818222823636,0.8981723237597912,0.8857142857142857,0.8990299823633157,0.9064061790095411,0.8895985401459854,0.8861566484517304,0.8933333333333333,0.8747706422018349,0.8760820045558086,0.8607480847228481,0.8446515756768753,0.8390596745027125,0.8185860382392174,0.8125277654375833,0.7956171735241503,0.7877869207449112,0.761414503133393,0.7680958967266022,0.7408906882591093,0.7306473517428701,0.7209405501330968,0.7102298332582244,0.7053959965187119,0.7113877362840019,0.6961084390030607,0.6922077922077922,0.6925452139391266,0.6912630149388864,0.6962196219621962,0.6956521739130435,0.6872676579925651,0.7126487439400617,0.6886253842775582,0.7164647824136384,0.7282261741906064,0.7582170193606483,0.7615248226950354,0.7601380500431406,0.7734340293203021,0.7883435582822086,0.8042421564295184,0.8020148926850635,0.8312387791741472,0.843101061375173,0.8562443845462714,0.8670334708849152,0.8707940780619112,0.8770718232044199,0.8923563998190864,0.883053839364519,0.8939737199818758,0.8979045920641997,0.887447892542844,0.8981900452488688,0.8899163364156759,0.8905380333951762,0.8710990502035278,0.8716431497496586,0.8770099956540635,0.8523578669017188,0.8377767736104835,0.8390856118332586,0.8204903677758318,0.8161496350364964,0.8043576940535633
0.7971079981924989,0.8011363636363636,0.779498861047836,0.7700559701492538,0.7533814247069431,0.7622591943957968,0.7392889699179581,0.7296683325761018,0.7381062355658199,0.7113857016769638,0.7132319041032734,0.7105263157894737,0.710561797752809,0.7087719298245614,0.7186395759717314,0.7276404494382023,0.7311778290993072,0.7344713134186819,0.7487437185929648,0.7453046266605589,0.7490808823529411,0.7571363842319891,0.7926287744227354,0.7825888787602553,0.7901289461983103,0.8321870701513068,0.8258299226921327,0.8371060807811807,0.8426464014304873,0.8549270072992701,0.8852603706972639,0.8829356145880234,0.8995454545454545,0.8956331877729258,0.8834301027244306,0.8981481481481481,0.8913336326897171,0.8987167736021998,0.9049794426678849,0.9045920641997325,0.8914518317503393,0.8810810810810811,0.8900499772830531,0.8827708703374778,0.871480472297911,0.8454627133872417,0.8455392809587217,0.8373357498867241,0.8245458573327425,0.8128888888888889,0.8068130883012102,0.7872437357630979,0.7670329670329671,0.7573368374945247,0.7572463768115942,0.754076685764654,0.7399735566328779,0.7282003710575139,0.7346205657835654,0.7239101717305152,0.7105500450856628,0.6990200653289781,0.7182910547396528,0.7093178778421757,0.7089387934830471,0.7439507259128905,0.7241689128481581,0.698053417836125,0.7540229885057471,0.756433007985803,0.7701310861423221,0.7598017124831005,0.7776243093922652,0.7996414164051995,0.8049678012879485,0.8075221238938053,0.8477666362807658,0.8455580865603645,0.8596819457436857,0.8699676075890791,0.868755676657584,0.8742194469223907,0.8815377738042021,0.898980948161276,0.890975721484196,0.909328683522232,0.9042215161143895,0.9117647058823529,0.9101321585903084,0.8973136915077989,0.8947858472998138,0.8826690550828482,0.868755676657584,0.8646924829157175,0.8642369020501139,0.8546099290780141,0.8367437722419929,0.832415059687787,0.8370960602036299,0.8131221719457014
0.8210290827740492,0.8243119266055046,0.8314454009968283,0.7991967871485943,0.7940780619111709,0.7629928315412187,0.756721022476862,0.7602523659305994,0.7640300486080425,0.750229990800368,0.7545327754532776,0.7275641025641025,0.733058608058608,0.7406428885953324,0.738255033557047,0.7547511312217194,0.7368877329865626,0.76,0.7767817122366651,0.7593582887700535,0.7658712291760468,0.7766681797548797,0.8003605227579991,0.8067542213883677,0.8134902670891806,0.8258845437616388,0.8356850250341374,0.8428508189464364,0.8666965888689407,0.8813320825515948,0.8778320746334962,0.8976201167489897,0.8838967971530249,0.8900692840646651,0.9119749776586238,0.9124775583482945,0.9134826526130874,0.9043438077634011,0.9167803547066848,0.9214154411764706,0.9157990040742418,0.910414827890556,0.9028953229398664,0.8769585253456221,0.883349012229539,0.8656995788488535,0.8666958041958042,0.854470802919708,0.8537368179734067,0.8450578806767587,0.8233424159854678,0.8095024652622143,0.8029064486830154,0.7902790279027903,0.7835959221501391,0.7813201616524472,0.7628494138863842,0.747483989021043,0.752925877763329,0.7538823529411764,0.7420382165605095,0.7441345728198318,0.7338746053225079,0.7446236559139785,0.7292693859255939,0.74,0.7518796992481203,0.7577696526508226,0.7587301587301587,0.7732478240952817,0.7932584269662921,0.806540764624597,0.8,0.82189913675602,0.8322784810126582,0.8319253001333926,0.8346206269877329,0.8539741219963032,0.8573394495412844,0.8756805807622504,0.8934169278996865,0.9012952210808397,0.9060099412562133,0.9117375231053605,0.9040382110290925,0.9250340754202635,0.905693950177936,0.9237482774460266,0.9142474318892363,0.903750564844103,0.9064716312056738,0.9068918302145139,0.8945729537366548,0.8885819521178637,0.878419452887538,0.8640176600441501,0.8471596032461677,0.8504545454545455,0.8400178253119429,0.8369020501138952
0.8460526315789474,0.8283010365029293,0.8176305970149254,0.7980943738656987,0.8105924596050269,0.7942093541202673,0.7839673913043478,0.7867194371152155,0.777519739897817,0.7642792384406165,0.7765029830197339,0.75355871886121,0.7443744374437443,0.7648401826484018,0.7636912462268219,0.7736771898621609,0.7535243292405639,0.7442680776014109,0.7907081641858367,0.7836644591611479,0.7969821673525377,0.8063083074189249,0.8235565819861432,0.8275707229456668,0.8412192902638762,0.8467281510759772,0.8670212765957447,0.8564444444444445,0.8620996441281139,0.8735737106344135,0.8751702224239674,0.9022962629446195,0.9032838506522717,0.9086045474810521,0.9174843889384479,0.9137614678899083,0.9175115207373272,0.934322986954566,0.9144003566651806,0.9240282685512368,0.9010535959688502,0.911805236564079,0.9022935779816513,0.8969448244414044,0.8826461259628455,0.8776881720430108,0.8712505768343332,0.8605381165919282,0.8736510791366906,0.8389261744966443,0.8296557811120918,0.810126582278481,0.8135365307037203,0.7860719162494311,0.8090452261306532,0.7907180385288967,0.7795382526029878,0.7669815564552407,0.7705962676376877,0.7629955947136564,0.7657453556864522,0.7587155963302752,0.7623674911660777,0.7658514492753623,0.7694760820045559,0.7710467706013363,0.7701834862385321,0.7731729055258467,0.7681488203266787,0.7887323943661971,0.7986425339366516,0.7947794779477948,0.8105726872246696,0.8281601439496177,0.8431018935978359,0.8394954327968682,0.8551569506726457,0.8564444444444445,0.8735105407882676,0.8904823989569752,0.8876404494382022,0.8960441582336707,0.9026032315978456,0.9205693296602387,0.9119927040583675,0.9102914389799636,0.9224734656206738,0.9107692307692308,0.910904255319149,0.9215155615696887,0.9070990359333918,0.9065168539325843,0.894404332129964,0.8866305329719963,0.8842056507642427,0.8849315068493151,0.868515205724508,0.8530847758544163,0.8494107376691401,0.8266905508284819
0.8498855835240274,0.8430097538318625,0.8242562929061785,0.8251001335113485,0.8098720292504571,0.8215730337078652,0.8021927820922796,0.7926451041205139,0.7901785714285714,0.7799279927992799,0.7805542935029532,0.7910850968032418,0.7626423690205011,0.7854860794157918,0.7709327548806941,0.764,0.8022222222222222,0.7935483870967742,0.7879464285714286,0.8229070837166513,0.8242100578549176,0.8409986859395532,0.843101061375173,0.8470906630581867,0.8550067965564114,0.8591172536781096,0.8681776133209991,0.8773416592328278,0.8762838468720822,0.8958333333333334,0.8997349823321554,0.9161810847153743,0.9103448275862069,0.9170820117806978,0.9245198749441715,0.9235895157707685,0.9310191366266133,0.9270927092709271,0.9231115107913669,0.9328223624887286,0.9336576735957541,0.9158794421952317,0.9258278145695364,0.8994188645507376,0.89485559566787,0.8952205882352942,0.8674911660777385,0.8716814159292036,0.8738489871086557,0.8587647593097184,0.8450152372659991,0.8268359020852222,0.8389982110912343,0.8158015617822691,0.812221231043711,0.8087071240105541,0.7969520394441955,0.7975543478260869,0.7855530474040632,0.7769551133734383,0.7866071428571428,0.7786259541984732,0.7850425436632333,0.7984942426926483,0.7855166051660517,0.778816199376947,0.803788903924222,0.8048561151079137,0.802990325417766,0.7992056487202118,0.8141952983725136,0.8157216494845361,0.8315980081484835,0.8503460207612457,0.8530892448512586,0.8596570397111913,0.8785004516711834,0.8809416025350838,0.8872923215087561,0.8792486583184258,0.8983286908077994,0.9051061906913692,0.9171570846536895,0.9186843307446323,0.9184782608695652,0.9152771518702119,0.9329459097004917,0.9211845102505695,0.9333333333333333,0.9158460161145927,0.9271217712177122,0.9192825112107623,0.9031531531531531,0.9065727699530517,0.894327538883806,0.8863837312113174,0.8849353049907579,0.8676143936028432,0.8593680462839342,0.8559688581314879
0.8723029502421841,0.8561767357980162,0.8591800356506238,0.8385205232295896,0.8390752493200363,0.8231922398589065,0.8158477202301904,0.8207058823529412,0.8187241854061497,0.8166292134831461,0.7899603698811096,0.7894736842105263,0.8068383658969804,0.803352967829633,0.7915194346289752,0.8158976701690269,0.8042020563254358,0.8009049773755657,0.844582593250444,0.824032403240324,0.828056288478452,0.8391825855175478,0.8440959409594095,0.8515837104072398,0.8572062084257206,0.8712018140589569,0.8911161731207289,0.8736842105263158,0.8986425339366516,0.9217977528089888,0.9063886424134872,0.914440923494794,0.9125858123569794,0.9205479452054794,0.9303621169916435,0.936150666054203,0.9438202247191011,0.9254464285714286,0.9384955752212389,0.9341208541572013,0.9340455178820251,0.9305494505494506,0.9187339606501284,0.9198931909212283,0.9096744612563045,0.9081818181818182,0.89937106918239,0.9007599463567277,0.8808432630614116,0.8814247069431921,0.8664192949907236,0.854882459312839,0.8407871198568873,0.8478359908883827,0.8285461776403005,0.8083222664895972,0.820476858345021,0.8085011185682327,0.8153434433541481,0.7930875576036867,0.8125,0.7954239569313594,0.8012561686855092,0.8107861060329068,0.8075868372943327,0.8128440366972477,0.8040632054176072,0.8102587380844303,0.8249551166965888,0.830656264341441,0.8322237017310253,0.8373873873873874,0.8476232785428698,0.8481699051061907,0.8640072529465095,0.8733302625518194,0.8749425287356322,0.8903669724770642,0.9004074241738343,0.9061824470384782,0.9146451033243486,0.9182058047493403,0.9254884143571104,0.9228295819935691,0.9351771823681936,0.9311594202898551,0.9369330453563715,0.938945420906568,0.9301688726608854,0.9328888888888889,0.9181286549707602,0.9246843709185895,0.9174690508940853,0.9065377532228361,0.9041344843253066,0.9171597633136095,0.8893298059964727,0.8911161731207289,0.8796380090497737,0.8506317689530686
0.871830336560627,0.8746556473829201,0.8625174175568974,0.8520710059171598,0.8579088471849866,0.8496138119036801,0.8411764705882353,0.8395225464190982,0.8241906474820144,0.8314556106354214,0.8261811876896402,0.8124448367166813,0.8132066938037087,0.8290408525754884,0.8205128205128205,0.8190224570673712,0.8183453237410072,0.8393263541192535,0.8193693693693693,0.8312643678160919,0.8385065227170491,0.859009009009009,0.8504753673293,0.8790212958767558,0.868995633187773,0.8955625280143433,0.8928896991795807,0.8811059907834101,0.9008115419296664,0.9205298013245033,0.9256637168141593,0.9296663660955816,0.9232104121475054,0.9344409519533005,0.9416922402455064,0.9439252336448598,0.9325486645540969,0.9529737206085753,0.9448998178506375,0.9420160570918823,0.9391568883094307,0.9313769751693002,0.9286657859973579,0.9272727272727272,0.9170820117806978,0.9137148047229791,0.9004629629629629,0.8930871618720481,0.885984677782785,0.8929705215419501,0.873485868102288,0.8746038931643277,0.8548237476808905,0.85662100456621,0.8396946564885496,0.8520361990950226,0.8423864648263579,0.8309114927344782,0.8387239698715109,0.818950177935943,0.8164383561643835,0.8438069216757741,0.8113122171945701,0.8284671532846716,0.8174107142857143,0.8471537427162708,0.8326512050932242,0.8270396270396271,0.8497854077253219,0.8398722627737226,0.8497988377291015,0.849911190053286,0.8648409893992933,0.8698060941828255,0.8841681574239714,0.8853982300884956,0.8887863405629903,0.8961968680089486,0.9027027027027027,0.913770347558293,0.9251824817518248,0.9098398169336385,0.9287939474855362,0.9300884955752212,0.9351810460438087,0.9452488687782805,0.9398148148148148,0.9450354609929078,0.9435736677115988,0.9390519187358917,0.9433085501858736,0.9338365896980462,0.9352451433857539,0.9227031802120141,0.9202006383948929,0.8976201167489897,0.9076855123674912,0.8926784902228285,0.8723404255319149,0.8869757174392936
0.8867924528301887,0.8970070422535211,0.8739982190560998,0.875,0.8685739830129638,0.8621609604268564,0.8699817518248175,0.8676867686768677,0.8440883499350368,0.8599274705349048,0.8422988505747127,0.848124428179323,0.8394431554524362,0.8501350135013501,0.8511904761904762,0.8469433288710397,0.8437935843793585,0.8488424875170223,0.8613817537643933,0.8694869486948695,0.8565647482014388,0.8588182228236355,0.8777777777777778,0.8724261414503134,0.895541958041958,0.8974126191556968,0.891533180778032,0.9046140195208519,0.9209558823529411,0.9247408742676881,0.9170464904284412,0.9348428835489834,0.9448577680525164,0.9426193604905826,0.9481818181818182,0.9443430656934306,0.935251798561151,0.952,0.9448643841707426,0.9402197802197803,0.9378658262044124,0.9406474820143885,0.9435665914221218,0.9347919347919348,0.9289183222958057,0.9186802973977695,0.9102222222222223,0.9170086639306886,0.9089692101740294,0.8974706413730804,0.89453125,0.8761861726163579,0.8761384335154827,0.8766876687668766,0.8732334047109208,0.8634501593081475,0.8643911439114391,0.858246251703771,0.8382154123479044,0.852,0.8318815331010453,0.8479176415535797,0.8531405332128332,0.8439461883408071,0.8357308584686775,0.8430493273542601,0.8518518518518519,0.8552456839309429,0.8537127612272121,0.8477970627503337,0.8690153568202349,0.8772563176895307,0.8791208791208791,0.8796090626388272,0.8947600176133862,0.9020501138952164,0.9061355311355311,0.9148001756697409,0.9232134931202841,0.9232827832292596,0.9333333333333333,0.9310191366266133,0.9423513390830686,0.9456767768220914,0.950109409190372,0.9462791721708499,0.9481346678798908,0.9433880726015558,0.9400179051029544,0.9390354868061874,0.9324817518248175,0.9359823399558499,0.930327868852459,0.9375280898876405,0.9320959710276143,0.9216950713956702,0.916077738515901,0.9160682226211849,0.9011037527593819,0.8957325120985482
0.9070284697508897,0.9064748201438849,0.8973779385171791,0.8883785025264125,0.8799643016510487,0.8790212958767558,0.8752310536044362,0.8672964462438146,0.8582323912068192,0.8670857656039515,0.8613445378151261,0.8643919510061242,0.8594395957740009,0.8690858980248047,0.848990342405619,0.8733213965980304,0.8698441796516957,0.8730230456394035,0.8804198995892286,0.8651535380507344,0.8694877505567928,0.8737280296022202,0.8982532751091703,0.8959746720940751,0.8936755270394133,0.8998646820027063,0.9183766529867761,0.9131229995427527,0.9289617486338798,0.9399358092618065,0.933569530558016,0.942107643600181,0.9443684450524396,0.9478841870824053,0.9398762157382847,0.9462414578587699,0.9470169189670525,0.9583521955636034,0.9483378256963163,0.9497054825555052,0.9518348623853211,0.9508344609833108,0.9387288523090992,0.9333036905291241,0.9420552286102308,0.9306230667255855,0.9255226480836237,0.9276257722859664,0.9120681920143562,0.9086715867158671,0.9131004366812228,0.9005305039787799,0.9015426497277677,0.8891954022988505,0.8788418708240534,0.8675312644742936,0.8687992582290218,0.8764759309718437,0.8763489208633094,0.8685403445149592,0.877475817595578,0.8631532329495128,0.8739110499770747,0.8593396653098145,0.858325666973321,0.8744271310724107,0.8768115942028986,0.8762749445676274,0.8727272727272727,0.8752855185015989,0.8828744750349977,0.8824049513704686,0.8898109727985246,0.8997265268915223,0.9064618165386353,0.9004424778761062,0.9279120879120879,0.9246544806063308,0.9318389752973467,0.9373333333333334,0.9333637608397992,0.9407204742362061,0.9539619300575476,0.95047276001801,0.9493392070484582,0.9468707789284107,0.9512643678160919,0.9479742173112339,0.9632014719411224,0.9568888888888889,0.949977467327625,0.9477242000901307,0.9451640759930915,0.9376130198915009,0.9387568555758684,0.9292748433303492,0.9317269076305221,0.9230769230769231,0.9106980961015413,0.9032537960954446
0.8978397839783978,0.9171544349392166,0.9000900090009001,0.9025500910746812,0.8938172043010753,0.893212669683258,0.8912561029738127,0.8873429084380611,0.8764547896150403,0.8926477221470456,0.8709823449524672,0.8894316163410302,0.8791208791208791,0.8835616438356164,0.8776814240073026,0.8762511373976342,0.8880631676730144,0.8765652951699463,0.8902222222222222,0.8888400702987698,0.8970917225950783,0.9005376344086021,0.9036515618125824,0.9079307201458523,0.9172003659652334,0.923352756611385,0.9227586206896552,0.9306885544915641,0.9467613132209406,0.9395286794130725,0.9441163107678328,0.9483610237988325,0.9524019391802556,0.9620535714285714,0.9597135183527306,0.957968476357268,0.9603782080144079,0.9640745793542519,0.9578664276109368,0.9573115349682108,0.9579459938025675,0.9545863309352518,0.9454870420017873,0.9496567505720824,0.9476510067114094,0.9434129089301503,0.9342514438027544,0.9219098616688978,0.9231464737793852,0.9151927437641724,0.9167416741674167,0.8983355825461089,0.9065040650406504,0.900972590627763,0.9084761045987376,0.8909599254426841,0.8913336326897171,0.888295505117935,0.8755129958960328,0.8670721112076455,0.8921389396709324,0.8857808857808858,0.8700823421774931,0.8813708260105448,0.8842105263157894,0.8901245551601423,0.8876603272888103,0.875,0.8929872495446266,0.8953900709219859,0.9178329571106095,0.9051918735891648,0.9060700044306602,0.9168912848158132,0.9279359430604982,0.923009238891333,0.9195867026055705,0.932077125328659,0.9294012511170688,0.9422824661128115,0.9474613686534217,0.9489185457892315,0.96260017809439,0.9626593806921676,0.9513175524787851,0.964625850340136,0.963669391462307,0.9493670886075949,0.961961503208066,0.9585720581754077,0.9604545454545454,0.9529098178587294,0.9454225352112676,0.95013357079252,0.956082564778217,0.9440497335701599,0.9287671232876712,0.932286995515695,0.9203259393390675,0.922282120395328
0.9292035398230089,0.9206785878037598,0.9279717189571366,0.90999099909991,0.9090094128193635,0.9052873563218391,0.9020758122743683,0.9089709762532981,0.9069658719027583,0.9086161879895561,0.9046563192904656,0.8888384754990926,0.9065295169946332,0.8855172413793103,0.8940754039497307,0.9008601177003169,0.9030754892823858,0.9083409715857012,0.9036363636363637,0.9023193577163247,0.9172141918528253,0.9078947368421053,0.9177958446251129,0.9177897574123989,0.9282903366856143,0.9262222222222222,0.9395604395604396,0.9359605911330049,0.9453818827708703,0.9516493447808405,0.9479873360470376,0.9572338489535942,0.9596314172882844,0.9588263132986276,0.9592021758839528,0.9624943515589697,0.9685957828622701,0.9690998656515898,0.9567736185383244,0.9631740464708461,0.9689213893967094,0.9664399092970521,0.9626654064272212,0.9485981308411215,0.9484862178038861,0.9584264640143049,0.9412562132851333,0.9395629939562994,0.9375573921028466,0.930841121495327,0.9347234814143246,0.9184707508060801,0.9271493212669684,0.9086408640864087,0.9111111111111111,0.9077859939103958,0.9125732311852186,0.9030955585464334,0.902859736722651,0.8950892857142857,0.8975169300225734,0.9098360655737705,0.8951965065502183,0.9007599463567277,0.9067264573991032,0.8917431192660551,0.9074333800841514,0.9069124423963134,0.9024064171122995,0.9161118508655126,0.900271985494107,0.9259419662191425,0.9300791556728232,0.9212066636650158,0.9262332872291379,0.9340659340659341,0.9471326164874552,0.9368131868131868,0.9526515151515151,0.946866485013624,0.950945094509451,0.9501795332136446,0.9560195468680587,0.9588607594936709,0.9650655021834061,0.9634941329856584,0.9616740088105726,0.9703504043126685,0.9636363636363636,0.961436170212766,0.9562642369020501,0.9629306585259485,0.9576767221972085,0.9579908675799087,0.9467323187108326,0.9517019319227231,0.9445208619899129,0.937962962962963,0.930940481599273,0.9320822162645219
0.9414917373827602,0.9324988824318283,0.9301075268817204,0.9276950043821209,0.9213327163350301,0.9293478260869565,0.9186151079136691,0.926639156350298,0.9151488227454465,0.9195710455764075,0.9136822773186409,0.9080564406008192,0.9211599456275487,0.9134659879685331,0.9149613460663938,0.9115770282588879,0.9144434222631095,0.9199095022624434,0.9213993639254884,0.9215256466462078,0.9357466063348416,0.9236807675534234,0.9325099250110278,0.9268953068592057,0.9408127208480566,0.9344978165938864,0.9446254071661238,0.9426780116435289,0.9541326067211626,0.9554524361948956,0.9583150504607284,0.9577464788732394,0.9743935309973046,0.9664855072463768,0.9723830734966592,0.9697239536954586,0.9679218967921897,0.9658886894075404,0.9723830734966592,0.9709950914770192,0.968476357267951,0.9722097714029583,0.9578995020371208,0.9631147540983607,0.9606946983546618,0.9631315430131998,0.9522737505628095,0.951411383618695,0.9464763603925067,0.9353846153846154,0.9351473922902495,0.9211342490031015,0.9375,0.9287622439893143,0.9281984334203656,0.9149329634766528,0.924502712477396,0.9191729323308271,0.9125284738041002,0.9143251957623215,0.921875,0.9124505059392873,0.9059474412171508,0.9067285382830627,0.9125952487673689,0.9138712601994561,0.9167785234899329,0.916077738515901,0.9150561797752809,0.9230088495575222,0.92106450157871,0.9347826086956522,0.9368421052631579,0.9341050756901158,0.9434644957033017,0.941923774954628,0.938945420906568,0.9537494387067804,0.9498460184777827,0.9614190687361419,0.9570718481699051,0.968833481745325,0.9660307119590508,0.9664310954063604,0.9744304974430498,0.9603782080144079,0.9720468890892696,0.9713766469786461,0.9723090665475659,0.9689608636977058,0.9652441706995161,0.968503937007874,0.9629139072847682,0.9618528610354223,0.957635009310987,0.9471992653810836,0.9518976169461606,0.9516345723242275,0.9379401408450704,0.9432066404543469
0.9451162790697675,0.9479502533394749,0.9509717314487632,0.952161913523459,0.9395677106307896,0.9355416293643688,0.9368374558303887,0.9230769230769231,0.9331828442437923,0.9364005412719891,0.9328767123287671,0.9306066176470589,0.9275815824765311,0.9309225776541493,0.9330601092896175,0.9267086330935251,0.9279437609841827,0.935251798561151,0.9365853658536586,0.9320036264732547,0.9313113291703836,0.9384344766930519,0.9423334823424229,0.9474621549421193,0.948102921936328,0.9548124717577948,0.9507678410117435,0.9615888258402444,0.9619136089177891,0.9655942806076855,0.9625741670470105,0.9639756944444444,0.9661791590493601,0.9772824689241321,0.9710982658959537,0.975214060387562,0.9757769652650823,0.9762114537444934,0.9782805429864253,0.9726526891522334,0.9771668219944082,0.9710526315789474,0.9706140350877193,0.9662372278987117,0.9677134011499336,0.9697663765460376,0.9603503918856616,0.9600351339481774,0.9574372759856631,0.9486510008703221,0.9480874316939891,0.9440400363967243,0.9402784014369107,0.9337568058076225,0.9441923774954628,0.9361135758651287,0.9353526220614828,0.9224876070301938,0.9228395061728395,0.9262589928057554,0.9271201413427562,0.9174352217830478,0.9216950713956702,0.9188586714222025,0.9310661764705882,0.9284116331096197,0.9235375403040074,0.9455935251798561,0.9402224281742354,0.9347923179991068,0.9427293064876957,0.9399103139013453,0.94713059195662,0.9489084997677659,0.9481748535376295,0.9563456345634563,0.9550157444894287,0.9592190889370933,0.957983193277311,0.9631375910844406,0.9671319225574065,0.9699812382739212,0.9668688754083061,0.9788116075541226,0.9796472184531886,0.9804432855280313,0.9749776586237712,0.9742132867132867,0.9781089892873778,0.9769230769230769,0.9697368421052631,0.9760506100316313,0.9788116075541226,0.9632183908045977,0.959890610756609,0.9647478804105311,0.9512407488027862,0.9535809018567639,0.9476082004555809,0.9552511415525115
0.9601449275362319,0.9629133154602324,0.9540588760035682,0.9619377162629758,0.9549308344489067,0.9465547703180212,0.94967978042086,0.9440465532676813,0.9382608695652174,0.9397163120567376,0.9431569742020114,0.9356984478935698,0.9375565610859729,0.9437804338202744,0.945662100456621,0.9438706780422093,0.9492719586660404,0.9419973833406018,0.9411764705882353,0.9463302752293578,0.9527418635755684,0.9519145146927872,0.9572921399363925,0.9620366234926306,0.9566982408660352,0.9646626893070216,0.9586363636363636,0.9671985815602837,0.9619909502262444,0.966786355475763,0.981038374717833,0.9782903663500678,0.9772826561817387,0.9774164408310749,0.9838854073410922,0.9813333333333333,0.9793351302785265,0.9785330948121646,0.9754244861483468,0.9821755027422303,0.9730224051211706,0.979253112033195,0.977747502270663,0.9724853405502932,0.9796819787985865,0.9745338790359254,0.9654545454545455,0.9615732368896925,0.9596774193548387,0.9548206800186306,0.9536484625975218,0.9601990049751243,0.9562109025915997,0.9660082682590722,0.9470046082949308,0.9430783242258652,0.9514563106796117,0.9426780116435289,0.9430523917995444,0.9455535390199638,0.9456824512534819,0.9308630817894261,0.9415791875855773,0.9377838328792008,0.9504094631483166,0.9421265141318977,0.9504168494953927,0.9412024756852343,0.9451052150045746,0.9503355704697987,0.9570776255707762,0.948051948051948,0.95047276001801,0.9601809954751132,0.9585561497326203,0.9601967799642218,0.9600532623169108,0.9717984281091078,0.9703801945181255,0.9668508287292817,0.9705747126436781,0.9711367673179396,0.9751243781094527,0.9836210712704737,0.9818758495695514,0.9796672828096118,0.9826435246995995,0.9779577147998201,0.981216457960644,0.9784656796769852,0.976929902395741,0.9769707705934455,0.9737544483985765,0.9692307692307692,0.9680284191829485,0.9690721649484536,0.9675411293908404,0.9642693540998626,0.9603960396039604,0.9545045045045045
0.9654073736913974,0.97184420459878,0.9763528876762164,0.9649042844120328,0.963963963963964,0.953083109919571,0.9539503386004514,0.9531728665207877,0.9514380009429514,0.9470725995316159,0.9497797356828194,0.9530685920577617,0.9558626839054837,0.9568121104185218,0.9543399638336347,0.9502688172043011,0.96,0.9549590536851683,0.952859013531209,0.9611913357400722,0.9584086799276673,0.96954986760812,0.9649122807017544,0.9668560606060606,0.9643835616438357,0.9779735682819384,0.9692801467216873,0.9706703910614525,0.9771585198720877,0.9779107225034515,0.9784804567413263,0.9808481532147743,0.9808830223031406,0.9773735581188997,0.982844243792325,0.9829059829059829,0.9858447488584475,0.9892328398384926,0.9837209302325581,0.9776686020544886,0.980211688909342,0.9802828975567939,0.982094897045658,0.9816681943171403,0.9805950840879689,0.9761583445793972,0.9757194244604317,0.9719152854511971,0.9754768392370572,0.9717868338557993,0.9677274764679515,0.9718693284936479,0.9654863290004483,0.95837023914969,0.9610162067455102,0.9561979851073149,0.9499089253187614,0.9638288486987208,0.9550965424337674,0.9454787234042553,0.9446693657219973,0.95489400090212,0.9537121906507791,0.9429347826086957,0.9547715965626413,0.9605978260869565,0.9564827276805743,0.9502000889284127,0.9540178571428571,0.9591194968553459,0.9638766519823788,0.9617582417582418,0.9610503282275711,0.9612932604735883,0.966728280961183,0.9726651480637813,0.9701971572673086,0.9670428893905192,0.973339358337099,0.9820245979186376,0.974766355140187,0.9845031905195989,0.9791758972086841,0.9861359570661896,0.9851685393258427,0.9823321554770318,0.9778663125276671,0.9826897470039947,0.9848484848484849,0.9843470483005367,0.9867197875166003,0.9857079053148727,0.9825935596170583,0.9784045835169678,0.9746779209240337,0.9762757385854969,0.9761284722222222,0.9692801467216873,0.9777676950998185,0.9623824451410659
0.9775885253249664,0.9753303964757709,0.9775824175824176,0.9684400360685302,0.9649204864359214,0.970508166969147,0.9755323969188944,0.964172335600907,0.967654986522911,0.9643811219946572,0.9631985461154021,0.9611872146118722,0.9663224068253256,0.9574944071588367,0.9586516853932584,0.9661538461538461,0.9710338680926917,0.9658002735978112,0.9716580066131318,0.9735253135160241,0.9663167104111986,0.9709950914770192,0.9679543459174714,0.9682326621923938,0.9741648106904232,0.9709251101321585,0.9822817631806395,0.980126467931346,0.9787330316742081,0.9806044203879116,0.9855958096900916,0.9827351203998183,0.9886466848319709,0.9852678571428571,0.9895738893925657,0.9856812933025404,0.9838112858464385,0.9868181818181818,0.9834494773519163,0.9881548974943052,0.9858968708682239,0.9814731134206959,0.9849290780141844,0.9794238683127572,0.986228342958685,0.9758771929824561,0.9859092910612065,0.9850204266908761,0.9757548032936871,0.9781152300133988,0.979081400636653,0.9692942254812099,0.9741907261592301,0.96939736346516,0.964301651048639,0.9675057208237986,0.9657811796488068,0.963431151241535,0.9635036496350365,0.9685888420065635,0.9655330882352942,0.9598737601442742,0.96012832263978,0.9641751437417072,0.9606791778373548,0.9689329131022062,0.9642695612844867,0.9686940966010733,0.9656264133876075,0.9696834596522514,0.9677988531098368,0.9716636197440585,0.9710725411659991,0.9732023224653863,0.9772520473157416,0.9752860411899313,0.9781054512957998,0.9799361605107159,0.982573726541555,0.9816390506045678,0.9800433839479392,0.9785876993166287,0.9868778280542987,0.9863013698630136,0.9826404751027866,0.988100484795064,0.9908634079488351,0.9847874720357942,0.9897435897435898,0.9879839786381842,0.9868480725623583,0.9892134831460674,0.9836065573770492,0.9823289533303127,0.9862825788751715,0.9847222222222223,0.9813466787989081,0.9749544626593807,0.9758172861621137,0.9706840390879479
0.9764386044404169,0.9820627802690582,0.9765840220385675,0.9811743612729718,0.9812271062271062,0.9778290993071593,0.9695613249776186,0.9751332149200711,0.968895078922934,0.9771376314586191,0.9697386519944979,0.9720372836218375,0.9703370786516854,0.9764976958525345,0.9755987347492092,0.9798477384684281,0.9731574158325751,0.9752586594691858,0.9746102449888642,0.9766162310866575,0.9746345657781599,0.9808306709265175,0.9792418772563177,0.9835315645013724,0.9825190497534738,0.984622342831298,0.9849490925188137,0.9860869565217392,0.9827357237715804,0.9821268990169795,0.9879946642952423,0.9895264116575592,0.9885321100917431,0.9899299474605955,0.9873930661864025,0.9916201117318436,0.9926907263590681,0.9938189845474613,0.9922972360670593,0.9895880488909009,0.9923698384201077,0.9906832298136646,0.9916003536693192,0.9895379250217959,0.9896193771626297,0.9877938517179023,0.9880952380952381,0.9809143364403018,0.98237686398554,0.9784172661870504,0.9826989619377162,0.9785370127025843,0.9780071813285458,0.9851217312894499,0.9724409448818898,0.977538185085355,0.980625275209159,0.9758542141230069,0.973145197997269,0.9744642042863657,0.9748053137883647,0.9730446310207689,0.9732381801962533,0.9733634311512416,0.9723981900452489,0.9737318840579711,0.9727230698104484,0.9819086386250565,0.9804177545691906,0.9722474977252047,0.9785905441570026,0.9836660617059891,0.9800354924578527,0.9813211845102505,0.9784304726938963,0.9819168173598554,0.9839357429718876,0.9881710646041856,0.9868718877320054,0.9896349707075259,0.9872321021431828,0.9885896850753081,0.9888093106535363,0.9917883211678832,0.9921803127874885,0.9929203539823008,0.9905871806364859,0.9872415310162781,0.992773261065944,0.991324200913242,0.9870593485051317,0.9910913140311804,0.9879893238434164,0.9882724402345512,0.9877161055505005,0.9845406360424028,0.9821348816435909,0.979253112033195,0.9818758495695514,0.9817757009345794
0.9865410497981157,0.9843081312410842,0.9902004454342984,0.9842312746386334,0.9852612773559625,0.9842484248424842,0.9852017937219731,0.9795829713292789,0.9844789356984479,0.9748168498168498,0.9815837937384899,0.9834525939177102,0.9864253393665159,0.9843189964157706,0.9819109461966605,0.9868956168097605,0.9798027242837013,0.9817858729453576,0.986013986013986,0.981859410430839,0.9824318076745261,0.9836660617059891,0.9853006681514477,0.9849589790337283,0.9840182648401826,0.9857798165137615,0.9923698384201077,0.989237668161435,0.9872087711283691,0.9893095768374165,0.992866696388765,0.9904891304347826,0.9903677758318739,0.991703056768559,0.9932095971027615,0.9928603302097277,0.9946140035906643,0.9934036939313984,0.9932003626473255,0.9932584269662922,0.992,0.9903270382312298,0.9892665474060823,0.9930039352864014,0.9905956112852664,0.9947368421052631,0.9942781690140845,0.989501312335958,0.9899255365746824,0.9884341637010676,0.9868599909379248,0.9913753971856559,0.9888093106535363,0.984375,0.9852481001341081,0.9820254274441035,0.9806480648064807,0.9852481001341081,0.984119570294255,0.9815978456014363,0.9798811156835848,0.9789237668161435,0.9802247191011236,0.9795081967213115,0.9847053531264057,0.9823911028730306,0.979890310786106,0.9838202247191011,0.9843540455967814,0.983540925266904,0.9885714285714285,0.985475352112676,0.9840425531914894,0.98681218735789,0.9816964285714286,0.9814729041222788,0.9896396396396396,0.9875976113918236,0.9914645103324349,0.9866250557289344,0.9923800986104886,0.9935809261806511,0.9931787175989086,0.9922196796338673,0.9947043248014121,0.996420581655481,0.9938025675077468,0.9936936936936936,0.995910949568378,0.9938162544169611,0.9915555555555555,0.991703056768559,0.9909869310500226,0.9928122192273136,0.9928635147190009,0.9894829097283085,0.987145390070922,0.9909950472760019,0.9874776386404294,0.9873303167420815
0.9911386796632699,0.9907692307692307,0.9916410030796304,0.9844236760124611,0.9874213836477987,0.9904430929626412,0.9888042991491267,0.9910313901345291,0.9867941712204007,0.9870609981515711,0.991585473870682,0.9882352941176471,0.9869015356820234,0.986159169550173,0.99055330634278,0.9875804967801288,0.9919463087248322,0.9865107913669064,0.9902697921273773,0.9876051350154936,0.9883167459974037,0.99154532644434,0.9899175068744271,0.9907692307692307,0.9927338782924614,0.9917770671539515,0.9922762380736029,0.9912199630314233,0.9936334697589814,0.9945897204688909,0.9942528735632183,0.9927305770104498,0.9946973044631021,0.9973591549295775,0.9963184537505753,0.9960543621218764,0.998227735932654,0.9937527889335118,0.9977365323675872,0.9942579505300353,0.9950694755714926,0.9969094922737307,0.9944160074453234,0.9945230488361478,0.9958487084870848,0.9931066176470589,0.9910394265232975,0.992514310876266,0.9936708860759493,0.9896162528216704,0.9921875,0.9904675442578302,0.9899543378995433,0.9910554561717353,0.9886956521739131,0.9905191873589165,0.9903890160183066,0.9918256130790191,0.9853528628495339,0.9905277401894452,0.9898409893992933,0.9874768089053804,0.9935809261806511,0.9858757062146892,0.9883668903803132,0.9893946089262041,0.9902912621359223,0.9886928991406604,0.9882777276825969,0.9872146118721461,0.9873474920921825,0.9929793769197016,0.9927503398278206,0.9900407424173834,0.992831541218638,0.9901565995525727,0.9937860630270751,0.9889857732905002,0.994055784179241,0.9920353982300885,0.9935868071461291,0.999113475177305,0.9941123188405797,0.9968482665466006,0.9981957600360848,0.9968138370505234,0.9959605026929982,0.9964476021314387,0.9947322212467077,0.9938434476693052,0.9946452476572959,0.9932157394843962,0.9919282511210762,0.9949518127581459,0.9939647168059424,0.9944444444444445,0.9933274021352313,0.9946140035906643,0.9915367483296214,0.9931475559616263
0.9963849977406236,0.9925822902178952,0.9959035047792444,0.9972972972972973,0.9944418712366836,0.9932705248990579,0.9932065217391305,0.9937304075235109,0.9945602901178604,0.9923732615522656,0.9946452476572959,0.9916666666666667,0.9923800986104886,0.9945479327578374,0.9942554131683606,0.993234100135318,0.9929015084294588,0.9940909090909091,0.9973297730307076,0.9918256130790191,0.9914375844975214,0.9923285198555957,0.9893946089262041,0.995291902071563,0.9950383400992332,0.9963150621833257,0.9972514887769125,0.9959053685168335,0.9955634427684117,0.9973285841495992,0.9977334542157752,0.9969108561341571,0.9985908877407234,0.9982046678635548,0.998639455782313,0.9982386613826508,0.9972813774354327,0.9969995713673382,0.9972924187725631,0.9973463069438302,0.9977538185085355,0.996875,0.9981973862100045,0.9963718820861678,0.9967697277341947,0.9982332155477032,0.9973190348525469,0.9964601769911504,0.9977588525324966,0.9937416182387125,0.9968666069829901,0.9934952298352124,0.9921113689095128,0.9946642952423299,0.9932975871313673,0.9922480620155039,0.9959035047792444,0.9930907415937356,0.9950936663693131,0.9905347846663511,0.9904891304347826,0.9950045413260672,0.9919964428634949,0.994098955969133,0.9904284412032817,0.9967502321262767,0.9963980189104007,0.9916974169741697,0.994597028365601,0.9929608446986362,0.9931097841065687,0.994954128440367,0.9963319578175149,0.9950738916256158,0.9944700460829493,0.9954954954954955,0.9935394554683895,0.9968985378821444,0.9964460239893381,0.995507637017071,0.9963403476669717,0.9990863407948835,0.9981498612395929,0.9977457168620378,0.9977095739807604,0.9977210574293528,0.9968065693430657,0.9972222222222222,0.9963915200721696,0.9995479204339964,0.9977738201246661,0.9951002227171493,0.9954022988505747,0.9981549815498155,0.9968525179856115,0.9986194201564658,0.9932614555256065,0.9981916817359855,0.9951197870452528,0.9968539325842697
0.9972948602344455,0.9976830398517146,0.9981429897864438,0.9977944419938244,0.9981447124304267,0.9986162361623616,0.9968340117593849,0.9982253771073647,0.9969418960244648,0.9969458987783595,0.9972388403129314,0.9973142345568488,0.997250229147571,0.9973262032085561,0.9968833481745325,0.996464869642068,0.9981990094552003,0.9986313868613139,0.9963898916967509,0.9972439136426274,0.9977022058823529,0.998179335457442,0.9973130317957905,0.9964285714285714,0.99779638607316,0.9982471516213848,0.9977365323675872,1.0,0.9991349480968859,0.9977324263038548,0.9990962494351558,0.9990871748060246,1.0,0.9995404411764706,0.9990796134376438,0.9986625055728935,1.0,1.0,0.9995515695067264,0.9972652689152234,0.9995431703974418,0.9990842490842491,0.9982386613826508,1.0,0.9986577181208054,0.998661311914324,0.9981884057971014,0.9986206896551724,0.9954648526077098,0.9977767896843042,0.9981900452488688,0.9977116704805492,0.9972590223846505,0.9968539325842697,0.9968875055580257,0.9977487618190004,0.9978298611111112,0.9968138370505234,0.9954358740301232,0.9959839357429718,0.9967934035730646,0.9977313974591652,0.9954212454212454,0.9982014388489209,0.9986743261157756,0.9950248756218906,0.9981617647058824,0.9973142345568488,0.997789566755084,0.9950090744101633,0.9982190560997328,0.996800731261426,0.999554565701559,0.9981916817359855,0.9977538185085355,0.9959839357429718,0.9976979742173112,0.9972838388411046,0.9990675990675991,0.9995487364620939,0.9986702127659575,0.9995395948434622,0.9995533720410897,0.9990855052583447,0.9991087344028521,0.9995491433724075,0.9995414947271893,0.997744700045106,0.9990937924784775,0.9981498612395929,0.9986091794158554,0.9982134881643591,0.999553770638108,0.9995625546806649,0.9991181657848325,0.9977487618190004,0.9982038616973506,0.9995363931386184,0.9972590223846505,0.997338065661047
1.0,0.9986492570914003,0.9986098239110287,0.9995563442768411,0.9990871748060246,0.999113867966327,0.9990649836372136,0.9995374653098983,0.9991023339317774,0.9981710105166895,0.9995497523638001,0.9995640802092415,1.0,0.9991111111111111,1.0,1.0,0.9986480396575034,0.9995509654243376,0.9995596653456627,1.0,0.9990416866315285,1.0,0.9990913221263062,0.9991119005328597,0.9991201055873296,0.9995577178239717,0.9991027366532077,1.0,1.0,1.0,1.0,1.0,1.0,1.0,0.9990787655458314,0.9995507637017071,1.0,1.0,0.9995412844036697,1.0,1.0,1.0,0.9995452478399273,0.999554565701559,0.999562363238512,1.0,1.0,1.0,1.0,0.9990884229717412,0.999552171965965,1.0,0.9990592662276576,0.9986967854039965,1.0,1.0,0.9995408631772268,0.9990842490842491,0.9995433789954338,0.999104744852283,0.9990779160903642,0.9991315675206253,0.9995497523638001,0.9995337995337995,0.9990710636321412,1.0,1.0,0.9986708019494904,0.9986357435197817,0.9986713906111603,0.9995533720410897,1.0,0.9986238532110092,0.9991031390134529,0.999546485260771,0.9991349480968859,0.9986443741527339,1.0,0.9990636704119851,0.9995535714285714,0.9991043439319302,0.9982494529540481,1.0,1.0,0.9995471014492754,1.0,0.9995619798510732,1.0,0.9995661605206074,0.9995535714285714,1.0,0.9986984815618222,0.9991051454138703,1.0,1.0,1.0,0.999113475177305,0.9991181657848325,0.9995551601423488,0.9990946129470348
1.0,1.0,1.0,1.0,1.0,1.0,1.0,1.0,1.0,1.0,1.0,1.0,1.0,1.0,1.0,1.0,1.0,1.0,1.0,1.0,1.0,1.0,1.0,1.0,1.0,1.0,1.0,1.0,1.0,1.0,1.0,1.0,1.0,1.0,1.0,1.0,1.0,1.0,1.0,1.0,1.0,1.0,1.0,1.0,1.0,1.0,1.0,1.0,1.0,1.0,1.0,1.0,1.0,1.0,1.0,1.0,1.0,1.0,1.0,1.0,1.0,1.0,1.0,1.0,1.0,1.0,1.0,1.0,1.0,1.0,1.0,1.0,1.0,1.0,1.0,1.0,1.0,1.0,1.0,1.0,1.0,1.0,1.0,1.0,1.0,1.0,1.0,1.0,1.0,1.0,1.0,1.0,1.0,1.0,1.0,1.0,1.0,1.0,1.0,1.0
