1.0,1.0,1.0,1.0,1.0,1.0,1.0,1.0,1.0,1.0,1.0,1.0,1.0,1.0,1.0,1.0,1.0,1.0,1.0,1.0,1.0,1.0,1.0,1.0,1.0,1.0,1.0,1.0,1.0,1.0,1.0,1.0,1.0,1.0,1.0,1.0,1.0,1.0,1.0,1.0,1.0,1.0,1.0,1.0,1.0,1.0,1.0,1.0,1.0,1.0,1.0,1.0,1.0,1.0,1.0,1.0,1.0,1.0,1.0,1.0,1.0,1.0,1.0,1.0,1.0,1.0,1.0,1.0,1.0,1.0,1.0,1.0,1.0,1.0,1.0,1.0,1.0,1.0,1.0,1.0,1.0,1.0,1.0,1.0,1.0,1.0,1.0,1.0,1.0,1.0,1.0,1.0,1.0,1.0,1.0,1.0,1.0,1.0,1.0,1.0
0.9973309608540926,1.0,0.9991258741258742,1.0,1.0,1.0,1.0,1.0,1.0,1.0,1.0,1.0,0.999117387466902,1.0,1.0,1.0,0.9991039426523297,1.0,1.0,1.0,1.0,1.0,0.9991158267020336,1.0,1.0,0.9980824544582934,1.0,0.9990982867448152,0.9990740740740741,0.9991119005328597,0.9982653946227233,0.9990842490842491,1.0,0.9990974729241877,0.9981498612395929,0.9982409850483729,1.0,0.9981325863678805,1.0,1.0,0.9990867579908675,0.9991166077738516,1.0,1.0,0.9990723562152134,0.9990958408679927,0.9990706319702602,0.9990503323836657,0.9991289198606271,1.0,0.9991742361684558,0.99909338168631,1.0,1.0,1.0,0.9990749306197965,1.0,1.0,1.0,0.9990867579908675,1.0,1.0,0.9990917347865577,1.0,0.9990791896869244,0.9990999099909991,1.0,1.0,1.0,1.0,1.0,0.9981060606060606,1.0,0.9990384615384615,1.0,0.9991015274034142,0.9991095280498664,0.998272884283247,0.9982332155477032,1.0,0.999083409715857,0.9972477064220183,1.0,1.0,0.9972014925373134,0.9981718464351006,0.9981965734896303,0.9991095280498664,0.9990909090909091,0.9981167608286252,0.9990791896869244,0.9990610328638497,1.0,0.9991071428571429,0.9990892531876139,1.0,0.9981701738334858,0.9982253771073647,1.0,0.9990740740740741
0.9990791896869244,0.9991386735572783,0.9981851179673321,0.9963735267452403,0.9991023339317774,0.9991023339317774,1.0,0.9991408934707904,0.999117387466902,1.0,0.997270245677889,0.9991438356164384,0.999128160418483,0.9991189427312775,1.0,0.995507637017071,0.9972144846796658,0.9990485252140818,1.0,0.9982014388489209,0.9963336388634281,0.9981768459434822,0.9991334488734835,0.9990592662276576,0.9974293059125964,0.9957264957264957,0.9982394366197183,0.9991319444444444,0.9953574744661096,0.9971751412429378,0.99822695035461,0.9982456140350877,0.9972401103955841,0.9963702359346642,0.9916044776119403,0.994661921708185,0.9937833037300178,0.9963369963369964,0.9981566820276497,0.9981600735970562,0.9962299717247879,0.996299722479186,0.9956140350877193,0.9972041006523765,0.9981360671015843,0.9973890339425587,0.9982030548068284,0.9990982867448152,0.9974160206718347,0.9942084942084942,0.9982253771073647,0.9982378854625551,0.9991273996509599,1.0,0.9982238010657194,0.9973285841495992,0.9982190560997328,1.0,1.0,0.9973404255319149,1.0,0.999129677980853,1.0,1.0,0.9990557129367328,1.0,0.9991103202846975,0.9982190560997328,0.9991212653778558,1.0,0.9954545454545455,0.9972118959107806,0.9991039426523297,0.9981185324553151,0.9991228070175439,0.998212689901698,1.0,0.9963336388634281,0.999096657633243,0.9972875226039783,0.9964633068081344,0.9973238180196253,0.9972067039106145,0.9928952042628775,0.9956101843722563,0.9946761313220941,0.9973142345568488,1.0,0.9981600735970562,0.9982094897045658,0.9948141745894555,0.9954995499549955,0.9962928637627433,0.9990982867448152,0.9973142345568488,0.9973045822102425,0.996551724137931,0.9982030548068284,0.9981412639405205,1.0
0.9965095986038395,0.9990875912408759,0.9990689013035382,0.9981343283582089,0.9973498233215548,0.9954212454212454,0.9973238180196253,0.9953445065176909,0.99909338168631,1.0,0.9981532779316713,0.9991095280498664,0.9947229551451188,0.9972222222222222,0.9991212653778558,0.9965156794425087,0.9965665236051502,0.9963636363636363,0.9990867579908675,0.99644128113879,0.9965753424657534,0.9963963963963964,0.9964381121994658,0.9962894248608535,0.9955436720142602,0.9982347749338041,0.9963669391462306,0.995507637017071,0.9954627949183303,0.991810737033667,0.9936305732484076,0.994280266920877,0.9945994599459946,0.9934456928838952,0.9936880072137061,0.9981343283582089,0.9911894273127754,0.9948542024013722,0.9945054945054945,0.9911111111111112,0.9914933837429112,0.9929453262786596,0.9946380697050938,0.9964633068081344,0.9956217162872154,0.9943872778297475,0.992831541218638,0.9886956521739131,0.9896373056994818,0.9955237242614146,0.9964093357271095,0.9972144846796658,0.9973544973544973,0.9945105215004575,0.9972118959107806,0.9981701738334858,0.9982094897045658,0.9973799126637555,0.9982238010657194,1.0,0.9973285841495992,0.9981867633726201,0.9973045822102425,0.9954792043399638,0.9972067039106145,0.9964028776978417,0.998165137614679,0.992818671454219,0.9971804511278195,0.9964381121994658,1.0,0.9956933677863911,0.9946428571428572,0.9963403476669717,0.9935720844811754,0.9964125560538116,0.9973142345568488,0.990909090909091,0.9924812030075187,0.9940273037542662,0.9963470319634703,0.9927140255009107,0.9918772563176895,0.9918256130790191,0.9907149489322191,0.996299722479186,0.9929015084294588,0.9903930131004367,0.9889643463497453,0.9955985915492958,0.9866666666666667,0.9928635147190009,0.9929947460595446,0.9928443649373881,0.9973753280839895,0.9919571045576407,0.9962859795728877,0.9972727272727273,0.9910793933987511,0.9904397705544933
0.992530345471522,0.995417048579285,0.992091388400703,0.990645463049579,0.9948849104859335,0.9938434476693052,0.9947322212467077,0.9954086317722681,0.9941916747337851,0.9964633068081344,0.9954001839926403,0.9955516014234875,0.9954504094631483,0.9935779816513761,0.9965034965034965,0.9946236559139785,0.9926402943882244,0.9921259842519685,0.9956101843722563,0.995575221238938,0.9974337040205303,0.992091388400703,0.9900900900900901,0.9904596704249783,0.9897292250233427,0.992831541218638,0.9899451553930531,0.9900452488687783,0.9905579399141631,0.9910071942446043,0.9915651358950328,0.9907407407407407,0.9882352941176471,0.9883824843610366,0.9935956084172004,0.9884032114183765,0.9853747714808044,0.9878787878787879,0.9851576994434137,0.9884444444444445,0.9822852081488043,0.9919427036705462,0.9921397379912664,0.9842007434944238,0.9928122192273136,0.9933774834437086,0.9897260273972602,0.9853479853479854,0.9955357142857143,0.9955555555555555,0.9897348160821214,0.9924114671163575,0.9963436928702011,0.9945054945054945,0.9936936936936936,0.9963201471941122,0.9944392956441149,0.9953959484346224,0.9982062780269059,0.997270245677889,0.9991158267020336,0.9934579439252337,0.9935838680109991,0.9943820224719101,0.9972477064220183,0.9972067039106145,0.9963436928702011,0.9947368421052631,0.9953703703703703,0.9947552447552448,0.9930008748906387,0.9929078014184397,0.9955634427684117,0.9908508691674291,0.9911816578483245,0.9886064855390009,0.9902826855123675,0.9965126416739319,0.9918772563176895,0.9912739965095986,0.9954873646209387,0.9927272727272727,0.9883198562443846,0.98816029143898,0.9869646182495344,0.9850046860356139,0.9929015084294588,0.9848214285714286,0.9912049252418645,0.9900900900900901,0.9869646182495344,0.9902395740905058,0.992653810835629,0.9896907216494846,0.9935897435897436,0.9871677360219981,0.987353206865402,0.9857270294380018,0.9945404913557779,0.9896103896103896
0.9927797833935018,0.9838565022421525,0.9866888519134775,0.9929078014184397,0.989159891598916,0.9907321594068582,0.991869918699187,0.9956859361518551,0.9929947460595446,0.9973753280839895,0.9943714821763602,0.9952561669829222,0.9919857524487978,0.9909173478655767,0.9929015084294588,0.9912967798085291,0.9946949602122016,0.9945205479452055,0.9893428063943162,0.9911111111111112,0.9862763037511436,0.9873646209386282,0.994750656167979,0.987783595113438,0.9924953095684803,0.9910152740341419,0.9796460176991151,0.9809264305177112,0.9890210430009149,0.9851024208566108,0.9776785714285714,0.9791855203619909,0.9866190900981266,0.9856887298747764,0.9821596244131455,0.9881386861313869,0.9787234042553191,0.9789954337899544,0.9792979297929792,0.9756975697569757,0.9795737122557726,0.9796819787985865,0.983274647887324,0.986449864498645,0.9856887298747764,0.9840142095914742,0.9828828828828828,0.9854545454545455,0.9844606946983546,0.9902135231316725,0.9854147675478578,0.9919928825622776,0.9935364727608494,0.9896818572656921,0.9880952380952381,0.9891891891891892,0.9898336414048059,0.9928635147190009,0.9904513888888888,0.9963702359346642,0.9963669391462306,0.995579133510168,0.9916279069767442,0.9917279411764706,0.9938380281690141,0.989100817438692,0.9915730337078652,0.9955317247542449,0.9938217122683142,0.9910714285714286,0.9929947460595446,0.9879206212251941,0.9899082568807339,0.9887429643527205,0.9873760144274121,0.9786856127886323,0.9833916083916084,0.9875,0.9885159010600707,0.982174688057041,0.9910873440285205,0.9809688581314879,0.9879182156133829,0.9766397124887691,0.9757847533632287,0.9775784753363229,0.9843462246777164,0.9778801843317972,0.9769094138543517,0.9811827956989247,0.9798245614035088,0.9786839666357738,0.9739910313901345,0.9774774774774775,0.9852045256744996,0.9856759176365264,0.9806985294117647,0.9811320754716981,0.9892952720785013,0.9865470852017937
0.9833187006145742,0.9860205032618826,0.9828828828828828,0.983843537414966,0.9873646209386282,0.9869646182495344,0.9893333333333333,0.9883408071748879,0.9902222222222222,0.9908088235294118,0.995571302037201,0.9907149489322191,0.9910634495084897,0.9944547134935305,0.9857015192135835,0.9888888888888889,0.9880514705882353,0.9831410825199645,0.990072202166065,0.9910873440285205,0.9837691614066727,0.9857270294380018,0.9840848806366048,0.9825528007346189,0.9830827067669173,0.9781468531468531,0.9811320754716981,0.9870848708487084,0.9790209790209791,0.983957219251337,0.9775491113189897,0.9798775153105862,0.9768303985171455,0.9705882352941176,0.9669117647058824,0.9826166514181153,0.9701213818860878,0.9789569990850869,0.9748837209302326,0.9688850475367329,0.9741992882562278,0.9722719141323792,0.9743589743589743,0.9806629834254144,0.9754768392370572,0.981998199819982,0.9748427672955975,0.9867957746478874,0.9773156899810964,0.978595890410959,0.9810469314079422,0.9804791481810116,0.9881170018281535,0.9818339100346021,0.9927338782924614,0.9938434476693052,0.9860074626865671,0.987719298245614,0.9911347517730497,0.9927797833935018,0.9964028776978417,0.9864376130198915,0.9946140035906643,0.99137187230371,0.9908508691674291,0.9893428063943162,0.9963436928702011,0.9855985598559855,0.9875666074600356,0.9900181488203267,0.9888785912882299,0.9857015192135835,0.9829136690647482,0.9838160136286201,0.9857904085257548,0.9824098504837291,0.9831410825199645,0.979947689625109,0.9822695035460993,0.9770925110132158,0.9751838235294118,0.9794826048171276,0.97384481255449,0.9802690582959641,0.9771929824561404,0.9753199268738574,0.9784172661870504,0.9727520435967303,0.9688888888888889,0.9762557077625571,0.9779005524861878,0.9765765765765766,0.9698354661791591,0.9755213055303718,0.9695173581710415,0.9824098504837291,0.9825046040515654,0.9828828828828828,0.9851268591426072,0.9803043867502238
0.968065693430657,0.977538185085355,0.9702325581395349,0.97918637653737,0.9838129496402878,0.9828828828828828,0.9833948339483395,0.9842243645924628,0.9825632083696599,0.9835782195332757,0.9906223358908781,0.9866310160427807,0.991899189918992,0.9919282511210762,0.9920983318700615,0.9881925522252498,0.9915572232645403,0.9813432835820896,0.9876651982378855,0.9836956521739131,0.9762989972652689,0.9826086956521739,0.9738738738738739,0.9811827956989247,0.9785138764547896,0.968476357267951,0.9721739130434782,0.9627329192546584,0.9666048237476809,0.9696157283288651,0.9617486338797814,0.9739910313901345,0.9632616487455197,0.9716376944190301,0.97224709042077,0.966282165039929,0.9678012879484821,0.970770593445527,0.956482320942883,0.971689497716895,0.9680365296803652,0.9710780017528484,0.9653948535936113,0.9568593615185504,0.9696106362773029,0.9647160068846816,0.9740376007162042,0.9684684684684685,0.9754385964912281,0.9765698219306467,0.9821580288870009,0.9802158273381295,0.9778393351800554,0.9872611464968153,0.9855985598559855,0.9828828828828828,0.9886264216972879,0.981300089047195,0.987037037037037,0.9839285714285714,0.9832089552238806,0.9834254143646409,0.9831410825199645,0.9911894273127754,0.9845890410958904,0.9835069444444444,0.9896519285042333,0.9838274932614556,0.9836808703535811,0.9795539033457249,0.9845874886672711,0.9882671480144405,0.9818007662835249,0.9703237410071942,0.9770723104056437,0.9721048182586645,0.9694364851957975,0.9732758620689655,0.9624197983501375,0.9732858414959928,0.9687795648060549,0.9670138888888888,0.9655781112091791,0.9588550983899821,0.9688644688644689,0.9713493530499075,0.9659300184162063,0.9665158371040724,0.9707495429616088,0.9587357330992098,0.9622815087396505,0.9715048975957258,0.9624664879356568,0.9648648648648649,0.9617137648131268,0.9657407407407408,0.9716814159292035,0.9701357466063348,0.9738072965388214,0.9788546255506608
0.9748427672955975,0.9784172661870504,0.9684014869888475,0.9732620320855615,0.9795046968403074,0.9767841788478074,0.9721448467966574,0.9816345270890725,0.9866548042704626,0.9789569990850869,0.9817518248175182,0.982532751091703,0.9822695035460993,0.986171132238548,0.9822761194029851,0.9797178130511464,0.973404255319149,0.9822537710736469,0.9777183600713012,0.98359161349134,0.9727024567788899,0.9733905579399141,0.9725022914757103,0.9672727272727273,0.9656084656084656,0.9734597156398104,0.9663716814159292,0.97005444646098,0.9583333333333334,0.9473684210526315,0.9584415584415584,0.9582198001816531,0.9519852262234534,0.9568733153638814,0.9532273152478953,0.9544658493870403,0.9572727272727273,0.9434977578475336,0.9491371480472298,0.9434782608695652,0.9538461538461539,0.9495575221238938,0.9549295774647887,0.9663865546218487,0.964221824686941,0.9716060337178349,0.9727831431079894,0.9717153284671532,0.9598572702943801,0.9706422018348624,0.9625912408759124,0.9813499111900533,0.9750889679715302,0.9729020979020979,0.9695652173913043,0.9765258215962441,0.985981308411215,0.9816681943171403,0.9761273209549072,0.9786641929499073,0.9814323607427056,0.9901785714285715,0.9796279893711249,0.9835924006908463,0.9924314096499527,0.9814471243042672,0.9843462246777164,0.982078853046595,0.9804832713754646,0.9813499111900533,0.9722735674676525,0.9674582233948988,0.9735642661804923,0.9646954986760812,0.9596050269299821,0.9736603088101726,0.9619131975199291,0.9491833030852994,0.9663330300272975,0.963716814159292,0.9562554680664916,0.9588785046728971,0.9471403812824957,0.9648648648648649,0.956766917293233,0.9614711033274956,0.9463781749764817,0.9520851818988465,0.9551451187335093,0.9491371480472298,0.9568807339449541,0.9574669187145558,0.9520613614573347,0.9637488947833776,0.96171802054155,0.9635099913119027,0.9582222222222222,0.9634703196347032,0.9650224215246637,0.9709090909090909
0.9638989169675091,0.9592760180995475,0.9648964896489649,0.9751111111111112,0.9733210671573137,0.973404255319149,0.9697239536954586,0.9743816254416962,0.973568281938326,0.9781818181818182,0.9832451499118166,0.9724612736660929,0.975653742110009,0.976,0.9854280510018215,0.9769503546099291,0.9781818181818182,0.9766031195840554,0.9714285714285714,0.9782411604714415,0.968609865470852,0.9639084507042254,0.9786286731967943,0.9648964896489649,0.9569288389513109,0.9569789674952199,0.9509090909090909,0.9570661896243292,0.9490268767377201,0.9484444444444444,0.9566420664206642,0.9472222222222222,0.9473684210526315,0.9385171790235082,0.9388489208633094,0.9434628975265018,0.9529837251356239,0.9311224489795918,0.9506849315068493,0.9438202247191011,0.9357394366197183,0.9446883230904302,0.9235127478753541,0.9504504504504504,0.952122854561879,0.9382826475849732,0.9517426273458445,0.9522522522522523,0.9546296296296296,0.9546643417611159,0.9651785714285714,0.9684014869888475,0.9633458646616542,0.9730733519034355,0.9646739130434783,0.9740840035746202,0.9702537182852143,0.9727272727272728,0.9779661016949153,0.9844357976653697,0.981651376146789,0.9771210676835081,0.9868073878627969,0.985546522131888,0.9825528007346189,0.9788602941176471,0.9754768392370572,0.9752380952380952,0.9663716814159292,0.969472710453284,0.9724770642201835,0.9636363636363636,0.96875,0.9567177637511272,0.9653979238754326,0.9548802946593001,0.9573712255772646,0.9509803921568627,0.9493087557603687,0.9539789069990412,0.9518716577540107,0.9621145374449339,0.9440203562340967,0.9398954703832753,0.940754039497307,0.9375565610859729,0.9464123524069028,0.9390909090909091,0.9310970081595649,0.941231343283582,0.9412795793163892,0.9391462306993642,0.955237242614145,0.9421052631578948,0.9456029011786038,0.9375565610859729,0.9478991596638655,0.960710944808232,0.9707762557077626,0.9560036663611365
0.9529837251356239,0.9556561085972851,0.957931638913234,0.9587357330992098,0.9583718778908418,0.9662408759124088,0.9703429101019463,0.9750223015165032,0.9822537710736469,0.9618249534450651,0.9750889679715302,0.9848888888888889,0.9842794759825327,0.9796819787985865,0.9662337662337662,0.9722943722943723,0.9703056768558952,0.9711191335740073,0.9688679245283018,0.9629310344827586,0.9593998234774934,0.9606587374199451,0.9522546419098143,0.9608355091383812,0.9583710407239819,0.9623137598597721,0.9542190305206463,0.9503105590062112,0.9339055793991416,0.9357959542656112,0.9323583180987203,0.9337016574585635,0.9294990723562152,0.9306306306306307,0.9358288770053476,0.9305054151624549,0.9243772241992882,0.9382273948075202,0.9295392953929539,0.9211218229623137,0.927255985267035,0.9499545040946314,0.922509225092251,0.9355400696864111,0.9459459459459459,0.9255419415645617,0.9401309635173059,0.9577464788732394,0.935395814376706,0.9484978540772532,0.9585687382297552,0.9443462897526502,0.9581005586592178,0.9643510054844607,0.9635879218472468,0.9702702702702702,0.9747974797479748,0.9586846543001686,0.9711711711711711,0.9727024567788899,0.9788797061524335,0.971689497716895,0.9677716390423573,0.9724770642201835,0.9765765765765766,0.967654986522911,0.9755671902268761,0.9785714285714285,0.9725638599810785,0.9696969696969697,0.960456942003515,0.9681774349083896,0.9571558796718322,0.9527340129749768,0.9452690166975881,0.9406631762652705,0.9435626102292769,0.9552380952380952,0.9366515837104072,0.9351535836177475,0.9385574354407836,0.9316081330868762,0.9259574468085107,0.9303571428571429,0.9343807763401109,0.9354005167958657,0.937847866419295,0.9314179796107507,0.9282470481380564,0.9280639431616341,0.9226759339704604,0.9377289377289377,0.9148550724637681,0.9321428571428572,0.926094890510949,0.9362657091561939,0.9439421338155516,0.9345711759504863,0.9413382218148487,0.9517177344475395
0.9343065693430657,0.942458587619878,0.9601769911504425,0.9581478183437222,0.947992700729927,0.9587628865979382,0.9646098003629764,0.9655797101449275,0.9726148409893993,0.9749536178107606,0.9790145985401459,0.9722966934763181,0.9730458221024259,0.9773550724637681,0.9612334801762115,0.9661791590493601,0.9756756756756757,0.9536541889483066,0.967828418230563,0.9630630630630631,0.9512411347517731,0.949685534591195,0.9681238615664846,0.9491978609625669,0.9534662867996201,0.941952506596306,0.9362657091561939,0.9327731092436975,0.9306157849089333,0.9300265721877768,0.9019426456984274,0.9183303085299456,0.9212880143112702,0.9122807017543859,0.9180790960451978,0.9216757741347905,0.9139784946236559,0.9162162162162162,0.9241622574955908,0.9154275092936803,0.9143389199255121,0.9267431597528685,0.9177958446251129,0.927797833935018,0.9175068744271311,0.9178966789667896,0.9401041666666666,0.9309718437783833,0.9427312775330396,0.9369369369369369,0.9447047797563262,0.9560067681895094,0.9435989256938228,0.9544235924932976,0.9566787003610109,0.9618117229129662,0.9673202614379085,0.963382737576286,0.9630996309963099,0.963620230700976,0.9647577092511013,0.9699646643109541,0.9748837209302326,0.9764492753623188,0.9685767097966729,0.9699054170249355,0.9664902998236331,0.9555353901996371,0.948943661971831,0.9584870848708487,0.9576576576576576,0.9508804448563485,0.9511978704525288,0.9323374340949033,0.944692239072257,0.9366319444444444,0.9349005424954792,0.9280442804428044,0.9386666666666666,0.9308836395450568,0.9225289403383793,0.9219190968955786,0.916010498687664,0.9158460161145927,0.9086879432624113,0.9139414802065404,0.9087719298245615,0.9088397790055248,0.9122965641952984,0.9333950046253469,0.9137614678899083,0.9236773633998265,0.9147826086956522,0.9325432999088423,0.9253034547152195,0.9288928892889289,0.9335130278526504,0.9168877099911583,0.9422735346358793,0.9353410097431355
0.92579185520362,0.9325539568345323,0.9294117647058824,0.9392265193370166,0.9425287356321839,0.9553805774278216,0.9466316710411199,0.9475524475524476,0.9629963898916968,0.963162623539982,0.9642201834862385,0.961100569259962,0.9612676056338029,0.9739776951672863,0.9646182495344506,0.9641294838145232,0.9474671669793621,0.9544259421560035,0.9581437670609645,0.9573170731707317,0.9480401093892434,0.9475113122171945,0.9383033419023136,0.9343525179856115,0.9261311172668514,0.9292114695340502,0.924908424908425,0.903435468895079,0.9136029411764706,0.9305555555555556,0.9004566210045662,0.9034926470588235,0.9166666666666666,0.8911739502999143,0.9047619047619048,0.9043859649122807,0.8886925795053003,0.8927613941018767,0.8987929433611885,0.9055258467023173,0.8959435626102292,0.8881700554528651,0.9023722627737226,0.8988464951197871,0.9077946768060836,0.9158964879852126,0.9136563876651982,0.9130434782608695,0.9042553191489362,0.9269813000890472,0.9298085688240656,0.9322638146167558,0.9342105263157895,0.9389587073608617,0.9497206703910615,0.9625228519195612,0.9502222222222222,0.9586330935251799,0.9606791778373548,0.9690812720848057,0.9654278305963699,0.9681818181818181,0.972663139329806,0.9731903485254692,0.9710407239819004,0.9621811785400176,0.9499545040946314,0.9698354661791591,0.9593998234774934,0.9554140127388535,0.9442446043165468,0.9291479820627803,0.9372759856630825,0.946927374301676,0.9410714285714286,0.9234275296262534,0.9201053555750659,0.910351201478743,0.9140480591497228,0.9209809264305178,0.9140832595217007,0.9042076991942704,0.9003466204506065,0.9090909090909091,0.9063906390639064,0.8848263254113345,0.89,0.9020332717190388,0.8966148215919487,0.8927238805970149,0.9067164179104478,0.882661996497373,0.9173478655767484,0.9098513011152416,0.9200367647058824,0.9117117117117117,0.9204864359214219,0.9144338807260155,0.937609841827768,0.9365217391304348
0.8935018050541517,0.9298085688240656,0.9292929292929293,0.9249116607773852,0.9457943925233645,0.9533039647577093,0.9437716262975778,0.9562937062937062,0.9580479452054794,0.9570200573065902,0.9633802816901409,0.9722966934763181,0.9521776259607173,0.953168044077135,0.9671532846715328,0.9548022598870056,0.9626998223801065,0.9395306859205776,0.9520795660036167,0.9494020239190433,0.935908691834943,0.9349955476402493,0.9287003610108303,0.9072847682119205,0.9266547406082289,0.9387234042553192,0.9223985890652557,0.9048050770625566,0.9013452914798207,0.8860195903829029,0.889267461669506,0.8756567425569177,0.8756805807622504,0.8912839737582006,0.8918181818181818,0.8913857677902621,0.8731060606060606,0.8751123090745733,0.8824626865671642,0.8799249530956847,0.8688524590163934,0.8918181818181818,0.8835978835978836,0.892093023255814,0.9064430714916152,0.894257064721969,0.887719298245614,0.9176365264100269,0.9049773755656109,0.9118457300275482,0.9277879341864717,0.9278350515463918,0.9150090415913201,0.9371633752244165,0.9296803652968036,0.9523809523809523,0.9494128274616079,0.9581105169340464,0.9562982005141388,0.9671403197158082,0.9619220308250227,0.9510240427426536,0.9554317548746518,0.9552964042759962,0.9658994032395567,0.9524229074889868,0.9551337359792925,0.938375350140056,0.9357959542656112,0.9462457337883959,0.9545454545454546,0.9408602150537635,0.9171374764595104,0.9247211895910781,0.9236298292902066,0.9257294429708223,0.9073569482288828,0.8946869070208728,0.9080882352941176,0.9049360146252285,0.8873873873873874,0.8837837837837837,0.8837622005323869,0.8800350262697023,0.9054178145087236,0.8842592592592593,0.889943074003795,0.8822992700729927,0.8801801801801802,0.8672897196261682,0.8867256637168142,0.8816621499548328,0.8892988929889298,0.8963360142984808,0.8931034482758621,0.8995555555555556,0.8992869875222816,0.9052173913043479,0.90608228980322,0.9292748433303492
0.9029918404351768,0.9154676258992805,0.9194139194139194,0.9304666056724611,0.9347442680776014,0.9408450704225352,0.9359205776173285,0.9470432480141218,0.9460400348128808,0.9472222222222222,0.9593417231364957,0.9453551912568307,0.9601769911504425,0.9590536851683349,0.9527426160337553,0.9636871508379888,0.9614695340501792,0.936550491510277,0.9336966394187103,0.9520795660036167,0.9279359430604982,0.9312217194570136,0.921280276816609,0.9181073703366697,0.921832884097035,0.9105691056910569,0.9167412712623098,0.8820326678765881,0.8864711447492905,0.8917668825161887,0.8738738738738738,0.8972972972972973,0.8667262969588551,0.8573868488471392,0.8754646840148699,0.8590476190476191,0.8566243194192378,0.8762071992976295,0.8582159624413146,0.8566402814423922,0.8631211857018308,0.8653295128939829,0.8789198606271778,0.8740875912408759,0.8590664272890485,0.8787878787878788,0.8734995383194829,0.8946459412780656,0.8853503184713376,0.9116575591985429,0.9050814956855225,0.9250693802035153,0.9309153713298791,0.9243542435424354,0.9241622574955908,0.936036036036036,0.943649373881932,0.941747572815534,0.9523809523809523,0.947136563876652,0.9423247559893523,0.9506607929515418,0.9509536784741145,0.9594843462246777,0.9536954585930543,0.9495949594959496,0.9515981735159817,0.9522522522522523,0.9326660600545951,0.9404869251577999,0.9352451433857539,0.9354243542435424,0.9174228675136116,0.9084507042253521,0.9112688553682342,0.9029574861367837,0.8930112165660051,0.8753269398430689,0.8804251550044287,0.882988298829883,0.8864864864864865,0.8876003568242641,0.8677685950413223,0.8547169811320755,0.8443271767810027,0.8579088471849866,0.8557692307692307,0.8593466424682396,0.8776595744680851,0.8342198581560284,0.8641542506573181,0.8660869565217392,0.8709964412811388,0.8649398704902868,0.88268156424581,0.8783165599268069,0.8912442396313364,0.8934056007226739,0.8645454545454545,0.9156626506024096
0.889413988657845,0.9022421524663677,0.8882978723404256,0.9269195189639223,0.9320036264732547,0.9188191881918819,0.9298724954462659,0.9450643776824035,0.9478098788443616,0.9529411764705882,0.9226713532513181,0.9435989256938228,0.9571558796718322,0.9401631912964642,0.9424977538185085,0.9395017793594306,0.9422572178477691,0.9341749323715058,0.9295112781954887,0.9260273972602739,0.9264432029795159,0.9186991869918699,0.9209833187006146,0.9059753954305799,0.9007220216606499,0.8961156278229448,0.8986135181975736,0.8795289855072463,0.8858695652173914,0.8443271767810027,0.8653675819309123,0.848868778280543,0.8571428571428571,0.8473824312333629,0.8623124448367167,0.8478444632290786,0.8489082969432314,0.8392694063926941,0.830398517145505,0.8492550394390885,0.8311688311688312,0.8562925170068028,0.8631578947368421,0.8504923903312444,0.867026055705301,0.8600713012477719,0.8756260434056762,0.8883888388838884,0.8828996282527881,0.8825531914893617,0.9062792877225867,0.8932735426008969,0.9136690647482014,0.9220103986135182,0.9200359389038635,0.9260991580916744,0.9268518518518518,0.9396853146853147,0.9465579710144928,0.9367088607594937,0.9515981735159817,0.9409005628517824,0.9511986301369864,0.9613309352517986,0.9430379746835443,0.9365079365079365,0.9419642857142857,0.9301470588235294,0.9388888888888889,0.9306930693069307,0.932788374205268,0.9173553719008265,0.9074573225516622,0.9077458659704091,0.9147005444646098,0.8957169459962756,0.8868445262189513,0.8754416961130742,0.8810172570390554,0.864963503649635,0.8566037735849057,0.8560533841754051,0.8426229508196721,0.8395624430264357,0.8593189964157706,0.8591800356506238,0.8492417484388939,0.820580474934037,0.8644818423383526,0.854147675478578,0.8617731172545281,0.8607954545454546,0.8584310189359784,0.8538602941176471,0.8485639686684073,0.8745644599303136,0.87215411558669,0.8896860986547085,0.8990654205607477,0.8973897389738974
0.8862602365787079,0.8886844526218951,0.9022026431718062,0.9102333931777379,0.9100091827364555,0.9098005203816132,0.9184782608695652,0.9345182413470533,0.9314830875975716,0.9258572752548656,0.9347426470588235,0.9506398537477148,0.9364518976169461,0.9427272727272727,0.933456561922366,0.9355961705831157,0.9362445414847161,0.9273049645390071,0.92616226071103,0.9221927497789567,0.9090909090909091,0.909404659188956,0.9015009380863039,0.8892921960072595,0.9029787234042553,0.8985915492957747,0.8794964028776978,0.8615241635687733,0.8707964601769912,0.8558718861209964,0.8477477477477477,0.8290203327171903,0.8490230905861457,0.8299256505576208,0.8270742358078602,0.8194070080862533,0.8178472861085556,0.8275862068965517,0.8209366391184573,0.8124436429215509,0.8269065981148244,0.7980162308385933,0.8247232472324724,0.8383928571428572,0.8334786399302528,0.848349687778769,0.8618181818181818,0.8510445049954587,0.8795955882352942,0.8698275862068966,0.88909426987061,0.8959700093720713,0.8959790209790209,0.9,0.9092526690391459,0.9133928571428571,0.9422735346358793,0.9208566108007449,0.9233449477351916,0.9310344827586207,0.9405850091407678,0.943950177935943,0.9395267309377738,0.9468085106382979,0.9476584022038568,0.9394221808014911,0.9396396396396396,0.928505957836847,0.9234828496042217,0.9265116279069767,0.9103385178408051,0.8907103825136612,0.9006381039197813,0.8868258178603006,0.8948763250883393,0.8655234657039711,0.8667279411764706,0.8677248677248677,0.8571428571428571,0.8471111111111111,0.8447368421052631,0.852212389380531,0.8367875647668394,0.841255605381166,0.8269394714407502,0.8196872125114996,0.8160919540229885,0.8239171374764596,0.8110091743119267,0.8190909090909091,0.8305555555555556,0.845082680591819,0.8410714285714286,0.8401453224341507,0.8638334778837814,0.8643446379468378,0.8829311885612153,0.8576779026217228,0.8688524590163934,0.9079307201458523
0.8718637992831542,0.8840321141837645,0.8967343336275375,0.9102222222222223,0.895644283121597,0.9100084104289319,0.8979223125564589,0.9292035398230089,0.9205298013245033,0.932788374205268,0.9201754385964912,0.9282627484874676,0.9325432999088423,0.9362292051756007,0.9210053859964094,0.9281767955801105,0.9332161687170475,0.9243772241992882,0.9253308128544423,0.9025787965616046,0.9210053859964094,0.9030754892823858,0.8957055214723927,0.8782383419689119,0.8983666061705989,0.8568872987477638,0.8703374777975134,0.8424350940017905,0.8251121076233184,0.8283378746594006,0.8363471971066908,0.8073148974130241,0.832258064516129,0.7861635220125787,0.8176943699731903,0.7940379403794038,0.8104265402843602,0.7988013698630136,0.8117338003502627,0.810359964881475,0.820536540240518,0.8211382113821138,0.8141135972461274,0.8440036068530208,0.8298429319371727,0.8217550274223034,0.8248888888888889,0.8553230209281165,0.8721251149954001,0.8645454545454545,0.8761467889908257,0.8763345195729537,0.8876306620209059,0.8902439024390244,0.9053819444444444,0.9136125654450262,0.9030520646319569,0.9332146037399822,0.9238440616500453,0.9055258467023173,0.9254119687771032,0.9376114081996435,0.9259911894273127,0.9200367647058824,0.9209558823529411,0.9304426377597109,0.9223214285714286,0.9207373271889401,0.9246901811248809,0.9005328596802842,0.9031971580817052,0.8972727272727272,0.885766092475068,0.8717712177121771,0.851679104477612,0.8746846089150546,0.8506912442396314,0.8217821782178217,0.8543778801843318,0.8158379373848987,0.8213969938107869,0.8205128205128205,0.8074074074074075,0.8136042402826855,0.7965796579657966,0.8267281105990784,0.7858455882352942,0.773017319963537,0.8001752848378615,0.8030560271646859,0.7838297872340425,0.813321647677476,0.818348623853211,0.807868252516011,0.835387323943662,0.8312043795620438,0.8557522123893805,0.8427167113494192,0.8642732049036778,0.8738898756660746
0.8419117647058824,0.8507462686567164,0.8874656907593779,0.8792792792792793,0.8962264150943396,0.9038461538461539,0.8754512635379061,0.8974600188146754,0.9201451905626135,0.9075555555555556,0.9245960502692998,0.9164319248826291,0.9219298245614035,0.9124087591240876,0.92616226071103,0.921832884097035,0.918869644484959,0.9274124679760888,0.9050179211469535,0.9215517241379311,0.8906691800188501,0.9102222222222223,0.8875,0.8870547350130321,0.8588235294117647,0.8480436760691538,0.8325666973321068,0.8228279386712095,0.8375768217734855,0.8282828282828283,0.8015051740357478,0.8068783068783069,0.8079409048938134,0.7936363636363636,0.7894736842105263,0.7861010830324909,0.7726879861711322,0.7700729927007299,0.7540106951871658,0.7801231310466139,0.7697907188353048,0.8037735849056604,0.8101983002832861,0.8089788732394366,0.8005540166204986,0.8157676348547718,0.8219298245614035,0.8485663082437276,0.8411131059245961,0.8345132743362832,0.8571428571428571,0.8686257562662058,0.8720420683610868,0.8724534986713907,0.8980716253443526,0.9081537019681349,0.9016393442622951,0.9078014184397163,0.9206212251941329,0.9291958041958042,0.9381818181818182,0.9238532110091743,0.933572710951526,0.9107452339688041,0.918423464711274,0.930776426566885,0.9149122807017543,0.9187442289935365,0.9076923076923077,0.8967052537845058,0.9002671415850401,0.8842297174111212,0.8576642335766423,0.8558139534883721,0.8629893238434164,0.8297682709447415,0.850262697022767,0.8360071301247772,0.8266550522648084,0.8075855689176689,0.7959363957597173,0.8173679498657117,0.8032638259292838,0.7921604375569735,0.7619909502262443,0.7688123300090662,0.7752293577981652,0.7905944986690329,0.7759078830823738,0.7759710930442638,0.7755834829443446,0.781663516068053,0.8242894056847545,0.8144796380090498,0.7945945945945946,0.8115555555555556,0.8196411709159585,0.8249772105742935,0.8348294434470377,0.8541284403669724
0.8387387387387387,0.8473080317740512,0.8572752548656163,0.8659981768459435,0.8819702602230484,0.8778966131907309,0.9081996434937611,0.8785648574057038,0.9090909090909091,0.9216589861751152,0.9169611307420494,0.9267015706806283,0.9131975199291408,0.9250457038391224,0.9144914491449145,0.9197812215132178,0.9114811568799299,0.9125338142470695,0.8865800865800866,0.8991825613079019,0.8885793871866295,0.8745247148288974,0.8694127957931639,0.8525149190110827,0.8466898954703833,0.8343296327924851,0.8349864743011722,0.8065994500458296,0.8137869292748433,0.7904761904761904,0.7554585152838428,0.7835420393559929,0.7686832740213523,0.7769784172661871,0.7791469194312797,0.750445632798574,0.7627118644067796,0.750465549348231,0.7792207792207793,0.7669039145907474,0.7741364038972542,0.7424778761061946,0.7763519706691109,0.795768169273229,0.8003533568904594,0.7866909753874203,0.7879656160458453,0.8308687615526802,0.827742520398912,0.834733893557423,0.8517495395948435,0.8512544802867383,0.8635531135531136,0.8602941176470589,0.8875236294896031,0.903041825095057,0.8869801084990958,0.9020979020979021,0.9027027027027027,0.9119266055045872,0.9139784946236559,0.9310344827586207,0.912,0.9134701159678859,0.9231473010064044,0.9141274238227147,0.9088397790055248,0.8990169794459338,0.9032258064516129,0.9017094017094017,0.8807017543859649,0.8803652968036529,0.8381962864721485,0.8421052631578947,0.8166969147005445,0.8300469483568075,0.8264014466546112,0.8165829145728644,0.7686768676867687,0.7865168539325843,0.7815985130111525,0.7741330834114339,0.7735004476275739,0.7521047708138447,0.7649647887323944,0.7465940054495913,0.7598173515981735,0.7513181019332161,0.7629350893697083,0.7718531468531469,0.7645429362880887,0.771117166212534,0.7752081406105458,0.7967332123411979,0.8018264840182648,0.7737556561085973,0.8096069868995633,0.8172323759791122,0.8244541484716157,0.8369565217391305
0.8410301953818827,0.8328865058087578,0.8262108262108262,0.8546712802768166,0.8850987432675045,0.8854961832061069,0.8905829596412556,0.8904593639575972,0.9015219337511191,0.9005998286203942,0.9165217391304348,0.9204244031830239,0.9195501730103807,0.9146919431279621,0.8887908208296558,0.893344709897611,0.8999106344950849,0.8984098939929329,0.8837209302325582,0.8837863167760075,0.8901996370235935,0.8594741613780599,0.8487762237762237,0.8425266903914591,0.8436657681940701,0.8414855072463768,0.8092280390417036,0.8146167557932263,0.7759078830823738,0.7791017415215399,0.7537777777777778,0.7469767441860465,0.7676767676767676,0.754325259515571,0.7478912839737581,0.7335581787521079,0.7585278276481149,0.7545533391153513,0.739404869251578,0.7258064516129032,0.7360275150472915,0.7315140845070423,0.7568766637089619,0.7891402714932126,0.7576887232059646,0.7688888888888888,0.7894736842105263,0.7922661870503597,0.7969174977334542,0.8405405405405405,0.8484581497797357,0.8481349911190054,0.8421052631578947,0.8690265486725663,0.8770197486535009,0.873542600896861,0.874439461883408,0.9019434628975265,0.8990169794459338,0.9034926470588235,0.9092465753424658,0.9095744680851063,0.9165885660731021,0.9081996434937611,0.9049904030710173,0.918869644484959,0.9056429232192414,0.9020480854853072,0.8828828828828829,0.8903544929925804,0.8623255813953489,0.8417132216014898,0.831758034026465,0.8351351351351352,0.8291316526610645,0.8051470588235294,0.7949412827461608,0.7918552036199095,0.7667844522968198,0.7697594501718213,0.7502246181491464,0.7535971223021583,0.7654320987654321,0.7431941923774955,0.7536630036630036,0.7452745274527453,0.75,0.7541998231653404,0.7557392102846648,0.7150635208711433,0.7332089552238806,0.7214411247803163,0.7439134355275022,0.7516462841015993,0.7801418439716312,0.7772511848341233,0.7922535211267606,0.804006968641115,0.8086040386303776,0.8164335664335665
0.8039747064137308,0.8286995515695067,0.8269230769230769,0.8351351351351352,0.8621013133208255,0.8615520282186949,0.8602150537634409,0.8793103448275862,0.888504753673293,0.9050131926121372,0.8884792626728111,0.9082652134423251,0.9078726968174204,0.9241573033707865,0.8938879456706282,0.9027169149868537,0.8889916743755781,0.8653675819309123,0.875,0.8731884057971014,0.8637200736648251,0.8557435440783615,0.845881310894597,0.8207136640557006,0.8040109389243391,0.7839662447257384,0.7941696113074205,0.7914735866543096,0.7817028985507246,0.782967032967033,0.7495327102803738,0.7339606501283148,0.7235401459854015,0.7226813590449954,0.7085610200364298,0.7209090909090909,0.7220183486238532,0.7108325872873769,0.7056159420289855,0.7026086956521739,0.7292817679558011,0.7256317689530686,0.7211625794732062,0.7314487632508834,0.7571912013536379,0.7614125753660638,0.7966728280961183,0.7756463719766472,0.7878521126760564,0.7922794117647058,0.8149819494584838,0.8317757009345794,0.8388278388278388,0.851985559566787,0.88125,0.8566243194192378,0.8962093862815884,0.8747810858143608,0.8981921979067554,0.8971792538671519,0.8954703832752613,0.9016393442622951,0.9010695187165776,0.8973451327433628,0.902461257976299,0.9151459854014599,0.8690582959641255,0.8658428949691086,0.8714028776978417,0.8481675392670157,0.8457300275482094,0.8462897526501767,0.8475836431226765,0.8231540565177757,0.823321554770318,0.8118721461187215,0.7894257064721969,0.7887700534759359,0.7895204262877442,0.7769447047797563,0.7522851919561243,0.7268431001890359,0.7315247895229187,0.7196613358419567,0.6953191489361702,0.7310469314079422,0.7145471180237878,0.7075064710957722,0.7161803713527851,0.6882629107981221,0.7297811607992388,0.7290379523389232,0.7408400357462019,0.7549549549549549,0.7579617834394905,0.7532467532467533,0.786308973172988,0.7772768259693418,0.7872340425531915,0.8179372197309417
0.8007085916740478,0.8118181818181818,0.8304042179261862,0.8277511961722488,0.8507877664504171,0.8697962798937112,0.8654545454545455,0.8695652173913043,0.872435325602141,0.8940754039497307,0.8943598925693823,0.8824082784571966,0.9006499535747446,0.8842592592592593,0.8978102189781022,0.8927038626609443,0.8772093023255814,0.8891992551210428,0.8517469310670444,0.8563829787234043,0.8544303797468354,0.838475499092559,0.8163816381638164,0.8107869142351901,0.8116710875331565,0.8007213706041478,0.7795497185741088,0.7602611940298507,0.7639007698887939,0.7405745062836625,0.760036496350365,0.7300448430493274,0.6906854130052724,0.7111501316944688,0.6916140667267808,0.7099447513812155,0.6974935177182369,0.6925858951175407,0.6888489208633094,0.6960873521383075,0.7122557726465364,0.693069306930693,0.7064459930313589,0.6859946476360392,0.724910394265233,0.7506750675067507,0.7593582887700535,0.7664298401420959,0.7826475849731663,0.7903780068728522,0.8106666666666666,0.7829937998228521,0.8246235606731621,0.8345070422535211,0.8452991452991453,0.846911369740376,0.8632958801498127,0.8871415356151712,0.8737024221453287,0.8943533697632058,0.8930762489044698,0.8973418881759854,0.8896797153024911,0.8987583572110793,0.8903863432165319,0.9104477611940298,0.8871268656716418,0.8773584905660378,0.8683473389355743,0.8605072463768116,0.8576449912126538,0.8274616079494128,0.826048951048951,0.7929433611884865,0.7983501374885427,0.7910313901345292,0.7793296089385475,0.7391696750902527,0.7319304666056725,0.7426008968609865,0.7465309898242368,0.7092069279854147,0.7183600713012478,0.6998087954110899,0.7042124542124543,0.7223247232472325,0.6789237668161435,0.6834400731930467,0.6905790838375108,0.7039848197343453,0.7031390134529149,0.7154471544715447,0.713091922005571,0.7198952879581152,0.7312614259597806,0.7661647475642162,0.7619469026548673,0.7654205607476635,0.7874165872259294,0.7935299714557564
0.789568345323741,0.7923008057296329,0.7965169569202566,0.8142605633802817,0.818733738074588,0.8680109990834097,0.8621013133208255,0.849005424954792,0.8673932788374206,0.8764976958525346,0.8823529411764706,0.8776595744680851,0.8932203389830509,0.8833333333333333,0.8851291184327693,0.887589928057554,0.8831050228310502,0.8766637089618456,0.8514129443938013,0.8391111111111111,0.8423005565862709,0.8343347639484978,0.81313598519889,0.7998137802607076,0.7959895379250218,0.7559471365638767,0.738898756660746,0.7678729037952339,0.7341549295774648,0.7095914742451155,0.7168141592920354,0.6820702402957486,0.6856634016028496,0.6758928571428572,0.6669588080631026,0.6560449859418932,0.6696588868940754,0.6746987951807228,0.6669595782073814,0.6622807017543859,0.6890080428954424,0.6846615252784919,0.6687170474516696,0.7032085561497327,0.7104072398190046,0.7121739130434782,0.740578439964943,0.7326820603907638,0.737511353315168,0.753686036426713,0.7980599647266314,0.8185117967332124,0.8097306689834927,0.7964125560538117,0.8311461067366579,0.8572744014732965,0.8609271523178808,0.8736559139784946,0.8788958147818343,0.8647388059701493,0.884377758164166,0.8921568627450981,0.8994464944649446,0.8629764065335753,0.8970331588132635,0.8735632183908046,0.8643617021276596,0.871244635193133,0.8746666666666667,0.867026055705301,0.8443223443223443,0.8216503992901508,0.8229842446709916,0.8055290753098189,0.7815275310834814,0.7753623188405797,0.776230269266481,0.7632763276327633,0.7340989399293286,0.709502262443439,0.6981981981981982,0.690893169877408,0.6857142857142857,0.6865008880994672,0.6902030008826125,0.6925133689839572,0.6765765765765765,0.6579861111111112,0.6699551569506726,0.6623970722781336,0.6699463327370304,0.6654545454545454,0.7082551594746717,0.6885245901639344,0.7012987012987013,0.7237827715355806,0.7281728172817282,0.7466185752930569,0.7724329324699353,0.7729779411764706
0.7747105966162066,0.7862523540489642,0.8282647584973166,0.8027649769585253,0.8090497737556561,0.8322639780018332,0.8363970588235294,0.8587155963302753,0.865036231884058,0.8761061946902655,0.8778195488721805,0.8596014492753623,0.8794964028776978,0.878438331854481,0.8849315068493151,0.8797909407665505,0.8571428571428571,0.8702559576345984,0.8425841674249318,0.8368469294225481,0.8298829882988299,0.8163816381638164,0.7993019197207679,0.7956600361663653,0.7903930131004366,0.7306306306306306,0.7526132404181185,0.719634703196347,0.7299270072992701,0.6993865030674846,0.677158273381295,0.6845454545454546,0.645662100456621,0.6417641764176417,0.6342129208371247,0.6459510357815442,0.659265584970111,0.6403669724770642,0.6258802816901409,0.6433823529411765,0.659369527145359,0.642602495543672,0.6578715919085312,0.7036036036036036,0.6895306859205776,0.697594501718213,0.706581352833638,0.74,0.7452651515151515,0.7738646895273401,0.7643932683790965,0.7998259355961705,0.8057354301572618,0.8368320610687023,0.8238884045335658,0.8474426807760141,0.8675925925925926,0.8631772268135904,0.873987398739874,0.8714788732394366,0.8805970149253731,0.8756660746003553,0.8980891719745223,0.8577817531305904,0.8790909090909091,0.8728428701180745,0.8519503546099291,0.8493150684931506,0.8505957836846929,0.839142091152815,0.8156474820143885,0.8233183856502242,0.7912488605287147,0.7761862130707251,0.7852474323062558,0.7488708220415538,0.7341417910447762,0.7360219981668195,0.707105719237435,0.6928702010968921,0.6960072595281307,0.6732673267326733,0.6595547309833024,0.6675627240143369,0.6397058823529411,0.6654929577464789,0.6297322253000923,0.6648148148148149,0.6291448516579407,0.6540590405904059,0.6472727272727272,0.6687668766876688,0.6737777777777778,0.6885245901639344,0.7026291931097008,0.7037351443123939,0.7271142109851787,0.7646511627906977,0.7481203007518797,0.779874213836478
0.7250437828371279,0.7715555555555556,0.753315649867374,0.8023049645390071,0.803411131059246,0.8278546712802768,0.8322813345356177,0.8427947598253275,0.8528336380255942,0.8499095840867993,0.8685185185185185,0.8557607739665787,0.8806767586821015,0.8683974932855864,0.8680248007085917,0.873769024171889,0.8386801099908341,0.8561085972850678,0.8382099827882961,0.8174157303370787,0.8294010889292196,0.816247582205029,0.7810026385224275,0.7954345917471466,0.7280858676207513,0.7516218721037998,0.74,0.7049036777583187,0.6702508960573477,0.6423963133640553,0.6888080072793449,0.6681034482758621,0.633245382585752,0.646804835924007,0.6272241992882562,0.6344276841171251,0.6360485268630849,0.6200873362445415,0.6190909090909091,0.6309412861136999,0.6279707495429616,0.6431757359500446,0.6292237442922375,0.6822344322344323,0.6474820143884892,0.6791778373547811,0.7080745341614907,0.696078431372549,0.7323321554770318,0.7175843694493783,0.7349397590361446,0.7497812773403325,0.7883211678832117,0.8095667870036101,0.8115942028985508,0.8322925958965209,0.8414096916299559,0.8453427065026362,0.8660633484162896,0.8541862652869238,0.8626168224299066,0.8701657458563536,0.8776448942042319,0.8703196347031964,0.8787061994609164,0.8562717770034843,0.8592321755027422,0.8628519527702089,0.8290972830850132,0.8263157894736842,0.801945181255526,0.789279112754159,0.789423984891407,0.7573913043478261,0.7193605683836589,0.726078799249531,0.7105263157894737,0.7045045045045045,0.6875567665758402,0.6759339704604691,0.6881324747010119,0.6387096774193548,0.6594594594594595,0.6153846153846154,0.6390423572744015,0.6198568872987478,0.618348623853211,0.605570530098832,0.6302916274694261,0.6173835125448028,0.62882096069869,0.6062992125984252,0.650088809946714,0.6389633601429848,0.6414922656960873,0.6888111888111889,0.6942675159235668,0.7019982623805386,0.7352674524025385,0.731211317418214
0.7176470588235294,0.7361809045226131,0.7584629460201281,0.756140350877193,0.7877984084880637,0.8221601489757915,0.8265124555160143,0.8462946020128088,0.8389610389610389,0.8555347091932458,0.8694444444444445,0.8592788038698329,0.8604651162790697,0.8668478260869565,0.8707124010554089,0.8461538461538461,0.8579439252336448,0.845708775313404,0.8559928443649374,0.8364888123924269,0.825722273998136,0.7918593894542091,0.759493670886076,0.7981735159817351,0.7442075996292864,0.7209737827715356,0.712468193384224,0.6831050228310502,0.6821631878557874,0.6309314586994728,0.6371841155234657,0.6578014184397163,0.6305114638447972,0.622431506849315,0.6034318398474738,0.6023339317773788,0.6014109347442681,0.5889464594127807,0.5763324299909666,0.5857632933104632,0.5947888589398024,0.6145251396648045,0.6578947368421053,0.6666666666666666,0.6605424321959755,0.685490877497828,0.6553620531622365,0.6872166817769719,0.7059360730593607,0.7104377104377104,0.7315741583257507,0.7660714285714286,0.770197486535009,0.7896200185356812,0.8072289156626506,0.8269402319357716,0.8258478460128322,0.8447488584474886,0.834072759538598,0.8565965583173997,0.8629310344827587,0.8466898954703833,0.8459409594095941,0.8864668483197093,0.867579908675799,0.8347417840375587,0.8249551166965888,0.8316920322291853,0.8044077134986226,0.8120989917506874,0.8179190751445087,0.786046511627907,0.7811355311355311,0.7584670231729055,0.7142857142857143,0.7475202885482417,0.7002749770852429,0.6728888888888889,0.6834400731930467,0.6522539098436062,0.6574487065120428,0.6317254174397031,0.6272300469483568,0.5981481481481481,0.6080402010050251,0.6053811659192825,0.6058718861209964,0.5943482224247949,0.5750224618149147,0.6168888888888889,0.6235399820305481,0.6269196025293586,0.6139872842870118,0.6406966086159487,0.6702898550724637,0.6487488415199258,0.6912811387900356,0.701707097933513,0.7073593073593074,0.7244701348747592
0.7138914443422263,0.7348017621145374,0.7841121495327102,0.7585301837270341,0.7790055248618785,0.8054054054054054,0.8203483043079743,0.8388941849380362,0.8457300275482094,0.8245931283905967,0.8719121683440073,0.8539426523297491,0.8614834673815907,0.8435754189944135,0.8514018691588785,0.852017937219731,0.8426443202979516,0.8347978910369068,0.8401785714285714,0.7960108794197642,0.795774647887324,0.794066317626527,0.7710622710622711,0.7539964476021315,0.7142857142857143,0.7159190853122251,0.6586620926243568,0.6714285714285714,0.648861646234676,0.6446654611211573,0.6371191135734072,0.6049149338374291,0.6177504393673111,0.592128801431127,0.6160794941282746,0.5902353966870096,0.6224137931034482,0.5839929639401935,0.5708117443868739,0.5719489981785064,0.5865209471766849,0.5853440571939231,0.6052385406922357,0.6124885215794307,0.6266318537859008,0.6293027360988526,0.6408450704225352,0.6783154121863799,0.7129859387923904,0.6927816901408451,0.7056705670567057,0.738404452690167,0.7396193771626297,0.8028802880288028,0.8132260947274352,0.8023897058823529,0.8183503243744208,0.8269230769230769,0.865530303030303,0.8434296365330848,0.8657534246575342,0.8606485539000877,0.8640275387263339,0.8719121683440073,0.8539224526600541,0.8634651600753296,0.8502772643253235,0.8178001679261125,0.8290972830850132,0.796688132474701,0.7911275415896488,0.7786458333333334,0.742831541218638,0.7288135593220338,0.7038703870387039,0.7160603371783496,0.6776859504132231,0.6633211678832117,0.6517457475380484,0.6252252252252253,0.6228926353149956,0.6339449541284403,0.6178861788617886,0.5878623188405797,0.6183712121212122,0.5472222222222223,0.5812897366030881,0.5765352887259395,0.5880708294501398,0.5889400921658986,0.5837063563115488,0.5756802721088435,0.6044843049327354,0.6317180616740088,0.6081208687440982,0.6157989228007181,0.6602914389799636,0.6672777268560953,0.7077922077922078,0.7040816326530612
0.7047970479704797,0.7274290627687017,0.7206896551724138,0.744206008583691,0.7563884156729132,0.7922201138519924,0.790633608815427,0.8097385031559964,0.8412698412698413,0.8500443655723159,0.8493870402802102,0.8518518518518519,0.8489010989010989,0.8662533215234721,0.8372513562386981,0.8495013599274706,0.8372302158273381,0.8267857142857142,0.8204010462074979,0.8357400722021661,0.7848214285714286,0.7826871055004508,0.7588898525585429,0.7304900181488203,0.7115215479331575,0.6881818181818182,0.6707964601769911,0.6538461538461539,0.6303191489361702,0.6229656419529838,0.6001855287569573,0.6001805054151624,0.6007194244604317,0.585635359116022,0.5607394366197183,0.5564516129032258,0.5561545372866128,0.5527950310559007,0.5603448275862069,0.5638489208633094,0.5669642857142857,0.5694945848375451,0.5650623885918004,0.5685053380782918,0.6091743119266055,0.6089630931458699,0.6390374331550802,0.6813996316758748,0.67612076852699,0.6930783242258652,0.7009590235396687,0.7472727272727273,0.7448151487826871,0.7516158818097877,0.7989228007181328,0.7985074626865671,0.824669603524229,0.8198362147406734,0.8357798165137614,0.8534704370179949,0.836947094535993,0.8428308823529411,0.8536812674743709,0.839173405211141,0.8352835283528353,0.8458188153310104,0.8366425992779783,0.8158590308370044,0.8059033989266547,0.8010704727921498,0.7729296527159395,0.7677935943060499,0.754054054054054,0.7078947368421052,0.7012867647058824,0.6992687385740403,0.6781716417910447,0.6374429223744292,0.6193029490616622,0.6325411334552102,0.6034934497816594,0.5890538033395176,0.5789938217122683,0.5658844765342961,0.5390693590869183,0.5632393084622384,0.5407407407407407,0.5515041020966271,0.5516045099739809,0.5383895131086143,0.5631970260223048,0.5333926981300089,0.581547064305685,0.5835591689250226,0.5992613111726686,0.615881809787627,0.6569148936170213,0.670018281535649,0.6858685868586859,0.6944444444444444
0.6642201834862386,0.6870937790157846,0.6776491540516474,0.7363399826539462,0.7778793418647166,0.7624555160142349,0.7947368421052632,0.8105451295799821,0.8170173833485819,0.8112701252236136,0.8442622950819673,0.8562664329535495,0.8467966573816156,0.8375325803649001,0.8413597733711048,0.8330357142857143,0.8153988868274582,0.8200562324273665,0.7992831541218638,0.7879924953095685,0.7831858407079646,0.7676767676767676,0.7484105358764759,0.6993810786914235,0.6839237057220708,0.686046511627907,0.6532479414455626,0.6480990274093722,0.6354545454545455,0.5966010733452594,0.6047957371225577,0.5584176632934683,0.5715604801477377,0.5666380051590714,0.5078630897317299,0.5351397121083827,0.5274629468177855,0.5082568807339449,0.5141843971631206,0.5250709555345316,0.5405172413793103,0.5519848771266541,0.5728241563055062,0.6058052434456929,0.5946428571428571,0.6121883656509696,0.6005154639175257,0.6286522148916117,0.6269621421975993,0.6722068328716528,0.6860670194003528,0.714936247723133,0.7131147540983607,0.7447817836812144,0.7632541133455211,0.7989080982711556,0.808768656716418,0.7960151802656547,0.8345656192236599,0.8376865671641791,0.8116710875331565,0.8483754512635379,0.8511415525114155,0.8362147406733395,0.8216845878136201,0.8028571428571428,0.8085867620751341,0.8099027409372237,0.8025711662075299,0.780309936189608,0.7451879010082493,0.7532923617208077,0.7388888888888889,0.7102001906577693,0.6903283052351376,0.67786391042205,0.6421343146274149,0.633969118982743,0.5861440291704649,0.5675182481751825,0.5870736086175943,0.5803489439853077,0.532639545884579,0.5267379679144385,0.5191111111111111,0.5150442477876106,0.510221465076661,0.5474254742547425,0.5266485998193315,0.5123287671232877,0.5792850595783685,0.5378521126760564,0.5571687840290381,0.5824790307548928,0.5910683012259195,0.6007226738934056,0.6140819964349377,0.6428571428571429,0.6802480070859167,0.6859142607174104
0.676131322094055,0.7104072398190046,0.6970560303893637,0.7070610687022901,0.7623931623931623,0.7543402777777778,0.782967032967033,0.8066248880931065,0.8093457943925234,0.8376449598572703,0.8351851851851851,0.8388791593695272,0.8458110516934046,0.8408880666049954,0.8339130434782609,0.814143245693563,0.823963133640553,0.8072601555747623,0.7867711053089643,0.76993583868011,0.7544169611307421,0.7508680555555556,0.72262118491921,0.6894409937888198,0.7111517367458866,0.6705357142857142,0.6518105849582173,0.6504761904761904,0.6080489938757655,0.6014109347442681,0.5555555555555556,0.5416293643688451,0.5344673231871083,0.521505376344086,0.5213754646840149,0.49870354364736386,0.5135371179039301,0.503690036900369,0.48666053357865685,0.5288808664259927,0.5079787234042553,0.5177304964539007,0.5486641221374046,0.5713058419243986,0.5734331150608045,0.5614927905004241,0.6045723962743438,0.6262626262626263,0.6528545119705341,0.6371115173674589,0.6731418918918919,0.693858845096242,0.6883230904302019,0.7309027777777778,0.7483989021043,0.7753818508535489,0.7851239669421488,0.8120503597122302,0.8110516934046346,0.8255707762557077,0.845662100456621,0.8078231292517006,0.836036036036036,0.8320209973753281,0.8288718929254302,0.8123861566484517,0.8170844939647168,0.8046948356807512,0.7768361581920904,0.7515923566878981,0.7678075855689177,0.7275204359673024,0.7291857273559011,0.6987410071942446,0.6728558797524314,0.6433823529411765,0.6163522012578616,0.6135940409683427,0.591273374888691,0.5469011725293133,0.5429864253393665,0.5427542754275427,0.5032497678737233,0.518850987432675,0.5315645013723697,0.5262689225289403,0.5101860053144376,0.4986276303751144,0.5,0.5105795768169273,0.5296229802513465,0.5156398104265403,0.5569506726457399,0.5470737913486005,0.6020036429872495,0.5664639443961772,0.5957836846929423,0.6202764976958526,0.6452464788732394,0.657243816254417
0.6245644599303136,0.6754545454545454,0.7014388489208633,0.7162408759124088,0.75,0.7574123989218329,0.7851919561243145,0.7969588550983899,0.8190212373037857,0.8092643051771117,0.8358744394618834,0.8267644362969753,0.816836262719704,0.838160136286201,0.8007518796992481,0.8056057866184448,0.7937671860678277,0.8026315789473685,0.8029197080291971,0.7602230483271375,0.7424511545293073,0.7265268915223336,0.7197392923649907,0.6810035842293907,0.666958041958042,0.677797833935018,0.6064855390008764,0.6018348623853211,0.5841409691629956,0.5507518796992481,0.554337899543379,0.525,0.5156110615521855,0.5031503150315032,0.5207972270363952,0.46358183376178236,0.47480106100795755,0.4918625678119349,0.47058823529411764,0.4749552772808587,0.5076370170709793,0.4919928825622776,0.49911504424778763,0.5245901639344263,0.5527039413382218,0.5694945848375451,0.5978552278820375,0.5804749340369393,0.6218951241950322,0.6547202797202797,0.6728558797524314,0.7185792349726776,0.7044424297370807,0.7128801431127012,0.7380073800738007,0.7744227353463587,0.7949412827461608,0.7898089171974523,0.8024158757549612,0.8084929225645295,0.8121645796064401,0.8012589928057554,0.8307692307692308,0.8144712430426716,0.8152985074626866,0.8325537885874649,0.8121047877145439,0.8045045045045045,0.7724867724867724,0.7799642218246869,0.7229551451187335,0.7105263157894737,0.7202486678507993,0.6771217712177122,0.6642728904847397,0.6403508771929824,0.6263940520446096,0.5958369470945359,0.5843170320404721,0.5625554569653949,0.5373831775700935,0.5160075329566854,0.49906015037593987,0.49130832570905764,0.5049683830171635,0.4748201438848921,0.48359073359073357,0.4925241864555849,0.49594229035166815,0.4964601769911504,0.47697974217311234,0.47610294117647056,0.4986225895316804,0.520109689213894,0.5418583256669733,0.5813356164383562,0.5930232558139535,0.5846016114592659,0.619678334910123,0.6347746090156394
0.642792384406165,0.6484304932735426,0.6802973977695167,0.7283609576427256,0.7311446317657497,0.7606986899563318,0.7915904936014625,0.7710526315789473,0.7998180163785259,0.8,0.8171428571428572,0.7897526501766784,0.8195292066259808,0.8025830258302583,0.8253068932955618,0.8012820512820513,0.807347670250896,0.7831858407079646,0.7780821917808219,0.7606382978723404,0.7247787610619469,0.7355901189387009,0.7159709618874773,0.6719160104986877,0.6701923076923076,0.6212914485165794,0.6205704407951599,0.6059204440333025,0.585431654676259,0.5169039145907474,0.5184162062615101,0.5230769230769231,0.5078947368421053,0.46904969485614645,0.4646808510638298,0.4586815227483751,0.4666064981949459,0.4320652173913043,0.4765409383624655,0.45646437994722955,0.47089487402258906,0.4766355140186916,0.5081374321880651,0.5118942731277533,0.518783542039356,0.5485611510791367,0.5223336371923427,0.5651018600531443,0.6036363636363636,0.5913884007029877,0.6279491833030852,0.6727589208006962,0.7030837004405286,0.7217553688141923,0.7346553352219075,0.7702089009990918,0.783078307830783,0.7911392405063291,0.813215859030837,0.7989228007181328,0.8032928942807626,0.8247232472324724,0.8279857397504456,0.830477908025248,0.8117338003502627,0.8278765201122544,0.782608695652174,0.7912186379928315,0.7627281460134486,0.7589367552703942,0.7360594795539034,0.7132680320569902,0.6850180505415162,0.641885766092475,0.6382978723404256,0.6142728093947606,0.6012544802867383,0.5943482224247949,0.5594280607685433,0.5408348457350273,0.5266005410279531,0.5022542831379622,0.4494902687673772,0.4774436090225564,0.4624226348364279,0.4481818181818182,0.46735395189003437,0.45585585585585586,0.4741532976827095,0.43989547038327526,0.4664804469273743,0.4889705882352941,0.5056570931244561,0.5527502254283138,0.5157699443413729,0.5672624647224835,0.5809352517985612,0.5863342566943675,0.6117216117216118,0.6057091882247992
0.6221441124780316,0.6398230088495576,0.661524500907441,0.6860782529572339,0.7080689029918404,0.7441441441441441,0.7735849056603774,0.7798573975044564,0.7674208144796381,0.7963800904977375,0.8108348134991119,0.8293755496921724,0.7912280701754386,0.7908611599297012,0.8038674033149171,0.8172905525846702,0.8175438596491228,0.7838541666666666,0.7594050743657043,0.7426008968609865,0.7397379912663755,0.7240411599625819,0.6978221415607986,0.689119170984456,0.657608695652174,0.6080956761729531,0.6023444544634806,0.5696316262353999,0.5876565295169947,0.49422222222222223,0.5253924284395198,0.5079225352112676,0.4876595744680851,0.4464446444644464,0.46958855098389984,0.4602739726027397,0.41394527802294795,0.4495985727029438,0.41495327102803736,0.4568006843455945,0.44136078782453,0.4732142857142857,0.49559082892416223,0.5048888888888889,0.5169340463458111,0.5076784101174345,0.532033426183844,0.5743913435527502,0.5860838537020517,0.5948670944087993,0.6520572450805009,0.6637478108581436,0.6995633187772926,0.6875,0.7152899824253075,0.7649186256781193,0.7539404553415061,0.7830446672743847,0.8136986301369863,0.8021201413427562,0.801477377654663,0.8039927404718693,0.8012422360248447,0.8209764918625678,0.8023897058823529,0.7762430939226519,0.7827975673327541,0.7735849056603774,0.7465564738292011,0.7578125,0.7462817147856518,0.6984536082474226,0.7121212121212122,0.6521739130434783,0.6358183376178235,0.62147406733394,0.6007326007326007,0.5824074074074074,0.5194218608852755,0.510677808727948,0.4856614246068455,0.483065953654189,0.4827264239028945,0.473998294970162,0.4371482176360225,0.4497695852534562,0.45103324348607365,0.42831379621280435,0.4296365330848089,0.43466424682395643,0.44514959202175886,0.4572425828970332,0.4888093106535363,0.48967297762478484,0.5246679316888045,0.5178236397748592,0.5667244367417678,0.5745807590467784,0.6085440278988666,0.6149012567324955
0.5981818181818181,0.6360515021459228,0.6713906111603188,0.6703806870937791,0.7007722007722008,0.7273550724637681,0.7429328621908127,0.7621225983531564,0.7799263351749539,0.7722772277227723,0.7915543575920935,0.7901234567901234,0.785451197053407,0.8048128342245989,0.8234265734265734,0.7752707581227437,0.7976618705035972,0.7703568161024703,0.7715827338129496,0.7263249348392702,0.7347670250896058,0.68059181897302,0.7144221585482331,0.6699201419698314,0.6092475067996374,0.6066606660666066,0.573502722323049,0.5707964601769911,0.5330275229357798,0.5138888888888888,0.496415770609319,0.47058823529411764,0.4583723105706268,0.43606255749770007,0.42731277533039647,0.44393382352941174,0.42142857142857143,0.4147940074906367,0.4299645390070922,0.40636363636363637,0.4227188081936685,0.4622892635314996,0.4440333024976873,0.4922089825847846,0.4868913857677903,0.518942731277533,0.5428571428571428,0.552,0.5570902394106814,0.5788999098286745,0.6307829181494662,0.6414233576642335,0.6955357142857143,0.6806049822064056,0.7088156723063224,0.7218831734960767,0.7548209366391184,0.793418647166362,0.7941437444543035,0.7768518518518519,0.8017777777777778,0.827433628318584,0.7984224364592463,0.8163452708907254,0.7992599444958371,0.8111627906976744,0.7666948436179205,0.7574123989218329,0.7554019014693172,0.7118959107806692,0.7250673854447439,0.6767955801104972,0.6762075134168157,0.6305903398926654,0.6251145737855178,0.5924882629107981,0.5569735642661805,0.5402621722846442,0.5224977043158862,0.5187557182067704,0.45541125541125543,0.4534220532319392,0.44995408631772266,0.44588344125809437,0.43683274021352314,0.4094631483166515,0.4382940108892922,0.4314079422382672,0.4168110918544194,0.4292114695340502,0.43622920517560076,0.45506149479659413,0.45471349353049906,0.4760112888052681,0.47363636363636363,0.5484460694698354,0.5522260273972602,0.5838680109990834,0.5746691871455577,0.6142991533396049
0.6161347517730497,0.6255468066491688,0.6448839208942391,0.6589545844044559,0.6814079422382672,0.7125541125541126,0.7152073732718894,0.7652173913043478,0.7603686635944701,0.7734165923282783,0.7998259355961705,0.7643312101910829,0.810880829015544,0.7946593001841621,0.8146167557932263,0.7869003690036901,0.7808349146110057,0.7692307692307693,0.7365591397849462,0.7255936675461742,0.6873265494912119,0.6791111111111111,0.6798561151079137,0.6402116402116402,0.6420863309352518,0.5686448184233835,0.5807365439093485,0.5694682675814752,0.4903339191564148,0.4933214603739982,0.47619047619047616,0.44658493870402804,0.44047619047619047,0.40312771503040834,0.40855323020928114,0.3740122914837577,0.41294838145231844,0.3898916967509025,0.41304347826086957,0.4026905829596413,0.43365983971504896,0.4151111111111111,0.4560204953031597,0.46227233304423243,0.48411214953271026,0.4777680906713165,0.5129118432769367,0.5389326334208224,0.5709156193895871,0.6086956521739131,0.5946935041171089,0.6260162601626016,0.6702222222222223,0.6889279437609842,0.6936056838365897,0.739946380697051,0.754325259515571,0.7490942028985508,0.7928832116788321,0.7904849039341263,0.8204193254329991,0.800702370500439,0.7806122448979592,0.7902033271719039,0.8131089459698848,0.7743055555555556,0.7824858757062146,0.7481818181818182,0.7376902417188899,0.720216606498195,0.6984834968777877,0.6922398589065256,0.6329453894359892,0.628032345013477,0.6054298642533936,0.5759781619654231,0.5301645338208409,0.5376532399299475,0.5122171945701357,0.4995507637017071,0.4548872180451128,0.44815148782687103,0.45175834084761046,0.4428697962798937,0.40418118466898956,0.42779291553133514,0.4191449814126394,0.38779342723004695,0.3961397058823529,0.40090497737556563,0.42282507015902715,0.43744374437443745,0.45711678832116787,0.4635036496350365,0.4878487848784879,0.49396471680594245,0.5100436681222708,0.5611061552185549,0.5859929078014184,0.6036363636363636
0.5927523727351165,0.6,0.6223908918406073,0.647329650092081,0.6788256227758007,0.7105719237435009,0.7170506912442396,0.7474370922646785,0.7629046369203849,0.7852112676056338,0.7842778793418648,0.785958904109589,0.7567332754126846,0.8023572076155938,0.7839506172839507,0.796875,0.7775847089487402,0.7631103074141049,0.7447199265381084,0.7008014247551202,0.7069565217391305,0.6776785714285715,0.6804308797127468,0.6302816901408451,0.5888985255854293,0.5774278215223098,0.5874125874125874,0.5403445149592022,0.5027173913043478,0.4882301656495205,0.44894204231830726,0.46367713004484307,0.42857142857142855,0.44073748902546095,0.38021778584392013,0.3806870937790158,0.40557006092254133,0.3604108309990663,0.388986013986014,0.3930530164533821,0.3992673992673993,0.4111627906976744,0.4401064773735581,0.4178321678321678,0.4553415061295972,0.4823123382226057,0.4959349593495935,0.5085508550855086,0.5139664804469274,0.5601436265709157,0.597911227154047,0.6368563685636857,0.6703397612488522,0.6697848456501403,0.686046511627907,0.7428323197219809,0.7172093023255814,0.7628774422735346,0.7755458515283843,0.779868297271872,0.7874779541446209,0.7834507042253521,0.810958904109589,0.7710407239819005,0.7590697674418605,0.7818021201413428,0.7690265486725664,0.7305336832895888,0.7392889699179581,0.7208258527827648,0.7282229965156795,0.6599450045829515,0.6529360210341806,0.6309090909090909,0.6062717770034843,0.5612788632326821,0.55637707948244,0.5031277926720286,0.5134408602150538,0.4649042844120328,0.466728280961183,0.42044444444444445,0.43351063829787234,0.39194139194139194,0.3921747042766151,0.3806921675774135,0.3710972346119536,0.3834862385321101,0.36436170212765956,0.36291739894551844,0.4448495897903373,0.4114035087719298,0.42687385740402195,0.43294329432943296,0.4709193245778612,0.5126286248830683,0.5238095238095238,0.5513513513513514,0.5790408525754884,0.595968448729185
0.577717879604672,0.598404255319149,0.6453068592057761,0.6551410373066424,0.6855345911949685,0.6846289752650176,0.7139013452914799,0.7655109489051095,0.7637362637362637,0.7602085143353605,0.7751865671641791,0.774622892635315,0.8037803780378038,0.8061135371179039,0.7966401414677277,0.7647584973166368,0.7460901563937442,0.7426597582037997,0.7506750675067507,0.7173717371737174,0.6879310344827586,0.6818181818181818,0.6597845601436265,0.6208445642407907,0.5914069081718618,0.5732647814910026,0.53440150801131,0.5116063138347261,0.5290437890974083,0.4659400544959128,0.4446494464944649,0.4319852941176471,0.42435424354243545,0.38290293855743546,0.38018867924528305,0.3757904245709124,0.3732758620689655,0.3663453111305872,0.39412811387900354,0.3482224247948952,0.36493738819320215,0.4094558429973238,0.40509666080843587,0.4110207768744354,0.4400377714825307,0.48010849909584086,0.48375768217734855,0.507168458781362,0.5040071237756011,0.5584532374100719,0.6262626262626263,0.6370235934664247,0.6405570060922542,0.6712922810060711,0.7089285714285715,0.7455985915492958,0.7247542448614834,0.7470210815765352,0.7772963604852686,0.8138297872340425,0.8001824817518248,0.8029878618113913,0.795863309352518,0.7629899726526892,0.799469964664311,0.7701575532900834,0.7419354838709677,0.7477477477477478,0.7411652340019103,0.7285464098073555,0.702262443438914,0.6537396121883656,0.6365296803652968,0.5876951331496786,0.5831792975970426,0.5234782608695652,0.5031055900621118,0.5164737310774711,0.46802841918294846,0.4497737556561086,0.42525533890436396,0.4290627687016337,0.4026905829596413,0.36741767764298094,0.3698630136986301,0.34865568083261056,0.38040600176522504,0.3821656050955414,0.37347130761994357,0.3920863309352518,0.36045411542100286,0.42293577981651376,0.4018264840182648,0.4277056277056277,0.4457943925233645,0.4525089605734767,0.4897959183673469,0.5304428044280443,0.543557168784029,0.5941530524505589
0.5757026291931097,0.6155285313376988,0.6216696269982238,0.6451914098972923,0.6676003734827264,0.7006427915518825,0.716528162511542,0.7369838420107719,0.7431539187913125,0.7797998180163785,0.7799467613132209,0.7699443413729128,0.7747663551401869,0.7890772128060264,0.766016713091922,0.7929203539823009,0.7824194952132288,0.7205357142857143,0.7259786476868327,0.7040280210157618,0.6743978590544157,0.6431838975297347,0.630755864465682,0.6294277929155313,0.5954265611257695,0.5623293903548681,0.5378378378378378,0.4982174688057041,0.5,0.42502218278615794,0.434981684981685,0.40017746228926354,0.3967391304347826,0.36931311329170385,0.3644366197183099,0.3600729261622607,0.34252669039145905,0.3629764065335753,0.3520992366412214,0.35720680393912263,0.34827264239028943,0.3702051739518287,0.3808267370272647,0.3954104148278906,0.39638009049773754,0.4318813716404078,0.4658040665434381,0.4991119005328597,0.5166083916083916,0.516532618409294,0.5598559855985599,0.6046728971962617,0.6095551894563427,0.6617511520737327,0.6817343173431735,0.6894409937888198,0.7292817679558011,0.7477638640429338,0.7603806228373703,0.7766726943942134,0.7908025247971145,0.7840210711150132,0.8,0.7713043478260869,0.7752414398595259,0.7726847521047708,0.7444852941176471,0.7220708446866485,0.6936208445642408,0.6956904133685137,0.655884995507637,0.6530973451327433,0.6359570661896243,0.5976168652612283,0.5892700087950747,0.5429824561403509,0.49828178694158076,0.48576512455516013,0.4794400699912511,0.4270172257479601,0.4152854511970534,0.37300843486410495,0.3773062730627306,0.3820921985815603,0.35154826958105645,0.35838680109990834,0.35266604303086996,0.3470115967885816,0.3570784490532011,0.3438914027149321,0.3466312056737589,0.390715667311412,0.3797235023041475,0.388268156424581,0.45504587155963305,0.4420955882352941,0.5018552875695733,0.4976958525345622,0.5644567219152854,0.5806451612903226
0.5906642728904847,0.577490774907749,0.6089334548769371,0.6472172351885098,0.6672504378283712,0.6772532188841202,0.7038703870387039,0.7149046793760832,0.7267857142857143,0.7509259259259259,0.7517985611510791,0.7737642585551331,0.7975352112676056,0.7904509283819628,0.7655109489051095,0.7650602409638554,0.7406749555950266,0.7536355859709153,0.724290780141844,0.696969696969697,0.6663693131132917,0.6613047363717605,0.6367041198501873,0.6181980374665478,0.5822906641000962,0.5190434012400355,0.4936936936936937,0.4880212954747116,0.4493273542600897,0.45994599459945995,0.4084761045987376,0.39824561403508774,0.39183318853171156,0.3432574430823117,0.33634719710669075,0.3494085532302093,0.33570159857904086,0.3660550458715596,0.3141405588484335,0.3356953055801594,0.34986474301172227,0.35137457044673537,0.38170055452865065,0.3787878787878788,0.386468952734013,0.4474153297682709,0.4310189359783589,0.45665773011617516,0.5251865671641791,0.5571054925893636,0.5722996515679443,0.5922509225092251,0.6230502599653379,0.6330027051397655,0.6637848222862632,0.7046070460704607,0.7327898550724637,0.7150489759572574,0.7379491673970202,0.756007393715342,0.7792792792792793,0.7758462946020128,0.7649219467401286,0.773552290406223,0.7724913494809689,0.7647058823529411,0.7531194295900179,0.7528409090909091,0.7261698440207972,0.7119089316987741,0.6797088262056415,0.6506666666666666,0.6003717472118959,0.5868421052631579,0.5688568856885688,0.5626666666666666,0.49054905490549056,0.4945750452079566,0.46678321678321677,0.42578849721706863,0.4074074074074074,0.3642322097378277,0.368705035971223,0.333034914950761,0.3481818181818182,0.34847161572052404,0.3386046511627907,0.33550792171481825,0.3539426523297491,0.34394904458598724,0.34148635936030103,0.3769911504424779,0.36846689895470386,0.4180035650623886,0.4333910034602076,0.460093896713615,0.47363552266419984,0.5085910652920962,0.5283347863993025,0.546304163126593
0.5164152617568767,0.592788038698329,0.6075949367088608,0.644589552238806,0.6435272045028143,0.6812993854258121,0.7004524886877828,0.6963667820069204,0.7467043314500942,0.7406749555950266,0.7662565905096661,0.76875,0.7598173515981735,0.7620297462817148,0.7623762376237624,0.7813036020583191,0.7306666666666667,0.7417840375586855,0.7410008779631255,0.704162976085031,0.6526225279449699,0.6257777777777778,0.6035447761194029,0.587917042380523,0.5664893617021277,0.5170132325141777,0.4981651376146789,0.4574934268185802,0.4363295880149813,0.41032608695652173,0.42314814814814816,0.3894736842105263,0.387717690192484,0.3634669151910531,0.3324396782841823,0.31583793738489874,0.29581151832460734,0.30327868852459017,0.3278236914600551,0.3465346534653465,0.31128747795414463,0.3259668508287293,0.37554585152838427,0.3788927335640138,0.38095238095238093,0.41020966271649956,0.4489795918367347,0.4696545284780579,0.49915254237288137,0.537521815008726,0.5706760316066726,0.5976597659765976,0.6344765342960289,0.6348364279398763,0.6627906976744186,0.6829268292682927,0.7362534948741846,0.7246891651865008,0.7579737335834896,0.7582322357019065,0.7746724890829695,0.7617360496014172,0.7739463601532567,0.7591170825335892,0.7473021582733813,0.7300448430493274,0.757548032936871,0.6865261228230981,0.7168949771689498,0.6876712328767123,0.657298277425204,0.6192139737991267,0.6140819964349377,0.5818505338078291,0.5688568856885688,0.5032198712051518,0.49356617647058826,0.4783362218370884,0.4284369114877589,0.4123102866779089,0.36895910780669144,0.35588752196836554,0.35063752276867033,0.3388581952117864,0.3018348623853211,0.3098464317976513,0.3123827392120075,0.3177317731773177,0.3038086802480071,0.32459312839059673,0.3521248915871639,0.34327009936766034,0.3734513274336283,0.37556973564266183,0.41674087266251114,0.4255129348795718,0.4441391941391941,0.48845166809238666,0.5619307832422586,0.5544090056285178
0.5227475468331847,0.5538894095595126,0.6098239110287303,0.6361209964412812,0.6553308823529411,0.6751652502360718,0.7019230769230769,0.7122302158273381,0.7142857142857143,0.7356426618049225,0.7722859664607238,0.7884615384615384,0.7731239092495636,0.7850877192982456,0.7862318840579711,0.7571552471812663,0.7506849315068493,0.7226345083487941,0.7149446494464945,0.6981943250214961,0.685981308411215,0.6413145539906103,0.6497737556561086,0.5852119026149685,0.5455357142857142,0.5316698656429942,0.5080071174377224,0.4442446043165468,0.448943661971831,0.42680776014109345,0.40733772342427094,0.4101633393829401,0.3509874326750449,0.31814119749776587,0.3092511013215859,0.29547553093259465,0.28904227782571185,0.2926613616268789,0.32037914691943126,0.3144599303135889,0.3365810451727192,0.31625441696113077,0.36202307009760426,0.35585585585585583,0.36866791744840527,0.3896218117854002,0.4511986301369863,0.4540441176470588,0.5211397058823529,0.5265151515151515,0.5393772893772893,0.5802919708029197,0.58266309204647,0.6537489469250211,0.6492471213463242,0.6788511749347258,0.7073403241182078,0.6885844748858447,0.7502295684113865,0.7780772686433064,0.7776809067131648,0.7741347905282332,0.7447963800904978,0.7444852941176471,0.7777777777777778,0.7509293680297398,0.7474931631722881,0.7270294380017841,0.6948356807511737,0.6621743036837376,0.6574330563250231,0.6451612903225806,0.6106870229007634,0.5666058394160584,0.5643382352941176,0.5215759849906192,0.46863468634686345,0.45009242144177447,0.4530141843971631,0.4181152790484904,0.3612791702679343,0.3551236749116608,0.3427272727272727,0.3471001757469244,0.30643699002719854,0.3142345568487019,0.29650613786591123,0.2736842105263158,0.30274361400189215,0.3132969034608379,0.3321100917431193,0.3487133984028394,0.3448275862068966,0.3872932985204526,0.37613019891500904,0.42514395393474086,0.46153846153846156,0.4648401826484018,0.49772520473157417,0.5533632286995516
0.5325131810193322,0.5413732394366197,0.5531135531135531,0.592057761732852,0.6335078534031413,0.637618636755824,0.6964285714285714,0.7033824804856895,0.7245349867139061,0.7233096085409253,0.762157382847038,0.7622504537205081,0.7713523131672598,0.7563868613138686,0.7408056042031523,0.7682819383259912,0.7557182067703568,0.7127753303964758,0.7168458781362007,0.6924460431654677,0.6660792951541851,0.6107142857142858,0.624561403508772,0.5672727272727273,0.54070796460177,0.5325497287522604,0.47141518275538896,0.47592067988668557,0.4399243140964995,0.3853974121996303,0.4066666666666667,0.36053811659192825,0.32087511394712853,0.3445887445887446,0.2957345971563981,0.3122130394857668,0.28824049513704686,0.28988149498632637,0.2938053097345133,0.30590339892665475,0.3144144144144144,0.3105022831050228,0.33424657534246577,0.34525939177101966,0.36931311329170385,0.38248436103663985,0.4447278911564626,0.46749777382012464,0.4903169014084507,0.48282097649186256,0.5306122448979592,0.5661512027491409,0.5821167883211679,0.641925777331996,0.6573741007194245,0.7116237799467613,0.7081749049429658,0.727921498661909,0.7497773820124666,0.7842003853564548,0.793040293040293,0.7795555555555556,0.7555555555555555,0.7570671378091873,0.7484554280670785,0.7537777777777778,0.7268683274021353,0.75,0.699630314232902,0.6764705882352942,0.6469026548672566,0.6018181818181818,0.5746606334841629,0.5529197080291971,0.5350140056022409,0.5067911714770797,0.478494623655914,0.44104410441044106,0.4,0.39104220499569337,0.35658238884045335,0.33484573502722326,0.3416815742397138,0.30818767249310025,0.3115942028985507,0.3244444444444444,0.3146591970121382,0.2958801498127341,0.2818733738074588,0.30343511450381677,0.29292929292929293,0.32944344703770195,0.3403863845446182,0.35522904062229904,0.4008849557522124,0.3944153577661431,0.4619666048237477,0.46823956442831216,0.4834377797672337,0.5253333333333333
0.5330396475770925,0.5548780487804879,0.5673952641165756,0.616589861751152,0.6600361663652803,0.6720430107526881,0.6809651474530831,0.6725043782837128,0.7189189189189189,0.7358997314234557,0.7506726457399103,0.7431941923774955,0.7634124890061565,0.7620783956244302,0.7390158172231986,0.7533753375337534,0.7423971377459749,0.7120280948200176,0.702846975088968,0.6684684684684684,0.6382978723404256,0.6060329067641682,0.6331255565449688,0.5727109515260324,0.55,0.5137931034482759,0.4795158286778399,0.4851674641148325,0.44612644701691895,0.3893333333333333,0.36910994764397903,0.35267857142857145,0.3270440251572327,0.2948717948717949,0.29282296650717704,0.30845323741007197,0.2902621722846442,0.2854594112399643,0.29734848484848486,0.31244239631336407,0.29225023342670403,0.32849364791288566,0.2963940193491645,0.3702325581395349,0.3907103825136612,0.37511190689346463,0.44081272084805656,0.42882882882882883,0.4745614035087719,0.49225159525979945,0.5327793167128347,0.5455357142857142,0.6082659478885895,0.6310502283105023,0.6398631308810949,0.6798964624676446,0.7074652777777778,0.7126436781609196,0.7236842105263158,0.7536231884057971,0.7595057034220533,0.7764598540145985,0.7653061224489796,0.7793468667255075,0.7555350553505535,0.7284172661870504,0.7370272647317502,0.6841121495327103,0.6932409012131716,0.6712834718374885,0.6286231884057971,0.6116870876531574,0.5652985074626866,0.5673431734317343,0.5355805243445693,0.493859649122807,0.4540682414698163,0.42648401826484017,0.4224977856510186,0.394429469901168,0.36470588235294116,0.35553555355535554,0.32608695652173914,0.2967332123411978,0.3174451858913251,0.2704995287464656,0.2820292347377472,0.2995633187772926,0.2952029520295203,0.27939876215738285,0.3138347260909935,0.31805929919137466,0.3108108108108108,0.3691215616681455,0.3653516295025729,0.41041482789055606,0.4509624197983501,0.4841053587647593,0.49555160142348753,0.521505376344086
0.5197792088316467,0.5752293577981651,0.5727029438001784,0.6307129798903108,0.6304155614500442,0.6557377049180327,0.6858974358974359,0.6954954954954955,0.6952296819787986,0.7365988909426987,0.756513926325247,0.7482078853046595,0.7652790079716564,0.77088948787062,0.7634011090573013,0.7480916030534351,0.7324955116696589,0.6991869918699187,0.6978609625668449,0.6509186351706037,0.6675191815856778,0.6193548387096774,0.5773286467486819,0.5608048993875766,0.5232558139534884,0.4928092042186002,0.5064575645756457,0.43717277486910994,0.4056261343012704,0.3880070546737213,0.3629103815439219,0.35714285714285715,0.3421292083712466,0.29506641366223907,0.2881976212259835,0.2610659439927733,0.28780934922089824,0.25815217391304346,0.29125338142470697,0.32608695652173914,0.2871376811594203,0.3339366515837104,0.3198900091659028,0.35759209344115006,0.35504014272970563,0.38419618528610355,0.39547511312217193,0.4451733833177132,0.47641073080481033,0.4893805309734513,0.5164938737040528,0.5524296675191815,0.6015424164524421,0.6268382352941176,0.6301747930082797,0.6370826010544816,0.6832350463352991,0.7129963898916968,0.7194371152154794,0.7479300827966882,0.7497773820124666,0.7486725663716814,0.7607944732297064,0.7506678539626002,0.7399821905609973,0.7296260786193672,0.7063129002744739,0.7168367346938775,0.691190706679574,0.6576819407008087,0.6710182767624021,0.6296296296296297,0.5839483394833949,0.5534709193245778,0.5277777777777778,0.5063176895306859,0.4212920837124659,0.4157509157509158,0.4187866927592955,0.375,0.35328753680078506,0.32643884892086333,0.31746031746031744,0.2922077922077922,0.32604895104895104,0.2718978102189781,0.28596646072374227,0.2699822380106572,0.27409372236958446,0.288,0.28634751773049644,0.2918572735590119,0.324114088159032,0.35314384151593453,0.3527204502814259,0.39075249320036265,0.4196113074204947,0.4598737601442741,0.4757630161579892,0.5292553191489362
0.5175834084761046,0.5188679245283019,0.5497335701598579,0.582427536231884,0.6364460562103355,0.6345132743362832,0.6696997270245678,0.6957746478873239,0.7267025089605734,0.7344290657439446,0.7573858549686661,0.7471958584987057,0.7603978300180831,0.7575205104831358,0.7361740707162284,0.7619047619047619,0.7402826855123675,0.7070063694267515,0.699443413729128,0.6991150442477876,0.6505914467697907,0.609375,0.6022408963585434,0.5848056537102474,0.5447004608294931,0.5044722719141324,0.4586815227483751,0.4213953488372093,0.43273753527751646,0.3927927927927928,0.3446126447016919,0.31285444234404536,0.30636363636363634,0.2937956204379562,0.29110512129380056,0.26423109600679695,0.284452296819788,0.2694663167104112,0.25786713286713286,0.26944444444444443,0.2738549618320611,0.2835004557885141,0.3040358744394619,0.35106382978723405,0.36585365853658536,0.36396724294813465,0.40816326530612246,0.4337568058076225,0.4552364864864865,0.4824399260628466,0.5297777777777778,0.542572463768116,0.6011183597390494,0.6180371352785146,0.6363636363636364,0.6579657965796579,0.6984273820536541,0.6876155268022182,0.7484105358764759,0.755083179297597,0.7641996557659209,0.7695067264573991,0.7413793103448276,0.7560296846011132,0.7342465753424657,0.7450424929178471,0.6819360414866033,0.6849073256840247,0.6822594880847308,0.6548358473824313,0.6291038154392191,0.6174142480211082,0.5926605504587156,0.5880708294501398,0.5111940298507462,0.495897903372835,0.4440400363967243,0.4455626715462031,0.4100087796312555,0.37362637362637363,0.3370473537604457,0.33962264150943394,0.3144144144144144,0.2808988764044944,0.27782805429864255,0.2691315563198624,0.26916058394160586,0.2595281306715064,0.24324324324324326,0.2823529411764706,0.2940630797773655,0.2831541218637993,0.3433628318584071,0.3252336448598131,0.3691215616681455,0.4053811659192825,0.4401785714285714,0.4675090252707581,0.4968722073279714,0.4982425307557118
0.4897435897435897,0.5432558139534883,0.5604693140794224,0.625349487418453,0.6361974405850092,0.6596491228070176,0.671559633027523,0.697282099343955,0.738243123336291,0.7014388489208633,0.7447168216398986,0.7416225749559083,0.7449908925318761,0.715939447907391,0.7388127853881279,0.7335140018066847,0.726145038167939,0.6976950354609929,0.6854684512428298,0.6902573529411765,0.6253418413855971,0.6224489795918368,0.6020036429872495,0.5769230769230769,0.5209424083769634,0.47965367965367967,0.47058823529411764,0.4477211796246649,0.3880208333333333,0.3818011257035647,0.3852385238523852,0.33567046450482035,0.3007312614259598,0.2993744414655943,0.2820053715308863,0.2687813021702838,0.26905417814508725,0.274235807860262,0.28227960819234194,0.25533807829181493,0.29354553492484525,0.28952205882352944,0.2940655447298494,0.3181818181818182,0.3413333333333333,0.3484708063021316,0.4110429447852761,0.44190301921317476,0.4677846425419241,0.46823956442831216,0.5106761565836299,0.56013456686291,0.5771992818671454,0.6075022872827082,0.6305290546400694,0.656688493919551,0.6835334476843911,0.7151260504201681,0.703601108033241,0.716105550500455,0.7422145328719724,0.7568281938325991,0.7329842931937173,0.7864864864864864,0.7226277372262774,0.753514526710403,0.7361702127659574,0.6681534344335415,0.6699029126213593,0.6350844277673546,0.6380628717077316,0.612225405921681,0.5597775718257646,0.5472727272727272,0.4906716417910448,0.516245487364621,0.4519140989729225,0.4265103697024346,0.4032258064516129,0.35888187556357076,0.33088235294117646,0.3043867502238138,0.296875,0.2605893186003683,0.26003649635036497,0.25519031141868515,0.2748898678414097,0.2629382303839733,0.2697807435653003,0.2765151515151515,0.2693693693693694,0.3193577163247101,0.3025283347863993,0.34801762114537443,0.3742110009017133,0.40227703984819735,0.41338221814848763,0.46058458813108943,0.45098039215686275,0.494949494949495
0.49453551912568305,0.5644748078565329,0.5705128205128205,0.5851254480286738,0.6298342541436464,0.6492335437330928,0.645662100456621,0.6999109528049866,0.7280453257790368,0.7473498233215548,0.7323688969258589,0.7540394973070018,0.7368421052631579,0.7463636363636363,0.7419651056014692,0.7130681818181818,0.7190517998244074,0.7011701170117012,0.6825396825396826,0.6752058554437328,0.6374674761491761,0.6353488372093024,0.6014967259120674,0.5611510791366906,0.5397526501766784,0.5009057971014492,0.4952919020715631,0.40482822655524603,0.42176258992805754,0.3789198606271777,0.3605980650835532,0.3191881918819188,0.30579964850615116,0.28755760368663597,0.2886100386100386,0.2488393686165274,0.2448244824482448,0.24914965986394558,0.2590529247910863,0.24511545293072823,0.27393617021276595,0.33421750663129973,0.2807323452484743,0.29391304347826086,0.3560257589696412,0.3659839715048976,0.4170661553211889,0.4372093023255814,0.4725848563968668,0.5066548358473825,0.5399274047186933,0.5173674588665448,0.5642857142857143,0.6130434782608696,0.6199261992619927,0.6526785714285714,0.6978798586572438,0.7137614678899082,0.7162393162393162,0.7531305903398927,0.7365591397849462,0.7473309608540926,0.7583710407239819,0.7473684210526316,0.7491007194244604,0.7219298245614035,0.7140221402214022,0.7006145741878841,0.6693620844564241,0.6365296803652968,0.6342804766269478,0.6100957354221062,0.5716814159292035,0.5415944540727903,0.5219298245614035,0.47298494242692646,0.43880326382592927,0.41952983725135623,0.3859332732191163,0.34017857142857144,0.326334208223972,0.2908296943231441,0.2936870997255261,0.2700534759358289,0.2753888380603843,0.24478694469628287,0.24779541446208111,0.2456461961503208,0.27669039145907476,0.2575068243858053,0.2883799830364716,0.2873362445414847,0.29417206290471787,0.31962616822429907,0.35787511649580617,0.3851528384279476,0.38782608695652177,0.4330637915543576,0.45924627519719546,0.5101522842639594
0.4796747967479675,0.5523724261414503,0.5702479338842975,0.5756780402449694,0.6391184573002755,0.6577243293246994,0.6687668766876688,0.6942508710801394,0.7097361237488626,0.7285714285714285,0.7312217194570135,0.7312894499549143,0.770293609671848,0.7418772563176895,0.7497741644083108,0.7218370883882149,0.7328707718993929,0.7085972850678733,0.6727272727272727,0.6618181818181819,0.657439446366782,0.6196261682242991,0.577391304347826,0.5613718411552346,0.5319894829097284,0.4751580849141825,0.4412032816773017,0.4171833480956599,0.41092211280214863,0.3870967741935484,0.36885245901639346,0.337037037037037,0.3026070763500931,0.2743521000893655,0.2731239092495637,0.25621251071122536,0.24025974025974026,0.259927797833935,0.23996350364963503,0.25488454706927177,0.272975432211101,0.2835820895522388,0.3111495246326707,0.3197781885397412,0.3257713248638838,0.37750653879686136,0.40297202797202797,0.43967828418230565,0.48922800718132853,0.4967074317968015,0.50355871886121,0.5536044362292052,0.592328278322926,0.6214028776978417,0.6273127753303964,0.636604774535809,0.6917497733454215,0.6879562043795621,0.7313019390581718,0.7175502742230347,0.7463330457290768,0.7551569506726458,0.7485604606525912,0.715587967183227,0.7407063197026023,0.7268722466960352,0.7302573203194321,0.7184801381692574,0.669452181987001,0.6547725245316681,0.6409130816505707,0.579088471849866,0.5476618705035972,0.5431425976385105,0.5197368421052632,0.4787037037037037,0.44525547445255476,0.43185689948892675,0.3890362511052166,0.3716094032549729,0.32581227436823107,0.2964641885766092,0.2847161572052402,0.2733812949640288,0.2866127583108715,0.24720149253731344,0.2672811059907834,0.23251589464123523,0.2509057971014493,0.2692664809656453,0.2704691812327507,0.2880539499036609,0.3075523202911738,0.31968641114982577,0.3531951640759931,0.3781138790035587,0.3969335604770017,0.45004849660523766,0.46741963509991313,0.5044091710758377
0.5134899912967799,0.5253623188405797,0.5672461116193962,0.5980985306828004,0.6056338028169014,0.6372549019607843,0.6566005176876618,0.703771849126035,0.696969696969697,0.7174490699734278,0.7332738626226584,0.7700186219739292,0.7664835164835165,0.7401433691756273,0.7349290780141844,0.7264808362369338,0.7238095238095238,0.7263726372637264,0.7,0.6725197541703248,0.6208144796380091,0.6225577264653641,0.5781948168007149,0.5618878005342832,0.5125223613595706,0.4658703071672355,0.44311926605504587,0.4201754385964912,0.40734265734265734,0.3582222222222222,0.35492700729927007,0.3284671532846715,0.29692832764505117,0.27942497753818507,0.25734639358860195,0.2637931034482759,0.2517985611510791,0.2509025270758123,0.2377560106856634,0.28127772848269744,0.2717488789237668,0.29244444444444445,0.2967515364354697,0.32070240295748614,0.36428571428571427,0.3684210526315789,0.40034965034965037,0.4012738853503185,0.46174863387978143,0.47126436781609193,0.5443478260869565,0.5572450805008945,0.5732368896925859,0.5786666666666667,0.6322992700729927,0.6397800183318056,0.6838824577025824,0.7064910630291628,0.7027972027972028,0.742520398912058,0.7497741644083108,0.726159230096238,0.7523020257826888,0.7623485554520038,0.7420212765957447,0.7452574525745257,0.709731543624161,0.6916058394160584,0.6783088235294118,0.6456140350877193,0.6296296296296297,0.575812274368231,0.5420560747663551,0.5413732394366197,0.5113739763421292,0.4716117216117216,0.44319167389418906,0.3976342129208371,0.3787195671776375,0.3442622950819672,0.3183897529734675,0.341987466427932,0.31227106227106227,0.27802690582959644,0.2557522123893805,0.2513274336283186,0.2558139534883721,0.24822064056939502,0.259391771019678,0.2604444444444444,0.268003646308113,0.2706422018348624,0.2855796418473139,0.36028751123090746,0.36618444846292947,0.37478108581436076,0.42568807339449544,0.4376130198915009,0.49564459930313587,0.48853615520282184
0.5009107468123861,0.5159857904085258,0.563570784490532,0.5976058931860037,0.624777183600713,0.6460418562329391,0.6657276995305165,0.7106460418562329,0.7325581395348837,0.7292225201072386,0.7438243366880146,0.7527272727272727,0.7588717015468608,0.7323279924599434,0.7419659735349716,0.7460018814675446,0.7184724689165186,0.6964912280701754,0.7075134168157424,0.6581045172719221,0.6487252124645893,0.6322350845948352,0.5869565217391305,0.5268614514608859,0.5174953959484346,0.4981481481481482,0.48148148148148145,0.4289568345323741,0.3944043321299639,0.377959927140255,0.3466915191053122,0.3300711743772242,0.2850953206239168,0.2848432055749129,0.2667910447761194,0.26858736059479554,0.26032315978456017,0.23970722781335774,0.25301204819277107,0.2761545711592837,0.26334519572953735,0.2742382271468144,0.292772186642269,0.3045078196872125,0.3551912568306011,0.36380255941499084,0.38835794960903564,0.4297674418604651,0.434061135371179,0.48623853211009177,0.533868092691622,0.5518453427065027,0.5802816901408451,0.5949913644214162,0.6188380281690141,0.622478386167147,0.6955736224028907,0.7136322049405307,0.7135325131810193,0.7401500938086304,0.7416812609457093,0.7399103139013453,0.7463503649635036,0.7646511627906977,0.7313432835820896,0.7460757156048015,0.731729055258467,0.6783216783216783,0.6817343173431735,0.6651982378854625,0.6344463971880492,0.6003633060853769,0.5750232991612302,0.5344506517690876,0.5018587360594795,0.4727272727272727,0.4672413793103448,0.4188576609247507,0.37184115523465705,0.35789473684210527,0.31830726770929163,0.3141263940520446,0.282708142726441,0.2899050905953408,0.23406113537117904,0.24025385312783318,0.24324324324324326,0.23465703971119134,0.25,0.259927797833935,0.3052930056710775,0.2717678100263852,0.3048888888888889,0.31801801801801804,0.3298429319371728,0.3869257950530035,0.3944043321299639,0.4511545293072824,0.43366880146386094,0.47666971637694416
0.5014218009478673,0.523851590106007,0.5452029520295203,0.5915996425379804,0.608318890814558,0.6469500924214417,0.6657115568290354,0.6962699822380106,0.7111517367458866,0.7307692307692307,0.7294860234445446,0.7366110623353819,0.7206132879045997,0.7473498233215548,0.7631086142322098,0.7271028037383177,0.7141592920353982,0.6837979094076655,0.6740128558310376,0.6762257169287696,0.660559305689489,0.6236462093862816,0.5922939068100358,0.5694698354661791,0.5342960288808665,0.48584070796460177,0.4712230215827338,0.44175209692451073,0.39412811387900354,0.36088888888888887,0.35899653979238755,0.329981718464351,0.3220183486238532,0.27229601518026564,0.27555555555555555,0.26691042047531993,0.25965858041329737,0.2484076433121019,0.2217391304347826,0.26902654867256637,0.2575896964121435,0.3034547152194211,0.28942807625649913,0.31226765799256506,0.3244916003536693,0.3701067615658363,0.42212389380530974,0.44063079777365494,0.44622222222222224,0.4995547640249332,0.5383928571428571,0.538878842676311,0.5761772853185596,0.6177007299270073,0.6294559099437148,0.6652097902097902,0.6845397676496873,0.6899293286219081,0.7188065099457505,0.7330316742081447,0.7493309545049064,0.7452402538531279,0.723404255319149,0.7479674796747967,0.7142857142857143,0.7250229147571036,0.7411347517730497,0.6923766816143497,0.6904133685136323,0.6425339366515838,0.6368715083798883,0.6260017809439002,0.5669144981412639,0.5212765957446809,0.4894977168949772,0.4929947460595447,0.46077547339945896,0.43956043956043955,0.3902654867256637,0.35135135135135137,0.3357335733573357,0.31164069660861593,0.3098842386464826,0.24844167408726625,0.2629151291512915,0.24890061565523308,0.27598566308243727,0.2346014492753623,0.2528837622005324,0.27886323268206037,0.26325088339222613,0.2702702702702703,0.30545774647887325,0.32263513513513514,0.35909090909090907,0.37903930131004365,0.3797585886722377,0.4485228290062668,0.45704162976085033,0.49140271493212667
0.5032679738562091,0.5107296137339056,0.5756490599820949,0.5807860262008734,0.652972027972028,0.6799276672694394,0.6678865507776761,0.6800699300699301,0.7075471698113207,0.6911764705882353,0.7579329102447869,0.7533512064343163,0.7251624883936861,0.7510879025239339,0.7236962488563586,0.735950044603033,0.752073732718894,0.7311827956989247,0.654320987654321,0.689623507805326,0.6591889559965487,0.6386481802426344,0.5744485294117647,0.544211485870556,0.5440464666021297,0.47766323024054985,0.4411764705882353,0.43482224247948953,0.4291996481970097,0.3694915254237288,0.33451641526175685,0.30180180180180183,0.28748890860692106,0.30303030303030304,0.2703639514731369,0.26969416126042633,0.24954792043399637,0.2430795847750865,0.24932249322493225,0.25885558583106266,0.2822878228782288,0.24931255728689275,0.2944839857651246,0.31123388581952116,0.32146118721461187,0.3559322033898305,0.42001710863986313,0.45517841601392517,0.47619047619047616,0.5,0.5483304042179262,0.5814558058925476,0.588021778584392,0.5959328028293546,0.6469594594594594,0.6407407407407407,0.6660929432013769,0.6978798586572438,0.7194899817850637,0.7286476868327402,0.7439478584729982,0.73992673992674,0.7396883593033914,0.7632058287795993,0.7258652094717668,0.7602495543672014,0.7144203581526861,0.7103631532329495,0.6831345826235093,0.6675347222222222,0.645075421472937,0.5908683974932856,0.572744014732965,0.5758106923751095,0.5244956772334294,0.45594913714804725,0.44194419441944194,0.4067796610169492,0.39965397923875434,0.39732142857142855,0.34232558139534885,0.30659025787965616,0.3130118289353958,0.2912801484230056,0.25556544968833483,0.26865671641791045,0.26437847866419295,0.24953959484346225,0.2599118942731278,0.2667844522968198,0.28597957288765086,0.30660377358490565,0.30339138405132904,0.3365724381625442,0.3451015004413063,0.3804444444444444,0.40273972602739727,0.4415700267618198,0.48942042318307266,0.5063405797101449
0.5303964757709251,0.5329719963866305,0.5494604316546763,0.5970664365832614,0.654625550660793,0.6519337016574586,0.682842287694974,0.699020480854853,0.7393199651264167,0.7169642857142857,0.738929889298893,0.7431444241316271,0.7333931777378815,0.7344028520499108,0.7354221061792864,0.7154696132596685,0.7386666666666667,0.7111742424242424,0.665158371040724,0.6527390900649953,0.6569608735213831,0.6153153153153154,0.5781818181818181,0.5439655172413793,0.5045126353790613,0.5048629531388152,0.4447463768115942,0.45526315789473687,0.388086642599278,0.39964633068081346,0.3455684870188004,0.3076923076923077,0.3162162162162162,0.29254829806807725,0.2899305555555556,0.25133214920071045,0.24774774774774774,0.26301853486319504,0.2488436632747456,0.2597173144876325,0.28068506184586106,0.27281279397930386,0.28225806451612906,0.3339382940108893,0.3444244604316547,0.3784965034965035,0.40855323020928114,0.42574257425742573,0.4722222222222222,0.5013698630136987,0.5283993115318416,0.5436363636363636,0.5902353966870096,0.611214953271028,0.6340160284951024,0.6721014492753623,0.6915725456125109,0.6858864027538726,0.7306616961789375,0.7399141630901288,0.7547169811320755,0.7484444444444445,0.7407079646017699,0.7433016421780466,0.7652790079716564,0.7224168126094571,0.7325141776937618,0.6787372330547818,0.6884955752212389,0.6355311355311355,0.6535947712418301,0.5974264705882353,0.5751748251748252,0.5557553956834532,0.5176678445229682,0.47530864197530864,0.47010119595216193,0.4214417744916821,0.4064969271290606,0.372310570626754,0.3383259911894273,0.318739054290718,0.31732418524871353,0.29158878504672897,0.284412032816773,0.24429657794676807,0.2420774647887324,0.26785714285714285,0.26666666666666666,0.2832319721980886,0.2606679035250464,0.2847926267281106,0.312,0.3210227272727273,0.36257833482542523,0.40948275862068967,0.41842105263157897,0.4254510921177588,0.4751131221719457,0.525629887054735
0.5155555555555555,0.5452054794520548,0.5525394045534151,0.5985853227232537,0.6215738284703802,0.6745822339489885,0.670863309352518,0.7177700348432056,0.7363717605004468,0.7212962962962963,0.7233096085409253,0.7709854014598541,0.7651183172655566,0.7491039426523297,0.7562949640287769,0.7457777777777778,0.7397379912663755,0.6851179673321234,0.7026785714285714,0.6946160635481023,0.6330998248686515,0.5838983050847457,0.6075949367088608,0.5533272561531449,0.5367847411444142,0.5246449456975772,0.47102115915363385,0.42402826855123676,0.4087656529516995,0.4318813716404078,0.34121929026387626,0.33086190917516217,0.2936870997255261,0.324032403240324,0.2594254937163375,0.2659963436928702,0.25701754385964914,0.23676880222841226,0.29136690647482016,0.2768839966130398,0.2850510677808728,0.29796264855687604,0.3036837376460018,0.32393084622383983,0.3358561967833491,0.36752136752136755,0.40779467680608367,0.43447669305189096,0.4653558052434457,0.5246478873239436,0.5270758122743683,0.546462063086104,0.6076854334226989,0.6290463692038495,0.6499102333931778,0.6906222611744084,0.7155963302752294,0.6889867841409691,0.7288135593220338,0.7636363636363637,0.7303271441202476,0.764489420423183,0.7732974910394266,0.7509025270758123,0.7608494921514312,0.7319688109161794,0.7471861471861472,0.7011173184357542,0.6646288209606986,0.6907216494845361,0.6319129646418857,0.6165670367207515,0.5807940904893814,0.5691056910569106,0.5141811527904849,0.4864864864864865,0.47085201793721976,0.4326750448833034,0.39871086556169427,0.3801801801801802,0.3567615658362989,0.3174030658250676,0.28324225865209474,0.30369718309859156,0.26864330637915546,0.24681238615664844,0.2757685352622061,0.2497721057429353,0.2510566356720203,0.29973238180196254,0.2866300366300366,0.3216845878136201,0.33509234828496043,0.34957264957264955,0.35082872928176795,0.3723214285714286,0.42831379621280435,0.45741878841088673,0.49056603773584906,0.4856887298747764
0.4947867298578199,0.5197195442594216,0.5883424408014571,0.5847750865051903,0.6561656165616562,0.6608084358523726,0.6777677767776777,0.6962699822380106,0.7114337568058077,0.728494623655914,0.7306273062730627,0.7413479052823315,0.773936170212766,0.7429094236047575,0.7367458866544789,0.7116858237547893,0.7462019660411081,0.7308039747064138,0.693969396939694,0.6646180860403863,0.6645851917930419,0.6344576116681859,0.6089630931458699,0.578268876611418,0.5406392694063927,0.4995475113122172,0.4783759929390997,0.4542157751586582,0.4230769230769231,0.38793879387938796,0.3805147058823529,0.34930313588850176,0.32525951557093424,0.3074141048824593,0.308675799086758,0.2802491103202847,0.26022304832713755,0.2808155699721965,0.2904977375565611,0.27974568574023617,0.32332761578044594,0.3188539741219963,0.31088560885608857,0.33395696913002804,0.35518157661647476,0.38366988586479367,0.43348017621145374,0.4590316573556797,0.4675438596491228,0.50523311132255,0.5156110615521855,0.5377777777777778,0.6106194690265486,0.6371115173674589,0.6376537369914853,0.6446568201563857,0.6864330637915543,0.7210338680926917,0.7274418604651163,0.7243243243243244,0.7445972495088409,0.74860853432282,0.7532244196044712,0.7433628318584071,0.7342342342342343,0.7562557924003707,0.7334542157751587,0.7092916283348666,0.6966783216783217,0.6604774535809018,0.634703196347032,0.5909502262443439,0.6074681238615665,0.5543478260869565,0.5295698924731183,0.4981785063752277,0.46265938069216755,0.4539594843462247,0.4159928122192273,0.3687002652519894,0.36615935541629363,0.29674418604651165,0.30036630036630035,0.30511463844797176,0.2799634034766697,0.2941696113074205,0.2821650399290151,0.2631578947368421,0.3,0.2645739910313901,0.29281277728482696,0.31547619047619047,0.3193430656934307,0.36639118457300274,0.3818011257035647,0.40583554376657827,0.46320346320346323,0.45556594948550044,0.4982698961937716,0.5230352303523035
0.5350719424460432,0.5361930294906166,0.5632478632478632,0.628695652173913,0.6206597222222222,0.6727748691099477,0.6794986571172784,0.6948837209302325,0.7348214285714286,0.7361740707162284,0.7433155080213903,0.7710951526032316,0.754337899543379,0.7915590008613265,0.7407407407407407,0.7265342960288809,0.7481412639405205,0.7394495412844037,0.697632058287796,0.6682286785379569,0.6489082969432315,0.6330608537693007,0.6032461677186655,0.5723158828748891,0.5425925925925926,0.5369886858137511,0.46933085501858735,0.45314009661835747,0.43410852713178294,0.3901192504258944,0.3881278538812785,0.36003683241252304,0.3448888888888889,0.30776255707762556,0.30563002680965146,0.2981691368788143,0.2978723404255319,0.26512455516014233,0.301056338028169,0.2840501792114695,0.31420765027322406,0.3333333333333333,0.31533847472150817,0.3388581952117864,0.36067019400352734,0.3804247460757156,0.4180478821362799,0.4406934306569343,0.4677996422182469,0.4940530649588289,0.5363550519357885,0.5934819897084048,0.6054613935969868,0.6245387453874539,0.6595744680851063,0.6967071057192374,0.716998191681736,0.7111307420494699,0.7355516637478109,0.7730434782608696,0.7502246181491464,0.7454545454545455,0.748471615720524,0.768450184501845,0.7406113537117904,0.7437011294526499,0.7167577413479053,0.7033065236818588,0.7160068846815835,0.6739130434782609,0.643362831858407,0.6202764976958526,0.5811808118081181,0.5597539543057997,0.512306289881495,0.5054744525547445,0.4554367201426025,0.43844109831709477,0.4336283185840708,0.3949211908931699,0.38146167557932265,0.3257506824385805,0.3362910381543922,0.29500891265597146,0.29406392694063926,0.2820976491862568,0.2681614349775785,0.28340807174887894,0.2805194805194805,0.2886142983230362,0.29064486830154407,0.32146118721461187,0.3242009132420091,0.3606853020739405,0.3605313092979127,0.4101633393829401,0.41932624113475175,0.46001796945193174,0.4921803127874885,0.5172719220549159
0.5299657534246576,0.5472589792060492,0.6106032906764168,0.6130434782608696,0.6392523364485981,0.6678635547576302,0.7083333333333334,0.6977818853974121,0.7241379310344828,0.7462406015037594,0.7410562180579217,0.7865072587532024,0.7791741472172352,0.7481684981684982,0.7688073394495413,0.7457777777777778,0.7571035747021082,0.7450611476952023,0.7276154571159283,0.6762849413886384,0.6579657965796579,0.6261425959780622,0.6043030869971936,0.5850661625708885,0.549645390070922,0.4991243432574431,0.48713235294117646,0.4488536155202822,0.4,0.3968253968253968,0.39452780229479256,0.3602103418054338,0.3404634581105169,0.3530973451327434,0.3140794223826715,0.31886625332152346,0.28991971454058874,0.28035714285714286,0.2947269303201507,0.31327433628318585,0.3401969561324978,0.33153153153153153,0.32219127205199627,0.3660071942446043,0.3526170798898072,0.4045936395759717,0.4151624548736462,0.4614695340501792,0.4980879541108987,0.5231187669990934,0.5411655874190564,0.568259385665529,0.5876777251184834,0.6543438077634011,0.6487226277372263,0.6988847583643123,0.7296564195298373,0.729827742520399,0.7193140794223827,0.7518587360594795,0.7587511825922422,0.7491258741258742,0.7544802867383512,0.7695729537366548,0.7474747474747475,0.7493036211699164,0.7418788410886743,0.7188940092165899,0.6998299319727891,0.6612612612612613,0.6323666978484564,0.6072056239015817,0.583554376657825,0.5882352941176471,0.5026690391459074,0.4528985507246377,0.4781420765027322,0.4272474513438369,0.4473214285714286,0.3798521256931608,0.3522438611346317,0.3614457831325301,0.34531693472090824,0.3487712665406427,0.2979890310786106,0.3064798598949212,0.30542778288868444,0.2844677137870855,0.28978840846366144,0.28804347826086957,0.2965578111209179,0.29348795718108833,0.3452274754683318,0.36736641221374045,0.3706597222222222,0.4146341463414634,0.4496826835902085,0.47018739352640543,0.49034038638454464,0.5480943738656987
0.5191451469278717,0.5746061167747915,0.5693112467306015,0.6158590308370044,0.6538461538461539,0.6473214285714286,0.7060998151571165,0.7064910630291628,0.7353206865401988,0.7432915921288015,0.7586512866015972,0.7626086956521739,0.7647593097184378,0.7648673376029277,0.7581395348837209,0.7523719165085389,0.7623400365630713,0.7052722558340536,0.7085242896425298,0.6981132075471698,0.6883928571428571,0.6356088560885609,0.622822299651568,0.6026548672566372,0.5566371681415929,0.5171503957783641,0.5062056737588653,0.48114901256732495,0.43389830508474575,0.4029038112522686,0.41751152073732717,0.36151079136690645,0.3513274336283186,0.3367158671586716,0.323868677905945,0.3072014585232452,0.3019038984587489,0.3227792436235708,0.29212454212454214,0.29564411492122333,0.3163992869875223,0.3290083410565338,0.32926829268292684,0.37869292748433303,0.41702867072111205,0.42383512544802865,0.45686619718309857,0.4433164128595601,0.4982758620689655,0.49817184643510054,0.55765595463138,0.5951526032315978,0.5996425379803396,0.6370235934664247,0.6655082536924414,0.6914986853637161,0.7051971326164874,0.7202118270079435,0.7691605839416058,0.7423043095866315,0.7655545536519387,0.7640878701050621,0.7830446672743847,0.7602799650043744,0.7629046369203849,0.7357830271216098,0.7419354838709677,0.7338065661047027,0.6952469711090401,0.6672613737734165,0.6386701662292213,0.6125797629899726,0.623069936421435,0.5605658709106985,0.5638766519823789,0.5279661016949152,0.47619047619047616,0.4506065857885615,0.42695652173913046,0.40180995475113124,0.3776978417266187,0.36312849162011174,0.34314627414903404,0.3302325581395349,0.3091743119266055,0.31767719897523483,0.3041556145004421,0.3050047214353163,0.30465320456540823,0.31180017226528856,0.3305785123966942,0.3510540788267644,0.3704945515507125,0.3708370837083708,0.4032846715328467,0.4164358264081256,0.4903677758318739,0.46855059252506837,0.5097864768683275,0.5408426483233018
0.5055658627087198,0.595724907063197,0.5981818181818181,0.6187554776511832,0.6483126110124334,0.689413823272091,0.7088830255057168,0.6977329974811083,0.7287376902417189,0.7473118279569892,0.7787689562890276,0.7754919499105546,0.7714543812104788,0.7704770477047704,0.7640036730945822,0.758364312267658,0.7564216120460585,0.73215859030837,0.7120515179392825,0.697594501718213,0.6870229007633588,0.6761168384879725,0.6161347517730497,0.5755968169761273,0.550656660412758,0.545950864422202,0.49299719887955185,0.4962894248608534,0.45126353790613716,0.4277056277056277,0.39914893617021274,0.37511693171188026,0.36625874125874125,0.34790874524714827,0.36396396396396397,0.3401885175664096,0.33515482695810567,0.3083778966131907,0.3015165031222123,0.3247100802854594,0.3428063943161634,0.3251318101933216,0.3667953667953668,0.37921604375569734,0.3900900900900901,0.4030937215650591,0.4649511978704525,0.4696969696969697,0.5017421602787456,0.5251736111111112,0.552460538532962,0.5672461116193962,0.6184701492537313,0.64049955396967,0.674187725631769,0.6927816901408451,0.6886543535620053,0.7353463587921847,0.7463768115942029,0.7555147058823529,0.7691570881226054,0.7806215722120659,0.7582314205079962,0.7560975609756098,0.7560975609756098,0.7280071813285458,0.7522281639928698,0.7380530973451327,0.7285191956124314,0.6645851917930419,0.6475409836065574,0.6603260869565217,0.6216216216216216,0.5774774774774775,0.5534246575342465,0.5180102915951973,0.5190434012400355,0.4706430568499534,0.42946990116801437,0.41869158878504675,0.39161462979482603,0.3892921960072595,0.3463992707383774,0.3468104222821204,0.30658783783783783,0.29804270462633453,0.3210576015108593,0.34392014519056263,0.32926829268292684,0.32890070921985815,0.3216216216216216,0.33955223880597013,0.37117117117117115,0.3903107861060329,0.39570277529095793,0.4244031830238727,0.47539543057996486,0.5123674911660777,0.5180299032541776,0.5409090909090909
0.5307971014492754,0.5510729613733906,0.6111111111111112,0.6422907488986784,0.6636029411764706,0.6832460732984293,0.7014388489208633,0.717948717948718,0.7361237488626023,0.7384751773049646,0.7612612612612613,0.7706255666364461,0.7683720930232558,0.7604735883424408,0.7651376146788991,0.7838565022421524,0.7515865820489573,0.7328453796889296,0.7093639575971732,0.7271880819366853,0.6657730116175157,0.6397849462365591,0.6398940864960282,0.6038732394366197,0.5911111111111111,0.5396260017809439,0.5030946065428824,0.5027075812274369,0.46810506566604126,0.4255514705882353,0.41881100266193433,0.37410714285714286,0.37546125461254615,0.3624454148471616,0.3671586715867159,0.3358908780903666,0.3269927536231884,0.33418803418803417,0.33178869323447635,0.3370165745856354,0.3467600700525394,0.35344827586206895,0.36679174484052535,0.40825688073394495,0.36556169429097607,0.43161634103019536,0.4508620689655172,0.5044642857142857,0.5061837455830389,0.5355535553555355,0.5729827742520399,0.5918189730200174,0.6348061316501352,0.667621776504298,0.6666666666666666,0.6878868258178603,0.7127468581687613,0.733920704845815,0.7616179001721171,0.7584973166368515,0.7683720930232558,0.7748837209302326,0.7637017070979335,0.7510917030567685,0.7740429505135388,0.766269477543538,0.7697077059344553,0.7215073529411765,0.7086330935251799,0.6865261228230981,0.6771799628942486,0.6294326241134752,0.6224028906955736,0.5937777777777777,0.5549738219895288,0.5362445414847161,0.5204178537511871,0.5023342670401494,0.4577025823686554,0.42504409171075835,0.3942652329749104,0.38222222222222224,0.35799086757990867,0.35945945945945945,0.329981718464351,0.34025270758122744,0.3290676416819013,0.35008818342151676,0.34967622571692875,0.33546034639927075,0.357207615593835,0.36714542190305205,0.3660477453580902,0.3856088560885609,0.4015369836695485,0.47114474929044464,0.4838420107719928,0.527681660899654,0.5376068376068376,0.5637342908438061
0.5647382920110193,0.5888594164456233,0.5893019038984587,0.623398804440649,0.6440037771482531,0.7053406998158379,0.7140221402214022,0.7472324723247232,0.7493562231759656,0.7611301369863014,0.7754919499105546,0.7674208144796381,0.7709251101321586,0.7614761476147615,0.783303730017762,0.7845601436265709,0.754978354978355,0.739404869251578,0.7208888888888889,0.7107438016528925,0.6953703703703704,0.6466789667896679,0.651012891344383,0.6113172541743971,0.5799432355723746,0.5800711743772242,0.5272727272727272,0.5131459655485041,0.4584837545126354,0.4362532523850824,0.415061295971979,0.39982190560997327,0.4001883239171375,0.37309417040358744,0.3500464252553389,0.3778966131907308,0.35062611806797855,0.34852801519468185,0.34959349593495936,0.36526410026857653,0.37050359712230213,0.36581045172719223,0.3702010968921389,0.4003623188405797,0.4090909090909091,0.44061650045330913,0.46026200873362444,0.5004492362982929,0.5173642030276047,0.5630331753554503,0.5885509838998211,0.6044642857142857,0.6397188049209139,0.6516651665166516,0.6726618705035972,0.6865261228230981,0.7272727272727273,0.7539906103286385,0.7370405278039586,0.7745098039215687,0.7476313522825151,0.7852593266606005,0.7827272727272727,0.7783783783783784,0.7727272727272727,0.7520435967302452,0.7753554502369668,0.7208077260755048,0.736331569664903,0.6696113074204947,0.6789667896678967,0.6553930530164533,0.6154529307282416,0.5690759377859104,0.5916666666666667,0.5459459459459459,0.5335073977371627,0.4813126709206928,0.44220183486238535,0.45964912280701753,0.4216757741347905,0.38334858188472093,0.3867151956323931,0.36561085972850677,0.338339222614841,0.34894398530762166,0.3514460999123576,0.36884512085944493,0.36108676599474143,0.3568807339449541,0.3870673952641166,0.376865671641791,0.3970856102003643,0.41955555555555557,0.4542157751586582,0.453971119133574,0.4783001808318264,0.4910873440285205,0.5539906103286385,0.5849227974568574
0.5748449955713021,0.6274694261523989,0.6137931034482759,0.6364428945074107,0.7003610108303249,0.696577243293247,0.7358490566037735,0.7452402538531279,0.7650822669104205,0.7771975630983464,0.7767776777677767,0.7907801418439716,0.7998146431881371,0.7920517560073937,0.7754199823165341,0.7740164684354987,0.7679708826205641,0.7584415584415585,0.731304347826087,0.7164040778498609,0.7023705004389815,0.6708407871198568,0.6169201520912547,0.621384750219106,0.5760549558390579,0.5612788632326821,0.5336976320582878,0.5075757575757576,0.5187772925764192,0.4672645739910314,0.4112676056338028,0.39375542064180397,0.413003663003663,0.4087468460891506,0.3881151346332405,0.35857267188859876,0.36936936936936937,0.34851301115241634,0.35738539898132426,0.3775700934579439,0.374896779521057,0.3818027210884354,0.39180765805877116,0.39853747714808047,0.4386129334582943,0.48125,0.4809090909090909,0.49860205032618826,0.5379803395889187,0.5894924309884239,0.6044642857142857,0.6311858076563959,0.688,0.6955736224028907,0.7123775601068566,0.7376760563380281,0.7271157167530224,0.754874651810585,0.7880184331797235,0.77196261682243,0.77390527256479,0.7969991173874669,0.7918552036199095,0.8046511627906977,0.7705779334500875,0.7732342007434945,0.7596412556053812,0.7549371633752244,0.7218114602587801,0.7181895815542272,0.6815789473684211,0.6625939849624061,0.6402116402116402,0.6211009174311927,0.5614035087719298,0.5516279069767441,0.5259799453053783,0.4856895056374675,0.5039028620988725,0.46153846153846156,0.44715447154471544,0.38316920322291853,0.3991150442477876,0.3930905695611578,0.3642671292281006,0.35144927536231885,0.3509874326750449,0.3893728222996516,0.3502824858757062,0.37679932260795934,0.3703056768558952,0.3846855059252507,0.4022878932316492,0.4594348222424795,0.46559428060768543,0.4568380213385063,0.49039341262580055,0.5323868677905945,0.5341219290263877,0.5617566331198536
0.6098214285714286,0.5952597994530537,0.6129032258064516,0.6692708333333334,0.702878365831012,0.6919475655430711,0.7169642857142857,0.7331560283687943,0.7711397058823529,0.7701465201465202,0.7850133809099019,0.7948003714020427,0.7802893309222423,0.8062222222222222,0.7938044530493708,0.7948943661971831,0.7614349775784753,0.7427312775330397,0.7592093441150045,0.7162393162393162,0.6826503923278117,0.6849912739965096,0.6590909090909091,0.6458333333333334,0.6138175376439327,0.5616681455190772,0.543921916592724,0.5329236172080772,0.5297777777777778,0.49696969696969695,0.46254681647940077,0.4601449275362319,0.40606060606060607,0.40318302387267907,0.3940754039497307,0.39511754068716093,0.3982608695652174,0.3849721706864564,0.3628158844765343,0.39348591549295775,0.4184331797235023,0.41894353369763204,0.407811080835604,0.44554455445544555,0.4801110083256244,0.4634146341463415,0.49466192170818507,0.5441595441595442,0.558601134215501,0.575813953488372,0.595968448729185,0.6490924805531547,0.6296296296296297,0.6527777777777778,0.6974789915966386,0.699909338168631,0.7404103479036575,0.7747440273037542,0.7534965034965035,0.783303730017762,0.781305114638448,0.7670454545454546,0.7969588550983899,0.803763440860215,0.7799442896935933,0.7736013986013986,0.7623400365630713,0.7675675675675676,0.7348623853211009,0.7099447513812155,0.7195340501792115,0.6644423260247855,0.6261595547309833,0.6273798730734361,0.5900452488687783,0.5899543378995433,0.5348017621145374,0.5192135835567471,0.5249537892791127,0.4745308310991957,0.47227191413237923,0.4407951598962835,0.40616966580976865,0.37635379061371843,0.3726027397260274,0.4032997250229148,0.38924930491195553,0.3605812897366031,0.3822463768115942,0.38521066208082544,0.3939105613701237,0.4112903225806452,0.42882096069868997,0.44363636363636366,0.47237076648841353,0.5191793041926851,0.5091225021720244,0.5116079105760963,0.5828877005347594,0.6118881118881119
0.6045045045045045,0.6295636687444346,0.6481818181818182,0.6757709251101321,0.680184331797235,0.6988586479367866,0.7301724137931035,0.7547511312217194,0.7502153316106804,0.7728971962616823,0.8051708217913204,0.7908025247971145,0.7980427046263345,0.8177777777777778,0.7767158992180713,0.7885662431941923,0.7895637296834902,0.7825688073394496,0.7602441150828247,0.7124658780709736,0.7215302491103203,0.6822682268226823,0.649602824360106,0.6567291311754685,0.6259057971014492,0.5968778696051423,0.5485347985347986,0.5342222222222223,0.516822429906542,0.5287253141831239,0.45089285714285715,0.46814404432132967,0.426078971533517,0.42028985507246375,0.41431095406360424,0.4310189359783589,0.38839285714285715,0.3860294117647059,0.4087779690189329,0.40709617180205415,0.40881590319792566,0.4362657091561939,0.4249775381850854,0.4522569444444444,0.4757630161579892,0.4825964252116651,0.5159525979945305,0.5337477797513321,0.5509138381201044,0.5868761552680222,0.6147686832740213,0.6484517304189436,0.6619718309859155,0.6692640692640692,0.7066787003610109,0.7133984028393966,0.7177700348432056,0.7591911764705882,0.7711711711711712,0.7813911472448057,0.7799642218246869,0.7994402985074627,0.7784867821330902,0.798753339269813,0.7932862190812721,0.7814685314685315,0.7792672028596962,0.7689594356261023,0.7095363079615048,0.7647593097184378,0.7179946284691137,0.6933333333333334,0.6645907473309609,0.5959860383944153,0.6180811808118081,0.5659340659340659,0.592896174863388,0.5267034990791897,0.5056603773584906,0.4833190761334474,0.4782608695652174,0.4213381555153707,0.4240561896400351,0.4040315512708151,0.39269813000890474,0.41674167416741675,0.3743016759776536,0.40321057601510857,0.4104882459312839,0.4052401746724891,0.4075785582255083,0.43354720439963335,0.45251396648044695,0.49178910976663787,0.48660328435609335,0.48973880597014924,0.5401662049861495,0.5421903052064632,0.5745807590467784,0.6009302325581395
0.6181657848324515,0.6338797814207651,0.6538461538461539,0.6832740213523132,0.6997140133460439,0.7502278942570647,0.7422680412371134,0.76522506619594,0.7772963604852686,0.7879053461875548,0.7920353982300885,0.7900552486187845,0.8053811659192825,0.8069533394327539,0.7786738351254481,0.7807971014492754,0.7814814814814814,0.7811934900542495,0.7533274179236912,0.7338371116708649,0.7229129662522202,0.6809090909090909,0.6793960923623446,0.6553524804177546,0.5913591359135913,0.628286491387126,0.5702270815811606,0.546562228024369,0.5336832895888014,0.525305410122164,0.4946236559139785,0.475177304964539,0.45065502183406114,0.44868301544050865,0.44663677130044843,0.43117593436645396,0.4287011807447775,0.4037433155080214,0.4050179211469534,0.43330266789328425,0.4458370635631155,0.43917710196779963,0.43413729128014844,0.487962962962963,0.47697974217311234,0.5203703703703704,0.5227272727272727,0.5355871886120996,0.5686619718309859,0.6121883656509696,0.6088929219600726,0.6463742166517458,0.6691800188501413,0.6967799642218246,0.7262569832402235,0.7512242899118511,0.7328042328042328,0.7675244010647737,0.7857142857142857,0.7830540037243948,0.7959558823529411,0.8186619718309859,0.8227488151658767,0.8059701492537313,0.7922794117647058,0.7912801484230055,0.7883597883597884,0.7732831608654751,0.7455357142857143,0.7335069444444444,0.6841628959276018,0.6973564266180492,0.6861848124428179,0.6416443252904379,0.6179875333926982,0.5871404399323181,0.5882352941176471,0.5389435989256938,0.5426214482126489,0.5008880994671403,0.4701159678858162,0.4586397058823529,0.47704770477047703,0.4209138840070299,0.4381625441696113,0.39295392953929537,0.44372093023255815,0.41906474820143885,0.4054794520547945,0.45454545454545453,0.43211009174311926,0.4415700267618198,0.4786856127886323,0.48839285714285713,0.5008802816901409,0.5080645161290323,0.546046511627907,0.5342105263157895,0.5692883895131086,0.5960854092526691
0.6245059288537549,0.6538116591928251,0.6832298136645962,0.7129060579455663,0.7394881170018281,0.7271142109851787,0.7679708826205641,0.763716814159292,0.8081180811808119,0.7992863514719001,0.8098214285714286,0.8096085409252669,0.8165938864628821,0.8079930495221547,0.8087279480037141,0.8205607476635514,0.8060230292294066,0.7684684684684685,0.771563981042654,0.7322834645669292,0.7152600170502984,0.7071622846781505,0.6703862660944206,0.6495119787045253,0.6666666666666666,0.6419642857142858,0.6091081593927894,0.5786163522012578,0.5363636363636364,0.5175517551755175,0.5032987747408105,0.48300536672629696,0.4546296296296296,0.42667844522968196,0.4429223744292237,0.47244805781391147,0.44340505144995324,0.4426229508196721,0.4606643356643357,0.4450307827616535,0.5065420560747663,0.4638609332113449,0.4716636197440585,0.4990808823529412,0.500945179584121,0.5254529767040552,0.5527240773286467,0.5987202925045704,0.5944954128440367,0.5901942645698427,0.6502683363148479,0.6433691756272402,0.6905417814508723,0.6809872029250457,0.724762726488352,0.7464285714285714,0.7491007194244604,0.7665198237885462,0.7883461868037703,0.7935185185185185,0.8048993875765529,0.8095659875996457,0.8033240997229917,0.7996219281663516,0.7946902654867256,0.8028545941123997,0.7712243074173369,0.7571552471812663,0.7589118198874296,0.7416440831074977,0.7309782608695652,0.6707000864304236,0.6705776173285198,0.6518650088809946,0.6196150320806599,0.6184331797235023,0.6201478743068392,0.5526561043802423,0.52868068833652,0.5318385650224215,0.5123513266239708,0.46286701208981,0.5096596136154554,0.4584055459272097,0.45295202952029523,0.42857142857142855,0.4308510638297872,0.41808415398388543,0.44849023090586143,0.4547970479704797,0.45691202872531417,0.45590994371482174,0.5013799448022079,0.48140900195694714,0.5081967213114754,0.5335658238884046,0.584426946631671,0.5631672597864769,0.6234626300851467,0.6394316163410302
0.6317254174397031,0.6589434661723819,0.708994708994709,0.6967741935483871,0.7200772200772201,0.7376325088339223,0.7948717948717948,0.7845601436265709,0.7809773123909249,0.8171945701357466,0.823731728288908,0.8058510638297872,0.8106194690265487,0.8080438756855576,0.8118279569892473,0.8016014234875445,0.7837591240875912,0.7916295636687445,0.7700729927007299,0.7933212996389891,0.7331486611265005,0.7242614145031334,0.69019248395967,0.7117194183062446,0.647003745318352,0.5953051643192488,0.6365296803652968,0.5918189730200174,0.5594713656387665,0.549645390070922,0.5247610773240661,0.5022747952684259,0.47930082796688134,0.48947849954254347,0.48266166822867856,0.44947735191637633,0.4324577861163227,0.4777777777777778,0.4786944696282865,0.42985611510791366,0.47577092511013214,0.4625788999098287,0.48959276018099546,0.516994633273703,0.5076096687555953,0.5313921747042766,0.5621145374449339,0.6100917431192661,0.620531622364803,0.6275862068965518,0.637089618456078,0.6672597864768683,0.6972972972972973,0.7395644283121597,0.7343608340888486,0.7663716814159292,0.7750229568411386,0.7792672028596962,0.7852112676056338,0.8145756457564576,0.7907585004359198,0.8251162790697675,0.8272807794508414,0.8123861566484517,0.8087478559176673,0.793709528214616,0.7975133214920072,0.779783393501805,0.7592093441150045,0.7454044117647058,0.7372583479789103,0.7000946073793756,0.6857394366197183,0.6550094517958412,0.6236654804270463,0.6088180112570356,0.6012601260126013,0.5617173524150268,0.5654867256637168,0.5380530973451327,0.5038961038961038,0.4881474978050922,0.47150735294117646,0.48197009674582236,0.4829097283085013,0.47884940778341795,0.4515837104072398,0.4333910034602076,0.4709141274238227,0.496415770609319,0.48226950354609927,0.4973404255319149,0.49044585987261147,0.495897903372835,0.5408921933085502,0.5449385052034059,0.5917636526410027,0.5694050991501416,0.6309204647006256,0.6375586854460094
0.6572470373746582,0.6757000903342367,0.7005163511187608,0.7106690777576854,0.7509363295880149,0.7707006369426752,0.7915951972555746,0.7996389891696751,0.8005808325266215,0.8195292066259808,0.8076923076923077,0.8149498632634458,0.8146821844225605,0.8213969938107869,0.8215271389144434,0.8258887876025525,0.8033658104517272,0.7879890809827116,0.793859649122807,0.752405949256343,0.7536606373815676,0.7259786476868327,0.709562109025916,0.6752212389380531,0.6692982456140351,0.6486486486486487,0.6354264292408622,0.6064400715563506,0.5861423220973783,0.5286738351254481,0.5483870967741935,0.54182156133829,0.5059252506836828,0.4931255728689276,0.49684400360685305,0.4755671902268761,0.4759746146872167,0.4902687673772011,0.48055555555555557,0.4938488576449912,0.5271453590192644,0.4830119375573921,0.5144724556489262,0.5171171171171172,0.556672760511883,0.5420054200542005,0.5907883082373782,0.628032345013477,0.6333333333333333,0.6336014298480787,0.66431718061674,0.680320569902048,0.7203311867525299,0.7254207263064659,0.7486187845303868,0.76,0.776386404293381,0.8052930056710775,0.7896081771720613,0.8069264069264069,0.8296164139161463,0.8289703315881326,0.8461538461538461,0.8159340659340659,0.8095238095238095,0.7954971857410882,0.8048780487804879,0.7943585077343039,0.7669642857142858,0.7519181585677749,0.7396657871591908,0.734052111410602,0.6960431654676259,0.7008014247551202,0.6600896860986547,0.6397400185701021,0.6246600181323663,0.5866177818515124,0.5653382761816497,0.519927536231884,0.5576576576576576,0.5135379061371841,0.5253924284395198,0.49818181818181817,0.49338040600176525,0.45716945996275604,0.47377938517179025,0.47330960854092524,0.48548094373865697,0.48196114708603144,0.48934280639431615,0.4945750452079566,0.5159235668789809,0.5459662288930581,0.5537190082644629,0.5517551755175517,0.6084745762711864,0.6023339317773788,0.6170403587443947,0.6587837837837838
0.6693476318141197,0.6904541241890639,0.7216770740410348,0.7360219981668195,0.7422413793103448,0.7737296260786194,0.8065395095367848,0.7959183673469388,0.833922261484099,0.808695652173913,0.8372943327239488,0.8371454711802379,0.825497287522604,0.8307830783078308,0.8320209973753281,0.8283712784588442,0.80620884289746,0.8380872483221476,0.8163452708907254,0.7655677655677655,0.7482456140350877,0.7245080500894454,0.7316176470588235,0.7086031452358927,0.6873857404021938,0.6807174887892377,0.6468952734012975,0.6108637577916296,0.600925925925926,0.5772357723577236,0.5694698354661791,0.5435992578849722,0.5084444444444445,0.5041938490214353,0.489945155393053,0.4873873873873874,0.5131459655485041,0.4775435380384968,0.49249779346866723,0.5104640582347588,0.5049773755656108,0.4941069809610154,0.5267629566694987,0.5288808664259927,0.5536044362292052,0.582427536231884,0.6191780821917808,0.5825602968460112,0.6146616541353384,0.6921052631578948,0.6814946619217082,0.7057777777777777,0.7174721189591078,0.7606244579358196,0.7376744186046512,0.7926829268292683,0.8198757763975155,0.7969924812030075,0.8261633011413521,0.8334866605335787,0.814748201438849,0.8440860215053764,0.844559585492228,0.8324561403508772,0.8279756733275413,0.8113207547169812,0.8134851138353766,0.791005291005291,0.7862796833773087,0.7764915405164737,0.7683150183150184,0.7408400357462019,0.7275132275132276,0.7207977207977208,0.6577123050259965,0.6313932980599647,0.6443661971830986,0.6104761904761905,0.6181649675625579,0.568242640499554,0.5865128660159716,0.5437229437229437,0.5382562277580071,0.5161579892280072,0.509963768115942,0.5040723981900452,0.5286738351254481,0.48476454293628807,0.5045955882352942,0.5165031222123104,0.5154457193292145,0.5153774464119292,0.5561694290976059,0.5840950639853748,0.5904936014625228,0.6074681238615665,0.6001734605377277,0.6306868867082962,0.6610312764158918,0.6781305114638448
0.6867891513560805,0.6911090742438131,0.747085201793722,0.7511394712853237,0.7572202166064982,0.7873303167420814,0.796875,0.8011472275334608,0.8056312443233424,0.8319112627986348,0.822841726618705,0.8089285714285714,0.8541315345699831,0.849911190053286,0.855863921217547,0.824669603524229,0.8216619981325863,0.7960467205750225,0.7860262008733624,0.7974452554744526,0.8021486123545211,0.7603231597845601,0.7534129692832765,0.7103321033210332,0.7138939670932358,0.6712328767123288,0.6660682226211849,0.6361974405850092,0.6328888888888888,0.5950413223140496,0.5798319327731093,0.5643564356435643,0.5763765541740675,0.5561797752808989,0.5293586269196026,0.5513851653261841,0.507908611599297,0.5390134529147982,0.5176151761517616,0.5114840989399293,0.5318385650224215,0.5394265232974911,0.5755138516532619,0.5609756097560976,0.5977443609022557,0.5823986194995686,0.6158038147138964,0.6377325066430469,0.6704438149197356,0.6594788858939802,0.6892361111111112,0.7186932849364791,0.7409420289855072,0.7674418604651163,0.7838328792007266,0.7802893309222423,0.7958818263205013,0.8158362989323843,0.8045248868778281,0.8226691042047533,0.8466367713004485,0.8474729241877257,0.8385608856088561,0.8370239149689991,0.8488271068635969,0.8176156583629893,0.824385805277525,0.8146788990825689,0.7848432055749129,0.7820627802690583,0.7589437819420783,0.727188940092166,0.726713532513181,0.7085610200364298,0.7000903342366757,0.6695427092320967,0.6468010517090271,0.6184668989547039,0.6283422459893048,0.577100646352724,0.5756802721088435,0.6196150320806599,0.5465221318879856,0.5385288966725044,0.5222634508348795,0.5586334256694367,0.5256769374416433,0.5079787234042553,0.5208711433756806,0.5277777777777778,0.5547576301615799,0.5381882770870338,0.5487132352941176,0.5701275045537341,0.6148471615720524,0.6223021582733813,0.6160145586897179,0.6334208223972003,0.6708746618575293,0.6993583868011
0.7318777292576419,0.7387068201948627,0.7574074074074074,0.7378917378917379,0.7842960288808665,0.7935076645626691,0.7755834829443446,0.7849264705882353,0.8385933273219116,0.845227062094532,0.8337924701561065,0.8464285714285714,0.8498609823911029,0.8556430446194225,0.8330373001776199,0.8429752066115702,0.8311068702290076,0.8153988868274582,0.8182665424044734,0.7799086757990867,0.7826475849731663,0.7619909502262443,0.7199621570482497,0.7482078853046595,0.6999101527403414,0.6890459363957597,0.6685552407932012,0.655838454784899,0.63003663003663,0.6226912928759895,0.6081923419412288,0.5511463844797179,0.5842592592592593,0.5627864344637947,0.5499075785582255,0.531953195319532,0.5540293040293041,0.5509467989179441,0.5337650323774283,0.5475352112676056,0.5574057843996494,0.5568083261058109,0.5851528384279476,0.5767284991568297,0.6050495942290351,0.5954751131221719,0.6194770063119928,0.6625659050966608,0.6865808823529411,0.7053649956024626,0.6821071752951862,0.7228699551569506,0.7624555160142349,0.7675070028011205,0.8049001814882033,0.7935076645626691,0.8127272727272727,0.8348880597014925,0.8239171374764596,0.8641542506573181,0.845227062094532,0.8568904593639576,0.8511957484499557,0.8576576576576577,0.8618538324420677,0.8381706244503079,0.825168918918919,0.8054577464788732,0.8098591549295775,0.7974098057354302,0.770593445527015,0.7472055030094583,0.7559852670349908,0.7152542372881356,0.6945945945945946,0.6764444444444444,0.6754385964912281,0.6602209944751382,0.6025524156791249,0.6105769230769231,0.6084229390681004,0.6130198915009042,0.5779162956366874,0.5566286215978928,0.5469924812030075,0.536,0.5528169014084507,0.5443037974683544,0.5328836424957841,0.5456896551724137,0.5683012259194395,0.5761245674740484,0.5412844036697247,0.5875232774674115,0.6329690346083788,0.6593607305936073,0.6544642857142857,0.6706976744186046,0.6628621597892889,0.6977777777777778
0.7136752136752137,0.7351816443594646,0.751131221719457,0.777264325323475,0.7919642857142857,0.7914055505819159,0.8060263653483992,0.8221381267738883,0.8178571428571428,0.8334858188472095,0.8561464690496948,0.8426086956521739,0.8586666666666667,0.8824057450628366,0.846911369740376,0.8545288197621226,0.8546099290780141,0.823583180987203,0.8171846435100548,0.8088105726872247,0.7772848269742679,0.7596067917783735,0.7622641509433963,0.7387466902030009,0.736936936936937,0.7114517583408476,0.6986666666666667,0.6861848124428179,0.6492890995260664,0.6390977443609023,0.6222611744084137,0.6203703703703703,0.6115173674588665,0.5893501805054152,0.5870786516853933,0.5953206239168111,0.5689810640216412,0.5580315691736305,0.5421146953405018,0.5888187556357078,0.543859649122807,0.6042435424354243,0.5951307484220018,0.6173913043478261,0.6304347826086957,0.6096451319381255,0.6615523465703971,0.6694214876033058,0.6645279560036663,0.6911764705882353,0.7153153153153153,0.7361740707162284,0.7761989342806395,0.78125,0.7926621160409556,0.8143497757847533,0.7954751131221719,0.8106402164111812,0.8222836095764272,0.8555347091932458,0.8583180987202925,0.8673835125448028,0.8725834797891037,0.8522427440633246,0.8534080298786181,0.8490230905861457,0.8285960378983634,0.8304623753399819,0.7968197879858657,0.792149866190901,0.7909760589318601,0.7660142348754448,0.7429078014184397,0.7310155535224153,0.7279090113735783,0.7013452914798206,0.6786372007366482,0.666365280289331,0.625886524822695,0.6232813932172319,0.6188747731397459,0.6051188299817185,0.5841035120147874,0.5787578757875788,0.5626690712353472,0.5400355871886121,0.5904590459045904,0.5572649572649573,0.5574204946996466,0.5844277673545967,0.5818022747156606,0.5752051048313582,0.5954265611257695,0.608044901777362,0.6482635796972396,0.647954329210276,0.6645220588235294,0.6987847222222222,0.7073791348600509,0.7194899817850637
0.7295308187672493,0.7210338680926917,0.7585227272727273,0.7559852670349908,0.7949438202247191,0.8072398190045249,0.8364950316169828,0.8411552346570397,0.8371278458844134,0.8607142857142858,0.8622920517560074,0.8518835616438356,0.8698630136986302,0.8751182592242195,0.8392089423903697,0.8672086720867209,0.8498635122838945,0.8342490842490843,0.8455949137148048,0.8304932735426009,0.8108356290174472,0.8086802480070859,0.7716165413533834,0.7610619469026548,0.7238183503243745,0.7267657992565055,0.7332139659803044,0.6855855855855856,0.6776491540516474,0.651595744680851,0.6607310215557638,0.6256544502617801,0.6356311548791406,0.5992844364937389,0.612354521038496,0.6352087114337568,0.5751748251748252,0.6111619396157365,0.6103781882145998,0.576036866359447,0.6161971830985915,0.5978358881875564,0.5930851063829787,0.6461405030355594,0.6354775828460039,0.6567544604927783,0.6511175898931001,0.6936208445642408,0.7066666666666667,0.7113857016769638,0.7275204359673024,0.7609630266552021,0.7702825888787602,0.7928176795580111,0.8040885860306644,0.8015665796344648,0.8271068635968722,0.848349687778769,0.8519195612431444,0.8648409893992933,0.8467153284671532,0.8834519572953736,0.8629310344827587,0.8618592528236316,0.8563484708063022,0.8523206751054853,0.8616924476797089,0.8641304347826086,0.8174532502226179,0.8092105263157895,0.8039895923677364,0.7885141294439381,0.7490808823529411,0.7523191094619666,0.7422867513611615,0.7221223021582733,0.6933920704845815,0.6637401229148375,0.6687555953446732,0.6663560111835974,0.625974025974026,0.6251154201292706,0.6146788990825688,0.6049165935030729,0.5788990825688073,0.5766164747564216,0.5875706214689266,0.5766550522648084,0.5910714285714286,0.5822550831792976,0.6046065259117083,0.6189624329159212,0.6138790035587188,0.6508820798514392,0.6375545851528385,0.6480293308890925,0.669877408056042,0.711864406779661,0.6978221415607986,0.7141568981064021
0.7381567614125754,0.761384335154827,0.763668430335097,0.7981220657276995,0.823937554206418,0.8091872791519434,0.8494825964252116,0.8476190476190476,0.8472344161545216,0.8623693379790941,0.8741905642923219,0.8716094032549728,0.8858939802336029,0.8670212765957447,0.8682581786030061,0.8628472222222222,0.8635547576301615,0.8637200736648251,0.8642533936651584,0.8525179856115108,0.7902930402930403,0.7980339588918678,0.7892376681614349,0.7713787085514834,0.7424778761061946,0.7357651245551602,0.6942508710801394,0.7238675958188153,0.6895674300254453,0.6678733031674208,0.6666666666666666,0.6535776614310645,0.6499102333931778,0.6043360433604336,0.630297565374211,0.6398190045248868,0.6092896174863388,0.6046099290780141,0.6282495667244368,0.6682646212847555,0.6248847926267281,0.6157243816254417,0.6338652482269503,0.6777081468218442,0.673721340388007,0.6854034451495921,0.6854130052724078,0.7218181818181818,0.724910394265233,0.7400185701021356,0.7532133676092545,0.7926605504587156,0.7810344827586206,0.8011310084825636,0.810958904109589,0.8297872340425532,0.8388540734109221,0.8517179023508138,0.8387395736793327,0.8756476683937824,0.8716577540106952,0.8963922294172063,0.878003696857671,0.8922528940338379,0.8655234657039711,0.876010781671159,0.8598047914818101,0.8481012658227848,0.8312387791741472,0.820814479638009,0.7973451327433628,0.8017391304347826,0.7788719785138765,0.7871772039180766,0.7556154537286612,0.7415946205571565,0.6748815165876777,0.6811224489795918,0.6615935541629364,0.6984698469846985,0.6604938271604939,0.6484736355226642,0.6543859649122807,0.6217430368373764,0.6442307692307693,0.6067415730337079,0.6135922330097088,0.5996360327570519,0.6359447004608295,0.6251198465963567,0.6340807174887892,0.6404293381037567,0.6151761517615176,0.6663669064748201,0.6578225068618482,0.6633574007220217,0.6873239436619718,0.7100802854594113,0.7079252003561888,0.7549668874172185
0.7709090909090909,0.7745187901008249,0.7994628469113697,0.8083720930232559,0.8306451612903226,0.8256637168141593,0.8479789103690686,0.8546132339235788,0.8540925266903915,0.8896991795806746,0.890652557319224,0.8782452999104745,0.8618307426597582,0.870817843866171,0.8767482517482518,0.8776223776223776,0.8608617594254937,0.8547486033519553,0.8624641833810889,0.8287037037037037,0.8192875760208514,0.8247903075489282,0.8015734265734266,0.7994628469113697,0.7864768683274022,0.759493670886076,0.7401869158878505,0.7335092348284961,0.703472840605521,0.7024346257889991,0.6861652739090065,0.6892502258355917,0.667584940312213,0.6889830508474576,0.6805807622504537,0.6690265486725664,0.6606005459508644,0.6549491211840888,0.6383970177073626,0.6617511520737327,0.6571691176470589,0.6538796861377506,0.6597836774827925,0.6817761332099908,0.6663636363636364,0.6757469244288224,0.7101449275362319,0.7384076990376203,0.7493087557603687,0.7336956521739131,0.7740259740259741,0.7841105354058722,0.7896200185356812,0.8251082251082251,0.8269049858889934,0.8428571428571429,0.8584229390681004,0.8711985688729875,0.8575174825174825,0.8799298860648553,0.8698817106460418,0.8889867841409692,0.8933962264150943,0.8843830888697153,0.8676607642124884,0.8494423791821561,0.8549127640036731,0.8391003460207612,0.8389679715302492,0.8392685274302214,0.818809318377912,0.8097826086956522,0.8045112781954887,0.7956989247311828,0.7787689562890276,0.7442075996292864,0.744122965641953,0.7429824561403509,0.6872727272727273,0.6830742659758203,0.6708296164139161,0.6570428696412949,0.6539763113367174,0.6513761467889908,0.649090909090909,0.642413487133984,0.6666666666666666,0.6160071942446043,0.6382405745062837,0.6420404573438874,0.6598030438675022,0.6631111111111111,0.668416447944007,0.6795937211449676,0.7175090252707581,0.7012089810017271,0.6964944649446494,0.7371737173717372,0.7459893048128342,0.7538048343777977
0.782051282051282,0.7978241160471442,0.8158844765342961,0.8074866310160428,0.8564814814814815,0.8431899641577061,0.8379341050756901,0.8627103631532329,0.8678899082568807,0.8884955752212389,0.8704710144927537,0.8936363636363637,0.8939962476547842,0.8906386701662292,0.889273356401384,0.8921052631578947,0.8782837127845884,0.8787878787878788,0.8406998158379374,0.8530973451327434,0.8419666374012291,0.8228621291448517,0.8114754098360656,0.810405643738977,0.7816836262719704,0.7718665464382326,0.7386980108499096,0.7170993733213966,0.7238805970149254,0.7376460017969452,0.706046511627907,0.6883239171374764,0.6971830985915493,0.672645739910314,0.63996399639964,0.6863849765258216,0.697196261682243,0.6371603856266433,0.6790009250693803,0.6733393994540491,0.6638733705772812,0.690748898678414,0.7040280210157618,0.6832579185520362,0.7092709270927092,0.7071362372567191,0.7511825922421949,0.7593778591033852,0.7453416149068323,0.7897674418604651,0.7799625468164794,0.8029772329246935,0.8094804010938924,0.840258541089566,0.8527336860670194,0.8535489667565139,0.8547681539807525,0.8681522748375116,0.8868258178603006,0.9004878048780488,0.8850877192982456,0.8980322003577818,0.888380603842635,0.8837209302325582,0.8762975778546713,0.8740601503759399,0.8800721370604148,0.88003663003663,0.8889925373134329,0.8579040852575488,0.819718309859155,0.8190045248868778,0.8215271389144434,0.7929475587703436,0.7882764654418197,0.7514018691588785,0.7664884135472371,0.7427272727272727,0.7175572519083969,0.7088607594936709,0.6990376202974629,0.7043558850787767,0.7023809523809523,0.6856127886323268,0.6828811973807296,0.6684684684684684,0.6576846307385229,0.6731793960923623,0.6591928251121076,0.6541484716157205,0.6504672897196262,0.7040358744394619,0.7020517395182873,0.7016574585635359,0.6999109528049866,0.720108695652174,0.7573182247403211,0.7642857142857142,0.7761862130707251,0.7863013698630137
0.781195079086116,0.8141361256544503,0.8392694063926941,0.8401709401709402,0.8451612903225807,0.8670829616413916,0.8453976764968723,0.8872987477638641,0.8831168831168831,0.8833792470156107,0.8925992779783394,0.9028156221616712,0.8824577025823687,0.8951241950321988,0.8958333333333334,0.8940338379341051,0.9010175763182239,0.875,0.8731884057971014,0.8605898123324397,0.8364279398762158,0.8321364452423698,0.8137164040778498,0.82483781278962,0.7737881508078994,0.7944700460829494,0.7536732929991357,0.7513181019332161,0.7383612662942272,0.7405703771849126,0.7271922054915855,0.706581352833638,0.7042380522993688,0.7217553688141923,0.692787177203918,0.683377308707124,0.6786678667866787,0.6907216494845361,0.680385288966725,0.7159190853122251,0.6709558823529411,0.6892502258355917,0.723826714801444,0.7451499118165785,0.7280071813285458,0.7587155963302752,0.7602131438721137,0.7407087294727744,0.7727272727272727,0.803236797274276,0.8206071757129715,0.8064220183486238,0.8373382624768947,0.8363471971066908,0.8602344454463481,0.8535681186283596,0.8717253839205059,0.8791405550581916,0.8801115241635687,0.8842897460018815,0.9107806691449815,0.9044642857142857,0.9012567324955116,0.8914069877242682,0.8801065719360568,0.8757346767422334,0.8723792160437557,0.8729582577132486,0.851952770208901,0.8563025210084033,0.8482758620689655,0.8443438914027149,0.8186573670444638,0.8009090909090909,0.8068283917340521,0.7767776777677767,0.7822506861848124,0.7467166979362101,0.7564543889845095,0.7396657871591908,0.7208029197080292,0.6858685868586859,0.6842105263157895,0.697463768115942,0.7058823529411765,0.7092320966350302,0.697754749568221,0.687037037037037,0.6885964912280702,0.7053009883198562,0.7215189873417721,0.7027027027027027,0.696577243293247,0.6966604823747681,0.7415437987857763,0.7082953509571559,0.7772685609532539,0.7528991971454059,0.7804208600182982,0.8067765567765568
0.7959719789842382,0.8142076502732241,0.8204911092294666,0.8458110516934046,0.8475935828877005,0.8672727272727273,0.8895652173913043,0.8917944093778178,0.8906955736224029,0.8880931065353626,0.8947826086956522,0.9145374449339208,0.9068541300527241,0.9136490250696379,0.9048042704626335,0.9130052724077329,0.8882733148661126,0.883441258094357,0.8681318681318682,0.8827838827838828,0.8552278820375335,0.8572752548656163,0.8243944636678201,0.8337825696316262,0.8044642857142857,0.7913043478260869,0.8024800708591674,0.7824529991047449,0.7628774422735346,0.7588652482269503,0.7727682596934174,0.7416741674167416,0.7080745341614907,0.709849157054126,0.6983578219533275,0.7079889807162535,0.6898678414096916,0.7265415549597856,0.7265774378585086,0.7218664226898445,0.7192205491585474,0.7384615384615385,0.7141527001862198,0.7373029772329247,0.7593582887700535,0.7319494584837545,0.7362542955326461,0.7805530776092774,0.7998204667863554,0.8290909090909091,0.8112379280070237,0.7991031390134529,0.8260481712756468,0.8518181818181818,0.8744354110207768,0.876599634369287,0.8878260869565218,0.8802129547471162,0.8992869875222816,0.8886844526218951,0.8933566433566433,0.895264116575592,0.9065836298932385,0.9131578947368421,0.9111310592459605,0.8954128440366973,0.8943661971830986,0.8773333333333333,0.8791405550581916,0.8640955004591369,0.8435498627630376,0.8246753246753247,0.8354092526690391,0.8269565217391305,0.8041237113402062,0.8134057971014492,0.8009174311926606,0.786453433678269,0.7490974729241877,0.7506925207756233,0.7482578397212544,0.7417923691215617,0.7335701598579041,0.7168989547038328,0.7332139659803044,0.7311233885819521,0.7220732797140303,0.7054545454545454,0.6947565543071161,0.7299465240641712,0.7080035180299032,0.7532808398950132,0.7615593834995467,0.7389418907198613,0.7324074074074074,0.7612076852698993,0.7686170212765957,0.7858376511226253,0.803886925795053,0.8049242424242424
0.8318264014466547,0.8286995515695067,0.8521816562778273,0.8514492753623188,0.8643171806167401,0.8734729493891797,0.891989198919892,0.8707607699358387,0.9053308823529411,0.8999122036874452,0.908695652173913,0.9169611307420494,0.9286335944299391,0.8990825688073395,0.9154676258992805,0.9053571428571429,0.8992673992673993,0.888380603842635,0.9104204753199269,0.8671390611160319,0.8716279069767442,0.856020942408377,0.8590425531914894,0.8253968253968254,0.826530612244898,0.80875781948168,0.8080072793448589,0.798951048951049,0.7971403038427167,0.7761194029850746,0.7768518518518519,0.7638062871707731,0.743879472693032,0.7473404255319149,0.7508561643835616,0.7552511415525114,0.7366030881017257,0.7555555555555555,0.7290379523389232,0.7622377622377622,0.7379310344827587,0.7780898876404494,0.7467811158798283,0.7548032936870998,0.8090586145648313,0.7665505226480837,0.7849860982391103,0.7817679558011049,0.8178438661710037,0.8058076225045372,0.8427065026362038,0.8456561922365989,0.862533692722372,0.8573868488471392,0.8333333333333334,0.8695255474452555,0.8823529411764706,0.9054054054054054,0.9070837166513339,0.9028520499108734,0.9080882352941176,0.910351201478743,0.9106498194945848,0.9077757685352622,0.916892502258356,0.9165137614678899,0.8958333333333334,0.9052132701421801,0.894829097283085,0.8737419945105215,0.8758680555555556,0.8584070796460177,0.8456201214223764,0.8340807174887892,0.8169014084507042,0.8218442256042973,0.8118081180811808,0.8005415162454874,0.7912488605287147,0.7641764176417641,0.7850045167118338,0.7310155535224153,0.7669376693766937,0.7133928571428572,0.7580935251798561,0.7320319432120674,0.7538322813345356,0.7609710550887021,0.7132551848512173,0.7373558118899733,0.7659176029962547,0.7565217391304347,0.75,0.7717584369449378,0.7777777777777778,0.7784642541924095,0.7943396226415095,0.8072072072072072,0.811063829787234,0.8105924596050269
0.8182632050134289,0.8589861751152074,0.8715846994535519,0.879475982532751,0.8689717925386715,0.8821989528795812,0.8983957219251337,0.903485254691689,0.9170593779453345,0.9101123595505618,0.9211267605633803,0.9119718309859155,0.9054770318021201,0.9230072463768116,0.9091718610863758,0.916303400174368,0.9107142857142857,0.9112149532710281,0.9102787456445993,0.8977777777777778,0.8893023255813953,0.8580413297394429,0.8371478873239436,0.8485617597292724,0.8432432432432433,0.8478260869565217,0.8005226480836237,0.8149819494584838,0.8191000918273645,0.8112338858195212,0.7895204262877442,0.7853107344632768,0.7891402714932126,0.78,0.7883008356545961,0.7512998266897747,0.7594381035996488,0.7549549549549549,0.7546125461254612,0.7647584973166368,0.7717996289424861,0.7606142728093948,0.7643835616438356,0.8014571948998178,0.7987697715289982,0.7724770642201835,0.7976513098464318,0.815622161671208,0.8280701754385965,0.8284703801945181,0.8447789275634995,0.8463661453541859,0.8637961335676626,0.8910540301151462,0.898014440433213,0.8927958833619211,0.8987124463519314,0.9122486288848263,0.9067005937234945,0.9221719457013575,0.9235976789168279,0.9151193633952255,0.934612031386225,0.9073569482288828,0.9187214611872146,0.91324200913242,0.9050470487596236,0.9074235807860263,0.9025239338555265,0.8806767586821015,0.8934859154929577,0.8778696051423324,0.8696857670979667,0.8524590163934426,0.8513274336283185,0.8383928571428572,0.8304307974335472,0.825,0.8224043715846995,0.8103448275862069,0.8043478260869565,0.7805983680870353,0.78125,0.7522123893805309,0.7469352014010507,0.7495575221238938,0.756490599820949,0.7558906691800189,0.7571825764596849,0.7786960514233241,0.7708333333333334,0.7634408602150538,0.7552130553037172,0.7781629116117851,0.7642201834862385,0.8092691622103387,0.7990654205607477,0.8402061855670103,0.8281519861830743,0.8611111111111112
0.8484018264840183,0.8504854368932039,0.8791002811621368,0.8858162355040142,0.8857630008525149,0.8890845070422535,0.8955357142857143,0.9177101967799642,0.9038128249566725,0.924908424908425,0.9263531499556344,0.9243856332703214,0.9344115004492363,0.9226666666666666,0.9119922630560928,0.9308755760368663,0.9120781527531083,0.9163669064748201,0.9090909090909091,0.8992869875222816,0.8847845206684257,0.891588785046729,0.8826714801444043,0.8650793650793651,0.8579387186629527,0.8484018264840183,0.8197278911564626,0.8393177737881508,0.8194816800714924,0.7985004686035614,0.842346471127406,0.8039391226499553,0.8014375561545373,0.7899910634495085,0.7945566286215979,0.773851590106007,0.7814207650273224,0.7796167247386759,0.7745716862037872,0.795260663507109,0.8149532710280374,0.7802491103202847,0.811304347826087,0.7803365810451727,0.7744360902255639,0.810970464135021,0.8235840297121634,0.8221830985915493,0.8273703041144902,0.858281665190434,0.8604038630377524,0.8588899341486359,0.8627103631532329,0.8936731107205624,0.8959790209790209,0.8964912280701754,0.9085201793721973,0.9215328467153284,0.92,0.9233610341643582,0.918848167539267,0.912478336221837,0.927170868347339,0.9356521739130435,0.9145907473309609,0.9092558983666061,0.9298561151079137,0.9045045045045045,0.9087488240827846,0.9230096237970253,0.8991825613079019,0.8896925858951176,0.8645928636779506,0.8614834673815907,0.8577857785778578,0.8526863084922011,0.8302583025830258,0.8142076502732241,0.8108348134991119,0.8118532455315146,0.7975243147656941,0.7948490230905861,0.8021680216802168,0.8056057866184448,0.800185873605948,0.7851919561243145,0.7532467532467533,0.7936363636363636,0.7773882559158632,0.7902033271719039,0.7957371225577264,0.8112338858195212,0.7899231426131511,0.8027397260273973,0.8107142857142857,0.8191214470284238,0.819870009285051,0.8254113345521024,0.8331870061457419,0.8526119402985075
0.875,0.8805970149253731,0.8944995491433724,0.8895131086142322,0.8942652329749103,0.901595744680851,0.9161518093556928,0.9128595600676819,0.9225865209471766,0.929140832595217,0.9243623570800352,0.9239610963748894,0.9340949033391915,0.9320388349514563,0.9220549158547388,0.9191449814126395,0.9329159212880143,0.9247311827956989,0.9255419415645617,0.9210526315789473,0.8922934076137419,0.9054770318021201,0.9100917431192661,0.8946015424164524,0.8673740053050398,0.8687615526802218,0.8461538461538461,0.8389084507042254,0.8428063943161634,0.8202348690153568,0.8184331797235023,0.8053016453382084,0.8119738072965388,0.8186619718309859,0.8132059079061685,0.7962166809974205,0.8101028999064547,0.8057090239410681,0.8056537102473498,0.8065693430656934,0.8083941605839416,0.8160504959422904,0.8107869142351901,0.8058771148708815,0.8336206896551724,0.8456078083407276,0.8461538461538461,0.8416742493175614,0.8567818028643639,0.8740601503759399,0.8721461187214612,0.8780053428317008,0.8802129547471162,0.8988149498632635,0.9172473867595818,0.9211502782931354,0.9069973427812223,0.9207579672695951,0.9212962962962963,0.9297297297297298,0.9397697077059345,0.9308231173380035,0.9337068160597572,0.9380530973451328,0.9446845289541919,0.9142857142857143,0.9364214350590372,0.9246511627906977,0.9192439862542955,0.9255411255411256,0.894257064721969,0.8954545454545455,0.8811252268602541,0.8928571428571429,0.8760180995475113,0.8604240282685512,0.8567467652495379,0.8599464763603925,0.8170731707317073,0.8283510125361621,0.8247330960854092,0.8160504959422904,0.8187556357078449,0.83,0.7962489343563512,0.8355640535372849,0.809865470852018,0.8020446096654275,0.8053333333333333,0.8101382488479263,0.8193493150684932,0.8089686098654708,0.8211009174311926,0.8291139240506329,0.837465564738292,0.8301716350496838,0.8538175046554934,0.8549410698096102,0.8549905838041432,0.8652482269503546
0.8875576036866359,0.8755595344673232,0.9070397111913358,0.911504424778761,0.9069548872180451,0.92188919164396,0.9232851985559567,0.925756186984418,0.9192100538599641,0.9463276836158192,0.9529837251356239,0.9341155234657039,0.9354838709677419,0.9287003610108303,0.9501312335958005,0.9358196010407632,0.9492619926199262,0.9410729991204925,0.9323447636700649,0.9228723404255319,0.9213583556747096,0.9187913125590179,0.902014652014652,0.8945945945945946,0.8982898289828983,0.8800358102059087,0.8585496866606983,0.8656583629893239,0.8473282442748091,0.8531468531468531,0.8575221238938053,0.8310991957104558,0.8318661971830986,0.8166666666666667,0.8352422907488987,0.8216981132075472,0.8314509122502172,0.8047882136279927,0.8229537366548043,0.8174603174603174,0.8233082706766918,0.8212290502793296,0.8328912466843501,0.822380106571936,0.8330324909747292,0.8505244755244755,0.8585496866606983,0.8676207513416816,0.8755516328331863,0.8921739130434783,0.8881118881118881,0.8887900355871886,0.9024390243902439,0.9072907290729073,0.9149130832570905,0.9207373271889401,0.9166666666666666,0.9227430555555556,0.921803127874885,0.9454545454545454,0.9433126660761736,0.9428822495606327,0.9280639431616341,0.9452296819787986,0.9309718437783833,0.9407008086253369,0.923278116826504,0.9289667896678967,0.9293809938971229,0.9086879432624113,0.9141552511415525,0.9165120593692022,0.8998211091234347,0.8942042318307267,0.8727106227106227,0.8572687224669604,0.8894927536231884,0.8556611927398444,0.8489535941765242,0.8358608385370205,0.8296751536435469,0.8487940630797773,0.8171846435100548,0.8428835489833642,0.8224471021159153,0.8197945845004668,0.8262955854126679,0.8125577100646353,0.8283378746594006,0.8308823529411765,0.8345195729537367,0.8181818181818182,0.8466960352422908,0.831304347826087,0.8519148936170213,0.8487544483985765,0.8559928443649374,0.8767985611510791,0.8806921675774135,0.8748866727107888
0.897716894977169,0.8980716253443526,0.9064748201438849,0.9237132352941176,0.921875,0.9239332096474954,0.9166666666666666,0.9414758269720102,0.9339712918660287,0.9412844036697248,0.9338040600176523,0.944153577661431,0.9489981785063752,0.9486709440879927,0.9380863039399625,0.9494274809160306,0.9454049135577798,0.930379746835443,0.940677966101695,0.9371681415929204,0.9257294429708223,0.9262152777777778,0.9205933682373473,0.9190432382704692,0.888,0.8909426987060998,0.8744354110207768,0.8798554652213189,0.8615520282186949,0.8695652173913043,0.8595664467483506,0.8703870387038704,0.8683522231909329,0.8485130111524164,0.8428701180744778,0.8452696728558797,0.8254847645429363,0.8423963133640553,0.8411552346570397,0.8387096774193549,0.8348457350272233,0.8475665748393021,0.85,0.8449820788530465,0.8568888888888889,0.8655234657039711,0.8637200736648251,0.8788142981691369,0.9009009009009009,0.871889400921659,0.9042076991942704,0.8992932862190812,0.904572564612326,0.9219982471516214,0.9173333333333333,0.9311594202898551,0.9378937893789379,0.9303621169916435,0.9413333333333334,0.9527272727272728,0.9273897058823529,0.9405940594059405,0.9461805555555556,0.9511343804537522,0.9420916162489196,0.9427609427609428,0.935429056924384,0.9334500875656743,0.9423984891406988,0.9261565836298933,0.9287722586691659,0.9132653061224489,0.9094170403587444,0.9125874125874126,0.9133640552995391,0.8997314234556849,0.8825722273998136,0.8929219600725953,0.860633484162896,0.8783658310120706,0.8508026440037771,0.869605142332415,0.8517145505097312,0.8533455545371219,0.8531278331822303,0.8399638336347197,0.8180196253345228,0.8528058877644894,0.8340971585701191,0.8532272325375774,0.8531021897810219,0.8636779505946935,0.8666069829901522,0.8646616541353384,0.8622009569377991,0.8783902012248469,0.8736363636363637,0.8935226264418811,0.8810810810810811,0.8881987577639752
0.895264116575592,0.9155052264808362,0.9268953068592057,0.9252873563218391,0.9266304347826086,0.9349220898258478,0.9324200913242009,0.9467713787085514,0.9389920424403183,0.947075208913649,0.9488789237668162,0.9570093457943926,0.950477845351868,0.9612903225806452,0.9464285714285714,0.9419124218051832,0.9474621549421193,0.9511754068716094,0.9488291413703382,0.9366515837104072,0.9373865698729582,0.9320652173913043,0.9263636363636364,0.9225023342670402,0.9141323792486583,0.90999099909991,0.9001848428835489,0.8943396226415095,0.9004444444444445,0.8830570902394107,0.8864628820960698,0.8711864406779661,0.8624667258207631,0.8587719298245614,0.8642732049036778,0.8592870544090057,0.8485663082437276,0.8637602179836512,0.8591800356506238,0.8699397071490095,0.8646288209606987,0.8737233054781801,0.8761220825852782,0.8722222222222222,0.8859813084112149,0.8771929824561403,0.8974591651542649,0.8938992042440318,0.9075704225352113,0.918656056587091,0.9051029543419875,0.9013574660633484,0.9119850187265918,0.9316888045540797,0.9325744308231173,0.9412296564195298,0.9576816927322908,0.9367201426024956,0.9543336439888164,0.9514991181657848,0.9492151431209603,0.9516423357664233,0.946113074204947,0.9613970588235294,0.9480401093892434,0.9476394849785408,0.9417897480451781,0.9334470989761092,0.930783242258652,0.9366515837104072,0.927240461401952,0.9183856502242153,0.9143372407574392,0.9164370982552801,0.9185840707964602,0.922509225092251,0.8830935251798561,0.8761061946902655,0.904,0.8928892889288929,0.8756660746003553,0.8832252085264134,0.8583106267029973,0.8772770853307766,0.855475763016158,0.8503521126760564,0.8676081200353045,0.8663282571912013,0.8643122676579925,0.871313672922252,0.8594827586206897,0.8686779059449867,0.8731884057971014,0.8768558951965065,0.8831985624438454,0.888,0.8881700554528651,0.9049265341400173,0.9177330895795247,0.923006416131989
0.9124218051831993,0.9241499564080209,0.9416517055655296,0.9253456221198156,0.9282511210762332,0.957542908762421,0.954341987466428,0.9528384279475982,0.9526842584167425,0.9600725952813067,0.9543795620437956,0.9560841720036597,0.9481546572934973,0.9586776859504132,0.9635369188696444,0.9627059843885516,0.9568075117370892,0.9617437722419929,0.9447322970639033,0.9484978540772532,0.9552511415525115,0.9417652411282984,0.9435626102292769,0.9229374433363554,0.9290843806104129,0.9056099732858415,0.9158964879852126,0.9237918215613383,0.9111310592459605,0.8880597014925373,0.8956140350877193,0.8700934579439252,0.8875793291024479,0.8842756183745583,0.8757497857754927,0.8992537313432836,0.8870255957634599,0.8712871287128713,0.8743315508021391,0.8705234159779615,0.8909426987060998,0.8638373121131742,0.8761140819964349,0.884963768115942,0.8834355828220859,0.8984098939929329,0.903863432165319,0.9037162162162162,0.9054545454545454,0.9037433155080213,0.9385633270321361,0.9325946445060018,0.9500891265597148,0.936697247706422,0.9417840375586854,0.9481680071492404,0.9487410071942446,0.9442946990116802,0.954995499549955,0.9584462511291779,0.9565217391304348,0.9592198581560284,0.9619909502262444,0.966726618705036,0.9565957446808511,0.9490616621983914,0.9529724933451642,0.9562554680664916,0.9454870420017873,0.9432432432432433,0.942883046237534,0.9286971830985915,0.9290263876251137,0.9209809264305178,0.9255813953488372,0.9079069767441861,0.9179869524697111,0.9040622299049266,0.9043560606060606,0.8809523809523809,0.8889916743755781,0.8957795004306632,0.8901996370235935,0.8825136612021858,0.8834080717488789,0.88,0.89,0.8769633507853403,0.8869485294117647,0.8886925795053003,0.8915343915343915,0.9084033613445378,0.8873602751504729,0.8952042628774423,0.8980322003577818,0.9143932267168391,0.9148566463944396,0.9133154602323503,0.9215509467989179,0.9247706422018349
0.9251577998196574,0.9486948694869487,0.9428312159709619,0.9509366636931311,0.9429081177520071,0.94579945799458,0.950316169828365,0.9532374100719424,0.9446366782006921,0.9721739130434782,0.9727831431079894,0.9637618636755824,0.9664246823956443,0.9637809187279152,0.9595588235294118,0.9623992837958818,0.9518181818181818,0.9568480300187617,0.9706136560069144,0.9573333333333334,0.9474145486415425,0.9289568345323741,0.9358523725834798,0.9387755102040817,0.9416666666666667,0.9395017793594306,0.927689594356261,0.9199288256227758,0.9255014326647565,0.9147005444646098,0.9052437902483901,0.907608695652174,0.902972027972028,0.8960573476702509,0.9064171122994652,0.9105166051660517,0.9056261343012704,0.8906107566089334,0.912848158131177,0.891588785046729,0.908703071672355,0.9074074074074074,0.8973660308810173,0.9004524886877828,0.9103139013452914,0.9063636363636364,0.8980392156862745,0.926056338028169,0.9157254561251086,0.9248251748251748,0.9327014218009478,0.9205058717253839,0.9520295202952029,0.943900267141585,0.9478021978021978,0.9491525423728814,0.9554950045413261,0.9488117001828154,0.9616438356164384,0.9610507246376812,0.9720972097209721,0.9619805481874447,0.973404255319149,0.9621072088724584,0.9704301075268817,0.9563239308462238,0.9628318584070796,0.9564032697547684,0.9615728328865059,0.9519572953736655,0.9495875343721356,0.9267461669505963,0.9385171790235082,0.9477064220183486,0.9390459363957597,0.9351111111111111,0.9302949061662198,0.9059674502712477,0.922077922077922,0.8999129677980853,0.9000868809730669,0.916958041958042,0.9083700440528635,0.9014567266495287,0.8987566607460036,0.9014951627088831,0.8869801084990958,0.8921124206708976,0.8944591029023746,0.8938740293356342,0.9023722627737226,0.8972972972972973,0.9043859649122807,0.9115770282588879,0.9120073327222732,0.9101527403414196,0.9099821746880571,0.9152838427947598,0.9304426377597109,0.91971454058876
0.937888198757764,0.9420289855072463,0.9464944649446494,0.9604891815616181,0.9499536607970342,0.9578651685393258,0.9598540145985401,0.9682259488084731,0.9609035621198957,0.95837023914969,0.9745523091423186,0.9719363891487371,0.9718574108818011,0.9796460176991151,0.9740376007162042,0.9731977818853974,0.9730769230769231,0.9674868189806678,0.9688679245283018,0.9561243144424132,0.9495128432240921,0.9532110091743119,0.9535941765241128,0.9522998296422487,0.9408553230209281,0.9406113537117904,0.9354838709677419,0.9315315315315316,0.9334532374100719,0.9363799283154122,0.9242424242424242,0.9142857142857143,0.9196428571428571,0.9120781527531083,0.9069767441860465,0.9175355450236967,0.8905829596412556,0.914018691588785,0.9130060292850991,0.9117370892018779,0.9246935201401051,0.9109090909090909,0.9156521739130434,0.9087656529516994,0.9199648197009674,0.9242009132420091,0.9345549738219895,0.9413854351687388,0.935862691960253,0.95013357079252,0.9508050089445438,0.9464763603925067,0.9608378870673953,0.9541446208112875,0.9580357142857143,0.9601113172541744,0.9661458333333334,0.9696412143514259,0.9667590027700831,0.9690189328743546,0.968833481745325,0.9759572573463936,0.9614349775784753,0.968065693430657,0.9784560143626571,0.9663793103448276,0.9707446808510638,0.9608355091383812,0.9671564390665515,0.9604891815616181,0.9508489722966935,0.9498607242339833,0.9526362823949955,0.9411255411255411,0.9431500465983225,0.9448961156278229,0.9310035842293907,0.9139492753623188,0.9365079365079365,0.9230769230769231,0.9245785270629991,0.9044183949504058,0.9206066012488849,0.8972972972972973,0.8957597173144877,0.895852534562212,0.9121863799283154,0.9255039439088519,0.9157155399473222,0.9182389937106918,0.9099264705882353,0.9230769230769231,0.9206642066420664,0.9188224799286352,0.9280510018214936,0.926497277676951,0.9317343173431735,0.9300341296928327,0.9363957597173145,0.9420560747663551
0.9571948998178507,0.9589285714285715,0.9542124542124543,0.962037037037037,0.9607476635514018,0.9614349775784753,0.9741992882562278,0.968,0.9715099715099715,0.9826166514181153,0.9855203619909503,0.9745166959578208,0.9715025906735751,0.9740376007162042,0.986400725294651,0.9808568824065633,0.9762557077625571,0.971894832275612,0.9627611262488647,0.9693520140105079,0.9592529711375212,0.9509632224168126,0.9632867132867133,0.9609929078014184,0.9522546419098143,0.9348623853211009,0.9508050089445438,0.9388489208633094,0.9339704604691572,0.944954128440367,0.9370437956204379,0.9446428571428571,0.9323374340949033,0.9307897071872228,0.9294871794871795,0.9298701298701298,0.9373246024321796,0.9249116607773852,0.9305555555555556,0.9338768115942029,0.934056007226739,0.9324932493249325,0.9357884796978282,0.9305962854349951,0.9353049907578558,0.9342934293429342,0.9428303655107779,0.9535683576956148,0.9505736981465137,0.9495213228894691,0.95,0.9685534591194969,0.9535747446610956,0.9666080843585237,0.9582146248812915,0.9666666666666667,0.9658356417359187,0.9664551223934723,0.976929902395741,0.9777580071174378,0.9733333333333334,0.9751381215469613,0.976491862567812,0.9779208831646734,0.9826800364630811,0.9691189827429609,0.9772528433945756,0.9688888888888889,0.9660714285714286,0.9656387665198238,0.9530026109660574,0.968430826369545,0.9623137598597721,0.9471326164874552,0.9406554472984943,0.9464763603925067,0.9468085106382979,0.9332146037399822,0.9460694698354661,0.9359095193213949,0.9455719557195572,0.9298245614035088,0.9290909090909091,0.9223907225691347,0.9241706161137441,0.9225922592259226,0.9273066169617894,0.931433659839715,0.9196113074204947,0.9306466729147141,0.9236111111111112,0.9377738825591586,0.9344262295081968,0.9321880650994575,0.941398865784499,0.9432558139534883,0.9519572953736655,0.9436253252385083,0.957427536231884,0.9441860465116279
0.9598572702943801,0.9638242894056848,0.9619312906220984,0.9579478553406223,0.9730458221024259,0.9774109470026064,0.974706413730804,0.9782016348773842,0.9840989399293286,0.9771328056288479,0.984,0.9831410825199645,0.9733210671573137,0.9807868252516011,0.9875111507582516,0.9840674789128397,0.98014440433213,0.9805996472663139,0.9862511457378552,0.9787430683918669,0.9751838235294118,0.9691358024691358,0.9559808612440192,0.9620141342756183,0.9691588785046729,0.9605263157894737,0.9651785714285714,0.9511343804537522,0.9438914027149321,0.9555345316934721,0.9471766848816029,0.9463971880492091,0.9316317228805834,0.9400544959128065,0.9392070484581497,0.9494232475598935,0.9503916449086162,0.9270833333333334,0.9352112676056338,0.9400715563506261,0.9397590361445783,0.9463327370304114,0.9483814523184602,0.9467889908256881,0.9472759226713533,0.9611562782294489,0.9618249534450651,0.9558011049723757,0.9595323741007195,0.9560117302052786,0.967600700525394,0.9724444444444444,0.9667541557305337,0.9744058500914077,0.98359161349134,0.974539069359087,0.9762989972652689,0.9804618117229129,0.9825021872265967,0.9787775891341256,0.9847533632286996,0.9780420860018298,0.9794091316025068,0.9785330948121646,0.9782411604714415,0.982094897045658,0.9759481961147086,0.9757412398921833,0.9728506787330317,0.9726027397260274,0.971027216856892,0.9677708146821844,0.9606227106227107,0.9665461121157324,0.9556561085972851,0.966934763181412,0.9539007092198581,0.9565217391304348,0.9542543458371455,0.9506493506493506,0.9518619436875567,0.9414990859232175,0.9482758620689655,0.9484444444444444,0.9412844036697248,0.9373271889400921,0.9566420664206642,0.9382379654859219,0.9355432780847146,0.94,0.9410211267605634,0.9380203515263644,0.9483695652173914,0.9387947269303202,0.9540337711069419,0.9540863177226814,0.9537366548042705,0.9586077140169332,0.9643175735950045,0.953941541186891
0.9696699375557538,0.9625761531766753,0.9673539518900344,0.9656729900632339,0.974716652136007,0.97931654676259,0.974706413730804,0.9805137289636847,0.9695340501792115,0.9863760217983651,0.986784140969163,0.9814487632508834,0.9846570397111913,0.9861495844875346,0.9816681943171403,0.9864130434782609,0.9832558139534884,0.9732225300092336,0.971996386630533,0.974025974025974,0.983739837398374,0.9770723104056437,0.9765976597659766,0.9726027397260274,0.9702797202797203,0.9575253924284395,0.9770925110132158,0.9523809523809523,0.964221824686941,0.9680284191829485,0.951048951048951,0.9585958595859586,0.9684838160136287,0.9617723718505647,0.9579606440071556,0.9472743521000894,0.9629629629629629,0.9548672566371681,0.9394987035436474,0.9540133779264214,0.9586397058823529,0.9618456078083407,0.9619805481874447,0.9594959495949595,0.968503937007874,0.96289592760181,0.9595070422535211,0.9558441558441558,0.9584086799276673,0.9762773722627737,0.9763779527559056,0.9736123748862603,0.9707495429616088,0.9817017383348582,0.9785714285714285,0.9857142857142858,0.9743362831858408,0.9769503546099291,0.9830985915492958,0.9840142095914742,0.9834782608695652,0.9899082568807339,0.9780420860018298,0.981300089047195,0.9850885368126747,0.9829290206648698,0.9821587867975022,0.9838565022421525,0.9835164835164835,0.974907063197026,0.9788797061524335,0.9691085613415711,0.9749776586237712,0.9790393013100437,0.9749536178107606,0.9671532846715328,0.9732528041415013,0.9541041482789056,0.957092819614711,0.9494949494949495,0.9552772808586762,0.9508928571428571,0.9466421343146274,0.9511737089201878,0.9552102376599635,0.9535315985130112,0.9473684210526315,0.9488536155202821,0.9527145359019265,0.9533213644524237,0.9689497716894977,0.9436123348017621,0.944,0.9522497704315886,0.9551692589204026,0.9611307420494699,0.9602888086642599,0.9615040286481648,0.9653979238754326,0.9723953695458593
0.9760147601476015,0.9752650176678446,0.9825174825174825,0.9872340425531915,0.9826839826839827,0.9823477493380406,0.9867256637168141,0.9872611464968153,0.9903169014084507,0.9901610017889088,0.9852302345786272,0.9854545454545455,0.9928571428571429,0.9842657342657343,0.986737400530504,0.9881494986326345,0.9874326750448833,0.9825046040515654,0.9812206572769953,0.9845227858985383,0.9729486023444545,0.9779929577464789,0.977859778597786,0.9848349687778769,0.975736568457539,0.9822537710736469,0.972027972027972,0.9737080689029919,0.9630630630630631,0.961789375582479,0.9659498207885304,0.9564007421150278,0.9551056338028169,0.971830985915493,0.9581151832460733,0.9555966697502313,0.9669642857142857,0.9535095715587967,0.9609838846480068,0.9540863177226814,0.9573378839590444,0.9572490706319703,0.969472710453284,0.9513314967860422,0.9620721554116559,0.9640035118525022,0.9727831431079894,0.9688850475367329,0.9789103690685413,0.9735642661804923,0.9728464419475655,0.9818016378525932,0.9828209764918626,0.9696969696969697,0.9824561403508771,0.9852262234533703,0.9758713136729222,0.9872842870118075,0.9844290657439446,0.9858781994704324,0.9862896315338475,0.9870848708487084,0.9867139061116031,0.9899817850637522,0.984360625574977,0.9846153846153847,0.9799453053783045,0.9891304347826086,0.9862763037511436,0.9820627802690582,0.9800181653042689,0.9833948339483395,0.9724689165186501,0.9822695035460993,0.9747520288548241,0.9628975265017667,0.9752348420153715,0.9703153988868275,0.9646551724137931,0.9739442946990117,0.9585211902614968,0.9738738738738739,0.9686635944700461,0.960514233241506,0.9663120567375887,0.9698354661791591,0.9635701275045537,0.966041108132261,0.968944099378882,0.9648331830477908,0.9653333333333334,0.9571428571428572,0.9660697455230914,0.9691358024691358,0.9664551223934723,0.9642233856893543,0.9748201438848921,0.9719298245614035,0.9795008912655971,0.971689497716895
0.9767441860465116,0.977797513321492,0.9880624426078971,0.9877729257641922,0.9859022556390977,0.9890510948905109,0.9869109947643979,0.9926940639269406,0.9902740937223696,0.9917431192660551,0.9935004642525533,0.994535519125683,0.9920141969831411,0.9891891891891892,0.9902654867256637,0.9906621392190152,0.9901960784313726,0.9864620938628159,0.9907749077490775,0.9929078014184397,0.9844179651695693,0.9917355371900827,0.9917883211678832,0.9842738205365402,0.9792043399638336,0.9794275491949911,0.9739910313901345,0.9887445887445887,0.9819819819819819,0.9804651162790697,0.978494623655914,0.9811827956989247,0.9774571686203787,0.9829749103942652,0.9738738738738739,0.9744245524296675,0.9781277340332458,0.9765258215962441,0.9765917602996255,0.9750223015165032,0.9670525378450578,0.9693520140105079,0.9756756756756757,0.9805555555555555,0.9791288566243194,0.9766606822262118,0.9763705103969754,0.9732065687121867,0.9776055124892334,0.9782608695652174,0.9797794117647058,0.9901697944593387,0.9893805309734514,0.9819168173598554,0.9893048128342246,0.9929078014184397,0.9936189608021878,0.9871323529411765,0.9898804047838087,0.9947780678851175,0.9895470383275261,0.992773261065944,0.9859525899912204,0.9827586206896551,0.9937106918238994,0.9927601809954751,0.9913941480206541,0.9857524487978628,0.9922212618841832,0.9885864793678666,0.9860262008733625,0.9917127071823204,0.9814814814814815,0.9862888482632541,0.9830508474576272,0.9804618117229129,0.9805309734513274,0.9729965156794426,0.9830938292476754,0.97506678539626,0.9775583482944344,0.9761686526122824,0.9747899159663865,0.9699054170249355,0.9710669077757685,0.9762340036563071,0.9746001881467544,0.975914362176628,0.9801038062283737,0.9737302977232924,0.9640287769784173,0.9798422436459246,0.9763481551561022,0.980244590780809,0.9778761061946902,0.9825528007346189,0.982094897045658,0.9786096256684492,0.9833178869323448,0.9857651245551602
0.9882352941176471,0.9907493061979649,0.989786443825441,0.9891500904159132,0.9897959183673469,0.9928825622775801,0.9917808219178083,0.9939130434782608,0.9953401677539608,0.9890310786106032,0.9949152542372881,0.994052676295667,0.9938053097345133,0.992633517495396,0.9931330472103004,0.9849157054125999,0.9902222222222222,0.9882459312839059,0.9906143344709898,0.9945750452079566,0.9927470534904805,0.9898897058823529,0.9884238646482636,0.9853076216712581,0.9919137466307277,0.9946428571428572,0.9894644424934153,0.9851268591426072,0.9802690582959641,0.9868881118881119,0.9864986498649865,0.979381443298969,0.9872842870118075,0.9836363636363636,0.9861231569817867,0.9800543970988214,0.9766233766233766,0.9772129710780018,0.9782797567332754,0.9879518072289156,0.980126467931346,0.9837691614066727,0.9838709677419355,0.9836769759450171,0.9836956521739131,0.9823788546255506,0.9837251356238698,0.9851714550509731,0.9892569382273948,0.9917582417582418,0.9954669084315503,0.9895038167938931,0.9910554561717353,0.9898523985239852,0.9876106194690265,0.9916279069767442,0.9955476402493322,0.9925163704396632,0.9944700460829493,0.9927797833935018,0.9928635147190009,0.9894459102902374,0.9924314096499527,0.9939024390243902,0.9934456928838952,0.9938434476693052,0.9922413793103448,0.993676603432701,0.9900542495479204,0.9933962264150943,0.994413407821229,0.9918181818181818,0.9888123924268503,0.9872842870118075,0.9925925925925926,0.9830960854092526,0.9856502242152466,0.9841860465116279,0.9852670349907919,0.9857397504456328,0.9882988298829883,0.9827429609445958,0.9860853432282004,0.9843462246777164,0.9803586678052946,0.9762773722627737,0.9808529155787642,0.9879518072289156,0.9791485664639444,0.9820585457979226,0.9811659192825112,0.9862385321100917,0.9856759176365264,0.9911347517730497,0.9840425531914894,0.9859278803869833,0.9861751152073732,0.9862763037511436,0.9938757655293088,0.9901168014375562
0.9853826311263972,0.9913194444444444,0.9919427036705462,0.9972627737226277,0.9954586739327884,0.9939393939393939,0.9931506849315068,0.9891205802357208,0.9974747474747475,0.9954627949183303,0.9972170686456401,0.9940978077571669,0.9972093023255814,0.9946091644204852,0.9981360671015843,0.9945404913557779,0.994579945799458,0.9955357142857143,0.9973776223776224,0.9905090595340811,0.9972948602344455,0.9916897506925207,0.9928952042628775,0.9865831842576028,0.987012987012987,0.9935483870967742,0.9901345291479821,0.9902222222222222,0.9882988298829883,0.9899175068744271,0.9882139619220308,0.9901960784313726,0.9857651245551602,0.9875120076849183,0.9904761904761905,0.9855203619909503,0.9917582417582418,0.9872611464968153,0.9928571428571429,0.9884649511978705,0.9915492957746479,0.9839857651245552,0.9877934272300469,0.9878844361602982,0.9865229110512129,0.987037037037037,0.9919137466307277,0.9885361552028219,0.9920774647887324,0.9901433691756273,0.9954296160877514,0.9893805309734514,0.9929824561403509,0.9936993699369937,0.9964912280701754,0.993897122929381,0.9965187119234117,0.9926672777268561,0.9965277777777778,0.9945945945945946,0.9963768115942029,0.9963603275705186,0.9964028776978417,0.9982593559617058,0.9945602901178604,0.9982578397212544,0.9927927927927928,0.9954954954954955,0.9945054945054945,0.9909584086799277,0.993025283347864,0.9936131386861314,0.9910793933987511,0.9897674418604652,0.9902048085485308,0.9891891891891892,0.989247311827957,0.9872262773722628,0.9917355371900827,0.989492119089317,0.9917506874427131,0.9944598337950139,0.9878472222222222,0.991166077738516,0.9855203619909503,0.9883720930232558,0.9891891891891892,0.9893805309734514,0.9846014492753623,0.9871794871794872,0.9981900452488688,0.9867724867724867,0.9903677758318739,0.9873987398739874,0.9963800904977376,0.9896810506566605,0.9938053097345133,0.9913378248315688,0.9945602901178604,0.9898804047838087
0.9921397379912664,0.9945504087193461,0.9953917050691244,0.997398091934085,0.9963403476669717,0.9962859795728877,0.9982316534040672,0.995640802092415,0.9953874538745388,0.9972041006523765,0.9964125560538116,0.9982547993019197,0.9971936389148737,0.9991103202846975,0.9982440737489026,0.99822695035461,0.9956933677863911,0.9947414548641542,0.9952696310312205,0.9972875226039783,0.9962721342031687,0.9954086317722681,0.995575221238938,0.9953271028037384,0.9973309608540926,0.9955555555555555,0.996265172735761,0.9965004374453194,0.992773261065944,0.9965665236051502,0.9964028776978417,0.9953959484346224,0.9944649446494465,0.993607305936073,0.9945255474452555,0.9869281045751634,0.9927272727272727,0.9945945945945946,0.9954586739327884,0.9956293706293706,0.9935661764705882,0.9887640449438202,0.9964028776978417,0.9954669084315503,0.9962894248608535,0.9955634427684117,0.9945004582951421,0.9935185185185185,0.9974337040205303,0.9962476547842402,0.9936651583710407,0.9973333333333333,0.996524761077324,0.9974662162162162,0.9983093829247676,0.9972375690607734,0.996548748921484,0.9944392956441149,0.9973166368515206,0.9981998199819982,0.9974489795918368,1.0,0.9973166368515206,0.9972577696526508,0.9982993197278912,0.9991251093613298,0.9982471516213848,0.995579133510168,0.9956559513466551,0.9991079393398751,0.9991142604074402,0.9937611408199644,0.9919928825622776,0.9981566820276497,0.9962581852198317,0.997229916897507,0.9910394265232975,0.9964189794091316,0.9929390997352162,0.9973285841495992,0.9963436928702011,0.9964253798033958,0.9945652173913043,0.9982440737489026,0.9946902654867257,0.9964633068081344,0.9964317573595004,0.9935245143385754,0.9962894248608535,0.9931740614334471,0.9933649289099526,0.9937722419928826,0.9925233644859813,0.9938217122683142,0.9901433691756273,0.9963133640552996,0.9934640522875817,0.996268656716418,0.9945205479452055,0.995575221238938
0.9982222222222222,0.9990791896869244,0.9972527472527473,0.9983007646559049,1.0,0.9974293059125964,0.9973021582733813,0.9991546914623838,0.9983136593591906,1.0,0.999113475177305,1.0,0.998211091234347,1.0,0.9962756052141527,0.9991071428571429,1.0,0.9991319444444444,0.9990749306197965,0.9972727272727273,0.9990974729241877,0.9990859232175503,0.995507637017071,0.9982078853046595,0.995507637017071,0.9964476021314387,1.0,0.9973498233215548,0.9963931469792606,0.9954128440366973,0.9972093023255814,0.9973498233215548,1.0,0.9963436928702011,0.9943767572633552,0.9943767572633552,0.9946428571428572,0.9937332139659804,0.9962264150943396,0.9973753280839895,0.9990982867448152,0.9990917347865577,0.9972924187725631,1.0,1.0,0.9945054945054945,0.998212689901698,0.9973753280839895,0.9982440737489026,1.0,0.9990645463049579,0.998193315266486,0.9981343283582089,0.9991063449508489,1.0,0.999083409715857,0.9990494296577946,0.9990974729241877,0.9991055456171736,0.9991095280498664,0.9972451790633609,1.0,0.9991150442477876,0.9982030548068284,1.0,0.999113475177305,0.9973913043478261,0.9981220657276996,0.9955869373345102,0.9981203007518797,0.9981735159817352,0.9991251093613298,0.998211091234347,1.0,0.9981965734896303,0.999137187230371,0.998139534883721,1.0,0.9963963963963964,0.9972527472527473,0.99644128113879,0.9945897204688909,0.9954627949183303,0.9955947136563876,0.9972426470588235,0.994535519125683,0.9981998199819982,0.9936708860759493,0.9982014388489209,0.999104744852283,0.9981965734896303,0.9965457685664939,0.9981360671015843,0.995674740484429,0.9972324723247232,0.993414863593603,0.9982094897045658,0.9990732159406858,0.9972527472527473,0.9981965734896303
1.0,1.0,1.0,1.0,1.0,1.0,1.0,1.0,1.0,0.9991386735572783,1.0,0.9991212653778558,0.9990925589836661,0.999129677980853,1.0,1.0,1.0,0.9990909090909091,0.9990974729241877,1.0,0.9991023339317774,0.9991546914623838,0.9990990990990991,0.9991204925241864,0.9990732159406858,0.9990974729241877,1.0,1.0,0.9990875912408759,1.0,1.0,1.0,1.0,0.9982158786797503,0.9991197183098591,0.9981965734896303,0.9982300884955753,0.998212689901698,1.0,0.9990917347865577,0.9991349480968859,0.9981634527089073,0.9973045822102425,1.0,0.9990875912408759,1.0,0.9990740740740741,0.9990900818926297,0.9981684981684982,1.0,1.0,1.0,1.0,1.0,0.9990319457889641,0.9991289198606271,1.0,1.0,1.0,1.0,1.0,0.998166819431714,0.9991235758106923,1.0,1.0,1.0,1.0,1.0,1.0,1.0,0.9990671641791045,1.0,1.0,0.9990950226244344,0.9991039426523297,1.0,0.9991311902693311,1.0,0.999113475177305,1.0,0.9981203007518797,1.0,1.0,1.0,1.0,0.9991438356164384,0.999113475177305,1.0,0.998212689901698,1.0,0.9991326973113617,1.0,0.9990958408679927,0.998211091234347,0.9981684981684982,1.0,0.9991039426523297,1.0,1.0,1.0
1.0,1.0,1.0,1.0,1.0,1.0,1.0,1.0,1.0,1.0,1.0,1.0,1.0,1.0,1.0,1.0,1.0,1.0,1.0,1.0,1.0,1.0,1.0,1.0,1.0,1.0,1.0,1.0,1.0,1.0,1.0,1.0,1.0,1.0,1.0,1.0,1.0,1.0,1.0,1.0,1.0,1.0,1.0,1.0,1.0,1.0,1.0,1.0,1.0,1.0,1.0,1.0,1.0,1.0,1.0,1.0,1.0,1.0,1.0,1.0,1.0,1.0,1.0,1.0,1.0,1.0,1.0,1.0,1.0,1.0,1.0,1.0,1.0,1.0,1.0,1.0,1.0,1.0,1.0,1.0,1.0,1.0,1.0,1.0,1.0,1.0,1.0,1.0,1.0,1.0,1.0,1.0,1.0,1.0,1.0,1.0,1.0,1.0,1.0,1.0
