1.0,1.0,1.0,1.0,1.0,1.0,1.0,1.0,1.0,1.0,1.0,1.0,1.0,1.0,1.0,1.0,1.0,1.0,1.0,1.0,1.0,1.0,1.0,1.0,1.0,1.0,1.0,1.0,1.0,1.0,1.0,1.0,1.0,1.0,1.0,1.0,1.0,1.0,1.0,1.0,1.0,1.0,1.0,1.0,1.0,1.0,1.0,1.0,1.0,1.0,1.0,1.0,1.0,1.0,1.0,1.0,1.0,1.0,1.0,1.0,1.0,1.0,1.0,1.0,1.0,1.0,1.0,1.0,1.0,1.0,1.0,1.0,1.0,1.0,1.0,1.0,1.0,1.0,1.0,1.0,1.0,1.0,1.0,1.0,1.0,1.0,1.0,1.0,1.0,1.0,1.0,1.0,1.0,1.0,1.0,1.0,1.0,1.0,1.0,1.0
1.0,0.9999007345642248,1.0,1.0,1.0,1.0,0.9999001398042741,0.9997994585380527,0.9998004987531172,0.9998998598037252,0.999900882148875,0.9996009178888556,0.9996999399879976,0.9998026445628577,0.9998018428613891,0.9997997196074504,0.9994976389028434,0.9997020558148774,0.9999003785614664,0.9995002498750625,0.9994107248084856,0.999500599280863,0.9998028779814705,0.9994003597841296,0.9993112947658402,0.999798893916541,0.9994983948635634,0.9993997599039616,0.9994966274036041,0.9993978926241847,0.9997029997029997,0.9998020194020986,0.9992011184341921,0.9997038791827065,0.9995004995004995,0.9994048209503026,0.9997987725123252,0.9994971842316975,0.9997968305566842,0.9998980216194167,0.99989895928059,0.9998999299509657,0.9998995883120795,1.0,0.9997995791161439,0.9999002195170624,1.0,1.0,1.0,1.0,1.0,1.0,1.0,0.9998996487706975,0.9999,1.0,0.9999011075949367,1.0,0.9998003792793692,0.999801803587355,0.9995973019228833,0.9995990376904571,0.9998999299509657,0.9995953874165486,0.9992917130425985,0.9998009157873781,0.9999013612152299,1.0,0.9995004995004995,0.9995998799639892,0.9995053912355327,0.9998043052837573,0.9996003197442046,0.9993021632937893,0.9990040832586395,0.9994958152667137,0.9999005964214712,0.9996044303797469,0.9994936196070489,0.9995990778791219,0.9994079921065614,0.9998995782285599,0.9995014955134596,0.9998995277805687,0.9997020558148774,0.999695059971539,0.9997011059081399,0.9997004194128221,0.999799699549324,0.9997031760166222,0.9999009606813906,0.9998015282326089,0.9997989949748743,0.9998998898788668,1.0,1.0,0.9999019607843137,1.0,1.0,1.0
1.0,1.0,0.9998989388580091,1.0,1.0,0.9994986463451319,0.9997987927565393,0.999596814837214,0.9997034987151611,0.9994957644211375,0.9995069033530573,0.9990917347865577,0.9985308521057786,0.9988983475212819,0.9986134495394672,0.9989166830805594,0.9978978978978978,0.9984892738442945,0.9983228097868981,0.997786052128409,0.9979765277215702,0.998624213836478,0.9980952380952381,0.9983028850953379,0.9970625673161657,0.9972948602344455,0.9975669099756691,0.9983321887569901,0.9978172437741839,0.9992123658560599,0.998193677872554,0.9983042394014963,0.9978951588653904,0.9982571252819357,0.9983123200635362,0.9980726313653885,0.9986943858591946,0.9988891133104424,0.9991970290073271,0.9993029971124167,0.999405646359584,0.9993927740107277,0.9993974088580898,0.9997998599019313,0.9999005370996619,0.9999,0.999900714853058,0.9998021956285233,0.999800796812749,1.0,1.0,1.0,1.0,1.0,0.9996976416045152,0.9996011566457274,0.9996985530546624,0.9997059400117624,0.9996023066215948,0.9995001499550135,0.9992849116355093,0.998898678414097,0.9983040702314445,0.9992003198720512,0.9988940277498491,0.999090541632983,0.9982969344820677,0.9978662873399715,0.9989963869931754,0.9984962406015038,0.9983134920634921,0.9980041911984832,0.9978196233894946,0.9985985985985986,0.9974780591142943,0.9979110713219934,0.9983874218907478,0.9975740422520974,0.9973947895791583,0.9978228599703117,0.9980883388670893,0.9979899497487437,0.9986160537761961,0.9981083233771406,0.9986984381257509,0.9989958831207952,0.9988895618816879,0.9989068866143297,0.9995980707395499,0.9993047969013805,0.9990987382335269,0.9997002398081535,0.999500199920032,0.9996086488601899,0.9998990103009493,1.0,1.0,1.0,1.0,1.0
1.0,1.0,0.9998990306946688,0.9998990306946688,0.9998015479261758,0.999608495644514,0.999499399279135,0.9991992793514163,0.9987146529562982,0.9985987388649785,0.9986950411563943,0.9982899104717835,0.9979676862107509,0.9979069072062194,0.9975978380542488,0.9963808183371871,0.9964423361992292,0.9963771762101238,0.9961900942450371,0.9955370727254286,0.9965205288796103,0.9950835791543756,0.996203037569944,0.9952143366255982,0.9959345562716906,0.9961996199619962,0.9950818026698786,0.9955618317530764,0.9946412622804406,0.9958400974025974,0.996163553760727,0.9962981490745373,0.9960344998512938,0.9967706125744273,0.9963154750049791,0.9969837120450432,0.9980131134512219,0.9975811328361217,0.9987069822956037,0.9983719983719984,0.998894694533762,0.998513526905163,0.9991955756661639,0.9997023218892638,0.9995074862096138,0.9996972754793139,0.9996976720749773,0.9998012916045703,1.0,1.0,1.0,1.0,0.9997992572518318,0.999501346364815,0.99959505972869,0.9993959528843249,0.9994986463451319,0.999194847020934,0.998905145814671,0.9981942215088283,0.9982285208148804,0.9981132075471698,0.9976197560249925,0.9977261492832427,0.9978905072827725,0.9965722351043452,0.9978834912316066,0.9963514746123442,0.995257854179016,0.9958573305041932,0.9960740889873163,0.9959325396825397,0.9952352590827874,0.9960191082802548,0.9957708186486759,0.9945333063373153,0.9962561975108772,0.9957021489255372,0.9954860066205237,0.9961271102284012,0.9960106382978723,0.9962855135026604,0.9961743682673915,0.9971309853581322,0.9973900823127886,0.9975782038345106,0.9981733306271565,0.998334313149128,0.9990102929532858,0.9990857375050792,0.9984865301180507,0.998395829155805,0.9992991589907889,0.9992964116996683,0.9994060582062958,0.9995020416293198,0.9997987927565393,1.0,1.0,1.0
1.0,1.0,0.9999001796765822,0.9995990778791219,0.9988038277511961,0.9989063432093855,0.9991971901655795,0.9984137999405175,0.9979058635819705,0.9979075328816261,0.9978851963746224,0.9964712801411488,0.9953731643532489,0.9964221824686941,0.9954137587238285,0.9952687739077914,0.992992992992993,0.9933675007536931,0.9928757776439896,0.9928408073978323,0.9918650793650794,0.9917741444094648,0.9918870192307693,0.9914555689585847,0.9934452279273016,0.9918578095521795,0.9909173478655767,0.991145038167939,0.9917314206017135,0.9920524538048877,0.9915582480881915,0.9940233090945313,0.9937581798046914,0.9944183313748531,0.9946236559139785,0.9945493085696981,0.9952815982331091,0.99536850583971,0.9962026581393025,0.9979963935083149,0.9972155926809865,0.9973790322580646,0.9981924081140792,0.9982972756410257,0.9991993594875901,0.999198717948718,0.9998013705432516,0.9998991325398426,0.9998999899989999,1.0,1.0,0.9998985183681753,0.9996045477014335,0.9993918508007298,0.9989937613201851,0.9994017946161515,0.9992058765137979,0.998896579396128,0.998,0.9966659931299252,0.9972008397480756,0.9964989496849055,0.9950847627645701,0.9959403227443419,0.9951379241913078,0.9947441491471638,0.9934217083624041,0.9942782573780365,0.9927579963789982,0.9915296964807906,0.9923865597401279,0.9935961576946167,0.9919240864122754,0.9925725183177758,0.9916675032627247,0.9913630497369205,0.9910572337042926,0.9936370063629937,0.9921923155948222,0.9927160247455598,0.994204057159988,0.9921055261317078,0.9922395781514277,0.994223753546818,0.995567197259722,0.9954577571414152,0.9952028782730362,0.9967323497375978,0.9976791120080727,0.997908158183086,0.9984090683106294,0.9980135081446166,0.9984901862103673,0.9989853896103896,0.9996011964107677,0.9997983464408147,0.999700807818889,0.9999008723235527,1.0,1.0
1.0,1.0,0.9997981836528759,0.9992961994771767,0.9988050189205337,0.9988913525498891,0.9977705715443859,0.9976128903918838,0.9963679198979091,0.9974116475858636,0.9959919839679359,0.9944106198223376,0.9937445020037142,0.9934653664421433,0.9920722528850978,0.9917281243771178,0.9903568943234914,0.9918024691358025,0.9901580674023263,0.9895626242544732,0.9884063866571748,0.9888223552894212,0.9878024593415311,0.987325086189414,0.9880341880341881,0.9874409725710841,0.9873987398739874,0.9871781825582578,0.9876530917056656,0.9869386114739275,0.9893424492258194,0.9902400159346678,0.9900779588944011,0.9899809638312794,0.9910426731078905,0.9916875312969454,0.9942084942084942,0.9940331715210357,0.9931555108203322,0.994204057159988,0.9957720958324945,0.9970801449859041,0.9971434200157604,0.9986030732388744,0.9985894206549119,0.9990025932575304,0.9993023719354196,0.999698401528099,1.0,1.0,1.0,0.9998998196754157,0.9997008376545672,0.9995016445729094,0.9994001199760048,0.9988829085000508,0.9980017983814566,0.9978866861225723,0.9964622641509434,0.9953866212014844,0.9961342828077314,0.9934718100890207,0.993617233469632,0.9931884203145347,0.9924122979897517,0.9914197346103961,0.9924494110540623,0.9903923138510808,0.9895387067848959,0.9872387459807074,0.9882528621204579,0.9890650080256822,0.9878205762946827,0.9884055098602715,0.9884576098059245,0.9880964289286785,0.9874493927125506,0.9885537971533791,0.9908530522966793,0.9892397425583266,0.9883639980109399,0.9902365374937091,0.9896948077685296,0.9910979228486647,0.9908201351760315,0.9914977755808205,0.9919387343812979,0.9943797671617824,0.9949944939433377,0.995811309464446,0.9966269841269841,0.996949119181183,0.9983211534663243,0.998186215235792,0.9992074499702793,0.9991048338969565,0.9996016333034559,0.9995917950811307,1.0,1.0
1.0,1.0,0.9997014331210191,0.9993108201240524,0.9986962190352021,0.9985949417904456,0.997491974317817,0.9960894414920285,0.9962045545345586,0.9938859376566102,0.9943542695836274,0.9914137380191693,0.9932615910690938,0.9896856094416344,0.9877902321857486,0.9876715052694373,0.9862932649640075,0.9856200137890279,0.9824613851519681,0.9819415344707173,0.9825633831045195,0.9825046950677078,0.983859649122807,0.9823929571828731,0.9814925970388155,0.9828291903763602,0.981001899810019,0.983851554663992,0.9827586206896551,0.9840572304547778,0.9837168486739469,0.984925131525698,0.9847847847847848,0.9865623746490172,0.9883534136546185,0.9885325756038157,0.9912834385332131,0.9910107870555334,0.9923115832068791,0.9918545743518427,0.9940834336141195,0.9950738916256158,0.9964388168958354,0.9972921472269581,0.9979141835518475,0.9992093299070962,0.9989837398373984,0.9995981111222747,1.0,0.9998994166163749,1.0,0.9997007481296758,0.9998997493734336,0.9996016729735112,0.9983825313384553,0.9985053806297329,0.9967829496330551,0.9973890339425587,0.9968674211802748,0.9953493074512183,0.9920071935258268,0.9935426187164713,0.9905537131946538,0.9892910262766484,0.9889944972486243,0.9882068339885092,0.9857940131912735,0.9865264877003164,0.9846433622954132,0.9832407774692582,0.9826069962868869,0.982074134089528,0.9809256098785263,0.9811715481171548,0.9828808752025932,0.9822,0.9859508278976418,0.9851957006692355,0.9814945187569144,0.9832301856658016,0.9845324817882447,0.9842378292098962,0.985200845665962,0.9888900111099889,0.9880040322580645,0.9888334995014955,0.9896373056994818,0.9909569710821823,0.9927051671732523,0.9934334892050543,0.9955361571272692,0.9965257097478658,0.9970906902086677,0.9981980178196016,0.9985721570627231,0.9987838248707814,0.9990110759493671,0.9998001598721024,0.9997976322978852,1.0
1.0,0.9998992950654582,0.9998015085351329,0.999009900990099,0.9986933360136697,0.9977016088737883,0.9967069154774972,0.9943210122546577,0.9948108971160563,0.994341147938561,0.9906318517042056,0.9906532663316583,0.9888211382113821,0.9867431737237832,0.9855816709460794,0.9838565910666535,0.9815869786368261,0.9789421157684631,0.9806275855110483,0.9789473684210527,0.9794445001504061,0.9774406069075664,0.974425315951836,0.9747434885556433,0.9750374438342486,0.9764108689160944,0.9739016525594518,0.9737835153922543,0.9767672756155679,0.9772704211060376,0.9784244856999498,0.9776306550305949,0.9806028051327962,0.9841174707821396,0.9836479257090945,0.9848978383180338,0.9848379052369077,0.985854189336235,0.9896419058893163,0.9914340421243576,0.9908838684106223,0.9938524590163934,0.9943017094871539,0.9964838255977496,0.9974836436839456,0.9980835182570102,0.9990965669544268,0.9990017967658216,0.999798285426122,1.0,1.0,0.9996978851963746,0.9994005994005994,0.9987112124516705,0.9986156432314842,0.9970912738214643,0.99667807529696,0.9945886361358853,0.9937406855439642,0.990072202166065,0.9895498392282959,0.9884884884884885,0.9867344903251546,0.9878316377418711,0.9841558179432839,0.9853351955307262,0.9813869708796157,0.9808287568647029,0.9806655133815,0.9796039018622524,0.977686199618052,0.9794,0.9778601482668804,0.9774625213804206,0.9753744094883908,0.9741526702202554,0.9770114942528736,0.9808132021075654,0.9783680450749572,0.9756146918951736,0.9793034825870647,0.9808612440191388,0.9828824397442204,0.9827672577898007,0.9842894790188527,0.9863999211589632,0.9864676616915423,0.9901030094930318,0.9893153937475268,0.9917263646453436,0.993266660065353,0.9935200877280431,0.9969015492253873,0.9974448078495503,0.9969730602361013,0.9981073812132683,0.9988939165409754,0.9997032640949555,0.9998998598037252,1.0
1.0,0.9998011533107973,0.9996027410865032,0.9977975773350686,0.998911537700376,0.996331184928111,0.9949030581651009,0.9941200742727461,0.9914631725233274,0.9913652986590816,0.9902078337330136,0.9866396761133603,0.9854354202488116,0.9810306350172449,0.9811825294641973,0.9804156674660272,0.9772111233811867,0.9771457085828343,0.974059405940594,0.970874741710125,0.972747993261322,0.9696908871938981,0.9701016543751245,0.970511272141707,0.9683715343809428,0.9658821202531646,0.9697732997481109,0.9716362168163925,0.9702860596293312,0.9667231244395735,0.9718931941377233,0.9765869411645979,0.973191150089695,0.9776179056754596,0.9803291850662385,0.9802704056084126,0.9804882929757854,0.9843355229914098,0.9861950826279726,0.9889870026788372,0.9894662921348315,0.9893943899296264,0.9923022384280361,0.994560917721519,0.9956978489244622,0.9978017585931255,0.9986105597459309,0.9994020330875025,0.9996981891348089,0.9999001198561726,1.0,0.9998995983935743,0.9993006294335098,0.9991000899910009,0.9970921488017648,0.9955243617129488,0.9948887552615755,0.9937550362610797,0.9916083916083916,0.9920145557464874,0.9875955145380569,0.9853436324024559,0.9823631358956061,0.9823687618288675,0.9811226026709509,0.9756219402537716,0.9797304043934099,0.9773025320286493,0.9750528115883714,0.9718239245964103,0.9718494601957421,0.9689627553063677,0.9697514225816113,0.9673059723740435,0.9695905258932156,0.9683700701789067,0.9657905296950241,0.9690408741400243,0.9710959850054257,0.9686442365120446,0.9715355067467744,0.9739692001987084,0.9771231906063367,0.9761928882585351,0.9786998894805586,0.9833515013378258,0.9830184887459807,0.9847628657921291,0.9853133487576703,0.9895516331913167,0.9912017596480703,0.9921078921078921,0.9940923200160209,0.9945371473976957,0.9974803467042935,0.9982770852336069,0.9982034135143227,0.999603567888999,1.0,1.0
1.0,1.0,0.9993998799759952,0.9987127438360234,0.9972019586289598,0.997080438940904,0.9949387589837028,0.9928470683054604,0.9904397705544933,0.9893982526749779,0.9859620976636919,0.9867845786963434,0.9790975781328509,0.9762260021884015,0.978942014242116,0.974323386537127,0.9704260651629073,0.9666832917705735,0.9676125538955179,0.9654326038044589,0.9664389067524116,0.9589864931479838,0.9634912718204489,0.9604790419161676,0.9624323782809057,0.9643248629795715,0.9612794612794613,0.9607175067642049,0.9657485516820815,0.962532299741602,0.962356956434451,0.967997651203758,0.9668132746901239,0.9684920475135896,0.9707955689828801,0.9744676556665658,0.972849328692193,0.979684199939656,0.9843859473526173,0.9860904123199206,0.9870090936344559,0.9906309179706967,0.9914376742333731,0.9944016794961511,0.9958096378329842,0.9968098893430366,0.9985909822866345,0.9992039800995025,0.9996003197442046,1.0,1.0,0.9997019077901431,0.999000199960008,0.9977057356608479,0.9971811134601832,0.9956701238545967,0.9934230194319881,0.9914701455092825,0.9904420549581839,0.9892180572349859,0.98518963274292,0.9832076420311714,0.9811246170570215,0.9769484083424808,0.9734833266372037,0.9709267110841914,0.9711375212224108,0.9664436334144363,0.9677033492822966,0.9648622047244094,0.9600562023283822,0.9620748469950837,0.9599018003273322,0.962301785180014,0.9571917808219178,0.959664694280079,0.9572675293409569,0.9638444399432854,0.9650598832030091,0.9629666800481734,0.965448768864178,0.9677259185700099,0.9699527685659732,0.9700658551187388,0.9732152055217884,0.9776326207442597,0.9760635623051392,0.9822204263056874,0.9851658815275133,0.9865148336829488,0.9882553704075487,0.9902756892230576,0.991664155870242,0.9942179244342538,0.9958142316125175,0.9973942673882542,0.9977896111725107,0.9993944898577051,1.0,1.0
1.0,0.9998987341772152,0.9992044550517104,0.9979697492640341,0.9968310556545851,0.995344229816741,0.9919706582077716,0.9920940604094871,0.9863450612977175,0.9857932123125493,0.9841740850642928,0.9817613865376864,0.9774874371859297,0.9722778222578062,0.9731754226136249,0.9670133729569094,0.9637480190174327,0.9644019327482497,0.9627786624203821,0.9565347721822542,0.9573080343907501,0.956287961764413,0.9562356694247832,0.9488792764451436,0.952236695950722,0.9551243781094527,0.9527910039509675,0.9552886556318126,0.9475239453841451,0.9547345985994113,0.9571240772575589,0.9583915386150469,0.9616481463270725,0.9596354166666666,0.963238208481966,0.9690516469300428,0.9730357503534639,0.9764032533386886,0.9768051633723276,0.9801713830211239,0.9822450187413692,0.9862453902122994,0.9891414653947636,0.9924326505902532,0.9932744428829552,0.996711509715994,0.9974108743278232,0.9986943858591946,0.9996033713435796,1.0,1.0,0.9996948428440647,0.9990989187024429,0.9983731570920183,0.9963682764036121,0.9940564635958395,0.9940721390535517,0.9896856094416344,0.9867496486649268,0.9834466449896542,0.9807770133549171,0.9789252896524171,0.9751737835153923,0.973245482679445,0.9679919476597886,0.9658672504726838,0.9611982308001609,0.9619114265720284,0.9577408770010938,0.9587804633436967,0.957693821330185,0.9540586527875088,0.9509463878703796,0.9510314440216303,0.9500862331338136,0.9533965244865719,0.9492133041226847,0.9501049895010499,0.9512243285939969,0.9562207289757687,0.9571527984889154,0.9561175529788085,0.9619833048375742,0.9616463048267575,0.9663452076362921,0.9699753086419753,0.9749772979517708,0.9796583390935124,0.9787954206072673,0.9824893045468113,0.9859154929577465,0.9882470119521912,0.9911227680823161,0.993483709273183,0.9956,0.9956870611835507,0.9982836951034831,0.9992959871266217,0.9997981021603068,1.0
1.0,0.9997996794871795,0.9990998199639928,0.9983086260073625,0.9958979489744872,0.994394955459914,0.9910010111223458,0.9893295751962955,0.987026048476315,0.9830388692579505,0.9799619276625589,0.9775158478605388,0.974019510252837,0.9667330677290836,0.9633888048411497,0.9633173843700159,0.957359696425005,0.9547150781643974,0.9530653266331658,0.9474108402176104,0.9481773399014778,0.9432911392405063,0.9433366238894373,0.9442160892542572,0.9375739644970414,0.944173549606926,0.9441558441558442,0.944450005004504,0.9470815578238034,0.9486233040702314,0.946544330308168,0.9548141468790702,0.9544597678341106,0.9567230273752013,0.9604356079528424,0.9600512921680805,0.9633570926613794,0.971996386630533,0.9744616925388082,0.9794938481544463,0.9813477737665464,0.9828736433336652,0.9877976190476191,0.9919622224454938,0.9939583123552512,0.9961007798440312,0.9966412213740458,0.9992048504124839,0.9995019424245443,1.0,0.9999000699510343,0.9996019108280255,0.9983988792154508,0.996079219865286,0.9959636730575177,0.9924668541582965,0.9905241338466094,0.9882863778652934,0.9852103527530729,0.9810254339927331,0.9806585994842293,0.974020823004462,0.9681740356531373,0.9667303246557443,0.9622246586265324,0.9575196295550634,0.9537157107231921,0.9547010267767264,0.9504042595148886,0.9443886769724955,0.9441813602015113,0.9444936521995867,0.9428914938382927,0.9445739183301246,0.9424094220980138,0.9454290577751077,0.9430580312933254,0.945276612742161,0.9473630728584493,0.9465340685309177,0.9479501607717041,0.9513529645841624,0.9551430005017562,0.9577820422179578,0.9618729773462783,0.9620706819313091,0.9666264575794129,0.9742314197592279,0.9777245030466487,0.978442631207817,0.9814235234729934,0.9859952324195471,0.9897773279352227,0.9910158949550795,0.9931486737789957,0.996833250865908,0.9978615071283096,0.9987809833401057,0.999390801096558,1.0
1.0,0.9995014955134596,0.9991030496312537,0.9982880161127895,0.9954923369728539,0.9923740718442705,0.990297089126738,0.9876825270686401,0.9831074445099195,0.98131681486662,0.9751263502130612,0.9716075578458119,0.9666064981949458,0.9611199050257222,0.9587753864807518,0.9549960348929422,0.9559510788505519,0.946190570917048,0.9415163893593703,0.9421907704574903,0.9374051976944079,0.9327781082688875,0.9304575690385003,0.9320657555951674,0.934039813806081,0.9329249924691234,0.9287575150300601,0.9307142857142857,0.937339395137379,0.9372287819154305,0.9377249100359856,0.940357250983954,0.9428317535545023,0.9472714936512552,0.951574332403348,0.953195772521389,0.9601372489655868,0.9634884413136224,0.9680819329820026,0.974043025956974,0.9768878262602112,0.9821867926385198,0.9865591397849462,0.9888843977364592,0.9916624811652436,0.9929271496413055,0.9974348855564326,0.998407960199005,0.9987895904781118,0.9999006655408761,0.9997963132701905,0.9993062438057483,0.9982080637132902,0.9954814740435787,0.9951258330846513,0.9913306451612903,0.9885565147560731,0.9832151064042361,0.9794061781465561,0.9808917197452229,0.9735152487961477,0.9697243107769423,0.9633833399131465,0.9605131288835438,0.955060688133213,0.9520712427456474,0.9498615506329114,0.9465402461166028,0.9418026263430164,0.94050822122571,0.9393488187413143,0.9341211225997046,0.9353313889168259,0.9297685554668795,0.9328919650917845,0.9282908651425118,0.9301187980433263,0.93376283470908,0.9373119358074222,0.94280276469999,0.9362489991993594,0.9393419459023011,0.9530753968253968,0.9484629294755877,0.953327922077922,0.9577124446234394,0.961395768575153,0.9664469742360695,0.9718693284936479,0.9732009925558313,0.9802059382185344,0.9839475012619889,0.9888067159704178,0.9896173242361317,0.9932193396226415,0.9947827831845089,0.9978191911181602,0.9990972013241047,0.9995026360290461,1.0
1.0,0.9993899959333062,0.9986835443037975,0.9981147052986704,0.9950901803607214,0.9921639541892706,0.9878440827807916,0.9853303140691149,0.9799621174359485,0.9744601124149492,0.9734100605218772,0.9673005332528424,0.9629442649434572,0.9536582924632169,0.9519432510740333,0.9486284289276808,0.9422462030375699,0.9391304347826087,0.9360382346959528,0.9316763936405715,0.9302537147478015,0.9254416608443956,0.9187243826851944,0.9235458724765141,0.9212151898734178,0.9185207456404089,0.9184853014449427,0.9215087650187118,0.9224713502740408,0.9237672683271151,0.9278018326452523,0.931490504126479,0.9337623762376238,0.9414512922465209,0.9440102878623009,0.9495806810144488,0.9520958083832335,0.9627675460428073,0.9669139763384801,0.9676244435451234,0.9742723750869177,0.9807634505560565,0.9823801852597664,0.9880257597102032,0.9881335478680612,0.9933218658302135,0.9957949539447337,0.9982245018741369,0.9990094105993066,1.0,1.0,0.9989982971050786,0.9985121999603254,0.9958538993089833,0.9936274021706661,0.9913801744011226,0.9881704260651629,0.9824402970098335,0.9773652337933089,0.9710560110639138,0.9653271870928951,0.9643530930394201,0.9571399959943921,0.9554777388694348,0.9521920253917874,0.9455268389662028,0.9414571116191234,0.9333333333333333,0.9289066400399401,0.9231072944427994,0.9254886397460066,0.924442651064259,0.9198469439129997,0.9179544530296868,0.919160783533857,0.9190826052422557,0.9196526599461025,0.9206674173405671,0.9252551530918551,0.9255169644649669,0.9308214321887978,0.9318294251508855,0.936694847020934,0.9426180514046623,0.945866935483871,0.9552673904302372,0.958060947400181,0.9604030226700252,0.965792360626309,0.972319028178831,0.9776074840764332,0.9810647367899277,0.9848208864602307,0.989001189060642,0.9914028522302013,0.9933218658302135,0.997999599919984,0.9986104218362283,0.9997991766241591,1.0
1.0,0.9993998199459838,0.9978444052518126,0.9974596077634387,0.9949429846306396,0.9906710803490821,0.9872624342903357,0.9836722428127818,0.9772074125458329,0.9750847119792705,0.9683988764044944,0.9591656007084522,0.9515839808726838,0.9513805522208884,0.9463674783658684,0.9380070105157736,0.9320524367056939,0.9265400462265099,0.9188622754491018,0.9182754826447934,0.9161283811061768,0.9148280659908566,0.9092920353982301,0.9124442240951909,0.9116297626171953,0.9059306752153877,0.9075646849693857,0.9065252201761409,0.9142341257899489,0.9112078566366305,0.9165247018739353,0.9217191862784204,0.929941946275706,0.9293836026331538,0.940558026688233,0.9413577179206838,0.9487918862483842,0.9508888219343176,0.9545726240286909,0.9665832916458229,0.9694594319454342,0.9758511480601741,0.9802631578947368,0.983629466959473,0.9898675762439807,0.9930174563591022,0.9954927884615384,0.9972967561073288,0.9995948956856391,0.9997986914947157,0.9998992950654582,0.999195171026157,0.9979852926362446,0.9955761109993967,0.9932656548396824,0.9899797570850203,0.985086658605401,0.9801736042611955,0.9759323719542516,0.9761667331471878,0.9618282270215972,0.9615384615384616,0.9584913190979845,0.948154833533895,0.9382385066031179,0.9356701448688076,0.9337155501911084,0.9227626071357385,0.9183143598961454,0.9207719654647029,0.9170736670736671,0.9092185775905306,0.9057225606711276,0.9102589841397309,0.9123767798466593,0.9050582095543959,0.9129067138503882,0.9113874087231103,0.915534078324776,0.9205879451514255,0.9165329052969502,0.9249650768309718,0.9297803747733225,0.932165637339273,0.9397969543147208,0.9451145958986731,0.9490008947211452,0.9603072983354674,0.9617469879518072,0.966186474589836,0.9719523189422018,0.9798411122144985,0.9828715365239294,0.9881178232651023,0.9916782246879334,0.9932586497471994,0.9967741935483871,0.9988925802879292,0.9993002099370188,1.0
1.0,0.9998005982053838,0.9982050259274032,0.9962866318747491,0.9936299392853588,0.9898069195334706,0.9852986217457886,0.9798637241940404,0.9788696795066222,0.9680765357502518,0.9621761143651345,0.9543406428356864,0.9509813789632612,0.9443841830194261,0.9345440031929755,0.9336749778259584,0.9241729772817856,0.9154763077529308,0.9162162162162162,0.902268412111522,0.9060033962641095,0.8975352812562115,0.8979347500748279,0.8941366434554445,0.9011032700526787,0.8993474391931976,0.8947368421052632,0.8994570681681078,0.8995758113840386,0.8997308880693711,0.9059107358262968,0.9109561752988048,0.9135974517220784,0.9232534930139721,0.9265367316341829,0.9330406147091108,0.9415338645418326,0.9491289198606272,0.9543238133147577,0.9598540145985401,0.9625325586054899,0.9716773418734987,0.9796427502245285,0.9855774079677256,0.9871321695760599,0.9925605710264401,0.9940512200040331,0.9983229752392226,0.9990033884791708,0.9997046662728883,0.9999018838304553,0.9989986983078002,0.9972730027269973,0.9940655803661235,0.9902729528535981,0.988022173826965,0.9839401496259351,0.9784639590913561,0.9731402895656516,0.9674257425742574,0.9628625915888789,0.9573492775286497,0.9436986575836506,0.9397410358565738,0.9297678518953865,0.9287425149700599,0.9201962551316711,0.9085408193631584,0.9080746581495159,0.9104761904761904,0.9038076152304609,0.8962544894817855,0.8965585443037974,0.8951027811366384,0.8914466953140986,0.8947944660097542,0.8903861625100563,0.8955015923566879,0.9032579456012753,0.9030405070813112,0.9066027369893117,0.9140461215932913,0.9166749527692155,0.925050916496945,0.9326616121308858,0.9390893557141421,0.9436234817813766,0.9502767991947659,0.9569978100736611,0.9634856409750321,0.9698522761531504,0.9723668402082499,0.9817980691874497,0.9866707058467131,0.9897816068924064,0.9945602901178604,0.9964214711729622,0.9977134904066011,0.9994988473489025,1.0
1.0,0.9996008780682498,0.9988027536665669,0.9959,0.9907342129116729,0.9893234883256835,0.9842371369088926,0.9794887339597858,0.9730750124192747,0.965770663445082,0.9597429976909949,0.9513729405891164,0.9436941410129096,0.9381752701080432,0.9300279888044782,0.9223524696924156,0.9167806212150811,0.9096683133380381,0.8960896089608961,0.8957595385082482,0.8932790628412588,0.8904733610615964,0.887038158691702,0.883123375324935,0.8811611732688237,0.8834815629059658,0.8878300575739527,0.8802572478562679,0.8852592066551689,0.8914736522706584,0.9006205062543091,0.8985907164679215,0.9056566259071478,0.9082284801278211,0.9164190928896812,0.9245112781954887,0.936568284142071,0.9410888138287303,0.9498344536972008,0.954718112754898,0.9654311119992007,0.9682349415642793,0.9743640502820944,0.981088882253409,0.9856301766290789,0.9914063289859468,0.9925940752602082,0.9974124203821656,0.9993016759776536,1.0,0.9999006951340615,0.9990983770787417,0.997210877577448,0.9945689740298213,0.9911312573906188,0.986835544031116,0.982209643182048,0.9754023686607957,0.9717181956411556,0.9614612605379366,0.9600320544926375,0.9459618785616034,0.9404157962797175,0.9282844515869827,0.928041691721788,0.9242918280008151,0.9110195053287754,0.9019292604501608,0.9027639689799165,0.8945718204977464,0.888356779407363,0.8932203389830509,0.8864593781344032,0.8830537079320957,0.8826827030883702,0.8784109149277689,0.8855523515959034,0.8884874033925525,0.8876673995602639,0.8913043478260869,0.899152884227511,0.8992355802640722,0.9085759713803041,0.910283580583308,0.9208445912138497,0.9337662337662338,0.9341014756418031,0.944871666833117,0.9504190649298192,0.9564174330267893,0.9625726386289767,0.9728891556622649,0.9773087594133968,0.983514274225975,0.9879387048937222,0.9924486508256142,0.9964014394242303,0.9981874937065753,0.9996006788459618,1.0
1.0,0.999394428744449,0.9976865821766244,0.9949025487256372,0.9895599570689824,0.9865671641791045,0.9861040155308062,0.9747790686128488,0.9671565243120623,0.9634524882347051,0.955806156659555,0.9511531876321886,0.9383596024495533,0.9294034234781728,0.9198189134808853,0.9116417910447762,0.903801080199735,0.8963481740870435,0.8934952820718731,0.8849158653846154,0.8780099502487562,0.8782914572864322,0.8693586698337292,0.8723698508347328,0.8712060702875399,0.8705591291439881,0.8688849277084572,0.8671546019651093,0.873081167853918,0.8733726606997559,0.8871189773844641,0.8859701492537313,0.8925848925848926,0.8995799159831966,0.9110713219934348,0.9169293340111846,0.9246657353821592,0.936953931691819,0.9362830054032012,0.9514214463840399,0.9565614533644575,0.966996699669967,0.9721027897210279,0.9795214922952149,0.9861911384859925,0.9904282115869018,0.9946370046677923,0.9956149093083516,0.999000199960008,0.9997017596182524,0.9998010544116184,0.9990971107544141,0.9972086531751571,0.9923717755696075,0.9905079268908411,0.9861376192867906,0.9766238933651646,0.9728342891638998,0.9644268774703557,0.9565924570499136,0.949652602960427,0.943307244631748,0.934395408668118,0.9288711288711289,0.9176173649671883,0.9080356249374563,0.9043792687826436,0.8892747296358766,0.8897139989964877,0.8855317854608131,0.8839042133979994,0.871622994109283,0.8703033956198513,0.865367405787014,0.8694779116465864,0.8669281834640917,0.8670860794887157,0.8741669153486521,0.8746116066953994,0.8846115488181909,0.8836609092713917,0.8970647366304785,0.8970632454645685,0.9055014210312627,0.9089455272363818,0.9225281350482315,0.9303221980628583,0.9363989250522544,0.9458465818759937,0.9535796999295136,0.9631083202511774,0.9694447164822251,0.9736235081737037,0.9805786761791518,0.9867310012062727,0.9930463237549851,0.9952004799520048,0.998585429928261,0.999390801096558,1.0
1.0,0.9994013171023748,0.9973026973026973,0.9944773571643739,0.9898183270113795,0.9854841916882084,0.9816696553098226,0.9726123595505618,0.9597541633624108,0.9553679131483716,0.9430449069003286,0.9379241516966068,0.9282118405155054,0.916557756107369,0.9135814889336016,0.8978014255596828,0.8927820602662929,0.8906906906906907,0.8754377188594297,0.8701870187018702,0.8627140453330694,0.861569416498994,0.8612334801762115,0.8592089728453365,0.8533145275035261,0.8519640512975866,0.8580394500896593,0.8557786965938177,0.8589203291190046,0.8663793103448276,0.8598884684325832,0.8807330361565131,0.8763920939099027,0.886411782507818,0.9009090000998902,0.9041259716962328,0.9152941176470588,0.9228699551569507,0.9340222575516693,0.9426637467648815,0.9504980380319952,0.9616797379132334,0.9692323110843857,0.977109156337465,0.9820770686049985,0.9884416102032683,0.9931836407377707,0.9963165754106521,0.998513526905163,0.9998991935483871,0.9997992371009837,0.9981615769584312,0.9965503246753247,0.9928050364744678,0.9876656472986748,0.9823523513486413,0.9776268477826608,0.9661593912695234,0.9637203814767477,0.9530281830901459,0.9429533524809349,0.9364811133200796,0.9250830732051153,0.9143169181890389,0.904530101331214,0.9029358897543439,0.8911865087331861,0.8850816551447751,0.8774470635237714,0.8606764260474508,0.8667864989015378,0.8600960125404135,0.8617821782178218,0.8609678698928996,0.8496120946886812,0.8480182775404788,0.8555235159590335,0.8682753164556962,0.867171918627842,0.8628479225494151,0.8692360633172747,0.8829317269076306,0.889894419306184,0.8987341772151899,0.910140562248996,0.9116461817449123,0.9208362231249381,0.9326021934197408,0.9418112141992739,0.9491928295533326,0.9587854654056744,0.9650209874075555,0.9746182827681935,0.9783923084547527,0.9835768261964736,0.9915103652517275,0.9950149551345963,0.9970196701768329,0.9996025042233926,1.0
1.0,0.9995,0.9967881160293084,0.9935794542536116,0.9908166288140614,0.9834123222748815,0.9778235698165048,0.9685477346278317,0.9640295038900677,0.9535638243942005,0.948478217624826,0.9366462086715502,0.9272926198527949,0.9124176381145463,0.9014098590140985,0.8941767068273092,0.8848514851485149,0.8718605338323648,0.8702389283215035,0.85543620118462,0.8467425431711146,0.8516250123481182,0.8416498993963782,0.84444892202297,0.8365653738504598,0.8387418871692461,0.8438408339180115,0.8421368547418968,0.8368823229750382,0.8480872110628849,0.8569551152446422,0.8670537591350486,0.8690047961630696,0.8790619099672066,0.8825583715825185,0.8989191353082466,0.9069932193097865,0.9184344188825814,0.9340670335167583,0.9429062247372676,0.947180585296217,0.9560428557124262,0.9634097305991154,0.9755901557006529,0.9828240463351308,0.9851375778268728,0.9929070929070929,0.995189416716777,0.9985904148207813,0.9997001499250375,0.9999002891614318,0.9981201147719403,0.9970352801660243,0.9931622237637499,0.9884312356637079,0.9791919191919192,0.975632043862321,0.9650448272388435,0.9546451355661882,0.9455163450964711,0.9395306859205776,0.9286066949738323,0.9207274188686828,0.9068209500609014,0.9008164499546417,0.8865448672655698,0.8791497975708502,0.8720826298540073,0.8598112070696927,0.8622902270483712,0.8477677239733519,0.8472831073503925,0.8358550666932112,0.8395942145439935,0.8376475255380343,0.8399351636105764,0.8390195097548775,0.8394385825204062,0.8519550293503134,0.8491911986335778,0.8628537502473778,0.8717259237127776,0.8784274193548387,0.8887306753458096,0.8969690907272182,0.89917071197411,0.9076207802708712,0.9249582555741086,0.9359398496240602,0.9414781297134238,0.9506026476980833,0.9646660694734747,0.9698592107872298,0.9786829463570856,0.9849011622131717,0.9887450199203187,0.9931363772008356,0.997684719146366,0.9990079365079365,1.0
1.0,0.9990077396308792,0.9972069825436409,0.9939698492462311,0.9882804606991311,0.9834917458729364,0.9760707822240097,0.969226172691963,0.9605395611032816,0.9476849067949489,0.9361381664825785,0.9264750075127717,0.9137121741735743,0.9031834259727135,0.8990169794459338,0.8863682193990724,0.8726050757347779,0.8609063206527081,0.8571993670886076,0.8473435773827458,0.8411299208654713,0.829855861304304,0.8247737111373475,0.8268785836434966,0.8243283731149506,0.8204561438762182,0.8202591749925808,0.8300744416873449,0.8325068312923793,0.8435737607598695,0.8470754052149401,0.8521756607376143,0.8598879103282626,0.8657411998016856,0.8776828298887123,0.8913912450034123,0.904352176088044,0.9071349944961473,0.9232633279483037,0.9340593465880708,0.9405426975259378,0.9511266900350526,0.9619871279163315,0.9710086973907828,0.977640247554402,0.9871128871128871,0.9901512136888182,0.996177831422249,0.9980704783182696,0.9998,0.9998988570850612,0.9988983475212819,0.9955370727254286,0.9912966076550291,0.9862412761714855,0.9772772772772773,0.9705233607379186,0.9644852354349561,0.9529552476826473,0.9463482865421121,0.933572710951526,0.921405686824189,0.9157376719895551,0.8956119637937819,0.8955882352941177,0.8735001016880212,0.8691450547283306,0.8602620087336245,0.8482332692112989,0.8416343572919773,0.8393452561382237,0.8356421927567782,0.8293549023476031,0.824699625763246,0.8268921095008052,0.825528098844161,0.8299959951942331,0.833563672260612,0.835719968178202,0.8419997996192766,0.8452856572113464,0.855107125062282,0.8605373972328053,0.875887243966741,0.8810603769781272,0.893088116410671,0.9024808390480032,0.9165163359390659,0.9267105930055752,0.9397339158061954,0.9500302236550473,0.9578021543630794,0.9677483181638307,0.9725280274719725,0.9832964379150735,0.9895636616638505,0.9923732171156894,0.9975956722099779,0.9994968806600926,1.0
1.0,0.9989904088844018,0.9964749723033538,0.9941573486451093,0.986840793540026,0.9820543327384493,0.9765369765369766,0.9639133921411387,0.9556174743755598,0.9452330615121313,0.934558093346574,0.9218147672234852,0.9059435072577481,0.8956863535577505,0.8832835820895523,0.8751274209989807,0.8607544540658904,0.8459834910408698,0.8454005934718101,0.835333796250372,0.8285163776493256,0.8182091949407749,0.8103431128791646,0.8102742529676628,0.8110635757636057,0.8066519735523943,0.8055334394904459,0.8204738760631834,0.8166599839615076,0.8206586826347305,0.8317986494782075,0.8386195890684222,0.8428528856660376,0.8584,0.8623871415815061,0.8785168810289389,0.8943105689431057,0.8981916275352183,0.9213817748659917,0.929093640460691,0.9345943255350921,0.9465,0.9589861291288294,0.9690408741400243,0.9768156147825225,0.9841730942602425,0.9906486271388778,0.9957337037404504,0.9979965942101573,0.9996069954804481,1.0,0.9984885126964933,0.9952806506677377,0.991001799640072,0.984271022383545,0.9778560644187216,0.9709365979894495,0.9611332007952287,0.9487256073277579,0.9377912867274569,0.9300332694828107,0.9216034755134281,0.903167602245389,0.891199369271706,0.881649069884364,0.8713775307661771,0.857586690719583,0.8428730625063316,0.8361733931240658,0.8272834878674294,0.8254959218608398,0.8264462809917356,0.8059775593287658,0.8045538841953431,0.80457359696425,0.8126001602564102,0.8072906206065475,0.8138977635782748,0.824172517552658,0.8252561071710008,0.8336034028762407,0.8462223982572532,0.8528938906752411,0.8548114240222908,0.8736593525533799,0.8882608256788129,0.8977501004419446,0.913096323305986,0.9261363636363636,0.9307117969138875,0.9407149950347568,0.9541679175422796,0.9604067930489731,0.9738057005218788,0.9829778712326024,0.9867963152507676,0.9931110223642172,0.9976465973720338,0.9995995194233079,1.0
1.0,0.9994968300291839,0.9973235527359239,0.9926382809391165,0.9872497260683335,0.9791977704787499,0.973984708569159,0.9613841524573721,0.9529880478087649,0.9377162629757786,0.9271128184391427,0.9158465555332396,0.895766129032258,0.8934789023310711,0.8828873308976005,0.8610092197878457,0.8536104817259383,0.8302556818181818,0.8295137504982064,0.8244950751169038,0.8115361506108552,0.8055223285486444,0.8051883510585429,0.7912164171706156,0.7940431567217101,0.7984205730484966,0.7985424777877608,0.801894397420395,0.8037687450670876,0.8044559379351501,0.811639049710521,0.826195219123506,0.8317766395500653,0.8460544623335321,0.8511958370859601,0.8695346971520257,0.8869387755102041,0.8929143314651722,0.9072774659182037,0.9185207456404089,0.9351576442593694,0.946249498596069,0.9577709611451942,0.9656631247540338,0.9760071978406478,0.983159346070514,0.9914163090128756,0.993887163042389,0.9983129899771758,0.9997031466455572,0.999596814837214,0.9980940916842211,0.995636219379153,0.9905529037390612,0.9857142857142858,0.9744719191110222,0.9633855923794403,0.9585139929050059,0.9487739501638043,0.9320417287630403,0.9173084718281314,0.9098811070036966,0.8955949367088608,0.8799153055051422,0.8728294690354311,0.8530113297555159,0.8485423322683706,0.8370105346849533,0.8278465720326186,0.8105894105894106,0.8069490337438671,0.8009109311740891,0.7965337607693849,0.7940003986446084,0.7966018463956,0.7953986825287582,0.7978306718891233,0.7997796474358975,0.803573191195341,0.805352798053528,0.8204772749777206,0.8283679406159093,0.8440275421614609,0.8579448621553885,0.8600381258151901,0.8817344281994792,0.8863567304770587,0.9036969880124912,0.9161161161161161,0.9274858448395749,0.9361155063291139,0.9525474525474525,0.9634464751958225,0.9721603563474388,0.9819918416078002,0.9863645478243432,0.9936267675761801,0.9964857477547833,0.9994068215521503,1.0
1.0,0.9995046562314246,0.9969291728578504,0.9920948616600791,0.9864005478915957,0.9775190686471297,0.9687750200160128,0.9571045576407506,0.9465472115965371,0.9318617074891644,0.9251902361893468,0.9092530215969883,0.8946575617593895,0.8783311707755265,0.8637286758732737,0.8582059932526295,0.8457666364643108,0.8210619818397158,0.8143950690923552,0.8087138167711131,0.7995037220843673,0.7840337824250955,0.7828979551902945,0.7809062468463014,0.7724580949513199,0.7746006704791955,0.7748271369876741,0.7839679358717435,0.7850065058552698,0.794773095623987,0.8017982017982018,0.8126927285387446,0.8170123653769445,0.8337170887976775,0.8424560694809129,0.85413716366579,0.8760190892821634,0.8907478330981657,0.9011948990862536,0.9141368600340647,0.9304589707927677,0.9399695276790249,0.9514494934296318,0.9656523049111178,0.9714992577931717,0.9840409515206263,0.9855555555555555,0.9934013197360528,0.9974221693436447,0.9993954659949622,0.9996019108280255,0.9971104025508171,0.9937740883486511,0.9897917930058622,0.9835668918237725,0.9753111200321156,0.9630415025749772,0.9522870662460567,0.9428770117226306,0.9234444896299309,0.9100409836065574,0.9018990455574142,0.8876909254267745,0.8770866454689984,0.8567716141929036,0.8419449901768173,0.8337325349301398,0.8231664842272863,0.8127974081198744,0.8100603621730382,0.7983530829483833,0.7847524551989471,0.7782925867507886,0.7792259875676759,0.780570179795371,0.7848331648129424,0.7830319888734353,0.7824610467439073,0.7863709032773781,0.797252911316811,0.8037987472216609,0.8189365487250445,0.8322865554465162,0.8394718554551772,0.8546003016591251,0.8647256882551,0.8836083390969272,0.890737770649559,0.9129058607310598,0.9138,0.9365173539009196,0.9465557003910559,0.9617834394904459,0.9659561870929544,0.9782976605276257,0.9850206092289132,0.9915730337078652,0.9957017193122751,0.998805256869773,1.0
1.0,0.9989119683481701,0.9976057462090981,0.990412756080331,0.985359450726979,0.9768596682888072,0.9680161943319838,0.9607253782186154,0.9423076923076923,0.9216879691621018,0.9161323155216285,0.9077645648046367,0.8816444355962573,0.8721000605204761,0.8616275525754343,0.8399282368184989,0.8200695479384004,0.8189467432191645,0.8053940244636054,0.7929792979297929,0.784550814429899,0.7773920147043807,0.7663109142166734,0.7653473344103393,0.7633034905945076,0.7589619307280622,0.765003542151604,0.771557336004006,0.7697935458007616,0.7856709781729992,0.7837675950883498,0.7974504249291785,0.8060969515242379,0.825852417302799,0.8341989612465042,0.8541646179565345,0.8674334140435835,0.8835156014849002,0.8902991840435177,0.9065080613448683,0.9224258115913164,0.9374123773282595,0.9489898989898989,0.9625509089103009,0.9689668847907992,0.9810703666997027,0.9877312753537153,0.9946756063892723,0.9979975971165399,0.999799899949975,1.0,0.9978742787731552,0.9924520806435594,0.9896774193548387,0.9785714285714285,0.9716024340770791,0.9612974939369442,0.9469071126334878,0.935588086824836,0.9281532202044259,0.908981555733761,0.8974586288416075,0.8750622200099551,0.8603572485937038,0.8463723997970574,0.8391437308868501,0.8138054505669385,0.8101715561871892,0.8005140371688414,0.7864379576687732,0.7782678428227746,0.7764280694709367,0.7676747037188394,0.7677634234961647,0.7634216532698224,0.7640438146919908,0.7591095138264949,0.7656577764459095,0.7727947727947728,0.7853271778402248,0.7961012109874963,0.8012126031209621,0.8199520671060515,0.823296746761594,0.8433637284701114,0.8456288266586369,0.8688638852932391,0.8862452069609674,0.9009172462453382,0.9162100229152137,0.9272291083566573,0.9403030303030303,0.9555379118697896,0.9656955354479467,0.9761278575763707,0.9824402058734484,0.9911030229501567,0.9971442639094042,0.9989953787422142,1.0
1.0,0.9982227488151659,0.9957186544342508,0.9907230009075325,0.9844860374336903,0.9715418233560321,0.967741935483871,0.9555376722663715,0.9411823248407644,0.927067892084198,0.9067856068958605,0.8885436503959105,0.876500347187779,0.8611083274877243,0.8468051590036428,0.8306224899598393,0.8149223835753631,0.8012305249578248,0.7898848272408613,0.7836180904522613,0.7724048356479168,0.7555332999499249,0.7547094587860061,0.7478191116013235,0.7436432260627731,0.7471814825900429,0.7503993610223643,0.7489789819703158,0.7571513706793802,0.7581064851881505,0.7728616476152936,0.7879601990049752,0.7975668129238134,0.8191263996771916,0.8244532803180914,0.8366376694315193,0.8499397348332663,0.8719356736615023,0.8834380297138299,0.9009386858398243,0.9137415237335461,0.9330751663191341,0.9519056261343013,0.9550663449939686,0.9727336053338641,0.9788957791558311,0.987221396731055,0.9920870425321464,0.9968491532099252,0.9995995194233079,0.9999002294722139,0.9977166683212548,0.99358074222668,0.9882143210854709,0.9793034825870647,0.969409177246826,0.9553633561984293,0.9480310202437305,0.934434335443038,0.9221593206631622,0.9018167378139581,0.8817496229260935,0.8713403704441346,0.8544014620773682,0.8355591803445815,0.8241516966067864,0.8152522017614091,0.7962813257881972,0.7843488649940262,0.764502078796278,0.7646412152708375,0.7520081342145399,0.7556053811659192,0.7476523476523477,0.7522194513715711,0.7430374674413945,0.7526257877363209,0.7578201849301593,0.7553212455656287,0.7683231676832317,0.7766542312978598,0.7974176759083175,0.8071558520315343,0.8217147435897436,0.8250499001996008,0.8455673037820252,0.8634825870646766,0.8773923444976076,0.891662506240639,0.9112724339584594,0.9256081558493994,0.9390256254431277,0.9543,0.9654377880184332,0.9782241225017401,0.9840669189404501,0.9905868215501702,0.9957953749124037,0.9988925802879292,1.0
1.0,0.9989937613201851,0.995421974522293,0.9897082334132694,0.982292081177875,0.9700121163166397,0.9637016354208217,0.9499550494456098,0.9366679718089271,0.9185008923259964,0.9055368128596943,0.8877551020408163,0.8687692766888867,0.8551849239141389,0.8405507882658152,0.8186698478974053,0.8090891049811471,0.7859065085218778,0.7731467396815739,0.7579931630806355,0.7585621567648527,0.7403120281831908,0.7383618149675899,0.7313655336911151,0.7301113762927606,0.732521879086611,0.7258112830753869,0.7388916625062406,0.7429613125379785,0.7482595096357583,0.7598097502972652,0.7684242363141446,0.7813091561223473,0.7988177339901478,0.81583459404942,0.8346551551049092,0.8483426517571885,0.8609950248756219,0.8824829248694255,0.8988496628322095,0.9136099418721186,0.934331680663766,0.9436861793549691,0.959960258320914,0.9678574982585332,0.9789924332935086,0.9884119306731157,0.9931897846770156,0.9973900823127886,0.9997986104118417,0.9998997895580719,0.9968111609367215,0.993884098656507,0.9875837603468663,0.9789307866496013,0.9679009861139062,0.9564245810055866,0.9461852183427832,0.9253539253539254,0.9112911291129113,0.8943262411347518,0.881578947368421,0.8643422502755235,0.8378297061478287,0.8256241917835472,0.8126984126984127,0.788066873560917,0.789637201844057,0.7686377928796024,0.7569409642177007,0.743106387245563,0.7350281350482315,0.7384755357864942,0.7293762575452716,0.7395330112721417,0.737143431096826,0.7322099279260988,0.7360169920097097,0.745284911717496,0.7488584474885844,0.7623444399839422,0.7793399142486789,0.7902527439331386,0.8039235113444961,0.8173842896037108,0.838277606905447,0.8542607648298706,0.8701712465153325,0.887501238973139,0.9047474747474747,0.9174450135583007,0.9338118022328549,0.947373696872494,0.961673875867619,0.9730973097309731,0.983514274225975,0.990423940149626,0.9967522581954734,0.9987050503038151,1.0
1.0,0.9983932516569592,0.9949326036282558,0.9902845246356696,0.9802876395454089,0.9711481261154075,0.9605487133273255,0.9484991466720208,0.9317131954207672,0.9174202524098182,0.8897183238777745,0.877266806933173,0.8629274145170965,0.8492307692307692,0.8299648064353947,0.814321482223335,0.7981897752138453,0.7696195005945303,0.7682755858201482,0.743031016882607,0.7440535678592844,0.7307577713774953,0.7285518858706274,0.7141716566866267,0.7189156135344477,0.7059057466693179,0.7158726981585268,0.7126831733198585,0.7390085127691537,0.729382470119522,0.7407556270096463,0.7642886096473449,0.7718114143920596,0.7780663204155014,0.7982279500604108,0.8224875621890547,0.8420424007166318,0.8615791536050157,0.8690536055516443,0.8890429958391124,0.9125150662916834,0.9229387103214215,0.9412351591339918,0.9542053277461838,0.9667067789811472,0.9781426269137792,0.986247741417386,0.9930917100520624,0.9980906441563662,0.9997977346278317,0.9995979091274628,0.9969930840934148,0.9926544576373516,0.9865175272146209,0.9752396166134185,0.968066056506168,0.9545182525433872,0.9407587745993102,0.9258814102564102,0.9063441076089138,0.891445075191714,0.8721278721278721,0.8501289426701052,0.8329663730984788,0.813770426464727,0.8050352467270896,0.782935018763579,0.7747927693997803,0.7527735368956743,0.7394462988415472,0.7352674524025385,0.7263136742690646,0.7178381630402085,0.7130971025841817,0.7141583275537501,0.7118152738904439,0.726571004453241,0.7246923382294561,0.7357601283594063,0.7388452747689556,0.7558454591068741,0.7695678151762597,0.779212976869931,0.7938051323175621,0.8057366362451108,0.8269961977186312,0.8388525415198792,0.8700321156162184,0.8802913959440835,0.8993654570692048,0.9144533969959217,0.9316265060240964,0.9507304785894206,0.9568060233802259,0.9728342891638998,0.9806341561308449,0.989289964299881,0.9954425764634394,0.9984269000098319,1.0
1.0,0.9991015274034142,0.9952361646057166,0.9896465903434545,0.9818688981868898,0.9721285459234279,0.9565953210552514,0.9448771113583494,0.9268122444909762,0.9083080040526849,0.8932786557311462,0.8683658170914542,0.8507672249523619,0.8340843096024833,0.8201727948563392,0.8003637098403718,0.7867943548387096,0.7649640861931365,0.7479273588630083,0.7354943603292349,0.7251166021633423,0.7195549764458254,0.7018849206349206,0.6999295845488381,0.7021830562787903,0.7065609951845907,0.7003189156866654,0.7045341799781725,0.7092205705102451,0.7238894373149062,0.7382686084142395,0.740878107457899,0.7626811594202898,0.7735811150175791,0.7889091277069419,0.8049585124462662,0.8383089561210179,0.8473545509831746,0.8669273967107902,0.8836793483659482,0.9037636018768094,0.9204214751630707,0.9374074439727516,0.9525332267412812,0.9685547268695828,0.9750658828299209,0.985157129695977,0.9922259397756347,0.9974152500248533,0.9995963265718034,0.9995051954477981,0.9980097522141507,0.9934928421263389,0.9841093117408907,0.9741057934508817,0.966078431372549,0.9524651345511688,0.9328299666601294,0.9226491907457055,0.9007261513975927,0.8855761482675262,0.8674253768593391,0.8496496496496496,0.8250821794999502,0.8041909657012949,0.794597803502523,0.7780764635603346,0.7636345541401274,0.7440641076375148,0.7264982664685488,0.722024956883433,0.7161742613920882,0.6965309200603318,0.6976720951143971,0.6924707307226484,0.6971024594244748,0.7028721682847896,0.7104294478527607,0.7154949213304123,0.7260709671006859,0.7376030954077996,0.7512695409738126,0.7681719152307388,0.7762139338494018,0.8059984057393383,0.8163931184496738,0.8332999398918053,0.8544404619673437,0.8734483802603693,0.8976524899322267,0.90853290400483,0.9298333166982733,0.9435091277890466,0.9579300809796564,0.97140829362263,0.9814945899484275,0.9884732052578362,0.9948552405931606,0.9987807356228409,1.0
1.0,0.998801079028874,0.995232298640698,0.9886408534176215,0.9787384119306731,0.9715199360447687,0.9567298105682951,0.9428743839887358,0.9227907911933246,0.9093420144026833,0.8869805547329978,0.8707713801017862,0.8520553520553521,0.8306054824781605,0.8102481985588471,0.7932002808143617,0.7707125307125308,0.7509316144626851,0.7410705352676338,0.7267364995423574,0.7100408814438129,0.6981226283203515,0.6908091908091908,0.6821446636317653,0.6914606066673341,0.6872366044551474,0.6914691469146915,0.690213611525087,0.6906489118553115,0.6983458646616542,0.716515609264854,0.7299342760406293,0.7449255074492551,0.7677891360994187,0.7802142279708973,0.7952920143027413,0.8245614035087719,0.8361302062272543,0.8554792475365781,0.8831845984157225,0.8995628748602216,0.9196428571428571,0.9323735171854405,0.9496034534685273,0.9634528016153457,0.9766763848396501,0.9845282637273739,0.9913915333198299,0.9968250818533585,0.9997989949748743,0.9994977902772197,0.9963913392141138,0.9913017692991993,0.9831172746457643,0.9754527162977867,0.961577350859454,0.9491458085021851,0.9330522934858978,0.9150005126627704,0.8940193054035227,0.8795484326176797,0.8603481235536774,0.839705296694544,0.8190332326283988,0.8013454689354966,0.7833945774158307,0.7650469906018796,0.7449221060934726,0.7357050837379844,0.710939051022434,0.7037626916185546,0.6912083579735856,0.6872095372802587,0.695344432259994,0.6901913875598086,0.6846385542168675,0.677690920024053,0.6933051869722557,0.7007575757575758,0.711743414437965,0.7293435907683086,0.7400797607178464,0.7598889659958362,0.7725921521997622,0.7885594489368074,0.8042328042328042,0.8393642542982807,0.8511720698254364,0.8674170734136866,0.8904466252753855,0.9102269319204239,0.9256885327991988,0.9438292732031407,0.9568001626346818,0.9657103556690902,0.9796389167502507,0.988950276243094,0.9947373647105551,0.9988043045037863,1.0
1.0,0.9979123173277662,0.9952028782730362,0.9892957182873149,0.9786058658095621,0.970308066477503,0.956213975123875,0.9364872974594919,0.9168173598553345,0.9035009421799067,0.8827794561933535,0.861683935217785,0.8440654016955995,0.8202604632667263,0.79834142394822,0.7812531128598466,0.766246953696182,0.7439879759519038,0.7298719348754095,0.7108240712926804,0.6995254103223255,0.6757679180887372,0.6743110038221686,0.6721424355695456,0.6666666666666666,0.6699400962388294,0.6772291083566573,0.6762662370355452,0.6834039120790482,0.693809088136627,0.7036351232823311,0.713839959738299,0.7338918811091163,0.7550369040494713,0.7631525492585821,0.7862075769534334,0.8083927157561361,0.8272398553635998,0.8475518919455756,0.8805985137577826,0.9023733546071001,0.9160328262610088,0.9310240660557849,0.9453218712514994,0.9607505070993915,0.9707159446632334,0.9852516193323368,0.9902380715210678,0.996404673923899,0.9995966928816293,0.9994009584664537,0.996720985691574,0.9927962662337663,0.9854144081994678,0.9704088773367989,0.9573800364446244,0.9477903597554865,0.9350805241572472,0.9132924746307646,0.8900866411444691,0.8697267979108075,0.8467138725441309,0.8308209411285394,0.807276692772876,0.7819778918278721,0.7709295322224453,0.7493493493493494,0.733627884143348,0.7207091215212439,0.7019789307866496,0.6970336852689794,0.6827530851810977,0.6793675734066582,0.6778272304268663,0.667098316565395,0.671812749003984,0.6653739061256961,0.6750074471254096,0.6895717884130982,0.6998281265797189,0.7148166750376695,0.7207116142727181,0.7356115107913669,0.7599009900990099,0.7849041453377497,0.8040868961412558,0.827393431167016,0.8438843298163345,0.869842535379709,0.8778394750126199,0.9039661767666599,0.9214164925892768,0.9422115576884623,0.9563092269326683,0.9684357263765807,0.9822367768184975,0.9868753154972236,0.9938433589018975,0.9986916264090178,1.0
1.0,0.9986119373388855,0.9959542834024476,0.98716673298846,0.9784572619874913,0.9676194283429942,0.9534093181363728,0.9388160508541915,0.9176634768740032,0.8992544831754987,0.8747506980454727,0.8512207274539113,0.8407840784078408,0.8066265060240964,0.7888911454102355,0.771099871070118,0.7591131529012284,0.7329732973297329,0.7183154946483945,0.6996759821790198,0.6761558651322431,0.6779962454302935,0.6746880570409982,0.6613835725677831,0.659217322208979,0.6618453865336659,0.6582805071315373,0.657556270096463,0.6701549607566915,0.6694239585409607,0.6873708042130131,0.7028334485141673,0.7232151873169747,0.7403237156931738,0.7600721587492484,0.7832118973949496,0.7997609085475195,0.8191489361702128,0.8455219394910839,0.8686949559647719,0.890158794376454,0.9109879032258065,0.9278093528766577,0.9443629607900655,0.9586428428026501,0.9710884353741497,0.984538113058893,0.9914376742333731,0.998003593531643,0.9991051898985882,0.9998024691358025,0.9964146997311025,0.9923807639026321,0.98388047965402,0.9725252525252526,0.9619172025723473,0.9445400263131262,0.92916413681441,0.9074757959876235,0.8853592544343121,0.8690865813745909,0.8453825328386644,0.8197064989517819,0.8018575851393189,0.7811396873424105,0.757165926524021,0.7467141021840102,0.7277288552119598,0.7058167815160113,0.6895193861066236,0.6762865792129162,0.6722294393924253,0.6629667003027245,0.6566049013747759,0.6522301871764238,0.6523104985812728,0.6580174336103791,0.6587206992451331,0.681064131094477,0.6818092040292317,0.6953695369536954,0.70671731307477,0.730814639905549,0.750993640699523,0.7727272727272727,0.7940056134723336,0.812851643470536,0.8410662391021144,0.8611830312686716,0.8714387103315421,0.8992791349619543,0.9148766905330151,0.9341490102456979,0.9519145146927872,0.9637316139431795,0.9784172661870504,0.9879227053140096,0.9936274021706661,0.998496993987976,1.0
1.0,0.9983292383292384,0.9929388363998011,0.987214064529018,0.9770816653322658,0.96582316765803,0.9525818766325096,0.9251416641813301,0.9121869121869122,0.8948591051408948,0.8738577671831546,0.8470932579733549,0.8279848515048834,0.8010168477719071,0.7788634097706879,0.7618034447821682,0.7432553509208562,0.7188819625980294,0.7026,0.6910486967064053,0.6796679667966796,0.6539740102750076,0.6560150375939849,0.6361462588422836,0.639342619500952,0.6374133949191686,0.6396188565697092,0.6440812283308569,0.6542196416057663,0.6647381242387332,0.6782582702271821,0.689918533604888,0.7147518291477161,0.7303833032309853,0.7465531224655312,0.7704076497232009,0.7981487011048074,0.8202857717850675,0.8332502740954849,0.8644034147309907,0.8833517532402291,0.907392527119325,0.9247127595242894,0.9432766770592377,0.9558293269230769,0.9743159142546676,0.9845907544526716,0.9927667269439421,0.9965452571315764,0.9995064165844028,0.9992978936810432,0.9967977584309017,0.9892807052694851,0.9835687806832982,0.9716383385296188,0.9561729014141009,0.9423778983719783,0.924457892082703,0.9027213647441105,0.8822303799980157,0.8582089552238806,0.838227873650217,0.8197627663852031,0.7954249021771848,0.7695717884130983,0.7491535550687114,0.7325173071134745,0.7059746885117237,0.6915403032721469,0.6849985028445953,0.6680198924185528,0.6582712069312916,0.6422667065033363,0.6435245654576509,0.6369578134284016,0.6478274080826496,0.6491245327562463,0.6459639894800728,0.6603390518729063,0.6714215445154943,0.6809389482168043,0.7036780700019775,0.7163831510733091,0.7319187089061566,0.7621300583853433,0.7889297426214846,0.8031342824951347,0.8271666007123071,0.8482744742931885,0.8717665931421696,0.8907563025210085,0.9117914519551379,0.9329846032372681,0.9504744958481613,0.9631294964028777,0.9773584905660377,0.9855913548128877,0.9945277665180381,0.998001998001998,1.0
1.0,0.9987883683360258,0.9948974487243621,0.9846076458752515,0.9769805680119581,0.9598014888337469,0.9458483754512635,0.9319449980071741,0.9139645912074796,0.8916122551481668,0.8682100621367007,0.844846436735911,0.8192842942345925,0.7926682692307693,0.7811252992817239,0.741604665192037,0.7348099371445675,0.7034051984686681,0.6935107139230222,0.6719220727053625,0.6586369567399377,0.6501935099732064,0.6368861550872239,0.6309440032170504,0.6189856957087126,0.6292794585987261,0.6318751851486126,0.6326592517694641,0.6398296491583857,0.647767185148018,0.6567002170909808,0.686155055517343,0.701012328355217,0.7159440420676655,0.7366075949367089,0.7662043867414183,0.7897229219143577,0.8084461507375227,0.840504302581549,0.8584452013624524,0.8749749549188539,0.9028769841269841,0.9154843940008107,0.9397263030790903,0.9541458541458542,0.9712556732223904,0.9800552922590837,0.99131996408261,0.995375025135733,0.9996982801971236,0.9996947807508394,0.9971765654935969,0.9905444411267045,0.9809456598447425,0.9691683569979715,0.9568152486846024,0.9397973375720247,0.924884514962844,0.9002979145978153,0.876609010458568,0.8534653465346534,0.8359665895139378,0.8096607815909542,0.790422192973575,0.7593851610996157,0.7436970602889885,0.7142000599580294,0.6950914725582326,0.6824835941443715,0.670571882446386,0.6558905196350655,0.636734693877551,0.6289175928707319,0.6259435836313071,0.6226226226226226,0.6258854482898198,0.6395511921458625,0.6325799064024694,0.6352657004830918,0.6620430000990786,0.6743930462583675,0.694780750839353,0.7074218359804215,0.729238578680203,0.7528429103351112,0.7759410476000796,0.8022410660205935,0.827178876315267,0.8475202075641154,0.8755622188905547,0.8887211993158265,0.9117942535664054,0.9290064902646031,0.9499696785930867,0.9636907730673316,0.976312871686322,0.985838236760746,0.9934601664684899,0.9980027960854804,1.0
1.0,0.9985882827467985,0.9931361663470274,0.9871640593662254,0.974122367101304,0.9590967614142815,0.9464554296600822,0.926829268292683,0.9095422500248238,0.8838323353293414,0.858188013629986,0.8376968602668272,0.8129935032483758,0.7919476398254661,0.7710758020443275,0.7358154272700267,0.7163312305997798,0.6932840295822507,0.6849067949488875,0.6579652605459058,0.649858024086948,0.6465465465465465,0.6259997975093652,0.6130112656043845,0.6082898434363709,0.6072789252055344,0.6063713290194126,0.6145325203252032,0.6373298897387504,0.6383591577274533,0.6551008303677343,0.6637309847878302,0.6802273407119354,0.7158760405175008,0.7251288149028934,0.7501992825827023,0.7775790101371497,0.8003428456186347,0.8305254713196951,0.8550473668126719,0.8699081469648562,0.8930325814536341,0.9208904790300139,0.9367457763475463,0.9576364546820231,0.9682716675114039,0.982767207889232,0.9912802219579865,0.9961317198968459,0.999394184168013,1.0,0.9968092531658191,0.990672752530264,0.9818430300663803,0.9703666499246609,0.9494959576804072,0.9378042722305018,0.9156386788698766,0.8977511244377812,0.8778970602989866,0.8533762705041763,0.8287359806001818,0.800956842420014,0.7819253438113949,0.7543526115669401,0.7348159968086168,0.7093103789452855,0.6892514011208967,0.6663981472157889,0.6504295098534614,0.6463328985652653,0.6297308237198948,0.6123781774339395,0.6094306049822064,0.6076163891935001,0.6094756665675488,0.6123449379751901,0.6196043165467626,0.63335346215781,0.6453936180854256,0.6648598895479648,0.6757618004381597,0.693891762833267,0.7196412375289731,0.7459993884415452,0.766157943255147,0.7916999201915403,0.8165091994032819,0.837829854273336,0.8626166368870359,0.8802242609582059,0.9052453468697124,0.933532041728763,0.9456740442655935,0.9592714900430301,0.9753757911392406,0.9868342309994016,0.9939951961569256,0.9979793897757122,1.0
1.0,0.9984054215666733,0.9944840036104704,0.9845030993801239,0.972549796848677,0.9640712570056045,0.9443995963673057,0.9286862193652069,0.9019767678826167,0.8834343635098877,0.8581194887545824,0.8324028017460157,0.8057251526373737,0.787030510522606,0.7628917096390321,0.7362615522210076,0.7064950980392157,0.6858336649423,0.6624697824335214,0.6450836924927333,0.6360157016683022,0.6283034093201533,0.6036385936222404,0.6055138860733833,0.6058965102286402,0.5831991951710261,0.5987598759875987,0.5904819036192761,0.61051567239636,0.6373349460739844,0.6441486191138486,0.6612163509471585,0.6725726435152374,0.7005374203821656,0.7257782101167315,0.7541311967951928,0.7626865671641792,0.7917538093815357,0.8155281372253987,0.8459016393442623,0.8685394381685494,0.8999898775179674,0.9183857400360504,0.9378564995496848,0.9519597989949748,0.9673611111111111,0.9810681546432842,0.9896265560165975,0.9957576953433307,0.9995991983967936,0.9998003593531644,0.9966957044157405,0.988673950085196,0.981160741415983,0.9663204598164767,0.9573526453429894,0.9335143834238584,0.9167081301622052,0.8967722289890377,0.8711693548387097,0.8477122245281155,0.8239696637062169,0.80365343402388,0.7666501240694789,0.7484472049689441,0.7210727199678586,0.6930781435938119,0.6703024293505205,0.6636508252137602,0.6468580606303955,0.6201527024311835,0.6167046919948418,0.6107369055996783,0.6015007097951733,0.6060849482879808,0.60050075112669,0.6037201779215527,0.602836176120587,0.6262524036028742,0.6277838809547588,0.6576693227091633,0.6729018705611683,0.6956608280254777,0.7125465338565248,0.7331872073328684,0.7588294651866802,0.7868271954674221,0.8055055055055055,0.8377083541271584,0.862796833773087,0.8820816203750126,0.9020943982362962,0.9254470148499848,0.9455054494550545,0.9638227313837805,0.9749925276477035,0.9851881911332049,0.9928293994622049,0.9983050847457627,1.0
1.0,0.9981938591210114,0.9941271769947347,0.9853132181037066,0.9752674452841299,0.9595,0.9435386473429952,0.9286293592862936,0.898639798488665,0.8746762303247659,0.8627722772277228,0.8305697919807055,0.801447355009683,0.7766696887277122,0.7437364371670941,0.7264711709926689,0.697185214865271,0.6821986888552698,0.6526613473386527,0.6409223643137649,0.6207174526400645,0.6090367428003972,0.5973491314388994,0.5880893300248139,0.5843043521561597,0.5956284153005464,0.5814680379108691,0.5908052824942905,0.6001592198228679,0.6120636864666258,0.636010749477456,0.6554715078164397,0.6704047303496788,0.692757716360702,0.7131979695431472,0.7340350877192983,0.7671273739683803,0.7953853706431026,0.810392978256533,0.8414925373134329,0.8662187530876395,0.8946788255336207,0.9131042748701558,0.9303348325837082,0.9530535110403819,0.9656862745098039,0.9800059388300505,0.9898897988069962,0.9970232188926375,0.9993045206159961,0.9993953441499547,0.9959575543203638,0.9918561922733141,0.9779463127432392,0.9699717855703346,0.9486926492353231,0.9311637080867851,0.9138381201044387,0.8914148967992821,0.867867260218535,0.8365117203019468,0.8121451743714517,0.7901097794339813,0.7697368421052632,0.7425119301451925,0.7100401606425703,0.7001412999596286,0.6689484126984127,0.6456441472906895,0.6331965161677846,0.6137789102312818,0.6105725991805736,0.5966378095429837,0.5908273381294964,0.5964049005824463,0.5902064426049666,0.5945811830091307,0.5966221523959152,0.60481444332999,0.6162145810224866,0.6426144313411953,0.6556490384615384,0.6770474031733518,0.7030314922005297,0.7290946786454734,0.7525558312655087,0.776307937139447,0.8040126507214864,0.8325549041041439,0.8493150684931506,0.8721268694168424,0.9025278058645096,0.9222266480780721,0.9442952352531583,0.9587142435859628,0.9733575537390251,0.9864081551069358,0.9933953767637346,0.997807673143996,1.0
1.0,0.9981662591687042,0.993361319925803,0.9836228287841191,0.9739869934967483,0.9602489459947802,0.942070747217806,0.9219204169590057,0.9042414519201845,0.8755957108816521,0.84235037653587,0.8223045349884873,0.7973581507054939,0.7670662835628653,0.7414821554948944,0.7145879508361878,0.6868799352095566,0.6641191066997518,0.6329648241206031,0.6242083040112597,0.6085742771684945,0.6026882783158727,0.5864714790509844,0.5759341100843712,0.5815298693527475,0.5690959776981283,0.5703981819978263,0.5801066076636829,0.5949720670391061,0.5991008991008991,0.6272809759048291,0.6367313915857605,0.6588598764201714,0.6836158192090396,0.7055995191826104,0.7361676765670011,0.755332870324437,0.7816706254948536,0.8141794744670302,0.8338610726301208,0.865126974605079,0.8907682901976768,0.9110156796164985,0.9323369016360331,0.9482503696402168,0.9652351738241309,0.9792001607717041,0.9906056366180291,0.9955708661417323,0.999197834152211,0.9997032053818757,0.9971974777299569,0.989634748272458,0.9794073329984933,0.965934287442048,0.946113162359046,0.9315983647422474,0.9100198412698413,0.8873959691166149,0.8626357206893117,0.8360440448530154,0.8089070439374315,0.7848227658512231,0.753106053076235,0.7301491939521377,0.7057759919638372,0.6782496782496783,0.6541876892028254,0.6343394359228105,0.6203528356423802,0.6122945830797322,0.5919649087827734,0.5894652992133824,0.5798687089715536,0.5725450901803607,0.5801641313050441,0.5802003769467314,0.5821385902031063,0.5989832535885168,0.5979183508488278,0.6233702094033978,0.6440644263273017,0.6644128467733916,0.6826961770623743,0.711153384060873,0.7428886217948718,0.761785856971634,0.7981770833333334,0.814143245693563,0.8500946875311473,0.8768487775430124,0.9016164438235881,0.9227140419552343,0.935187954930701,0.9603284527107242,0.975506926320016,0.9833681904192809,0.9932932241838446,0.9987001299870013,1.0
1.0,0.9981938591210114,0.9938918863890869,0.9849434114793856,0.9735244351547726,0.9552816542731996,0.9408586010207145,0.9198792148968294,0.891406327976844,0.8650140505820956,0.8443792370737631,0.8203556716567869,0.7916707982151711,0.7596631835243989,0.7311287566589607,0.7130538209931608,0.6840361445783133,0.6655983975963946,0.6381115361385142,0.6269122383252818,0.5958125623130608,0.5919153983000593,0.5881773399014778,0.5806805708013172,0.5677535148070595,0.5563040418258597,0.5654219641605767,0.568259385665529,0.580596413459601,0.5934747798238591,0.6103648757016841,0.6249499399279135,0.6403056161936892,0.6724494825036964,0.7010956175298805,0.723318969836657,0.7510464420968707,0.7805970149253731,0.805622009569378,0.832233277509605,0.8543033194195985,0.8899036531513448,0.9062219115150305,0.9313189543782924,0.9462910417511147,0.9656357388316151,0.9810464764593205,0.990036231884058,0.9969385739680031,0.9997020854021847,0.9994959677419355,0.9967764682179914,0.9895366218236173,0.9783222423875781,0.965105694346111,0.9495,0.9321610550504545,0.906153385858183,0.8832308157708985,0.8599028929799717,0.8291925465838509,0.8038006168540444,0.7707770777077708,0.7481037924151697,0.7191601049868767,0.6927296299990027,0.6740904968255568,0.6402237985812769,0.6276681433749497,0.6204233122680309,0.6023,0.5791374122367101,0.5707897144018701,0.5588205996613208,0.5634280019930245,0.5610415623435153,0.5748724617385216,0.5759632661209823,0.5866228070175439,0.5942816873049431,0.6146423953048841,0.6418804271883422,0.6606609595859049,0.6755679553607015,0.7075208913649025,0.7412137412137412,0.7614122327200398,0.7950403346280251,0.8195136535778353,0.8477243302459915,0.8784173377075256,0.8906669317165292,0.9247592295345104,0.9428111155859847,0.9587566643194849,0.9717726016581129,0.9847597900686315,0.991732244247435,0.9974126778783958,1.0
1.0,0.9980998099809981,0.9941002949852508,0.9819909954977488,0.9712,0.9553347385325706,0.9421179786591504,0.9230308475591494,0.8949954869120449,0.8674296131253798,0.8431917427550615,0.8204563650920736,0.7777889044662527,0.7560758743331357,0.7249213217938631,0.6996289238792498,0.6701687039094858,0.6594312129434228,0.6308576035473143,0.6126739709801599,0.5925224327018943,0.5796746373970991,0.5647756990545162,0.5616590794132524,0.54996470706867,0.5518232263178755,0.5550943769147149,0.5598567021594189,0.5793159443824216,0.5891543191210563,0.6059486974747978,0.6226849534487937,0.6446038803556993,0.6599920302849173,0.690558026688233,0.7142713567839196,0.738360985419809,0.7680883090817863,0.8015610927649355,0.8320899234059485,0.8553751732330231,0.8854420113544201,0.9022382816420756,0.9285572926974075,0.9517282479141835,0.9625583474029199,0.9798314268512944,0.9882906325060048,0.9961120526368259,0.9992992992992993,0.999496475327291,0.9955595922898375,0.9890931125025247,0.9769344504682109,0.9646149271483794,0.9532550907814225,0.9285571342805683,0.9050035522175987,0.8793638091427428,0.8523144018237685,0.8260869565217391,0.8085725757879944,0.7729697091677569,0.7420194135895126,0.7188217673489765,0.6959881129271916,0.6667674629573632,0.6365095285857573,0.621442885771543,0.60604247681723,0.5813225643614336,0.5655547717424166,0.5673038229376257,0.5582939342118499,0.5503113074914642,0.5603120624124825,0.5663121990369181,0.5649672683991271,0.5736984111122214,0.5923604894061474,0.6084468127096901,0.6312027772105371,0.6596306068601583,0.6792852816474864,0.7075320512820513,0.7389296114067677,0.7535790435577217,0.7976884322829201,0.8172573798005726,0.8378487666801455,0.8647430117222723,0.8940573568542426,0.9199398797595191,0.9343094578551642,0.9565346241232836,0.9700828785122296,0.9848333665934943,0.9936791411658473,0.9981135822081016,1.0
1.0,0.9986043265875785,0.9943714821763602,0.9835902536051716,0.9713086074177747,0.9538290563750252,0.9361976582655289,0.9151460763785023,0.8936548725044475,0.866487187157244,0.8372535281753578,0.8093400613436232,0.7824064711830131,0.7565769879876899,0.7307351638618246,0.6974066286172024,0.6681641209943097,0.6429776674937965,0.6235540486637415,0.6065219526569099,0.5768542453768145,0.5718545020870602,0.5555668634235701,0.5487473588892242,0.5497673477645155,0.538983727662973,0.5385446332122165,0.5526842948717948,0.5648240206800557,0.5697120158887785,0.5871095686663361,0.6032651455546814,0.6278120645032849,0.6485565356856455,0.6908317673820591,0.7127236580516899,0.7407112262177508,0.7700689793062081,0.8011976047904191,0.8264388489208633,0.852932300573383,0.8816948816948817,0.9052600119545726,0.9255276381909547,0.9486240348445852,0.9629742341245688,0.9771068679396181,0.9883897021706209,0.9945641232132072,0.9992017561364998,0.999900269272963,0.9959040959040959,0.9870676691729323,0.9784569138276553,0.9646550858519932,0.9462979661356578,0.9240722166499499,0.9024462127910404,0.8802228412256268,0.8533399800598206,0.8187764137653452,0.7938092357330107,0.7709181141439206,0.7443391521197007,0.7115640684215917,0.6952034597994889,0.6527159394479074,0.6348884381338742,0.6156772449694664,0.5992415926554236,0.5787472483490094,0.5609927652733119,0.5569582206191764,0.5464082325906684,0.5424875621890547,0.5486424205991384,0.5566627588901915,0.5569194218966541,0.5715440582053355,0.5901687888658572,0.6118126677935766,0.6194348041646008,0.6554209630593653,0.6678596281936574,0.6907750547917912,0.7260411440040141,0.7516417910447761,0.7776227956560725,0.8164487473799781,0.8382678751258812,0.8644187216909914,0.8971102889711029,0.9159269971078089,0.9361723346963199,0.9582322006472492,0.9718407960199005,0.9827741612418628,0.992152466367713,0.9980474470370009,1.0
1.0,0.9978209191759112,0.9929577464788732,0.9831101339196482,0.9739661560028037,0.9561597110754414,0.9335481272654047,0.9146390508747235,0.8909127706941915,0.8652734097595617,0.8391488503428802,0.8144619396249122,0.7753945770942938,0.7507729131345368,0.7223369725582768,0.6928910911113358,0.6669978144247963,0.6408057439170323,0.6157788944723618,0.5973650064876734,0.5805247225025227,0.5579259259259259,0.5426325738732465,0.5492844991494046,0.5375462453754625,0.5350145684718175,0.5381339144215531,0.543770218606019,0.5509415262636274,0.5623012718600954,0.5904694741084022,0.605420163818384,0.6202582728006457,0.6527314955064122,0.681515823422697,0.7081549337847257,0.7327474283431539,0.7666599557076706,0.7942436012349368,0.8216018216018216,0.850317508315694,0.8756800322385654,0.9096920647453612,0.921838849210341,0.9445331205107741,0.9637076505479039,0.9768448605657908,0.9883268482490273,0.9957543443917851,0.9996019900497513,0.9994990983770787,0.995228153892037,0.9893553521687226,0.9801733585732789,0.9659912432542511,0.9443827596648834,0.92520035618878,0.904063092742338,0.8714941854783543,0.8504217051112691,0.8292707595832912,0.7990881157696501,0.7577707384676302,0.7373382810149434,0.7066799601196411,0.675889724310777,0.654777586381599,0.6253681523659925,0.6097341595042974,0.5773815486326755,0.5648708635996772,0.5626196473551637,0.5449730161902858,0.5374176811015765,0.536188479584706,0.528949462793474,0.5346057257659468,0.5518984831961932,0.5572693800378147,0.5775015039101664,0.5944427725950446,0.6098817823582904,0.6418539325842697,0.6612726001398461,0.692400361409497,0.7249424251526985,0.7563241106719367,0.7742771684945164,0.8098787517392169,0.8376051261513816,0.8654695024077047,0.8907394401525033,0.9131172069825436,0.9369819234994508,0.9575849822425165,0.9701327433628318,0.9849843797238739,0.993256644188814,0.998320655932036,1.0
1.0,0.9984361255009285,0.9926662648181636,0.9820056611403154,0.9729124236252545,0.9536350891247747,0.935205397896408,0.9165007961783439,0.8920578332343039,0.8700316746704813,0.8262145748987855,0.807833780693906,0.7742747784045125,0.7507246376811594,0.7108156737305078,0.6880761523046092,0.6570144782825761,0.6210229561014902,0.6040644709180099,0.5840302668259657,0.5621782178217822,0.5575842696629213,0.5368705035971223,0.5304277151275018,0.5295348142245243,0.5251669490680754,0.5325912555154433,0.5300833995234313,0.5527327935222672,0.5606210443037974,0.5691895645273286,0.5973034598988798,0.625617711010081,0.6546204952687739,0.674520766773163,0.6953062848050915,0.7295877923107412,0.761613323969098,0.7931034482758621,0.8221709006928406,0.8447304907481898,0.8785288270377734,0.902050567390006,0.9264471057884232,0.9463414634146341,0.9588116817724068,0.9755689094670476,0.9872605075734778,0.9962132536123568,0.9991062562065541,0.9992969063881076,0.9947778106217361,0.9892558694787107,0.9780032141422258,0.9654659124739505,0.9455252918287937,0.926853508248857,0.9007892896393246,0.8734620386115834,0.8504196642685852,0.8246759873456475,0.7842554035296451,0.7538081107814045,0.7215846721884044,0.6993724474549258,0.6721083018116664,0.6440178752793012,0.6278815580286169,0.6054198927933294,0.5788797787217228,0.5696903749134434,0.5548148907804328,0.5343799682034976,0.519570832505464,0.5330179381036861,0.5363,0.5333465072621283,0.5471206810215323,0.5444400159426066,0.5675237902409395,0.5916450129922046,0.6120525418630302,0.6275022633537873,0.6551201777418704,0.6804804804804805,0.7255873897095271,0.7512248775122488,0.7729517283079714,0.8080316397931244,0.8354301948051948,0.8617085427135679,0.8880971497390606,0.9166666666666666,0.9342078910474665,0.958299919807538,0.9712330125979566,0.9829681274900398,0.9943786388275446,0.9986093175722658,1.0
1.0,0.9978875364651444,0.9917380352644837,0.9831612709231232,0.9700151438667339,0.9550448543493599,0.9328745262317973,0.9110522702755712,0.8890668802563075,0.8548483639265763,0.817846909537454,0.8037503720607203,0.7713279678068411,0.7435716446506,0.7087192911800242,0.692991214057508,0.650568748752744,0.6247658483683328,0.6069537416325307,0.5794008616371105,0.561773183580161,0.5478961504028648,0.5443364411823051,0.5209832134292566,0.5223263783892753,0.5260952000798323,0.5258891478366603,0.5283702213279678,0.543637641859998,0.5633323320316411,0.5649214135549104,0.6035237905634083,0.6095924702112746,0.6433012434817489,0.6703252441848756,0.6957701195619411,0.7259582054075467,0.7545565006075334,0.7854425310372447,0.8145040455498951,0.85225350711372,0.8697416608928041,0.8941400762592816,0.9229534510433387,0.9443265636051329,0.9627115209241058,0.9757623143080532,0.9868771583621115,0.9954210631096954,0.9995965708522441,0.999499399279135,0.9952981192476991,0.9899729269026372,0.9778944180882204,0.9619325030132584,0.9419015863392948,0.9184640193509374,0.8949776230730979,0.8726626016260163,0.8439058448035108,0.8141689916301316,0.7866586538461539,0.7546342435718557,0.7265656162744316,0.698295108585346,0.6755399296835761,0.6363089870754434,0.6185692541856925,0.5878933654038886,0.5709259073087363,0.5559366488449511,0.5375366272607861,0.5376661742983752,0.5272944217957641,0.5229988052568698,0.5259779338014042,0.5252953650408967,0.540034243126196,0.544337659764193,0.5662506240639041,0.5885484681064792,0.5971870889406051,0.6262403528114664,0.6545454545454545,0.6807483998030527,0.7070422535211267,0.7435512897420515,0.7700762451727894,0.7971271153089335,0.8302091554853985,0.8516970239872599,0.888988898889889,0.91521370927568,0.9343094975428743,0.9533313474332241,0.9711155378486056,0.982861175521726,0.9925801345468935,0.9983882341089957,1.0
1.0,0.9985182258223847,0.9925710270053207,0.9817464232856438,0.967877514259982,0.9547982606937001,0.9298577255994428,0.9085516559565002,0.8860465116279069,0.860928471807133,0.8324286983124445,0.8005570476474684,0.7659293831168831,0.7316903507900229,0.7055588882223556,0.6864065956163282,0.644671561817821,0.6269496544916091,0.593843994385402,0.5734560046980522,0.5637603795966786,0.5340875841217205,0.528000792942809,0.5216158752657689,0.5044319097502015,0.5096501809408926,0.5157946210268949,0.5213598074608905,0.5387461253874612,0.5538431140090891,0.5632898894154819,0.5866306954436451,0.603327062085355,0.6409896824601823,0.6705484224146512,0.6944613511868534,0.7223943239732188,0.748817550568582,0.7813163481953291,0.8098480363134004,0.8459900638750887,0.8775592536560767,0.8994899489948995,0.9223242207202663,0.9436281859070464,0.9591733870967742,0.9793371930525054,0.9862137862137862,0.9941871921182266,0.9992944970772022,0.9996006788459618,0.9954458050804574,0.9873179431289012,0.9769772749826338,0.9630673241420952,0.9455229793977813,0.9245283018867925,0.9002711660138596,0.8660486910461445,0.8385093167701864,0.8164506480558325,0.7871414441147379,0.7529928172386273,0.7190466772151899,0.691314788873324,0.6622868605817452,0.6381979822195585,0.608656537385046,0.5917463512833417,0.5648939378707147,0.5557222889155662,0.5331796311146753,0.527964655085852,0.5208603007069601,0.5237560028609379,0.5170551165349605,0.5268773907791423,0.5206073752711496,0.5381893246829844,0.5598482579614655,0.5715708735929873,0.5927870801545626,0.6201272871917264,0.6585147628988965,0.6768558951965066,0.703674280039722,0.7417826174631982,0.765562649640862,0.7977403409664078,0.8306027206831497,0.8568698451015893,0.881788814859681,0.912393376818866,0.9349100665805425,0.9528254541804677,0.9677096870938718,0.9820061636345562,0.9926695174098962,0.9976578411405296,1.0
1.0,0.9976916900843035,0.9916500994035785,0.9814869814869814,0.9687750200160128,0.9527488855869242,0.9357037037037037,0.9012914205626189,0.8848436085688424,0.8619458494495685,0.8266983561101208,0.7921353907416625,0.7758123819934413,0.7375398724082934,0.7044320223597524,0.679718875502008,0.6471290675689123,0.6156913567939388,0.6026192142357293,0.5758723828514457,0.5595461272816971,0.5275707898658718,0.5210084033613446,0.51711565728175,0.5089695036874626,0.5151545363908275,0.507137794876987,0.5193265590755131,0.5280750025476408,0.5435088424437299,0.5582068690095847,0.5801504056995844,0.6093059782075194,0.6224009415457042,0.6595021493551935,0.6962317097614752,0.7172920389120508,0.7438345266507558,0.7750680237831301,0.8148259004290133,0.84025042916288,0.872745490981964,0.8975127359904106,0.9227149864851336,0.9426154316583427,0.9608120391879608,0.9752445597923737,0.9867032074705644,0.9958469296944527,0.9998,0.9988850598013379,0.9950818026698786,0.9883093525179856,0.9758810789525497,0.9623517786561265,0.9438191054885945,0.9210631895687061,0.8992820305389827,0.8690176322418136,0.8407035175879397,0.809499747347145,0.7852102176721996,0.7519665438613959,0.7252942922148581,0.6867375049193231,0.6548984107825387,0.632557677008751,0.6067529316619491,0.591304347826087,0.5537730243612596,0.5406331921758419,0.5274062154279393,0.5162321446408951,0.5224394691520616,0.5094473072648277,0.5183109865919552,0.5165674603174604,0.5224792229898868,0.543791629386619,0.5533070088845015,0.5722928009679371,0.5996781331723999,0.615205271160669,0.6545672118069406,0.6688781664656213,0.709603277705606,0.7362301704601438,0.7658183978611743,0.8001397624039134,0.834085665563246,0.8580390569665082,0.8850201632733353,0.9089164899525396,0.9281449044585988,0.9529824561403509,0.9696702866647099,0.981487011048074,0.9918081918081918,0.9976354679802956,1.0
1.0,0.9983771173547012,0.9922379032258064,0.9812923450298311,0.9678491156063715,0.9526779526779526,0.9313968474273818,0.9099729918975693,0.8852897473997028,0.8544076585560431,0.8327445240738871,0.7912862246923382,0.7646533769711396,0.7342089432524563,0.7076402032074908,0.6714470670251967,0.6460344312866952,0.6100317208564632,0.5877106045589693,0.5709280208229052,0.5526756676850301,0.5380710659898477,0.5267129489888319,0.5094173042966451,0.5075910931174089,0.5081818181818182,0.5054331268406621,0.5144325820482404,0.5288826703977614,0.5362405416168857,0.5595095693779905,0.5799241668329674,0.6031858050206674,0.624800796812749,0.6515016354445435,0.6844091360476663,0.7251467807742064,0.7522448979591837,0.7800081103000811,0.8094621513944223,0.8447026114586437,0.8733733733733734,0.9002022244691608,0.9199597787833081,0.9408159163987139,0.9623039806996381,0.9789159622078568,0.988989898989899,0.9946722959388822,0.9998002397123452,0.9998005584363782,0.9961793685903881,0.9867229933614967,0.9751843731313534,0.9637398861252622,0.9406989406989407,0.922,0.8933547158464469,0.8670239158479707,0.8391334871126266,0.8148000398922908,0.7804878048780488,0.744644473498944,0.7179025317722406,0.6802809834420471,0.6582883891319833,0.6258264876778201,0.6048514851485148,0.5791245791245792,0.5566700100300903,0.537399193548387,0.5171831545490664,0.5139659270998416,0.5101980490688738,0.5150375939849624,0.5037852023821541,0.5114338993031701,0.5201954722249925,0.5311504777070064,0.5510103011093502,0.5705385852090032,0.5893057969532768,0.6134226845369074,0.641110775731965,0.677432296890672,0.7107838192272773,0.7334653465346535,0.7744592180988291,0.7929869871858548,0.8249698916097953,0.8568988041402874,0.8823703120385865,0.9099474362788853,0.9323632714500752,0.9533380466619533,0.9679647612373611,0.9827484227129337,0.9917599186164802,0.9978004399120176,1.0
1.0,0.9981043599720643,0.9926081310558386,0.980123851378346,0.9717485622036122,0.9504451038575668,0.9286940713059287,0.9121199919468492,0.880123975204959,0.853257560381571,0.8263556618819776,0.7961136023916293,0.7645006976280646,0.732220536165908,0.6961342523224453,0.6694736842105263,0.6415317804974339,0.6120861587554847,0.5788362978595116,0.565562524500196,0.549370377773336,0.5303398058252428,0.5207420242584854,0.5034767711377608,0.496214797617846,0.5086181129819667,0.5047445992327882,0.5201053377899322,0.5280910189287152,0.5395117090184355,0.5642122415724615,0.5804650218296273,0.6069570539630725,0.625659400816164,0.6575520833333334,0.6841894060995185,0.7110191208357973,0.7499246458354265,0.7719686306052684,0.8052131743786624,0.8417740485465988,0.8685971043434848,0.8953170830383331,0.9192534381139489,0.9427233788225919,0.9633330002997302,0.975570361397133,0.9881901685676794,0.995229102474903,0.9991915108640728,0.9992999299929993,0.9962170233947237,0.9885973763874873,0.9775771405893442,0.9625509089103009,0.941083432186635,0.9178786979321263,0.8940694888178914,0.8719365206910406,0.836125706354714,0.8081576893052302,0.7805648824807426,0.7429771068679396,0.7166666666666667,0.6834447502949272,0.6516258129064533,0.6270074422248335,0.5993560720394406,0.5705976734857602,0.5575248126392546,0.5378948430719548,0.5186444066779966,0.5179619862672903,0.5043633478778262,0.5054753863473544,0.5029216598989799,0.5058552697427685,0.5177212655186223,0.5179979777553084,0.5440640194489466,0.5618392180331139,0.5931849791376912,0.6114898736715461,0.6443406538805525,0.6724172517552658,0.7065927539101168,0.7381943739209912,0.7654921020656136,0.796579476861167,0.8268523122824465,0.8558282208588958,0.8842624568327577,0.907051282051282,0.9303442754203363,0.9550049554013875,0.9683961799744019,0.9837143137447267,0.9922605286963514,0.9977335435553804,1.0
1.0,0.9977243494607697,0.9924220057080996,0.9814018598140186,0.9703477489902472,0.947541309974119,0.9314083080040527,0.9060349127182045,0.8835657974530018,0.8575598953090396,0.81935548438751,0.788677303139475,0.7671164913673348,0.7290361086242912,0.7006735340729001,0.6701275585879561,0.6437057003094739,0.6141374196737519,0.5865787896944278,0.5690027483313702,0.5473694718977737,0.5299398143425482,0.5128360012080942,0.506009493990506,0.5028758429194764,0.5091108234591257,0.5048409405255878,0.5092518901711103,0.5191574724172517,0.5384769338536975,0.5580047604263686,0.5787845524398763,0.5913182636527305,0.626593625498008,0.6611907606531262,0.6861718199214423,0.714027149321267,0.7489198743126473,0.7797712933753943,0.8151277209024947,0.8352976428286056,0.8683192860684185,0.8981030886880524,0.9227523857358112,0.9399103139013453,0.9607552392249901,0.9775855289028706,0.9868131868131869,0.9947047657108602,0.9995089373404047,0.9996018315747561,0.9942748091603053,0.9876739562624255,0.9746986751668493,0.9633780268160896,0.9421850079744817,0.9163242809900791,0.8936170212765957,0.8671684097351188,0.8416276054652438,0.808257804632427,0.781093027928471,0.753942902775005,0.714570261926103,0.6858172355119607,0.6641426721131812,0.6301274392672243,0.6014573423742536,0.5695130557515878,0.5636971723928246,0.5359744536473405,0.523325960184999,0.5056698444555946,0.5070562512422978,0.5111378687537628,0.5049643967505767,0.5081834714083653,0.5083983203359328,0.5262892828364223,0.5430503082123682,0.5626674605537362,0.5880575974222133,0.6107321965897693,0.6437052301049946,0.664384251334206,0.6993834526650756,0.7288844621513945,0.7711498973305955,0.8008402520756227,0.8242351529694061,0.8581707076680465,0.8788089330024814,0.9041720344861758,0.9342639342639343,0.9526722149804472,0.9652,0.9830165790537808,0.993543179983858,0.9984055804683607,1.0
1.0,0.998204846913334,0.9930200550530869,0.9828485456369107,0.9694143602085841,0.9462743522795742,0.9323308270676691,0.9062031765058436,0.8778533022217714,0.8483729287282891,0.8291567223548131,0.7922471229557844,0.7584275282584776,0.7285446842053405,0.6941388277655531,0.6667991257699185,0.636789164425854,0.6103479394364785,0.5914396887159533,0.5679289478821004,0.5432859556704105,0.5323348541955961,0.524527156872661,0.5094245037096451,0.5063582657454692,0.4934,0.5090655509065551,0.5094,0.5257194424947358,0.5313153440207109,0.5504994450610433,0.5750249750249751,0.6074134753225476,0.6284616939559329,0.6567208861391078,0.6829390537289495,0.7182320441988951,0.7417318099819603,0.7873477873477873,0.8116694974522929,0.8405378486055777,0.8730142871415726,0.8954830868948754,0.9153487429034874,0.9437955475691324,0.9608877388535032,0.9779674473997618,0.9877386934673367,0.995603517186251,0.9994991987179487,0.9995993188420315,0.9959477256610273,0.9876394332227917,0.9781442479634412,0.9562007383019057,0.945364572813573,0.9190442584937998,0.8953911461491814,0.8615785256410257,0.835780641294576,0.8136801928485335,0.7702123417406042,0.7419992097984986,0.7137681159420289,0.6782887486223825,0.6564701147112095,0.6227196528941918,0.5988203538938318,0.5773381294964028,0.5577567814690643,0.5404437369415979,0.5142857142857142,0.5136491368928141,0.5027306126501837,0.5072696279955881,0.4974563591022444,0.5078826581520655,0.5220246514447363,0.5281068058622767,0.5459741301514088,0.5602083750751352,0.5900371597870845,0.6141763995167137,0.638733894694126,0.6665310274669379,0.6979197476091886,0.737330830781389,0.7674113009198423,0.7904,0.8222379603399433,0.8523569522680107,0.8810390135435617,0.9062748212867355,0.9298962903869167,0.9525827280064568,0.9691938387677536,0.9827705031013094,0.9927920712784063,0.9976734776451548,1.0
1.0,0.997949979499795,0.9904944888259682,0.9819574639653261,0.9664876690533015,0.9494450050454086,0.9309688407975153,0.9077030532827779,0.8834435758669072,0.8552249273619877,0.8261536887342679,0.7937538024741432,0.7614172438020677,0.7320511529553922,0.7008791658147618,0.6696578246721231,0.6358185088946632,0.606157857787584,0.5800302571860817,0.5581068885992179,0.5408397327216515,0.5334471675371635,0.518664047151277,0.5016675088428499,0.5016468709452041,0.49924448473859173,0.5024860779634049,0.5139949109414759,0.5273279352226721,0.5342094703049759,0.5568927789934355,0.5705870607028753,0.6077409004311641,0.628144732885637,0.6490072832485284,0.6870274572224433,0.7192804146762882,0.7441767068273092,0.7824017820980154,0.8101064358897841,0.8372935964559001,0.8634705047638354,0.8941819990054699,0.91935967983992,0.9439903118377233,0.9597168212184665,0.9746618211185141,0.9878812361139164,0.9965020987407556,0.9991034963641797,0.9997016112989855,0.9943876528362398,0.986645245506577,0.9768893222818138,0.9625829812914907,0.9398791540785498,0.9174950298210736,0.9009300444803882,0.865209106408585,0.833817780896061,0.8113432835820895,0.7738319611149688,0.7445695102685624,0.7081967213114754,0.6765375854214123,0.6516492357200322,0.6272890127388535,0.6013176282691156,0.5728232715680415,0.5492901816737814,0.5387232339403643,0.5134493670886076,0.506612821807168,0.5056961387236617,0.5068982630272952,0.5027510316368639,0.5039960532807104,0.5216025137470542,0.5244705643935555,0.5403345540928437,0.5608222732262249,0.5864197530864198,0.6137539808917197,0.6362074193874456,0.6641554321966693,0.6938898364603191,0.7307653625666298,0.7625834745340376,0.7852947133886976,0.8207547169811321,0.854853250525894,0.8745725206195937,0.9089068825910931,0.9302984319676277,0.9493896993152724,0.9722222222222222,0.981028457314029,0.9911583548579376,0.9977034448327509,1.0
1.0,0.9978902953586498,0.9904914422980683,0.9802446851183313,0.9716866247209255,0.9549106246234184,0.9284340520295576,0.9110127826941986,0.8846153846153846,0.8551299861083548,0.8247236180904522,0.7929029671210907,0.7567216391804098,0.7303182579564489,0.7089095219280916,0.6616026213881442,0.6363726856460282,0.6132982491650643,0.5809628008752735,0.5682136427285457,0.5378317056328302,0.5273270283723246,0.5108438485804416,0.5063825510101517,0.5024945120734384,0.5001495066281272,0.5003024193548387,0.5143906312028583,0.5204766196054871,0.5450423216444982,0.5581256231306082,0.5770894096349191,0.6027711323763956,0.6214953271028038,0.658444400238711,0.6759947084562938,0.7178894472361809,0.7516566116111166,0.7776098347440548,0.8074860900354072,0.8403572145293999,0.871076011846002,0.8962083878105199,0.9191776680439383,0.9395952884324977,0.9588688946015425,0.9734268497480983,0.987547700341434,0.9965743073047859,0.9997,0.9997015222365934,0.995999199839968,0.9890994295028525,0.9768658217662443,0.9600967351874244,0.9411176647005898,0.9164675428116288,0.8986147359967878,0.8619118375433383,0.8374008541793777,0.8127821811979532,0.7839696939487588,0.7471368294153105,0.7153531931852147,0.6792396496815286,0.665402275903374,0.6234805810850874,0.6023914790996785,0.5701038201794174,0.5507113821138211,0.5305446885344568,0.5242826726148231,0.5165165165165165,0.49551185073121534,0.5018145161290323,0.5029497050294971,0.5076659269719589,0.5130373502466525,0.5303348325837082,0.5517729063541772,0.5591118223644729,0.5889140940921196,0.6080262242972087,0.6358154959300573,0.6631940932537675,0.706415550407896,0.7315966054864812,0.7584745762711864,0.794236195082628,0.8202630786223516,0.8578989414819254,0.8818127370732681,0.9069283377936367,0.9299533683897212,0.9559,0.9693043651584612,0.9819082272084091,0.9915506958250497,0.9980075712293286,1.0
1.0,0.9964225380105336,0.9930631255574274,0.9819451371571072,0.9644395472302915,0.9526842584167425,0.9303384128240649,0.9056960764787891,0.8759620189905047,0.8619391596296673,0.8173999011369254,0.7928779800824867,0.7655165476310231,0.733709087313359,0.6994050620147222,0.6717334407086772,0.6480716946933843,0.6171095525041984,0.5930541368743616,0.5720770705134671,0.5456539074960127,0.5254925858216535,0.5235066096809462,0.5128768217209023,0.501418152350081,0.4929110105580694,0.4975477930137123,0.5149448345035106,0.5221547346410436,0.5359708690089559,0.5621959694232106,0.5751640485185922,0.595110617234064,0.6369897195328875,0.6538653865386539,0.6828180737217598,0.7067601402103155,0.7390170511534604,0.7778113968734242,0.8052982770640374,0.8377780014088759,0.8654306220095693,0.8989838613269575,0.9172712615880694,0.9430665729490912,0.9584443786398184,0.9752480208437719,0.988927680798005,0.9958564931783729,0.9995953874165486,0.9996011566457274,0.9957587669390711,0.9855302279484638,0.9763236763236763,0.9613270710502648,0.9434733721762241,0.9224026297439984,0.8962800438815199,0.8720941735087546,0.8371584699453551,0.812635095303596,0.7773445310937812,0.7489357389012771,0.7121726963821707,0.6780497632718847,0.6553959704767605,0.6254416961130742,0.5993972877950778,0.5782560371829848,0.5531088082901554,0.5349954941423851,0.5209526680735604,0.5118952419032387,0.5103898674055016,0.5031608060055314,0.5056339457923054,0.5103496784565916,0.5192789183775663,0.5329442026117927,0.5482994566311129,0.5654637637936176,0.5929954100977849,0.6150045376625995,0.6308665151664855,0.6779288284686126,0.70703125,0.7349397590361446,0.7664604948124502,0.7957604982921439,0.8263094521372667,0.8487095817264907,0.8806812455910511,0.9053643724696356,0.9310171198388721,0.9514611193660227,0.9692369157011587,0.9840281265695631,0.9923518164435946,0.998409384630679,1.0
1.0,0.9982996599319864,0.99249849969994,0.9801646335416047,0.9703623473808586,0.950282262058037,0.9340670436187399,0.9070022974727799,0.8894274462284156,0.8545274616526473,0.8245333865655256,0.7996167809600645,0.7609437751004016,0.7339926081310558,0.7021402505178026,0.6730691056910569,0.6381141439205955,0.610413106844909,0.5980382344109699,0.5679449559850248,0.5563020154416926,0.5259447816722146,0.5208520852085209,0.5143026823715728,0.5100630820066085,0.5019631531259439,0.5064407451446691,0.5215282589329902,0.5289051672936053,0.5422840439471828,0.5531619179986101,0.5731973058637084,0.6071428571428571,0.6143614361436144,0.6532425229493634,0.6859038809571687,0.7191235059760956,0.7491768931457647,0.7823258606885508,0.8142027243589743,0.8443674882868202,0.866217032413932,0.8974668275030157,0.917883576715343,0.9423269809428285,0.9607247697135337,0.9739829231541939,0.9873366426907102,0.996000399960004,0.9995973829894313,0.9994027473621342,0.9966346629713946,0.9883268482490273,0.974148177496038,0.9611611611611611,0.9428513527206404,0.9208826160421429,0.8957586618876942,0.8635086310718587,0.8405476142540769,0.807603571070318,0.7855924551018361,0.7439783219590526,0.7146180690189996,0.6818915103851583,0.6582125603864735,0.6380343182048939,0.6029935851746258,0.57216341873578,0.5591184354214236,0.5487029373170486,0.5266746891295627,0.5136808468144598,0.5122585810067047,0.5047666833918716,0.49945071407170677,0.5082439411998411,0.5223732513146145,0.5303404045387272,0.5443317602168892,0.5659855887868918,0.5882236516575953,0.6161487018095987,0.6410358170453418,0.6713258785942492,0.6988997678409206,0.7357274401473296,0.7682429069188651,0.795069795069795,0.8272889417360285,0.8563270213405471,0.878848261432699,0.90833744449926,0.9353799698037242,0.9496231654105514,0.9703487787717359,0.9841841841841842,0.9916355940743726,0.9976107516177203,1.0
1.0,0.9982697201017812,0.9913793103448276,0.983858110801116,0.970737533592117,0.9503386004514672,0.9308363059849386,0.909872517047139,0.8796518607442977,0.8494494494494494,0.8272873841193067,0.7982187036120733,0.7678606768256482,0.7333994053518335,0.7036151777711384,0.6783145953610857,0.6400361772686162,0.6232422659702692,0.5901098901098901,0.5698346284120342,0.5498842243028289,0.5429859719438878,0.5284842319430315,0.5104797854375683,0.5075950657559384,0.510589639057373,0.5109200513884771,0.5253183595708413,0.5429936305732485,0.5529986052998606,0.5732251521298174,0.5920502092050209,0.6056747543613394,0.6292841208679781,0.6587486101283736,0.6910755148741419,0.7216175736395407,0.7593610093610094,0.7798533694888018,0.8091416962925343,0.8349234744583581,0.8691654172913543,0.8959607096321539,0.918859208676441,0.9438841737393909,0.9624045034177724,0.9750706499798143,0.9883907125700561,0.9954737477368739,0.9990008991907283,0.9997012547301335,0.9944768025707974,0.9895710350255805,0.9744102359056377,0.962071697365815,0.9409487892020643,0.9177138224564249,0.8963347648057525,0.8693164709424872,0.8413,0.8081236738405577,0.7851093165255072,0.7471027303083874,0.7192686077710424,0.6851173383503317,0.652794292508918,0.6426,0.5979475716317821,0.5748854809798845,0.5643298147779326,0.5418250950570342,0.5312717510191907,0.5218808653561198,0.5141943222710915,0.5152755591054313,0.5172659671997555,0.5186574531095756,0.5226333299727796,0.5266379050867864,0.5604770017035775,0.5700776428429225,0.5973362707790907,0.6109684707815549,0.6528186996660774,0.6841744243018129,0.7045904234269885,0.7301413497909616,0.762587064676617,0.7931587922559936,0.8282103134479272,0.8534083062049916,0.8840565085771948,0.9090265844536541,0.9298157789347217,0.9505488971699063,0.9691712926249009,0.9836114127751999,0.991852955787382,0.9983846542150429,1.0
1.0,0.998485307482581,0.9910260245288662,0.98099474322685,0.965845909451946,0.9519093322442311,0.9351628468033776,0.9133366884750881,0.8851412034727073,0.858422047557457,0.8269097394233628,0.7957301794126491,0.7730475040257649,0.732798048582173,0.7066127919582142,0.6774193548387096,0.6522985664854177,0.6238009592326139,0.5980333730631704,0.5824737105658487,0.5625125628140704,0.5419971527354077,0.5330049261083744,0.5176066996266774,0.5179676582152126,0.5148435943415023,0.5235724743777452,0.5240432779002204,0.5267258382642998,0.5396381085674298,0.5657736905237905,0.5837050252750521,0.6155135028582692,0.634958860124423,0.6653133973660759,0.6962602614776527,0.717819830475064,0.7567989082756604,0.7934328358208955,0.8127399822782317,0.8427584826343709,0.8673817161186849,0.8900299102691924,0.9219379532634971,0.9450246305418719,0.9607088607594937,0.9782803626581648,0.9883882493052799,0.9956905191421126,0.9997995791161439,0.9997007779772591,0.9961108895093738,0.987363184079602,0.973564805681594,0.9628139717425431,0.9445556445156125,0.9191228246655266,0.9037411526794742,0.8706527154957648,0.8423145754623186,0.8174666401115316,0.787030580735133,0.7635359116022099,0.7192241985730078,0.6982301769823017,0.6625086625086625,0.6387576640868429,0.6203991575569151,0.5831238056924469,0.5645870825834833,0.5452618831365426,0.5470206728820429,0.5139015266403801,0.5220037920367229,0.5133133133133133,0.5137948458817585,0.5138916650009994,0.5267758464784487,0.5393902807123453,0.5581487734631045,0.5753956100051046,0.5945082376435347,0.6318883906327852,0.6494701059788043,0.6848816029143898,0.7110799438990182,0.746641074856046,0.7635108086469176,0.8008166517279155,0.8336859071219905,0.8569144684252598,0.887016354208217,0.9106498194945848,0.935063623510402,0.9542640303574995,0.9670416419972371,0.9816386969397828,0.9900872323552736,0.998021369212505,1.0
1.0,0.9983908277179926,0.991468253968254,0.9832352060672588,0.9710043842168194,0.9524241507912509,0.9329536370903277,0.9107652910469812,0.8861707438841737,0.8571284023069918,0.8355471847739889,0.8047780887644942,0.7708854427213607,0.7388560157790927,0.7225612806403202,0.6800997506234414,0.6556523480524682,0.6296182894468259,0.6080427333198952,0.5878405856039041,0.5683367921731396,0.548242557004879,0.5390248796147673,0.5221326967074505,0.5181429565563177,0.5281,0.5251912948424923,0.5275289380976346,0.5382314824045459,0.552863436123348,0.5774647887323944,0.5860553391269604,0.6129974811083123,0.6318603712671509,0.6685947940560487,0.7006395289818292,0.7292096219931271,0.7532169576059851,0.785219628017412,0.8152574444776417,0.8457245365756428,0.879527716629978,0.898445187955127,0.921146953405018,0.9423229125445192,0.96051459673429,0.9777365491651205,0.9883318500939385,0.9959559195227985,0.9996017522899243,0.999604273842501,0.9957042957042957,0.9870826709062003,0.9757064947942489,0.9636624923013755,0.9422244094488189,0.9204465453082571,0.9013668994001377,0.8731396172927002,0.841736125228705,0.8225981992678342,0.786544095363168,0.7634063064872464,0.7263746133120447,0.6936683417085427,0.6740512616729585,0.6453886822009007,0.613177681044717,0.5929870390836933,0.5662878787878788,0.5567736095745751,0.5347180413405579,0.5356427713255907,0.5261137488635216,0.5199075005027146,0.5231992051664183,0.5330735411670664,0.53298732408424,0.5532873011107775,0.5644658828258466,0.5846584658465847,0.6101175773144946,0.628955223880597,0.6628081029837342,0.6859512291440418,0.7095835423983944,0.7414296844565641,0.7720238095238096,0.8064746732026143,0.8304932735426009,0.8636408779421988,0.8834845011462175,0.9096613545816733,0.9341617396532719,0.9559975889089813,0.9707779121322048,0.9811937048401465,0.9910340705319785,0.9980140998907755,1.0
1.0,0.9977214186645532,0.9915339649264261,0.9821125212351354,0.9724055188962207,0.9561963679904211,0.9354251012145749,0.9114860864416815,0.8818172819954468,0.8610057872680104,0.8323365433350228,0.8034256124278032,0.7761223877612239,0.746953046953047,0.7185420597874664,0.6894963746815599,0.6613248953761356,0.6290273709726291,0.6056647052957016,0.5870935467733867,0.571810618066561,0.5481577893472167,0.5483838886126305,0.5359697933227345,0.528955223880597,0.5289338089575901,0.5343480466768138,0.5422222222222223,0.5522872502282179,0.5642247369465951,0.5777399318773793,0.6059532246633593,0.6223145520875557,0.6441779110444777,0.6778381642512077,0.6948980626838421,0.7232647296206618,0.7589805338149709,0.7843888664784188,0.82719826310076,0.8458517921868707,0.8673203922353412,0.9001602243140396,0.9290361325192673,0.945866935483871,0.9635353535353536,0.9785066720994193,0.9884542649547129,0.9961908580593424,0.9997997797577335,0.9992949234488316,0.9945750452079566,0.9878505619115115,0.9789431863329361,0.9581585779908128,0.9466815054633752,0.9279601990049752,0.9002690046826741,0.8755304101838756,0.8496210610291185,0.8207631762478829,0.7907857997606701,0.7649398428954957,0.7282348242811502,0.7012091535924853,0.6721831334852839,0.6501250625312657,0.6224732461355529,0.6074747874233736,0.582315241337873,0.5635458167330677,0.544892874937718,0.5283,0.5371594551282052,0.5280134148747287,0.5351617440225035,0.5440729483282675,0.5405756546072357,0.5530901722391084,0.558476077968104,0.5975791249131859,0.6073594824100284,0.6334102075604131,0.6536427732079906,0.6944138000200581,0.7218306363546113,0.7425324348788093,0.7729827378562826,0.8105633802816902,0.8376889956944027,0.8656746229901129,0.8912259615384616,0.9111848722591028,0.9319109840751327,0.9541211519364449,0.9691081215744893,0.9832208101667991,0.9925470842985195,0.9983052537134882,1.0
1.0,0.9977969156819547,0.9905340773216421,0.9827259111333001,0.9694410936871733,0.9579723135145902,0.9363307181653591,0.9109547738693468,0.8881888188818882,0.863128767664789,0.8324216807558429,0.8049677098857426,0.7727317700603542,0.7437877437877438,0.7215202467416177,0.6885960566729417,0.6620744733952281,0.6354551813730389,0.6206999700867484,0.5862068965517241,0.5734853029394121,0.556847804291157,0.556390977443609,0.5392512077294686,0.541754810113831,0.5349392793151503,0.5282961767376173,0.5523678522303006,0.5606827428798253,0.5641357348989949,0.583224902412171,0.6077940292526548,0.6312737452509498,0.6506413493586506,0.6753973807857643,0.7054664940754755,0.7349267237139766,0.7656729721699514,0.7867949103296263,0.8185670641568936,0.8496778091018928,0.871450075263422,0.9006904955320877,0.9301856335754641,0.9428976409841044,0.9646801313302159,0.9753111000497761,0.9885969261279127,0.9957264957264957,0.9991992793514163,0.9994043482577186,0.9965473019631055,0.9896482412060301,0.9765066394279878,0.9650882825040128,0.9431401684001981,0.9245793269230769,0.8986553292465889,0.8733606967664431,0.8544190665342601,0.8195865944210315,0.7928207179282072,0.7635983263598326,0.7305240087666866,0.7032141784319615,0.6767194187319598,0.6576567524115756,0.6236263736263736,0.6055432817834907,0.5907491201608849,0.5542278481012658,0.5600400600901352,0.5491115991215811,0.5297286512370312,0.536815415821501,0.5380624563503941,0.5458559100943207,0.5439831104855736,0.5669275735658377,0.5779761307792598,0.5955889625160716,0.6120828307197427,0.6356635663566357,0.674025974025974,0.6940593057382856,0.7215164347650737,0.7520325203252033,0.7718020355218519,0.8150085504476411,0.8379217138852738,0.868418423418923,0.8858538530555279,0.9124345022168481,0.9332456761403863,0.957658284464765,0.9697906281156531,0.984295288586576,0.9935490373954239,0.9985239126156269,1.0
1.0,0.9983841648151889,0.9925260074739926,0.9817157541016011,0.9708515718265022,0.9555843896596466,0.9393242702918833,0.9172593408794951,0.8951516360734237,0.870831234256927,0.8355560012032488,0.811044776119403,0.781722354813047,0.7464831494787977,0.7256743256743257,0.6934800161485668,0.6690297751671055,0.6488059401966687,0.6215486194477791,0.5998992443324938,0.5805535841022001,0.573582268370607,0.5489255372313843,0.5426737538862701,0.5458563535911602,0.537446722143292,0.5502952657391652,0.5507889546351085,0.5687232133957939,0.5788319712975882,0.5908819430619152,0.6146249002394254,0.6383105294467579,0.6543467461500249,0.6816920943134536,0.7137568784392196,0.7336769759450171,0.7664003156752491,0.7965863453815261,0.8221062142355186,0.8566132264529058,0.8778953674121406,0.9043556804496187,0.9298557597312784,0.949130650769995,0.9634578398623342,0.9760756128778183,0.9891961542273764,0.9954844409541572,0.99929718875502,0.9994029256642452,0.9952052741983818,0.9866547156657703,0.9815261044176706,0.9657506969334926,0.9466230936819172,0.9275376884422111,0.9059514331210191,0.8798014888337469,0.8473510924872792,0.8220009955201593,0.7963525835866262,0.7638833796112654,0.7394005127193848,0.713201517874975,0.686284289276808,0.6651288737338281,0.6319479218828242,0.6119567394352093,0.5919006261361341,0.571671331467413,0.5678327222277276,0.5531091936923535,0.540863453815261,0.545986284792255,0.5458533102111599,0.5466760252682242,0.5594168164569603,0.5733774701574882,0.5895249695493301,0.5965840990811027,0.6203026355346227,0.64021268215833,0.6776283009466866,0.6979333868378812,0.720767716535433,0.7519527338273583,0.7862703467799009,0.8096896140071628,0.8364169446971995,0.8651167451648462,0.888581040965763,0.9204385435526051,0.9396033653846154,0.9535579031293602,0.9679480677553505,0.9841588129135753,0.993158953722334,0.9981045490822027,1.0
1.0,0.9986976557804047,0.9930382894082546,0.9818668252080857,0.9694986913629958,0.956621231718237,0.9370891069080611,0.9178328668532587,0.8944149202847689,0.8697973306969847,0.8431704885343968,0.8139886960032298,0.7861069465267366,0.760884796316685,0.7282035987672731,0.6981679847832616,0.6723552894211576,0.6504178272980501,0.6295691239534409,0.6137127049990121,0.5918692706257473,0.5822972172883363,0.5633296736201218,0.5635567933160931,0.5531787285085965,0.5514506575645015,0.5593737692004727,0.5683323299217339,0.5836302555227527,0.5885555885555885,0.5961080222398729,0.6225829075242961,0.6310846293678045,0.6616959936375385,0.6930722592187656,0.7192265523771554,0.7468825422365245,0.779205138498595,0.7955,0.8319076984284862,0.8570721567851133,0.8765113974231913,0.9047052996532937,0.9268659711075441,0.9474272930648769,0.9691873930117813,0.9774797829869997,0.9895355790312936,0.9964461994076999,0.999194847020934,0.9996924654023578,0.9963945918878317,0.9885985268893149,0.9816631975418773,0.9658170914542729,0.949000201979398,0.9287215937531285,0.9115598885793872,0.8847797991848096,0.8596806387225548,0.8265936961589135,0.8037503720607203,0.7684422110552764,0.7462462462462462,0.7200839748075577,0.6901436552274541,0.6660591332523289,0.6495471284960684,0.6158707865168539,0.6037811343403021,0.5859762893910224,0.5737023519870236,0.5547738693467337,0.56289592760181,0.5493784186971656,0.5559137618375982,0.5646821392532795,0.5664245198527217,0.575020032051282,0.5956295108259824,0.6081203918796081,0.6141802951735141,0.6532857567647934,0.6806319368063194,0.7060992625074746,0.7243454709599759,0.7574404761904762,0.7903081954216629,0.8156092648539779,0.8399599399098648,0.8703409992069786,0.8943327608849378,0.9124799035369775,0.9374375374775135,0.9577066720500657,0.9711099847947289,0.9840609840609841,0.9927145708582834,0.9979141835518475,1.0
1.0,0.9974113898845082,0.9927652733118971,0.983814215341309,0.9733695106019495,0.9556591607975399,0.9424482033830447,0.9213326703132769,0.8988730427844819,0.8728259776817131,0.8468236691074609,0.8229617959826704,0.792332268370607,0.7689206893076691,0.7380159451004138,0.717619484357485,0.6812148028962188,0.6670017087144436,0.6352282945349186,0.6265048253905084,0.6078663899594822,0.5855132778438367,0.5774158307677029,0.5618022729558483,0.5684597792582281,0.5572029653376077,0.5742624106333702,0.5669990029910269,0.5898268398268398,0.590302178496135,0.6107544141252006,0.6263869275771636,0.6505408653846154,0.6775563871750784,0.6901549225387307,0.7191953906802789,0.7473589794698027,0.7820344792821857,0.8064001595055329,0.8303949571555206,0.8667002518891688,0.8862620443031688,0.9055555555555556,0.9269185126582279,0.9511133102424543,0.9653317393903168,0.9809859154929578,0.9894495869413755,0.9970760233918129,0.9995973829894313,0.9997008973080758,0.9964164841728052,0.9898325358851675,0.9798744644814188,0.9685395517137401,0.9475909537856441,0.9271815446339017,0.9097873198266304,0.8853206462483894,0.8610057387413675,0.8292731629392971,0.8087155052610681,0.7771901816004789,0.7505343511450382,0.7165595650024715,0.704309500489716,0.6706261324743306,0.6441550575408843,0.6132737066775079,0.6115044247787611,0.5916633741604109,0.5774351786965662,0.579493900594818,0.5669980119284295,0.5597120843471208,0.5662686866659978,0.5639935196435804,0.5769574278058947,0.592773729913165,0.6061277968151583,0.6145352338887774,0.6329444891391794,0.6528842275110932,0.6822,0.7053729580791183,0.7332523780611212,0.7643344025661588,0.7866059044977214,0.8194750550991785,0.8477508650519031,0.8658536585365854,0.89951345447324,0.9157512750098078,0.9354291417165669,0.9601917057902973,0.9749269962742926,0.9840867626190959,0.9909290271132376,0.9981086999800916,1.0
1.0,0.9979129397734049,0.9925172104160431,0.9845873048063273,0.9707497254667066,0.9598982785602503,0.9395642314896974,0.9235341527302036,0.899174053182917,0.8759197661526056,0.8543358395989975,0.832476046394352,0.8002210833082102,0.778175313059034,0.7498490641980278,0.7164133428542283,0.6968762435336251,0.6715176715176715,0.6523025342668376,0.6319326045532043,0.6106578019542661,0.5963647140175837,0.583458046493066,0.581151832460733,0.5721308186195827,0.575659557262711,0.5826130153999006,0.5844547097810805,0.6022908366533865,0.6077160801515302,0.6218233158531666,0.6407120127287191,0.6661015258801236,0.6769399561141033,0.6973021049510821,0.7359375,0.7492035045798486,0.7847810910541538,0.8106473079249849,0.8423907584128578,0.8615323224261772,0.8904123298638911,0.9057054664940755,0.9287851585876721,0.9524389007200081,0.9654355125419711,0.9810221909830305,0.9913086419753087,0.9952985895768731,0.9994020926756353,0.9995009980039921,0.9959693671906489,0.9908865775136206,0.9804570054119062,0.9655206976044903,0.9524764387407259,0.9325980392156863,0.9089630225080386,0.8863888608616689,0.8636363636363636,0.8421369149042799,0.8086549007877156,0.7818400964242668,0.7573899054896441,0.7322953289804118,0.7102061337355455,0.6766545601291364,0.6639204260022104,0.6283002076535152,0.6156708911687789,0.6133729873859092,0.5939207311016191,0.5857710732850882,0.5721437869229999,0.5772062531517902,0.5740740740740741,0.5764196536447845,0.581217251108424,0.5943253848475701,0.6127789847916255,0.635377637546835,0.6428359243489454,0.6732980105968209,0.699723974763407,0.7139808981914245,0.7495995194233079,0.7715214960870007,0.7949334134374687,0.8308157099697885,0.8501250625312656,0.8854270356360741,0.901007049345418,0.9202148826104258,0.9403103859928372,0.9586581154415392,0.9700677520477298,0.9816835151636473,0.9923482063003081,0.9984981978374049,1.0
1.0,0.9974747474747475,0.9921283379832603,0.9847229156265601,0.9739500792393027,0.9597,0.9456718216509339,0.9248873309964948,0.9037535126455238,0.8812625250501002,0.8577871316897174,0.827029752899647,0.8042916749453606,0.7826303223239156,0.7542279595717002,0.7278100581045882,0.6965213914434226,0.6680940051782513,0.6595409319278889,0.6381783528939713,0.6216269841269841,0.614040373606508,0.5964912280701754,0.599860125886702,0.5837244133799301,0.587434138582364,0.5890020366598778,0.5913967611336033,0.6081067622746739,0.6130360550366576,0.6390984908657665,0.6442326980942829,0.6682412060301508,0.6839744867450668,0.7151911269558329,0.7366151995187488,0.762083291113588,0.7922103795198725,0.8227332858451206,0.8447857720291027,0.868989898989899,0.8960896089608961,0.9143957345971564,0.9297479658662433,0.9503602882305845,0.9672977624784854,0.9778423902145579,0.9900771775082691,0.9964010796760971,0.9998000599820054,0.9997011654547265,0.9964521533458165,0.9905500845518751,0.9775717703349283,0.9683387751063619,0.9479323120056072,0.9307817589576547,0.9144352728004832,0.8876815273687417,0.8665606045540419,0.8423432475884244,0.8146140720666466,0.7882102704345184,0.7588449788114714,0.7345809437569172,0.7182821118991332,0.6786601729450353,0.6684427465567507,0.6482296459291859,0.6281570639305446,0.6150947138748388,0.5957403651115619,0.5929704070295929,0.5908911282355266,0.5920383118826699,0.5862919132149902,0.5901341672551196,0.5918285999003488,0.6048,0.6206379362063794,0.6372763419483102,0.6659256265157639,0.6846964375313598,0.6944085807925315,0.7268853433752849,0.7527977617905676,0.7710747103475829,0.8046469884323894,0.8261687797147385,0.8529556893318859,0.8791740762695119,0.9008050889573601,0.9262782401902497,0.9388755502200881,0.956997890083392,0.9727410398788491,0.9866760168302945,0.9939716668341204,0.999202631316655,1.0
1.0,0.9986160537761961,0.9941111887413914,0.9861320470304492,0.974150886684701,0.9585869673685261,0.9444332188320873,0.9265929333463835,0.9091639871382636,0.8831155778894473,0.8600568794743552,0.8422627955701886,0.8101954463026395,0.7838269019842456,0.7589960689446629,0.7361583050169898,0.7165999804820923,0.6987493746873437,0.6671709531013615,0.6555786555786556,0.6250501002004007,0.6235258844693184,0.612573244612176,0.5963789136741022,0.6023833167825223,0.5922145501851296,0.6032014316961622,0.6136180499597099,0.6198688855269793,0.6310708898944193,0.643681592039801,0.6625112197067916,0.6786750725507855,0.7000595710881652,0.7173479561316052,0.7479666531110207,0.7733612273361228,0.7919057686499547,0.8181456426581775,0.844831074246409,0.8668344237544037,0.8982965426872291,0.9212860310421286,0.9330581840144957,0.9551076054143539,0.9676455948232952,0.9796808405193775,0.9884630818619583,0.995533448380875,0.9995020416293198,0.9993034825870647,0.9968181366212588,0.9891412631998406,0.9823162629050394,0.9708379107160691,0.9526305180407176,0.932727452336264,0.9180720486977347,0.8888004774219216,0.8742322021951465,0.8435180477885105,0.8245544160111521,0.7997589877485439,0.7688800792864222,0.7450586936891743,0.7213649851632048,0.7101535413571075,0.6732488456626388,0.6627528367044894,0.6350357710651828,0.6219893177466492,0.6105094263939029,0.6045695961519191,0.6065392354124749,0.6038628301143082,0.5959868224019167,0.6004598160735706,0.6116147026596275,0.6177409698662941,0.6426970869830922,0.6548948586376899,0.6635094715852443,0.6827833715482006,0.7126854374810778,0.7396586345381526,0.758265907501748,0.7900452488687782,0.8086800716703165,0.8302856578036968,0.8584820983344968,0.8815208667736758,0.9090190654944187,0.9251026334234504,0.9457776885229441,0.9614630319670524,0.9751927258351453,0.9843145041199246,0.9948964274992494,0.9980867989124962,1.0
1.0,0.9979983987189752,0.9942845478669116,0.9853970794158832,0.975449585774904,0.9642324888226528,0.9469915464942814,0.9311972679791081,0.9086726017805341,0.8881230646289082,0.8612152298283685,0.8406117931173275,0.8170981924767953,0.7926179221562909,0.7695792228709483,0.7423866679892868,0.7200871632329635,0.6937338885583978,0.6771943807910731,0.6537256091396219,0.639344262295082,0.6390688259109312,0.6182327629340538,0.6260146505642447,0.6104129263913824,0.6163108367904483,0.6117343393229425,0.6192106322996376,0.6355424644084438,0.6426789100708653,0.6454736001596966,0.6762511192916127,0.6925601750547046,0.7085737422816074,0.7290450272142504,0.7588497768963808,0.7858220211161387,0.8035874439461883,0.8300240673886883,0.853412047228337,0.8744028662420382,0.89711893131293,0.9271242818264288,0.9371320227522203,0.9518551676116582,0.9716630838381864,0.9811130188869811,0.9906560636182903,0.9969942891493838,0.9998987239214098,0.9991043884963678,0.9970477450880586,0.989411647188093,0.981725584182145,0.9693641035977023,0.9541984732824428,0.9363890553225485,0.9225162256615077,0.8966556191623983,0.8825881870385562,0.8467493796526054,0.820118581047131,0.7969835284778726,0.7795501832953532,0.7502742594993518,0.7364939360529217,0.710679806918745,0.6858685868586859,0.6826645424673902,0.6516718546038759,0.6403264331210191,0.619641779029986,0.6117789675724821,0.6180248896025693,0.607441677330446,0.618616807398472,0.6158567260287755,0.6310155077538769,0.6397161702978214,0.6435054457442517,0.6584899969840153,0.681166683371755,0.6981283960555443,0.7176985865020904,0.7391130643228127,0.7636472108978821,0.7954184847282825,0.8171225436950725,0.8390209929360263,0.8609464483070431,0.8755885004507663,0.909330985915493,0.9296097172441259,0.9487127302330315,0.9631820499745029,0.9768504719324391,0.9866283676703645,0.9929014197160568,0.9985132322331252,1.0
1.0,0.9988875404530745,0.9952385676024204,0.9859691320905993,0.9772258862324814,0.9646834554028293,0.94856971992425,0.92575682382134,0.9142406000197375,0.8919567827130852,0.8633950926389584,0.8452498518664823,0.8194610778443113,0.8030665073675827,0.7663457681508223,0.7500250978817388,0.7325776244455396,0.7005304774296868,0.6870145389364668,0.6704591220298026,0.651919782323894,0.6373991935483871,0.6336085380587998,0.6308884913536076,0.6220574977461685,0.6261229433733724,0.6210882997807454,0.6380063542494043,0.6396477534273992,0.65569847442417,0.6660354793701415,0.6832722590868575,0.6986043749381372,0.7217689130653773,0.7430309173846934,0.7632957292506044,0.7872554950594878,0.8093070308548306,0.8361066559743384,0.8576812456610136,0.8825274399288046,0.8994112364035526,0.9244600703164239,0.9405801465422061,0.9566117739867863,0.9706146030481123,0.9808740461797641,0.9909109069117059,0.9969270420301348,0.9993972272453285,0.9993992189846801,0.9970170030824301,0.9904695024077047,0.9825108051060408,0.9710173895662603,0.958640621885589,0.9392589593035028,0.9200040148549634,0.9035,0.8760679465272891,0.8565110565110565,0.833366673334667,0.8095047523761881,0.7805463824677275,0.7661126874746655,0.7362461168453753,0.7226010475343413,0.701814863631755,0.6795684022965749,0.6594480257856568,0.6545002486325211,0.6369910973291988,0.6374292241978743,0.6277940730251846,0.6172434367541766,0.6217325988983475,0.6308537194208687,0.6388412233774099,0.6443726005253586,0.6530653065306531,0.6714357682619647,0.6924075924075924,0.7011255924170616,0.7319050956051657,0.7433681672025724,0.77694285149298,0.7940449104758136,0.8214824499647994,0.8473366834170855,0.8641180548677825,0.8955253896430367,0.9139006236169784,0.9291512175568695,0.9478060508916049,0.9608415542581035,0.9763284549651311,0.9873737373737373,0.9934763269743995,0.9980925609878526,1.0
1.0,0.998528834837191,0.9951542721518988,0.9894376823257217,0.9760916814858723,0.9617702262175245,0.9497781363453005,0.9308037943085372,0.9184553660982949,0.8903116934683343,0.875375075015003,0.856020942408377,0.8261216350947158,0.8066198595787362,0.7835723598435462,0.7581836327345309,0.738582991905666,0.7166699980011992,0.69116343217417,0.6870578858224569,0.6679219106134179,0.6601640656262505,0.6463003372346756,0.635538005923001,0.6435153076389577,0.6341245406693813,0.6407155706576054,0.6449746192893401,0.6540156218706189,0.6680923015715138,0.6845556340159387,0.6883821932681867,0.7096838735494198,0.7244569589702333,0.7505317532664844,0.7714313899575811,0.7950770462277367,0.8255790533736153,0.8386222132958425,0.8618811881188119,0.8847736625514403,0.9042137924131719,0.9214178731902147,0.9425966740132238,0.9550934297769741,0.9733412911568686,0.983490800596718,0.9920642893018584,0.997172859450727,0.9997991766241591,0.9999012638230648,0.9969255181989487,0.9907520325203252,0.9823000098882626,0.9719339855716969,0.9581371545547595,0.9391015978293639,0.9236209335219236,0.9069346733668342,0.8840902194801254,0.8665601278465841,0.8418739386674657,0.8149797570850202,0.7893864013266998,0.7688352778327071,0.7467266775777414,0.7335689045936395,0.7072201807528057,0.6805445151033387,0.6758064516129032,0.6732566145372283,0.6506528456094887,0.6457331730769231,0.6352201257861635,0.6453245979749851,0.6425783204884395,0.6430168733482415,0.6562034369722857,0.6544497417560587,0.6716032203558294,0.679805942995755,0.7019639603158534,0.7189730372720063,0.7385954381752701,0.7606957217113155,0.7851122169188586,0.8123756466374851,0.8216793591138364,0.8487428628668737,0.8698684734954165,0.8935653581545933,0.9182950288549154,0.9340836012861736,0.9485714285714286,0.9671445639187575,0.9773588669459405,0.9888821507984638,0.9932336901636033,0.9990994596758055,1.0
1.0,0.9984907938424389,0.9939234352845858,0.9876839891859417,0.9789546487501235,0.9648930880159124,0.9515721362855121,0.9362853135644159,0.9137320480031478,0.8997356111450071,0.8746087834427057,0.8542325949367089,0.8383185928649508,0.8149555133459963,0.7903114186851211,0.7740518962075849,0.7476233363354348,0.727426749053219,0.7166567282846352,0.6944024205748865,0.6925196850393701,0.6720376301040832,0.6603792616501917,0.6512469831053902,0.6544715447154471,0.6492320048187933,0.6516293279022404,0.6591229128947897,0.6673005705134621,0.6820133826026166,0.691747572815534,0.7041716807059767,0.7223767885532592,0.7388611388611389,0.7586974110032363,0.782687468545546,0.7971072319201995,0.8225630875804057,0.8539977984589212,0.8624524143458224,0.8900377808709485,0.9047149339120142,0.9272764104122354,0.9456456456456457,0.961738782051282,0.9730409415551755,0.984161769100508,0.9892755969243221,0.9957647985817,0.9996984621570008,0.9996024252062419,0.9951029382370578,0.9907453978472991,0.9854651162790697,0.9720776621297038,0.9589552238805971,0.943653499097654,0.9269329642080285,0.9141240654677713,0.886118122160525,0.8661790867760427,0.8405451109121655,0.829075064369182,0.8025950871632329,0.778751369112815,0.7604357564650784,0.7435668156979632,0.721032619571743,0.6947671532121934,0.6855761641673244,0.6810266733769502,0.6719502407704655,0.6566375279528359,0.6514201762977473,0.6587333200557658,0.649003984063745,0.6581068975813675,0.6624810126582279,0.678253920687244,0.6812673818037346,0.7021662468513854,0.7111266760056033,0.7375865479723046,0.7406542056074766,0.7669815112540193,0.7823535363755945,0.8055388922215557,0.8450547223348196,0.8623290426387772,0.8832880571486065,0.8966760112134562,0.9191641182466871,0.9382432297391826,0.9537996980372421,0.9650160384923817,0.9767812655705033,0.9876083014305863,0.9940089358245329,0.9985808413583376,1.0
1.0,0.9986058554072894,0.9956777996070727,0.9911592331379756,0.9800317901847805,0.9651905046878116,0.9546688109357725,0.936800725733293,0.9179753926177854,0.8989477863807822,0.8888334497555134,0.8613771549551366,0.8386254019292605,0.8203008267755753,0.8013986013986014,0.7827002104841134,0.7532377656945131,0.7416407269806206,0.7344311377245509,0.7150170648464164,0.7009157693468854,0.6818271898533492,0.6754578025477707,0.6708694775065563,0.6661393969352447,0.6719418731959789,0.6681375990372079,0.6730149133413946,0.685007571933367,0.694250349371132,0.7101853697428743,0.717450407813916,0.7322294022617124,0.7565155663725789,0.771397828426098,0.7867094316928936,0.8118052139695032,0.8343,0.8595663521381248,0.8709486166007905,0.892600717989629,0.9155935613682092,0.9249051328140603,0.9484095427435387,0.9607056936647955,0.9733608571709427,0.9843067143424712,0.9927344133529701,0.9975881820922521,0.9998988366211431,0.9996018315747561,0.9963768115942029,0.9912156704361874,0.9841143764892772,0.9734275477707006,0.9598927826863893,0.9444058373870744,0.931465123362778,0.9124355414518048,0.8948525737131434,0.8788948270646365,0.8467232530596132,0.8341133127551529,0.8141505715411904,0.7922984836392658,0.7731150793650794,0.7520373683164381,0.7319268073192681,0.7192631157388867,0.7016105127951784,0.6971095945403453,0.6800361881785284,0.6770978672513455,0.6691,0.6674710910005027,0.6648455349160624,0.679930441898527,0.6809,0.6888844140153041,0.7071355759429154,0.7159227985524729,0.7194366759888134,0.7425113464447807,0.7751701015678927,0.7841538306654585,0.8057058534185932,0.8198895027624309,0.8384584664536742,0.8648404575556894,0.8839339641634789,0.903926649392067,0.9250228588844864,0.9383120103143906,0.9507545671167593,0.9691643230212937,0.9806613226452906,0.988242327620566,0.9946215139442232,0.9981916817359855,1.0
1.0,0.998704405022922,0.994834094973177,0.9887394120577977,0.9803666232595413,0.9708757432228157,0.9536179954215188,0.944449995004496,0.9236927943066127,0.9123897353648757,0.8898935101466747,0.8738116681677174,0.8445750722327389,0.8345352564102564,0.8063819342169858,0.7877150860344138,0.771399798590131,0.7510960542048625,0.7366558537304629,0.7233111133220576,0.7123602236421726,0.6929078014184397,0.68937575030012,0.6808299414275787,0.6845917253695804,0.6903628792385484,0.6874446085672082,0.683269732878088,0.7034102306920762,0.6978211574484866,0.7124848729326341,0.7204171680705976,0.7558350100603621,0.7727318095618325,0.7781112444977991,0.7961291616526274,0.8127877237851663,0.8427819396638996,0.8573755471851776,0.8792965627498002,0.9013013013013013,0.916625457422609,0.9358165615299889,0.9494301994301995,0.9603724985139687,0.9770161290322581,0.9829334404176288,0.992466296590008,0.9974727052163365,0.9997980817768803,0.9993954659949622,0.9972397476340694,0.9915347076984364,0.9853948428686543,0.9729183508488278,0.9635668276972624,0.9488279301745636,0.934211829981175,0.9211951072789252,0.8987441906457035,0.8792270531400966,0.8572573374737052,0.8380068589872907,0.8189543137058882,0.7934,0.7811729916214885,0.7590123456790123,0.752015732546706,0.7363801452784504,0.7102060843964672,0.7042042042042042,0.696252665786534,0.6892599545499457,0.6872509960159362,0.6804515033463191,0.6788771650408123,0.6964640444974176,0.6933320083474113,0.7025253529528733,0.7143993635640413,0.7297079556898288,0.7317435187017614,0.7581464872944693,0.763095238095238,0.7856578427499012,0.8137590652699436,0.824295880525208,0.8532212317666127,0.8691021302010751,0.8888665997993982,0.910352292855737,0.925376108398924,0.9409743278754801,0.9529152474454017,0.9652501985702939,0.9789991961414791,0.9874025194961008,0.9938945050545491,0.9987107011802043,1.0
1.0,0.9990805067429506,0.99581589958159,0.9901744535793062,0.9815127720902495,0.9715246193395294,0.9565348323629793,0.945166088249876,0.9281071498916683,0.9149979975971165,0.895121706901733,0.8744702320887991,0.8563391601366285,0.8429134255985453,0.8207631762478829,0.7966203379662034,0.7795865375012484,0.7665291335413102,0.7426418884982421,0.7406246841200849,0.7297644963388086,0.72001596487727,0.7086676572560674,0.7047196450181524,0.7067288606589917,0.6985095528658598,0.7106644222200218,0.7059182428309945,0.7121151539384246,0.7182364729458918,0.7314787412449443,0.7485850461721776,0.7552725825706327,0.7713248638838476,0.7900009919650828,0.8065286624203821,0.8329876543209876,0.8487352615136552,0.8669086509376891,0.8848826669352402,0.9026994956986057,0.9216640190627482,0.937624950019992,0.9519288426943834,0.9668179525970751,0.9758844045839562,0.9841459766676638,0.9923649177760376,0.9973145016908693,0.9995023390066686,0.9998996286259159,0.9971932638331997,0.993297989396819,0.9854796715401563,0.9765366489521708,0.9611516466180241,0.9527412065238751,0.9360418342719228,0.924030387844862,0.9054801407742584,0.8911571400119498,0.8674842955429255,0.8520459584761136,0.8266948300140817,0.8129295746588305,0.7859531772575251,0.7743202416918429,0.7594231725509697,0.7405120939176196,0.733346770130001,0.7194683190085949,0.7034120734908137,0.7063089915548932,0.6886583400483481,0.6986851349994981,0.701043219076006,0.7099251870324189,0.7080592912535585,0.721347418776161,0.7261701914403127,0.7308463698355395,0.7533961328705999,0.7644381511075149,0.7901852779168753,0.801995012468828,0.8242125984251969,0.8377592945184889,0.8605421686746988,0.8753611636943309,0.8952978681012154,0.9133487112626617,0.9258777633289987,0.9444885799404171,0.9544860845976088,0.9707184544173878,0.9812262832035151,0.987677820076137,0.99560483468185,0.9989009891098012,1.0
1.0,0.9994941319303926,0.9962060702875399,0.9866653298576299,0.9792182088075211,0.9720670391061452,0.9619000494804553,0.9468507848201868,0.9332602848889332,0.9129464285714286,0.9023683421604877,0.8877336798960311,0.8606737093880805,0.8463155786944333,0.829295489102889,0.8065003018716039,0.7945544554455446,0.7775215560457188,0.7673297166968053,0.7490501899620076,0.7426830486464888,0.7206906700676935,0.7278557114228457,0.7207727544313882,0.7208839339040414,0.7112239715591671,0.7168458781362007,0.7211806940566414,0.7301868239921337,0.7290615539858728,0.7443668993020938,0.7452254774522548,0.7734917917212206,0.7855719410123555,0.7985480943738656,0.8158746208291203,0.8344993004197482,0.8580697485806975,0.868809112173294,0.8901976442403673,0.9094,0.9225838758137206,0.9394304051343763,0.9542338709677419,0.9650384576965338,0.974846564040648,0.9856896376738049,0.9926262626262626,0.9984039900249376,0.9998020389983173,0.9998996990972919,0.997278774440637,0.992919118380373,0.9837593984962406,0.9776209677419355,0.9660553247542811,0.9524283439490446,0.9445764053840063,0.9279215527699151,0.9110663983903421,0.8924176260420802,0.8701298701298701,0.8569448569448569,0.8390701386810336,0.8196787148594378,0.806085559349267,0.7881685091126381,0.7664175386148481,0.7527912261634225,0.7476580218913322,0.7321499800558436,0.7247152055473006,0.7174000807428341,0.7104193516407257,0.7187,0.712634515743324,0.7160196609489418,0.7218365727885759,0.7262751473277789,0.7401471625844169,0.7466475586037465,0.7644841269841269,0.7794836008374041,0.7910492893861506,0.806131650135257,0.8280782278986231,0.8456777799960072,0.8698555057299452,0.8806432281262485,0.897881313384878,0.9225510204081633,0.9345367982543146,0.9506322711178553,0.9594810379241517,0.9720265647011471,0.9821729226502922,0.9907898688557413,0.9958250497017893,0.9986116620388734,1.0
1.0,0.998686470647671,0.995309381237525,0.9911636219221605,0.9825476429287864,0.9747983870967742,0.9640453951993573,0.9491965265994611,0.9390376445015315,0.9218393087694905,0.9055455814881309,0.8894129453085801,0.8719823700290494,0.8575210825652089,0.839379262627261,0.8204386839481556,0.799084030266826,0.79233708769107,0.7731736056559309,0.7542936563089447,0.7520735485160388,0.7485177865612648,0.7396935244686109,0.7355841051688079,0.730891556376321,0.7339961448716648,0.7388452747689556,0.7351978577804225,0.7484552521427148,0.7473840078973346,0.7569006309148265,0.7723888106258805,0.7838961565764121,0.7927918983320096,0.8056795131845842,0.8291822123626097,0.8498753117206983,0.8601724308790011,0.8848641655886158,0.8976346250629089,0.9181836367273455,0.9295264903991153,0.9444888178913738,0.9571880561597785,0.9693950177935943,0.9774108589951378,0.986765590535392,0.9927927927927928,0.9974080350912172,0.9994961201249623,0.9997997196074504,0.9972268990789344,0.9935548841893252,0.988132043482597,0.9781563126252505,0.9689675750944897,0.9596984924623115,0.9396429296003246,0.9316626409017713,0.9169065819517522,0.9021354113956077,0.8756383298287774,0.8669151722748337,0.844776119402985,0.8241245908144034,0.8135170210641909,0.7999798671230118,0.7748805732484076,0.768804194394031,0.7625762576257625,0.7501772870023301,0.7387495021903624,0.7309349634231886,0.729699778359863,0.730540731044205,0.7302289026426958,0.7317560147748827,0.7358264173582642,0.7484515484515485,0.7569270781234371,0.7640115067949608,0.7768381255596458,0.7963933104976828,0.8072082955803886,0.8175494385372155,0.8356027232679215,0.8516090584028605,0.8674819566960705,0.8863118247596392,0.9069604406609915,0.9232144630972484,0.9374245472837022,0.9524992546954189,0.9654861944777912,0.9727174234216488,0.9825511432009627,0.9913303437967115,0.9964982491245623,0.9993041749502982,1.0
1.0,0.9988076311605724,0.9958337466521179,0.9907778668805133,0.9826305220883534,0.9748779495524816,0.9650781016814247,0.9559963749874132,0.9413239719157472,0.9237877583465819,0.9094118833854534,0.8963481740870435,0.8756144046544287,0.8691910499139415,0.8437282403262708,0.8311241525852474,0.8205307262569832,0.8100681909346169,0.7932061978545888,0.7711492418196328,0.7669816893089191,0.7568138388816252,0.7559008066925605,0.7466719650307967,0.7475971165398478,0.7480092732587441,0.7486785678667598,0.7486100079428117,0.7615722266560255,0.7658546406281458,0.768922305764411,0.7785342410893071,0.8078729143770607,0.8120308178585539,0.8251819952835026,0.8407573492775287,0.8529767911200807,0.8744152938783811,0.8890646628435831,0.9033889731917046,0.9220284626177591,0.9336638572136837,0.9457897359242651,0.9562079873467774,0.9687282143212828,0.979271542789458,0.9893478042407798,0.9924249975082229,0.9972128210232929,0.999596652213371,0.9998009157873781,0.9973043130990416,0.993736108304708,0.9872178949470741,0.9801960189956552,0.9683925346177001,0.9583083981647716,0.9451586982723985,0.9288241836012536,0.9206704999512718,0.9006179718366933,0.8907427882199216,0.8763152670240222,0.8533602829711976,0.8449224612306153,0.8253205128205128,0.8155950479233227,0.793062672447773,0.7818855826069532,0.7737516132234686,0.7609373428542693,0.7608037156704361,0.7526761137730655,0.7449786975045648,0.7454724409448819,0.7488232348522784,0.7508974870362983,0.7588353413654618,0.7645287563986751,0.767803710353082,0.7744892874937718,0.7933088454283729,0.8082488433900975,0.8163844672006489,0.8281188118811881,0.8472723626153229,0.8698431725102387,0.8799682034976153,0.8960674157303371,0.915083135391924,0.9317954863191532,0.941575536654516,0.9533576570357953,0.9643463497453311,0.9765147029800672,0.985594237695078,0.9907884310618067,0.997286432160804,0.9988088147706968,1.0
1.0,0.9991958990853352,0.9961344038061255,0.9915983196639327,0.9841349533085652,0.9782565724451473,0.9659729756386232,0.9590696729636401,0.942015877801226,0.9354968756299133,0.9131165365226845,0.9056887729507375,0.884849088554637,0.8677103718199609,0.8570130263556498,0.8386418269230769,0.8263951282819207,0.8121193970250574,0.7953667953667953,0.795142025494329,0.7761493675968681,0.7790345384770754,0.7697532714014584,0.7640203207490786,0.7633112713622444,0.7637291187356207,0.7623880597014925,0.7734845443596949,0.776239213325306,0.7847334410339257,0.784270998415214,0.8001008064516129,0.8153063260826182,0.8225741375832156,0.8294007305755751,0.8490037048162611,0.8638511814982404,0.8777733359984009,0.8928962837501245,0.908860502838605,0.9243799153055051,0.9331325301204819,0.948535233570863,0.9619342591667499,0.9741532976827094,0.9814593301435407,0.9895418326693227,0.9945219123505976,0.9974524789339604,0.9996934709308266,1.0,0.9969080390983444,0.9949111953701856,0.990816530245558,0.9831084457771114,0.9713194988253719,0.96016898008449,0.9513714457952376,0.9399860432658758,0.9230922296288927,0.9066268061783757,0.8970178926441352,0.8762381190595298,0.8640902736169362,0.8520286396181385,0.8341958598726115,0.8185573241990731,0.7968486770389456,0.7998790200625063,0.7945637788862873,0.78340182419565,0.7705180879847681,0.7645470905818836,0.7588170646418224,0.7624517278938509,0.7608040201005025,0.7698263027295286,0.7649551094522344,0.7795704246263486,0.7819159529974109,0.7912848706984321,0.8065235008103727,0.8137010853330678,0.8264313646846485,0.8376034293689563,0.8571287226674582,0.8694178628389154,0.8869788579332147,0.9058519108280255,0.9135827165433087,0.9297621467778003,0.9469982167624331,0.9509023087004739,0.9657193958664547,0.9772591262716936,0.9833014787244744,0.9912209889001009,0.9963720648997278,0.998907212398172,1.0
1.0,0.9992861513359168,0.997117296222664,0.9907342129116729,0.9851558634339436,0.9799980097522142,0.9682477073266936,0.9579865637220495,0.9477589491627394,0.9347433841218925,0.9230236469773424,0.9083366653338665,0.8912163529649868,0.8790554618513742,0.8665520032375557,0.8610559745930925,0.8403889001417865,0.8292262448027583,0.8215568862275449,0.8023079259034315,0.7926102502979738,0.7871381348292097,0.7815344603381015,0.7831135603227711,0.7753579952267303,0.7753101240496199,0.7799440111977605,0.7813861386138614,0.7912076703386373,0.7999599118059731,0.7973908680381334,0.8094901564866229,0.8263377760095484,0.8359197390530789,0.8507792860734037,0.8611807156459858,0.8703889334402566,0.8873253593325963,0.8995555555555556,0.9181738195327012,0.9288,0.94375,0.9536944831706832,0.9642963699651914,0.9774774774774775,0.982247930587414,0.9899722001588562,0.9953880088229397,0.9988043045037863,0.9998992646318122,0.9998983429907492,0.9974033756117048,0.9940096238829421,0.9906701444622793,0.981576354679803,0.9724484665661136,0.9658440276406712,0.9600445073841797,0.9408236705317873,0.9290652239254583,0.9155609167671894,0.89618138424821,0.8891905480140774,0.8729981755524022,0.8639455782312925,0.8394850648697576,0.8348844190933653,0.8293662749824244,0.8099339074704587,0.7914748849309585,0.795055108728031,0.7906607054148038,0.7868439609146771,0.7799384859609089,0.7685092795849132,0.7722061609012063,0.7850820487319742,0.7850850850850851,0.7855359104984517,0.7999010390895597,0.8110831234256927,0.8190022810671427,0.8286511257222554,0.8382206263714342,0.8517590458053523,0.8671898281513857,0.8763381690845423,0.8933838182542846,0.9100210653024375,0.9263481363996828,0.9366077667964461,0.9484617667425067,0.9592760180995475,0.9673281218681098,0.9782389683659077,0.984398743794955,0.9907092907092907,0.9959187736412503,0.9992037424106699,1.0
1.0,0.9991964644435516,0.9965129022616319,0.9918581881892198,0.9875987598759876,0.9815760488635226,0.9721887550200803,0.9582406471183014,0.9524476924617079,0.9393723252496433,0.9262139794595673,0.9143001007049345,0.901592039800995,0.8896317732761202,0.8829228905934599,0.8678524771379761,0.8531797696544817,0.8380875853756529,0.8290890790135883,0.8200079554494829,0.8136621258824699,0.8080392943063353,0.802652895909275,0.7968311271560369,0.7930408472012103,0.7943620178041543,0.7984646878198567,0.7996013951170902,0.7970217869278433,0.8101851851851852,0.8100217005326494,0.8270318547186662,0.8328862394436165,0.8479889589905363,0.8608789696195064,0.8691041308958691,0.8807038473009245,0.8938497040232768,0.9031902086677368,0.9231697506033789,0.9373368146214099,0.9431568431568431,0.9529944640161047,0.9661237134006195,0.9770908363345339,0.9835624626419606,0.9919841662543295,0.9952974851768555,0.9981874937065753,0.999800538545926,1.0,0.9986814078506948,0.9948243256693541,0.9894590294351631,0.9853692065985861,0.9753699473631939,0.9654721159653714,0.9560131960411876,0.9446394544178116,0.9366385721368369,0.9214863649985017,0.9092915914107967,0.897118097541314,0.8805835914859599,0.8660696713245424,0.856293948697633,0.8448708931980308,0.8276591458501209,0.8309559939301973,0.8160136286201022,0.8072070253356213,0.7992605915267785,0.7986749728072777,0.7941701368233195,0.7979531867463775,0.7948207171314741,0.7979585709996998,0.7980276134122288,0.8130711164084228,0.8151031136271735,0.8238493302447376,0.8301428137344272,0.8443910737516261,0.8491849184918492,0.8678996036988111,0.877154745393303,0.8925726802070888,0.9044326962179748,0.9142507145773785,0.9238754325259516,0.9408354987007795,0.9528609546397866,0.9602399837299166,0.9729945989197839,0.9776565074135091,0.9873995436055164,0.9928998884268181,0.9964483030781374,0.9986887230179544,1.0
1.0,0.9991076740035693,0.9968962755306368,0.9922657411998017,0.9880179730404394,0.9804502369668247,0.9749624436654982,0.9647971360381862,0.9536516853932584,0.9490293678446988,0.9337548931044866,0.919552849585787,0.9098376686876589,0.894121206009882,0.8868323106327332,0.8726736499542357,0.8663547599674533,0.854514377639252,0.8460699772028942,0.8261914297156588,0.8269154030327215,0.8214965441250125,0.8221367867260219,0.8104066985645934,0.8072155598105412,0.8070069465418303,0.8044049302889472,0.8162107396149949,0.8213754093480202,0.8216579686872741,0.831870761866773,0.8390482855143457,0.8467838593687574,0.8580003936233025,0.8654911838790932,0.878667329686723,0.8894492636675408,0.9042796147353788,0.9096626073068477,0.9293387208041786,0.935217434570604,0.947709112976636,0.9593672763222936,0.9717019133937563,0.9775753328661527,0.9840998289222099,0.9888352444176222,0.9943737044714244,0.9987942122186495,0.9996999399879976,0.9997990757484428,0.99815712900097,0.9950956351152526,0.9916507393622372,0.98472741984424,0.9762166483461577,0.969232281529539,0.9605444860919313,0.9472689284648294,0.937999014292755,0.9310003954132068,0.9166004765687054,0.9046427856714029,0.8897645751237749,0.8864067019048569,0.8667864989015378,0.8533853385338533,0.848916532905297,0.8405944625407166,0.828936929789766,0.8312462731067383,0.8145688701076567,0.8167969940083274,0.8097463948284436,0.8075845507304382,0.8100069630955934,0.8124060527106924,0.8108562388768045,0.8262762168579343,0.8266957989869897,0.8329189457981104,0.8430943621358258,0.8507,0.8606703689012297,0.8702343129467831,0.8852086217124777,0.8945530726256983,0.9070419713512972,0.9204591220298026,0.931786496713802,0.9427423405323958,0.9545861965939647,0.9670592932721102,0.9729486923537632,0.9813271759863468,0.9879771565975353,0.9927848481811805,0.997441196732605,0.9993987373484317,1.0
1.0,0.998999599839936,0.9974856683093634,0.9942914371557336,0.9902834819192627,0.9801344436640915,0.9743614931237721,0.9667559789619926,0.9588365539452496,0.9451128567167147,0.9355716878402904,0.927379983726607,0.9189672293942404,0.9080378726833199,0.8894037066881547,0.8802682951246371,0.8784519449668415,0.8554907481898633,0.8552278820375335,0.8428967154728928,0.8352528793189785,0.8301530510832836,0.8286314525810324,0.8282777385871208,0.8263656083612699,0.8246487994420644,0.8197837404885863,0.8262533110958501,0.8357953974474928,0.8328786500959887,0.8497191011235955,0.8575610740965072,0.8589524479742636,0.8687481356269265,0.8791919593989451,0.884256003215111,0.8990514228657015,0.9076814658210007,0.9220545618067353,0.9325448531622732,0.9407444668008048,0.9580696202531646,0.9597233523189586,0.9711301606069563,0.9766181635725038,0.9849646821392533,0.9920897166316212,0.9966232992352766,0.9986863379143088,0.9997,0.9999000699510343,0.9981925896174315,0.9950773558368495,0.9909371576536201,0.9865253145744576,0.980784871899146,0.9710809732748305,0.9611970074812968,0.9507751157640427,0.9439336398161103,0.9317635270541083,0.9226030799801291,0.9095342356687898,0.8962843620984795,0.8863020572002007,0.8750627699106156,0.8726911618669315,0.8604030823947837,0.8563436563436564,0.8461077844311378,0.8321866586897996,0.835484511517077,0.8268441597437693,0.8238181089743589,0.8218970736629667,0.8300647088103534,0.8339148639218423,0.8308289382028062,0.835253227408143,0.840495702578453,0.8499097653900141,0.8568042662453091,0.8606401123708237,0.8768115942028986,0.8852097130242825,0.8980276535176901,0.9052495525949493,0.9177234148776835,0.9276669030493364,0.9396181145656303,0.9491236855282924,0.9595684613833434,0.9674739791833467,0.976154843859124,0.9830457764037099,0.9852510354581271,0.9935755872314797,0.9972888844261472,0.9993104127672151,1.0
1.0,0.9993958920660492,0.9972301909189831,0.9945382825933043,0.9892312294346396,0.98548693824442,0.9768809167912307,0.9718013045659809,0.9646353646353646,0.9552955295529553,0.9441752473248536,0.9356500656631983,0.9225812846946868,0.9101437699680511,0.9018795472918351,0.8926201488035391,0.8813863161039737,0.8712484993997599,0.8684818647643926,0.856418918918919,0.8531237484981978,0.8469304507444422,0.8491559086395233,0.8420145926226186,0.8369543351438342,0.8367943548387097,0.8375603864734299,0.8402894815108556,0.8398766700924974,0.8500351794150166,0.8605092361457813,0.8634401044281554,0.8714385684294712,0.8806979707871777,0.8854581673306773,0.9031484257871064,0.9033893251167876,0.9147216328180257,0.9280869738679434,0.9417978871835758,0.9485905495842628,0.9582139681912476,0.9647647647647648,0.9758952484872533,0.9830271565495208,0.9858888999304383,0.9921747967479675,0.9963716992541827,0.9992988079735551,0.9998033238273183,1.0,0.9986131748390292,0.9963264495631453,0.9923822714681441,0.9876859422716974,0.9816871810267187,0.9734320987654321,0.9669986920213302,0.955211970074813,0.9479535118746841,0.9357243602659682,0.9282036046741929,0.917062809750177,0.9081119162640902,0.9055832502492522,0.8889111690395027,0.8768849206349206,0.8770966453674122,0.8591340450771056,0.853053053053053,0.8517904185774222,0.8476874003189793,0.8440511307767945,0.8449304174950298,0.8427565392354125,0.840186730234406,0.8421634663717704,0.8482614326990137,0.8487161693268563,0.8575561097256857,0.8550074738415545,0.8628331835879006,0.8761338439830679,0.8851331139694885,0.8918812659720857,0.8995152494445566,0.915163528245788,0.9199837941861643,0.9353248843291089,0.9436350848990254,0.9539106145251397,0.9598500542566835,0.9714765100671141,0.974867856786676,0.9843968793758752,0.9904732948211209,0.9934843624699278,0.9972183588317107,0.998992443324937,1.0
1.0,0.9994070560332049,0.9972290945076695,0.995116603547937,0.9901803607214429,0.9878836031383454,0.977004599080184,0.9731644054269752,0.9634277870379448,0.9613624809354346,0.9500940687196752,0.9396185393813618,0.9333198010758145,0.9237127776117916,0.9186711356466877,0.9038804197188676,0.8972831027168973,0.8912380765070311,0.8769888623707239,0.8759581881533101,0.8624234038347499,0.8637943015983321,0.857085628442664,0.8593610918801305,0.8599777260301711,0.8544398838722594,0.8577880369329587,0.8566454436927975,0.8606655974338412,0.8628616726119699,0.8737197971562096,0.8754615307853507,0.8835623307592017,0.8946107784431138,0.8925911012683713,0.9044674910251297,0.9191256830601093,0.9280427631578947,0.9349010900282599,0.9456349206349206,0.9533632286995516,0.9613604346951097,0.9663915680620463,0.9750760474928859,0.9835137048649742,0.9879396984924623,0.9938464642388782,0.996033763856402,0.9989965884005619,1.0,0.9997993579454254,0.9992939989914271,0.9967877936157398,0.994110600918347,0.9885991870724695,0.9841442869884055,0.9743957394510446,0.97193087603636,0.9629519564140664,0.9602898838479103,0.9415387722132472,0.9366071428571429,0.9293702770780856,0.9179074846138574,0.9057430078630437,0.8971399899648771,0.8895407647177828,0.8787727363581851,0.872927072927073,0.8670543017640682,0.8670583549093805,0.8572146302250804,0.8500302969097152,0.8576656775469832,0.8572865332394649,0.853049082796232,0.8561532192339039,0.8585196224540487,0.863275039745628,0.8645297853039008,0.8727455919395466,0.8807045636509208,0.8853050185315036,0.8948478457366676,0.8992684855674179,0.9104357451947268,0.9226006191950464,0.9305126928820309,0.9384202148826104,0.9503680127312513,0.9586571030085674,0.9650065929607465,0.9730345989887975,0.9799545768737039,0.9863318821504505,0.9907651715039578,0.9933018124507487,0.9979110713219934,0.9991919191919192,1.0
1.0,0.9992012779552716,0.9972030766157227,0.9955049445609829,0.9910412104320128,0.987255393878575,0.9831602299082384,0.9767773477286616,0.9662195727769498,0.9618601872137025,0.9545499751367479,0.9483695652173914,0.937902576489533,0.9269813000890472,0.9206190713929107,0.9108920748705694,0.9035563592525618,0.8984639936165969,0.8904565151667843,0.8828464570908723,0.880048465266559,0.8744399083939062,0.8704469383736956,0.8663814545816336,0.8682470241123207,0.8706261974387416,0.87,0.8673061550759392,0.8761980830670927,0.8790758151630326,0.881288526546033,0.88915857605178,0.8960974643423137,0.8994001376733208,0.9083769633507853,0.917977870266978,0.9274805299888743,0.9323150643905361,0.9390085127691538,0.9512916584500098,0.9580133128520225,0.9659574468085106,0.9729185543139032,0.9786658653846154,0.9830254618072891,0.9894348649456792,0.9937344604674292,0.9962832747363134,0.9988108215241304,0.9998988570850612,0.9997994384275972,0.9988896739679015,0.996689738188384,0.993038038543033,0.9889254714157438,0.9845586770272963,0.979703673635072,0.9736324281778828,0.9636508094150362,0.9568802781917536,0.9546136159152254,0.939466110945718,0.9332013854527461,0.928412537917088,0.919276270006959,0.9155882352941176,0.897590958659661,0.8941751446239776,0.8937449879711307,0.878089283969913,0.8788605697151425,0.8781163434903048,0.8708283071974267,0.8711190975341919,0.8648513863953721,0.8658330852436241,0.8660263392415091,0.8718050721034312,0.8750747756729811,0.8803770179484608,0.8803461809399215,0.8893887530562348,0.8935175979319945,0.905025682344647,0.913515127388535,0.9255781076441483,0.9278884462151394,0.9374250299880048,0.9457644110275689,0.951562657019395,0.9622095921826702,0.9684742738177853,0.9758579409417398,0.9823293172690764,0.9874987597975989,0.9903682151098625,0.9956284153005465,0.9980952380952381,0.9996039211803149,1.0
1.0,0.9996032926708321,0.9976052684094991,0.9967069154774972,0.9915733121839992,0.9871149587276021,0.9829111379171693,0.9765718862635162,0.970547124600639,0.9663181178363162,0.9594688336141116,0.9517746139963906,0.9416842316571313,0.9352718581955786,0.9264837015753492,0.9241852146263911,0.9125100563153661,0.9087609638068354,0.9042606516290727,0.8944149202847689,0.8888110488390712,0.893084944821302,0.8847903481012658,0.8795906080674293,0.8821953156014292,0.8827172630751081,0.8840866383147068,0.8897827835880934,0.8877210712481051,0.8920230512587201,0.8915698540363419,0.9006825600949648,0.9025625744934446,0.9140276086073894,0.9118495672072431,0.9304695304695305,0.9309260574094735,0.9377,0.9528339278636544,0.9556962025316456,0.9634577603143418,0.9670199069030405,0.9747611865258924,0.9811757600161063,0.9857385060337089,0.9906487434248977,0.9943941778127459,0.997082788451866,0.9987216048775691,0.9996959562176954,1.0,0.9990029910269193,0.9962580906148867,0.9952782800884067,0.9910864613251461,0.9872548043413323,0.9825206078061377,0.9778315195485692,0.9715189873417721,0.9636327700365649,0.9530336625680307,0.9462695428458342,0.9386299718762555,0.9338293650793651,0.9241626080906471,0.9197364480383349,0.9094437257438551,0.8979936432260628,0.898943591787921,0.8953603158933859,0.8907965661808744,0.8795229026761552,0.8854280329332408,0.8831747317270703,0.882412672623883,0.886140089418778,0.8826765353070614,0.8846348627570141,0.889209635675891,0.8902439024390244,0.8984142715559961,0.9042037186742118,0.9093906093906093,0.9186507936507936,0.9203574585092802,0.9317501496707244,0.9356056841896054,0.9449964870019071,0.9503288504957299,0.9579688285570639,0.9660301507537689,0.9732831981001385,0.9805374431930448,0.9852350341502611,0.9888262632255512,0.9915118833632914,0.9949263828093912,0.9984859190471383,0.9996005592170961,1.0
1.0,0.9992954202315047,0.9978250123578843,0.9968772035861792,0.9925762439807384,0.9914248678831389,0.9854599406528189,0.982628777989758,0.976930596285435,0.9707555644275876,0.9629962098543786,0.9549540551338394,0.950993243924574,0.9417279967738683,0.9298878205128205,0.9286582894203486,0.9244284715982829,0.9194023782904767,0.9104417670682731,0.9088450365621557,0.8977658088968682,0.9016278837511236,0.9016443054574801,0.8980688831375672,0.8930698967434472,0.8964830128524459,0.8994994994994995,0.8947990543735225,0.8915951287682172,0.9083043262058678,0.9055299539170507,0.9124234207090489,0.9156206415620641,0.9226557833963767,0.9262385689880414,0.9332384920231683,0.9429763560500696,0.9487942840130992,0.9541787030580735,0.9587639109697933,0.9672869147659063,0.9707470305291057,0.9771189812972543,0.9830944142362827,0.9883417085427135,0.9918975692707812,0.9956135876772416,0.9971955128205128,0.9992955620408575,0.9997992572518318,1.0,0.9988141120664097,0.9979098238280084,0.9946107784431137,0.9912174439733494,0.9869534906881785,0.9833957679457325,0.9777598059037607,0.9727925054813633,0.9644299931027688,0.9588832487309644,0.9548530451469549,0.9494053618222132,0.9414441147378833,0.9314741035856574,0.928955223880597,0.9206108414239482,0.9124160737548852,0.9133286949607395,0.9063538415063941,0.8999796706647692,0.9015538847117794,0.8973010517959913,0.893422231067768,0.8974664679582712,0.8997625173164456,0.8934075768121706,0.8995461422087746,0.9004638967325534,0.9030020806499555,0.9046348453404487,0.9127337488869101,0.9180623809046234,0.9274616626311541,0.9305196097949433,0.9387450199203188,0.9429680501642281,0.953204172876304,0.9564270152505446,0.9573293172690763,0.9660145219846712,0.9736894558501096,0.9801694070752367,0.9855494229804315,0.9898452134476979,0.9952749572735499,0.9969611021069692,0.9982864630581595,0.9995981918633853,1.0
1.0,0.9995979899497487,0.9985117571187618,0.9958349861166204,0.9931285367825384,0.9917347041628868,0.9856421427864145,0.9829591018444266,0.9745191354352568,0.9728939943571141,0.9648175912043978,0.9588864672082426,0.9571700190133093,0.9473266541017756,0.941439650029827,0.9356881369347977,0.9307219816735475,0.9267636508569151,0.9261034551627721,0.9198886790577477,0.9119816586921851,0.9113847396043601,0.9125479120435748,0.907090709070907,0.9100210653024375,0.9109915761696945,0.9041633145615446,0.9122841637888505,0.9086702876684771,0.9160789844851904,0.9192950836086913,0.9233379916150928,0.9236234458259325,0.9329256065771004,0.9341115947764147,0.941501976284585,0.9435129740518962,0.9537835961519389,0.9606036054283978,0.9624291819898618,0.970071827613727,0.9734987593052109,0.9798174442190669,0.9854622017244836,0.9894164193867458,0.9917355371900827,0.995001499550135,0.9972721761972115,0.9986101459346769,1.0,0.999899709156554,0.9994071732042288,0.9980184286138908,0.9945689740298213,0.9940649834020723,0.9889420203227735,0.9848620655313216,0.9805292061907139,0.977205153617443,0.9736388522761837,0.9655034496550345,0.9574552290491738,0.9547577349678926,0.9482107355864812,0.94223753546818,0.9380646456534832,0.9307692307692308,0.9231074905622889,0.9241558962027853,0.9153974648717697,0.9152304609218437,0.9158646691139994,0.9142284569138277,0.906516443361754,0.9108317784542865,0.9063778820241541,0.9164918589551493,0.9117209947488358,0.9147922998986828,0.9094982078853047,0.9203477913252048,0.9246474011243713,0.9295859171834366,0.9347935295890686,0.9363151658767772,0.9417138317942607,0.9497341226045951,0.9534036055561028,0.9601880564169251,0.9687468596120993,0.9692798723319369,0.9798725599271771,0.978798231511254,0.986784140969163,0.9912562814070351,0.9953838434520823,0.996259603720178,0.9985035913806863,0.9998013310817523,1.0
1.0,0.999496678075297,0.9990962948087158,0.9972044728434505,0.9945262738853503,0.9929598712662174,0.9887472615016929,0.9844171411447408,0.9812286689419796,0.9751174178075347,0.970815364557216,0.9632694248234107,0.9626858226080016,0.9555980668546113,0.9522379092820666,0.947096260938743,0.9443050677370798,0.9372435191672506,0.9346503043001098,0.9306860664847934,0.92353236327145,0.923038925113614,0.9202762703502714,0.917556642379479,0.9226290338497977,0.9180377510850913,0.9240556660039762,0.9160725198614789,0.9237627729913845,0.9244435572412416,0.9254342184068677,0.9273449131513648,0.9381609426931211,0.9388492820564314,0.9448624034844585,0.9495440126883425,0.9547374773687387,0.9615155131264916,0.9651660215929925,0.9691726332537789,0.9746319140469558,0.9798623760372395,0.981503819863289,0.9872361809045226,0.9905453821656051,0.9935633108719703,0.9961194029850746,0.9969493593654668,0.9995938261575954,0.9998983223182512,1.0,0.999597747385358,0.9979075328816261,0.9957476966690291,0.9947963574502151,0.9902603856092228,0.9858943577430972,0.9816023738872404,0.9780874482480056,0.9730846774193549,0.9699346405228758,0.9667303246557443,0.9592809613665707,0.952213985173312,0.9522910247490309,0.9435239442311578,0.9391650099403579,0.9375435800378524,0.9359391965255157,0.9284007169886477,0.9222034067138161,0.9196543847452577,0.9272253408179632,0.9110671936758893,0.9201409869083585,0.9233226837060703,0.916127728375101,0.9192248852626211,0.9274689801271058,0.9287078934137758,0.9318091844813935,0.9340167197452229,0.9364853896103896,0.9380115791575164,0.9467531191669123,0.9509378084896347,0.9581863979848867,0.9647058823529412,0.9646869983948636,0.9716269242378509,0.9782150386507379,0.980742505459599,0.9850867403875418,0.9883965189556867,0.9928722015861862,0.9946851183313277,0.9976525821596244,0.9989960847304488,0.9996973060236102,1.0
1.0,0.99970469534403,0.9986893840104849,0.9979008396641343,0.9962241653418124,0.9947680853204548,0.992693522906793,0.9876555305182718,0.9796752119293228,0.9801014824395583,0.9765191978232389,0.9707926276563602,0.9673522364217252,0.9639314697926059,0.958121447801376,0.9529516640253566,0.9514914130762278,0.9460798889880068,0.9436198824584122,0.9413242238521049,0.9383801058623789,0.9309223492313756,0.9297962477304822,0.9345578640971595,0.9308051226049836,0.9358923230309073,0.9326054590570719,0.9293624663274469,0.9348219674109837,0.9370926328263876,0.938159729137622,0.9452151186168074,0.9443602948601434,0.9492079207920792,0.9503890067697282,0.953899652260308,0.95954398708636,0.9655067772607728,0.9690637995739934,0.9717958939605342,0.9802995275907126,0.9817575519811691,0.9853933716127733,0.989428542934078,0.9920071935258268,0.9939901477832512,0.9956626992132338,0.9982977871232602,0.9994001799460162,0.9998996689073945,0.9999001298312195,0.9990979252280244,0.9980017983814566,0.9958125623130608,0.9947232178414974,0.9924196482716798,0.9879518072289156,0.9862688926207646,0.9827482447342026,0.9779022097790221,0.9753025193414006,0.9697568689464321,0.9654896468940682,0.9632418507876747,0.9585419587422391,0.9543634907926342,0.9506699751861042,0.943939393939394,0.9383863080684597,0.9391844504558662,0.9335082231863586,0.9368048036224038,0.9356814701378254,0.9337568058076225,0.9304496186270574,0.9317640047675805,0.9330795431777199,0.9318432394507367,0.9342170343258482,0.9390316796174537,0.9395088840087842,0.9447144592952612,0.9466890027591643,0.9549315479164585,0.9535116721771365,0.9600524563704227,0.9637253922254422,0.9643424711958681,0.9663068697669727,0.9758356826419654,0.9811434302908726,0.9825777073846763,0.9882727092029417,0.9913454765019624,0.9931377424167082,0.9965132496513249,0.998701039168665,0.9987866531850353,0.9996081504702194,1.0
1.0,0.9998994873856669,0.9994006592747977,0.9981600735970562,0.9962297847008632,0.9949253731343284,0.9911354581673307,0.989558707643814,0.9870598856455011,0.9823547004286711,0.9788896782705775,0.9764052741151977,0.9713831478537361,0.9702328323017978,0.9634085213032582,0.9635175879396984,0.9551758793969849,0.9582496989160979,0.9530394985573575,0.9495714570460434,0.9448514448514449,0.9466745960947567,0.9420523138832998,0.9399563318777293,0.9438692651238327,0.9399818126705062,0.9421785750075158,0.9466946694669467,0.9401546339993976,0.9440763052208835,0.950334097935574,0.9484282907662083,0.9546899841017488,0.9569077306733167,0.9616350306317164,0.9615729218516675,0.9698956780923994,0.9701595430372267,0.9735970284108021,0.9774549098196392,0.979146173519575,0.9816403911394931,0.9876786594381469,0.9912869303955933,0.992636815920398,0.995984338921795,0.9968636179684338,0.9983733224888166,0.9995988768551946,1.0,0.9997994987468671,0.9989970915655401,0.9987041467304625,0.9979909593169262,0.9951238929246691,0.9928438388393295,0.9890764647467726,0.9889976784092056,0.984748597854964,0.9808679891249622,0.9792335473515249,0.9740428943676087,0.9693398581843603,0.9616145627225959,0.9664429530201343,0.9608682664542467,0.9545545146501894,0.9546770490166716,0.9490298582487182,0.9465235173824131,0.9419413365588146,0.9444999001796766,0.9403240414612056,0.9434389140271493,0.9430626311057836,0.9425939050318922,0.9402335246388284,0.9422616673314719,0.9471139615194869,0.9491124260355029,0.949359487590072,0.9498111707414033,0.9506185357939566,0.9561543050308212,0.9622318461073622,0.9670634920634921,0.9698537458959308,0.9717171717171718,0.9752358490566038,0.9810678152859862,0.984410912361347,0.9860545602605864,0.98888102698878,0.9914910858995137,0.9953773490101497,0.9963716992541827,0.9976730068798058,0.9987954226059025,0.9996017126356667,1.0
1.0,0.9999016232169208,0.9985102790743867,0.9984921592279855,0.9970898143502258,0.9950470029313656,0.9933240334794738,0.9902626143405134,0.9880532706619664,0.9851837218490715,0.9798899449724863,0.9803605599758284,0.9767211490837048,0.973747254941106,0.9685937187437488,0.9663527565234452,0.9648859543817527,0.9629814408301736,0.9631674026495384,0.9590560709963695,0.9580475998386446,0.9543973941368078,0.9524992546954189,0.9514320048067294,0.9540559233277344,0.9469456564855216,0.9507743908454178,0.9511879908539617,0.9505854336177814,0.9556467761313576,0.9568023833167825,0.959471813103098,0.9619506439878085,0.9622069523039612,0.9637630662020906,0.9692951849267272,0.9703517587939698,0.9762072081116354,0.9807884730838503,0.9823410696266398,0.9852555039385983,0.9896033107903502,0.9906976744186047,0.9928042971521233,0.9936517533252721,0.9960748792270532,0.9973005398920216,0.9991098803283552,0.9996973365617433,1.0,0.999798569845906,0.9992024723357591,0.9991941982272361,0.997634768897211,0.9949857437813391,0.9935077906512185,0.9930359305611627,0.99000999000999,0.9853176188573711,0.9821841972823352,0.9801547926175829,0.9790481891649206,0.9757927378213465,0.972745490981964,0.9645617909848408,0.9676834793113863,0.9675324675324676,0.9618107488283977,0.9604655829821392,0.9573383954441003,0.9546589433736143,0.9535071760663029,0.952232814851982,0.9491255961844197,0.9489533965244866,0.9478391959798995,0.9541824715512078,0.9535070946965885,0.9568527918781726,0.9557955795579558,0.9547713717693836,0.9603550892767073,0.9626992880778101,0.964836033188463,0.96589331746976,0.9718102347510068,0.9738712583842226,0.977498017446471,0.9812358777876019,0.984035122729994,0.9846727841080972,0.9881335478680612,0.9901990811638591,0.9935658992661104,0.9953154589853483,0.9970665587699777,0.9976284584980237,0.9992037424106699,1.0,1.0
1.0,0.9996950909645289,0.9987972336373659,0.998979800040808,0.9977909428657495,0.9969061876247505,0.9948790039160559,0.9935032975686583,0.991271194943313,0.9903543307086614,0.9865026994601079,0.9844184200079397,0.9803762897026097,0.9799281006590773,0.9784903005327169,0.977129731349246,0.9703453079908448,0.9699570815450643,0.9649662564509726,0.9646123260437376,0.9642929191042969,0.9655822257488593,0.9649901380670611,0.959347181008902,0.9602295610149013,0.9597322243635257,0.9592402057776019,0.9606995677957584,0.9610879491760969,0.9645900974025974,0.9629116803481357,0.9657963974903866,0.9694201747418586,0.9674901185770751,0.9712166172106825,0.9754364596021112,0.9767997610275814,0.9820556275545808,0.9830236062280261,0.9827348066298343,0.9880098280098281,0.9877963389016705,0.9909045477261369,0.9935200877280431,0.9955317247542449,0.9964225380105336,0.9978352848568336,0.9991079393398751,0.9997019077901431,1.0,1.0,0.9999001896396846,0.9987957852483693,0.9974193548387097,0.9962847675469425,0.9954078067285614,0.9945673646779929,0.9915271333467823,0.9901980396079216,0.9874704025256511,0.9833498513379584,0.9825756058481875,0.9813455050605279,0.980147645650439,0.9719786311863723,0.9718183628759212,0.9715398442180947,0.9690433393249451,0.9673157162726008,0.9646894068220466,0.9637818909454727,0.9627037296270373,0.9613164556962025,0.9595242854287428,0.9622603833865815,0.9649403986777522,0.9599439214900861,0.9598014888337469,0.9629960317460318,0.962680657295585,0.9671243860880024,0.9653722978382706,0.9687250996015936,0.970939125114714,0.9732919875962789,0.975568743818002,0.9785974948219746,0.9803089972735535,0.9850521669341894,0.9870882472549817,0.9869141813755326,0.9917272999102961,0.9923185769153022,0.9944834503510531,0.9959057319752347,0.9978734177215189,0.9974755124709684,0.999701700308243,0.9998997594226142,1.0
1.0,0.9998021369212505,0.9997983870967742,0.999499399279135,0.9982053838484546,0.9970414201183432,0.9961654894046418,0.9948346081255588,0.9934543290687295,0.9924119789558883,0.9893320039880359,0.988,0.9860800650274334,0.9821772151898734,0.9813921433494142,0.9800059388300505,0.9792001607717041,0.974241214057508,0.9735349716446124,0.9761760549162124,0.9739416932907349,0.9711180436751534,0.9675082989638869,0.9686652606206688,0.9684422110552764,0.968132631787948,0.970995714143327,0.9698933306749078,0.9704763811048839,0.9718706047819972,0.9703398351095918,0.9722054380664653,0.9733319915467444,0.9782452539763982,0.974809084597838,0.9790425109257052,0.9835915205870362,0.9828248130935543,0.9852720168319807,0.98637411081054,0.9905400078833267,0.9908430377227033,0.9926191901057251,0.9943633618520382,0.9968351300563743,0.9984014387051654,0.9981275253769587,0.9994984451800581,0.9996994590262472,0.9998983326555511,1.0,0.9998005783228637,0.9990961132871347,0.9985974754558204,0.997102028579994,0.9954522985664854,0.9958391123439667,0.9935820296831127,0.9923031379514505,0.9905040913223558,0.9892807052694851,0.9857385060337089,0.9831805821331453,0.984482244106237,0.9801019898010199,0.9779104477611941,0.9734767025089606,0.973245482679445,0.9706970697069707,0.9693318729463308,0.9701327433628318,0.9720648175762998,0.9693755004003203,0.9688532799198798,0.9682144280589876,0.9656388553002822,0.9693948069898312,0.9692260816575259,0.9692569597436411,0.971245366195772,0.9736529318541997,0.975979268414233,0.9771721641190668,0.974997519595198,0.9789840637450199,0.982971982971983,0.9817718541748334,0.9861714737258,0.9860724233983287,0.9897393802585677,0.9926270073729926,0.9914478317738203,0.9938619440531294,0.9956457199406235,0.9978682367272358,0.9969493593654668,0.9990016971149046,0.9995994793231201,0.9999008428358949,1.0
1.0,0.999899467176033,0.9997997997997998,0.9987161761801303,0.9980095541401274,0.9978781448923917,0.9978067989233377,0.9950044959536417,0.9924588211946815,0.99318705540527,0.9925747541641582,0.9900049975012494,0.9897917930058622,0.988368564782037,0.9852984706462753,0.9823905558288244,0.9808287568647029,0.9815313966257363,0.9837907716785999,0.975733972438586,0.9785793674850964,0.9772704615691357,0.9794324137249085,0.9757509230615707,0.9761644651901877,0.9747368421052631,0.9779122541603631,0.9729810271183074,0.9796682176815699,0.9737743419121244,0.9763236763236763,0.9807045319612112,0.9809264305177112,0.9829110779930452,0.9836907278767744,0.9843188174190971,0.985669906804289,0.987891019172553,0.9898030590822753,0.9899848254931715,0.991167129813418,0.993358824713222,0.9951224367907625,0.9961046743907311,0.9970170030824301,0.9983013589128698,0.9991000899910009,0.9991925716592652,0.9999016328939603,0.9999002891614318,0.9998996487706975,0.999702469503124,0.9996033320111067,0.9993991588223513,0.9983030545018966,0.9960594119430131,0.9963499949305485,0.9954711036723441,0.9921592279855247,0.9925335485823832,0.9908930669800236,0.9896589440190912,0.9868500301144348,0.9875576961669676,0.9843473124630833,0.9827690447400241,0.9824336326852857,0.9820569366479551,0.9778528155725494,0.9802896218825422,0.9777954004758128,0.9779288599862055,0.9748402555910544,0.9766134698384021,0.9764255490630667,0.9736213418275931,0.9788558442841616,0.9774557165861514,0.9744278606965174,0.9786725134542555,0.9792772049254179,0.9807653976479969,0.9802248544468982,0.9836147969441094,0.983132530120482,0.9840859359458922,0.987868457990776,0.9890840527934901,0.991130820399113,0.9892398126930357,0.9932243921881228,0.9934551138028719,0.9947822596829219,0.9962390729823135,0.9983204900217348,0.9979044007584074,0.9990008991907283,0.9994975884244373,1.0,1.0
1.0,1.0,0.9995997198038628,0.9996071498723237,0.9988943612423359,0.9989074294795391,0.998003992015968,0.9972089314194578,0.996203037569944,0.9950079872204473,0.9932445857341545,0.993304450571091,0.9902698364931287,0.9906237662850375,0.9874813710879284,0.98732924173431,0.9882575380634889,0.9855826992390869,0.9853351955307262,0.9842236645032452,0.9845038243766763,0.9822314869962279,0.9839381320642475,0.9834727400987604,0.9829154872624343,0.982687881517062,0.9824754656519127,0.9821925984878631,0.9842306147047006,0.9835739173718268,0.9850416624836864,0.9836978131212724,0.9856836077308518,0.9869674185463659,0.9885115388491383,0.9882137776874619,0.991000899910009,0.988788570294672,0.9916798732171157,0.9937244745492579,0.9943675889328063,0.9949218361047496,0.9952948243067374,0.9980345911949685,0.9980125211169631,0.9982989793876326,0.9989945706816811,0.9998003593531644,0.999701700308243,1.0,1.0,0.9996007585587384,0.9998016266613767,0.9989116453942812,0.998198919351611,0.9986011191047163,0.9976011994002999,0.9962618710850677,0.9945755901557006,0.9954632523439862,0.9935401781344817,0.990971799553662,0.9917008299170083,0.9914205905826018,0.9891239865532925,0.9874409725710841,0.9861960165647802,0.984087518647439,0.9838900968570864,0.983756851021425,0.9830161054172767,0.9816304239896734,0.9818963792758552,0.9837286806508527,0.9828702320486007,0.9836392657621708,0.9837390162609837,0.9834669338677354,0.9811875367430923,0.9843407141432277,0.9842,0.9846400963758659,0.9847939175670268,0.9869547898824935,0.985607839134429,0.9890862188709197,0.9897979797979798,0.9903228991804088,0.9930450559419414,0.9938730413820811,0.995633631194151,0.9963974782347643,0.9972713491662456,0.9965174129353234,0.9982262514781237,0.9987025948103793,0.9992101885674796,0.9995039682539683,1.0,1.0
1.0,0.9998995883120795,0.999801429706116,0.9996953696181966,0.9991007194244604,0.9988118811881188,0.9985978968452679,0.9978378378378379,0.9966834170854272,0.9965921619725369,0.9959179609717244,0.9951426836672739,0.9957383548067393,0.9939776878270313,0.9912263210368893,0.9929112927045387,0.9922385620915033,0.9906819984139572,0.9899467176032974,0.9889191094993453,0.9895125848981222,0.9880131854959544,0.987681303397576,0.988247112004018,0.9869804707060591,0.9871218927822701,0.9867933966983492,0.9875527002609917,0.9880133621536648,0.9886864237084502,0.9887119532352349,0.9897041183526589,0.9925320415783631,0.9913411196133709,0.9916823447866125,0.9924257524416982,0.9936234817813765,0.9926260937960869,0.9953492974470611,0.9943382873319179,0.9973061957497755,0.9971124166085831,0.9972806929197301,0.9979228486646884,0.9988935827801247,0.9991011684809747,0.9993979530403372,0.9998006379585327,0.9999,1.0,1.0,0.9999016038571288,0.9996024252062419,0.999801429706116,0.9990080349171709,0.9989955805544395,0.9982793522267206,0.9963213362497514,0.9960015993602559,0.9953808353808353,0.9950344548034049,0.9931726907630523,0.9930424411092337,0.993206935009632,0.9929321486268174,0.9905727318803852,0.9909018196360728,0.9900960080848914,0.9891010898910109,0.9888116117326883,0.988641975308642,0.9879747469686341,0.9901009899010099,0.9862782141791787,0.9897836538461539,0.9872074573581912,0.9907527095555334,0.9887551000099513,0.9888910930370958,0.9891172914147521,0.9875099127676448,0.9869391824526421,0.9900859888720284,0.9906523268670218,0.9919817857849931,0.9917565642173825,0.9935960591133005,0.9944383752110438,0.9940709476434529,0.9958735909822867,0.995813814412439,0.9968765743073048,0.9976088472651191,0.9981487195310089,0.99859761594711,0.9992972593113141,0.999597017932702,0.9998001199280432,1.0,1.0
1.0,1.0,0.999801093983093,0.9998022543009689,0.998682209832742,0.9987806117264506,0.998903836571998,0.9986787275129586,0.9981339618935376,0.9974752575237326,0.9975099601593626,0.9959811112227469,0.9967281380130875,0.9953065708008788,0.9956892230576441,0.9953843066425848,0.9934784789806361,0.9938910237461819,0.9930492595950439,0.9930915371329879,0.9928351079709424,0.9926660059464817,0.9924151696606787,0.9938240356383518,0.9915086887835703,0.9926096075102367,0.9936740636610102,0.9920690693705452,0.9931527848748084,0.9920820221297331,0.9930227987421384,0.9945614555522595,0.9923733065730055,0.9927608092026974,0.993619607048815,0.9952725809696238,0.9954018392642943,0.9957856712823601,0.9967339667458432,0.9965597490640494,0.9966037358905204,0.9979919678714859,0.9990107824710653,0.9989949748743718,0.9990104888185236,0.9996000399960004,0.9997045208312814,0.9997977346278317,1.0,1.0,1.0,1.0,0.9996981587684878,0.9997033814514534,0.9990953864710022,0.9991152182461659,0.9987001299870013,0.9989010989010989,0.9982681336593318,0.9974811083123426,0.9964221824686941,0.9967138020314679,0.9958839473948399,0.9949969981989194,0.9951412989588497,0.9922825764321758,0.9932316395595515,0.9932573128408527,0.9930782161574211,0.992859297998592,0.9928978693608083,0.9929485242268561,0.9932027189124351,0.9909353521267058,0.9926772996288494,0.9913819324749062,0.9898878654385262,0.9934270401456163,0.992047513589692,0.9936102236421726,0.9932991722506898,0.993031006968993,0.9945425679698353,0.9951852215780682,0.9944623439387837,0.9943198804185351,0.9948934498674261,0.9954870989895026,0.9968809739410404,0.997094479511071,0.997934493951018,0.9984062157585417,0.9982035928143712,0.9991915108640728,0.9996023856858847,0.9992111231633961,0.9997989545637314,0.999795835034708,1.0,1.0
1.0,1.0,1.0,0.9998995782285599,0.9997984886649874,0.9993028582810477,0.9991945227547322,0.9993025804523263,0.9991065223865779,0.9992068999702588,0.9987849331713244,0.9980013990206855,0.9980278079084903,0.9980190174326465,0.9969549330085262,0.9978126864187711,0.9971779883088087,0.9963716992541827,0.9955424982271299,0.9965288108697808,0.9969894631209232,0.9950554994954591,0.9960470402213657,0.9969678593086719,0.9962588473205258,0.9940167530913442,0.9964211154190278,0.994498899779956,0.9954179818755727,0.995676219205631,0.9959705852724892,0.9966020387767339,0.9964289257018153,0.9959057319752347,0.9970555386333638,0.9968060684699072,0.9977936014441882,0.9971005798840232,0.998794091046126,0.9979755035934811,0.9988993396037622,0.9985925404644617,0.9989922402499244,0.9991012582384662,0.999499899979996,0.999900457893689,0.9996987346856798,0.9996016729735112,1.0,0.999900299102692,1.0,1.0,0.999601871205335,0.9999004083258639,0.9998007769698177,0.9992998599719944,0.999206034140532,0.9991063449508489,0.9984877507813288,0.998805256869773,0.9979012592444533,0.9971881903996787,0.997792937399679,0.9980087614496217,0.9975007497750675,0.9969092721834496,0.9963014794082367,0.9971060772378006,0.9958188153310105,0.9950396825396826,0.9959819186338523,0.9960368572277817,0.9947137442649112,0.9960206923995225,0.9960011996401079,0.9961466258274874,0.9947205897001693,0.9938433589018975,0.9955889724310777,0.995557799091368,0.9954778414229726,0.9973067331670823,0.9962177764506818,0.9966512360878558,0.9973008097570729,0.9970050913447139,0.9980152823260892,0.9976805163372328,0.9985096870342772,0.9986047438708392,0.9990185494160368,0.9993034132749528,0.9991957374082638,0.999199038846616,0.9994929520332624,0.9997002997002997,0.9998997393222379,0.9999010488818524,0.9999005766553987,1.0
1.0,1.0,1.0,0.9998983119788489,0.9997992371009837,0.9997991766241591,0.9994041116297547,0.9992902048266071,0.9995960412037972,0.9986912312493708,0.9992015171174768,0.998905145814671,0.9989001099890011,0.9987064676616916,0.9980842911877394,0.9996006788459618,0.9985189573459715,0.9984011192165484,0.9981286319314489,0.9975124378109452,0.9985851440121274,0.9984936734283992,0.9982068141063957,0.9983951855566701,0.9981996399279855,0.9984137999405175,0.9974724497017491,0.9986055776892431,0.9987032418952618,0.9985145573380867,0.9977272727272727,0.9979820401574009,0.999105100924729,0.9976145512374516,0.9988963579813385,0.9982869810560258,0.9987987987987988,0.9991093518060367,0.9992988782051282,0.9992101885674796,0.9994007789873165,0.999699639567481,0.9995992385532512,0.999697519661222,1.0,0.9996962947965176,1.0,1.0,1.0,1.0,1.0,0.9998991833854219,0.9997993579454254,1.0,0.9998010148243955,0.999701700308243,0.9997951029607622,0.9993032052558232,0.9995945261023822,0.9998010741993236,0.9985955056179775,0.9986172839506173,0.9993058998512643,0.9993065874195146,0.9984924623115577,0.9977804681194512,0.9984759195285511,0.9984007996001999,0.9978139904610492,0.9979623025980642,0.9982107355864811,0.9978871113794144,0.9983023766726583,0.9979004199160167,0.9983129899771758,0.997571587574623,0.9984939759036144,0.9981949458483754,0.9987818495584204,0.9983181638306292,0.9982933440417628,0.998811410459588,0.9984081185951647,0.9978883861236802,0.998790444511642,0.9993920356672409,0.998692547520869,0.9986221828560181,0.9993966817496229,0.9991975122880931,0.9995033277043807,0.9997005390297464,0.999596489458287,1.0,0.9999005469915465,1.0,1.0,1.0,1.0,1.0
1.0,1.0,1.0,1.0,0.9997995188452286,0.9998993963782696,0.9999001597444089,1.0,0.9997005988023953,1.0,0.9995980707395499,0.9998008761449622,1.0,0.999800099950025,0.9995956737086829,0.9997992371009837,0.9999001697114904,0.9996001199640108,0.9997003296373989,0.9995070977917981,0.9995022399203584,0.9993925280955755,0.9999003289145819,0.9995946904448272,0.999702469503124,0.9990846216436127,0.9994942854253059,0.9995041158385402,0.9995980707395499,0.9997977346278317,0.9989936600583678,0.9997996794871795,0.9995014955134596,1.0,1.0,0.9995998799639892,0.999398254939324,0.9998994974874372,0.9998992646318122,0.9998976668031109,0.9999002493765586,0.9997993579454254,0.9998994166163749,1.0,1.0,1.0,1.0,1.0,1.0,1.0,1.0,0.9998989490703315,0.9998996890360117,1.0,0.9999006655408761,1.0,0.999899568143015,0.9998005982053838,0.9998006578291637,0.9997993378147888,0.9996995192307693,1.0,0.9996964484468279,0.999802371541502,0.9993999399939995,0.9996967246259604,0.999701373681067,0.9994108983799705,0.9992038216560509,0.998801079028874,0.9994058229352347,0.9997006884166417,0.9997039668442865,0.9996009577015164,0.9993063125557428,0.9995036235480989,0.9993964996982498,0.9994960693408587,0.999198557403326,0.9993915424399148,0.9995003996802558,0.9996999099729919,0.9996007187063286,0.9998985183681753,0.9995991180597315,0.9999002195170624,0.9996981283960555,1.0,0.999500199920032,0.9999015457320075,1.0,0.99989910200787,1.0,0.9998030332873744,1.0,1.0,1.0,1.0,1.0,1.0
1.0,1.0,1.0,1.0,1.0,1.0,1.0,1.0,1.0,1.0,1.0,1.0,1.0,1.0,1.0,1.0,1.0,1.0,1.0,1.0,1.0,1.0,1.0,1.0,1.0,1.0,1.0,1.0,1.0,1.0,1.0,1.0,1.0,1.0,1.0,1.0,1.0,1.0,1.0,1.0,1.0,1.0,1.0,1.0,1.0,1.0,1.0,1.0,1.0,1.0,1.0,1.0,1.0,1.0,1.0,1.0,1.0,1.0,1.0,1.0,1.0,1.0,1.0,1.0,1.0,1.0,1.0,1.0,1.0,1.0,1.0,1.0,1.0,1.0,1.0,1.0,1.0,1.0,1.0,1.0,1.0,1.0,1.0,1.0,1.0,1.0,1.0,1.0,1.0,1.0,1.0,1.0,1.0,1.0,1.0,1.0,1.0,1.0,1.0,1.0
