'n_states','r2'
1000,-8.596984082156082e+28
5000,-7.376644505407952e+28
10000,-7.291813143035549e+28
