'n_states','r2'
40000,-1.0786800193102214e+29
35000,-1.0104673266821326e+29
20000,-1.1220211110042719e+29
15000,-1.1739162802660608e+29
1000,-7.975994963382565e+28
