'n_states','r2'
1000,-7.5792208102459265e+28
5000,-8.086695948077002e+28
10000,-7.625020618674991e+28
15000,-7.592369174895817e+28
20000,-7.572874274499599e+28
