'n_states','r2'
40000,-6.922495768956843e+28
35000,-6.755184511909231e+28
20000,-6.54185143507402e+28
15000,-6.8633184930534e+28
1000,-6.993803281517758e+28
