'n_states','r2'
25000,-7.876750061790988e+28
30000,-7.8013902593945765e+28
35000,-7.99713209325402e+28
40000,-7.887831058350537e+28
45000,-7.66870440643261e+28
