'n_states','r2'
45000,-1.2495856433965643e+29
30000,-1.2371288952755753e+29
25000,-1.2590715397910655e+29
10000,-1.142098507318543e+29
5000,-1.1110949189880833e+29
