'n_states','r2'
45000,-6.892157235875533e+28
30000,-6.925567925700912e+28
25000,-6.792833613922639e+28
10000,-6.721123296719839e+28
5000,-7.008417483300858e+28
