0.9549710209540794,0.9561363636363637,0.953905540417802,0.9575033200531209,0.9583048530416951,0.9581552305961755,0.9591695501730104,0.9586160108548168,0.9567060923900915,0.9609800362976406,0.9551427276846398,0.9580877537655533,0.9523154516276937,0.9566204860322507,0.9542857142857143,0.9570330167345092,0.9572727272727273,0.9570321151716501,0.9595058339052849,0.9583886675520141,0.9596846846846847,0.964116452268111,0.9550763701707098,0.9596188747731398,0.9503187513739283,0.9502799552071669,0.9565508021390374,0.9619565217391305,0.9530931339225017,0.9562767635789948,0.9559819413092551,0.957847533632287,0.9540461779869984,0.9586144849302745,0.9587488667271079,0.953960731211916,0.9507200720072008,0.9560919540229885,0.9570776255707762,0.9521158129175946,0.9545351216185497,0.9602169981916817,0.9556515806231521,0.9607974910394266,0.9580498866213152,0.9543263713564379,0.9587955625990491,0.9540976265114196,0.9575867543660694,0.9595801697186244,0.9595043151139633,0.9602103818888634,0.9575141242937854,0.9574515983791085,0.9596681262963817,0.9569476082004555,0.9570718481699051,0.9581561870664578,0.9595774000918695,0.9613430527943451,0.958670260557053,0.9545863309352518,0.9602633969118983,0.952219968447149,0.9576439444076771,0.9553692795650204,0.9616677874915938,0.9537430167597766,0.9577993813521873,0.9580467675378267,0.9583145561063542,0.9626746049919853,0.9551182843245634,0.9573480662983426,0.9586001829826166,0.9648490310950879,0.9531465319246669,0.955952112039756,0.9521640091116174,0.9611428571428572,0.9527649769585254,0.9558160504959423,0.9556058890147225,0.9575907963004737,0.9554902846814279,0.9573309123921925,0.953300404131118,0.959541469993257,0.9517720951099148,0.9611693818344119,0.9532581165093253,0.9506736697876228,0.9564230594643668,0.9512913457181694,0.9565411187876086,0.9566964285714286,0.9581405595946244,0.9567177637511272,0.95897903372835,0.9586314847942755
0.9497129735935707,0.9582664526484751,0.9579280705722687,0.9600532623169108,0.9590145576707727,0.9567447045707915,0.9528985507246377,0.9580135440180587,0.9589071523767214,0.9528993556987336,0.9519982138870283,0.9589585172109444,0.9537946428571429,0.9558856129461317,0.9594443199641497,0.96,0.9600179694519317,0.9594137542277339,0.9528711965225349,0.960966954978931,0.9553651938683498,0.9618693327133225,0.9553937187073281,0.9575892857142857,0.9564622749031229,0.9557339449541284,0.9574230940704413,0.9551661356395085,0.9559412550066756,0.9546086150995832,0.9573660714285714,0.9557679484329851,0.9502700270027002,0.9554701627486437,0.9538983050847457,0.9580623458174479,0.9551639527102387,0.9592908732764281,0.9567985447930878,0.9561442564559216,0.9546251644015783,0.9565901934322987,0.9562841530054644,0.9510537049626104,0.9520636285468616,0.9608774310266848,0.9501500115393492,0.9510250569476082,0.9522328371473006,0.9582577132486388,0.9498518349669478,0.9531787927473032,0.953726362625139,0.953311867525299,0.9534258844603672,0.9606040709126723,0.9543522040724994,0.9550811652212586,0.9557463672391017,0.9583792116273948,0.9586314847942755,0.9545855379188712,0.9602888086642599,0.9574944071588367,0.9596720584976733,0.9572898032200358,0.9592162223741171,0.9588579136690647,0.9547806524184477,0.9581374524289232,0.9569083447332422,0.9565411187876086,0.9614951587480297,0.9562127464465842,0.948321554770318,0.9555400372439479,0.9503119429590018,0.9514933752526387,0.9569083447332422,0.9577782795213367,0.9514343799412694,0.9537439890084727,0.9565217391304348,0.9568313306631063,0.9540770609318996,0.9560439560439561,0.9551439410845793,0.9614263287732675,0.95141065830721,0.9478609625668449,0.9620139357158912,0.9560636628558619,0.9571106094808126,0.9564230594643668,0.9555902700290114,0.954726148409894,0.9550056242969629,0.9470377019748654,0.9588514582862311,0.9509977827050998
0.958352298588985,0.9571240105540897,0.9528748590755355,0.9524892020913844,0.9517148014440433,0.953232462173315,0.958900946663588,0.9618355293048614,0.9531963470319634,0.9520253451007015,0.9559973196336833,0.9545970488081725,0.9554027069003772,0.9571237159446181,0.9595440321859633,0.9545454545454546,0.9538891476478808,0.9532201914708442,0.956364458512322,0.9535617673579802,0.9601513802315227,0.9543215405284371,0.9619516562220233,0.954639175257732,0.9563172043010753,0.9538392253996848,0.9563085153811859,0.9524761270264268,0.9580892293826048,0.952485701715794,0.9483756119270138,0.9503273876721607,0.9566795191653437,0.9563348416289593,0.9585526315789473,0.9488520118208684,0.9481346678798908,0.9558394978704327,0.9513761467889909,0.9475972540045766,0.952755905511811,0.9544107590608616,0.9598275079437131,0.9505371530886303,0.9520624303232998,0.9552572706935123,0.9567243675099867,0.9502353732347008,0.9577496610935382,0.9536165327210103,0.9567567567567568,0.9533495467609994,0.9585503963759909,0.9570411210659315,0.9539624370132844,0.9557861493345364,0.9496419496419496,0.9619505794883009,0.9574181981174361,0.9585468095016302,0.950929867801927,0.9593818984547461,0.9506756756756757,0.9555909815531769,0.9607664233576643,0.9567275185936444,0.9537405931828242,0.9608372721134368,0.9598294434470377,0.9570874229627939,0.954313595032158,0.9546172951004741,0.958634719710669,0.9549731182795699,0.9600178691087782,0.9523166891587944,0.9528195911031229,0.9506423258958756,0.9549875593757069,0.9499329459097005,0.9589388696655132,0.9573143619386394,0.9537374658158614,0.9544650751547303,0.9569005043558001,0.9483842010771992,0.9525620944282838,0.9529279279279279,0.9557961208840776,0.9558493948901837,0.959651535992664,0.9527256276860439,0.9524343728965672,0.9481564245810056,0.9558086560364465,0.9540998217468806,0.9529597119063695,0.9600721858786375,0.9646953002023836,0.9544114311635291
0.9501585863162664,0.9558791087579969,0.952768014059754,0.9526280171441461,0.9480635773449743,0.9534083084691302,0.9508019072388383,0.9585865406257034,0.9510458388963062,0.9565714285714285,0.9523701519618961,0.9572993516655488,0.958029197080292,0.9603631532329495,0.9591318402216578,0.9548805003350458,0.955617198335645,0.9569023569023569,0.9531914893617022,0.9508763837638377,0.9571009257168661,0.9534363107230803,0.9570013507429086,0.9518451845184518,0.9503710575139147,0.9508818932797499,0.9567845947156292,0.9480701754385965,0.9518394648829431,0.9574565416285453,0.9485610695671879,0.9482953262587491,0.9449035812672176,0.9508938673908124,0.9515530829856282,0.9468446052929201,0.9499441340782123,0.9447098976109215,0.9471434997750787,0.9461883408071748,0.9562281722933644,0.9485884783107643,0.9516562220232766,0.9496159060099413,0.94798083504449,0.9491373515572484,0.9505457785698374,0.9529092143989133,0.9423804226918798,0.9540075909801294,0.9488803438136169,0.9502950522015433,0.9531072160254951,0.9564631956912029,0.9554834222119175,0.9554330346887204,0.9525416104363473,0.9572836801752465,0.9554432705558108,0.9515358361774744,0.9535568645219755,0.9549341345042754,0.9537057645225907,0.9538143382352942,0.9618899041675952,0.9560293137908061,0.9595337585221024,0.9526493799323562,0.9589594079389998,0.95498320268757,0.948959032907992,0.9536453645364537,0.9576731552738795,0.9568029568029568,0.9558891454965358,0.9501593081474738,0.9493497604380561,0.9540229885057471,0.9513794663048395,0.9512461740271098,0.9491641859400046,0.9499658858312485,0.9463592787034923,0.9483186639584744,0.948268106162843,0.9499002438483707,0.9491450144348212,0.9532283823864933,0.9522314420273604,0.9565119928267205,0.9517641804376954,0.9499105545617174,0.9542036910457963,0.9464720194647201,0.9496434937611408,0.952705775352433,0.9524025385312783,0.9534989742420789,0.955829596412556,0.9559058716015536
0.9495854806184181,0.9564225416381474,0.9440869758153982,0.9521145670172299,0.9512421639192014,0.9461801596351197,0.949141200089226,0.9509936766034327,0.9522968197879859,0.9582491582491582,0.9578096947935368,0.9547806524184477,0.9549346552501127,0.95338413267593,0.9501025290498974,0.9518016984163415,0.9556470050297211,0.9528857479387515,0.9515151515151515,0.9492543957266859,0.9546382399637106,0.9492563429571304,0.948936170212766,0.9500659920809503,0.9534568459105287,0.946337118681808,0.9527289335464718,0.9437570303712036,0.950863213811421,0.9436936936936937,0.9447427293064877,0.9444072337575352,0.9457642312864186,0.9412691269126913,0.9434850863422292,0.9413483146067416,0.9460062472110665,0.9446730681298583,0.9472755349658063,0.9452747252747252,0.9460067491563554,0.9455047137272936,0.9400757406994876,0.9446827726349063,0.9437115215479331,0.9438377535101404,0.9467455621301775,0.945226917057903,0.9532019704433498,0.9518970189701897,0.9482797903850535,0.9525969607620776,0.9494495618962031,0.9508898400540662,0.9492374231732301,0.9511030247896293,0.9606281292671826,0.9513254113345521,0.9548240635641316,0.9535249214189493,0.9492223238792314,0.957850133809099,0.949909338168631,0.95004500450045,0.954535223947783,0.9553953593151611,0.9513587577072391,0.9497927222478121,0.9463736263736263,0.9493087557603687,0.9572725260128404,0.949236298292902,0.9436967249887842,0.9506726457399103,0.9519874944171505,0.9513166629785351,0.9475663716814159,0.9509399358092618,0.9448183041722745,0.9496210432456531,0.9490489130434783,0.9503091872791519,0.9424538545059717,0.9455662862159789,0.9487695749440715,0.9410668530165386,0.9497777777777778,0.9441741950428538,0.9516876240900066,0.945124716553288,0.9464046449307727,0.9485981308411215,0.9430097951914514,0.9458656920968479,0.9485776805251641,0.9457634502287083,0.9450164293537787,0.9458591420050471,0.9499221010460717,0.9506172839506173
0.9445071057974284,0.9524348810872028,0.943927304964539,0.9440400363967243,0.9536974601033941,0.946711259754738,0.9509961071673918,0.9502498864152658,0.9533454710969503,0.9515192135835567,0.9552406657669815,0.9464703132304816,0.9503705367168201,0.9492510619271183,0.9532137179196003,0.9530902623388172,0.9482448244824483,0.9536186421689447,0.9506916555109326,0.9515027322404371,0.9506806516402588,0.9447077409162717,0.95,0.9464444444444444,0.9502465262214254,0.9459459459459459,0.9394471259324265,0.9445328483746306,0.9373865698729582,0.938700823421775,0.9420935412026726,0.9369369369369369,0.9377115775220041,0.9404869251577999,0.9368279569892473,0.9396108253187206,0.9350590372388737,0.9382412172745581,0.9422161794697484,0.9344632768361582,0.9328036322360953,0.9383021841927494,0.9365184693651847,0.938391845979615,0.9382577458464302,0.9422121896162529,0.942643391521197,0.9458605910218814,0.9452054794520548,0.9377848678213309,0.9544827586206897,0.9503904455672945,0.9518045281327057,0.9476888387824126,0.9482996323529411,0.9509648127128263,0.9459580169718624,0.9513888888888888,0.9540652273771245,0.9541263773330335,0.9589133363268971,0.9535610627372181,0.9478182636077372,0.9526891318902031,0.9496115427302997,0.9512692656391659,0.9515837104072398,0.950296397628819,0.9505794883008966,0.9452024647887324,0.9460562103354487,0.9490835030549898,0.9454055268478994,0.9455357142857143,0.9490142760027193,0.9422093798621916,0.9402951699463328,0.950144669485867,0.9444444444444444,0.9396494342134457,0.9376821340506613,0.937584497521406,0.9410297119528238,0.9417693169092946,0.9383131449080305,0.9382247992863515,0.9441315611624239,0.9392649036306588,0.9354166666666667,0.9438650987353007,0.9401963022141063,0.9329885315943333,0.9432048681541582,0.9432353601076957,0.9459639759839893,0.9434049434049434,0.9471507352941176,0.9430930595849141,0.9431691553376421,0.9458128078817734
0.9383854283786822,0.9399590629974983,0.9393333333333334,0.944206008583691,0.9466907612378586,0.9454082812861438,0.951131221719457,0.9450694904037061,0.9493077266636891,0.9504036908881199,0.9529516200621394,0.9491640307275192,0.9547936230618039,0.947841726618705,0.9487295825771325,0.9459034792368126,0.9448998178506375,0.9502121009153829,0.9499547101449275,0.9523389232127096,0.9433013260173754,0.9465020576131687,0.9388261851015801,0.94370637243864,0.939846223428313,0.9370904325032765,0.9358337098960687,0.9350263097689316,0.9372108393919365,0.9331872946330778,0.9328661844484629,0.9423859014911884,0.9355793307534714,0.9349775784753364,0.9319620253164557,0.9345794392523364,0.9291002916760153,0.927992799279928,0.9338512763596004,0.9338284942606347,0.9320695102685624,0.9313131313131313,0.9372610748819429,0.9364540931705111,0.9273132664437013,0.9362930077691454,0.9388072986203827,0.9395214887018166,0.9394689468946895,0.9381210478771455,0.9320062625810781,0.9399372478709099,0.9433401873429289,0.9434261145055443,0.9480142793395805,0.9538323621694308,0.9488968932913102,0.9487179487179487,0.9502169445078785,0.949920688873782,0.9441659070191432,0.9466696669666966,0.9533091568449683,0.9530411449016101,0.9495275409080434,0.9574031890660593,0.9480837789661319,0.9440214957456337,0.9479458450046685,0.9436268960833145,0.9486148346738159,0.9482990152193375,0.9414178253932072,0.9409273294694606,0.9363941769316909,0.9384164222873901,0.9399684044233807,0.9369121358109658,0.9378909740840036,0.9372636262513905,0.939769907511843,0.9386911595866819,0.9320323014804845,0.9277815391559467,0.92693345323741,0.9315968289920725,0.9363511029411765,0.9287508563598995,0.9308809746954076,0.9271987338910241,0.9362788632326821,0.9334096109839817,0.9330946520474379,0.9361462093862816,0.9360292437742747,0.9341235468429451,0.9341868823000898,0.9341573033707865,0.937741422403999,0.9420257162192646
0.9321995972253301,0.9341085271317829,0.9397563676633444,0.9361846571622539,0.9359267734553776,0.9424738517507958,0.9464127546501329,0.9380238200264667,0.9554856115107914,0.9500911577028259,0.9463026166097839,0.9455200360198109,0.9477006311992786,0.944142921754862,0.9412033859528712,0.9474742959320519,0.9452240832956089,0.9461091234347049,0.9415957691423316,0.936806342015855,0.9363758992805755,0.9391421513586347,0.9352389459580169,0.9372727272727273,0.9426681367144433,0.9389398344889287,0.9294250281848929,0.9272933182332956,0.9295045045045045,0.9341076613803887,0.9303840107792499,0.9223002633889377,0.928458942632171,0.9221650637441289,0.924613987284287,0.9261684353127116,0.9232526267702147,0.9224462663416796,0.9248322147651007,0.9190699754080036,0.9215340533392109,0.9216827030655628,0.9212920837124658,0.9277054333183655,0.9317375886524822,0.9245409762651142,0.9340483797352807,0.9323273891175126,0.9301014656144306,0.9384444444444444,0.9372846312887664,0.937979399517861,0.939504207414146,0.945879182573546,0.945999559180075,0.944858757062147,0.9397296698426767,0.9384090909090909,0.9475943076575559,0.9438660027161612,0.9459277540946825,0.9479674796747968,0.9431922723091076,0.9485193621867881,0.948364121967505,0.9450726978998385,0.9490997999555457,0.9383886255924171,0.9443557582668187,0.946176272706885,0.9321723189734189,0.9398629228388238,0.9401197604790419,0.930071492403932,0.9308786988931557,0.9368658399098083,0.9281491587085039,0.9312542681538811,0.9346597332127515,0.9309952174903211,0.9300524037366142,0.9259090909090909,0.922306322350846,0.9260928346101848,0.9228699551569507,0.9273348519362187,0.9271385750518791,0.9254589692545897,0.9178176795580111,0.9263343625937362,0.9237988826815643,0.9267787243840663,0.9233880026960234,0.9249222567747668,0.9255366726296959,0.9315037929495761,0.9277815391559467,0.9332019272886553,0.9299279633267845,0.9282796187017703
0.9293935369632581,0.9314247669773635,0.9335319734127894,0.9262523191094619,0.9338422391857506,0.9367463026166097,0.9401747703338561,0.9356009070294785,0.9400994575045208,0.9457225820862184,0.9433377600708278,0.9451808582341047,0.9393595275948217,0.949695465824498,0.9457116788321168,0.9374025395411004,0.9459821428571429,0.9437402712919725,0.9338283468006114,0.9371959310039806,0.9364397195204704,0.9378995433789954,0.9333482944344704,0.9288918797667115,0.9332446218673763,0.9224948406328823,0.9239526411657559,0.9261593876632148,0.9211461572634385,0.9241081572369916,0.9206457480673034,0.9185995623632385,0.9174061433447099,0.9147790984525679,0.910117334514058,0.9192100538599641,0.9123936537134973,0.9086582048957389,0.9124579124579124,0.9192055969307155,0.9129757400400623,0.9128864816068607,0.917385383567862,0.921124828532236,0.9193070435377251,0.9217527386541471,0.9219423644202406,0.9218964727439304,0.9285069914298602,0.9250280583613917,0.9267849022282856,0.9320848375451264,0.9385255373237809,0.9375,0.9334065934065934,0.9371859296482412,0.9392649036306588,0.940542966120709,0.94361750112765,0.9435955056179776,0.9405850091407678,0.9441063781834573,0.9471598414795245,0.9457982236392621,0.9433243727598566,0.9376947040498442,0.9400313269187738,0.936671239140375,0.9397235440743259,0.9402372262773723,0.9347629796839729,0.9358659217877094,0.9350794716812179,0.9301700984780662,0.93242029636282,0.9272768463978251,0.925718132854578,0.9224215246636771,0.9213709677419355,0.9174230684082355,0.9139280125195618,0.9200630488628687,0.9114064230343301,0.9174332510657393,0.9158878504672897,0.9216426193118757,0.9098305084745762,0.9066225165562913,0.9178798908098271,0.9145828723168843,0.9050878393794205,0.9107182814947415,0.9183073093460059,0.9120854157201272,0.9148603351955307,0.9208825495876978,0.9264475743348983,0.9220808216119669,0.9193367689894689,0.9301544660846206
0.9215860993539764,0.9171544349392166,0.9274518584863413,0.9269282814614344,0.923949299533022,0.9313255760894364,0.9349780954576896,0.9424949060448268,0.9359742054352833,0.9305103148751357,0.9390770629688565,0.9434742647058824,0.9463963963963964,0.9413731609451628,0.9323358642251005,0.9385374607447285,0.9417584888689003,0.9350269784172662,0.9284585872263598,0.9369349005424955,0.9306436990027198,0.9272606676984303,0.9258675078864353,0.922227335480902,0.9311916154021417,0.922291296625222,0.9164955509924709,0.9155405405405406,0.9148599819331527,0.905703771849126,0.907538146208153,0.9009878760664571,0.9113780598368088,0.9150426976133129,0.9011210762331838,0.9022757697456493,0.89672824393501,0.9003542958370239,0.9027039007092199,0.8975465697410268,0.9032899094722897,0.8983504235399019,0.9058535499666147,0.9167224826970306,0.9072907290729073,0.9143054595715273,0.9061096136567834,0.9127019748653501,0.9188886399282994,0.9173864894795127,0.9235267656320288,0.9287469287469288,0.9246871444823663,0.9287124369379249,0.9318655851680185,0.9370006847751655,0.9303214205439425,0.9383983572895277,0.9347530584503851,0.943952802359882,0.9322302810516773,0.9466878402903811,0.9404947626476488,0.9397453387903593,0.9410559854346836,0.9314469749252358,0.9341714285714285,0.937414030261348,0.9392585975882091,0.9327505043712172,0.9311650701715304,0.931683818699365,0.9274070854162139,0.9294308190652476,0.9171258540886048,0.9155696777122107,0.913216736772194,0.90503302209064,0.910657596371882,0.9050777676120768,0.901749663526245,0.8976147614761476,0.9083612040133779,0.9110619469026549,0.9022389714032365,0.9096657633242999,0.907476430607323,0.9001762891141472,0.9047195013357079,0.909678858162355,0.8998631386861314,0.9140993928491118,0.8988636363636363,0.9049004251510405,0.9107263323588937,0.9198302813756141,0.9148082069580732,0.9149519890260631,0.9270414993306559,0.916256157635468
0.9103837471783296,0.9165329052969502,0.9173120728929385,0.9155696777122107,0.922739244951712,0.9212373848179026,0.9225688909132316,0.9305080884028253,0.9353033355719722,0.9308999081726355,0.9339305711086227,0.9343896451684892,0.9393263439660942,0.9320409982174688,0.9291995490417136,0.9360206233887978,0.9305427782888684,0.9397346525747695,0.9298206774407792,0.9228031145717464,0.9254000450755014,0.9209291936564664,0.9231805929919138,0.9214636323070058,0.9236234458259325,0.9089104543449493,0.9063136456211812,0.9033508092090267,0.8974881194840462,0.8983636782668818,0.8928729526339088,0.89792663476874,0.8863216266173752,0.8894337940258582,0.8935447338618346,0.8911325724319579,0.8808933002481389,0.8921524663677131,0.8925066904549509,0.8858610676792495,0.8906565090746135,0.8910256410256411,0.8998452354631882,0.9025676295277396,0.8928976628091673,0.9028367210185392,0.8940291704649043,0.9036969420356001,0.9082321187584346,0.9027809179290075,0.9135446685878963,0.9146122814881219,0.9184413230629814,0.915700267618198,0.9247460757156049,0.9275925079945181,0.9302705223880597,0.9310112359550562,0.93234100135318,0.9301428895441143,0.9289605083976396,0.9358574610244988,0.9352226720647774,0.9314942528735632,0.936046511627907,0.931018833673701,0.9260888693356797,0.9351436265709157,0.9279300023025558,0.9242590559824369,0.9245538739552744,0.92201938246563,0.9141391614629795,0.9124287343215507,0.9171122994652406,0.9058690744920993,0.9088215181217233,0.9089695081237481,0.9065860215053764,0.9033431885376393,0.9049327354260089,0.898868778280543,0.8993571270228331,0.8953279424977538,0.8956007879185818,0.8952533089913282,0.8894516626293768,0.8791431792559188,0.8831953457149251,0.8909791477787852,0.8965899025686448,0.8977426636568848,0.8899405679066696,0.895737855178735,0.8961883408071749,0.9019947961838681,0.900611620795107,0.9126410835214447,0.9081129538323621,0.9119612814012446
0.9052396878483835,0.911441647597254,0.9025143361270401,0.9134550371872887,0.9183212996389891,0.9184128399465002,0.9256455921638468,0.9202687569988802,0.9287300177619894,0.9290843806104129,0.9277135231316725,0.9272727272727272,0.9297175141242938,0.9312061552387418,0.9289785181937746,0.9256876663708962,0.9227333631085306,0.9289164941338854,0.9226176808266361,0.9228775113415425,0.9196966317198305,0.915296237891417,0.9127457477358074,0.9140446876424989,0.9035068125977217,0.898027790228597,0.8943345323741008,0.8929608938547486,0.8887896382313533,0.8917525773195877,0.8801182893539582,0.8835016835016835,0.8826195331973714,0.8730231492092597,0.88268156424581,0.870872908186341,0.8802367941712204,0.8769709082833667,0.8710684809279501,0.8784604996623903,0.8774236683753064,0.8725792253521126,0.8781978718587277,0.8801156583629893,0.8879140162316297,0.896551724137931,0.8891357476116418,0.8951594914120009,0.8934608540925267,0.9030876718503493,0.9041409288492336,0.9073226544622426,0.910042306835894,0.9182122905027933,0.917169010939942,0.9244981751824818,0.9231815091774304,0.9261261261261261,0.9268941072219761,0.9308879445314248,0.9363028953229399,0.9319742964768447,0.9257514580529386,0.9297273331855465,0.9343707713125846,0.9202898550724637,0.9278235687235464,0.9251071509136025,0.9192475338380363,0.9226678484378462,0.9172620419451486,0.9189373297002725,0.9105762861558843,0.9106699751861043,0.8916164891153312,0.8989095865515675,0.8938215102974828,0.8917952157388777,0.8877596111356606,0.8879982186595413,0.8801385681293302,0.8732739420935413,0.8709897610921502,0.8779364348226624,0.8694675353853066,0.8812611806797853,0.8764615045223914,0.8731609451627285,0.8816964285714286,0.8764652840396754,0.8723788049605411,0.8805130513051305,0.8768815996405303,0.8815850815850815,0.8963331824354912,0.8927523142921653,0.8988913525498892,0.8971147394318945,0.9007220216606499,0.9008766014834795
0.8888388838883888,0.9003285870755751,0.9025500910746812,0.8970454545454546,0.9049605934167826,0.9109558160504959,0.9125905797101449,0.9212789415656009,0.9252717391304348,0.9282350302758466,0.91784140969163,0.9321125502456454,0.9287514318442154,0.9274281955711466,0.923024677382839,0.9206529131716165,0.9128205128205128,0.9232645819472167,0.922722283205269,0.9149077982670518,0.9121423744086506,0.9079810083653629,0.9010914051841746,0.8965974370304906,0.898573339277753,0.896427769040665,0.8817898486197685,0.8776512614422862,0.8919463087248322,0.8751985477649195,0.8727355072463768,0.8760607414024117,0.8668918918918919,0.8699042102918244,0.8699779249448124,0.8614334470989761,0.8669111302847282,0.8612781117791137,0.8631085305940152,0.8539581437670609,0.8587294535761884,0.8626648476580264,0.8697642481116961,0.8739810530953954,0.8754022988505747,0.8728606356968215,0.8776619845944721,0.8866918462563874,0.8872264403751675,0.8892624971979377,0.89502885042166,0.9053189141469874,0.9082179544439482,0.9075497287522604,0.9038896426956129,0.9162663006177076,0.9230945821854912,0.9169054441260746,0.9266116439884007,0.9152854511970534,0.9238521836506159,0.9281300068665599,0.9273693534100974,0.9272685818513452,0.9285876218544548,0.9218432346961826,0.9162292213473315,0.916030534351145,0.913561190738699,0.9094650205761317,0.9166666666666666,0.9109712230215827,0.8976025095227426,0.8929215509467989,0.8904719501335708,0.8937934125028008,0.8815992931301082,0.8761301989150091,0.8838942850688954,0.8742081447963801,0.8810053380782918,0.8723733687237337,0.8628884826325411,0.8607829511234654,0.8691609977324263,0.865705788149165,0.8574933095450491,0.8578486413653716,0.8609906414060716,0.8590031432420296,0.8744003488879197,0.8749145591250854,0.8734406894987525,0.8669984166478172,0.8738370773769004,0.8784492588369441,0.8857711003093239,0.8902023187087974,0.8825273722627737,0.8895970862736171
0.8813789975051032,0.8845721985178532,0.8913239945774966,0.9090501792114696,0.8969234224118572,0.8954586330935251,0.9108236895847516,0.916069829901522,0.9107142857142857,0.915881708652793,0.9208314904909333,0.9202370100273473,0.9189308592887122,0.9215201259275916,0.9191942579300764,0.9178985672049125,0.9161232291432426,0.9199554069119287,0.9161676646706587,0.9117178612059158,0.9030680302356603,0.904783292162587,0.8899661781285231,0.8929539295392954,0.8942908117752008,0.8864346273984828,0.8756906077348067,0.8715953307392996,0.8727939491175797,0.8710456942003515,0.8568931614594713,0.8564971751412429,0.8460508701472557,0.8472316384180791,0.8573388203017832,0.8495841035120147,0.8432885166409522,0.8458029197080292,0.8513698630136987,0.8468630537440971,0.841044941332743,0.8469957560866652,0.8592899150511871,0.8528488111260655,0.866772223478851,0.8659493387132929,0.8679683867968386,0.8803956834532374,0.8806414662084765,0.8781634938409855,0.8783116299955096,0.8914626075446724,0.8923212709620476,0.9022060495792585,0.9026666666666666,0.9118765376873182,0.9081142857142858,0.9137700534759359,0.9274835189815868,0.9145491342478075,0.9189794091316025,0.9249256122682536,0.92018779342723,0.9243362831858407,0.9205638845379279,0.9199372056514914,0.9138369138369138,0.918353576248313,0.9118834080717488,0.9024994370637244,0.9118049225159526,0.8967798853109836,0.8955590270029011,0.896709323583181,0.8877459749552773,0.8784878487848785,0.8709095012412548,0.8729656419529838,0.8617189262350553,0.8678739101274312,0.8529279279279279,0.8510541827250057,0.8491439148542341,0.854480125757916,0.8555150410209663,0.8410535876475931,0.8506375227686703,0.8479283314669653,0.851078167115903,0.8474350433044637,0.853225443919982,0.8553487328997533,0.8535762483130904,0.8524332810047096,0.8613686534216336,0.8571118820468343,0.870806890299184,0.8785681921159946,0.8728870858688302,0.8847708894878706
0.8810063463281959,0.8814317673378076,0.887964989059081,0.8921328281702696,0.8910800275166246,0.8956521739130435,0.9014304872597229,0.9086707746478874,0.9095174262734584,0.9238285587386187,0.9131983084798575,0.9202103337905807,0.9277054333183655,0.9188216775354171,0.9156214367160775,0.916647842782923,0.919365646638374,0.9027840143691064,0.9026208766380479,0.8951559389515594,0.8840842200588634,0.8899456521739131,0.895625138796358,0.8838315217391305,0.8894187102633969,0.8739458499778073,0.8652952886529529,0.8547689506032324,0.8478064224332881,0.845596558750283,0.8412123953856594,0.8434526506570005,0.8441500112283854,0.8230734154126766,0.8366930917327293,0.8403567447045708,0.8233532934131736,0.8343263061411549,0.8336380255941499,0.8263920325939339,0.8300960035722259,0.8328061455038409,0.8413207979821142,0.846429370942467,0.8491632745364088,0.8495433789954338,0.8528683914510686,0.8570814528261337,0.8645336963921034,0.8774354327140915,0.8735452103849597,0.8722506109753388,0.8851215703769797,0.8877714285714285,0.8990169794459338,0.8963263466306063,0.8997987027510624,0.9083203212134732,0.9097659765976598,0.9115452151009658,0.9057301293900185,0.9224508252317432,0.9187725631768953,0.9107456140350877,0.9175395587252062,0.9105014616595457,0.9109900090826522,0.9106783075889859,0.9005412719891746,0.9013351436976692,0.9014699127239321,0.8953304759756373,0.8792335115864528,0.8840877914951989,0.8684270430229911,0.8740157480314961,0.8671390611160319,0.8570462232243518,0.8489208633093526,0.8487190812720848,0.8454876937101186,0.8309273840769904,0.836310196699073,0.8311541929666366,0.8411045722046174,0.818691169878978,0.8425636444841447,0.8332586284177499,0.8270792187842879,0.8237000669493416,0.8386225523295071,0.8356603341725796,0.8460671624971828,0.8362652232746955,0.846514745308311,0.8472537448933273,0.8565900295925336,0.8686114880144731,0.8593224141799417,0.8827772768259693
0.8652115211521152,0.8616435338180216,0.8813896879840672,0.8734553775743708,0.8878059836808704,0.8864493235750721,0.8986133212093658,0.9004614370468029,0.901010101010101,0.911429210467457,0.9054384017758047,0.9108710330857529,0.9138650845967919,0.909070796460177,0.9048486228090143,0.9089887640449438,0.9070284697508897,0.9018229738633867,0.9081494822152184,0.894345573327326,0.8831139861699755,0.8759829251853516,0.8769723302080952,0.874749721913237,0.8704627949183303,0.851145038167939,0.8550011188185276,0.8438404989975495,0.8352594606843418,0.8432530667878237,0.828185769846717,0.8280125899280576,0.8212189616252822,0.817440543601359,0.8194790486976218,0.8142248148979134,0.8149988705669754,0.8193606080930025,0.814099685675797,0.8153396311291048,0.8122476446837147,0.8240782885753299,0.8247211472797633,0.8295687885010267,0.8296579657965797,0.8308109329116783,0.8382785956964892,0.8553832116788321,0.8492451154529307,0.8629885057471265,0.8676171079429735,0.8604858480053488,0.8813259668508288,0.8790739492020678,0.8766160127012929,0.8817422703678628,0.8992454505104306,0.9080407701019253,0.9097588978185993,0.9009634774815147,0.9137892123674114,0.9225634178905207,0.9091117216117216,0.9134328358208955,0.9071133347835545,0.9091514882274545,0.8988161715434443,0.9070363466915191,0.8956875141115376,0.8922938260477693,0.8877714285714285,0.8675406871609403,0.8724114896459586,0.8666515734661535,0.8665338645418327,0.8570477247502775,0.8494096680775228,0.8417977528089887,0.8465085638998683,0.8389092575618698,0.8296515600091096,0.8216983291371023,0.8146718146718147,0.8204054649625385,0.8155902004454343,0.8253610108303249,0.8132743362831858,0.797737556561086,0.8046342571558383,0.8236376178431823,0.8159981871742579,0.8286966046002191,0.8290387631637912,0.8282760170824904,0.8355585224744103,0.841733181299886,0.8403973509933775,0.8488501897745032,0.8575647432985006,0.8663321167883211
0.856730342070191,0.8573043871551335,0.8630965718126821,0.8688040018190086,0.8717381689517912,0.8833070511376436,0.885817852288174,0.8885850991114149,0.8900798175598632,0.8963604083444296,0.9034971226206286,0.9091115655532833,0.8995910949568378,0.9001790510295434,0.8968771062682543,0.8997076680908478,0.8986764034687358,0.8926940639269406,0.8847821127081907,0.8777011494252873,0.878561736770692,0.8803185437997725,0.8618570778334091,0.8652212784979884,0.8581639490730399,0.8387317518248175,0.8436597823673107,0.832787600960489,0.8277034686012242,0.8171801214301776,0.8142196786264583,0.8239819004524886,0.8083276759447839,0.7975188303057156,0.777319587628866,0.7969134421829568,0.7935853379152348,0.7882091212458286,0.7950947603121516,0.7857621066726177,0.7954907765884764,0.7976644958454974,0.8110588762032684,0.8051212327215046,0.8176600441501104,0.8219304307763188,0.8241057188425609,0.8288590604026845,0.8406940063091483,0.8411068957821914,0.8476641841570751,0.8572365544381285,0.8659839715048976,0.8712608021271881,0.8726361357940305,0.8853387718105598,0.8842297174111212,0.8916178458765209,0.9072892938496583,0.8977716517344361,0.9022333637192342,0.9028662420382165,0.9080773606370875,0.904226618705036,0.8955223880597015,0.8990514905149052,0.8919041157847128,0.8864,0.893312101910828,0.8845898739774486,0.8765515684946965,0.8686227282680097,0.865617157198266,0.8597305058537663,0.8579247434435576,0.8462046204620463,0.84,0.8348294434470377,0.8251111111111111,0.8274938629770141,0.8109687570240504,0.8096187943262412,0.8076156741199911,0.812667860340197,0.7887544802867383,0.799862605907946,0.7950617283950617,0.7975790181573639,0.7921146953405018,0.7976271959844855,0.7896034057808649,0.8035912214586566,0.8041704442429737,0.8077782744747429,0.8179151624548736,0.8276173285198556,0.8318325078793336,0.8319327731092437,0.8456100342075257,0.8614609571788413
0.8259809354910219,0.8427659105923805,0.8486450760079313,0.8564389697648376,0.8662405843414746,0.8753979081400637,0.8833603332561907,0.883404065222247,0.8822471910112359,0.894298245614035,0.8926829268292683,0.8987670343932511,0.8979818141494789,0.8914158305462653,0.8948430493273543,0.8878270762229806,0.8954680027328626,0.8843687817820031,0.8733714285714286,0.8750280962013935,0.8767400089806915,0.867324069923801,0.84505444646098,0.8496672022033509,0.8468592388812471,0.837948252383114,0.8283798882681565,0.819928507596068,0.8198912550974173,0.8040223463687151,0.8045977011494253,0.7933529278770065,0.7865477007549759,0.7838202247191012,0.7785681505277651,0.7766361402725039,0.7718059667501708,0.7800227014755959,0.7787185354691075,0.7783540022547915,0.7904191616766467,0.791704857928506,0.7920993227990971,0.7971014492753623,0.8017241379310345,0.7984340044742729,0.8093959731543624,0.8185319438151336,0.8289118705035972,0.8247491638795986,0.8473180503004674,0.8493921656911301,0.8550185873605948,0.8630733944954129,0.8707437275985663,0.8732673267326733,0.8817612874385338,0.8859410430839002,0.8864913463699707,0.8923556942277691,0.8991709612368363,0.8994839578191609,0.8974828375286041,0.8990805113254093,0.8981711447279296,0.8881071266454834,0.885183527305282,0.8861374681786623,0.8826631509558339,0.8816227000665041,0.8642088390199222,0.8523489932885906,0.8655010087424344,0.8513392857142857,0.8389773491814309,0.8307623518891124,0.8232231779085559,0.8107439874129018,0.8099527133528485,0.7999076852065543,0.7949583614674769,0.7858093126385809,0.7895095367847411,0.7859539252963543,0.7805209513023783,0.7696185883384481,0.7756756756756756,0.7724988579259936,0.7814330779630464,0.7848614552827213,0.7847238008638326,0.7824927793823595,0.7828903283448738,0.7984389348025712,0.7950226244343891,0.7945052490507036,0.8130610412926391,0.8200227531285552,0.8321864594894561,0.8389364974730829
0.8255500673551863,0.8340154615734425,0.8379850238257318,0.8481812241341755,0.8533034714445689,0.8724279835390947,0.8708815672306323,0.8744333635539437,0.8818081587651598,0.8883561643835617,0.8828808099401749,0.891662849289968,0.8852122318575992,0.8969792605951308,0.8930517711171662,0.8875502008032129,0.8880597014925373,0.8806104129263914,0.8680714612918002,0.8604810996563574,0.8682485875706215,0.8567839195979899,0.8514541387024609,0.8491900524754734,0.8215983699343445,0.8154325105625972,0.8102436823104693,0.7977124915900426,0.7999556933983164,0.7842958228714906,0.7826280623608017,0.7882570503929727,0.7670800450958286,0.7670987930263746,0.7698324022346369,0.7636241309710697,0.7617411225658648,0.7527192008879023,0.7621535665606542,0.767578125,0.7598662207357859,0.768881194546635,0.7555899933584237,0.7685894547093285,0.7767441860465116,0.7808558558558558,0.801565995525727,0.7971995332555426,0.8080579447713898,0.8218686981850774,0.8300021963540523,0.8414381193823461,0.848805768364128,0.8459613196814562,0.8649510362104305,0.872273442770407,0.8748868778280543,0.8833898305084745,0.883969118982743,0.8862486248624862,0.8873926166705364,0.8916458001365809,0.8953224341507721,0.8888888888888888,0.892649036306589,0.8846672661870504,0.8883761810591079,0.8739062149427866,0.8857845328565043,0.870463941203491,0.8575851393188855,0.8491212052042912,0.834762979683973,0.8439540643999099,0.8181611288120164,0.8205359153343842,0.7997323818019625,0.8110798528457044,0.7918804372072273,0.7835497835497836,0.7823834196891192,0.7686752426088919,0.7639107907186303,0.7577846975088968,0.7579750346740638,0.7683067683067684,0.7616345062429057,0.7467700258397932,0.7507398133394036,0.7565716810249613,0.7647978557069466,0.7682871422080872,0.7806800270209412,0.7827065976131502,0.7926194249490605,0.7912502775927159,0.7999533690837025,0.813570784490532,0.8116294494804334,0.8171111111111111
0.8229806598407281,0.8275941761035359,0.8250802384227418,0.829777677969908,0.8467760053920468,0.8594853108631292,0.8634411033235361,0.8723356009070294,0.8759929390997352,0.8774477447744774,0.8815933464653097,0.8862839614373357,0.8923920493488691,0.8751974723538705,0.8810846854856634,0.8765569395017794,0.8742972790645379,0.8706169551708832,0.8655195834276659,0.8582606751620836,0.8529346622369878,0.8479584931197834,0.8256759727412618,0.8260675162083613,0.8097014925373134,0.8028106178898059,0.8117620850969035,0.7905558065973791,0.781854569713142,0.7792499438580732,0.767568796906982,0.7544213118423998,0.7489304210763341,0.7404805077062556,0.7438073394495412,0.7509674482130663,0.7203770197486535,0.7254070934641981,0.7405848471422242,0.7266187050359713,0.7354664263181613,0.7582467239042024,0.75,0.7521425349571493,0.7625418060200669,0.7649621646411373,0.782579185520362,0.7751086707847175,0.7926965041193498,0.8136128014424161,0.8053631284916201,0.8312159709618875,0.8377900552486188,0.8409193330328977,0.8549977588525325,0.8553386911595867,0.8591740013540962,0.8662656177695511,0.8819959541469993,0.8793765529704088,0.8870144284128746,0.887589928057554,0.8743279569892473,0.8870431893687708,0.8914118705035972,0.874943155979991,0.8753668999774216,0.8662463409142085,0.8718179770218518,0.8561151079136691,0.8482758620689655,0.8342627704662057,0.833809628489778,0.8180607943199467,0.8141670310450372,0.8052619743647402,0.7918248827339737,0.7908584169453735,0.7731564748201439,0.7637063887630268,0.7720836142953472,0.7461928934010152,0.7567201264964988,0.7377598926894702,0.7421892560125871,0.7525510204081632,0.7282199068942585,0.7443794964028777,0.729355716878403,0.7461871158661507,0.7376646572895735,0.7461917562724014,0.7491741907068927,0.7612208258527827,0.7614121879919047,0.7728713768115942,0.774716729615641,0.7939721097615835,0.7962710322874034,0.8128366247755835
0.7949463327370304,0.8029959146618247,0.8228749443702714,0.8332579185520362,0.8324200913242009,0.8469639256105759,0.8397188846066651,0.8614039022202288,0.8704627949183303,0.8724326791419443,0.8746575342465753,0.8837519448766392,0.8747208575256811,0.8756152125279643,0.8768472906403941,0.876629213483146,0.8663126298776264,0.8567335243553008,0.8625613565372602,0.8474916387959867,0.8373836020894845,0.8420231729055259,0.8293828264758497,0.8249886208466091,0.8092991913746631,0.7918943533697632,0.7855215827338129,0.7777529595711414,0.7572684246112238,0.7541392606033114,0.7529648690982322,0.7411480096767099,0.7376425855513308,0.733032694475761,0.723404255319149,0.719042189281642,0.7245657568238213,0.712291142137789,0.7225095570047223,0.7152808988764044,0.7092279579716766,0.7383283989979503,0.7234320557491289,0.7370770676691729,0.74960344436891,0.7552320291173794,0.7608261159227182,0.7707006369426752,0.7738773649418738,0.7942173029139372,0.8040133779264214,0.8227252353204841,0.8246913580246914,0.8322756119673618,0.8425823568428035,0.8468878768163088,0.8566971250278582,0.8597685500340367,0.8612960497114958,0.8748008194855452,0.8733031674208145,0.8691780821917808,0.8691159586681975,0.8718350885054896,0.8770690796733613,0.8765571913929785,0.8662463409142085,0.8556724099351085,0.854228066198141,0.8544726301735648,0.8353477765108324,0.8235811702595689,0.8126268320180383,0.8066458519179304,0.8004018754186202,0.7917620137299771,0.7811938958707361,0.7630928298494044,0.760164458656921,0.742704388505235,0.7495462794918331,0.7187639946260636,0.7363473589973142,0.7212389380530974,0.7248618784530386,0.7134255129348795,0.7174721189591078,0.71316578279917,0.7109865470852018,0.7206593406593407,0.733256351039261,0.7383512544802867,0.7343072357909153,0.7398503061918802,0.7498879426266248,0.7534619750283769,0.765868658027674,0.7713504896378957,0.793625678119349,0.8014075214427094
0.7853891670459717,0.8026433691756273,0.7991949910554562,0.8203711886875829,0.8188712915458398,0.8337413754729579,0.8360470375395749,0.8570459172133001,0.8567218317841759,0.8629395852119026,0.8592559390407889,0.8667560921082048,0.8674781809830041,0.8704859563085153,0.865864729913754,0.8655612816491149,0.8564322857788831,0.8609625668449198,0.8502123854236531,0.8465631929046563,0.8337789661319073,0.8229403732362313,0.8067491563554555,0.8116985376827897,0.797641073080481,0.7860454334724154,0.7800279329608939,0.7551810521521294,0.7497189116258152,0.7489117983963345,0.7300362976406534,0.7142857142857143,0.7051137643613427,0.7127683615819209,0.7092541436464088,0.690990990990991,0.7001347708894878,0.6976692066337965,0.6869775626924769,0.6940516273849607,0.7027796016633837,0.7024104528046857,0.7075283144570287,0.7095227220826673,0.7279080252479712,0.7472085752568111,0.741942805265547,0.7497181510710259,0.7568166703613389,0.7774343122102009,0.7839297771775827,0.8050866531622778,0.8060794319946749,0.8294503505994119,0.8306131451257168,0.8435157846922553,0.8517110266159695,0.8588369441277081,0.8676908965833524,0.8715006883891694,0.8738191632928475,0.8683136899365367,0.8727394507702613,0.8660071942446043,0.8654984069185253,0.8557114228456913,0.8555680539932509,0.8503954802259887,0.8489241223103058,0.8391971132160577,0.8235960144927537,0.8108477666362808,0.8109508787742227,0.7985347985347986,0.7866726296958855,0.7733869167224827,0.7643326535236801,0.7417861080485115,0.7374525987062235,0.7321031569586482,0.7219445706497046,0.7151501568803227,0.7051031487513573,0.7063403781979978,0.6980374665477252,0.7007891770011274,0.7042505592841163,0.6980418335558523,0.6987681970884658,0.6994932804582508,0.713903743315508,0.7124139462580502,0.7146714671467147,0.7322675073181716,0.7220454545454545,0.7389922832501135,0.7611391823610473,0.7598582188746124,0.7798882681564245,0.7798654604500116
0.7586359610274579,0.7806509139545252,0.7949004696935809,0.8027256478999106,0.8102552518635645,0.8213315217391305,0.8390933572710951,0.8359692724807953,0.8530201342281879,0.8515486725663717,0.8591644204851752,0.8613995485327314,0.8632129061576914,0.8664688427299704,0.8568511796733213,0.8596167166936043,0.8503633060853769,0.853904282115869,0.837419924895074,0.8259521700620017,0.8125147024229593,0.8190286094477711,0.797681291202546,0.7844089752486699,0.7705977382875606,0.7569183086119106,0.7547763542369071,0.7361758827448368,0.7243303571428571,0.7269230769230769,0.7025130178854426,0.6995423340961099,0.7011651816312543,0.6841865756541524,0.6950067476383266,0.6700773078672124,0.6725605762933857,0.6845076784101174,0.6655614500442086,0.6759156492785794,0.6760689500783523,0.689363595905652,0.6964364276286845,0.7055518093953698,0.6973387460532251,0.7207674943566591,0.727434415295687,0.748547161376844,0.7369651624970774,0.7659913498748008,0.787166019639187,0.7910147518998659,0.806390977443609,0.8142857142857143,0.8229376257545271,0.8290816326530612,0.8340071877807727,0.8360142984807865,0.8529342446382276,0.8562211981566821,0.8617542297417632,0.8655387355298308,0.8640886476707372,0.8543220710838086,0.8675736961451247,0.8565353625783348,0.8530071813285458,0.8426542387927208,0.8447888589398024,0.8264406779661017,0.8164218958611482,0.8039657503379901,0.793633125556545,0.7906409403415391,0.7709522722082667,0.7444140446876425,0.752501667778519,0.7280182232346242,0.7221969006381039,0.7049808429118773,0.7098572702943801,0.6939461883408071,0.6853380941754073,0.6923601637107776,0.6773901223380154,0.6835443037974683,0.669007702763933,0.674159804139773,0.6790517437884659,0.6625366073439964,0.6895314951804528,0.6978499542543458,0.69460259621954,0.7145131938125568,0.7079006772009029,0.713719445056155,0.7267699115044248,0.7404371584699454,0.7720753025549081,0.7637599093997735
0.7591358308434842,0.7644710578842315,0.7800710164225477,0.8028423189713513,0.8010125467752587,0.8144401011726834,0.8267370272647317,0.837564592226466,0.8484441459592568,0.8617720371629277,0.8542410714285714,0.850529709811147,0.8517786561264822,0.8526479060491913,0.858991521642124,0.8604599240901987,0.8531791907514451,0.8543625628690138,0.827378293881197,0.8257439134355276,0.7992524186455585,0.7999542752629173,0.7984670874661858,0.7710407239819005,0.762247191011236,0.7492724423550481,0.7409350057012543,0.718117754035008,0.7166855845629966,0.6935005701254275,0.6844968268359021,0.6906605922551253,0.687805963506898,0.6781483106625713,0.6497349823321554,0.6496743768246126,0.6520852221214869,0.6475061507492731,0.6584800741427247,0.651511758118701,0.6693492756955622,0.6599410564497846,0.6645739910313901,0.6723497267759563,0.6735066119471044,0.6849162011173184,0.7158990256864481,0.7230255839822024,0.7331807780320366,0.743021710234825,0.7620842572062084,0.776230269266481,0.7969723953695459,0.8085570836061995,0.8221970554926388,0.821917808219178,0.8369272237196765,0.8348214285714286,0.8432468694096601,0.8537028623353021,0.8588235294117647,0.853893866299104,0.8637485970819304,0.8566606660666066,0.8516496018202503,0.8499887209564629,0.8442806076854334,0.8402920374172941,0.8251141552511415,0.8178072785534447,0.8058917561087006,0.7994555353901996,0.7794280647306584,0.7682432432432432,0.7607580824972129,0.7393686979395002,0.7283813747228381,0.7085855189419412,0.6938096294652762,0.7000447027268664,0.6907454419570737,0.6676404494382022,0.6728590847304032,0.6540358744394619,0.6593357271095153,0.6572677595628416,0.659023159825728,0.6635596981802042,0.6668174621126441,0.652377762893503,0.6683224204109279,0.6688326237956531,0.6699662542182228,0.6791479820627803,0.689484350371538,0.699288256227758,0.7073983559209065,0.7312093336324882,0.7392086330935251,0.7587583148558759
0.7383050847457627,0.7696335078534031,0.7707678491243826,0.7838452787258248,0.7903079710144928,0.8111213235294118,0.8209724400627381,0.8211770052260849,0.8402419896930315,0.831008100810081,0.8369905956112853,0.8481407258962369,0.847753927860146,0.8455555555555555,0.8483047115808015,0.8424547744446989,0.839605734767025,0.8300683371298405,0.8391038696537678,0.8145710394916024,0.8051680768351246,0.7864361104873119,0.7739385727190605,0.7612378585949853,0.7548298068077277,0.7306727480045611,0.7250867052023121,0.7020894181082903,0.6981469077919178,0.6812812358019082,0.6768920734437975,0.6525326610130644,0.6598984771573604,0.6538892624971979,0.6387596899224807,0.6320054017555705,0.631373449701424,0.6175663311985361,0.6351012975187799,0.6272664677530411,0.6272603978300181,0.6436936936936937,0.6488584474885845,0.6656851642129106,0.6715641952983725,0.6809225257501119,0.6828163912157573,0.7146346879857872,0.7271310928110394,0.7373014097113448,0.7420957542908763,0.7567937885361955,0.7745743473325766,0.7853746887027394,0.7908525754884547,0.8193763919821826,0.8247074707470747,0.8353422788264726,0.8346636259977195,0.8375484164957849,0.8424900310146212,0.8429050279329608,0.8537725350545292,0.8498976574937457,0.8451526032315978,0.8418254319893664,0.8416269029765963,0.8236331569664903,0.8278782330052643,0.7958907202528788,0.7805486284289277,0.7865397688647179,0.7729936880072137,0.7580319029431588,0.737779808131567,0.7297781761147211,0.7100753941055518,0.7096774193548387,0.693145710394916,0.6672748004561003,0.6590959206174201,0.6558758314855876,0.6527567567567567,0.6512447675699493,0.6347533632286996,0.625629290617849,0.6305130513051305,0.6231948455898689,0.6314031180400891,0.6329085116067364,0.6478241363840287,0.6477697209404526,0.6438572719060524,0.6633529145955717,0.6700587969244686,0.6706681766704417,0.7,0.7203584558823529,0.7254513430206957,0.7561419472247498
0.7215615885124523,0.7379140555058191,0.756152125279642,0.761268403171008,0.7934065934065934,0.802781577747378,0.8062613430127041,0.8138518177634606,0.8299412030755314,0.8225622288193651,0.8423743886171632,0.8424750679963735,0.8407322654462243,0.8389962247390629,0.8394641235240691,0.8272239606616003,0.8196758217019361,0.8111888111888111,0.8215001112842198,0.8077188146106133,0.7959183673469388,0.7885393258426966,0.7590857142857143,0.7316909294512878,0.7360861759425493,0.7158013544018059,0.7061970575122604,0.6958259325044405,0.6804008908685969,0.6712787324257978,0.6507616487455197,0.6403143781784558,0.6380563124432335,0.6236925875397908,0.6164476665156321,0.6232402234636871,0.6121902210314802,0.6067140951534015,0.6025229357798165,0.6111739425469351,0.6124187401927819,0.6307935790187655,0.6238180999549753,0.6389198839544744,0.6476212155702253,0.6622797233995092,0.6754952147785444,0.6980874316939891,0.7022252810277586,0.7184689877795711,0.7389681668496159,0.7460664335664335,0.7567445023804126,0.7935935032709226,0.788516958545777,0.803095834281812,0.8096412556053811,0.8132761345676225,0.8171641791044776,0.8360841058105358,0.8404514273069263,0.8454258675078864,0.8425570363677434,0.8431946006749156,0.8474729241877257,0.8263324299909666,0.8243688254665203,0.8190411883862255,0.7989347536617842,0.799691153761306,0.7911131470453504,0.775946547884187,0.759208103130755,0.746031746031746,0.7221231043710973,0.7117794486215538,0.6998179335457442,0.6943699731903485,0.6689482089892768,0.6551724137931034,0.64816472694718,0.6469925658932192,0.6228265715559519,0.6386271870794078,0.6277290119288769,0.6264634415727856,0.6006607929515418,0.6178594878529219,0.6151218401275336,0.6105617977528089,0.6093992462868544,0.6198791134989926,0.6353591160220995,0.6551644812514378,0.6593258426966292,0.6619718309859155,0.6785953925296354,0.7027337468412589,0.707681849082257,0.7173375309197212
0.7189647274393037,0.7266298342541436,0.7351893095768374,0.7652645861601085,0.7758039127501687,0.7767452402538532,0.7925,0.806350626118068,0.8237547892720306,0.823569175304191,0.821113074204947,0.8351419995382129,0.8323008849557522,0.8193361550456671,0.8312217194570136,0.838695362769026,0.8154195011337868,0.8147980027235587,0.7970786516853933,0.8010249554367201,0.776365663322185,0.7683037744429286,0.7436013590033975,0.7394270122783083,0.716857978843124,0.7159296028880866,0.6944,0.683940138485593,0.6653802497162316,0.6405405405405405,0.6321032374915101,0.6191531811128352,0.6229688186209925,0.599160777385159,0.587437867148667,0.582537517053206,0.5809675221439927,0.5995386389850058,0.5855379188712522,0.5878936788027697,0.59505444646098,0.6059158134243459,0.5973077800593201,0.6235078053259872,0.6302855877794997,0.646713349898351,0.6471647164716472,0.6757126567844925,0.6744827586206896,0.6973772696704774,0.7102401449932034,0.7483623221142987,0.7574069948763644,0.77491961414791,0.7761904761904762,0.7957683741648107,0.7951807228915663,0.805215065745487,0.8176298628288734,0.8374055975122168,0.8332206445796709,0.8311512415349888,0.8262050237610319,0.8340591336236535,0.8438818565400844,0.8271383788625168,0.8143337066069429,0.8062386156648452,0.7944531424737196,0.7921373700858563,0.7640171132627787,0.7654797006123838,0.746295874173695,0.7338308457711443,0.7074921489457155,0.6980877390326209,0.677752808988764,0.6863543788187373,0.6622972672739391,0.6298109010011124,0.6415315950199671,0.6141069397042094,0.6192090395480226,0.5955385308697612,0.5812740875085015,0.5945340501792115,0.5858930602957907,0.5799554565701559,0.5908591518347616,0.5886358300070439,0.599954924498535,0.6052572455627949,0.5979775280898877,0.63334827431645,0.6273542600896861,0.6556128164911494,0.6650695870408396,0.6726699684826655,0.6899553571428572,0.7025444719657735
0.6975587703435805,0.7072781200091262,0.7213114754098361,0.7501132759401903,0.7670415423456507,0.7796947577969475,0.7930720145852325,0.8122439690487028,0.8076495441405381,0.820169567157519,0.8299304464886695,0.8193210298473457,0.8239232314215577,0.8266309204647007,0.8240124278739458,0.815394942940255,0.8128916741271263,0.8003658815458495,0.7992364697956433,0.7775275838775051,0.7751831501831502,0.7584497521406038,0.7438334464811043,0.7410817031070196,0.7118834080717489,0.6881310298407001,0.6761733662699304,0.6544491057628615,0.6591836734693878,0.6179298010283926,0.6233995584988963,0.6122130599509694,0.5908988510925884,0.5881147540983607,0.5670480549199085,0.5705412599822538,0.5587900841482829,0.5622435020519836,0.5749318801089919,0.5811469700487578,0.5661315848971287,0.5728934462773072,0.6006787330316742,0.5992400536432723,0.6168014375561546,0.6238265534197586,0.6541506446505315,0.6485572587917042,0.666892196662156,0.6825149966674072,0.7046167637830569,0.7307005800981704,0.7294328625868639,0.7464526634100954,0.7732876712328767,0.7887940468373824,0.7906453789071284,0.8031879566083684,0.8089171974522293,0.8126114081996435,0.8271604938271605,0.8263241645828597,0.8290048264766721,0.8187358916478555,0.8221919054115507,0.8156897704479608,0.8095345176523498,0.8044959128065395,0.7979475484606613,0.778788551142667,0.7806364251861883,0.7484540636042403,0.7319517194260988,0.7094640820980616,0.7022292993630573,0.6848946660690274,0.6803935026309769,0.6545248868778281,0.6354119253527537,0.6294461954074742,0.6122174983217722,0.591353811149033,0.5981745325022262,0.592896174863388,0.5712010919017289,0.5691477400494716,0.5785161583978152,0.5724230855602964,0.5430346051464063,0.5694507489786654,0.5850678733031675,0.5886163813049514,0.6012311901504788,0.6046822742474917,0.6088450962419798,0.6358744394618834,0.6479157328552219,0.6467146714671467,0.6727521679598357,0.7018410417602156
0.68016103779915,0.7065267001369238,0.7220468890892696,0.7287477148080439,0.7525773195876289,0.7599732560731001,0.7789919714540589,0.7944933920704845,0.805783242258652,0.8090143409970407,0.817618415227977,0.8141990563918221,0.8197856185797231,0.8269788182831661,0.8169552507308298,0.79867307252345,0.8032823741007195,0.804922515952598,0.7850877192982456,0.782338584424229,0.7581467523830636,0.7455499771793701,0.7232341181697024,0.7182107175295186,0.6876138433515483,0.6573159784560144,0.6572012721490231,0.6329287840622854,0.6315552554580238,0.6189092534644614,0.6040507456042733,0.5875668449197861,0.5691725978647687,0.5695097380792478,0.5528419182948491,0.5450901803607214,0.5375084478486145,0.5427682737169518,0.5478337365295799,0.5458871515975526,0.5528200537153088,0.5697050938337802,0.5670897552130553,0.5772757772310445,0.582202447163515,0.6026386404293381,0.6307865168539326,0.638312274368231,0.6529741863075197,0.6748962202315928,0.6897834171953621,0.7045556051808843,0.7267970882620565,0.7399317406143344,0.7556440903054449,0.76,0.778712758699113,0.7908290038400723,0.8012584074636581,0.8045095304509531,0.8180159635119726,0.812249443207127,0.8192931762613914,0.8215931533903884,0.8234504363392258,0.805690339655933,0.8115975246390098,0.7886253741653235,0.7855579868708972,0.7643626570915619,0.7457703586735844,0.7329854809437386,0.7220447284345048,0.7042600896860987,0.6939509781875421,0.6743566992014197,0.6459232341585283,0.6266248319139399,0.626074831512898,0.6114070128717266,0.5926087907281872,0.5757238307349666,0.5780821917808219,0.5594673888512751,0.5647032574743418,0.5431345980126467,0.5451534555089423,0.5300827555356743,0.5512041413459374,0.5470601905647223,0.5568715083798883,0.5611446456516879,0.573870024735777,0.5915234822451317,0.5940004579803069,0.6122311827956989,0.6352159468438539,0.6423212709620476,0.6540909090909091,0.6901694915254237
0.676982154958211,0.6886579304112065,0.7018092472637927,0.7264403751674855,0.7445091887046168,0.7548845470692718,0.7684282150147426,0.7707774798927614,0.777370590929913,0.79924578527063,0.8033407572383073,0.805119926199262,0.8287593558630075,0.8070530098831986,0.8188340807174888,0.8030678998420934,0.8051708217913204,0.7970208981769675,0.7792834175470832,0.7574601750056091,0.7592715967133022,0.7286909337553696,0.7161217587373168,0.6902614968440036,0.6675645342312009,0.6655211912943871,0.6595553559398158,0.6283629730962152,0.6071508882392624,0.5811717352415027,0.5828686147668972,0.5643171806167401,0.5536238428539174,0.5415370946246113,0.5268096514745308,0.5300957592339262,0.5298858294157153,0.5305524239007892,0.5167201099404489,0.5201712869055668,0.5383910153564061,0.5487695749440716,0.5528964437486021,0.5592090135663371,0.5661764705882353,0.5994038064664068,0.6096232410349524,0.6262558606831882,0.6439684329199549,0.6622162883845126,0.6771618625277162,0.7023121387283237,0.7158037531087497,0.7278651685393258,0.7364849581542637,0.7537744227353463,0.761414503133393,0.7959456449097795,0.7942818851909761,0.8021655763591248,0.8211491169237648,0.8123467795854691,0.8134703196347032,0.8182628062360802,0.8030541208174264,0.8010776829815895,0.7965377697841727,0.7887579329102448,0.7719928186714542,0.7740406320541761,0.7496077112754987,0.7361976847729297,0.703901895206243,0.7003300330033003,0.6926026161479477,0.6438689685701637,0.6366774045098942,0.6197985107314936,0.6074596315669775,0.5830341113105925,0.5644075403949731,0.5543282236248873,0.5484821024014499,0.5491579426490669,0.5353757989861142,0.5182250396196514,0.5251026928343222,0.5339609952925353,0.5233160621761658,0.539761207479162,0.5236924452391596,0.5423728813559322,0.5509830818472794,0.5648395721925134,0.593423683625861,0.5916666666666667,0.6149515874802972,0.635074290859973,0.6691384950926935,0.6775846702317291
0.6586678627494954,0.6811400578935649,0.6871830336560627,0.7062374245472837,0.7245857590685177,0.7450624290578888,0.7655283062113225,0.7739188886399283,0.7855674811600822,0.790845230002266,0.798219584569733,0.8067340067340067,0.8048890900860117,0.798705646061147,0.8004073319755601,0.7948375611927013,0.7839859216893973,0.7846402960906778,0.7778282598818719,0.7543053960964409,0.731651897296069,0.7317346481398476,0.6951109099139883,0.6927285160702075,0.6644532979194334,0.6479524438573315,0.6340310600945307,0.6048888888888889,0.5943140794223827,0.5779322718098229,0.5666892349356805,0.5547246770904147,0.5340934495864074,0.5180696342000881,0.5070296808748047,0.49888093106535364,0.4997767857142857,0.49808083088733346,0.5009086778736938,0.5008857395925598,0.5159991049451779,0.5279767233661593,0.5283961835529305,0.5321727633318643,0.5505593331871025,0.5686404967842094,0.6032498307379824,0.6021624007060901,0.6157847127996382,0.6446318668794164,0.658586316266425,0.6835640911121036,0.702503352704515,0.7317018909899888,0.7414753733006463,0.7523489932885906,0.7768969422423556,0.7881298992161254,0.7831936479929422,0.8040133779264214,0.8072881734853565,0.8063858695652174,0.8007732544916989,0.8020385050962627,0.8057142857142857,0.7990622906898861,0.7749102333931778,0.7863514719000892,0.7614987659860893,0.7418625678119349,0.7273942093541202,0.7137970353477765,0.6902173913043478,0.6806993328732459,0.6756395995550611,0.6537340210809599,0.6330235573805921,0.6113459399332591,0.5735621934908605,0.5670868977937866,0.5447004608294931,0.5388240574506283,0.5224844167408726,0.5004470272686634,0.5077237619263971,0.5071154280551163,0.4979517523896222,0.5167560321715817,0.50167747707448,0.5082909573292063,0.5283061087491608,0.5194023193577163,0.5414710485133021,0.5692096847875743,0.5627134076940588,0.5754189944134078,0.6051492367281841,0.6123042505592842,0.6372347707049966,0.6614066726780884
0.6345426218562208,0.6509267431597529,0.6645851917930419,0.697980485591105,0.7257741145021163,0.7337066069428891,0.7374637842656563,0.76936896474287,0.7728300180831826,0.7690198766278272,0.7854570013507429,0.7919261822376009,0.7889845874886673,0.7923400487048926,0.8007000656311529,0.783256880733945,0.7961913398322376,0.7719884212870185,0.7596846846846846,0.7560424666817258,0.7283783783783784,0.7045208738914125,0.6930159443072086,0.6759666080843585,0.6562073669849932,0.6357062146892656,0.6160214813157305,0.5879798903107861,0.5779338468509289,0.5706000446129824,0.5467320990408209,0.5278450363196125,0.5093922651933702,0.5058485985433679,0.495195530726257,0.48724892800722186,0.4762009695901278,0.4749241894098437,0.4913983237759153,0.48939603503918855,0.4975598935226264,0.5025698324022346,0.5237330887411145,0.5350837483023992,0.535803026880506,0.5561213194598185,0.5706618962432916,0.5924842484248425,0.6163985701519213,0.6408309135581863,0.6557635912474622,0.6624261699227624,0.6803074836084105,0.7142857142857143,0.7252311756935271,0.7376756636181129,0.7547382671480144,0.7765981477298396,0.7791146424517593,0.7914124293785311,0.7893669745438162,0.7959416324669403,0.8037554385161438,0.80852028098799,0.7774018944519621,0.7950157162101482,0.7792559188275084,0.7677448337825696,0.7615705198508445,0.7519128217018317,0.7177109251300611,0.707250960018071,0.6780960974509361,0.6712920837124658,0.6506403055493147,0.6291466483642187,0.60681461555705,0.5928226363008972,0.5656676950198325,0.5507048658481127,0.5404862815079188,0.5237987307343608,0.5251911830859199,0.5006762849413886,0.5020134228187919,0.48866442199775534,0.4834260289210234,0.4826738207019897,0.497289972899729,0.48395904436860065,0.479133409350057,0.5057293962097841,0.5158802177858439,0.5326553672316384,0.5412969283276451,0.5577145500809623,0.5887533875338753,0.5961195361284567,0.6206512042818911,0.6416610850636303
0.6234271333790895,0.6469940541730896,0.6732762505633169,0.6970179831550194,0.7090043093672035,0.7276211950394589,0.7474478473146915,0.7578444747612552,0.7569460131014231,0.782520781846776,0.7894736842105263,0.7934532042415859,0.788891347643284,0.793899977573447,0.7870879120879121,0.788041053101294,0.7604026845637584,0.7654017857142857,0.7385826771653543,0.7420980302336234,0.720216606498195,0.7029418270294183,0.6930379746835443,0.6713718570798412,0.6444494483224499,0.6241402263146217,0.6024151287309182,0.5776081424936387,0.5567591965696231,0.5412336944505859,0.518840579710145,0.5088222320247022,0.48354373309287646,0.49438958707360864,0.4724036945257941,0.45904931934835974,0.4644613321412606,0.46471522577717267,0.4694059848146494,0.47191266772799634,0.48323516085183504,0.4794797039694999,0.48424842484248426,0.5034118423948932,0.5203720106288751,0.5290148448043185,0.5671641791044776,0.5830133273096906,0.6064345526663728,0.6261640798226165,0.6410430839002268,0.6507723304231028,0.6834272829763247,0.693598233995585,0.7272526012840381,0.7382070198971608,0.742498880429915,0.7634457611668186,0.7758697591436218,0.7791164658634538,0.7922868741542625,0.7989748161355026,0.8078315980081485,0.7872827081427265,0.7934640522875817,0.7704734126093785,0.7760557053009883,0.7590228873239436,0.7461711711711712,0.7218974820143885,0.7211451758340848,0.698633257403189,0.6729588355697066,0.6699707141248029,0.6392519152771519,0.6055555555555555,0.600090991810737,0.5711759504862953,0.5273132664437012,0.5299754847336751,0.5204612254126159,0.49841413683733576,0.49532918149466193,0.4827047534032582,0.46,0.4671945701357466,0.4583615436696005,0.45487777016221154,0.4583333333333333,0.4707514450867052,0.46573173490160596,0.47561249719037985,0.5083521444695259,0.5112450730350104,0.5308110557317626,0.5333333333333333,0.5616710875331565,0.5792461398728429,0.6133093525179856,0.6259490844126843
0.6117079587809691,0.6310004486316734,0.6599726152441807,0.6864777700990555,0.6876146788990826,0.7116746630111949,0.7435955056179775,0.7487517022242397,0.756332660838377,0.7777047744196233,0.7612845272849764,0.785224153705398,0.7765642775881684,0.7786613651424784,0.7948775055679287,0.7815070015559014,0.7668628338614758,0.7563578564940963,0.7444223547603269,0.7357973990417522,0.7170918943328065,0.6988193361550457,0.6834872719080874,0.6577827547592385,0.63732791694877,0.6206203972327605,0.5870748299319728,0.5704742818971276,0.5447541355087242,0.528558476881233,0.5147397512666974,0.4850863422291994,0.48240304864380185,0.46367091437513974,0.4801731996353692,0.4418604651162791,0.4438381082310141,0.43492769744160176,0.4501211186963224,0.44686648501362397,0.4423932384341637,0.46675444371296904,0.4736959429335711,0.48351898158672424,0.5023547880690737,0.512860310421286,0.5476408612001832,0.5667796610169491,0.5754928315412187,0.606216457960644,0.6268353286650101,0.6453058480842483,0.6563916591115141,0.6935377875136911,0.7105092091007584,0.718897108271688,0.7353723404255319,0.7508478408320145,0.7672857462519579,0.7675977653631285,0.7754677754677755,0.7797619047619048,0.7883374137547295,0.7738339021615472,0.776365663322185,0.7825890843482183,0.7705895341134908,0.7422726261952413,0.7364986498649865,0.7158630013519603,0.7073496659242762,0.6786445303616102,0.6507476009819236,0.6413290851160673,0.6347453808021631,0.5903161618394871,0.5554051004287971,0.5519050878393794,0.5340128517615776,0.5123835491933652,0.5049194991055456,0.479147571035747,0.47086614173228347,0.47284201036736534,0.451050514081359,0.44492986893538744,0.43853453983668067,0.44626762190894387,0.45471138489618984,0.4475714934180663,0.45225345827755464,0.4858007448789572,0.48848346636259976,0.49106744082179543,0.521259842519685,0.5290148448043185,0.5575122603655818,0.5877879668977858,0.600265604249668,0.617247623358986
0.5932579285872699,0.6337996890961581,0.6437291897891232,0.673510377147958,0.6875143711197976,0.7113169189067088,0.7202072538860104,0.7444295900178253,0.7424039320822162,0.762019758507135,0.7677041046459179,0.7835420393559929,0.7781031763910791,0.77384684281236,0.7812429378531074,0.7712596634834016,0.7720888083371092,0.7447764547292743,0.7273763391839526,0.7140229885057471,0.6967871485943775,0.6914374445430346,0.6534676127260243,0.629572498898193,0.6152466367713004,0.5942549371633752,0.5678539224526601,0.5331042382588774,0.5234853641933288,0.5079042457091237,0.4924852973208451,0.4795090948937103,0.47443762781186094,0.4478114478114478,0.41657103511590543,0.41762013729977115,0.4216191971294012,0.4299776286353468,0.4295030357544412,0.4418447694038245,0.4421645997745209,0.44535037461436755,0.4479143430738345,0.46790655477432525,0.4944356120826709,0.5113101903695408,0.5220084052200841,0.553929295203783,0.5674839849790148,0.5976265114196149,0.6096922069417158,0.6421336934503714,0.6548358473824313,0.6634976785319479,0.7040449438202248,0.7096339546373231,0.7336501470921023,0.7586817075868171,0.7560865644724978,0.7673996826116527,0.7724351872368712,0.7860925627446466,0.7773297491039427,0.786484701738939,0.7744461848288208,0.7577584282205849,0.7480559875583204,0.7478005865102639,0.7200091053949466,0.7217530244236475,0.6737173717371737,0.6735832217759928,0.6504065040650406,0.624780316344464,0.6078740157480315,0.5828623106488808,0.552766051988447,0.539366515837104,0.5141129032258065,0.5184042318712806,0.47315140845070425,0.455188141391106,0.4470161107329249,0.4368181818181818,0.4392999556933983,0.4143596668917398,0.4091954022988506,0.4203450593771006,0.42769995481247175,0.43372145096283027,0.433759246805649,0.458165548098434,0.4683401175938489,0.48822364076601366,0.5062771056836338,0.5097633815759246,0.5333483045138109,0.5536451169188445,0.5857142857142857,0.6079443447037702
0.5866240584341474,0.6209732693625771,0.6316863100634633,0.6576777356808559,0.6716315307057745,0.6911145579437181,0.7148314606741573,0.7346760070052539,0.7511271415689811,0.7645997745208568,0.7675428571428572,0.7815577439570277,0.7831217991538633,0.7896240932072983,0.7739266547406082,0.7707133362871068,0.7493255395683454,0.7473684210526316,0.7302913937203523,0.7132118451025057,0.7010263275323516,0.6821510297482838,0.6376713868285008,0.633851073549566,0.6155414589941096,0.5865254619197837,0.5508885298869144,0.5546312949640287,0.5179937022042285,0.48695054945054944,0.4767080745341615,0.46698219517692136,0.43866337743888767,0.4280936454849498,0.4271070615034169,0.4042211516402845,0.4052491103202847,0.4081272084805654,0.40204580831665554,0.412647126702054,0.4160331720801659,0.43208771537256657,0.4404653284671533,0.4497777777777778,0.47706422018348627,0.49290293040293043,0.5034933513635339,0.5409473218238159,0.5475815523059617,0.5720454545454545,0.6087149844375278,0.6221520415068802,0.6539440203562341,0.6636448163644816,0.6811041292639138,0.7099576743149922,0.7237099934683213,0.7431275349256422,0.7648234510326449,0.7613244424005519,0.7686484079269651,0.7619801084990958,0.7704149933065596,0.7726960896409787,0.7669603524229075,0.7548153183775209,0.7465478841870824,0.7381167949298325,0.7205715581764572,0.7035941765241128,0.6845360824742268,0.6665925761280285,0.645197236460887,0.6222122099571976,0.589906796999318,0.5568627450980392,0.5459860580166405,0.5244365097076545,0.5193832599118943,0.4798915499322187,0.4769874476987448,0.44491620111731844,0.4512112293411818,0.42763306908267273,0.4186413902053712,0.409080742563185,0.402771667399912,0.4081311769991015,0.397126969416126,0.41766268260292166,0.42227689554909414,0.4388407120036513,0.45352993744414655,0.4694109620195588,0.48641242292760906,0.5025380710659898,0.5209376422394174,0.5618533513270355,0.5769731136166523,0.5918740013695504
0.5882484862076699,0.5972472924187726,0.6188197767145136,0.6549279670706609,0.6737556561085973,0.6882086167800453,0.699733688415446,0.724554997717937,0.7441860465116279,0.759092950157162,0.7596845279517513,0.7739150193137924,0.7599820547330641,0.7659249563699826,0.7487052465660887,0.7524043838067547,0.7422818791946308,0.7232620320855615,0.7242927705433319,0.7041526374859708,0.6884521969529698,0.6633685630762312,0.6436755270394133,0.6316149635036497,0.5935139937805419,0.5728461885430762,0.5427989130434783,0.5273463875759622,0.5040974010770312,0.48556608028867837,0.46381727725011307,0.4482913669064748,0.4265971907566833,0.40507166482910695,0.3970884658454647,0.39698836413415467,0.39101274312541917,0.3730534867975626,0.3927526446094981,0.39711516790624296,0.40916166333110965,0.41855716878402904,0.42560321715817695,0.44996580806929565,0.4631248598968841,0.4759130629621331,0.4847404767208732,0.5290381125226861,0.5400177856825256,0.5652366209641752,0.5962230215827338,0.6212690692018572,0.6476836158192091,0.6646085997794928,0.6922222222222222,0.7095280105866785,0.7095127610208817,0.7320188214205692,0.7535083748302399,0.7515043458881212,0.7730240936725963,0.7611703334089363,0.7758697591436218,0.7655967450271248,0.7652838427947598,0.7588699080157687,0.7472228519610066,0.7425921737163538,0.7100338218714769,0.7151047409040794,0.6705279572287814,0.656962310990747,0.6439342786405582,0.6188151763922787,0.5848800362154821,0.5566918630502445,0.5314183123877917,0.5196122633002705,0.5005665080444143,0.4687772925764192,0.4556121319459818,0.4305370616955171,0.4179580674567001,0.4143534190927556,0.4003178928247048,0.3898639754278192,0.39319513294276703,0.3793103448275862,0.3881578947368421,0.41433092224231466,0.4075091575091575,0.4272970561998216,0.429623020298907,0.4539767649687221,0.47292091547699977,0.4771618625277162,0.5077302263051758,0.5377337238116693,0.5633489200623469,0.5763332570382238
0.5713328868050904,0.6026594545864322,0.6158100944918183,0.6265681003584229,0.6717937118299028,0.6796657381615598,0.702266884786165,0.732850350916912,0.7366336633663366,0.7411738250505959,0.7534339112812429,0.7615571776155717,0.7701202590194265,0.7693522906793049,0.7533059735522116,0.7513873473917869,0.7449966269395097,0.7389639639639639,0.715228773048031,0.7005420054200542,0.684342284934001,0.6559091920765635,0.6351381711974837,0.6177797833935018,0.5941803642825411,0.564137308039747,0.5345216606498195,0.5238424326192122,0.5061419472247498,0.45495193382517324,0.46105779959830395,0.4325767690253672,0.40588104254845175,0.40053823727293114,0.3981879954699887,0.3751387347391787,0.3857237863001552,0.36874723328906595,0.3909674562762896,0.3776126335346029,0.38935258290097,0.4013024927015495,0.429495760821062,0.4385411976587123,0.45668591737005776,0.44797297297297295,0.48254897545597836,0.5030946065428824,0.5243280815569972,0.5591809180918091,0.5877233165368758,0.6045059112201651,0.6353333333333333,0.6572697003329634,0.6739081746920492,0.6799544419134397,0.7204325298490651,0.7266845158411424,0.7483161203412663,0.7476531068395172,0.7542163256127726,0.7669947356374457,0.7665412701925205,0.7679089488953359,0.7581757508342603,0.7606666666666667,0.7332880126897802,0.727027027027027,0.6948398576512456,0.7061452513966481,0.6630143112701252,0.6510522742701969,0.6337586747257667,0.607350963693411,0.5803753108749717,0.5577634011090573,0.5292384406165005,0.49560117302052786,0.46049107142857143,0.47007397444519167,0.44778761061946903,0.4222272317403066,0.3932509925011028,0.39562890276538804,0.37880794701986753,0.38306085376930066,0.3862727676588183,0.3830554303740424,0.3725222146274778,0.3887752783458305,0.3865909090909091,0.4071978270710729,0.41685342895562527,0.4297070179423121,0.4588871367425096,0.4747908659281031,0.49620366234926305,0.5209365150832959,0.5453932584269663,0.56337709370756
0.5565620857269111,0.5974382433668801,0.611277330264672,0.6339557099435519,0.6649484536082474,0.6809788654060067,0.7044444444444444,0.7120176405733186,0.7332445628051487,0.7587848560417139,0.7490232130544703,0.7412398921832885,0.7576240327719618,0.7609138204026238,0.7524022346368715,0.7572553430821147,0.7443423706027336,0.7322638951649345,0.7128825947921426,0.6884555727897186,0.6704293935369633,0.6360368456526623,0.61908014571949,0.5956394695437177,0.5856886496186631,0.5498523733817852,0.5402298850574713,0.5045495905368517,0.47276395427034296,0.458249832999332,0.4449319877139096,0.42902566431978195,0.3884745762711864,0.3855582794740361,0.3826879271070615,0.3725577264653641,0.361834780672456,0.36024150268336314,0.35829362378034946,0.35938903863432164,0.38191632928475033,0.39137416838724476,0.40108156827399727,0.41981351981351983,0.4468227424749164,0.4547727272727273,0.4800356903859023,0.5115720524017467,0.5071283095723014,0.5604567845947156,0.5566058969164979,0.614190687361419,0.6286363636363637,0.644097995545657,0.6556424581005587,0.6861047835990889,0.7094398571747378,0.7177455862381168,0.7360857664233577,0.748604599240902,0.7546093064091308,0.751516513143114,0.7559337214509628,0.7626423690205011,0.7419068736141907,0.7409858512094933,0.7416741674167416,0.7189309576837416,0.706648389307745,0.6796536796536796,0.6696629213483146,0.6382032466088503,0.6172561387699932,0.591267161827594,0.5697986577181208,0.5379858657243817,0.5348464007336085,0.49102884397002045,0.4628635346756152,0.4322033898305085,0.43018018018018017,0.41812004530011326,0.39111011838284565,0.37910169885966954,0.38348017621145375,0.37310774710596617,0.35497237569060774,0.35685752330226367,0.3548821548821549,0.3696524064171123,0.38784067085953877,0.37867221836687487,0.3948592953689342,0.42735996429368445,0.45530419503623987,0.4625085989451961,0.4877564526803441,0.506557012669482,0.5276312772299931,0.5447356529597831
0.5483506552191595,0.5853932584269663,0.6072687224669604,0.6312330009066183,0.6498516320474778,0.6662125340599455,0.6865536723163842,0.7037621085830142,0.7241768155164637,0.7231574158325751,0.743463687150838,0.7535321821036107,0.7553047404063206,0.7589569160997732,0.7548865423500337,0.7601096641535298,0.7312414733969986,0.719683257918552,0.7033707865168539,0.6839080459770115,0.6640035508211274,0.6505762122200478,0.6190370040124833,0.5925759280089988,0.5759377859103385,0.5383393829401089,0.5105098389982111,0.4868956168097605,0.4595300261096606,0.4404292597459483,0.43887502835110004,0.39932960893854746,0.37853746887027395,0.3870147874306839,0.375255391600454,0.35514440433212996,0.3567160876300066,0.36225300931183285,0.3622924721400955,0.3516958798087867,0.3501220323940537,0.38353413654618473,0.37977777777777777,0.4000915541313802,0.42288888888888887,0.447744014732965,0.4760164458656921,0.4720581553839164,0.5124321880650995,0.5381704874248832,0.5704845814977973,0.5952327912675429,0.6159611992945326,0.6457645764576457,0.6716786355475763,0.6871851040525739,0.6902014030323602,0.7308206958073149,0.7105866177818515,0.7419792137370086,0.7484318996415771,0.7547337937179773,0.7578713968957871,0.7498333703621417,0.754076685764654,0.7393181818181818,0.7196196660482375,0.704051270313573,0.6964446444644464,0.6757679180887372,0.6446000903750565,0.6369313113291704,0.6004885631801021,0.5819856244384546,0.5570469798657718,0.5256052141527002,0.5081893650437515,0.4807261317794711,0.45657116871305137,0.443822739480752,0.4137542277339346,0.39554682383759004,0.3759499329459097,0.36985081273658427,0.3632707774798928,0.35193519351935193,0.3522650439486139,0.34901158827539197,0.3464269862405681,0.34384281471327394,0.36070381231671556,0.3724604966139955,0.37009472259810555,0.4091114118177718,0.4299977308826866,0.45050182481751827,0.48014359434597265,0.4901657458563536,0.5172723194257515,0.5456812514169123
0.5511528990373853,0.5686936936936937,0.5901414879050662,0.6154190945764231,0.6485515382887941,0.6632722335369993,0.6866090207992521,0.6996336996336996,0.7140238313473877,0.7347345132743363,0.729064039408867,0.7430926916221033,0.7571076785314529,0.7602833638025595,0.7316685584562996,0.7361797752808988,0.7313063063063063,0.7110009017132551,0.6925858951175407,0.6894042746703046,0.6493775933609959,0.6385814321210752,0.6282225237449118,0.5779816513761468,0.5616913123844732,0.5406666666666666,0.5076751946607342,0.48360655737704916,0.46735546273906353,0.4438549955791335,0.40796242451353165,0.39295392953929537,0.3843590313263719,0.3591502544810799,0.3571750902527076,0.33943916779737676,0.32486187845303865,0.3354647179721398,0.3341056533827618,0.3297394429469901,0.33612304908391766,0.35029873865899536,0.3760532150776053,0.3880304678998912,0.4087951536908234,0.44507233273056057,0.459289248762933,0.4754319048687458,0.4934714092751013,0.5365086497416311,0.5280550011088934,0.6058981233243967,0.6152651431107167,0.6338394793926247,0.6532997250229148,0.6773606370875995,0.6953372566772296,0.7026965265082267,0.7257661748013621,0.7459349593495935,0.7502240143369175,0.751147842056933,0.7559455091202956,0.7485380116959064,0.7498860009119928,0.7330020329794443,0.7171082173327347,0.7100737100737101,0.6889239792465599,0.6682528891910265,0.6419115997307606,0.6304641730509238,0.5917340914060791,0.5754653509755551,0.5454132606721163,0.5319006044325051,0.4801613987895091,0.4676728993016445,0.43950617283950616,0.4211590296495957,0.39280125195618154,0.38519362186788153,0.367024925680311,0.3578826237054085,0.3423155971683033,0.324988620846609,0.3435897435897436,0.33675061288165814,0.33674832962138085,0.35029873865899536,0.35669781931464173,0.35480225988700564,0.37337733773377335,0.3986425339366516,0.4167039856695029,0.4309180918091809,0.4651797906235776,0.49831876260928043,0.5104537366548043,0.5396509829909433
0.5372219700408534,0.5625826355222565,0.5888547608600263,0.6166629238715473,0.6404874746106973,0.6497685185185185,0.6757899421450824,0.6948216340621404,0.713162623539982,0.7189764492753623,0.7289467774534022,0.7376126126126126,0.7392393532225006,0.7338241856314145,0.7406741573033708,0.7334821428571429,0.7296042449701525,0.702083810396153,0.679040289723857,0.6701817365941216,0.6497060153776572,0.6281464530892449,0.6180228648285138,0.5686936936936937,0.5440089585666293,0.5232826187183034,0.49865470852017935,0.47026904815735926,0.4329023629068212,0.43824966681474903,0.39913380442215635,0.3906945681211042,0.3654599953885174,0.3527054108216433,0.33771532184950137,0.3299319727891156,0.32911111111111113,0.31093007467752887,0.32094117647058823,0.32888486767699615,0.33162469355917096,0.3435955056179775,0.3635945759595495,0.38696719482258424,0.3908990011098779,0.41350684316805025,0.4433860142888071,0.46886042402826855,0.4929984440986886,0.5176390773405699,0.5474370503597122,0.577634011090573,0.6042228212039533,0.6283284851197136,0.6472850678733032,0.6766832354270221,0.6941780057996877,0.7076784912438258,0.7273134662782882,0.736551724137931,0.7410596026490066,0.7433970856102003,0.7519344560764679,0.7392589224823823,0.7366112650046168,0.7177055103884372,0.7252747252747253,0.6976534296028881,0.6910313901345292,0.6656784492588369,0.6371422132071219,0.6166442350829968,0.5959618371422232,0.5763479836882646,0.5388360769765824,0.49932765575974897,0.4863666592773221,0.4622040072859745,0.44479213232007153,0.420863309352518,0.3909689130928069,0.3734616245245021,0.35299315219792354,0.35701676963812884,0.3371585953637824,0.33097304705344904,0.3237299318231801,0.32341092211280215,0.3230272265805261,0.3315824031516743,0.33422044799290307,0.3495898913766349,0.36830154405086285,0.38843537414965984,0.4044283777677361,0.42515500442869797,0.46148738379814075,0.48271276595744683,0.516443638013155,0.5279962980101804
0.5132100396301189,0.5672079386558412,0.5996405302179285,0.613884374274437,0.6242590059279526,0.654537184443939,0.6654700471168947,0.6924950188177994,0.6973471741637831,0.7239087081763793,0.7271689497716894,0.748484167976645,0.755331088664422,0.7352941176470589,0.7400489215032243,0.7347029924073247,0.7239277652370203,0.6932459905127626,0.6820731433699798,0.6821948488241881,0.6408592526292235,0.6193094347921707,0.6061588330632091,0.5830699774266366,0.542070832393413,0.51695486189086,0.4946714031971581,0.4521322889469104,0.4455577822311289,0.43775280898876406,0.3914719891131776,0.37859895715257313,0.35498220640569395,0.35221279523045174,0.3262921348314607,0.3225806451612903,0.32445848375451264,0.29883747435605196,0.3101138647019424,0.31967398686891557,0.3146167557932264,0.3454916175804259,0.3504079782411605,0.36406354889236964,0.3865271419228254,0.40681767212379455,0.42977777777777776,0.4707608941070219,0.4828751689950428,0.4971111111111111,0.547291296625222,0.5635824977210574,0.5992349234923492,0.6066861117343505,0.6336588689529866,0.6715162536940213,0.6821967139320279,0.7114776321735201,0.7145767315527388,0.7271910112359551,0.7333027312370898,0.7399012567324955,0.734920634920635,0.7482735575852083,0.7288211564320932,0.7226228030644435,0.70917225950783,0.6966845878136201,0.6788079470198676,0.6563318777292576,0.6637148047229791,0.6110985277463193,0.5865834633385335,0.5546613011401744,0.5414438502673797,0.49108553373956215,0.4688246795568108,0.44383259911894274,0.4354002254791432,0.4107706173952231,0.3911692922121145,0.36623779946761315,0.3463992707383774,0.33182946086171894,0.33559628875311154,0.3115410273515677,0.31295620437956206,0.31181569343065696,0.2994475138121547,0.3222811671087533,0.32862586863931853,0.33409142597225383,0.36276522929500343,0.3867205024674742,0.3832658569500675,0.42512947534339113,0.4471264367816092,0.4657439446366782,0.4943794964028777,0.5286469810489203
0.5260231316725978,0.554608656649473,0.5711763407636283,0.6051492367281841,0.6308379888268156,0.6403125718225695,0.671541057367829,0.6821043165467626,0.7078626299141437,0.7197567019599008,0.7215335169880625,0.7409625194056332,0.7313500112688753,0.7424892703862661,0.73491614027445,0.7213114754098361,0.7159296028880866,0.7083238829666592,0.6746801940891045,0.6685156423341468,0.6401962971224626,0.6173235563703025,0.5928076837167746,0.5575022461814915,0.535992663915635,0.5245316681534344,0.47578089633318243,0.44902139280837505,0.43569131832797425,0.40017905102954343,0.3851044504995459,0.37173476222371066,0.33588646091462043,0.3344489067380634,0.31709537901206464,0.31192236598890943,0.29944382647385986,0.30482941958351795,0.29751131221719457,0.30862262038073907,0.3213413280035532,0.3292377701934016,0.32942218286473324,0.350438892640108,0.37236962488563585,0.4058982440342188,0.4155495978552279,0.46043498380379455,0.482358297291145,0.5129175946547884,0.5306587645315706,0.5687150837988827,0.5916321638701242,0.6086857662573897,0.6273095989184317,0.6692702521758536,0.6923076923076923,0.7049254405784003,0.7156208277703605,0.7181899641577061,0.731954126377333,0.743331091683479,0.7410593028519692,0.7328953330312642,0.7357948264426266,0.7336649333031878,0.7092069279854147,0.6896165059430366,0.6766816143497758,0.66764440433213,0.6274466192170819,0.6211849192100538,0.5821031115148763,0.5504545454545454,0.5289514866979655,0.49063257659246196,0.472715173025732,0.44409799554565704,0.4150985167146336,0.3923587279798673,0.3628584643848289,0.3615982241953385,0.3321142857142857,0.322237017310253,0.3188599421064351,0.30669102534825304,0.2960496095544327,0.3063083074189249,0.3055494141056821,0.3136818687430478,0.3182640144665461,0.33438628158844763,0.3471757088635856,0.35863462834044463,0.39371325192220713,0.4018193920568005,0.4401586951730218,0.46193577363575117,0.5053107344632768,0.5287226852894796
0.5176120768526989,0.5396073121191605,0.5831265508684863,0.5913808664259927,0.6260255241567912,0.6386306959873045,0.6674960416195431,0.6773041731756304,0.6998669032830523,0.7070528410347114,0.7215756490599821,0.7326373127553336,0.7397902253961169,0.7379593700068477,0.7337019120018429,0.7188132164531356,0.7169894366197183,0.6896551724137931,0.6764772986538901,0.652399189006533,0.6435288849081953,0.6145189761694616,0.5832965090587715,0.568267315777827,0.5439981949458483,0.5101814962372732,0.4899090707473941,0.45493083444890675,0.42240425060881115,0.39865470852017937,0.37145390070921985,0.34650317892824706,0.3484476211748939,0.309297052154195,0.30201931518876207,0.29784849843119676,0.2988302802913264,0.2886621315192744,0.2953262587491533,0.3005819158460161,0.31505929738196464,0.30958842152872,0.3322770484382073,0.3593189964157706,0.3848409654861268,0.393702597104114,0.4178383128295255,0.4494180841539839,0.47330801876256423,0.50820419325433,0.5291954022988505,0.5659106220525488,0.5668461193360251,0.6068530207394048,0.6306715063520871,0.6485515382887941,0.6868231046931408,0.6989247311827957,0.7115254998876657,0.7253978928491369,0.7330801876256422,0.732360097323601,0.7291387773315484,0.7376712328767123,0.7315254237288136,0.727857935627081,0.7027027027027027,0.6861566905477235,0.6620216766202167,0.649103139013453,0.621426963763223,0.5950823370178209,0.5765501691093574,0.5419282511210762,0.5192005389624972,0.490493435943866,0.468944099378882,0.44,0.42773393461104847,0.39509781875421635,0.3761574074074074,0.3502887605508663,0.3227762803234501,0.3220715714603245,0.30433820274457724,0.29602157788267025,0.2978246243552366,0.2928954423592493,0.2936887673729779,0.29867256637168144,0.3106316026073275,0.3266681644574253,0.35908473040326233,0.35962145110410093,0.3827022182388528,0.40868159778342183,0.44022598870056495,0.4709030100334448,0.5047492820852661,0.5147555755800856
0.5175338070135228,0.5392833296238594,0.5648127128263337,0.5921315847966214,0.6147672552166934,0.6501457725947521,0.6640454346876365,0.6857406552838025,0.6873195647346214,0.7238599723629664,0.7296387704734126,0.7407574391343553,0.7271314387211367,0.7388777107086967,0.7175925925925926,0.7221974095578383,0.7048351648351648,0.7004597701149425,0.673289681643712,0.6556978798586572,0.639825648084423,0.6173837082332387,0.5774000918695452,0.5559083692447266,0.5308164657721174,0.5206162211146352,0.46756152125279643,0.4402935290193462,0.43032228778937814,0.40013525698827773,0.3704866562009419,0.34317013190252627,0.32866501016489724,0.32007034513079796,0.29568697198755,0.28956305184514375,0.2918531781557744,0.2901995963220453,0.2944507361268403,0.286,0.31114585660040206,0.3146788990825688,0.32663540968966287,0.3516215015548645,0.35855410866636733,0.39315849486887117,0.42138649750792934,0.4420013461969935,0.47011417058428473,0.4927404718693285,0.5233665559246955,0.5596085409252669,0.5764600980829246,0.60619667714414,0.6252465483234714,0.6465420139671098,0.684767913474538,0.6818492370758369,0.7042801556420234,0.7154916723705225,0.7281661827116372,0.737008585630366,0.7349831271091114,0.7340987370838117,0.7272094641614475,0.7144469525959368,0.7022559749832478,0.6794117647058824,0.6602678571428572,0.6459919390953873,0.636405109489051,0.6029477445288075,0.5788386504475557,0.5375824175824175,0.5208570777296558,0.4955217196596507,0.46075778078484436,0.4286369894446994,0.4098360655737705,0.3893866299104066,0.36791395922025544,0.3362949800088849,0.324032403240324,0.2953403380539059,0.3096077567210225,0.2898942156200765,0.28156650911546255,0.2818017202354006,0.2961726746773476,0.298795728243581,0.2988172282972551,0.32942767012167645,0.33370761284527284,0.35241788321167883,0.38602292768959434,0.40127824697557635,0.4281551221699171,0.4339372514361467,0.495246717971933,0.5046622697293609
0.49240535026071186,0.5439732142857143,0.5720338983050848,0.5809954751131222,0.6277223230490018,0.6340547703180212,0.6630674305861614,0.6778824585015703,0.7095884111289952,0.7085701295749034,0.7165991902834008,0.7352611522080251,0.7280017821341056,0.735907678650688,0.7285006753714544,0.7236045729657028,0.6939803158617532,0.6869253195783808,0.6915803692030617,0.6546368204659662,0.6368479467258602,0.6147302440116409,0.5869955156950672,0.5642633228840125,0.5280799112097669,0.4942084942084942,0.47469342251950947,0.4614517583408476,0.40403597280105286,0.3936571301840763,0.3729043951064794,0.3453107344632768,0.325352427836205,0.30764134275618377,0.3008628519527702,0.2886270956048935,0.2861670817296808,0.2781705700397702,0.2822562228819365,0.27949469884953754,0.29693831607384064,0.3199255986979772,0.33139274518584866,0.3324299909665763,0.3534002229654404,0.3937219730941704,0.4104212860310421,0.4210411198600175,0.4597675948256961,0.49539842873176204,0.5145054945054945,0.5450691655510933,0.5698348951361,0.6092055764549679,0.6282279608192342,0.6507971656333038,0.6755867514805879,0.6966575091575091,0.6959657426188867,0.721602549510585,0.7280953431913485,0.7340615247436469,0.7197106690777577,0.7420774647887324,0.7113839285714286,0.7194097616345062,0.7180969319697643,0.6872166817769719,0.6747483989021043,0.6454586330935251,0.6265377855887522,0.5900270758122743,0.5687640449438203,0.5369525547445255,0.5338850369044956,0.4680614288893835,0.4528175313059034,0.41725795376516367,0.4196448640143853,0.3880797669728882,0.35152341973624374,0.33933393339333934,0.3138321995464853,0.31300723842948014,0.28420082911100875,0.2878123629986848,0.28402777777777777,0.2804303967720242,0.2852671585065951,0.29240674955595025,0.30194658216387504,0.3100043878894252,0.33311345646437995,0.348816029143898,0.3665644171779141,0.3871884564932226,0.4189159045282177,0.4444444444444444,0.48447488584474885,0.5085803432137286
0.5078801331853496,0.5327268693143998,0.5719722408775465,0.5793737683380775,0.6225611123570307,0.6404840484048405,0.6579481397970688,0.6799284756370139,0.6972102517577682,0.7093023255813954,0.7178746109381947,0.7253441661024599,0.7295373665480427,0.7278481012658228,0.7290872392913209,0.7151362491412869,0.7180009045680688,0.6865302451090622,0.6867739052725648,0.6588992454505105,0.6365920511649155,0.6118269673262771,0.581473968897904,0.5544950055493896,0.5155748969308291,0.4854186265286924,0.4845524761472058,0.4367074014295596,0.41417994166479694,0.38571743442803613,0.36752717391304346,0.34211123723042,0.33093211089281815,0.30488081725312144,0.2965334510929565,0.2859396124380352,0.2908331501428886,0.28986486486486485,0.267134132549197,0.2924778761061947,0.3011939626041901,0.3139789658194566,0.3210315695864829,0.34662162162162163,0.3601437879128286,0.3798152737102951,0.4101277372262774,0.4259670964873277,0.46570070183382384,0.4870806890299184,0.5218491260349586,0.5359103385178408,0.572684246112238,0.6140234461402344,0.6341192170818505,0.653051962786476,0.6738440616500453,0.6870487364620939,0.7095280105866785,0.7138708956890775,0.7353459673865139,0.7310924369747899,0.7237048665620094,0.7371428571428571,0.7096556380823767,0.7221969006381039,0.6923076923076923,0.6857792946530148,0.6492453255237666,0.6466367713004484,0.622357174988754,0.5950617283950618,0.5578156091089984,0.5435955056179775,0.5246886120996441,0.46198694029850745,0.47333935833709895,0.42735042735042733,0.4124888093106535,0.37661469933184855,0.34520856820744084,0.340391621129326,0.31864937388193204,0.31251419486713605,0.28185840707964605,0.2803947958725886,0.27690953114681927,0.28628230616302186,0.2864399293286219,0.2751131221719457,0.2945314272747901,0.31114099977583504,0.3365192264947766,0.3384787472035794,0.3524497629261684,0.4002257336343115,0.41439600363306084,0.4562159709618875,0.471569703622393,0.5065172650354448
0.4957852706299911,0.5475113122171946,0.5584474885844749,0.591864406779661,0.6156307129798904,0.6288250408782995,0.6595269968763945,0.6856111862877763,0.6930471719204113,0.71953921134249,0.7218558107800773,0.722735674676525,0.7300422503891483,0.7271303958845896,0.7360053739364084,0.7194600674915635,0.7137729923732615,0.6986581760291107,0.6792751981879954,0.6545012165450121,0.6369313113291704,0.5849607182940516,0.5769911504424778,0.5579824363882009,0.5353034062711483,0.5011195700850873,0.44577205882352944,0.44145569620253167,0.3959492543957267,0.3961705037611124,0.3649425287356322,0.3451426024955437,0.32452407614781636,0.3041484716157205,0.28885364748527415,0.28123580190822356,0.2838795394154119,0.2812711291413117,0.283975210270031,0.2839478417266187,0.28549002018389774,0.3038060715903942,0.31624888093106535,0.3413870246085011,0.35562239703840814,0.3820861678004535,0.4060200668896321,0.4303242769500438,0.47104332449160036,0.49405696344471856,0.5191793041926851,0.5324349017816354,0.5772675086107922,0.5957066189624329,0.6215086870464043,0.6482727680574248,0.6621561668145519,0.684682664274501,0.6953322602897217,0.7153172866520787,0.72540515863958,0.7285293451167006,0.7162844036697248,0.7272321428571429,0.7218045112781954,0.7099355412313848,0.6881816158468729,0.6881109343032508,0.6658541989807224,0.6443994601889339,0.6164753544902093,0.59041444778884,0.571204657411554,0.5359856951274028,0.51775956284153,0.4718148487626031,0.46424543198736745,0.4242902208201893,0.385756009885419,0.37664071190211346,0.3458134785568414,0.3322905027932961,0.30254198819791195,0.29559322033898305,0.29806598407281,0.2818911685994648,0.27258635961027455,0.27583046964490265,0.2731543624161074,0.2825642191407138,0.294694605439144,0.30292397660818715,0.33424159854677565,0.3512369066191219,0.35825688073394496,0.403015301530153,0.4193982936686125,0.44496539406117436,0.46690761237858597,0.5084707476846623
0.4939732142857143,0.5282248923146678,0.5625829279080053,0.5870624723083739,0.6196766112502847,0.635822262940907,0.6529568697198755,0.678387458006719,0.6867224609816783,0.6947845804988663,0.7044728434504792,0.7296146953405018,0.7226027397260274,0.7345132743362832,0.7219013771657041,0.708697653014266,0.7037202049454221,0.6867713004484305,0.6707093821510297,0.6438752783964365,0.6331374321880651,0.6106819686603399,0.567398119122257,0.5575361010830325,0.5220489977728285,0.49148041602124365,0.4677492106450158,0.4505096262740657,0.41155234657039713,0.3836147877681424,0.3608156028368794,0.34777651083238315,0.3088888888888889,0.29919499105545616,0.2847237754417356,0.27264451524806554,0.269569245020843,0.2759391771019678,0.283571915473756,0.2702823845809054,0.28777472527472525,0.3006993006993007,0.3290540540540541,0.3403445961065115,0.3484610199955066,0.38461538461538464,0.4035048303751966,0.42818971275885104,0.4542579625028236,0.4917214787933772,0.5108870043548017,0.5362088535754824,0.5773729194781826,0.5984375,0.6236019173704633,0.6571299842306826,0.6793564468615454,0.691551184622262,0.7075152335815843,0.7097215883158375,0.715669014084507,0.7364253393665159,0.7346119536128457,0.7239277652370203,0.7113262778653456,0.7241379310344828,0.6932207258616754,0.6818079604227569,0.6601658820892177,0.6425666516041573,0.6242969628796401,0.5965684117905852,0.5673586572438163,0.5437314455355103,0.5039008719596145,0.4763761467889908,0.4447469934195598,0.427896512935883,0.4094663987497209,0.368280169529333,0.355045871559633,0.3392818280739935,0.29538323621694307,0.2946011997333926,0.29030797101449274,0.2785923753665689,0.2749258498745152,0.2674925441615049,0.27458550987962754,0.2847270214236351,0.2980409421087387,0.3161581920903955,0.3247863247863248,0.3458006718924972,0.3561427280939476,0.382465629930133,0.41926729986431477,0.4437299035369775,0.46386479875472536,0.4998863378040464
0.5020482476103778,0.5300957592339262,0.5637813211845103,0.5786330457863305,0.6146209386281588,0.6232275489534098,0.6648538409245411,0.6903196554069372,0.709975230803873,0.7042818911685995,0.7158089939731108,0.7220854777355113,0.7291099000908265,0.7293516873889876,0.7379715382877795,0.7091732729331823,0.7014428412874584,0.6927472527472528,0.6751750621188164,0.6607181251343797,0.6409171861086376,0.6110229076888183,0.5721889554224884,0.5483356133150935,0.5259593679458239,0.49772520473157417,0.47921425308359983,0.439607055146238,0.39466666666666667,0.3833181403828623,0.3609986504723347,0.3427743086529884,0.30419188522752744,0.3131452167928424,0.2851035103510351,0.2876681614349776,0.27660044150110374,0.27184684684684685,0.2710449108553374,0.28138430219407373,0.285873440285205,0.29428571428571426,0.29867505052773413,0.3323667187151461,0.3574846206425154,0.36902401410002206,0.4060754969845879,0.42405777476867523,0.46157234089407617,0.48783783783783785,0.519525005709066,0.5477420804313637,0.5810055865921788,0.5978435420968112,0.61996336996337,0.6465650541197261,0.6699931957359946,0.6880838459785829,0.6952554744525548,0.7146357763421698,0.721996386630533,0.7340352483405813,0.7535810205908684,0.7261232783924136,0.7166778298727394,0.7231764443453045,0.7040091638029783,0.6881696428571429,0.6570727353859884,0.6441482150926344,0.6146642302421197,0.5977876106194691,0.5654801880456682,0.5524256651017214,0.503579418344519,0.4843855313412716,0.4534856609932385,0.42592173716353765,0.4153127086579123,0.37524950099800397,0.3533210332103321,0.33416009019165727,0.3039171544349392,0.3046237533998187,0.27761977685408007,0.2822762033288349,0.27328072153325816,0.26802939825447863,0.2759963353183692,0.2862544483985765,0.2929471589652885,0.29906124273580686,0.3183936099400932,0.3428943937418514,0.36148114698577555,0.3794037940379404,0.4214367160775371,0.4435590969455511,0.4791011235955056,0.5090421969189551
0.5007019185774451,0.541860465116279,0.5487942303358125,0.5891368041469461,0.5999093792478477,0.6212121212121212,0.6662898485191047,0.6815964523281597,0.6931946642550305,0.6955071174377224,0.7185574069847067,0.7274139844617092,0.7405121170553269,0.7164344171643442,0.7171740118128124,0.7117555899933584,0.7050213915784733,0.6939319848855301,0.679784124128626,0.6595650244118952,0.6365719523373052,0.6212491664814404,0.5894547093285264,0.5493087557603686,0.511728535641084,0.4969845878936788,0.47695075331684283,0.4449438202247191,0.41290754801250557,0.37957013073343676,0.3622598870056497,0.3372794281885191,0.32090576395242454,0.30477721635277905,0.29554285714285716,0.2925170068027211,0.2753108348134991,0.2785347330801876,0.2828125,0.2724177071509648,0.2860068259385666,0.3014332965821389,0.3191393993724787,0.3358881875563571,0.35937149270482605,0.3728659230594127,0.4153534443944169,0.44340849956634865,0.4514441664771435,0.4871966154531285,0.5304287690179806,0.5506627724106943,0.5884709548186067,0.595632183908046,0.6333025830258303,0.6388005452067242,0.6875995449374289,0.6794642857142857,0.704225352112676,0.7160904255319149,0.7275583482944344,0.7311924545250393,0.7373073436083409,0.7225950782997763,0.7228616565109456,0.7253065774804905,0.6946688206785138,0.6766280107047279,0.6666666666666666,0.6570284697508897,0.6236683649837887,0.6052459016393442,0.5637265959846605,0.548194105916242,0.5119291070211316,0.4940940494762648,0.44992192728083874,0.42503969154003174,0.3892691543387061,0.37706381079875056,0.3476148409893993,0.3286290322580645,0.3068511492970319,0.30887521968365556,0.2821266968325792,0.2822058495199821,0.2800181241504304,0.2619101377286069,0.2839285714285714,0.28990947228968866,0.30672363391050145,0.3114754098360656,0.3130851792646723,0.34589196550158874,0.35882886972310485,0.3858338990721883,0.40865059698130207,0.4329896907216495,0.47788397421649254,0.49635197877514925
0.503942329353458,0.531895777178796,0.5574920778632866,0.5782022471910112,0.6062639821029083,0.6492673992673993,0.6844089598580616,0.680461329715061,0.6918918918918919,0.7032157213041537,0.7212708427219469,0.7258883248730964,0.7401079136690647,0.7303976634464165,0.7307692307692307,0.7226128373780902,0.7022201876859693,0.6921348314606741,0.6820756854747337,0.6490867579908676,0.6434802057705211,0.5982592762253779,0.5774200861482657,0.5624291864944482,0.5293848616510405,0.485765523425241,0.46003152443143436,0.4412770809578107,0.4196997270245678,0.3907678244972578,0.3524827432643064,0.3382184566063659,0.3314108251996451,0.30022779043280184,0.29451137884872824,0.26811594202898553,0.27566243598307727,0.2912797281993205,0.27531003382187147,0.28835323271006985,0.2954649564819056,0.2958314657104437,0.3093884973857695,0.33919888863162767,0.3575978161965423,0.3897355445988346,0.39764325323475047,0.43584611963531245,0.4483695652173913,0.5004482294935007,0.5196456961162843,0.5481955230698949,0.5619219490187232,0.5915461624026697,0.6280474166853053,0.6403863432165319,0.6747672041789688,0.691944194419442,0.6975336322869955,0.7130511854642145,0.7320907253536941,0.7400571303010327,0.7415781144019896,0.7408718743084753,0.7306833407771326,0.7086306098964327,0.7089518668466037,0.6844726120416478,0.664659977703456,0.649066909421939,0.6246642793196061,0.5918505177847816,0.5606713540485371,0.5245938628158845,0.5194314901176993,0.4731574158325751,0.45824847250509165,0.4349765781842516,0.3920863309352518,0.38485593031047577,0.35039637599094,0.32841244605950487,0.3113975576662144,0.29347826086956524,0.28647332300199246,0.28025333634924227,0.283230382063601,0.26488566900611277,0.28756241488878803,0.2962962962962963,0.29782359679266895,0.3193898775132887,0.3187250996015936,0.34604842393787116,0.3789860059646708,0.38520008942544154,0.41674187725631767,0.4468132356206973,0.487214301878253,0.49417941109335767
0.511455525606469,0.5357550833904501,0.5707493774054788,0.5942061531551763,0.6064981949458483,0.6385321100917432,0.6499094202898551,0.6867660343270099,0.7034750800182898,0.7224669603524229,0.7171763623821568,0.7288020004546488,0.7270488132557098,0.7310282891782667,0.7278053177106805,0.7246242774566474,0.7156505914467698,0.6838738142510479,0.6809688581314879,0.6623873873873873,0.6412074091013035,0.6157591854803011,0.6004571428571429,0.554619936276741,0.530419107706174,0.4903211614606247,0.46765498652291104,0.4317542213883677,0.41657507144427347,0.38954393770856505,0.36462093862815886,0.3434343434343434,0.3312,0.3166965085049239,0.30140081337550834,0.2796165259073271,0.28164347249834326,0.2779145222644887,0.28721973094170405,0.29406534785507893,0.30002230649118894,0.30425105720008905,0.3172090949621043,0.3507734303912648,0.35999118748623044,0.39067380633645693,0.4242088957734012,0.43175174274791994,0.45694319206492334,0.49072625698324024,0.5262443438914027,0.5487077534791253,0.5728263286635534,0.5999540441176471,0.6267415730337078,0.660229059061307,0.6644616788321168,0.6979972690031861,0.7035546613011402,0.7085792101679528,0.7148576512455516,0.7310267857142857,0.7371667768230887,0.7321833862914208,0.7266825362475655,0.7114405842000443,0.6963930073025005,0.6960472512494321,0.6681474900044425,0.6455555555555555,0.6228871630881682,0.6104157353598569,0.5552578700602813,0.5498986258166254,0.513668430335097,0.4914221218961625,0.46393850327831787,0.41601255886970173,0.38806955756108297,0.3742542450665443,0.35047148630444547,0.33070511376436135,0.32421614409606403,0.3191632928475034,0.2975376196990424,0.28885400313971743,0.30256173551811677,0.28419384057971014,0.29117052347787015,0.2933930571108623,0.2977367611513953,0.3238095238095238,0.32042172816869124,0.3477961432506887,0.37748643761301987,0.4,0.42547603414313856,0.4489795918367347,0.48376259798432253,0.504194060303786
0.5100909292526059,0.5435647943387881,0.5558340929808568,0.6017063313875168,0.6268690024548091,0.6351653261840929,0.6643309222423146,0.6761133603238867,0.7109991235758107,0.7006908847782483,0.7197144173192077,0.7321548444842246,0.7405207857469164,0.7306223320602112,0.7395390467666144,0.7254191209787041,0.7120545534535856,0.6990730273569975,0.6788418708240535,0.6538895152198422,0.6416382252559727,0.6119981751824818,0.5961935335932126,0.569388665774208,0.5366742596810934,0.5076714801444043,0.4772214704555706,0.46033838716765546,0.43014871563767465,0.36951246415177585,0.373187597590899,0.3561395559583145,0.33961850471387856,0.3185880250223414,0.3048310274438648,0.30027611596870685,0.2894499549143372,0.28156650911546255,0.28939122649955235,0.29153318077803203,0.30129810976998406,0.315884070995282,0.32037118868758285,0.3566666666666667,0.3606155218554862,0.3842929627178469,0.4192743764172336,0.4312600413128299,0.45097588978185993,0.5028584495769495,0.5258092738407699,0.5524774774774774,0.5673988439306359,0.6144854457941783,0.6291165114694527,0.6595503066091302,0.669220369535827,0.6964205816554809,0.705045871559633,0.7200529450694904,0.7223349109758846,0.728526924788607,0.74375,0.7295285359801489,0.717207647843486,0.7248878923766816,0.7064876957494407,0.6965965069413346,0.682,0.6434407625964593,0.6141573033707866,0.5924579736483416,0.5827258670201017,0.542138649750793,0.5368951171447339,0.4998892089519167,0.4649489322191272,0.4298440979955457,0.404532196544761,0.38584779706275035,0.3674149811069127,0.3470038733196628,0.32574031890660593,0.3089504770558837,0.3034958806501893,0.3051875140354817,0.28062709966405375,0.27995570321151714,0.28660022148394243,0.29720044792833145,0.31563421828908556,0.32777036048064084,0.3397771207641574,0.36038452939861393,0.3659249269498764,0.3894101876675603,0.42620720924960326,0.4534262485481998,0.4903974988834301,0.5102316168203284
0.5042499425683437,0.545716822015091,0.5763612217795485,0.6033506905139234,0.6241748235829729,0.6364658273381295,0.6652589464325406,0.6958314246449839,0.7014525139664805,0.7135016465422612,0.7297114517583408,0.7391907514450867,0.7339575245489838,0.7395390467666144,0.7369266055045871,0.7274122807017543,0.7224215246636772,0.6883859167809785,0.6858507734303912,0.6578655424894608,0.6376712328767123,0.6053955189757659,0.5831259895951142,0.5650134048257373,0.5312361541869739,0.5044722719141324,0.47766636280765723,0.4578900709219858,0.43010033444816054,0.4056540273726722,0.36511156186612576,0.3648405927256399,0.3334836527621195,0.3257506824385805,0.32048025860078505,0.3028749721417428,0.29570251614339793,0.279810298102981,0.3020103907838265,0.3089775005569169,0.3032897701667418,0.3202511773940345,0.3336397058823529,0.3458342690321132,0.3624638647987547,0.4115935541629364,0.4214417744916821,0.4349112426035503,0.46210720887245843,0.4966947800319125,0.5268915223336372,0.5549954170485792,0.5850873264666369,0.6144256455921638,0.6351321341328003,0.6648685097774781,0.6820008932559178,0.6912060863727904,0.7151528776978417,0.7201426024955436,0.7295454545454545,0.7306019684138246,0.7321468799279117,0.7277284119389382,0.7311095983662356,0.7255348202093764,0.7020417321067983,0.6793737236215113,0.6693174287607687,0.6483663036230274,0.6206739526411658,0.5980861244019139,0.5763052208835341,0.5614937388193202,0.5266138165345413,0.500111234705228,0.4673721340388007,0.444874715261959,0.39932810750279957,0.4004028648164727,0.3653546808983767,0.35565714285714284,0.3268579173255026,0.32831460674157303,0.3022212250392641,0.2924593169837268,0.29434389140271494,0.3007312614259598,0.29597830998644375,0.31022062134173795,0.3038487508440243,0.31919642857142855,0.340956340956341,0.3659526493799324,0.37988325101032777,0.4181494661921708,0.4446456871179534,0.4624889673433363,0.48192239858906527,0.5253549695740365
0.5160054102795311,0.5604175921812528,0.5803212851405622,0.5995418098510882,0.6154363921920575,0.6589301503094607,0.6732628738475377,0.6889194769442533,0.718483624943921,0.710236220472441,0.7317239808699613,0.7406173662003109,0.7443776441772434,0.7482454154403442,0.7465970961887477,0.7239386530340075,0.7200089525514771,0.7111953612845674,0.6758304696449027,0.6805246776345042,0.6381429221665909,0.6179192055969307,0.5952112039756042,0.5745257452574526,0.5210597826086957,0.5131433620499227,0.486198652466855,0.46068660022148394,0.433288409703504,0.4046296296296296,0.3790193842645382,0.3575651412305671,0.3495605138607167,0.3355585224744103,0.30828779599271405,0.3031890660592255,0.31511470985155193,0.29896675651392635,0.2991765782250686,0.3120233288470166,0.31318313629266115,0.34070104934137085,0.3386206896551724,0.36843297101449274,0.37304902176302485,0.40349305866547247,0.4196288844176168,0.4568654019873532,0.46917960088691796,0.5059270856631626,0.5284167794316644,0.5678874497543546,0.5858951175406871,0.6072956541319523,0.6368600682593857,0.6581541218637993,0.6757493188010899,0.6963455149501662,0.7043093922651934,0.718785151856018,0.7354006337709371,0.7411684782608695,0.7261744966442953,0.7377161055505005,0.7343541944074568,0.7230838390649584,0.7017142857142857,0.6994047619047619,0.6940197841726619,0.6445701357466064,0.6239486498450642,0.6048888888888889,0.5679458239277653,0.5585769317924314,0.5310251798561151,0.4908888888888889,0.47007200720072007,0.43546951490876723,0.4278814489571899,0.4054362722704431,0.37744767049291017,0.35854033853594197,0.3385558583106267,0.3185601799775028,0.31814119749776587,0.2942242355605889,0.29805325576191544,0.2867950481430536,0.29463257313982955,0.3106515454747609,0.3192446043165468,0.34011759384893714,0.35929978118161926,0.3736853882300291,0.4245684824030486,0.4295996401259559,0.44583426401608217,0.4819034852546917,0.4886286872326053,0.5148624667258208
0.5222915222915223,0.5487508290957329,0.5800679501698754,0.6097560975609756,0.6424657534246575,0.6627232142857142,0.6897689768976898,0.7003795490064747,0.7110862262038073,0.7329012069736254,0.7308370044052863,0.7398465703971119,0.7389340560072267,0.7381217934418915,0.7351217312894499,0.7251670378619154,0.6982041173893999,0.7040449438202248,0.6970033296337403,0.6795224977043158,0.659846547314578,0.6314591395401775,0.604423164614683,0.5858930602957907,0.54952723998199,0.5199551569506726,0.49201065246338216,0.4634146341463415,0.4546075085324232,0.4281186325560335,0.3866756695926176,0.377116704805492,0.3511416537353137,0.35760553942372125,0.314187643020595,0.33310376492194677,0.3216125419932811,0.31618483951741405,0.30639055889556893,0.3144668326918723,0.3328,0.32653985507246375,0.3534443944169293,0.36302142051860203,0.3891165755919854,0.4077292476560713,0.43872113676731794,0.47825122059476255,0.4851394604481024,0.5147325475974615,0.5515881708652793,0.5652955720386603,0.5977418640690724,0.6293084278407828,0.6520114310837547,0.6753363228699552,0.6836734693877551,0.705087798289059,0.7179203539823009,0.7352418996893032,0.734414249828728,0.7384406165004533,0.7413446504355595,0.7324134811128704,0.7425122932498882,0.7354967770615692,0.7147658525655389,0.6923601637107776,0.6754665452890305,0.6631076783280327,0.6289265536723164,0.6126940004632847,0.5821627647714605,0.5609645131938126,0.5339631129104814,0.5045413260672116,0.47647849462365593,0.449438202247191,0.41668550757404477,0.413769123783032,0.38098360655737706,0.36924104162029825,0.3386267054350257,0.33631156930126005,0.32063492063492066,0.3264987742366838,0.3319052987598647,0.3116651825467498,0.3115910092551785,0.30624580255204836,0.334525939177102,0.32523493009397203,0.36480496453900707,0.37251840285523086,0.3960441582336707,0.42311191992720654,0.4486743711760707,0.4621212121212121,0.49343297101449274,0.5293732255951081
0.5363408521303258,0.5621790578254074,0.594407158836689,0.6205048023229841,0.6353072625698324,0.6535538667858739,0.6879496402877698,0.7046319087044082,0.7069120287253142,0.7268029656257021,0.7343441001977588,0.7506274241387177,0.7452722715880611,0.7421702690780767,0.7377567140600316,0.7417233560090702,0.7304328324736488,0.7063659854357529,0.6997757847533632,0.6790830945558739,0.643219557195572,0.6348773841961853,0.6099421965317919,0.5697415329768271,0.5632389025206335,0.524718326051966,0.5060728744939271,0.4791760977818017,0.4476232394366197,0.4277728085867621,0.4031682284694333,0.3891241363940272,0.36964285714285716,0.35226762460709476,0.34578177727784026,0.331821274665457,0.32086395012246716,0.3197471665213601,0.3216798592788039,0.3163060450591122,0.34084699453551914,0.35471117944212605,0.3542869835628609,0.38303693570451436,0.4117119138433924,0.4157253599114064,0.451627486437613,0.4576116681859617,0.4821628898362127,0.5229898074745187,0.549899531145345,0.5822841726618705,0.6049468331021729,0.6071834507842692,0.6515422440768887,0.6514590088003706,0.6955932203389831,0.6881910659000442,0.7318007662835249,0.7318129988597492,0.7479236812570146,0.7476950753316843,0.747976618705036,0.7493824388052998,0.7400950871632329,0.728759654702408,0.7073170731707317,0.713719445056155,0.6835553614326272,0.6710941017559657,0.6391129032258065,0.6191567369385884,0.5899152164212406,0.5846666666666667,0.5416211492243828,0.5128147482014388,0.4903649965994106,0.4518353726362625,0.44205150976909413,0.41408974657056496,0.40855686100642874,0.361592084551383,0.37511210762331837,0.35062611806797855,0.34351831049202425,0.32577319587628867,0.30750279955207166,0.33134130146082336,0.3196016296966953,0.33162355040142727,0.34432567659768026,0.34658580413297396,0.3724640984727604,0.38731103985341275,0.4065732015628591,0.42982658959537573,0.4456052691346809,0.4767123287671233,0.5159165751920965,0.5513215859030837
0.533717834960071,0.560799813996745,0.5988010657193605,0.6086858176883058,0.6285140562248996,0.6574635241301908,0.6801710555930678,0.703326544467074,0.7042062415196744,0.7360742705570292,0.737351023161682,0.7556780595369349,0.7559641059312759,0.7534095908490981,0.7501674480910918,0.741971454058876,0.7287538529282255,0.7215474583895637,0.7087313930237725,0.6832691872311524,0.654695516395271,0.6383169203222918,0.6106678823797583,0.5783855903935957,0.5586666666666666,0.5291370106761566,0.5029742233972241,0.4742063492063492,0.4514285714285714,0.43291995490417134,0.3982022471910112,0.38763922253767197,0.37737536329085625,0.3593429158110883,0.3551149166291122,0.3385899814471243,0.33431018935978357,0.3374886672710789,0.3311006921187765,0.3322791958436865,0.3472314140745643,0.37650323774283073,0.3688179197161233,0.39008524001794526,0.405417506156257,0.4296465222348917,0.45309979257893523,0.4854875283446712,0.5142983817335403,0.5456631482331344,0.5584122688317547,0.581010650351235,0.6169199364935359,0.6355161437016826,0.643370786516854,0.6774479397430218,0.6884410983170948,0.7061739522307345,0.7332303618711385,0.7360916316035531,0.7347926267281106,0.7466208476517755,0.7438803263825929,0.7489841986455982,0.7469081272084805,0.7438166553210801,0.725,0.7086403215003348,0.7015801354401806,0.6681103259630727,0.6375275938189845,0.6268990169794459,0.604190389432931,0.5768267698611427,0.5475446428571429,0.5223711106064047,0.49598214285714287,0.47537330064631156,0.455727415377718,0.42088535754824064,0.3932027909070448,0.38690074274139097,0.36245227936222774,0.36318067897015266,0.345891165454946,0.3351194463049788,0.3297224102911307,0.32851902796882165,0.33150384193194293,0.3473661009477628,0.3457700650759219,0.35266030013642563,0.3723952498319516,0.3916913946587537,0.4122224765392538,0.44431843955545475,0.4683965402528277,0.47562875584242154,0.5049393803322856,0.5456417295813315
0.548415300546448,0.5725824545658514,0.5983254129893641,0.6266336187471834,0.6549668874172185,0.6673324456280515,0.679144385026738,0.7147065488329934,0.7266301869585043,0.7463898916967509,0.7433868415102871,0.7532207907596624,0.752267197522672,0.7584716852399364,0.7531463899315523,0.7470277410832232,0.7341573033707866,0.7149460708782742,0.6996110729810112,0.6861067327178564,0.6659111514052584,0.6572320035658569,0.6230648418218533,0.6059995522722185,0.582364553630182,0.5449591280653951,0.5146831530139103,0.5045934772622875,0.47986270022883293,0.45800176834659595,0.42045956694653114,0.40846994535519127,0.3952802359882006,0.3748024384736961,0.35889982110912344,0.37325214253495714,0.34067155881698913,0.34417884019477646,0.34629133154602326,0.35007992692395523,0.36874154262516917,0.35902547065337764,0.38740757338113374,0.40393979637007527,0.4207650273224044,0.4374580443052137,0.46186535450682176,0.4900933728080164,0.5098617093629563,0.5337078651685393,0.5664492916572971,0.593201003878622,0.6212965025618178,0.6326201978375892,0.6685597455701954,0.675038897532785,0.7004524886877828,0.7082965578111209,0.7378839590443687,0.7396370154604526,0.7489265536723164,0.7491031390134529,0.7537767756482525,0.7407906558849955,0.7487837240159222,0.7316243194192378,0.7103570636504768,0.7132867132867133,0.6916054330883991,0.6677844846858931,0.6663714854992252,0.64847801578354,0.6074123391034176,0.5886917960088692,0.5508756373309688,0.5331379621280433,0.5065051592642441,0.48397363037053875,0.46275498510199403,0.43751407340689036,0.4075892857142857,0.4045300113250283,0.37963821892393323,0.3668625678119349,0.36110487311924544,0.34922766957689727,0.33590818803796074,0.3397839783978398,0.3534154535274356,0.35520212060967526,0.36282984531392176,0.38132118451025054,0.39175489975219646,0.39995528727923096,0.4280814086439515,0.44674751929437706,0.46736596736596736,0.4978751957056587,0.5311934900542495,0.5462203502549324
0.5590426732896816,0.5931296007138077,0.6049910071942446,0.6278237530753746,0.6674994322053146,0.6664411366711772,0.6959261760072023,0.7058690233401315,0.7279839070183282,0.745641484130532,0.7605032576949,0.7421282463801425,0.7551477170993733,0.7558299039780522,0.7572964669738863,0.7534370069867027,0.7308206958073149,0.7231219073324336,0.7099322799097065,0.6947153549557723,0.6705804164820558,0.644325290437891,0.6215130551216247,0.6010054844606947,0.5826304992021882,0.5497451805894084,0.5272232304900182,0.5028184892897407,0.4906510475332282,0.45188658182630054,0.4343799412694827,0.4190975387420237,0.41679837435086925,0.3779121863799283,0.37897803675481845,0.3722875226039783,0.3620533695160561,0.35855855855855856,0.36145668400814296,0.36172616357885223,0.3729825337165598,0.3814363143631436,0.39904718693284935,0.4260381593714927,0.43343862815884476,0.4559154295996401,0.4762959680992468,0.49499545040946313,0.5262452535179808,0.552248825240546,0.5836322869955157,0.5944855413584398,0.6256467941507312,0.6382159836993434,0.6778933092224232,0.6935483870967742,0.700354609929078,0.7248113626276076,0.7418351477449455,0.744804469273743,0.7527075812274369,0.7516382699868939,0.7605004468275246,0.7542372881355932,0.7533731475337315,0.7402830824533813,0.7166370106761566,0.7088096839273705,0.7037368538823003,0.6883774453394707,0.6632743362831859,0.6232046678635548,0.6182148535089712,0.591237677984666,0.5649861239592969,0.5460346399270738,0.5114134194143417,0.5005636978579482,0.4638269100743746,0.45964277639611123,0.4389745916515426,0.4188586714222024,0.4047128803477465,0.38552571688666365,0.37579473206176206,0.36339225777578876,0.36466335291459556,0.3626943005181347,0.3606959625250948,0.3706896551724138,0.3774685816876122,0.3933393339333933,0.4027491408934708,0.42234089897641297,0.4316498316498317,0.45516769336071183,0.49242595523400406,0.5114279248698801,0.5255918827508456,0.5518501598903609
0.5802847754654984,0.5939312806782686,0.6278586278586279,0.6455491329479769,0.6659882406151063,0.6695692025664528,0.713617116113216,0.7186371841155235,0.7267273939124639,0.7442586399108139,0.7634265423879272,0.7616511318242344,0.7597054886211513,0.7697501688048616,0.7637635379061372,0.754601226993865,0.7370766488413547,0.733363309352518,0.7172552525704068,0.6822787660436839,0.6823185800943609,0.6645753977145418,0.6450717260527533,0.5998162186997473,0.5857238158772515,0.5607869142351901,0.5354185832566697,0.5004551661356396,0.4939785417122838,0.4725568942436412,0.44344501911400946,0.4170290684367132,0.4099309730572256,0.4063348416289593,0.39954493742889646,0.37165714285714285,0.3725359911406423,0.36923076923076925,0.39131403118040087,0.38404327248140635,0.3868515205724508,0.40145653163404643,0.4078276980083372,0.43752829334540516,0.4564721969006381,0.4675147660154475,0.4938025675077468,0.5082949308755761,0.5260231316725978,0.5513137210869077,0.582500555185432,0.6114118177717637,0.6346491228070176,0.6614583333333334,0.667848437846222,0.6863718411552346,0.7089244851258582,0.718510158013544,0.7522023943980122,0.7402159244264508,0.7554963357761493,0.772501130710086,0.7647843485993775,0.7593149733857903,0.7660871528561752,0.7523311348646805,0.7430493273542601,0.721663313212609,0.7151474530831099,0.6932696680309232,0.6651511707206184,0.6528568176644662,0.6182638105975198,0.5992868286160018,0.5881567230632235,0.5412266906313188,0.5282085861991459,0.5070098827855666,0.49048723897911833,0.44660846205507054,0.4487091615261595,0.42105263157894735,0.4099660249150623,0.3825933289153965,0.39424141749723146,0.38245537657814543,0.36951023223729595,0.3674387227344277,0.3841615611527116,0.37735849056603776,0.39437876422038814,0.39708480565371024,0.4121774558623812,0.4370530877573131,0.4619434086422461,0.4839572192513369,0.49865410497981155,0.5248275862068965,0.5444494584837545,0.5735226752175905
0.5871220361105068,0.6018704074816299,0.6218994413407821,0.6602870813397129,0.6653297682709447,0.7026055705300989,0.6997031285681663,0.7270493634129997,0.7424620267513036,0.7418557627499438,0.7680860805860806,0.7673642030276047,0.7638317329675355,0.767191011235955,0.7723214285714286,0.7620018115942029,0.7497761862130707,0.7345874886672711,0.723489932885906,0.7187222715173026,0.6819516602665462,0.6711485870556062,0.6461845607808341,0.6191016333938294,0.5940209949794615,0.5843834383438344,0.5542489460838695,0.5334230596680125,0.5100626118067979,0.48058142175789237,0.47082860385925085,0.4407744874715262,0.4266096352994147,0.4069664902998236,0.3981523208652546,0.39470707984618864,0.406305114638448,0.3851706036745407,0.3811981153242091,0.3910414333706607,0.40547762191048764,0.41247216035634743,0.423152817364613,0.44540612516644473,0.46302177858439203,0.4672383465259455,0.4983549023908752,0.5301951779563719,0.5550799729668844,0.5704940221069253,0.5920107719928187,0.612268253604944,0.6362186788154898,0.6635704576347984,0.6942774437764417,0.7004504504504504,0.7269455690508322,0.7395696091348265,0.7415185783521809,0.7510511175038725,0.7748167888074617,0.7721322387397381,0.7642148014440433,0.7664152617568767,0.7585666293393057,0.7590171325518486,0.747380410022779,0.7215360431169998,0.705217980573752,0.7055380459252589,0.6806201550387597,0.6555404178019982,0.6358916478555304,0.6093023255813953,0.5938215102974829,0.5619047619047619,0.5425266500340213,0.5265185856754306,0.5077202543142597,0.46859578286227005,0.4465845464725644,0.44145785876993165,0.41708201178069776,0.42031963470319633,0.40022522522522525,0.4043815609310817,0.3991926440906033,0.3949211908931699,0.3931643277501132,0.403976502485314,0.40601503759398494,0.41480820695807313,0.43272481406355645,0.45594812164579607,0.4602222222222222,0.47619047619047616,0.5044483985765125,0.5244204366419086,0.5505107832009081,0.5725463894477979
0.5831460674157304,0.6155222545291881,0.6345589893976991,0.664654594232059,0.6799255640846709,0.6860358291226458,0.7117884356790677,0.7401717126073204,0.7475858971479901,0.767824074074074,0.7719720157411456,0.7587610219308162,0.7635702929820577,0.7789613848202397,0.7684996605566871,0.7721404303510758,0.7664332505082448,0.7450444292549556,0.7222862410693708,0.7177365242675017,0.6939469508048062,0.6650953984287318,0.6674876847290641,0.6385325230699977,0.5998197386210005,0.5903083700440529,0.5630741653596236,0.5426651735722284,0.5149002912838898,0.4975314183123878,0.463898916967509,0.4544829167622105,0.4468132356206973,0.43287609624465934,0.41801437556154536,0.40855855855855855,0.4046089076002659,0.407602473093657,0.40327868852459015,0.4146341463414634,0.4135086937137762,0.428380187416332,0.4429323968393327,0.4585310734463277,0.46909417846707124,0.48751932847360285,0.5154798761609907,0.5277777777777778,0.5587703435804702,0.5626959247648903,0.6053832116788321,0.6264032330489447,0.6535538667858739,0.6665209790209791,0.6863016863016863,0.7135272391505079,0.7251356238698011,0.7389487574224763,0.7595787586825006,0.7633002705139765,0.7737467018469657,0.7715922107674685,0.7700158766160127,0.774346257889991,0.7677218011591619,0.7594594594594595,0.7573610803630728,0.7447951645399598,0.722072072072072,0.6956717763751127,0.6862302483069977,0.6679955703211518,0.6401795735129069,0.6103275705186533,0.5921723019916628,0.5782312925170068,0.5405645699044233,0.5266138165345413,0.5227833894500561,0.49842696629213484,0.47075828329997776,0.4563328760859625,0.42339261285909713,0.43557582668187,0.42576714801444043,0.4181130396083667,0.4118564742589704,0.39964077233947015,0.4298128342245989,0.41045280468574,0.4283166109253066,0.4355786618444846,0.4455852156057495,0.47222862410693706,0.48604860486048607,0.5095259193619849,0.5283191928456776,0.5425457917922559,0.5584532374100719,0.5989073526064193
0.6147578089633319,0.6295201273595633,0.6553916004540296,0.6550266903914591,0.6852473695992837,0.7001135073779796,0.7218645948945616,0.7373424718107451,0.7516339869281046,0.7712777655597097,0.775195530726257,0.7760791366906474,0.7795864496260448,0.7871948410870566,0.7866127583108715,0.7646657571623465,0.7632606199770379,0.7529464087169224,0.7364238410596027,0.7275395033860045,0.7054488610987047,0.6836170683174884,0.662829311489927,0.6511680143755616,0.6204942189979596,0.6042435424354243,0.5827239488117002,0.5586579599189372,0.5356748398497901,0.5128375387339531,0.49796656122910077,0.46255309635591324,0.45815666145949563,0.4495286272706369,0.45011286681715573,0.43776029615918555,0.4352732905510069,0.4106324472960587,0.4425599276345545,0.42955012559945194,0.4357976653696498,0.4426823742637064,0.46578767901795864,0.47129352086695875,0.48567086409031696,0.5118613138686131,0.5388137810728304,0.5438754793593503,0.5457809694793537,0.6143114311431143,0.6027610777109775,0.6398458748866727,0.6616813958758214,0.6819098856758574,0.698939291356353,0.7144781144781145,0.7354147675478578,0.7491119005328597,0.7616886064457558,0.7781793539643099,0.7784539102997521,0.7717684021543986,0.7889288928892889,0.7791970802919708,0.7711227510817581,0.7725729803122878,0.7630439735702894,0.7402395740905058,0.72480181200453,0.7196448390677026,0.6874579313439533,0.6749261195726302,0.644551946556093,0.6331713780918727,0.6144256455921638,0.5890778871978514,0.5739189495132443,0.5436211194198958,0.5176756517896598,0.5037474449239155,0.48175509290351465,0.469804822043628,0.4492655367231638,0.45374149659863944,0.42940125111706884,0.4401095140314853,0.439477760566497,0.4261894175188973,0.4257847533632287,0.4342193433102524,0.44873258734870974,0.458675799086758,0.46786114221724523,0.4700460829493088,0.5174019064508978,0.5051381593971226,0.5355762673334848,0.5539024948500801,0.5738648947951274,0.6066798505822896
0.6235348195817053,0.6360986547085202,0.6615419398598237,0.6795418818773861,0.702185176841631,0.7033135834979153,0.7448229792919172,0.746145251396648,0.7517210748389962,0.7729208697601435,0.765947888589398,0.7901987353206865,0.7931581332125056,0.7854269110415736,0.7714861235452104,0.7780031552851026,0.7655933348344968,0.7571913929784825,0.760072843159572,0.7445141065830722,0.724510465901418,0.6965095194922938,0.6713395638629284,0.6514209591474245,0.6243255395683454,0.603530210454854,0.6009560664693832,0.5709721588315837,0.5396645512239348,0.5213844797178131,0.5001122334455668,0.4952019638473555,0.47735346358792186,0.4725374489332728,0.4389803744642454,0.4380317314325132,0.45200540784137,0.4459858994769161,0.4530399274047187,0.44518272425249167,0.4588314910895556,0.46546746613368867,0.4838929219600726,0.4913910285455369,0.513648771610555,0.5340360122968819,0.5463894477978986,0.546973803071364,0.5834817453250223,0.6074596315669775,0.6255575379125781,0.6490373976543483,0.6654561960962324,0.6970778496542493,0.7177510768533213,0.7239042024401265,0.7338049966836171,0.7565863544246791,0.7614719574373753,0.7710597826086957,0.7810251798561151,0.784344687570494,0.79285553808133,0.7930346051464063,0.7789641072239891,0.7607361963190185,0.7639074321317312,0.742350332594235,0.7467606274153217,0.7382059800664452,0.7076023391812866,0.6860653837236262,0.6690744920993228,0.6426747155792896,0.6225500990971152,0.613677130044843,0.5727498308143469,0.5636363636363636,0.5427225835389101,0.5319054979024067,0.5057783820530252,0.48123620309050774,0.48009950248756217,0.4489009743938364,0.46605714285714284,0.44431971261787157,0.4523754877209089,0.42111315547378103,0.4287628405538187,0.4521371326803206,0.454320987654321,0.47626373626373625,0.4946748243825062,0.5059725039441064,0.5207289293849658,0.5325470628260377,0.5541573033707865,0.5693447037701975,0.5902196060674666,0.6065241844769403
0.6158025809372878,0.6525366403607666,0.6681113138686131,0.694476542639242,0.70994229915668,0.7264065335753176,0.7459770114942529,0.7559108308939428,0.7566899033055993,0.7750950145316342,0.7858780375974324,0.7911718574949586,0.7952773446201826,0.799954843079702,0.7948022598870057,0.7910182303245887,0.7648782687105501,0.7715224534501643,0.7514915098669114,0.7458399817643037,0.7154115586690017,0.7035698147311342,0.68016103779915,0.6623083859332732,0.6420776953295504,0.6066518847006652,0.5983863738233975,0.5776610324349017,0.5792136123246724,0.5450470640968176,0.523600185099491,0.5015873015873016,0.5013321492007105,0.4878323569175304,0.4749202006383949,0.47552286830613655,0.4815971447691278,0.45536698258761293,0.4824420472802387,0.47123104371097235,0.47748151467622674,0.488420087135978,0.5011210762331838,0.5108521818597213,0.5211827007943513,0.5322263491369893,0.5516196690748078,0.5777975925100312,0.5889584264640143,0.6111599297012302,0.6402312138728323,0.6537615486141664,0.6600088770528184,0.6919315403422983,0.7187993680884676,0.7437096415052327,0.7455846188240555,0.75,0.7735420921261629,0.7792061344158773,0.7917133258678611,0.8045701849836779,0.8029589778076665,0.7883096366508688,0.7961207846594666,0.7852720035382574,0.7612773559624832,0.748780487804878,0.7464570416297609,0.7241691159846259,0.7074057246706043,0.6981004070556309,0.6605275125056844,0.6472125435540069,0.6293785310734463,0.6185897435897436,0.5909192574368151,0.572289156626506,0.5614617940199336,0.5286794130724767,0.5188592456301748,0.5011101243339254,0.49540667712301145,0.4843507214206437,0.4899598393574297,0.4665023526775711,0.4622404745608031,0.47971579188631674,0.4662009914375845,0.46642952423299244,0.48166259168704156,0.4983172537581333,0.5069367980621009,0.5316174839139117,0.5325091575091575,0.5372628726287263,0.5618406285072952,0.5925165411818389,0.5985008198641368,0.6318327974276527
0.6433612704014116,0.6599821746880571,0.6787157611136058,0.7007801743919229,0.719055189643425,0.7325766174801362,0.7487179487179487,0.7602862254025045,0.7829150154117129,0.7841163310961968,0.7947637009096961,0.7955456570155902,0.8053016453382084,0.7967878652687932,0.7906354515050167,0.7871559633027523,0.7854414738261065,0.7719416386083052,0.7611272645940506,0.7389195148842337,0.744515843119876,0.7267910619672886,0.7026787690945318,0.6817781690140845,0.6752506836827712,0.6492239467849223,0.6111859838274932,0.6031379787724965,0.5841916703985669,0.5688909132316101,0.5549028468142793,0.5369024014100022,0.5014570724052902,0.4930710773357175,0.5120053357047577,0.4715240949965414,0.48516900436882043,0.4742547425474255,0.48928092898615455,0.48981900452488686,0.493978590544157,0.5067521171892881,0.5137449301487156,0.5210103329506315,0.5296532846715328,0.5442608105048675,0.5778650646950092,0.5870206489675516,0.6216454025516938,0.6354049809288759,0.6560700299470168,0.6756147078727723,0.6915805671576171,0.7038188277087034,0.7278565101860053,0.7472801450589301,0.7675236211821578,0.7672552166934189,0.7866256049274087,0.7933884297520661,0.7883597883597884,0.7967388876479785,0.8017048003589053,0.801123595505618,0.7937628044616435,0.7968010813246227,0.7705656975433852,0.7552118359112306,0.759092950157162,0.7415881561238223,0.7265660722450846,0.7092134831460675,0.6865371734762223,0.6758760107816711,0.6498002663115846,0.627848678213309,0.6037028873705091,0.5868983957219251,0.5745430521911473,0.547208352246936,0.5349611542730299,0.5259174311926605,0.50550685547314,0.5044583147570219,0.4978206010552879,0.489216799091941,0.4894342194955692,0.5009107468123861,0.48493771234428085,0.47622267297723686,0.4927569556219821,0.5076992753623188,0.5277652370203161,0.543547651618787,0.5578576151642054,0.5576233183856503,0.5809965237543453,0.6144907723855092,0.6312402928777457,0.6266336187471834
0.6574284416174466,0.6789848619768477,0.6958609650125772,0.7098915689311794,0.7154507383733745,0.7300655071154281,0.7754094682521876,0.7803198578409596,0.7821738164036453,0.7969610218013653,0.8084386281588448,0.8175264699256589,0.8096824339329336,0.8110412926391383,0.7960143304970891,0.7956304050978608,0.7995604395604395,0.7798083351905505,0.7807486631016043,0.7631578947368421,0.7466876263193353,0.7190175754844524,0.7107720337053063,0.6825146462370437,0.6758375859773685,0.6484618814088274,0.621009735114331,0.615697805926261,0.5942613763730106,0.5714285714285714,0.562528216704289,0.5587366507611906,0.5325917686318131,0.51599819738621,0.5111828452847591,0.5171318357159065,0.5109604519774011,0.5102322372959301,0.515990020412792,0.5051918735891647,0.5099307159353349,0.5158766682006443,0.5231595435220407,0.5525134649910234,0.553932584269663,0.581989247311828,0.5788061703554661,0.6010556410820321,0.6353774629178658,0.6468742997983419,0.6592860370537732,0.6798206278026906,0.6992036405005688,0.7299483262188272,0.7452873563218391,0.7550883471259227,0.7701353450188596,0.7715231788079471,0.7859237536656891,0.8071476736345247,0.7981345769487008,0.8042128603104213,0.8179556761646314,0.8142857142857143,0.8050356506238859,0.7919855920756416,0.7959044368600683,0.7731513083048919,0.7564592226465963,0.7474584103512015,0.7275143996455472,0.6963673749143249,0.7059085841694538,0.6794900469693581,0.6614560071460474,0.6412946428571429,0.6134491204631485,0.6043710972346119,0.5800132071318512,0.5653447498873366,0.5437373510231617,0.5285053929121726,0.5278154681139756,0.5107006082451002,0.5027548209366391,0.49318435754189943,0.5082478823004905,0.50509977827051,0.496800731261426,0.5034590493193484,0.511474664848898,0.5159002516586594,0.5324500336851561,0.5381489841986457,0.5687319564734621,0.5779711472406687,0.598349687778769,0.621841155234657,0.6414634146341464,0.6629846708746618
0.6763775971093045,0.6776971894832275,0.7021370345891166,0.7163802978235968,0.7280625543006082,0.7647989154993222,0.7650384441429218,0.7814956209297103,0.7983834755276156,0.7951295799821269,0.7973309206061977,0.8099934253780408,0.8170731707317073,0.8095546908776481,0.8026435733819508,0.8047205522155422,0.7954850245864997,0.7854578096947935,0.789112635538836,0.768892997457823,0.743496946392219,0.738580931263858,0.7218214607754734,0.7094170403587444,0.6866666666666666,0.665282028858767,0.644678979771328,0.630890642615558,0.6185875316310099,0.591189226204063,0.5795583883450944,0.5615763546798029,0.5514523755910831,0.5347003154574133,0.5411976587122918,0.5315561631351104,0.527512505684402,0.5223476297968397,0.5428505428505429,0.5287640449438202,0.5272399819900946,0.536105522021015,0.5461644464859899,0.5707895325430552,0.565373402108096,0.5878037597432371,0.6122403888643394,0.6286478057473824,0.6613411341134113,0.669149176258181,0.6706145251396648,0.7032014228546021,0.6993434457776772,0.7255570713960892,0.7474882786336235,0.7518865767207866,0.7729878468241229,0.7853625783348255,0.7973944294699011,0.7982456140350878,0.798294817141575,0.8045977011494253,0.8151508278521207,0.8155691332880742,0.8182854537163703,0.8062850729517396,0.7996398018910401,0.7882852671585066,0.7631282398016678,0.7511726602635693,0.7443708609271523,0.7328705776981639,0.7059085841694538,0.6951026856240127,0.6805555555555556,0.6500566251415628,0.6283499446290144,0.61619951445597,0.5944679901851438,0.584406779661017,0.5639547772112614,0.5682986809747373,0.5536897923110915,0.5414352366140858,0.5368003525782283,0.5196939005176683,0.528115159694107,0.5175497429018556,0.5175321793164669,0.5190105359596885,0.5306302335830763,0.5403118040089087,0.5504135926671138,0.5789950203712086,0.5752333257455042,0.5872537659327925,0.5984090909090909,0.6271493212669683,0.649444822116474,0.6709908297919929
0.6881233000906618,0.713961407491487,0.7305617977528089,0.7480190174326465,0.7501680483979386,0.7531702898550725,0.786216277488098,0.7818791946308725,0.8031818181818182,0.8102189781021898,0.8081123244929798,0.8207762557077626,0.8295154185022027,0.8194254445964432,0.8091276978417267,0.810368349249659,0.8000446827524575,0.7977426636568848,0.7880946908756608,0.7789806044203879,0.7522004062288422,0.7477012783135232,0.720771850170261,0.71186062095153,0.6959261760072023,0.6776212832550861,0.658006718924972,0.641169853768279,0.6330837304288631,0.6086655911500346,0.595591542959964,0.5707793683253806,0.5789960675456859,0.5635640061905814,0.5543624161073826,0.5484167049105094,0.5528089887640449,0.5380595319245626,0.5362544483985765,0.5370496261046906,0.5624436429215509,0.5681610247026533,0.574281867145422,0.5793846844823715,0.592701722574796,0.6101656455638756,0.6286995515695067,0.6409795551561447,0.6491825613079019,0.6784587652095538,0.7056296631245761,0.7079982126899017,0.7245416390545615,0.7502212389380531,0.7580314422419686,0.7751164337990686,0.7949231796927188,0.8017375807529517,0.8114015322217215,0.8114493412085416,0.817274994332351,0.8139327843311819,0.815658844765343,0.8285067873303168,0.8132295719844358,0.8142857142857143,0.795909193077096,0.7987987987987988,0.7741213342287889,0.7745982830728594,0.7426188866351138,0.7280465949820788,0.7186502507979936,0.6990658362989324,0.6889863772800738,0.6690793938023072,0.650709219858156,0.6369555455770094,0.6212601994560291,0.6068745731846119,0.5988023952095808,0.5843771350489638,0.5660714285714286,0.556039422415769,0.5426059513074842,0.5426675817890643,0.5400626678603402,0.5448259967734501,0.5460149713782475,0.5577268643306379,0.5610254083484574,0.5797860232187572,0.5709413369713506,0.5753394168706877,0.5923094220823026,0.6251131221719457,0.6358355674709563,0.6396761133603239,0.6707671661820622,0.6821071752951862
0.7043242019470228,0.7172774869109948,0.7320936639118457,0.7503358710255262,0.7594594594594595,0.7698215495821098,0.7813838178949741,0.8108959927960379,0.8077096483318305,0.8236592363716619,0.8173952641165756,0.8218338629142079,0.8247470101195952,0.8258639910813824,0.8253896543934944,0.8185053380782918,0.8033296337402885,0.8116940862605603,0.7959964012595592,0.7910617059891107,0.76830650646112,0.7498291182501708,0.7459435430095577,0.7311299687360429,0.6993333333333334,0.687139689578714,0.678054298642534,0.6650246305418719,0.6428408832233098,0.6196113468840742,0.6271792579347341,0.5987202925045704,0.5915710503089144,0.5848020141908904,0.5782599070179323,0.5687224669603524,0.5871307533776048,0.5745732255166217,0.5697158081705151,0.5589150733659404,0.5742315238718116,0.584162795841628,0.5839677563815495,0.6068667576170986,0.6195775607540314,0.6383598476361192,0.6279707495429616,0.6471501441561321,0.6559963931469792,0.6813330429100414,0.6956813604833296,0.7215104517869184,0.7388838475499092,0.747902969848107,0.7762681159420289,0.7731564748201439,0.7896629213483146,0.8024444444444444,0.8064804469273743,0.8119696292987941,0.8237768430374142,0.8341168569509738,0.8294322132097335,0.8313253012048193,0.815931593159316,0.8206707734428473,0.8091857111160418,0.8108710180441078,0.7933394160583942,0.7757616487455197,0.7574279379157428,0.7317731773177317,0.729871912168344,0.728428093645485,0.7010354703679225,0.6998648039657503,0.6776747342230265,0.647912885662432,0.6497496586253982,0.6276255707762557,0.6149054505005562,0.6056177209408541,0.5838607594936709,0.5731926358329591,0.5800577392849212,0.5670844939647168,0.5623432869842717,0.5518690555186906,0.5612728503723764,0.5765972063201282,0.5724923346473938,0.5826418479479704,0.6001374885426215,0.6170546105640108,0.6140592694693315,0.6229217468410552,0.6450897805364664,0.6686635944700461,0.6777476255088195,0.701047003787035
0.7108132666969559,0.7273339317773788,0.744661921708185,0.7618625277161862,0.7771593944790739,0.7873252142534957,0.7907921462423833,0.8082161196695691,0.822926162260711,0.8196647032170367,0.8255943123750278,0.8424517593643587,0.8210116731517509,0.8309222423146474,0.831033702782176,0.8304701627486437,0.8222950819672131,0.8105667193497403,0.804416403785489,0.7928225451343021,0.7713134929514432,0.7561304836895388,0.7566452795600367,0.7308992562542258,0.7281532027294739,0.7113518393139246,0.6922204581537764,0.67361429225836,0.653093012906097,0.6555176336746302,0.6379079123826553,0.6257244761480161,0.60607424071991,0.6009583968634284,0.5872105843439912,0.5931111111111111,0.5880637199910254,0.5944372574385511,0.5973879756811529,0.5973050585376629,0.5991389077724903,0.6101019051838724,0.590515275877793,0.6206130608618392,0.6336971350613916,0.6405141843971631,0.6613418530351438,0.6834181979189727,0.6942281264315162,0.7008718980549966,0.7160780669144982,0.741422979507253,0.7618613138686131,0.7608256674893427,0.7778275475923853,0.7877820834283109,0.8081471747700394,0.8144469525959368,0.8293296728437428,0.8341200269723533,0.831262706121527,0.8278542869835629,0.8278763074124602,0.8321299638989169,0.8338218714768884,0.8180999549752364,0.828132170720514,0.8080942850789415,0.7927989130434783,0.7883046237533998,0.7716659182757072,0.7635832959137854,0.7521446788778112,0.7236080178173719,0.72,0.7027892089620484,0.6855786618444847,0.6677837354781054,0.6516700749829584,0.6284055381866905,0.6300158694173656,0.6120454545454546,0.6089485458612975,0.6077986851054182,0.5824200913242009,0.592246613731901,0.5862068965517241,0.5942806076854334,0.586555360281195,0.5900182315405652,0.6010156767498344,0.5937640197397936,0.611821790913101,0.6404240920369952,0.6358720144209103,0.6401962971224626,0.6586907449209932,0.6886686190583464,0.6940730837789661,0.7164750957854407
0.7212780421481985,0.7443208159480761,0.7515555555555555,0.764007171671896,0.7838150289017342,0.7955051179350244,0.8014375561545373,0.8155652774579784,0.8269731136166523,0.8182025547445255,0.8457387002473578,0.8351598173515982,0.8402620876638048,0.8425125170687301,0.8429515418502203,0.8316056208246948,0.8257022782570228,0.8266818700114025,0.8164017507486754,0.8038073908174692,0.7953877458738413,0.7759250799451805,0.7635524798154556,0.7534521158129176,0.7285878300803674,0.7237264800367141,0.7100821167883211,0.6992648696814435,0.6790666960158486,0.6640127388535032,0.6546220350254932,0.6441552613865829,0.6332660838377046,0.6179159049360147,0.6163507650148435,0.6178918169209431,0.6133973479652493,0.6109139307897072,0.6127794084443441,0.6231527093596059,0.6159075458871516,0.6223585548738922,0.6295728368017525,0.6439080459770115,0.6515999104945178,0.6648501362397821,0.6746335963923337,0.6938962826984856,0.7054871220604704,0.7161947904869762,0.7412790697674418,0.7296296296296296,0.7652405231655952,0.7789637536135201,0.7870938423085663,0.7929784824462062,0.8131717356505831,0.8193491255257914,0.825125398996808,0.8370489542633878,0.8387759762502854,0.8341168569509738,0.8406392694063927,0.8437287366749829,0.8450895894760717,0.8389400921658986,0.8249943400498075,0.8202659330582301,0.8017758046614872,0.7957484111330265,0.7816377171215881,0.785552536231884,0.7635059403721138,0.7379450202794051,0.7357980162308386,0.709896068685043,0.6936976641692375,0.6721386228910169,0.6757002960601229,0.6633776961909132,0.6435216700703427,0.6347589952477937,0.6214663295794071,0.6314490803050695,0.6050248981439565,0.606705935659266,0.6056462284958094,0.5985267034990792,0.6043390740326549,0.6345326997058158,0.6291525423728813,0.6197478991596639,0.6420286559017512,0.6375973303670746,0.6448283598833296,0.6703996486605183,0.6742633517495396,0.6769473210265646,0.7109800362976406,0.7243518723687126
0.7315043849786372,0.7617962160930021,0.7607030193780983,0.7940452205059324,0.7948139797068771,0.8046103183315039,0.8115022960857206,0.8274847181344804,0.8312720848056537,0.839873703202526,0.8490652074783401,0.8448275862068966,0.8495354634035803,0.8492554410080183,0.8455718736092568,0.8512508451656524,0.8409039032184433,0.8388901320205863,0.8311832740213523,0.8116794929832504,0.8014135886912904,0.7912684622067767,0.781941309255079,0.7567567567567568,0.755125284738041,0.7323311644603994,0.7136191957342812,0.711046899310958,0.6908566355969818,0.6841744690568623,0.6669630947087595,0.6571621014818141,0.6475318293500112,0.6415391539153915,0.6387527839643653,0.6229910714285715,0.6445414847161572,0.6284051222351572,0.6280419736548337,0.6243291592128801,0.6301309074772576,0.6376033981667785,0.6519551795106334,0.6566861773975686,0.6626957864548864,0.6729459827507944,0.6893956670467503,0.7179253867151957,0.7260869565217392,0.7237136465324385,0.7458314556106355,0.7651052274270197,0.7862424378220928,0.7840124693832109,0.8022246941045607,0.8107556160653506,0.8290674382372579,0.8226666666666667,0.8405632523279583,0.842516069788797,0.8475719424460432,0.8473456368193211,0.8488918737407656,0.8491620111731844,0.8453887884267631,0.8414851044908849,0.8335616438356165,0.8256283662477558,0.83125,0.8027256478999106,0.800811176205498,0.791268758526603,0.7764493570945183,0.7548932384341637,0.7540800357701766,0.731829573934837,0.7253161748391391,0.6946716780897634,0.692171213129297,0.6901088929219601,0.6737894976130939,0.6656058195044329,0.6525768535262206,0.6414584740040513,0.6217381438620376,0.6396574440052701,0.6386951631046119,0.6359851988899168,0.6301401332414427,0.6210691823899371,0.6560786106032906,0.6440338379341051,0.6472283813747228,0.6610401459854015,0.6689825190497535,0.6894606183705709,0.7025489303595812,0.7061085972850679,0.7375709421112372,0.7434985552344966
0.7558113292710449,0.7622582096266307,0.7873962771921955,0.7966485507246377,0.8004904146232724,0.8127650078107566,0.829141173804668,0.8311775200713648,0.8431638418079096,0.8497070752591257,0.8462052081014912,0.855683836589698,0.8579658763571903,0.857461521302699,0.844469525959368,0.8525179856115108,0.8473367506128816,0.8372248165443629,0.8334829443447038,0.8242370238360437,0.8145328719723184,0.8051948051948052,0.7904527117884357,0.7768463978251019,0.7653463053046097,0.7489923869234214,0.7323209428830463,0.7285905441570026,0.7059629883481837,0.7030040964952208,0.6849588980226616,0.673559172899252,0.6783704704028809,0.6621531631520533,0.6601174345076785,0.6482885366413967,0.6650728597449909,0.6488808501017409,0.6492217459959395,0.6461711711711712,0.669193045028979,0.6657620985979195,0.6696171719406948,0.6835841006063328,0.6920314253647587,0.6937269372693727,0.6980132450331126,0.7253664036076662,0.7301980198019802,0.7374125084669225,0.76497277676951,0.7738334449653941,0.7861790442001346,0.7996834727560479,0.8131154879140555,0.8174069089277703,0.8291862811028917,0.8450830713964975,0.8446709505871925,0.8506205673758865,0.8514962036623492,0.8487279394911758,0.8464342674868991,0.844494382022472,0.8508932661475035,0.844409519533004,0.840339892665474,0.8272907053394858,0.8236753100338219,0.8156765303817484,0.8140311804008908,0.8035949145111793,0.7895212285456188,0.7731481481481481,0.7595078299776287,0.7357535753575357,0.7273326015367728,0.7159844500343014,0.7015357222345872,0.7021709633649932,0.6839935882757041,0.6802542187157572,0.6730812768847634,0.6617807919492452,0.6499435028248588,0.6592760180995475,0.65492483733453,0.654012275517163,0.6399378054198134,0.6549045716822015,0.6632112924569916,0.6569860507660645,0.6846927374301676,0.6986483492133836,0.7035986913849509,0.6991410488245932,0.7314629258517034,0.7312243969048703,0.7435494727395109,0.7563669145819247
0.7721322387397381,0.781716833890747,0.7877984084880637,0.8066485753052918,0.8075972128568217,0.8227848101265823,0.8343062415806017,0.8427869584635999,0.8535342344338578,0.859448554135844,0.8605068400986768,0.8688162544169611,0.8648526077097506,0.8649701971572673,0.8554410080183276,0.858021978021978,0.8535017730496454,0.848966613672496,0.8491171749598716,0.8271521690267476,0.8223455933379598,0.8124717577948486,0.8029411764705883,0.794889502762431,0.7790568961700244,0.7686873290793071,0.7523553162853297,0.7323692992213571,0.7254766827475304,0.7196814562002275,0.7062639821029083,0.6963800904977375,0.6794871794871795,0.6905083220872694,0.6805305755395683,0.6842815381155836,0.6703613389492352,0.6728624535315985,0.6737269040108157,0.677491103202847,0.6772354014598541,0.6833994863413495,0.6934046345811051,0.707832665776591,0.7048808172531215,0.7191796258733378,0.7389944134078212,0.7458149779735683,0.7611940298507462,0.7707780725022104,0.7677218011591619,0.7827632163482896,0.8004524886877828,0.8063162544169611,0.8238446081714669,0.8244459073952162,0.8377772798565987,0.8495102404274265,0.8428344310697252,0.8580484491736473,0.8625581910884504,0.8562514444187659,0.8655901751193996,0.8703703703703703,0.8512672298799466,0.8542724663281077,0.8556418455915943,0.8508791961635076,0.839503334099793,0.8295036764705882,0.8216085908393601,0.8093841642228738,0.7918096545412949,0.7862976406533575,0.7678046574723039,0.764496778493668,0.7435100954071444,0.7351796749828337,0.7257441490570324,0.708549515001128,0.7010127697049758,0.6928813559322033,0.682013089596028,0.6903727418248342,0.6781067743382683,0.669578853046595,0.6645612452064065,0.6772486772486772,0.6727474972191324,0.6821493624772313,0.6799544419134397,0.688643034545044,0.7078626299141437,0.7059087845427994,0.6979425729143115,0.7227902749375142,0.7347991922818039,0.7458305537024683,0.7591899625797931,0.7708428246013668
0.7884615384615384,0.7912665752171925,0.8026286966046002,0.8152753108348135,0.8338914936369726,0.8350861490266279,0.855623444218149,0.8399729912221472,0.8671978751660027,0.8603502469690166,0.8629498000888494,0.8695652173913043,0.876049491825011,0.8573336300912531,0.8778781038374718,0.8705465811020138,0.861675416571559,0.8597089586175535,0.8489176523097522,0.8428063943161634,0.8359836437982735,0.8237668161434978,0.8042986425339367,0.8105805873122618,0.796442242738122,0.7841890049977283,0.7675399644760214,0.7563669145819247,0.7440715883668904,0.7433155080213903,0.7305157918654851,0.7067395264116576,0.7214932126696832,0.7050701674966048,0.6864025213867627,0.6900742741390952,0.6947919035706164,0.691975448965674,0.698716505291601,0.6922060766182299,0.6946830740654748,0.7135369188696444,0.7254275940706956,0.711439444817551,0.7179899036255163,0.7313365100975721,0.7421483841602184,0.7534432151727252,0.7609129182362065,0.7798396334478809,0.7955752212389381,0.8086350348549584,0.8014689006196924,0.8150700155590132,0.8283983849259757,0.839332748024583,0.8439990890457755,0.854320987654321,0.8585789353438428,0.865077580391275,0.8691463141384719,0.8617777777777778,0.8688085676037484,0.8706610656643821,0.8589628967367009,0.8704206241519674,0.8667866786678667,0.8510445049954587,0.8365831012070566,0.8307585888863269,0.8282784202487453,0.8245415440344125,0.8155820761089845,0.7921035021191166,0.7890909090909091,0.7715827338129496,0.7554951280308181,0.7433868415102871,0.7491087344028521,0.7307867212369259,0.722234788509387,0.7215246636771301,0.7200550711335475,0.6940752421716603,0.7020635288662184,0.6980615735461801,0.6957303370786517,0.6912599318955732,0.7076652756424335,0.6985228290062668,0.6965196187098205,0.7058692256192814,0.7091111111111111,0.7249328558639212,0.7223362993383527,0.7295768273365014,0.7431838170624451,0.7609964093357271,0.772318339100346,0.7785778577857786
0.8024523160762943,0.8117145421903053,0.8123756906077348,0.8262942779291553,0.8277994046256011,0.8436604189636163,0.8516373357095122,0.8501460345989665,0.8708050010967318,0.874804731086811,0.8766439909297052,0.8775976250285453,0.8886166184005346,0.8748625467341105,0.8776785714285714,0.8755403868031855,0.8706857911250561,0.8647256438969765,0.863013698630137,0.8574955116696589,0.837299771167048,0.8315168029064487,0.8213808463251671,0.8066348557146104,0.8045230631437528,0.7928170594837262,0.780241935483871,0.7735764123340085,0.7718075539568345,0.7569801206164842,0.744364193477785,0.7407580720636406,0.7377926421404682,0.7296431838975297,0.7238398544131028,0.7235975471269589,0.723892586642185,0.7208448117539027,0.7100671140939597,0.7097361237488626,0.7307518115942029,0.7177700348432056,0.7328453796889296,0.7351363433169423,0.7466517857142857,0.7438182223212296,0.7689570824994441,0.7782022471910113,0.7880361173814898,0.7867728378677283,0.7925591882750845,0.8183257918552036,0.823556161891769,0.8401888064733648,0.8457446808510638,0.8474690663667042,0.8595581605049594,0.865010073875084,0.8629679144385026,0.8786219484371435,0.8762700383833822,0.8788738542121345,0.87663804789878,0.8727066817667044,0.8671438157011854,0.8670334708849152,0.8639039855072463,0.8675778624243782,0.854882459312839,0.8398169336384439,0.8384160218479745,0.8334817453250223,0.8189081225033289,0.8090950022512382,0.8008938547486033,0.8012722088177232,0.783080750961321,0.7706524159429972,0.7611770072992701,0.7494899115846747,0.7432822562735953,0.7416084703762108,0.7253023043577458,0.721605078213557,0.7214043035107588,0.7264258123153828,0.7147621164962206,0.7192595857205818,0.7083427029458061,0.7348971011285683,0.7032794249775381,0.7123256345758061,0.7296439101837151,0.7385135135135135,0.7389218821379625,0.7635467980295566,0.7644769970244907,0.7685931899641577,0.7788439570482065,0.7962550156041016
0.813516609392898,0.8226757369614512,0.8305357553460566,0.8363553943789664,0.8419630796938317,0.8556248556248556,0.8636262016543707,0.8735861610113107,0.8710538016896399,0.8674403035036822,0.8816674137158225,0.8842293107294222,0.8888138645059644,0.8827846975088968,0.8829763246899662,0.8827187916481564,0.8760089686098654,0.8607873323070157,0.8652530779753762,0.8611361587015329,0.8569819819819819,0.8490022172949002,0.8349319652018737,0.8241559030138228,0.8221024258760108,0.8115646258503402,0.8031123139377537,0.7850613154960981,0.7903968427976321,0.7763039568345323,0.7623784261715296,0.7592924317062248,0.7469988674971687,0.7404188948306596,0.7385837193911317,0.7461951656222023,0.7308647550237074,0.7301514456172556,0.7272117962466488,0.737428896473265,0.7296582138919515,0.7548593642808141,0.7485561972456686,0.759576385759351,0.763026733121885,0.7604118993135012,0.7830335332000888,0.7859869750729845,0.7922921801478826,0.8043624915673487,0.815045626530158,0.8310944725831315,0.8328684332868433,0.8384701912260968,0.8483020554066131,0.8499546690843155,0.8598667585573168,0.8695362769025959,0.8716972682489924,0.8801276207839562,0.8830879071842928,0.8862807657247037,0.8776018099547511,0.8889644232948107,0.8833179297597042,0.8847112117780295,0.8737885958981294,0.8729693140794224,0.8632342934905874,0.8577154308617234,0.8540031397174255,0.8454172366621067,0.8317275375308089,0.8251795332136446,0.8108796296296297,0.8072453861927547,0.8042609853528628,0.7908482142857143,0.771690518783542,0.766269477543538,0.76010101010101,0.7596604869332142,0.7479784366576819,0.7448430493273542,0.73342175066313,0.7381438620376674,0.7467830882352942,0.7446284691136974,0.7453318335208099,0.7297839162396971,0.7572007200720072,0.7547652254765226,0.7433879781420765,0.7674737322978529,0.7765607886089814,0.7670116714380093,0.7847222222222222,0.7969840198064371,0.796718322698268,0.8029809035863996
0.8248574686431015,0.828694274722788,0.8352861649391617,0.8449352967425257,0.8566234946603045,0.8714349376114082,0.8665503706934148,0.8850213339321805,0.8758125980721811,0.8862986584561249,0.8879151291512916,0.8864253393665158,0.8868645973909132,0.8884801103702,0.8891377379619261,0.886657433056325,0.8820186406001363,0.8822083147071972,0.8634628340444644,0.8629570016095655,0.86,0.8448905109489051,0.8393258426966292,0.834878986654603,0.8243619489559165,0.8257693159176445,0.8136465324384787,0.8025,0.8005038937242327,0.786003600360036,0.7775071950409563,0.7804000899078445,0.7666293393057111,0.7634892086330936,0.772449672019905,0.7622987477638641,0.7618834080717489,0.7600352889280988,0.7586898395721925,0.7542662116040956,0.7585666293393057,0.7650991753955872,0.7661895023858214,0.7723905723905724,0.7762735199632859,0.7879408418657565,0.7953923357664233,0.8036227081952728,0.8009719461011707,0.8246531726176939,0.8289559366181897,0.8423545331529093,0.8474916387959867,0.8476104598737602,0.8585746102449888,0.8644105286441053,0.8796212804328224,0.8787068004459309,0.8856371004052229,0.886127428829643,0.8970092196986733,0.8945479021763518,0.8917798756619848,0.8965983329578734,0.8908306854289605,0.8872046366473473,0.8826866348990243,0.8752860411899314,0.870722433460076,0.8691146654651949,0.8577615682698883,0.8571742957746479,0.842260553790286,0.8316245158350422,0.8182839173405211,0.8220761559383499,0.8029567519858782,0.800268696820421,0.7952615109521681,0.7887931034482759,0.7765126144228622,0.7657453556864522,0.774013817695565,0.7543332562976658,0.7604899070083919,0.7564825253664036,0.7483275663206459,0.7646160558464223,0.7485932928201665,0.7616304829419583,0.7601880877742947,0.7693635382955771,0.7662826761187417,0.7766193433895298,0.78246243552366,0.782114183764496,0.7841499209753895,0.8056689342403628,0.815736830406757,0.8106043585711076
0.8378134176643325,0.8419618528610354,0.8573660714285715,0.8559284116331096,0.8556220891550232,0.8780541981341626,0.8822998872604284,0.8886616678027721,0.8880070546737213,0.8860444041685546,0.8918797667115298,0.9039771478795869,0.8947368421052632,0.8918798665183537,0.8965833524421004,0.8941871026339692,0.8946308724832215,0.8903989478298991,0.8836088154269972,0.8748880931065354,0.8758082497212932,0.8626792114695341,0.8561536743354925,0.8491369648060972,0.842057964502359,0.8287343215507411,0.8194508009153318,0.8178539224526601,0.8098389587469667,0.8106625713032032,0.8010006822833751,0.7970682546953733,0.7926718252162039,0.7771518702118071,0.7808755760368664,0.7693181818181818,0.7840073529411765,0.7801129943502825,0.7694563501015114,0.784738041002278,0.787191011235955,0.7774425620793688,0.7869574796210619,0.7954959053685169,0.7900413033501607,0.8166591217745586,0.8077270673294171,0.8175873731679819,0.8168261740485199,0.8315526255967265,0.8506928922664283,0.8462238398544131,0.8539598499889698,0.8611174458380844,0.8652529268831456,0.8799008562415502,0.8861880963198546,0.8863432165318957,0.8929288422931073,0.890950226244344,0.8961298932384342,0.9033490672061137,0.8942922374429224,0.8960951526032316,0.9010369702434626,0.8936781609195402,0.8826840801621256,0.878808864265928,0.8744404655326768,0.8740509155873157,0.85720823798627,0.8627276765881831,0.8605019217725526,0.8462757527733756,0.843008809577592,0.8308346386216156,0.8224153297682709,0.8144192256341789,0.8195876288659794,0.8068600368324125,0.7914389799635702,0.7982832618025751,0.7834495165279964,0.7914874349105728,0.7774494203228006,0.7644341801385681,0.770573566084788,0.7765716870194482,0.7745829675153644,0.7762711864406779,0.7874340747534969,0.7956916099773242,0.7916379508385022,0.7988465974625144,0.7958247304427621,0.8140533212833257,0.8151637505607896,0.8195864576232674,0.8256593652212785,0.8349120433017592
0.8441674087266251,0.8706954010219952,0.8671536178954576,0.8650402864816473,0.8700919901278887,0.8862288600922469,0.8865658362989324,0.8940382452193476,0.9033613445378151,0.9018670309653917,0.9049017393268579,0.8914658860616979,0.9004083484573503,0.9063127370064689,0.8974181650530199,0.8988839285714286,0.8968181818181818,0.9020758122743683,0.891329215282544,0.8899478103017926,0.8795636687444346,0.8688562241616904,0.8720389639141023,0.8576473184727433,0.8528099910793934,0.8480304386750224,0.8455049944506104,0.8401461520895182,0.82122523343202,0.8233950194196938,0.8131917777275808,0.8133514986376021,0.8006772009029345,0.7950144669485867,0.7969588550983899,0.7982475848124017,0.787431941923775,0.7898832684824902,0.796733612888987,0.7906869525126786,0.7935759209344115,0.7981002871658935,0.7997742663656885,0.8031513537505548,0.8100022326412145,0.8218456606365926,0.8162519972608994,0.841593330245484,0.840589417280643,0.8535770002228661,0.8511149978137298,0.8565353625783348,0.8718285214348207,0.8679845489661441,0.8739946380697051,0.8914466260437824,0.8881325164511005,0.8862100045065344,0.8913423699169217,0.9031531531531531,0.8941704035874439,0.9065420560747663,0.9081588132635253,0.9044337238685963,0.900536432722396,0.9011928876884988,0.8968411751711951,0.8913866013799243,0.8766439909297052,0.8845458653411659,0.8708536045997346,0.8742393509127789,0.8634962571554381,0.8572069042815512,0.8443006915012269,0.8430869666588948,0.8353259643582224,0.826541972834558,0.8216516308119362,0.8150746944318696,0.8206217848356072,0.8074660633484163,0.7971409121851599,0.7979109900090826,0.8012477718360071,0.8003176764238711,0.8095238095238095,0.7972792149866191,0.8031902943158841,0.7953229914332022,0.7962460425146992,0.8086378737541529,0.8122448979591836,0.8141651865008881,0.8146813780680027,0.8200913242009132,0.8293075684380032,0.8338892595063375,0.8536812674743709,0.8604380242311277
0.8560197663971248,0.867666815942678,0.8738041002277904,0.8763355308024551,0.8839704896042925,0.8856352317270002,0.8975795607350964,0.8961156278229448,0.9011210762331838,0.9015730337078651,0.9035634743875278,0.913444639718805,0.9118444846292948,0.9100432703256661,0.9078392182989118,0.9054325955734407,0.9050340734227302,0.9072847682119205,0.893655452698126,0.8928651811838848,0.8840611837729994,0.8807461692205196,0.8832993428506685,0.8679744324443465,0.8578971533516988,0.8582533150434385,0.8491025925105251,0.8492259367287414,0.844167610419026,0.8376107199636611,0.8374550359712231,0.8181208053691276,0.8297966401414677,0.8213081591368847,0.8118967452300786,0.8242797448867385,0.8214936247723132,0.8181197359435466,0.8183261510546609,0.8148911798396334,0.8116241672409832,0.8230820845448445,0.8272604588394062,0.8219517692134325,0.8233167645729779,0.8457964601769912,0.8351623740201568,0.8274616079494128,0.8566964285714286,0.8538669064748201,0.8717948717948718,0.8722496632240683,0.8849134001823155,0.8780541492405899,0.8926807364167041,0.8946188340807175,0.906881671587554,0.8982400722021661,0.9116456834532374,0.905241935483871,0.9058669001751314,0.9080792343645671,0.9117117117117117,0.9063063063063063,0.9128240422115164,0.9089481946624803,0.9101372288623285,0.9005340453938585,0.8891891891891892,0.887709991158267,0.8837050523441056,0.8778900112233445,0.876300316598824,0.8782254413761883,0.8609986504723347,0.8588074023303632,0.8586135895676047,0.8496343692870201,0.8342578211670735,0.8332954287013873,0.8303249097472925,0.8278598192638307,0.8167339614176761,0.8148727110317106,0.8121308496138119,0.8108656447249775,0.811965811965812,0.8159778342184253,0.8142470694319206,0.8179124886052871,0.8246711235712745,0.8180172023540063,0.8179584543220907,0.8261947700631199,0.8397679089488953,0.8237060998151571,0.8427771556550951,0.8462925400045076,0.8603413877189093,0.8602890571231934
0.8666971011184661,0.8729802513464991,0.8877948248225326,0.8870302474793768,0.8916723087339201,0.896342782947414,0.9018920812894183,0.8955223880597015,0.910818059901654,0.9181899242086491,0.9043105393816294,0.9173387096774194,0.9204545454545454,0.9047511821661788,0.9098434004474273,0.9119090098126673,0.9167420814479638,0.9090700870361887,0.9033273381294964,0.9053669222343921,0.9040449438202247,0.8862980235398623,0.8909877105143378,0.8875831485587583,0.8704757568859549,0.8662777653129908,0.8664383561643836,0.8619575253924284,0.8580287929125139,0.8612571428571428,0.8477413437285026,0.8395889186773905,0.844089752486699,0.8330701556508008,0.8278312700596057,0.83429203539823,0.8258796821793417,0.8386599074278157,0.8284863750858713,0.8374574347332576,0.8209328782707622,0.8349775784753363,0.8440285204991087,0.8395573997233748,0.8512672298799466,0.8553976010661928,0.8586199145875477,0.8495595211203976,0.8559360730593607,0.8616852146263911,0.876905574516496,0.8803611738148984,0.8831683168316832,0.8966659306690219,0.9071768168440117,0.906061283829121,0.9147790984525679,0.9107423189055842,0.9091920765635433,0.9135498320268757,0.9113808106251431,0.9170161112337233,0.9121027721433401,0.9109912339851652,0.9125226039783002,0.9198481803974101,0.9125756556825824,0.9091938405797102,0.9074200136147039,0.8973666441593517,0.8976588628762542,0.886665167528671,0.8805739514348786,0.8820711678832117,0.8784357541899441,0.8698739977090493,0.8557258791704238,0.8577615682698883,0.847801321485532,0.8510152863335615,0.8490734538959589,0.8369369369369369,0.8354148082069581,0.8377647589004056,0.8266544538584841,0.8270294182702942,0.8220680393912265,0.8327721661054994,0.8253226524254562,0.833258020786263,0.8302731751007613,0.8324287652645862,0.8342517081772096,0.8494286354470088,0.8422720072414573,0.8481818181818181,0.8562061948903459,0.8671594982078853,0.8730512249443207,0.8780650913954525
0.8929922135706341,0.8908306854289605,0.8981544771018455,0.903485254691689,0.9060004563084645,0.9003639672429481,0.9159400849541695,0.9137892123674114,0.9210878288007134,0.9164790634849167,0.9201529464687359,0.9259589652096343,0.927691605839416,0.9252399018076323,0.9310035842293907,0.9194525465559794,0.9191643960036331,0.9091117216117216,0.9032842582106455,0.9130238846327174,0.9020179372197309,0.8931797651309846,0.900067521944632,0.8865345181134655,0.8904538341158059,0.880600409370025,0.8690851735015773,0.8776200135226504,0.8715657806566898,0.867095629021522,0.8496324348407218,0.856913551937629,0.8544558889386475,0.8555045871559633,0.8426666666666667,0.8513172966781214,0.8557457212713936,0.855121293800539,0.8439526045159848,0.8431065353625783,0.8450325185019063,0.8530323151837096,0.8501123595505617,0.8557333918000438,0.8481848184818482,0.8641894828335507,0.8597574925646305,0.8725490196078431,0.8703170028818443,0.8867549668874172,0.8882631223248479,0.8923248053392658,0.8960749330954505,0.8940620782726046,0.900022416498543,0.9045826876245295,0.9089877439854743,0.91431718061674,0.9110367892976589,0.9149566803465572,0.9175513892026202,0.920935412026726,0.9245368278355174,0.9214508233199822,0.9126894367790093,0.9137280993568418,0.9080564406008192,0.9129650507328072,0.8939841089670829,0.9012290502793296,0.9024171888988362,0.8993639254884144,0.888641425389755,0.8776595744680851,0.8813823857302118,0.8726027397260274,0.8778178539224527,0.8801923917796239,0.8783140720598233,0.8585322723253758,0.8568217576983592,0.8534268265098394,0.8555279222247344,0.8528947961252534,0.845360824742268,0.8472222222222222,0.8579881656804734,0.8447095206538546,0.8372767857142858,0.8513392857142857,0.8526152482269503,0.8500334746708325,0.8561310314298363,0.8497135301895108,0.8654931166779508,0.8600758759205535,0.8678705131028408,0.8650056625141563,0.8741321388577827,0.8781484002722941
0.8910601976639713,0.8954116059379217,0.9072965180749611,0.9075425790754258,0.9134932863746423,0.9154740608228981,0.9154228855721394,0.9209103199639477,0.924187725631769,0.9241902136457616,0.9335443037974683,0.9238418079096046,0.9250448833034112,0.9259595730183966,0.9247165532879819,0.9201349831271091,0.9175118323191346,0.9202947086403215,0.9134955752212389,0.9200267320115839,0.9154572679106197,0.905729285551244,0.903893765473779,0.9028859367842419,0.9004771642808452,0.895227524972253,0.8902981753449043,0.8845466726217062,0.8767031494304222,0.8762398557258791,0.8751117068811439,0.8612536248048182,0.8709165154264973,0.8647631695440461,0.8651433691756273,0.8702324531708417,0.8589600535594734,0.8640909090909091,0.8668918918918919,0.8699024822695035,0.8671804170444243,0.865811770093886,0.8553097345132743,0.8673446827326995,0.8784691136974038,0.8673922701021768,0.8841698841698842,0.882168458781362,0.8897208985704561,0.8930831826401446,0.9024830699774267,0.8941491737382761,0.8971792538671519,0.9087184156612793,0.9140394647312315,0.9150985663082437,0.9150414705223044,0.9178175232057958,0.9273222802634568,0.9172999552972732,0.911203128594433,0.9261926192619262,0.9260309840715688,0.9313199105145414,0.927437141596824,0.9217926186291739,0.9248975876194812,0.9117581684818848,0.9263061829796942,0.91854893908282,0.9065420560747663,0.8960088691796009,0.9041433370660694,0.8985605038236617,0.8887894383530991,0.8893451973534109,0.8794131132508024,0.8725108720531014,0.8794612794612795,0.8784798939460893,0.8802646085997795,0.8784085829235584,0.8585115864527629,0.8661794930349395,0.8724097788125728,0.8519831597606914,0.8630508474576272,0.8620534711300831,0.8693823334071287,0.8645718079221066,0.8610410456317359,0.8680089485458613,0.8695947475662215,0.872,0.8791554357592093,0.8781132907207406,0.8853109836788707,0.8904633378317589,0.8955257270693512,0.8917720115324905
0.900523560209424,0.9097761534947465,0.9062851993692274,0.9111011838284565,0.9197674418604651,0.9230944774075764,0.9166478936697454,0.9163506580414901,0.9188944268237427,0.9341463414634147,0.9295650253919188,0.92591763652641,0.9352847015778641,0.9278770065566357,0.9294144348615524,0.9275916348099843,0.930331541218638,0.9225496915695682,0.9302534200493384,0.9222496078870714,0.9178356713426854,0.9131614654002713,0.9091951387296492,0.908781484002723,0.9030123231401187,0.9007702763932941,0.8964971751412429,0.8932256617317182,0.8994601889338731,0.8954393770856507,0.8849577214063196,0.8920101312456827,0.8866071428571428,0.883784398453491,0.8724584103512015,0.8786309389777077,0.8741950321987121,0.875445632798574,0.8681022880215343,0.8783355947535052,0.878740157480315,0.8785215235519496,0.8852569882777277,0.8931797651309846,0.8856624319419237,0.8949129852744311,0.8908137679507636,0.8993425527091362,0.9028062970568104,0.9083390764989663,0.9023841655420602,0.908271354518819,0.9121171770972037,0.9114665465194863,0.9191343963553531,0.9231643555353489,0.9206239963294334,0.9195820081781009,0.9262222222222222,0.9253327317843447,0.9281667799682756,0.9312822816079048,0.9356502242152467,0.9281903068030236,0.9260743709641506,0.9301111867483549,0.9366166077738516,0.9230432881504154,0.9199375557537912,0.919226393629124,0.9158404427023288,0.9174163783160323,0.9145987033310977,0.9121150820409081,0.9028776978417267,0.9033124440465533,0.8962179198559208,0.9007477906186268,0.8918798665183537,0.8873773416592329,0.889337822671156,0.877908265012187,0.8808973172987974,0.8808826840801621,0.884744248380612,0.8813559322033898,0.8797777777777778,0.8798484172982612,0.8685028876055086,0.874719353390211,0.8836844464365755,0.8817515003334074,0.881729920564872,0.8804780876494024,0.883930583727744,0.8920008962581223,0.9025858225590727,0.8952042628774423,0.8972911963882618,0.9114039073148569
0.9107629427792916,0.9134854303139823,0.9061858023282355,0.9170600134861767,0.9200538962497193,0.9230429013710747,0.9241942805265547,0.9350090579710145,0.9386044404168554,0.9425416854438936,0.9276479927421184,0.9389598942265315,0.9358447488584475,0.9340487368656383,0.9370645088783996,0.9358085439498993,0.9357696566998892,0.932579285872699,0.9293696915511847,0.9250511015216898,0.9186954524575104,0.9264836138175376,0.9168157423971377,0.9209333937471681,0.9190751445086706,0.9126299491262995,0.9124716553287981,0.9101687186502508,0.903196554069372,0.9003129190880643,0.8895399305555556,0.9035008976660682,0.8929292929292929,0.8925022583559169,0.8895800933125972,0.8923353562598336,0.8866424352567015,0.8892390814948221,0.8856562922868741,0.8845716882526699,0.8838475499092558,0.8984375,0.8911363636363636,0.8997757847533633,0.8939004440289787,0.9016139730267522,0.8979731268503758,0.9075573549257759,0.9114382785956965,0.904390461332739,0.9134355275022543,0.9140767824497258,0.9222591362126246,0.9274774774774774,0.927128263337117,0.9325317301269205,0.9303683737646001,0.9302643573381951,0.9326354119253527,0.9301857238755874,0.9261545496113397,0.9329633740288569,0.9341050756901158,0.9356069104778999,0.9394347240915208,0.9283588921950103,0.9344078800089546,0.9358123063302346,0.9262166405023547,0.9275622336846827,0.9222222222222223,0.9132316101115919,0.9179767600820232,0.9164810690423163,0.9120214909335125,0.9123805188893946,0.9053730693930825,0.9072398190045249,0.9101782893252087,0.9054447680932108,0.9014789533560864,0.9022675736961451,0.8942850688954145,0.8912031907821848,0.891640866873065,0.8959265890778872,0.8843159065628476,0.8925950633755837,0.8873589164785554,0.8914728682170543,0.8948793142341529,0.8944057515165131,0.8960484957341716,0.8975062914664836,0.9061871789144517,0.898560817084494,0.9039771478795869,0.9025114155251142,0.9078918443613981,0.9111308598089314
0.9202067880422566,0.9223389675650983,0.9276018099547512,0.9254267744833783,0.9283783783783783,0.9226380648105887,0.9283595710700433,0.9354337696915909,0.9434676162920098,0.9418394950405771,0.9421913511091194,0.9394211352927978,0.9464801243615367,0.9385499557913352,0.9430821147356581,0.9391660970608339,0.9381443298969072,0.9374718848403059,0.9309802158273381,0.9333484470641578,0.9285553301780483,0.933439708228858,0.9253597122302158,0.9196369271640469,0.9240107913669064,0.9254000450755014,0.9250785105428443,0.914888838984954,0.9188319153828466,0.907821847994682,0.9074938848120969,0.906896551724138,0.9111565553283345,0.9051782111634162,0.9039320822162645,0.9090299508270004,0.9012788871438188,0.9010592742844264,0.9018909899888765,0.9064472497745717,0.9011822440330136,0.9051160694162722,0.9091930770959766,0.9121245828698554,0.9044384057971014,0.9099099099099099,0.9119623655913979,0.9170265969538531,0.9192754919499105,0.9150430448572723,0.9310739638195558,0.9256633119853613,0.9280526554698139,0.9282200357781754,0.9300794551645857,0.9382022471910112,0.9410285714285714,0.9417301658449126,0.9350067234424025,0.9434213445751054,0.9392832686601232,0.9386393952867941,0.9389312977099237,0.9416890080428955,0.9354695149087673,0.9396140749148695,0.9404139185808505,0.9308786988931557,0.934624145785877,0.9343065693430657,0.9255247122545701,0.9298637480455663,0.9173166926677067,0.9227402057342964,0.9199732501114579,0.9168575355016033,0.9103479036574487,0.9090909090909091,0.9083793738489871,0.9042222222222223,0.9151406878070567,0.908726625111309,0.9080166821130676,0.9023635962005744,0.9038336582196231,0.904815992730577,0.9048565121412804,0.9131696428571429,0.9104882459312839,0.904643261608154,0.8923007450891849,0.9038591740013541,0.8988891407844026,0.9133197186294532,0.9125317332102469,0.9107419712070874,0.911490329920364,0.9103340058282896,0.9244580687541055,0.9200973882248783
0.9328018223234624,0.9314663023679417,0.9261531470120428,0.92985173710998,0.9310501247448401,0.9363389216130494,0.930520522815868,0.9387801035336485,0.9429133858267716,0.9420840787119857,0.9409643983776476,0.9461608359836438,0.9359550561797753,0.9413622011727559,0.9415127528583993,0.9466726417208156,0.9419049763566765,0.94713059195662,0.9344812164579607,0.942303254096469,0.9400181077410593,0.939237668161435,0.9347874471399955,0.9308714253546498,0.9237477638640429,0.9232870475756886,0.927992799279928,0.9287508563598995,0.9237099644128114,0.9145106861642295,0.9254840162089149,0.9203259393390675,0.9197656073923822,0.9153450971632789,0.9070564055720484,0.9107382550335571,0.9115677672592934,0.9144914491449145,0.9071540704193766,0.9165719481700386,0.9143960036330608,0.9130434782608695,0.9191338930623066,0.9089113257243195,0.9167967878652687,0.9182263814616756,0.9237749546279492,0.9172103487064117,0.926374859708193,0.9306569343065694,0.9330186558777254,0.9278350515463918,0.9372944529708397,0.9359517964740013,0.9375141498754811,0.9349260523321957,0.9416685507574045,0.9381560931081698,0.9398210290827741,0.9455828779599271,0.9422727272727273,0.9393870601589104,0.9432796292209226,0.9419340262087664,0.9396741523557904,0.9412028725314183,0.9405673120216119,0.9442088819459942,0.9411899313501144,0.9358653627473277,0.9402222222222222,0.9316219900045434,0.929701230228471,0.9216294000442772,0.9297530024926354,0.9362416107382551,0.9233632581563389,0.9224858757062147,0.9171111111111111,0.9094399277326106,0.9172382258802012,0.9167809785093736,0.9119396157365051,0.913324112494237,0.9141649988881476,0.914103690685413,0.9138895101766943,0.9051569506726458,0.9140394647312315,0.9132015451033856,0.9146257724879835,0.9133541759714158,0.9162966252220248,0.9188944268237427,0.9205587079877783,0.9222867351496203,0.9221283398036081,0.9279622980251346,0.9230769230769231,0.9260869565217391
0.9296389974706829,0.93529543922714,0.9341330918967858,0.9380410022779043,0.9369248035914702,0.9395097818754217,0.9464008859357697,0.9416742909423604,0.9421207325344788,0.9410824389129938,0.9441818591042088,0.9443226654975888,0.9504055619930475,0.9438706780422093,0.9432246617875361,0.9457013574660633,0.947537227949599,0.9418181818181818,0.9454545454545454,0.9445081403347856,0.9439964157706093,0.9403485254691689,0.9419927206551411,0.9409225176096342,0.9361123697326688,0.9360951961216395,0.9312110418521816,0.9343891402714932,0.932423360930857,0.9234428086070215,0.9268508287292818,0.9208649643432252,0.9234567901234568,0.9322414179941665,0.9227303446722235,0.9238886394252357,0.9152007216959855,0.9269264836138176,0.9255079006772009,0.9213458110516934,0.9268461007591442,0.9357529305680794,0.9224701374802795,0.9262777023971054,0.9249329758713136,0.9391018619934283,0.9246049661399548,0.9331081081081081,0.9321225879682179,0.9280311712124685,0.9335094671950682,0.9366020524515394,0.9360162785439746,0.9452929108730339,0.9371691599539701,0.9396436525612473,0.9402917046490429,0.9376712328767123,0.9454545454545454,0.9531462200090539,0.9413213885778275,0.9443317556907821,0.9516092216388953,0.9440356744704571,0.9496386630532972,0.9493303571428572,0.947699214365881,0.941458952664075,0.945069788383611,0.949312908312683,0.9396108253187206,0.9379553985427247,0.9383102369244524,0.93490178163545,0.931909212283044,0.9296337402885683,0.9279558011049723,0.9315563587079286,0.9331382260243134,0.9297103076577589,0.932339194302248,0.9284928492849285,0.9212360594795539,0.9250559284116331,0.9228317778283633,0.925,0.9205150976909414,0.9199634118454151,0.9254561637739208,0.9179521573887771,0.9286979627989371,0.9296187683284457,0.9219103666817564,0.9281981367870938,0.9323671497584541,0.9346666666666666,0.9269776876267748,0.9326126954921803,0.9311288483466362,0.9426895306859205
0.9402417188898836,0.9478885893980233,0.94506701823775,0.9487179487179487,0.9438855354348312,0.9414809813189287,0.9441903019213175,0.949544343187375,0.9519929530940322,0.9503063308373043,0.9504839072698628,0.9516237402015677,0.9494154676258992,0.9415760869565217,0.9472406181015453,0.9565028273162245,0.9549988915983152,0.9465868794326241,0.9513142857142857,0.9436652103931938,0.9481971702418986,0.9428316212594908,0.9431205035971223,0.9486889692585895,0.944232066561727,0.9376530839456692,0.9365465399071413,0.9380351509689049,0.9372002740351678,0.9315192743764172,0.927598729005901,0.9351412429378531,0.934739617666447,0.9338332598147331,0.932049579459938,0.9316995688677104,0.9315436241610738,0.929414384324204,0.9317555147058824,0.9294198264047511,0.9346449570330168,0.9312707182320442,0.9352582900969998,0.9368565545641729,0.9338185126222425,0.9356223175965666,0.93016445145303,0.9360902255639098,0.9364406779661016,0.9431818181818182,0.9382879893828799,0.9427322907083716,0.9442675159235668,0.9455721614989963,0.9403628117913833,0.9474037600716204,0.952304517312543,0.9447088148651711,0.9471894832275612,0.9491637323943662,0.9513016157989228,0.9468423443889141,0.9492703266157053,0.9477477477477477,0.9507643884892086,0.9530368028900429,0.9495836146747693,0.9453247043070743,0.9419068736141907,0.9457695769576958,0.943630214205186,0.9445310759634663,0.9420891608391608,0.9402951699463328,0.9416666666666667,0.9380211854856886,0.939018901890189,0.9396337327605697,0.9401978417266187,0.9328526363226679,0.9403019213174748,0.9375138488810104,0.9299955693398316,0.9326791419443177,0.9310112359550562,0.9284248917255528,0.9314755596162632,0.9348428835489834,0.9337748344370861,0.9347040216900135,0.936,0.9387193022722057,0.9328542555580508,0.9368396876435462,0.9343594386600271,0.9417453891138101,0.9332146037399822,0.9452024155669873,0.9352217320640818,0.9369955156950672
0.9371196754563894,0.9461711711711712,0.9504636959963809,0.9433497536945813,0.9539693128752502,0.9482320314305523,0.9484582489309026,0.9478790613718412,0.95002251238181,0.9501811594202898,0.9514652014652014,0.9540588760035682,0.9529724933451642,0.9520958083832335,0.9499551166965888,0.9549189429269376,0.9460850111856823,0.9536973047684866,0.9507154213036566,0.9499097472924187,0.9522408329560887,0.9491749174917492,0.9423427529626254,0.9539624370132844,0.9467005076142132,0.9486486486486486,0.9420223693220726,0.9414414414414415,0.9394954230855102,0.9422382671480144,0.9415656008820287,0.9439356712083985,0.9393128067826862,0.9455499671987754,0.9331726555652936,0.9396167557932263,0.933121741101791,0.9444568868980963,0.9324988824318283,0.9445566778900112,0.943502824858757,0.9413087474702047,0.9360292437742747,0.9451620213007025,0.9467231386535889,0.939601921757035,0.9353749155595587,0.9445208619899129,0.9474161378059837,0.9450202794051374,0.9472735466426319,0.948723640399556,0.944647758462946,0.9417191719171917,0.9442834856251393,0.9478555304740406,0.947464180122811,0.9563773250664305,0.9501246882793017,0.9498069498069498,0.9533725667722952,0.9534140214660881,0.9506452343219379,0.9501557632398754,0.9504453071477507,0.9496386630532972,0.9513904589645037,0.9506534474988734,0.9542019693153194,0.9539891205802358,0.9512745319196932,0.9483494273523467,0.9470666078517865,0.9508748317631225,0.9481281010374379,0.948122866894198,0.9421582075903063,0.9425826630920465,0.9415085817524842,0.9462514417531719,0.9368686868686869,0.9411764705882353,0.9436776491540516,0.9405130473241928,0.9365713018407629,0.9411113570954173,0.940974605353466,0.9379232505643341,0.9381726585756812,0.9380854466529587,0.9446064139941691,0.9424476797088263,0.9427480916030534,0.9419369471535496,0.9406856111862878,0.9411896745230078,0.9393600358021928,0.9391011235955056,0.9455367231638419,0.948959032907992
0.9518930957683742,0.9427994616419919,0.9545454545454546,0.9519896193771626,0.9477344100493494,0.9573940486925158,0.9518752824220515,0.9532002752924983,0.950354609929078,0.9502293577981651,0.9530079455164586,0.9523809523809523,0.9569493006993007,0.9540540540540541,0.9595687331536388,0.9474399637516991,0.9541406945681211,0.9559734005961935,0.948201764306718,0.9533879035925421,0.9546070460704607,0.9496883348174533,0.9499438832772166,0.9552872792309413,0.9510158013544018,0.9511596788581623,0.9547668754349339,0.9459704880817253,0.9529545454545455,0.9483443708609272,0.9517335146159075,0.9456,0.9441340782122905,0.9414678072940117,0.9474381625441696,0.9443935926773456,0.9424778761061947,0.9443959877889229,0.9426450742240216,0.9486780715396579,0.9480192351728876,0.9475492441594137,0.942942254812099,0.9436931944136555,0.9476602350853848,0.9394883203559511,0.9511269805846909,0.9470627652445834,0.953285650424676,0.9540588760035682,0.9515837104072398,0.9532438478747204,0.9515656679432305,0.9547646383467279,0.9531215285492113,0.9540461779869984,0.9554342883128695,0.9509604519774011,0.9523480662983426,0.9559491371480472,0.9526431718061674,0.953503893214683,0.9470459518599562,0.9560942144980562,0.9514304723885563,0.9525133194347927,0.9574613284804367,0.9504432825642192,0.9486013190811917,0.9498342541436464,0.9527964205816555,0.9470258136924804,0.9590909090909091,0.9490793362127756,0.9441944194419442,0.9506586291582942,0.947523184799819,0.9470695138573376,0.9404977375565611,0.9383791024782318,0.9506337558372249,0.9460946094609461,0.946164199192463,0.9488711819389111,0.9474167623421355,0.9469543717689368,0.9472612041647804,0.9452612531101561,0.9431583772633509,0.9431354780244676,0.9428571428571428,0.9402985074626866,0.9436335055019088,0.9394285714285714,0.9449180327868852,0.9496193461710704,0.9509939898289412,0.9482564679415073,0.9478935698447893,0.9478201942624802
0.9542206342117017,0.9541846223633477,0.9504995458673933,0.9485277590469768,0.9510784967756282,0.9553911678995741,0.9602994555353902,0.9524557075577483,0.9546780345523895,0.9592434136455753,0.953631795340338,0.9566850828729282,0.9566309061858024,0.9519842139881605,0.9499885294792384,0.9499195956811395,0.9557876027549433,0.9595285746052924,0.956861868573983,0.952705775352433,0.9594902139280838,0.9525170367113651,0.9562043795620438,0.9483885508226279,0.9576648841354723,0.9532215357458076,0.9498052790999567,0.9461077844311377,0.9511978704525288,0.9563239308462238,0.9510696404187529,0.9550228310502283,0.9526871841984382,0.9489750445632799,0.9492671927846674,0.9510807736063709,0.9525646845211075,0.945104190006722,0.9465002229157379,0.9514215357062906,0.9478694469628286,0.9554500226142018,0.9445861349408764,0.953198127925117,0.9510362104304259,0.9507795100222717,0.9523383307227568,0.9547186729432863,0.9525638129658911,0.9535408209291836,0.9529905098212316,0.9540652273771245,0.9572573463935886,0.9559154295996402,0.9563676633444075,0.9515985790408525,0.9543285616905249,0.9529017857142857,0.9523703538838193,0.9567296743338647,0.9561243144424132,0.9551122194513716,0.9529250457038391,0.9586440677966102,0.9500677812923634,0.9615989220750056,0.9596463386987077,0.9509518477043672,0.9546183818473527,0.9529228023203927,0.9523271577044735,0.9579775280898877,0.9521276595744681,0.9493190444295602,0.9523073526164716,0.9550157444894287,0.9580178940123881,0.9549977385798282,0.9496009122006841,0.9555757026291931,0.9505059392872856,0.9501246882793017,0.9509090909090909,0.9492543957266859,0.9556451612903226,0.9491065369825831,0.9479190357061633,0.9517772243604257,0.9537374658158614,0.9480286738351255,0.9498651079136691,0.9484910369866122,0.9555909815531769,0.9508014247551202,0.9553671055567954,0.9512195121951219,0.9514908767245216,0.9480662983425414,0.9440495299243293,0.9507789568751411
0.9527102386794557,0.956688472817505,0.9530758868432869,0.9471910112359551,0.9580689029918404,0.9555108428347865,0.9545973077800594,0.9575578756241488,0.9600280504908836,0.9534308211473566,0.9562109025915997,0.9598466050078953,0.9596231493943472,0.9537505752416015,0.9589919816723941,0.9589618456078084,0.9572494910653698,0.962560921577315,0.9572132616487455,0.9493954321540529,0.957983193277311,0.9542141230068337,0.9557104316546763,0.9535457809694794,0.9588039867109635,0.9535978480161399,0.9564926372155288,0.955505107832009,0.9545970488081725,0.9558589306029579,0.9510002247696111,0.9535809018567639,0.9555302166476625,0.9504817387407574,0.9591790708164186,0.9578021978021978,0.9554600949581732,0.956733969380963,0.951202905129369,0.9508716323296355,0.9499346974314323,0.9487918421636001,0.9534778681120144,0.9546450482033304,0.9554646671211089,0.9546287809349221,0.9539863325740319,0.9570038470242136,0.9510442398383112,0.9531531531531532,0.9533514492753623,0.9575585211113542,0.9596140901951986,0.9603828177164478,0.9551410170997113,0.9556064073226544,0.9564727108705458,0.9560636628558619,0.9621246077991932,0.9552637436011574,0.9598313359964492,0.9585284280936455,0.9563563115487914,0.9556298773690078,0.9572802505032432,0.9591230874628911,0.9523492907801419,0.9503825643403664,0.9557581147176523,0.9593643586833144,0.960431654676259,0.9605640008812514,0.958904109589041,0.9578804347826086,0.952264108855677,0.9537989927742501,0.9541514598540146,0.9571331367657065,0.9524543253356813,0.9551975281394836,0.9473804100227791,0.952212389380531,0.9591061452513967,0.957010582010582,0.9540386803185438,0.9542676024450985,0.9492753623188406,0.9567664940328755,0.9553853086976115,0.9500233535730966,0.9532538955087076,0.9463926736654009,0.9573267103183563,0.9529117379435851,0.9489100817438693,0.9588734912829683,0.959299681673488,0.9575,0.9541742286751361,0.9552772808586762
0.9588477366255144,0.9526234226256365,0.956386292834891,0.9595388788426763,0.9552308049176526,0.9578392621870883,0.9570232978964035,0.9575141242937854,0.9607928555870181,0.9613003095975232,0.9546387052655573,0.9518692634877994,0.9596351197263397,0.9622387053270398,0.9550045913682277,0.9619220308250227,0.9605500450856628,0.9580797836375929,0.9593258426966292,0.9600638977635783,0.9602363099295614,0.9565415244596132,0.9489629457003029,0.9573321356388951,0.9483494273523467,0.9528084714548803,0.9554214070118412,0.9563395810363837,0.9556737588652482,0.9502885042166,0.9539473684210527,0.9600091407678245,0.9550612800726282,0.9602589863808886,0.9534624805165888,0.9571009257168661,0.9529035208047554,0.9534883720930233,0.9545145960624576,0.9525727069351231,0.9543483223008445,0.9552672780138671,0.9564125969876769,0.958161865569273,0.9532710280373832,0.9573546180159636,0.9539369185386884,0.9582008178100864,0.9520609318996416,0.9591292758773878,0.9534831460674157,0.9588340008900756,0.9564137308039747,0.9514950166112957,0.9586363636363636,0.958608141914942,0.9611562782294489,0.9625228519195612,0.9548563611491108,0.955585464333782,0.9550079131810988,0.9531392174704276,0.9607711275498767,0.9598303950011158,0.9559620596205962,0.9549263873159682,0.9541041482789056,0.955977653631285,0.962293618920125,0.9563040509786072,0.9564315352697096,0.9586051743532058,0.960017671747294,0.9581056466302368,0.9626916914625773,0.961038961038961,0.9559051628628407,0.9525949224893282,0.9586001829826166,0.9473684210526315,0.9575229152693941,0.9503595453491069,0.9555061179087876,0.9562890276538805,0.9566674112128658,0.9563172043010753,0.9566570348966437,0.9579064587973274,0.9554455445544554,0.9615738610216291,0.9567887195815329,0.9511415525114155,0.9597806215722121,0.9534517652349899,0.9601620526671168,0.9569620253164557,0.958342766583654,0.9585480618418104,0.9563259792886087,0.9585387718511879
0.9528558476881233,0.9527239981990094,0.959349593495935,0.9612213059950969,0.9622206864777701,0.9574608772316509,0.9614527629233511,0.9588514582862311,0.961486789072996,0.9602739726027397,0.9660902762182798,0.9588014981273408,0.9579480405107882,0.9545351730377742,0.9619990787655458,0.9577246569278441,0.9601081812035159,0.9553551296505073,0.9625056129321958,0.9586085424922941,0.9619527847811139,0.9561170212765957,0.9540229885057471,0.9558689717925387,0.955946131020315,0.963558171118153,0.9595195729537367,0.9569916685431209,0.9529708648772655,0.9550511793502447,0.9553490480507706,0.9563676633444075,0.9589350180505415,0.9577818347786399,0.9565604811762085,0.9604672057502246,0.949560388708931,0.9559277214631996,0.954221302047389,0.9541814946619217,0.9592718998862344,0.9557985873775348,0.9559734513274336,0.9598224195338513,0.9575342465753425,0.9530693950177936,0.9541100467810203,0.9537160658655985,0.9560660124888493,0.95594215996385,0.9546180159635119,0.9542453903938083,0.9546565903534119,0.9597978910369068,0.9585128088868737,0.959474504564685,0.9532414727806641,0.956199460916442,0.9617060307268975,0.960200136456675,0.9536271808999082,0.9553471757088636,0.9629802095459837,0.9594717668488161,0.9578395624430265,0.9590295262073701,0.9637876743139902,0.9652076318742986,0.9557861493345364,0.956844234659474,0.9570524412296564,0.9628454916175804,0.9577782795213367,0.958970946994899,0.9544737435203967,0.9577272727272728,0.9561662502838973,0.960225988700565,0.9570524412296564,0.957304408031387,0.9547727272727272,0.9543409806567701,0.9530548068283917,0.9569719282098481,0.9571646010002174,0.9572937738817712,0.960942760942761,0.957875868250056,0.9577303009418792,0.963669391462307,0.951350145056907,0.958508986021744,0.9538188277087034,0.9597495527728086,0.9547646383467279,0.9531531531531532,0.9579680827152169,0.9596702317290553,0.9566787003610109,0.9521629663538567
