0.9545042595613558,0.9594570135746606,0.9558268989046508,0.958976157082749,0.9575823775714546,0.954000357973868,0.9566448416209521,0.9568872987477639,0.9565217391304348,0.9609625668449198,0.9538679914833215,0.9562580408013233,0.9530550080630711,0.9507637017070979,0.9524575513851653,0.9546424759871932,0.9582799634034767,0.9541587081090467,0.9560878243512974,0.9545537506844315,0.9523381294964028,0.9573294096008829,0.9532367504126169,0.9513964454116793,0.9546018797659159,0.957983193277311,0.9555475243946513,0.9622983505528366,0.9571300448430493,0.9543968023255814,0.9550278827127181,0.9554267077369089,0.9611633268309984,0.9624731951393852,0.9593406593406594,0.957061940434862,0.9588917059036581,0.9537122755045362,0.9515283052993309,0.955329580533866,0.9587724163431318,0.9584892214502049,0.9542785981142146,0.9576483202287348,0.9558113627924248,0.9502579218865144,0.9487635652019214,0.9521021820117084,0.957577955039884,0.9583111584175981,0.9541119308979665,0.957067491358923,0.9552320291173795,0.9566787003610109,0.9553443328550932,0.9546762589928057,0.9559580891493518,0.9541998231653404,0.9537334762415148,0.9578909483534281,0.9578127829078399,0.9490049751243781,0.9552795031055901,0.9538292414803957,0.9507433279598781,0.9561229994605287,0.9577123050259966,0.9532676812891674,0.9553701015965167,0.9549484349556722,0.9579081632653061,0.9560095711393337,0.9543973941368078,0.9597023053185696,0.9629829290206648,0.9569395017793594,0.9558635783330294,0.9624455732946299,0.9603389219397873,0.9585650224215246,0.9548858447488584,0.9511975508734017,0.9532643596146986,0.9553283100107642,0.9595216191352346,0.9564826470059342,0.9575965355467341,0.9520859901621425,0.9526391901663052,0.9541807808878588,0.9582960443887596,0.9579665888270164,0.955877034358047,0.9479725976670987,0.9574506283662477,0.9591617409994626,0.9512550018188433,0.9551398474391573,0.9545289855072464,0.9598782016836827
0.951458069190364,0.9536872105450659,0.9518245550961711,0.9537053979871912,0.954822517031194,0.9593761334784185,0.9545700378583017,0.9501088534107403,0.9577793747754222,0.9578270192994996,0.9564826470059342,0.9565922190201729,0.9544642857142858,0.9559173221145052,0.9555676459920203,0.9578096947935368,0.9586243954862977,0.9508855212707686,0.9584596184703156,0.9598108747044918,0.9548073460568959,0.9530273263082694,0.9574543520652367,0.9600499375780275,0.9521599428775437,0.9506939371804237,0.9566851619831752,0.95773884775149,0.956277213352685,0.9502045171616574,0.9563570784490532,0.9549172877658607,0.9578335150854235,0.9522772636545092,0.9562724014336917,0.9566074950690335,0.9556465977912362,0.954847994243569,0.9581924924390678,0.9568828414914295,0.9551625580564488,0.954847994243569,0.9513776337115073,0.9531772575250836,0.9548994747328382,0.9576776994031471,0.9507555555555556,0.952575488454707,0.9548203486303807,0.9574202743630857,0.9533129825821512,0.952947539210384,0.953566384180791,0.9551916501709555,0.9580482535109831,0.9551705661725308,0.9549254816430389,0.9548752433197664,0.9535988308366825,0.9539544962080173,0.9563106796116505,0.9554874752207605,0.9570009033423668,0.9535305863133055,0.9575282537367845,0.9560774471136608,0.9523979318951685,0.9551537070524412,0.9591217422349161,0.9606892837910609,0.9600798403193613,0.9593335721963454,0.9612333213126578,0.9643932683790966,0.9622808570922614,0.9534391534391534,0.9544245433587516,0.9551064210338043,0.9542785981142146,0.956115107913669,0.9547495061950081,0.955064323246965,0.9529899135446686,0.9555514907627584,0.9607180945609669,0.9558902635825712,0.9552477357485349,0.9527376493668629,0.9598566308243728,0.9565058479532164,0.954253037884203,0.9570405727923628,0.952772808586762,0.9558131111915973,0.9592057761732852,0.9530286543344215,0.9511406502604635,0.9571970381072783,0.9525620133985153,0.9543057996485061
0.9518158935634664,0.953437613677701,0.9519145146927872,0.956663644605621,0.9509279086366881,0.9516985138004246,0.9482035382090097,0.9517661825354133,0.949237668161435,0.9504298518383025,0.9472934472934473,0.9517416545718432,0.9528318428897071,0.9529005273686125,0.9552318351394564,0.9561061946902655,0.9524320457796852,0.9521919538156233,0.9593525179856115,0.9585400425230333,0.9566563467492261,0.9528823844369088,0.9582881906825569,0.9522507745580463,0.9568267674042094,0.9565057808772252,0.9569698065449286,0.9551835853131749,0.956506045840101,0.9510692279811526,0.9557148107313488,0.95907279971025,0.9537334762415148,0.9517815990072682,0.9511842343156753,0.9511715256662493,0.9590990990990991,0.9532380448208929,0.9572633895818048,0.9538632573652029,0.9548410404624278,0.9510909090909091,0.9557633519151232,0.950875312611647,0.9536686497205696,0.9552692789407765,0.9534291431690013,0.9473209453364604,0.9517020139012654,0.9501088534107403,0.9534799855751893,0.9515507432556433,0.9490606936416185,0.952638213578246,0.9519335019877123,0.9519195612431445,0.952886999645767,0.9562121751512994,0.9517266317121678,0.9517605633802817,0.9513148542999289,0.9562466100162719,0.9508992805755395,0.954248366013072,0.9536853487114796,0.9540352752538749,0.9556962025316456,0.9536721134853654,0.9500907441016334,0.955689471818504,0.9578096947935368,0.9582883854728514,0.9593257603517772,0.9568996740311482,0.9544056450153791,0.9560635827826398,0.9578258498454827,0.9543973941368078,0.9549745824255628,0.9551304969610297,0.9628712871287128,0.9547756874095513,0.9511796733212341,0.9560931899641577,0.9551293986222305,0.9556116925297726,0.9576671511627907,0.9481734748965269,0.9490388103010519,0.9510299963859776,0.9544468546637744,0.9482942430703625,0.9522165697674418,0.9497368898566504,0.9512715632224791,0.9562187276626162,0.9460392441860465,0.9507105594531391,0.9488905056384139,0.953820161441712
0.9481081081081081,0.9483408071748879,0.9481762369086313,0.9458023379383634,0.9401896425966448,0.9503481128618542,0.9466996117190257,0.9524759658987847,0.9464254035834664,0.9487734487734488,0.9475202885482417,0.9493670886075949,0.9499632082413539,0.9412502238939638,0.9444241316270566,0.949765088543549,0.9512945862755748,0.9496970809619975,0.9572896017300414,0.9567091790910723,0.9439149560117303,0.9579563597658329,0.9547265483520464,0.9546460176991151,0.9580104523337538,0.9488388969521045,0.9565062388591801,0.948936170212766,0.9507016912558475,0.9543281996813595,0.9471187631763879,0.9503083700440529,0.9544061993151919,0.9485148514851485,0.9496899911426041,0.94854666907384,0.9481847021501586,0.9477020602218701,0.9523200584581659,0.9504057709648331,0.946141621048914,0.955215729109776,0.9484199055575736,0.9454219030520646,0.9487594390507011,0.9482916133747488,0.9443646805455851,0.9439235153520867,0.9498233215547703,0.9443064916637105,0.9487638839125762,0.9451340169095162,0.9509594882729211,0.9477530142491779,0.9489575844716032,0.948607367475292,0.9497824510514866,0.9533585449306681,0.9510899432130426,0.9517528008673654,0.9468704512372634,0.9529011461318052,0.9548585931834663,0.953887884267631,0.950091407678245,0.9530653083500091,0.9530491095520777,0.9516479536399856,0.9504704420379904,0.9571991404011462,0.9506637961966272,0.9533178322303703,0.9497923063030522,0.9504267296168513,0.9508523757707653,0.9559815406460774,0.9538178472861085,0.9517725391398236,0.9553539019963703,0.9506128974951146,0.9516391957978627,0.9513081395348837,0.9524663677130045,0.9545207465120493,0.953911354405792,0.9443069306930693,0.95069917533166,0.9487453283502403,0.9474449899981815,0.9473778094898323,0.9483321247280638,0.9481030780243379,0.9397150164413591,0.9488997999636297,0.9482570806100218,0.9492688210868387,0.9506685941452837,0.9439474164688698,0.9458523245214221,0.9473964812511108
0.939875730994152,0.9398509581263307,0.9337466784765279,0.9433056325023084,0.9474793606183032,0.9412610023351895,0.937891632878732,0.944236593621949,0.9413473760668241,0.9426695065672701,0.9479185769301302,0.9434132276085782,0.9486675013414416,0.9454125177809388,0.9423734918062309,0.9465317919075145,0.9475561897966465,0.9466618936817612,0.9492488090875779,0.9403527914166212,0.9532111723892546,0.9516864175022789,0.9522859216255443,0.9521201413427561,0.9487272070770897,0.9511844938980617,0.9461119887660172,0.9514872521246459,0.9490942028985507,0.9522032693674485,0.9447787610619469,0.9487861066808435,0.9494967331802932,0.948936170212766,0.9480640357408786,0.9528662420382166,0.9510985116938342,0.9447841726618705,0.9496275274920184,0.9477947794779478,0.9469906129210381,0.9443336355394379,0.9363282631765122,0.9466593846714,0.9462404649473302,0.9381143065161995,0.9382273948075202,0.9400462551147483,0.9388201019664967,0.9361932227829849,0.9402441246128621,0.9364910413340429,0.9410024042907342,0.942627345844504,0.9391113549094898,0.9405958363244795,0.9463292048106264,0.9407380476277041,0.9471953224922346,0.9480149546021007,0.945750452079566,0.944087173990711,0.9413473760668241,0.9443142908632186,0.9479204339963834,0.943257317292153,0.9455745895788722,0.942405523255814,0.9487880444687443,0.9462911126662001,0.9509536784741145,0.9517789416651616,0.9503239740820735,0.947680690399137,0.9493464052287581,0.9487359550561798,0.9559942049981891,0.9494361586031284,0.9519763575914296,0.9463220675944334,0.9511205223222163,0.9484798834880758,0.9475574712643678,0.9511494252873564,0.9490355689258538,0.9483129935391242,0.9415665889944435,0.9431245500359972,0.9420446364290856,0.9450903237345735,0.941686224950352,0.9464187074203646,0.9417040358744395,0.940123010130246,0.9434201012292118,0.9404354867734389,0.943800178412132,0.9431998588816369,0.941820793679296,0.9461802420083077
0.9414642986589344,0.9363289066763689,0.9313156940920624,0.9328596802841919,0.931487397941072,0.9326241134751773,0.9282761100125831,0.9399280575539568,0.9343065693430657,0.9430793706911791,0.940567066521265,0.9361197298777149,0.9409058740268932,0.9444346133427712,0.9429499909730998,0.9476945507563331,0.9439585936105658,0.9444639718804921,0.94009382894262,0.9461932650073206,0.9479356960175375,0.9428467419002549,0.9413333333333334,0.9457907018488602,0.9438444924406048,0.9463231347289318,0.9436953352769679,0.9427700035880876,0.9420212765957446,0.9393613204162181,0.9473590925203829,0.9514978601997147,0.9360746992278686,0.9410082230961745,0.9430173661360347,0.93915102933139,0.9449129732639512,0.9440571939231457,0.9381972728882593,0.9443569553805774,0.9368836291913215,0.934030281182408,0.9374777975133215,0.934488359501895,0.9298085688240656,0.9335239456754825,0.9328571428571428,0.9316378066378066,0.9315068493150684,0.9315657470440702,0.9324670571010248,0.9287128712871288,0.9276351230023343,0.931797569381462,0.9349593495934959,0.9321474417751696,0.9333813467770976,0.928686327077748,0.9388502380080557,0.9384505278225085,0.9376703616209341,0.9421024063687353,0.9415916710781719,0.9426080639302579,0.9397438210355403,0.943555635448499,0.9473590292648109,0.9401402121157649,0.9483576642335766,0.9422835633626098,0.9440608957337582,0.9459264599855803,0.9456733321536012,0.9427946802696302,0.9449791174868349,0.9427065026362038,0.943918426802622,0.9389746318963988,0.9439585936105658,0.9443535188216039,0.9419308870680442,0.9398106804786569,0.9394998161088636,0.9428873611845584,0.9380717804363125,0.9361170592433976,0.9395415989893521,0.9383116883116883,0.9400397327072422,0.9381831213044257,0.9342057433660487,0.9385275196568977,0.9336798709446137,0.9357349746560464,0.9349154980222941,0.9331501831501832,0.9298807617013704,0.9298879653053849,0.9325131174235571,0.9358652812611967
0.9250705218617772,0.9210433556573846,0.9142857142857143,0.9274721386874226,0.9241266375545851,0.9243607954545454,0.9205598982003272,0.9303500541320823,0.9293927416457061,0.9317647058823529,0.9310220296135789,0.9304042828133653,0.9345454545454546,0.935943702634428,0.926860025220681,0.9408455815641444,0.9391019814579168,0.9379956741167988,0.9382782891174878,0.93802406124681,0.9342579250720461,0.9436997319034852,0.9427361443564721,0.9368940918236693,0.9450930317402408,0.9412082957619478,0.9411871813546977,0.9355413105413105,0.9448763250883392,0.937398520656684,0.9373991031390134,0.93713268032057,0.9405726634251755,0.9394642857142858,0.9410368747718145,0.9356964731029569,0.9277393520203858,0.9378510599746331,0.9247699801551507,0.9301437147535019,0.9267249064004279,0.9202750418137893,0.9301364942528736,0.9285194616224082,0.9238931577021589,0.9213870733478576,0.924910394265233,0.9258330347545682,0.9208267647574006,0.9195785776997366,0.9204767834904821,0.9228694714131608,0.922349518094199,0.9223440589609923,0.9252058153792257,0.9238840476613908,0.9255879255879256,0.9283405172413793,0.9310970081595649,0.9308747550329592,0.9296987087517934,0.9354666666666667,0.9328749773837525,0.9351152073732719,0.9348963029756537,0.935821164593474,0.932973944294699,0.9416032560608741,0.9384169534504618,0.9330694494422455,0.9399458972046889,0.9453600859906843,0.9399344739716053,0.9379061371841155,0.9377842459523377,0.9402319357716324,0.9487362050551797,0.9374100719424461,0.9410798978475009,0.9382448537378115,0.9391904156834271,0.9375,0.9348334833483348,0.9354664749236024,0.9361130994989263,0.9317893975031663,0.9304114490161002,0.9350044762757386,0.9306859205776173,0.9374661124164106,0.9286733238231099,0.925,0.9352836879432624,0.9240641711229947,0.9254104211277658,0.9264237707817474,0.9188453159041394,0.9276315789473685,0.9264305177111717,0.9234135667396062
0.9084709260588657,0.9076840981856991,0.912661406025825,0.9085916740478299,0.9134013240293434,0.9194607060493171,0.9142134729998194,0.914665211062591,0.9136314460872701,0.919722678343368,0.9193221587769387,0.9181654676258992,0.9292358198066751,0.9201650520272695,0.9298807617013704,0.9283776451437873,0.9267676767676768,0.9213684399068601,0.9264256161180069,0.9284315470891935,0.9270284988201125,0.9312083558436881,0.9320809248554913,0.932929004637888,0.9333095577746077,0.9405835543766579,0.930712618919404,0.9339521599428775,0.9357731015553522,0.9312511218811703,0.9315141787051899,0.9326974986503509,0.9307180133165377,0.9353680430879713,0.9326508620689655,0.9225747960108794,0.9276481149012568,0.920523860782203,0.9181884587289992,0.9185130928401392,0.9211214953271029,0.9200446262551134,0.9222302417899675,0.92011311417462,0.9196428571428571,0.9070222222222222,0.912675549153763,0.9093839541547278,0.9099620321822455,0.9072479368496591,0.9181034482758621,0.9043524986566363,0.9093172119487909,0.9107563939778704,0.9084745762711864,0.9126370663311163,0.9095934379457917,0.9136625811103101,0.9118535631775369,0.920444364809174,0.9106205898317351,0.9190261496844003,0.925754060324826,0.9282262394845177,0.927661832331093,0.9264388489208633,0.9315534850385235,0.93316699340581,0.9335620148041163,0.9312634601579325,0.9339757316202713,0.9385275196568977,0.9374331550802139,0.9356053811659193,0.929519368723099,0.9327346041055719,0.9412623130244436,0.9388818982563365,0.9335130278526504,0.9363736667892607,0.9254824874910651,0.9334760121276975,0.9358906055762742,0.9289646599183093,0.9260908281389136,0.9280357142857143,0.927658019729631,0.9211514392991239,0.9202344999111742,0.9166963967178023,0.9183419320405621,0.9173080365133345,0.9139687158966897,0.911038489469862,0.91734935372292,0.9171161452714851,0.912538559245146,0.9131202542821826,0.9115140525838622,0.9089430894308943
0.8992727272727272,0.8939064200217628,0.9054322324490164,0.9071377840909091,0.8981565979193283,0.8968924016525956,0.90556251117868,0.9035953471977441,0.9050587816173851,0.9042279411764705,0.9094038775140424,0.9066571479564519,0.9124579124579124,0.9169556488410294,0.9199138085832286,0.9176598049837487,0.9181338028169014,0.912271354999112,0.9284018264840183,0.9204836936606816,0.9197794379224475,0.9300433839479393,0.9211322770162008,0.93084345961401,0.9315884476534296,0.9296356129958715,0.9284056418496697,0.9241680305510093,0.9289767526999817,0.9282209703797928,0.9256080114449213,0.9261146496815287,0.9219637296208096,0.9215651241736644,0.9172215224041749,0.9196271544143511,0.91971454058876,0.9123441171154889,0.9149782923299565,0.9087584567562625,0.9105984138428262,0.8974266038419717,0.9018000356442701,0.8971599929440819,0.9048917985088197,0.8996613794332561,0.8992317312846168,0.8994463297017324,0.8971894832275612,0.9059183306350063,0.894783692362471,0.9018338727076591,0.905806219665648,0.9013275923932544,0.9077660948164545,0.9028179190751445,0.9020525747209218,0.8994913173127521,0.9038496294957528,0.9067237381844123,0.914001421464108,0.9060010621348912,0.9086477703556599,0.9198078344419808,0.9146451033243486,0.9188900747065102,0.9280014508523757,0.9228260869565217,0.9249500272578594,0.9259789021991776,0.9261271048343291,0.9232428545748697,0.9295043836106638,0.9307535641547862,0.9231469677654344,0.9235748966013307,0.9300106044538706,0.9277414669571532,0.926,0.9294567991250455,0.9221984296930764,0.9201725997842503,0.9248093633622982,0.9192913385826772,0.9181931353370087,0.9193635870547822,0.9113149847094801,0.9184318097361576,0.9059813426010609,0.9046944198405669,0.9047111111111111,0.9039855072463768,0.9020100502512562,0.9040258806613947,0.8991702741702742,0.8926198599389478,0.9007647163435888,0.8948606587043069,0.894595079906626,0.902537892139584
0.8848289450116424,0.8814762242725337,0.8778966131907309,0.8869936034115139,0.8796510592843154,0.8904701855521527,0.8919848018816718,0.8909774436090225,0.886326493553659,0.8948306595365418,0.8976744186046511,0.8998561668464581,0.904074074074074,0.9047451049567825,0.9071938495332235,0.9060783271309587,0.9110988404196576,0.9088509590005279,0.9127418765972983,0.91669711362806,0.9169939307390218,0.9195278969957081,0.9183891660727014,0.9224311005657967,0.917415037858778,0.920346008289782,0.9212273461331419,0.9190709490110688,0.916651567312919,0.924652654079088,0.9165904518017194,0.9130748422001803,0.9098274040154984,0.9131617113850616,0.9035340786152182,0.9095532146749001,0.9048728054460766,0.9011339475549256,0.8977920227920227,0.8987504593899301,0.9002014283098334,0.8929974991068239,0.8942841784626411,0.8895585889026768,0.8923523015585357,0.8854358219933799,0.8799927378358751,0.8924239760942169,0.8835247666905959,0.8815023805325339,0.8796064400715563,0.8821402747650036,0.8829006266786034,0.8868468468468469,0.8831074977416441,0.8931072613343163,0.8842278805642059,0.8999454247771512,0.8953678474114442,0.8976146788990825,0.8968512486427795,0.8983541327545669,0.9046936581870297,0.903137039075399,0.9109304426377597,0.9084801162157254,0.908993766696349,0.9125202083707562,0.9213623395149786,0.9202873160476525,0.916891042900736,0.9131481481481482,0.9166963967178023,0.9271667880553532,0.9163750874737578,0.9186130075458139,0.9130590339892666,0.9149090909090909,0.9207938820101966,0.9117009750812568,0.9070478245235527,0.9149013217454283,0.9117700896943072,0.9060568603213844,0.9037843627275973,0.9104204753199269,0.9009687836383208,0.8997294860234445,0.896601330695918,0.8942133815551537,0.889873417721519,0.8853977479113694,0.8899213724088635,0.8885504389894284,0.891331546023235,0.8908661703286725,0.8820143884892087,0.8896425297891842,0.8799563477628228,0.883794745194851
0.8715679190751445,0.8634960972953349,0.8771019677996422,0.8629173989455184,0.8829729238597129,0.8650438517988187,0.8700716845878136,0.867248590652846,0.8737219730941704,0.8793774319066148,0.8809740141740868,0.8858578607322326,0.8777401532703618,0.8882630813953488,0.888271162123386,0.9005645601894008,0.8921251348435815,0.8967636955342614,0.9082786287381474,0.9109929078014184,0.9121212121212121,0.9050976138828634,0.9061594202898551,0.9112318840579711,0.9128801431127013,0.9114180478821363,0.9112903225806451,0.9211456859971712,0.9139823645852079,0.9079066401302696,0.9047874240800285,0.9083806818181818,0.9038598999285203,0.9088593778424595,0.8955771701229583,0.8945170660856936,0.893651654910472,0.889367043213197,0.8960160818713451,0.8728965270318654,0.8803356439255746,0.8783661666365443,0.8822457163689391,0.8772373892605315,0.8717625899280576,0.8657851838435066,0.8675864540404945,0.8642172523961661,0.8658055256548259,0.8649667803914527,0.8680505415162455,0.8646805455850682,0.8697850821744627,0.8702054171968733,0.8645506551024175,0.86400873839432,0.8675044883303411,0.8759548926882502,0.8727272727272727,0.8782051282051282,0.8814050334962883,0.8851460311772084,0.890183615819209,0.8917963224893918,0.9019678642354215,0.9004500450045004,0.8919112383679313,0.9052346570397112,0.9053836522983366,0.9076484221786415,0.9119051830886256,0.907036091870215,0.915173025732032,0.9120879120879121,0.9086375779162956,0.9108562973922693,0.9144807761408552,0.9089307732957548,0.9049699617695248,0.9094606542882405,0.9020422917043195,0.9090261705536763,0.8998921639108555,0.9008442608227052,0.8977596017069701,0.8928247048138056,0.8916881206325855,0.8918196399928712,0.8889280056328112,0.88875088715401,0.8771194165907019,0.8806859205776173,0.8723329218832657,0.8655432054499821,0.8734540240186414,0.8760853835021708,0.8666666666666667,0.869150467962563,0.8644340974212035,0.868310502283105
0.8462646264626462,0.849165020650027,0.8461814914645104,0.8410237923576064,0.8647334293948127,0.8514460211963355,0.8589605734767025,0.8574456809750928,0.8763219214913067,0.86309414571481,0.8676758682101514,0.8654090331942681,0.8757225433526011,0.8847868735509185,0.8917127071823204,0.896301539550522,0.8857446055889636,0.8924165457184325,0.9023616496298907,0.8928379106085084,0.9054029470620338,0.9013181984621018,0.9080043462513582,0.9011190607228031,0.9002884962134872,0.9048824593128391,0.9032727272727272,0.9102084446819882,0.900018244845831,0.9003442652654466,0.8934586066300302,0.8978154901606789,0.8916711063754218,0.8920271719699678,0.8853754940711462,0.891399416909621,0.8774840474020055,0.8728344347204858,0.8645833333333334,0.8666666666666667,0.8724855693545566,0.8665122081625378,0.8577025823686554,0.8636942675159236,0.8601769911504424,0.8494369778423538,0.851183970856102,0.8571428571428571,0.8430947216196674,0.8458755426917511,0.8429452303228147,0.8564973793602024,0.8455240174672489,0.8545978045708116,0.8482856635281577,0.8462235102336533,0.8609873462840848,0.8554694539556676,0.8645666488699056,0.8614393125671321,0.8729792147806005,0.8718130311614731,0.8688845401174168,0.8769285970577682,0.8902060915557177,0.8905109489051095,0.8907849829351536,0.8954260089686099,0.8909090909090909,0.8913945516868121,0.8981904587826722,0.9008826774549467,0.9036982790186745,0.9078424286230574,0.9071622846781505,0.8993372738670965,0.9027431421446384,0.8990116801437557,0.9032140248356465,0.8895194183365845,0.8942065491183879,0.8907427341227125,0.8953010541361444,0.8837634999084752,0.8907728002855613,0.8862167982770998,0.8752482397544683,0.8776586075259044,0.8754538852578069,0.8748216833095578,0.8603684971098265,0.8638167388167388,0.865360641139804,0.8610299488677867,0.8534871147954587,0.8513392054646773,0.8451141552511415,0.8550541516245488,0.8502266545784225,0.8434579439252337
0.8315541885290393,0.8287364890048453,0.8253882267966774,0.832796852646638,0.8252112929329257,0.8410838520688393,0.8357064622124863,0.8383561643835616,0.8484576757532282,0.8489714904366654,0.8564276774539603,0.8613773517926873,0.8668837041056249,0.8630527817403709,0.8702565955908926,0.8715207373271889,0.872961217832548,0.8819381666967998,0.8833001628369821,0.8904535479151426,0.8920850455601215,0.8943961531348252,0.8913864412875382,0.8994040093913672,0.9031014865112865,0.8928830791575889,0.8969072164948454,0.8933239138113741,0.8886103151862464,0.8785080572152816,0.8934470865855872,0.8874821683309557,0.8859649122807017,0.8868754398311048,0.8700341542333273,0.8733709052483268,0.8638174574429555,0.8675544358466799,0.8594399277326107,0.8542336548767417,0.8515875847306458,0.8482462419470294,0.8402602096132996,0.8396670285921101,0.8310567936736161,0.8334538878842677,0.8359892569382273,0.836874324810947,0.831277926720286,0.8291502330584439,0.8245209368346345,0.8246635140050927,0.8387038048425268,0.8285664151605545,0.8367018422464675,0.8321234119782214,0.8487502280605729,0.8358673749771021,0.8459203713622567,0.8516934046345811,0.8516117414010445,0.8624309392265194,0.8590834993660569,0.8748647673999279,0.8743041838750224,0.8731182795698925,0.8764331210191083,0.8812511365702855,0.8815373815373816,0.882850458880691,0.8970957332377196,0.8933046902971715,0.8917937545388526,0.8889085441358571,0.8875523965737196,0.8892138939670933,0.8935008192244676,0.8873965041398344,0.8913593637020969,0.8936950146627566,0.8931407942238268,0.8832910474809713,0.8832286995515695,0.8766630708378281,0.8729566453447051,0.8662576687116564,0.8537056550755181,0.8641058162710636,0.8569087930092846,0.8554003888987096,0.8398652243305551,0.8498188405797101,0.8424264178033022,0.841923774954628,0.8375744450460205,0.8376670278078728,0.8304993735457311,0.8286979627989371,0.8281392381993804,0.8216764548852109
0.8178571428571428,0.813815434430653,0.8216537560799856,0.8229596412556054,0.810192688636773,0.8128707531907244,0.8225397973950795,0.8177905308464849,0.8287203450754853,0.831131221719457,0.8284012991699747,0.8402421129860601,0.8469020172910663,0.8487486398258978,0.8646751844520425,0.8560619708160692,0.8686417990362306,0.8617430871543578,0.8726790450928382,0.8771803632440208,0.8791012838801712,0.8749336635414824,0.8814432989690721,0.8802536231884058,0.8845327604726101,0.8839317454674724,0.8809991079393399,0.8832329866812625,0.8801148600143575,0.8908829863603733,0.8775510204081632,0.8664973698530746,0.8684782608695653,0.8606103872925218,0.8558079882740931,0.8538713195201745,0.8604651162790697,0.8424583031182016,0.8411334552102376,0.8273673073532005,0.8266446765622136,0.834983498349835,0.8266595479622708,0.8201373825018077,0.8170062001771479,0.8208185053380783,0.8169065403534341,0.8037201062887511,0.8083918602557176,0.8024535450117265,0.8104738154613467,0.8010990959049814,0.8137943453988835,0.8147753507369917,0.8167163132994568,0.8105436573311368,0.8099770844350432,0.821203953279425,0.8276299112801014,0.8332455678427242,0.8284034212401996,0.8454001088731627,0.8440116490717146,0.856679286100595,0.8600962395294957,0.8601959038290294,0.8642109064644276,0.8649229666786098,0.8651886286429465,0.8723366477272727,0.8785063426835805,0.8809609826589595,0.8836874324810947,0.8882480173035328,0.8876967095851216,0.8894335511982571,0.8703769559032717,0.8763716166788588,0.8755919854280511,0.8872522276777596,0.8694885361552028,0.8738108059594327,0.8714643752237737,0.8688168146403334,0.8523600439077936,0.8547241944292736,0.8458118442112751,0.8423874195854182,0.841084575327707,0.8400795084929527,0.8332428028245519,0.8255628434674703,0.8156648451730419,0.8111248019714838,0.8195903829029385,0.8057296329453895,0.8051924473493101,0.8136704119850188,0.8083392984967788,0.8126365622723962
0.7817857142857143,0.7856125356125356,0.791191437094227,0.791651673263764,0.7991321641656121,0.8007233273056058,0.7941493180186647,0.8116710875331565,0.8024647258439007,0.8120109190172884,0.8211632542127197,0.8240084985835694,0.8277259115730139,0.8330016283698208,0.8391031390134529,0.8412613575628006,0.8476869628816969,0.8570129161360742,0.8590017825311943,0.8654604084557507,0.8623214285714286,0.8648885769433234,0.8673505482844004,0.869088293472397,0.8787436084733382,0.8715173025732031,0.8713910761154856,0.8752218672346468,0.8669816463747048,0.8700147710487445,0.8658755843221863,0.8616565512317029,0.8649415101028004,0.8455211871982836,0.8543117300482057,0.843497031840259,0.8340448239060833,0.8344963320808731,0.8220769789397241,0.8243867756843228,0.8146808895317302,0.8086845930232558,0.802386548544567,0.7991204925241865,0.7985341437254201,0.7851824950063555,0.7949692363373145,0.7838527428467287,0.7872226198997853,0.7977888730385164,0.7876588021778584,0.7885311143270622,0.7888573456352023,0.7910557184750733,0.7959555474585535,0.7979433519754645,0.7895592485549133,0.8123881131399928,0.8085372387926415,0.821896002829855,0.8098680643412254,0.822234156820623,0.829050482959723,0.8335421514229461,0.8503292400783058,0.8567552902875746,0.8574622694242594,0.8544830079537238,0.8609769189479335,0.8661769974919383,0.8683493735246051,0.8639626704953338,0.8667616672604204,0.8705734316016538,0.8696113074204948,0.8729724804082376,0.8736422881969588,0.8661057252606549,0.8650722827056934,0.8688969258589512,0.8590761457957417,0.8621303883149269,0.8586156111929307,0.8517265930936276,0.8341772151898734,0.8448678770447601,0.8291903409090909,0.8269088213491476,0.8387846291331547,0.8192488262910798,0.8191915513474144,0.8022117476432197,0.7884512564605239,0.8053497198626424,0.7904411764705882,0.7923744127213589,0.7855082912761355,0.7928558607072339,0.7872767043383158,0.7931159420289855
0.757673090649536,0.7621168923734853,0.7720465890183028,0.772304995617879,0.7766937669376693,0.7671647100675916,0.77289972899729,0.7876434245366284,0.7808394160583941,0.7995586612725266,0.7873657382122702,0.803680981595092,0.8084797970646856,0.8208551325996752,0.8203054806828391,0.8307114765820522,0.8387155297532656,0.8363802559414991,0.8451647953639986,0.847494162026226,0.8490931502025004,0.8548672566371681,0.858014719080955,0.8628152387766053,0.8636116645535229,0.8564865858140389,0.8532950260369905,0.8579098067287043,0.8567861601569466,0.8500806018269748,0.8629845990440786,0.8434131189475608,0.8486280210794113,0.8306801736613604,0.8248577198457867,0.8163485776017285,0.8249164173851838,0.8148081426769951,0.8102322206095791,0.7995662389300561,0.7966318872414424,0.7993562231759657,0.7830410414030012,0.7719488011537768,0.7652949745083758,0.7730586948596427,0.7715362526920316,0.7652515162326079,0.7659947414548641,0.7682628451590353,0.758261822165419,0.7690341427788936,0.7543290043290043,0.7751769188894937,0.7650205027634159,0.7740646567381039,0.7766534152511746,0.7849792381296263,0.7952005861879465,0.796100583090379,0.7956989247311828,0.8024602026049205,0.815325948792446,0.821071752951862,0.8317129220434859,0.8340904960930402,0.8409812919166961,0.8486005089058524,0.8492763854571126,0.8462228602189126,0.8483176072636639,0.8554260742898762,0.8627898805340829,0.8564264487369985,0.8583698830409356,0.8563002680965147,0.8707482993197279,0.8591600289645185,0.8553741252467253,0.8496860986547086,0.8430021754894851,0.836101083032491,0.8397849462365592,0.8404753330932662,0.8286852589641435,0.8242194549720268,0.8190134529147982,0.8172004318100036,0.8079494128274616,0.7983420436114615,0.7886417937879067,0.7858560346382825,0.7824933687002652,0.7799964022306171,0.7753135793492092,0.7667382742570712,0.760826594788859,0.7655650903779442,0.7650214592274678,0.7714234492649695
0.747478386167147,0.7518301610541728,0.7412060301507538,0.7442400428647973,0.7477231329690346,0.74761132143501,0.7585891812865497,0.765658747300216,0.7570518653321201,0.7780207763805358,0.7760160379077821,0.774074756030197,0.7890513552068473,0.7960938899838739,0.8016809728183119,0.8177866328563665,0.8245804006497022,0.8202572929878601,0.8316214233308877,0.8365591397849462,0.839192356228592,0.8482820976491863,0.8460439364172173,0.8467670504871567,0.8470023127557375,0.852817800474193,0.846195652173913,0.8620751663369898,0.8416891284815813,0.8430917529453766,0.8445994277539342,0.833603749774653,0.8226503420957868,0.8141969831410826,0.8074342701722574,0.8116575591985428,0.796923076923077,0.8015211879753712,0.7854565138939011,0.7691360197079008,0.763678905687545,0.7630950192979232,0.7602943753285439,0.7593778591033852,0.7483636363636363,0.7514782297079377,0.7566792182176798,0.7422550432276657,0.7343047310667387,0.737627365356623,0.7428312159709619,0.7433011789924974,0.7328767123287672,0.7431654676258993,0.7544263456090652,0.7451518477863154,0.7561863173216885,0.7527782838404081,0.7747615553925165,0.7746478873239436,0.7785905441570027,0.7899339639478851,0.7934018388318009,0.7995407983044861,0.8197905381003973,0.8092765042979942,0.8192814587470663,0.8312477654629961,0.8229864253393665,0.8375779162956367,0.844802607750815,0.842791551882461,0.844448449891853,0.854407514450867,0.8478775733284751,0.8464730290456431,0.8443102817416758,0.8482833003774941,0.8397658679348821,0.8492063492063492,0.8310454065469906,0.8235080718302195,0.8274629000536384,0.8124775905342416,0.8145161290322581,0.788289896465548,0.8047593293672255,0.789369011028747,0.7843065693430656,0.7835107342594263,0.7775124012493111,0.7638611161606981,0.7677361853832442,0.7533673097925009,0.7477947794779478,0.7426402518052213,0.748816029143898,0.753503413582465,0.7516187050359712,0.7398477157360406
0.7155483405483406,0.7161822748475063,0.7145425130325364,0.7198656769176387,0.724535785109068,0.7308934337997847,0.7373020207536866,0.7382180330784279,0.7397236002834869,0.744957829116245,0.7606978879706152,0.7752021563342318,0.7776372832369942,0.7825050430955437,0.7832218405351654,0.7967364313586378,0.7963917525773195,0.8056651129437075,0.8158599749955349,0.8208657851838435,0.8252890438612589,0.8255751738897806,0.8324626193478653,0.8352180936995154,0.8356915458082773,0.8412726945892504,0.836968180193064,0.8381243262666187,0.8265669515669516,0.8352983208288675,0.8179174995457024,0.8257169287696577,0.8088761632068718,0.8026221264367817,0.805756698044895,0.7879858657243817,0.7824074074074074,0.7727436174038116,0.7697557471264368,0.7707360861759426,0.7579582875960483,0.7482426933037366,0.7375290541748615,0.734255551510739,0.7273565762774395,0.7186001065908687,0.7275346659463353,0.7049883783300555,0.720424209179009,0.7187990923372316,0.7210478771454382,0.7119787045252883,0.7215635420526121,0.7204415954415955,0.7347786811201446,0.7350640113798008,0.7281138790035587,0.7456776352481874,0.7539879475363346,0.7485825655563431,0.7658012533572068,0.775880469583778,0.780156366344006,0.7856760135738525,0.7990222705051603,0.7993085880640466,0.8080935251798561,0.8143786254174723,0.8198481762636549,0.8320014529604068,0.8227436823104693,0.8262424025741866,0.8291195983503675,0.8427684441197955,0.8458940632776395,0.8305084745762712,0.8291059543083288,0.8342006100843352,0.8356956359567326,0.8194217130387343,0.8172235125960335,0.8158707100054476,0.8062555853440572,0.7971271502039369,0.797578778707495,0.7885755343991377,0.7891268533772653,0.7739270964266475,0.7642146410803127,0.7602653756499911,0.7511831088460138,0.7504406062742334,0.729787613778333,0.7324932493249325,0.7241879876610415,0.7196794300979519,0.7200662129851021,0.7131896236755572,0.7051259468028889,0.7041462973021908
0.691148115687993,0.6889455472591514,0.6870588235294117,0.6961777777777778,0.7022502250225022,0.6949813796772477,0.7081476198965948,0.7153974430239022,0.7100802854594113,0.7335020791900199,0.7340014064697609,0.7422230307440422,0.7525624887610142,0.7661799170722914,0.7748933143669986,0.7896434330765096,0.7896903526042599,0.7967160449759058,0.8069763238749322,0.8069324712643678,0.8202328966521106,0.8222458754656732,0.8235294117647058,0.8221818181818182,0.8247728536992398,0.8306822198656769,0.8206432854806469,0.8161685271876126,0.819078357539896,0.811893639956881,0.7988776249094859,0.8065322148848831,0.799017824663514,0.7886266094420601,0.7845630372492837,0.7886208138278719,0.7596535546734031,0.7591955064323247,0.7575374616356743,0.7456204379562044,0.7361709770114943,0.7176833696441539,0.7222421846927776,0.7152890329551593,0.7089750398300584,0.6884559359067735,0.6966512290701817,0.6949152542372882,0.696149112009847,0.6761835923382725,0.6957304990091875,0.6889728368411585,0.6967360114777619,0.6921554516012954,0.6924606761887543,0.7074829931972789,0.7111663412036215,0.7079805440461178,0.713568739917548,0.7404323175053154,0.7468030690537084,0.7601536772777168,0.7594093282910138,0.764663155983294,0.7694626706862919,0.7847869811665752,0.79596174282678,0.804830053667263,0.8014184397163121,0.8108059594327769,0.8184377199155525,0.823550337958022,0.8208570903071547,0.8127598048075185,0.8256467941507312,0.8199928212491027,0.8170818505338078,0.8117117117117117,0.8143345939132001,0.8015034902452121,0.8001801801801802,0.7989090909090909,0.7817815986830071,0.7907318867230599,0.779981634527089,0.7601977750309024,0.7600072450643,0.7515583259127337,0.740754104275663,0.7294720113014304,0.7298270893371758,0.7145930441018287,0.7104887620406707,0.7013574660633484,0.6962384669978708,0.6962566844919786,0.7034200213751336,0.6945337620578779,0.683526268922529,0.6732326951399117
0.6634792203015815,0.669050238357169,0.6636994837101655,0.6734841628959276,0.6754039497307002,0.6842484248424843,0.6783720511435261,0.683404098209341,0.6969974368363236,0.7087361260293591,0.7094812164579607,0.719461132350264,0.737406216505895,0.7482224247948952,0.7568202348690154,0.7652692446693169,0.7784742120343839,0.7806067172264355,0.7901054929065114,0.7953372486207511,0.7956989247311828,0.8089467118160756,0.807871198568873,0.8005041411595246,0.8061903904984704,0.8101382488479263,0.8118016759776536,0.8149237272560191,0.815373690750932,0.7986577181208053,0.8044260525368838,0.7902247591865857,0.7830593280914939,0.7809472551130248,0.7641016062756817,0.7522902161964089,0.7477654629960672,0.745977833392921,0.7193886945313939,0.7121803977272727,0.701058201058201,0.7031332979288369,0.7033744557329463,0.6805580397066714,0.6765712227624707,0.6702597632090476,0.6702032008631541,0.6557087310003534,0.6706252183024799,0.6723025971762245,0.6508400292184076,0.6652658505390097,0.6677893990427229,0.6740311481347337,0.6810186881641627,0.6866690621631333,0.678018018018018,0.6988833974006956,0.699185552407932,0.7163823151715282,0.7243532560214094,0.7299874078071595,0.734839053885826,0.7507194244604316,0.7500450856627593,0.7684002159438545,0.7726845763667105,0.7836815561959655,0.7819710248613844,0.7869951095815976,0.8025705105319528,0.8005780346820809,0.8083970823696851,0.8127468581687612,0.8175760849990996,0.8172432530338707,0.8112180068978035,0.810411537108688,0.8043599776411403,0.7923606082548877,0.7862801584443644,0.7787626307392307,0.7714337175792507,0.7682660850599782,0.7635281385281385,0.7571428571428571,0.7463598777637965,0.7299725022914757,0.7171193709792709,0.7072952141960925,0.7082512976552712,0.7002929329915781,0.686654478976234,0.6798685891586056,0.6806917454091639,0.672410632447296,0.6757833725774316,0.6653443923548503,0.6579985652797704,0.6582419624605091
0.6328861493836113,0.6276440554339898,0.635882460302975,0.6516935337801123,0.6425973081120407,0.6611599928173819,0.6540114613180515,0.6716008771929824,0.6802502234137623,0.6839470861637469,0.6868053065614915,0.7027914614121511,0.705742935278031,0.7150528011455164,0.7303974221267454,0.748761500353857,0.7499110636784062,0.7590361445783133,0.7742349276159062,0.7751060820367751,0.7757059136920618,0.7824023366192041,0.7973122238586157,0.7937602031561763,0.7897510448846083,0.7984510086455331,0.7956739363603861,0.7929238505747126,0.7839627707177376,0.7910014513788098,0.7864307860660222,0.7685333333333333,0.761835923382725,0.7559195299982197,0.7436360353854486,0.7458453757225434,0.720422409164131,0.7149059334298119,0.7192405987586711,0.6996887017029848,0.6943852167732765,0.681162068335465,0.6690429513455712,0.6648936170212766,0.6505805515239478,0.6567896746046173,0.6557879552830869,0.6299115044247787,0.6283282014127876,0.6228974498100922,0.6428306780288996,0.631578947368421,0.632108246480161,0.646629912857905,0.65375,0.6462524479259392,0.655857168883221,0.6711263785933828,0.6743804664723032,0.6829996487530734,0.6970346552340122,0.7090579710144927,0.7135660309463836,0.7321234119782214,0.7331851028349082,0.7504037322806388,0.7529756454861747,0.7611702127659574,0.7680056627145638,0.780126467931346,0.7799422799422799,0.7890909090909091,0.8085068198133525,0.7995178041543026,0.8004307250538406,0.7875829034635224,0.7821350762527233,0.794978323699422,0.7865107913669065,0.7916891527253103,0.7766304347826087,0.7712647928994083,0.7656450724903652,0.7641875220303137,0.7256297918948521,0.73197715917202,0.7162573937981717,0.7165456914200633,0.712972972972973,0.6909940679489484,0.6861429832303618,0.6757000903342367,0.6651493080844866,0.6587146163432437,0.6486679778294296,0.6324255163589837,0.6381519581303013,0.6312859195402298,0.6300306803826025,0.6345381526104418
0.6061789772727273,0.6119111111111111,0.6084761045987376,0.614868540344515,0.6181392837862156,0.6291462751495378,0.6324912410105108,0.6366393150196218,0.6614806866952789,0.6540666427803654,0.6670303691580287,0.6865698729582577,0.7034620264636577,0.7046022119158045,0.7027124124303934,0.7324545778411115,0.7391542107181918,0.7439353099730458,0.750993138317082,0.750089190153407,0.7588322796578654,0.7749282639885222,0.7724679029957204,0.7762778977681786,0.7809283005237493,0.7766776677667767,0.786980171959993,0.7771552503162841,0.778167713335796,0.7690373563218391,0.7721358872425009,0.7676018099547511,0.7506185931424532,0.7486248624862486,0.7311575910566174,0.7150145772594753,0.7047052460789616,0.6942754919499106,0.684200979502993,0.6660736523750223,0.6569037656903766,0.6456918126564176,0.6501703424780347,0.6413706494438465,0.6291488967179677,0.6099481123635713,0.610595303113053,0.6190045248868778,0.6041369472182596,0.6167058398119689,0.6143162393162394,0.6074180254434689,0.6112944627796113,0.6224305805986297,0.6250226654578422,0.6222262312826989,0.6431781412906705,0.6518883415435139,0.6515124071726136,0.6647646219686163,0.6695699510070767,0.6829624224735498,0.6989090909090909,0.7137572661617051,0.7078830823737821,0.7311043926729504,0.7368229734641948,0.7579379236532287,0.7560498220640569,0.7727907789032483,0.7668488160291439,0.7654187013926569,0.7754578754578755,0.7860741273839511,0.7811649428415895,0.7814344482203541,0.78587319243604,0.7706029254370318,0.7704626334519573,0.7630593688714565,0.7638532110091744,0.7575757575757576,0.7359187442289935,0.7390593789722172,0.7328094302554028,0.7247160627366144,0.700626678603402,0.6947632711621234,0.6822429906542056,0.673155193771014,0.648,0.6471008028545941,0.6275812533668522,0.6389764509549416,0.6271034729681346,0.6235914213013449,0.6167577413479053,0.6053606065949568,0.6069290767277344,0.6032360182905382
0.5748158792886654,0.5883716782593187,0.5907743608743979,0.5896393210749646,0.5920844327176781,0.5931389975115535,0.6143084823800248,0.6191500806885423,0.6209353306540007,0.6342957130358705,0.6455830388692579,0.6550062466535784,0.6770814520498465,0.6794871794871795,0.6987864517297591,0.7037766243064256,0.7160228898426323,0.7335029994546446,0.7385759829968119,0.7392576339367343,0.7526690391459074,0.7630478268776141,0.758288770053476,0.7616363636363637,0.764612954186414,0.7629408668187402,0.7684415354678932,0.7664233576642335,0.7534541539565763,0.750768674262977,0.7544626593806921,0.7345980126467931,0.7347722699835376,0.7255509014751411,0.6980036297640654,0.6963341236549334,0.6730491329479769,0.6675675675675675,0.6690608726880948,0.6604668125455871,0.6461372231226364,0.6266836548962504,0.6155656108597285,0.6010849909584087,0.6138816524004466,0.5858315488936474,0.6013002987172729,0.5853658536585366,0.5747001090512541,0.5730136005726557,0.5662542585619509,0.5910760190965847,0.5839205058717254,0.5862006519377038,0.5822922324823465,0.6088864509051015,0.6138360175695461,0.6245313336904125,0.6352749047359826,0.6424521615875266,0.6502218278615794,0.6662390029325513,0.671612441902038,0.6953139135154696,0.6972875226039783,0.7027126099706745,0.7180899908172635,0.7258764004336827,0.7628939828080229,0.7507293946024799,0.7481561431912215,0.7584097859327217,0.7683737646001797,0.7729564277997839,0.7565454545454545,0.772369362920544,0.767902123065851,0.7677639863284763,0.7545246881040238,0.7536489854040583,0.7441525728679381,0.7314183123877918,0.7373371924746743,0.7141055665645829,0.7131769271476451,0.6870588235294117,0.6789473684210526,0.6685063200996973,0.6536213918894989,0.6409747292418773,0.6339881059650387,0.6272243625022932,0.6088593974175036,0.604070796460177,0.5999640417116145,0.582470546233488,0.5765472312703583,0.5811267105029323,0.5873961719032141,0.5734152067906809
0.5518791584247438,0.5441389290882779,0.5576508620689655,0.5526505589614137,0.5546369518332135,0.569830386142187,0.5729847494553377,0.5907218341393516,0.6022895125553914,0.6151471122411915,0.6184163382300251,0.6408045977011494,0.6402097269933105,0.6542497376705142,0.6704545454545454,0.6776649746192893,0.6992467718794835,0.7143370463528567,0.711669658886894,0.7308455020731928,0.7395457822638789,0.7413449338408555,0.7503615328994938,0.7534197903712915,0.7482479784366577,0.7531495344166514,0.7532188841201717,0.7574946466809421,0.7424632352941176,0.7368232981954619,0.7463148316651501,0.7386573220213943,0.7124686492296668,0.7041712403951701,0.6873440285204991,0.6841824011400072,0.6708952519028634,0.6483113069016153,0.6417273858183757,0.6329911759409328,0.6232901367890569,0.6206208023234707,0.593772498200144,0.5899344320396952,0.5731161625201361,0.5770005493499359,0.56169757489301,0.546819156540386,0.5607800255148533,0.5502635884384657,0.5468666309587573,0.5554341889677772,0.5610366398570152,0.5625909752547307,0.5608313922236159,0.5620280474649406,0.5755527133199342,0.6096198883084128,0.6048654625875415,0.6196329948334224,0.6264253393665158,0.6485663082437276,0.6500910746812386,0.6739771470696646,0.6809902740937224,0.7006914119359534,0.706815723043635,0.719062329638379,0.7244292647851879,0.7309743954480796,0.7390992284227526,0.7394600591715976,0.7606184467744802,0.7454545454545455,0.7528673835125448,0.7447608812466416,0.7526315789473684,0.7444823254979365,0.7479383291502331,0.7389412617839014,0.717516152189519,0.7170528602461984,0.7071428571428572,0.7052764727141309,0.6879852125693161,0.6702051097517092,0.6490745831042698,0.6574192370870596,0.6365429442352519,0.6299112801013942,0.612955320294276,0.6171211847570887,0.5942796610169492,0.5792398709214772,0.5781497797356828,0.5632142857142857,0.5682556879739978,0.5562613430127041,0.544476850164054,0.5522468868435301
0.5201801801801802,0.5221385265478596,0.5246880086814976,0.5441493180186647,0.5324413489736071,0.5392332497312791,0.5478007997091967,0.5561343632117838,0.5708108108108109,0.5831548893647395,0.6023636363636363,0.6102000360425301,0.6205381658429434,0.6464829586656998,0.6562784763987607,0.663937344250623,0.6769371011850501,0.6952154857560263,0.6955666785841974,0.7045087120531704,0.721183517879833,0.7272074659009332,0.738500089493467,0.7307208340823297,0.7348498635122839,0.7490132759239325,0.7330979699911738,0.7351973684210527,0.7381165919282511,0.7168523176428315,0.707634001082837,0.7176122712992054,0.6866703036915803,0.6841821126507108,0.6740321402483564,0.6450017661603673,0.6495695839311334,0.6318443804034583,0.6186224489795918,0.5997440117023222,0.5824291214560728,0.5880066629650195,0.5655021834061136,0.5548018564798286,0.5492628550880978,0.5356042761369814,0.5231134661063402,0.5325116112897463,0.5262403725595558,0.5147482014388489,0.5262385321100918,0.5144770177343467,0.5376984126984127,0.522107922757625,0.5404825737265415,0.5534420289855072,0.5590798187521785,0.5661290322580645,0.5742877749729535,0.5954769286886741,0.6011457214464734,0.6290580095795636,0.636168691922802,0.6464208242950108,0.6690442225392297,0.6870562534134352,0.6932437341082456,0.6999640675530003,0.703827835597107,0.7154587647268833,0.725925925925926,0.723087945548988,0.7347544022242818,0.7445594006421691,0.7418541854185419,0.7429616087751371,0.7384531787719616,0.7451482973269864,0.7211317418213969,0.7208158805317793,0.7181363798643342,0.6953606379122871,0.6901208244491827,0.6779481755684823,0.6731221719457013,0.6496297634097887,0.6404270720231632,0.630049610205528,0.6112220809878337,0.5979935506986743,0.5881291719285585,0.5791919914193779,0.5566600397614314,0.5646613832853026,0.5453065653825285,0.5341726618705036,0.5249724568490636,0.5259692757863935,0.5251200591060214,0.5093290276282741
0.4961734693877551,0.493368700265252,0.4979200578766504,0.5010853835021708,0.5058242146134839,0.5173467553478339,0.5250406798047369,0.5409246267314265,0.5340970109182029,0.5536743515850144,0.5638790035587189,0.5890814558058926,0.6078919303234981,0.6289998171512159,0.6352941176470588,0.6422586520947177,0.6669755374351372,0.6726158283756986,0.6950079379079203,0.6886216798277099,0.7064622124863089,0.7081629023652855,0.7202486678507993,0.7191890449937756,0.7312751187431494,0.7211538461538461,0.7302151876222657,0.7201212986086336,0.7180133165377002,0.7078286024227084,0.7020480854853072,0.6973396501457726,0.6689802455953017,0.6701532912533814,0.6577327055414705,0.6269327580007191,0.6227231740306582,0.6078849227490677,0.5869797225186766,0.5709200925431571,0.5706472196900638,0.5471053577849694,0.5474505534385774,0.5304192685102587,0.5335834226509467,0.513562062151967,0.5059373875494783,0.5015089650275164,0.5077314899035837,0.493114406779661,0.49484349556721546,0.48951048951048953,0.49587080198201505,0.49684172532033927,0.5094994519546949,0.5152671755725191,0.530376780241572,0.5337597725657427,0.5622302158273381,0.5769652650822669,0.5810283687943263,0.5909090909090909,0.608549726196785,0.6196207148067104,0.6395740905057675,0.6586437104708363,0.6550972196983463,0.6736532450818166,0.6918822479928635,0.6935106956678051,0.7022065313327449,0.7246587807097361,0.7143906020558003,0.7312169312169312,0.7248260710362504,0.7209858377781865,0.7218531154605854,0.7223710051776469,0.7037301445654114,0.7111391948005055,0.696659974447892,0.6988546255506608,0.6703890489913544,0.6712158808933002,0.644869750132908,0.6397772188286023,0.6209373316573891,0.5985504684461729,0.5965618141916605,0.5679856115107914,0.5624543462381301,0.56305895236357,0.5386383731211317,0.5213842058562556,0.5220548193864585,0.5009872554299049,0.4944642857142857,0.4990056047730971,0.5002710027100271,0.49694024478041754
0.4644290404961693,0.45997846374730794,0.48028673835125446,0.46148282097649185,0.48406483336368605,0.48673045676114823,0.5016280752532561,0.5125866472090478,0.5221936903888481,0.5309064696341683,0.5581311119159724,0.5606005126327352,0.5710878737846267,0.5916305916305916,0.6178506375227687,0.6214183381088825,0.6344378055404671,0.6620849696536951,0.6650406504065041,0.6837543794947446,0.6842199214566226,0.697928026172301,0.6892494205740773,0.7151536812008578,0.7074891461649783,0.7137943519188994,0.7176554681915654,0.7131338469808278,0.6891474277404108,0.6878297253047116,0.6782419967444384,0.6690736174709405,0.6604389624523853,0.6464356257855989,0.6264367816091954,0.6216750539180446,0.6156512221816856,0.5947426067907996,0.5808783661666366,0.5606977572089712,0.5488173572825894,0.531632110579479,0.5189716312056738,0.4993644452514981,0.4928858080992339,0.4752081071299312,0.47293447293447294,0.4718839541547278,0.4552049328980776,0.45155426286129796,0.46404391582799637,0.47049298308744153,0.4681540122346168,0.47075760302321396,0.47950819672131145,0.48636859323882226,0.5097001763668431,0.5142123601687145,0.5260869565217391,0.5364555614688664,0.5587080656673804,0.5732300486398847,0.590751866011287,0.5946686142048567,0.6047087980173482,0.6417406749555951,0.647166697230882,0.655282817502668,0.6745091102069698,0.6875452570601014,0.6953437613677701,0.693815719123151,0.7156398104265402,0.7103337497769052,0.69562109025916,0.708401676690359,0.6980455441993904,0.7072039942938659,0.6998371630179121,0.6863831308077198,0.6801431127012523,0.6650852222807943,0.6586826347305389,0.6326979472140762,0.6271486797802587,0.6166093721729691,0.5994545454545455,0.5808999081726355,0.5720508166969147,0.5593800684808073,0.5452460751455284,0.5133622246298303,0.5155827778778599,0.4972816237767307,0.4918555240793201,0.4845065377037435,0.4726977833843936,0.4730989956958393,0.4633838383838384,0.4630391981385359
0.4218241042345277,0.43442912689996466,0.44891696750902527,0.4478060863411182,0.45841637977894545,0.4540880503144654,0.47633292275206757,0.4956896551724138,0.4975270196006595,0.4934490084985836,0.5218424419667337,0.5487125956854558,0.5603527466470696,0.5870488322717622,0.6035049288061336,0.6123474515434314,0.632072072072072,0.6304849884526559,0.6508651766402307,0.6656485806683435,0.6746661854926019,0.6804552023121387,0.6829720214934223,0.6858375269590223,0.695683714182082,0.6852387843704776,0.7002126151665485,0.6864835561980485,0.6953277669213004,0.6806992508027114,0.673783245883843,0.6598117811084001,0.652566371681416,0.6315884476534296,0.6194122885129119,0.5997143367255847,0.5785994998213648,0.5772343420126671,0.5464362850971922,0.5210460325989611,0.5187127101789911,0.5133671151493971,0.49827178460978716,0.47792395026130835,0.46631750045150805,0.4414381696023243,0.44717355968936245,0.44804958075100254,0.44643179765130986,0.43556042351223073,0.43563318777292576,0.43464169967590927,0.42995689655172414,0.4443850267379679,0.45394026628283557,0.47063063063063065,0.4784637473079684,0.4950729927007299,0.5050469275721622,0.5178826895565093,0.5263157894736842,0.5564793059822881,0.5630403458213257,0.5905738442165858,0.6208692528735632,0.6195280129706359,0.6397482014388489,0.6389605602653888,0.6591353851627825,0.6699134199134199,0.6824824102471586,0.6839563584331962,0.6941599281221923,0.692025664527956,0.7024852494189165,0.7003968253968254,0.7033127047688388,0.6816239316239316,0.6821083348531826,0.6660714285714285,0.6669647648005723,0.6486682369994564,0.6484346887369558,0.6259272341928647,0.6111111111111112,0.5844480114143036,0.5751220394142108,0.5832721936903889,0.5323857502698812,0.533189422558014,0.5136109608797548,0.5042137349829657,0.48792184724689164,0.4695177434030937,0.45802491424444847,0.4444444444444444,0.4484526967285588,0.4356523278456364,0.4367191743617599,0.43540238181162033
0.4050884157343919,0.4152542372881356,0.425975894945134,0.4174774774774775,0.43143325441631764,0.43392824950423653,0.4391272460579391,0.4422346772735491,0.47335092348284963,0.4833603166037057,0.5083877803284478,0.521667580910587,0.5365809814848104,0.5438690158391173,0.5836444444444444,0.5877255040679166,0.6015568428674873,0.6251590619887293,0.6315598986608758,0.6488158359844468,0.661643344097596,0.6687127640368298,0.6696508504923904,0.665274246276789,0.6745670009115771,0.6792114695340502,0.6858915860558497,0.6713819368879217,0.6719121683440074,0.6592039800995025,0.643360433604336,0.6390596745027125,0.6207146744059496,0.6120893084044291,0.5898084568124322,0.5802945301542777,0.575089605734767,0.5511332227750139,0.5257805530776093,0.5129295076160113,0.5059416636658264,0.483064662198877,0.4723121179431859,0.4507016912558474,0.44052706552706555,0.4279577590835869,0.42230933713471136,0.408619749045281,0.41622103386809267,0.4,0.41955266955266957,0.4161818181818182,0.43002317703690496,0.42263740250317433,0.4294010889292196,0.4335144927536232,0.44576576576576576,0.4778917580474001,0.48190205819730303,0.4926934872812556,0.5183982683982684,0.5264882577826324,0.5509440684004275,0.5651785714285714,0.5805649316041925,0.5954954954954955,0.6186582419624606,0.6247086247086248,0.6459827833572453,0.6545777777777778,0.6628581791802685,0.6803848209513629,0.673202614379085,0.679630969609262,0.6877803696393325,0.6833913202710127,0.6834703196347032,0.6649336679813553,0.6624617048116778,0.6513054144033643,0.6513181654026724,0.6276303751143641,0.6178019981834696,0.6091772151898734,0.599349710982659,0.5744949494949495,0.5587392550143266,0.5416137805983681,0.5206582006796637,0.5027193618564177,0.4904470079307859,0.4752796824251173,0.45852951829047445,0.4420143356000735,0.4404154518950437,0.4233128834355828,0.4183433025194852,0.4198198198198198,0.4064210142283838,0.3956513990376047
0.37654545454545457,0.381265552790615,0.38511915590321993,0.3878984332793085,0.393025283347864,0.4046941678520626,0.42084736748803403,0.4232682060390764,0.4376021798365123,0.45294855708908405,0.47734248059216466,0.49332611832611833,0.5069015619324373,0.5310945273631841,0.5599857600569598,0.5724959971535314,0.5922294843863471,0.6075013206550449,0.6161024702653248,0.6267889908256881,0.6432197244379986,0.6521041369472182,0.6565008025682183,0.6663076646921559,0.6785904965296317,0.6713665943600867,0.667448998014082,0.6653613385546457,0.6581076327822722,0.6430651619949035,0.6400431732325957,0.617499101688825,0.6039531478770132,0.6057483731019523,0.5877602297200287,0.5648367681925953,0.5383478100166328,0.5193163610468221,0.5167145938173976,0.49440231130371975,0.4716076696165192,0.44679695982627576,0.4448476052249637,0.42655571635311146,0.4094301838703805,0.40285044199891756,0.386896046852123,0.384381157084005,0.38912886969042476,0.37851478010093725,0.3776946374487796,0.37393162393162394,0.3900556453060492,0.3890716374269006,0.39105442787857014,0.40613718411552346,0.42160594526010514,0.4364879453040662,0.46844747221226246,0.4740422484783387,0.48515581781301864,0.49973352282821104,0.523929925952682,0.551661521699655,0.5642417661961636,0.5793052747656681,0.5903052064631957,0.6025362318840579,0.6270668583752695,0.6366912957289602,0.647887323943662,0.6586128976186337,0.6701011959521619,0.6705377881007683,0.6662415740572053,0.6650638061771778,0.6557319839469552,0.6633303002729755,0.6486679778294296,0.6400143420580854,0.6443111595783352,0.6223191566703017,0.6068840579710145,0.5824909747292418,0.5605923785443381,0.5499281609195402,0.5291779584462512,0.526032315978456,0.4941829246465008,0.4762167125803489,0.4602020918276901,0.45069667738478025,0.43163156015708676,0.4179454775230186,0.4020693410782356,0.40487804878048783,0.38442256042972245,0.3713274336283186,0.38286649690796654,0.3923523015585357
0.35661164520224925,0.35511669658886896,0.3632100991884581,0.370001809299801,0.3736505032021958,0.3726673984632272,0.3948132027566195,0.3956717763751127,0.42073495473104916,0.43447293447293445,0.4539273573089998,0.47313938961270746,0.5046918123275069,0.522170151405912,0.5367593269934162,0.5479964381121994,0.5696795102628736,0.5920498259754534,0.6016994158258099,0.6195749240935882,0.629549937242245,0.63671875,0.6462472406181016,0.6500785751702463,0.6556162934226768,0.6577413479052824,0.6615969581749049,0.6433695052418613,0.6549972791583529,0.6435967302452316,0.6268736616702355,0.6014571948998179,0.5958454810495627,0.5755539411551035,0.5556544968833482,0.5440524729657862,0.5284161767325851,0.4969468390804598,0.48343891402714934,0.46605930689531977,0.4496040316774658,0.4366780760223383,0.41091037902940136,0.4030741410488246,0.39938249182709773,0.38322813345356177,0.3600073583517292,0.3603086308989772,0.35339981867633724,0.3555992141453831,0.3570140641904075,0.35509138381201044,0.3642063776424221,0.36963872575191314,0.380875493362038,0.3890895953757225,0.40814854876509826,0.4320337197049526,0.44321329639889195,0.43796658371845004,0.47029258660922635,0.4814356435643564,0.522947522398976,0.5192100538599641,0.5571842200506696,0.5667201140210226,0.5732869182850862,0.5879913451135954,0.6118302768788205,0.630760790051207,0.6340888485947416,0.636766530756958,0.6445825932504441,0.652958152958153,0.6483458778225101,0.65377072561954,0.6562952243125905,0.646246137065988,0.6267364243189608,0.6201322556943424,0.6154688070047428,0.6040691393590205,0.5802735781137509,0.5747721993925318,0.5513396871066355,0.5204647006255585,0.5067947091864469,0.49400393771254697,0.4705355543614544,0.45594913714804725,0.43546377069610115,0.4308365226899945,0.3982427828581675,0.38447620770761715,0.3791794686426893,0.3653950461037787,0.3595690284879474,0.346585844178998,0.36303630363036304,0.36718188353702375
0.32526259569165034,0.33494710417787343,0.3109380659181456,0.3407911222480759,0.3399202320522117,0.35404178019981836,0.3610062893081761,0.37381675299160566,0.40457599418921375,0.41072405617362756,0.43550106609808104,0.46314043494286766,0.47086247086247085,0.5025125628140703,0.5181414291003332,0.5360271768281781,0.5513143680230465,0.5675965665236051,0.5937723693629205,0.5947043248014122,0.6089823560862592,0.6205469593378913,0.6397435897435897,0.634900310956649,0.6467643904183054,0.6359039190897599,0.6406107980367206,0.6231961517904864,0.6335710367526056,0.6179408026148538,0.6105856675154602,0.5992522698949617,0.5693677649154052,0.5511054729974628,0.5483174374662588,0.5176342919153554,0.497363156937625,0.4795237236153707,0.45465794590772496,0.44951837317160187,0.4210989785135611,0.41558675305975523,0.3858764186633039,0.3717971689661351,0.36032608695652174,0.3490498386518465,0.34895457822638787,0.3347070417487905,0.3188405797101449,0.31956912028725315,0.32983914693656247,0.3358654367878459,0.32956584140653034,0.33153250495227804,0.35388252409529003,0.370184554739294,0.3655545536519387,0.3880199075719872,0.4079512893982808,0.42915701301015863,0.457972582972583,0.47469395212863147,0.4828632631203142,0.4972503104488203,0.5299747201155652,0.5482479784366577,0.5749368002889129,0.5787053413512557,0.5946042522780061,0.6125617501764291,0.6250898634076204,0.629384756657484,0.6325632563256326,0.6400795803942847,0.644706711291175,0.6381864161849711,0.6462186412744918,0.6268656716417911,0.6238648746821649,0.619368958599307,0.598490294751977,0.57968694414799,0.5687840290381125,0.5368747718145308,0.5336233460213884,0.5217784203867702,0.49733948208584605,0.48675084474479813,0.45393218533641044,0.4293231718381419,0.40482573726541554,0.39453826805605463,0.39120958953868507,0.36905201032829216,0.3542867770132044,0.34312847160007165,0.33142448103078026,0.32443422913719944,0.32174704276615107,0.32500455954769286
0.29495495495495494,0.29853181076672103,0.3031233074562195,0.3035904728048347,0.31741167988464314,0.3315276273022752,0.3486422453070895,0.3644492131616595,0.37673830594184576,0.38832813360249585,0.40926361498100233,0.44971469329529246,0.45248302965344767,0.4609360772172646,0.493537229200801,0.517749378771743,0.5431967358524038,0.5438503617434268,0.5657706093189964,0.5895912119575004,0.6003565062388592,0.6150694691841824,0.6016042780748663,0.6292735042735043,0.6304190751445087,0.6367047891350965,0.6378713322398396,0.627310777816533,0.6153157988906781,0.5967799642218247,0.5951202263083452,0.5813620071684588,0.5692944564434845,0.5379159847244953,0.5133928571428571,0.5000906289650172,0.49233784746970777,0.46968103750438134,0.45062932104236836,0.41994940368630285,0.40210870750772587,0.3849170975218399,0.35771762984637895,0.35125774699234413,0.33018531717747684,0.3272923021711825,0.3139297005765297,0.3136181087988317,0.296250222143238,0.2971119133574007,0.30276223144972014,0.3054249547920434,0.30381325730577335,0.3282872733673649,0.3336982302499544,0.344124485780719,0.34795059960622876,0.37014979245623536,0.3798689479432108,0.4053624977950256,0.4140794223826715,0.4348934620287744,0.4632870286848277,0.49453307044273165,0.5068740955137482,0.5351961311123052,0.5342440801457194,0.5571717915669305,0.5743435060326473,0.5849738125338632,0.6035969902734447,0.621929190751445,0.6246170481167778,0.6332299835856283,0.6242679355783309,0.632183908045977,0.6344204901418832,0.6152882205513784,0.6038315561178385,0.5967974091399784,0.5875114784205693,0.5694368005870483,0.5522202486678508,0.5319494584837545,0.516955266955267,0.5033279366792589,0.4794349070100143,0.46240950436235384,0.4412293314162473,0.4204387186629526,0.4056108597285068,0.3669590643274854,0.35108695652173916,0.3617021276595745,0.3132168695959061,0.32220427212349667,0.31290092658588736,0.2972632337054375,0.309905316824472,0.2977867203219316
0.26795531122539457,0.26671498459865917,0.27664928995146504,0.2825031469160223,0.2961834796631428,0.3153367496339678,0.33004926108374383,0.3261908978218523,0.3546279491833031,0.38018765788524,0.4031740370898716,0.42904109589041095,0.4310803618946248,0.4593335721963454,0.4790764790764791,0.4947071277346507,0.5137943389466141,0.5363390441839495,0.5716329815775353,0.5725300340684956,0.5772270114942529,0.5880469583778015,0.6073152617898254,0.6103269608718956,0.6109221128021486,0.6207330219187926,0.596551724137931,0.5966101694915255,0.5971377459749553,0.5939104915627292,0.5760612133357624,0.5618650217706821,0.5459440057430007,0.5365502340655384,0.5158630578956802,0.4871469949312093,0.4737125426161852,0.4501477104874446,0.41472797215607254,0.4067948948409132,0.39357065019978205,0.36034076490846473,0.3404294365938704,0.32805755395683456,0.320680393912265,0.3035033581412235,0.2985559566787004,0.284283926336492,0.2755102040816326,0.27445179255134006,0.2790905836018618,0.28410109338591144,0.285431654676259,0.2864157119476268,0.2880986937590711,0.3147810218978102,0.3272990586531499,0.3348498635122839,0.36890243902439024,0.38263838964773544,0.4088913282107574,0.4328384904310499,0.4407894736842105,0.4738423471191234,0.4888730639131209,0.5106609808102346,0.5308219178082192,0.5466086325716358,0.5588497946061797,0.5725923244026068,0.5801470588235295,0.6105769230769231,0.6077358146323664,0.606508875739645,0.6213991769547325,0.611745805069618,0.6139468008626887,0.6080114449213162,0.5912052117263844,0.5805766849460463,0.5682219865676917,0.5465449337629789,0.5407488986784141,0.5126142595978063,0.49039692701664533,0.48403483309143686,0.46254071661237783,0.4374205267938238,0.4181981981981982,0.38584974471188915,0.36496090973702916,0.34908424908424907,0.3276200678450277,0.3201826484018265,0.312488928255093,0.28105646630236797,0.28589219000177907,0.2882072005878031,0.26329299596626327,0.2659364338301311
0.2546686195532772,0.25798258345428154,0.26330883670908767,0.26339039204859194,0.27457813646368306,0.2857650613115337,0.30035460992907803,0.3121626484346887,0.32785714285714285,0.35652331044452473,0.36835488505747127,0.3942888522789676,0.4188679245283019,0.4411134903640257,0.4472104519774011,0.47648514851485146,0.5088300220750552,0.5185856754306437,0.539319678127286,0.5555153707052441,0.5702614379084967,0.5837654210620419,0.5908761766835626,0.5985401459854015,0.6114991939817302,0.5967248515386,0.5959051724137931,0.6000358873138346,0.5831106360235169,0.5804730570869643,0.5665889944434487,0.541389836595439,0.533682499548492,0.5183133821690191,0.49464859079557616,0.48197137162529446,0.4548585931834663,0.42665933259992667,0.40252707581227437,0.3824793980652096,0.3586206896551724,0.33976764968722073,0.31823065902578795,0.30476359128740926,0.28280502921905437,0.2786211823539918,0.2660913340524991,0.25969131371141424,0.2456204379562044,0.24627395315826828,0.25302948091879185,0.24144111848001434,0.26189184300958585,0.2592989985693848,0.27171329310660086,0.2908526565638123,0.30320219579139984,0.3233671471792134,0.3397146469207152,0.36012747875354106,0.3799315438659701,0.40128640343040917,0.43713424366022346,0.4450054093040029,0.4727239554825762,0.49786324786324787,0.5285765636232926,0.5318454001088732,0.5571480406386067,0.565091958168049,0.5847457627118644,0.5884628913119944,0.6006894049346879,0.6040764790764791,0.6019730941704036,0.6166788588149232,0.5965971459934138,0.5996764335790041,0.5651550457071159,0.5748244192328471,0.5587110868377936,0.539440203562341,0.5340228633641807,0.5048050770625566,0.4788011695906433,0.46221821460775475,0.43465703971119135,0.42151422946124933,0.3987272727272727,0.3831706867980114,0.35153646797482413,0.3277464018946985,0.31527272727272726,0.29973045822102423,0.27986529599432824,0.2641948773061078,0.2547051442910916,0.25791282329535176,0.2546404757613985,0.24742268041237114
0.22841074020319305,0.22018511925952297,0.23113122171945702,0.2403142296018568,0.24487978628673196,0.27346938775510204,0.2794197642792384,0.29772360638107187,0.3182620981985164,0.343042071197411,0.3426824883135563,0.3755012759752096,0.39144215530903326,0.42903575297941493,0.4455337690631808,0.4710196779964222,0.4864815491413957,0.5033207682642254,0.5327706949182978,0.5566308243727599,0.5484506537703744,0.5625114742059849,0.5807814149947201,0.5864702673213311,0.5906015724995429,0.5783376241265171,0.5966045395829489,0.5657894736842105,0.5792408706601907,0.5526124818577649,0.5556160406459808,0.5330482807767682,0.5200359389038635,0.4839350180505415,0.46371111905613155,0.4636215923451887,0.44664031620553357,0.42071843251088537,0.37808366106542723,0.361686790412687,0.3268337975858867,0.31195965417867433,0.3000896860986547,0.2846597047173208,0.26156328433130155,0.2538405267008047,0.24250090350560174,0.23742166517457475,0.23593269404740366,0.2093437945791726,0.22220206783965174,0.2208777316236229,0.23040723981900452,0.24366297750803284,0.2612725004455534,0.2686487448816094,0.2852068904279879,0.3075287865367582,0.31090778614998205,0.34521644234267007,0.35449254274281555,0.3883495145631068,0.41017374171592336,0.4204606320299946,0.44900900900900903,0.4755105729260799,0.4975291210730674,0.5186983099604459,0.5285377785830766,0.5475210309647396,0.5644329896907216,0.5822026431718061,0.5733166636899446,0.5906951484431572,0.595863309352518,0.5939327485380117,0.5778383287920072,0.5787665038885874,0.5813318777292577,0.5621090259159964,0.5447854963202298,0.5243619489559165,0.5082843399251737,0.486417033773862,0.47221226245966297,0.4442013129102845,0.42552804078659867,0.4138183147505026,0.3747110083585275,0.3508137432188065,0.3285948605795517,0.31131908882217907,0.2960086689543074,0.27390039985459835,0.27122940430925224,0.25588076854013286,0.2319642857142857,0.2348553756594506,0.22963358235503378,0.23376387120247408
0.20402350008901549,0.20010748835542816,0.2074835963823373,0.2136721546170365,0.2311808118081181,0.2381879313395859,0.2518716577540107,0.2640599892876272,0.27813852813852813,0.3127557374132717,0.33542600896860986,0.35968880043423196,0.39238679415478983,0.41063567529494627,0.4360516539890324,0.4524878749775463,0.48080373161105133,0.48824268533476933,0.5154343144292893,0.5283687943262412,0.5390524967989757,0.5586845930232558,0.5595522114149385,0.5686798503474078,0.5721905462571271,0.5769368082827562,0.5816039395005276,0.5772630834512023,0.5602066262914143,0.5494388027792624,0.5252543280385508,0.5310015898251192,0.5104579877389109,0.4931770468859342,0.4596701105673373,0.4402560455192034,0.4214387974230494,0.4002520705797623,0.36472727272727273,0.3501070663811563,0.326581824699767,0.306803594351733,0.27896995708154504,0.267362360561353,0.23782234957020057,0.22682701202590194,0.21567912488605287,0.20700234614690488,0.2050179211469534,0.20482361411087113,0.212447526920971,0.2021200143729788,0.2105072463768116,0.22746160794941284,0.2364452423698384,0.24708624708624707,0.25801282051282054,0.28101670814077495,0.3036930799569738,0.323481998925309,0.3485177151120752,0.3644052546337952,0.395415989893521,0.4257602862254025,0.4385357858313604,0.4573017581628992,0.48203377650017964,0.5046478369681802,0.5265744448489261,0.5385319421563244,0.5529622980251346,0.5703152674459795,0.5678923766816143,0.5753569539925966,0.5765214259992798,0.5807781961628116,0.5678172942817294,0.5774395702775291,0.5595718547113528,0.5573770491803278,0.5309605956055928,0.5195938724617029,0.5050173326035395,0.47811266594904916,0.4601691928093056,0.4228955007256894,0.41796231937077005,0.38910855499640545,0.34796067006554987,0.350073046018992,0.3032904148783977,0.30201342281879195,0.27440444205624215,0.24642601858470337,0.24365207995678012,0.22375886524822694,0.20069330414158001,0.2064279155188246,0.2021025919883995,0.19771723122238585
0.17728482697426798,0.19285319580033156,0.1803921568627451,0.2034552471972064,0.20218677182290734,0.2240329512893983,0.2326943556975506,0.25547445255474455,0.27122557726465363,0.2904770349352722,0.31744604316546765,0.33596980046737374,0.37176973801461416,0.3847649346058678,0.4147892441860465,0.435728293813514,0.46090909090909093,0.4809256915566805,0.49259927797833936,0.5253623188405797,0.5437903804737976,0.557550727240079,0.562544420753376,0.5773490532332977,0.5680421422300264,0.5601860132355572,0.5621854780733285,0.5735087719298245,0.5487804878048781,0.5346764129078267,0.5251447178002895,0.5003494060097834,0.49616960627115625,0.47055721567938125,0.45612788632326823,0.44265557163531116,0.392541884345163,0.3744406658313943,0.35209494695198706,0.3221696396068438,0.2944740223976501,0.28389297899084215,0.2561486609582802,0.23821609862218998,0.22785961083833425,0.22416591523895402,0.200756893133898,0.1875,0.18209381130729446,0.1818018664752333,0.1832005792903693,0.19381517439769866,0.19049320943531092,0.20752339812814974,0.204,0.23938506588579794,0.24459385789569327,0.2577908906509312,0.28454247174626324,0.3041995692749462,0.31941695159258593,0.3477084085167809,0.37842680523203726,0.3923217550274223,0.4208698830409357,0.449754679265855,0.47453662047867556,0.497083485235144,0.5087531261164702,0.5225483178239084,0.5427144640627787,0.5559077302341962,0.5619654231119199,0.5598629642985936,0.5666303558460422,0.5640792583166697,0.5717117117117118,0.5627682403433476,0.5591378373483065,0.536849710982659,0.5110872675250357,0.49550359712230213,0.4839302112029385,0.46366654371080784,0.4330593607305936,0.419811320754717,0.39612833841190176,0.3665998907302859,0.34097999632960174,0.3192396518031622,0.29831625183016103,0.2798331519767864,0.24829198130169003,0.23514674302075877,0.21798561151079138,0.21243523316062177,0.18618618618618618,0.19016747703943815,0.18173582170683095,0.18268367163642896
0.15778175313059034,0.16955821856555178,0.16757246376811594,0.16925858951175407,0.186235549132948,0.20377019748653502,0.22061163160685876,0.22685601294265684,0.2585709130277878,0.2822479928635147,0.3128177196804648,0.3298803357742454,0.3520086470906143,0.36727012009320664,0.3956615274291861,0.4355805924041432,0.44696001460653645,0.4662900874635568,0.49945945945945946,0.5034889962426194,0.5194474736459469,0.5326534263732331,0.5585409252669039,0.5514290915710904,0.5608303249097473,0.5578122216283627,0.5601902671057446,0.5580357142857143,0.5406997500892539,0.5288633918967371,0.514147564469914,0.4927536231884058,0.4760267776370545,0.4595805699946227,0.44614553314121036,0.41336898395721927,0.38122536725188105,0.3599422069712841,0.33260869565217394,0.31407218374043017,0.2938965455521747,0.2709862180060856,0.2361238322037003,0.22404073467903254,0.20613875771885215,0.19014336917562724,0.18071415624433568,0.16580679594378225,0.16400215555954734,0.15722585330428468,0.16627592425608656,0.16848506528349133,0.16114164155291616,0.18392889533829132,0.1838023088023088,0.20942593905031892,0.22013034033309195,0.25072202166064983,0.27566505981074807,0.2890679747722495,0.30500354861603973,0.33605104572846506,0.36180265309831,0.38943775821807075,0.41845764854614415,0.43312905551550107,0.45687134502923976,0.4728921124206709,0.5048681182510179,0.5271204950855479,0.5210218201170835,0.5430876420975431,0.5626357711803042,0.5663063063063063,0.5471027372911482,0.5573058120586638,0.5455882352941176,0.5398907103825137,0.5500363901018923,0.5343245227606461,0.5108325872873769,0.49737651528858334,0.4641848976711362,0.4685693641618497,0.4347209920283437,0.3898002853067047,0.37205146533238026,0.35033219608547317,0.3250089190153407,0.3075386012715713,0.2773109243697479,0.26223337515683814,0.24282403280442147,0.20629629629629628,0.20284890010818607,0.1845764854614412,0.17302889760970389,0.16448460261847686,0.15642857142857142,0.16012954300107954
0.15235899255054983,0.14080510728852633,0.14965366387167334,0.1539702455637211,0.16443074691805656,0.17483540599853695,0.19426575997059364,0.2154093671791205,0.23824393828067597,0.2526804860614725,0.291644204851752,0.3139493399928648,0.33290251107828656,0.36409516943042536,0.3883424408014572,0.4053323725454873,0.42994996426018584,0.47396116857194703,0.4778343023255814,0.5080099679601282,0.5211368951250225,0.5268915223336372,0.5448422545196738,0.5473759627440444,0.5284872298624754,0.5410795974382434,0.5595687331536389,0.535090844317777,0.5334757834757835,0.5183600713012477,0.5080397470641373,0.4796511627906977,0.4678948309783581,0.4480755265068991,0.41846965699208444,0.4132440745431518,0.3687956204379562,0.3544464609800363,0.33410507569011577,0.2960502692998205,0.2668762714999075,0.2558818165238008,0.2191535150645624,0.21213729653220098,0.18548963545389563,0.18315483753857326,0.16304923239809424,0.1483706535590752,0.14228747507703463,0.14375561545372867,0.1506404474111492,0.1447841726618705,0.15016823091907208,0.16512455516014235,0.17103124435614955,0.18842676311030743,0.20655322230267922,0.228132178830182,0.2537313432835821,0.2734642406773554,0.29594272076372313,0.32205513784461154,0.33584364353595125,0.36830758174631695,0.38791423001949316,0.4299543378995434,0.45078668130259786,0.4650537634408602,0.47674418604651164,0.504730713245997,0.5318725099601593,0.5332602339181286,0.5436841164909773,0.5515216230646023,0.5628177196804648,0.5513851653261841,0.5545390570021111,0.5295825771324864,0.5252192982456141,0.5235942867474236,0.5113970588235294,0.4713235294117647,0.4570409982174688,0.42819891972434343,0.4274237721380318,0.3955441928414901,0.3639985512495473,0.33542151422946126,0.3146953405017921,0.2889045190786003,0.25813410030559053,0.23701002734731086,0.22745310245310246,0.1878986695826499,0.1814530850675429,0.1716189447145687,0.15883306320907617,0.15329384311613714,0.14464733261725743,0.14520984593589517
0.12617498192335502,0.13934279044711798,0.1306404657933042,0.13759169797817142,0.15919117647058822,0.16949752300070772,0.18199678514020362,0.20163584637268847,0.22672944585295182,0.2358610656482997,0.27296105804555476,0.2969147005444646,0.3319188191881919,0.3425119914727305,0.3723916532905297,0.3933796634967081,0.4279562174771218,0.44854404051365526,0.4664990120352075,0.4828162734534646,0.5005362888809438,0.5235326185716882,0.5265831972418799,0.5465444287729196,0.5369734225275719,0.5388471177944862,0.5352689704310652,0.5237312887915297,0.5174076057846813,0.5212088112142728,0.5044964028776978,0.4859408795962509,0.4573414422241529,0.4470609383426209,0.4110009017132552,0.39646017699115044,0.3619489559164733,0.3391950688905004,0.3018148820326679,0.27629955947136564,0.2615062761506276,0.23713973002553812,0.21495664739884393,0.18836615609044494,0.17628541448058763,0.1587045983181249,0.1457923887797034,0.1320477502295684,0.13106796116504854,0.12292118582791034,0.11956912028725314,0.1270799049186323,0.13642261353104726,0.14694894146948942,0.14450973191333089,0.1772775237425255,0.18591244820753017,0.2199521443033315,0.23605306196620027,0.2621515368120086,0.28650544581871884,0.31242202815897346,0.33886213661494563,0.3665017408832692,0.39853519113969277,0.40499457111834963,0.44639655790605953,0.46307636887608067,0.4754277393520204,0.4962257368799425,0.5240857946554149,0.5289182434844698,0.5334750265674814,0.5379508343800466,0.5431327022682622,0.5535266738274257,0.5204266088214028,0.5233375382951884,0.5236610418195158,0.5056,0.48607825295723384,0.47293652220823595,0.4394235901085216,0.42205459770114945,0.40979754157628345,0.37739256049115205,0.3518248175182482,0.33517758343744425,0.28787339971550496,0.2754222062522458,0.25063798760481226,0.2257086824745944,0.20110143897672766,0.18283383578648696,0.16447368421052633,0.14888248017303532,0.140171858216971,0.13160813308687616,0.12859468258274553,0.12619261926192618
0.10674759014637629,0.1200640341515475,0.10587188612099645,0.12513368983957218,0.1362819129809421,0.1569746699964324,0.16606950913651022,0.19142091152815013,0.20921922458459888,0.22966162706983442,0.25901875901875904,0.2839686303118731,0.3148048210109732,0.32871037463976943,0.359501100513573,0.3955426707736909,0.4085963003264418,0.4437711637854215,0.4492007104795737,0.4983894058697208,0.5031975150739997,0.5129356809198706,0.5143217438299406,0.5237923576063447,0.537567084078712,0.53781058696435,0.5336626417855836,0.517341565280552,0.5126080691642652,0.5082026977761575,0.4916394038531443,0.47148767763986327,0.43711265038279257,0.4235737351991389,0.41009632536567964,0.3796801163213377,0.3516971743380132,0.32344322344322346,0.2980957465741235,0.26985559566787004,0.2561307901907357,0.21384892086330937,0.19353680430879713,0.1833152370611654,0.16465284039675382,0.132517104789341,0.1383936451897617,0.12286501377410468,0.11651359625427697,0.11253150882247029,0.11141703377386197,0.11588921282798834,0.12385238523852385,0.13152213026268442,0.1394479073909172,0.16243194192377494,0.1821021683204704,0.20258388659608828,0.23036073979124702,0.24821173104434907,0.27753544165757904,0.30295522916298,0.32879618172176067,0.3519360116342483,0.3751765536723164,0.40938511326860844,0.43425574244890575,0.449669360764144,0.4803220035778175,0.4828322362568938,0.4998171177761522,0.5160308078094215,0.5209419378033435,0.5359872045494936,0.524135446685879,0.5246478873239436,0.5271928218275042,0.5234042553191489,0.5075825156110616,0.5069792412312097,0.47974797479747977,0.45816587504567047,0.4372506347479144,0.42117275280898875,0.3853940708604483,0.3621060171919771,0.3311115114393803,0.31158383982838755,0.2906091370558376,0.25627782724844167,0.234684602799491,0.20130788264404384,0.18126455310764822,0.15825277479412816,0.14500183083119736,0.1361228813559322,0.12359963269054178,0.12067118886112103,0.11515151515151516,0.11233558478492713
0.09857168047963322,0.0950036469730124,0.10343580470162748,0.11285038223516564,0.13375111906893464,0.1366791243993593,0.16138328530259366,0.18023152270703474,0.1997828447339848,0.21706398996235884,0.24748382458662832,0.27114695340501793,0.2978006385242994,0.33089154904413076,0.3489920806335493,0.3828182487122884,0.4107561811947302,0.4272823779193206,0.44905869324473974,0.48142831509061546,0.49492430988423863,0.5094339622641509,0.5172539711520906,0.5201921366304928,0.532249322493225,0.5203571428571429,0.5171418260555756,0.5177215189873418,0.5124413992066355,0.4932530999270605,0.4825249643366619,0.4579539367970005,0.43413762287756924,0.4261823413055206,0.389230213227322,0.3652859237536657,0.33114463176574976,0.31214488636363635,0.2761835130689088,0.24806061699440737,0.22785036692321461,0.20343531937734835,0.18684257443394545,0.1729827742520399,0.14627185158758474,0.12665711214618416,0.11142454160789844,0.11423423423423423,0.09498918529199711,0.09615384615384616,0.09708042271180368,0.09859655356191153,0.10900643316654754,0.1151614073268045,0.12982393739996442,0.1420403787743434,0.15852551298347559,0.1782524951847312,0.19957158157800786,0.22627210393359798,0.2584922797456857,0.2875956575903186,0.31371480472297913,0.3473435225618632,0.3692088382038489,0.38817340830763647,0.4162854528819762,0.4420302760463045,0.4576146788990826,0.46684981684981686,0.49068547657804307,0.5148055654655725,0.517873181246632,0.5254360465116279,0.532348170841593,0.5162231133795114,0.524485450674237,0.5234695698732822,0.5022329735764793,0.49310094408133626,0.4685517491390248,0.45095586921565123,0.42580878366166636,0.40743375422372397,0.38627520339582594,0.3502238137869293,0.33440514469453375,0.29887284255019375,0.26753992463664095,0.24824876131898171,0.22326251350378107,0.19868607954545456,0.17439372325249644,0.1513843941028407,0.1393383674937073,0.12209510189488738,0.10904787911887857,0.099214846538187,0.09358531709976377,0.09944354693950817
0.07755927219261165,0.08458070333633905,0.09244604316546763,0.09399383052077663,0.10944011596303678,0.12802275960170698,0.1416501887470789,0.1567499550602193,0.18581995309399243,0.20855807263574253,0.22350604802310886,0.2724616508400292,0.2781480182392143,0.3145725040329808,0.33785714285714286,0.37347422116961193,0.40426695842450766,0.42396482227922316,0.44190301921317476,0.4638824162036207,0.472917041569192,0.4911083168672535,0.510553851704853,0.5110267534345625,0.5062308109084341,0.5247808194668098,0.5196369348926514,0.5164431379753812,0.5048913043478261,0.4802619610696744,0.4811669128508124,0.45190197512801755,0.4325581395348837,0.41189073379753616,0.39008234872896524,0.36184091320891465,0.3302186507194917,0.3052536231884058,0.2836416394631846,0.2545065143673032,0.22206042955951946,0.19605358435916004,0.17686338206099983,0.1606115107913669,0.13231046931407942,0.12233183856502242,0.10201893871716991,0.09658783173858097,0.08462648863226271,0.08180535966149506,0.08673653776653416,0.08346883468834689,0.0921225794322241,0.10925286311579713,0.11307484220018034,0.1295055243615287,0.15662215806568025,0.17341248425975894,0.19059907834101383,0.22441817510158849,0.23879231473010065,0.2792058145718844,0.30811006517016654,0.3242467718794835,0.3550867155372787,0.3889572709688764,0.4263968481375358,0.4265258636119563,0.4648817164863378,0.48926574057369654,0.49734675205855444,0.5037171350861287,0.5096622719884414,0.5240878498051718,0.5219642857142858,0.5193399574166075,0.5159498207885305,0.513571048430016,0.5023525153818313,0.4851138353765324,0.47482530012542556,0.4347516467865409,0.4169611307420495,0.4010097367472052,0.37016172996547336,0.35177509461164175,0.3103763244428206,0.3024897807506503,0.27479155579208797,0.2456361346050027,0.20367038503058654,0.18381690394665706,0.15292841648590022,0.1471226927252986,0.12709916917093866,0.11429601586443122,0.10137830975698223,0.093772498200144,0.09089288896809838,0.08502906976744186
0.06994020655915927,0.07699162359650687,0.07707617152162113,0.08674214755295837,0.10272843801501556,0.11727502710516806,0.13065600581501,0.1499371520919375,0.17122910159838325,0.20033082154015805,0.234410881469705,0.2595392368610511,0.296164139161463,0.317964731814842,0.3390137781000725,0.37135036496350365,0.3991228070175439,0.41583273766976414,0.44753141036984606,0.4546754872161631,0.4728153597703212,0.48723480762315713,0.49853694220921724,0.5044786814761734,0.49884362213129335,0.5137405916331175,0.5288864589028613,0.5206286836935167,0.4954095409540954,0.4866087585957293,0.47543064369900273,0.4522038817340831,0.4232350312779267,0.41186012977649605,0.37623220153340636,0.3523704924034413,0.33445646391204115,0.30057904895595716,0.2753073029645698,0.23269540332677519,0.2192048278310259,0.1889540046172971,0.16276962117092622,0.14332544163176106,0.1294650635999303,0.11420413990007137,0.08494971264367816,0.07902298850574713,0.08124210146235783,0.07607715882458987,0.07098765432098765,0.08133453561767358,0.0809929335024461,0.09166365932876218,0.10387292521863288,0.1218109953287819,0.14160086145010767,0.16510903426791276,0.18977046810048798,0.2165231727422605,0.2398004632104044,0.2667142093064717,0.2889366272824919,0.32435287902799786,0.35095212671293824,0.37037037037037035,0.3996038177561678,0.43295292439372324,0.43896245238527115,0.47434517402224613,0.47985739750445633,0.507942238267148,0.5056200145032632,0.516082137016173,0.5116703136396791,0.514194464158978,0.5134598012646793,0.5104014598540146,0.4877785765636233,0.49226713532513183,0.4626891939457937,0.4383363471971067,0.41968631692806924,0.3956323930846224,0.3639646145513631,0.3208489388264669,0.31336898395721924,0.2919605077574048,0.2533406553175911,0.22917039956996954,0.2012043924902586,0.17792751775632853,0.15435999277847987,0.1318264014466546,0.11070911722141824,0.09985369422092173,0.09147757727353939,0.07359071959398224,0.07268801727240014,0.07727108215707565
0.061805804371193124,0.069303402814894,0.06698907397456565,0.07731032002876663,0.0867931281317108,0.10818181818181818,0.1260293591120659,0.1490367139222101,0.16086175942549372,0.19537184243066597,0.22709377236936293,0.2483742774566474,0.26398982558139533,0.30187306783051465,0.34182666427417907,0.3593073593073593,0.3894504686638486,0.41867523656489913,0.4323159784560144,0.4580425836464484,0.4755723814674599,0.482031110316467,0.4951716738197425,0.5023092554960281,0.5240488155061019,0.5269648444689858,0.5182468694096601,0.49418500626230094,0.4920520231213873,0.46644529884655717,0.4529140014214641,0.4406599254922831,0.42426974395961053,0.40785227680172104,0.3784525333821108,0.34524660471765545,0.31567833890550767,0.2855363814267924,0.2575812274368231,0.24035825260464266,0.20443967060508414,0.19092730916378212,0.15531044298167584,0.13694951664876476,0.11503314818132951,0.09836647727272728,0.08399191325124059,0.07184536834427425,0.0668824163969795,0.06286337209302326,0.06310505557547508,0.06664297138795094,0.07670095650604584,0.08694090174241063,0.09419496166484119,0.10867198838896952,0.12672521957340024,0.16467607672819398,0.18503937007874016,0.20436507936507936,0.23310444524756052,0.25918693413811467,0.2888647866955893,0.3260519247985676,0.3517863459497701,0.3675799086757991,0.402549418067615,0.43363309352517987,0.4515190103692923,0.4557347670250896,0.48075552387740556,0.49104263704765316,0.5141082519964507,0.5006213385407421,0.5211625794732062,0.5028756290438533,0.5128297795446332,0.5010748835542816,0.4879366222542312,0.4593576170823614,0.4626577840112202,0.4268030139935414,0.40520984081041966,0.3910420475319927,0.356562556418126,0.3416427546628407,0.2929165160823997,0.27566034391065414,0.2462686567164179,0.22591181273816005,0.20776419841840402,0.17012893982808022,0.14956116783091528,0.12224264705882353,0.09584607085056644,0.09371102797078211,0.07574171029668413,0.07766636280765725,0.07006139400505598,0.06133993282658653
0.053948535936113574,0.0575,0.06148924826728274,0.07513093733068449,0.07813057438458794,0.09588299024918744,0.1159288824383164,0.1381055676066522,0.16084810820690915,0.18581508956034015,0.2102693907069246,0.24279238440616502,0.27072326471124064,0.2888485947416138,0.3349602313810557,0.35750089509488003,0.38608163999280704,0.40268700072621644,0.4308199121522694,0.44254234201420506,0.4768152408339324,0.473731720527171,0.49272017045454547,0.5155135520684736,0.5126660761736049,0.5000918273645546,0.5042395814540862,0.5048369759942672,0.4887569706781795,0.4712810291719514,0.45752930568079353,0.4422246220302376,0.42177361211247294,0.39488636363636365,0.3711705330263857,0.3491019028988085,0.2975,0.2813243094933236,0.24708206141138445,0.21750090025207058,0.20339582596391934,0.17133056508395017,0.14751131221719457,0.12413035518125229,0.11017707029153997,0.09064644275911882,0.07127468581687613,0.06637401229148376,0.06022979985174203,0.05431654676258993,0.05475810738968634,0.06027195883866226,0.05958454810495627,0.08025134649910233,0.09638769670958512,0.11050328227571116,0.12191582002902758,0.1473647711511789,0.17801047120418848,0.20521114106019767,0.22673893405600723,0.25697424892703863,0.2825430651749245,0.3143170597915524,0.3365617433414044,0.3651196519216824,0.3901361796098638,0.41418110376853007,0.4392844235634261,0.4431659693165969,0.47613921779691426,0.4897739504843918,0.5015230245475721,0.5017101710171017,0.5062949640287769,0.5061416184971098,0.49793202661391833,0.4969685835017454,0.48429035752979416,0.4633696253921388,0.45062738679759956,0.42885482416591525,0.40640172630821797,0.39119496855345914,0.3585805084745763,0.3249909974792942,0.30638829407566026,0.2747213232650126,0.24443653195656045,0.21607590404582885,0.18577648766328012,0.1515698303861422,0.13317757009345793,0.12630068173663436,0.09695988487137974,0.08361928842333394,0.0705244122965642,0.057733812949640285,0.05860282294086117,0.0544670142009707
0.04790419161676647,0.048845947396672036,0.058918627627088195,0.07144129698913237,0.07580384408119274,0.0928737274513306,0.10637529348022395,0.1339945897204689,0.16379928315412187,0.18424935448174107,0.20653921743791318,0.24325309992706054,0.2629569012547736,0.29626286333273155,0.3207479964381122,0.3541284403669725,0.38143959791778853,0.4065158371040724,0.4169534504618729,0.43691250903832246,0.46316742081447965,0.47296569067720495,0.49322154834106313,0.48388239461565713,0.5095541401273885,0.5033892258294684,0.5055023074192403,0.4870327311751028,0.49389910763066835,0.4701950867052023,0.4520910534674431,0.4503623188405797,0.4048045894585873,0.38519583183614803,0.36810252758988965,0.35585503551265707,0.3110030614082478,0.28227571115973743,0.25549112633983484,0.22185911401597677,0.1958266452648475,0.17248566961959355,0.14903586231753468,0.12770208900999092,0.1020260492040521,0.0834556126192223,0.071441523118767,0.061068702290076333,0.056315221302626846,0.056068133427963095,0.05237171574678187,0.049783549783549784,0.062267822395188396,0.07442196531791907,0.0884304932735426,0.10518705946141334,0.12347012239020878,0.1447811447811448,0.1673542600896861,0.19040723981900454,0.21526663099696808,0.2409873912271355,0.2746290005363848,0.31585562937690786,0.33893102202961356,0.3750222064309824,0.40386351326954323,0.411775168979011,0.43051470588235297,0.4595706618962433,0.47880662179370564,0.4859981933152665,0.4990102573330934,0.4948509485094851,0.5064701653486701,0.5018874707891425,0.4967857142857143,0.503800217155266,0.4835223245924876,0.45866033947800694,0.441800878477306,0.43128214222379857,0.40865644724977457,0.3800500536288881,0.349160498284889,0.3224778761061947,0.287151841868823,0.2652805162215451,0.23864664374886918,0.21247528312061836,0.17940802614853824,0.1585276967930029,0.1374600922312877,0.1126810946163477,0.09226083840917235,0.07239899892742224,0.07059874888293119,0.05765047135605511,0.05536028119507909,0.05369247235105244
0.04373392135244395,0.049857040743388134,0.05665204678362573,0.0650333273284093,0.08506113769271664,0.08945686900958466,0.11204582065509218,0.135950044603033,0.1473319978146057,0.18401015228426396,0.20144404332129964,0.23086711506998728,0.27045619116582187,0.285584439192874,0.329277022190408,0.34094616639477976,0.3609913793103448,0.40402588066139467,0.4133738601823708,0.4405040504050405,0.4588129496402878,0.4720014450867052,0.48399280575539566,0.49811861673535207,0.5016328011611031,0.5056987550412064,0.49990923942639315,0.47725245316681536,0.47692030292102416,0.47834000728066983,0.45819992885094274,0.44147398843930635,0.3988834864037457,0.3978201634877384,0.3664066751315073,0.34791252485089463,0.3137574768896139,0.2690236898779612,0.24558558558558558,0.2203887055372204,0.19386657101865137,0.1598248494800219,0.13844207482378457,0.12212104981253348,0.09185504126300682,0.07847010235230742,0.07301360057265568,0.05814581458145814,0.04866702451243514,0.04508712053170469,0.04308764209754309,0.04795640326975477,0.0605840740068928,0.06735566642908054,0.08975750995294969,0.10087640851368271,0.12538841162493145,0.14285714285714285,0.16325049882096862,0.18161925601750548,0.22434845999635503,0.25517738159553394,0.275728837372673,0.30213075942451284,0.34291221307166636,0.3586664276752106,0.39575713240673005,0.41320854670669255,0.435501257635645,0.4534150297350874,0.47005772005772006,0.4925453565654751,0.5016094420600858,0.5035984166966535,0.509978229317852,0.5047465520329572,0.49963846710050613,0.49251892272487235,0.47688219663418957,0.47500444760718735,0.4359156177982627,0.41884057971014493,0.405103668261563,0.37892658409621255,0.35737586081913736,0.3152193216125022,0.29852108818696366,0.2722550600035823,0.24100785101332847,0.21518531845987765,0.17690241718889885,0.14836050886937824,0.13032398980706225,0.11770943796394485,0.0875584322186264,0.07889048991354466,0.06100606493043168,0.06124661246612466,0.052821997105643996,0.042880114346971594
0.042802236198462615,0.043730720377426965,0.04954128440366973,0.05877001455604076,0.07552650689905592,0.09020803443328551,0.11444819619690777,0.13233685745534088,0.1542234332425068,0.1767640769779045,0.19772403982930298,0.22126960963152134,0.26219401631912964,0.2925367713818776,0.3280260539171341,0.34573027622314495,0.3847684515195369,0.39346049046321524,0.4299767483455554,0.4574769666902906,0.4598459845984598,0.48367310120873175,0.4860593145089682,0.49651349901662795,0.5051416200613387,0.49599854492542744,0.4915776127513132,0.5001808972503617,0.4789135096497498,0.47642946764653166,0.45595109672779577,0.43444959030993946,0.40415335463258784,0.3756594506094233,0.3544326559971228,0.331706435285611,0.3083810888252149,0.2721323395746228,0.24477937170873434,0.22161372763782403,0.19192647323842132,0.1651175505740842,0.14303350970017636,0.11538461538461539,0.09906001446131597,0.08331849741855082,0.06955591225254147,0.053309796999117386,0.04700394689630427,0.04554455445544554,0.045644599303135885,0.04801172805570827,0.05420929815113983,0.06519021253795321,0.0818639798488665,0.10351704133430022,0.11998560892246807,0.1407635245160123,0.16633734506915754,0.19202705107670404,0.21793705657631435,0.25570859006886554,0.27977888730385164,0.3112094395280236,0.34038249356381023,0.3624501631025734,0.38831615120274915,0.40922803904170363,0.4297550432276657,0.45757250268528465,0.4559651352823679,0.48244192328471097,0.4912154894227322,0.5043668122270742,0.4897082512976553,0.4881447963800905,0.4957558244536753,0.493809176984705,0.4861751152073733,0.4646187602852441,0.4233563385397748,0.43433615564763106,0.38385138863343754,0.3695536190645563,0.3496899911426041,0.32032252153197727,0.2996800568787771,0.268388948690348,0.23795830337886412,0.20477568740955138,0.17801521187975372,0.147343436187694,0.1314639475600874,0.11348803480783176,0.09197508244778307,0.07345844504021448,0.06197897789054005,0.04835243553008596,0.04482197722754383,0.04325197415649677
0.04472727272727273,0.04067070995362112,0.05265036587542388,0.06211405739193607,0.0761800619646437,0.0898493543758967,0.1143530264588619,0.1277676950998185,0.1527652675193659,0.18076923076923077,0.2055357142857143,0.23999275493570005,0.2633387592693073,0.2980957465741235,0.31038173385658224,0.34816176470588234,0.3737674418604651,0.39473684210526316,0.4216780698595607,0.4479317851959361,0.46618705035971225,0.47967625899280575,0.48401743552488197,0.48042385057471265,0.49907986750092015,0.5033752964787448,0.5011625827222321,0.493732970027248,0.4746225213752956,0.47323842133717786,0.4522072236410069,0.4279155188246097,0.40984780662488807,0.3870452528837622,0.3680543148115062,0.3443092340730136,0.31511906959571717,0.27968526466380544,0.2510332434860737,0.21277747698971305,0.1964541547277937,0.16268200611181016,0.14272906580598888,0.11971954425942156,0.101019131056678,0.08226822682268227,0.06787082649151614,0.057291666666666664,0.050676284941388636,0.04829044765597462,0.04674068767908309,0.04931213149901733,0.05381409675665882,0.06746104491292393,0.07645695954375334,0.09760885082084225,0.11969181150331482,0.14310985317530514,0.1639848128728982,0.19323933477946492,0.21732877943555634,0.23286419301772984,0.2731751824817518,0.3071556350626118,0.32955791012056995,0.37003114123465836,0.3938687701685192,0.40565194061885174,0.43504150126308194,0.4574780058651026,0.4757932910244787,0.49084769859605476,0.49155255201849546,0.501979841612671,0.4976991150442478,0.4983600583090379,0.48854545454545456,0.48685612788632326,0.47595717655597897,0.45093715545755236,0.4458265729223003,0.41578576462297395,0.39853519113969277,0.3744863319635519,0.35700302544936824,0.3224519405150526,0.28568866571018653,0.25540810761679694,0.24005681818181818,0.20186446755109358,0.1783695057450301,0.15791341376863025,0.12526464361326747,0.11177428106348346,0.08967102935974532,0.07807159561072136,0.06501436781609195,0.056836461126005364,0.043431442928930364,0.04735081851786657
0.045137023105857065,0.05048508803449515,0.05007153075822604,0.05778011942395504,0.06571840115232265,0.09950156913420713,0.10414074995557135,0.13178571428571428,0.15358604733938422,0.18020758768790265,0.2025946330193709,0.2389428263214671,0.2602912097788963,0.2894172327493743,0.329025309639203,0.338575720091889,0.3736794986571173,0.4015636105188344,0.4350965878317386,0.4416819012797075,0.4723970508901277,0.476041282712864,0.49055245636134603,0.49332611832611833,0.5051416200613387,0.4957127545551983,0.4947104177873409,0.4918327050798779,0.4958303118201595,0.4760803841365819,0.4479299653474375,0.4322498173849525,0.4239843888593223,0.39589389534883723,0.36807411366470694,0.3352674524025385,0.3154974946313529,0.27344592166726556,0.24618659098971266,0.22470076169749728,0.19252506836827712,0.15895741556534507,0.14991023339317774,0.11536388140161725,0.10422881207229338,0.08113409415121256,0.07508532423208192,0.06143344709897611,0.054691689008042894,0.0455531453362256,0.04614818900533186,0.047045951859956234,0.06195991910277625,0.06546355272469923,0.08262520339902368,0.09685626022169726,0.1193924408336277,0.13996052395478198,0.16930265995686555,0.1909367723446176,0.22057245080500895,0.2518076644974693,0.2824207492795389,0.3143979992854591,0.33112937812723375,0.37200668275478005,0.39109528049866427,0.41434977578475335,0.44001417685628214,0.43771285176554936,0.4737502239741982,0.484304932735426,0.4836139779105559,0.4983289357959543,0.49647823731262414,0.5025179856115108,0.49619289340101524,0.4786125089863408,0.4786885245901639,0.46104608632040966,0.4345586929497425,0.42415476405713254,0.40014617211766856,0.37788184438040345,0.36470801595937613,0.30881821467293097,0.3001579778830964,0.2651171236607954,0.23707440100882723,0.20216998191681737,0.18894508670520233,0.14923766816143497,0.1301135339700847,0.11056196229178107,0.08216176739090743,0.07832755157933174,0.06626183247008394,0.04668758073445285,0.049017872942841975,0.04277879341864717
0.052051874222774915,0.04766203285791659,0.06575004406839415,0.0672193187961795,0.07596759675967597,0.09713144517066086,0.11873540506556493,0.1311504424778761,0.15268301678037988,0.17912827781715096,0.19493941553813257,0.23896056696347448,0.2681564245810056,0.29042667622803875,0.321390937829294,0.35438028422378126,0.3797216699801193,0.4002147843207446,0.4163981382026495,0.4421052631578947,0.4778990197891622,0.4614400584795322,0.4876432664756447,0.5081589216034055,0.505945945945946,0.49658641753503413,0.4982755491014703,0.4927349641346331,0.49310595065312046,0.47626871120847025,0.4561211457763182,0.42056408425562297,0.4206490727532097,0.39042193341641446,0.37393162393162394,0.3374375446109921,0.30776076895692417,0.28145636266285917,0.24303707645910946,0.2220014450867052,0.19221238938053098,0.17079388201019666,0.15370962016329429,0.1243691420331651,0.10475509474436896,0.08839381961911606,0.07447954055994258,0.06709558823529412,0.05029745808545159,0.052594297857269344,0.05312328265250046,0.050284292821606257,0.05952166876461068,0.07172689304521518,0.0865488640461594,0.1093525179856115,0.12739996411268617,0.13604960141718334,0.16412282276889925,0.19680464778503995,0.225,0.2502221432379598,0.27884952648193617,0.30857246640029057,0.33495670995670995,0.36533957845433257,0.39396144052382687,0.41594360086767895,0.4377379010331702,0.451176051318603,0.46823697359029265,0.4741597397903867,0.5043317972350231,0.5010764262648009,0.5068845235909675,0.49955492255652484,0.4986326344576117,0.5019784172661871,0.4695210449927431,0.466002135991456,0.44613457408733,0.41868449584387424,0.39317480486476675,0.39006051714652484,0.34549789106913625,0.33479292099981756,0.2917933130699088,0.25580544889376483,0.24572953736654804,0.21108083560399638,0.18383947939262474,0.15760869565217392,0.12960954446854664,0.11071870033551122,0.09765556143134144,0.07899875732291851,0.06550921782709862,0.06308579668348954,0.05325970787317421,0.05290909090909091
0.05444743935309973,0.05825242718446602,0.06198347107438017,0.07306100413892389,0.08646413805500629,0.09498013723365836,0.11472172351885099,0.13665273487188806,0.15841045182362548,0.19659498207885304,0.21177967642246864,0.23721844833750447,0.27951545832580005,0.3059434300035804,0.32967428468598164,0.3673024523160763,0.38206343419613564,0.40756526371870005,0.4362657091561939,0.4430604982206406,0.46173423013997456,0.4842239649826737,0.5,0.5001777461784571,0.5008153651023736,0.49310094408133626,0.49749283667621774,0.4960159362549801,0.49083466809040754,0.4712145822053781,0.4519970685232686,0.43902002861230327,0.4304707150556953,0.3921639108554996,0.35435056746532156,0.33770904513576694,0.32221634021528145,0.2931654676258993,0.26403061224489793,0.23732431951610033,0.1928649040202825,0.17622005323868678,0.15048543689320387,0.13125228185469148,0.11704019921736036,0.0915764360433107,0.07471469329529244,0.0637486378496186,0.06345223158272091,0.05632519139628144,0.05706031058143734,0.06296096420219464,0.0722631673557433,0.07796610169491526,0.09045045045045046,0.10725379133930203,0.13395859139975225,0.15614440690023118,0.17594775984037728,0.20185657080451402,0.23397725221159055,0.2597333333333333,0.2850956333453627,0.3129579982126899,0.346340586225499,0.36117216117216117,0.40446030330062444,0.42078395624430265,0.44313515443670776,0.4536082474226804,0.4767148014440433,0.4974395196892107,0.5024831500532103,0.504453735684421,0.514822848879248,0.4947897951850521,0.49811117107393416,0.4858685868586859,0.4813815434430653,0.46048659207955955,0.43905587313295225,0.4213958406767712,0.4081410139923678,0.3758233932704291,0.36347486232012793,0.31804170444242974,0.2939420544337138,0.26583668985719516,0.23996350364963503,0.19922151450813871,0.18775877587758777,0.155858310626703,0.13768643142961076,0.12177777777777778,0.096019989291451,0.07419962335216572,0.07976125881714596,0.0674217907227616,0.0677188474949532,0.057071069633883705
0.06416726748377793,0.07030001775252974,0.06876122082585279,0.08516384587684551,0.0882032667876588,0.10639070442992012,0.12653061224489795,0.1495293908719588,0.17224110177070293,0.19223760932944606,0.21407264432356554,0.247924936845904,0.28047679248690627,0.30025035765379116,0.3300162836982088,0.3648427558625704,0.3923819938035356,0.40698905753618075,0.43730941704035875,0.43847834000728064,0.47197533103573375,0.49013574660633485,0.4983618492901347,0.49908223201174745,0.5095358042461317,0.5124618970772817,0.5023339317773788,0.4961967097116575,0.4832492795389049,0.48878923766816146,0.4634103019538188,0.4461677186654644,0.41691735975933464,0.4158144631117604,0.3819633460352023,0.33916849015317285,0.3164005805515239,0.2928008595988539,0.27170767004341534,0.2323178336005701,0.2144693352919574,0.18106488011283497,0.15418261344997267,0.14005400540054005,0.11405109489051095,0.1038937735510497,0.09345291479820628,0.07287954383464006,0.07163170991823675,0.061590344337948175,0.06246672582076309,0.06847591660675773,0.0771577247443029,0.08859134262655906,0.09455587392550144,0.12207838906868033,0.13823796548592188,0.1523096129837703,0.1704830053667263,0.1922659920491507,0.23425692695214106,0.2560646900269542,0.293222438506459,0.31775528978840845,0.35865881933297666,0.3629322766570605,0.39762931034482757,0.4194900454069158,0.44315292408281876,0.47471451876019577,0.47708257548199345,0.4842143906020558,0.4972036803175176,0.5073873873873874,0.5151788941091435,0.5092069279854148,0.5182267814618062,0.49856476498026553,0.48805834092980854,0.4697432214042018,0.44669218151995627,0.43020833333333336,0.41562443356896867,0.3967632936155077,0.36957295373665483,0.3326157158234661,0.3099818511796733,0.27142087300161666,0.2480565371024735,0.22378004369992716,0.1939647336847846,0.16835626357711803,0.14500362056480812,0.12309621931553485,0.10546309696092619,0.0852262402326004,0.08142493638676845,0.07315741583257507,0.060014461315979754,0.05992714025500911
0.07135231316725979,0.07667788206127148,0.07853309481216458,0.0900286944045911,0.09712357954545454,0.11680963679503559,0.13426673846706158,0.14587189929655683,0.17936651583710408,0.19343664539653602,0.23383525243578387,0.2588171459576777,0.2814327485380117,0.31725888324873097,0.33735795454545453,0.36602011494252873,0.3969941348973607,0.41238589582960444,0.4291962821213778,0.4562310572294527,0.4648112036872895,0.4952888888888889,0.5005370569280344,0.5078775004425562,0.5126412049488973,0.5147761458149,0.5052195824334054,0.5097373592996248,0.49320282762370854,0.486100950987564,0.4605884489647657,0.4483391447972105,0.4260081719666015,0.406025824964132,0.38068891665179366,0.34618104667609617,0.3256072686816243,0.29637681159420287,0.26972147349505843,0.2374777975133215,0.21645178863264936,0.17695099818511797,0.16826071555083244,0.14331550802139037,0.12627148368993335,0.10442864953526518,0.09131925645190399,0.0814867762687634,0.07702089009990917,0.07330691642651296,0.06969642536375067,0.07671769312922748,0.08201253225211942,0.0918293564714389,0.10658984515664387,0.11952473842879943,0.13994169096209913,0.15465760772394063,0.18457350272232306,0.2214311142755429,0.23405771286070537,0.28077867414942126,0.29565372920765515,0.3262834417932032,0.35403387361136407,0.3846011475106422,0.4124527622818067,0.43106866102000363,0.44710144927536233,0.4707983568494374,0.48181329510840354,0.4915500636016718,0.5174648901692473,0.515286171347316,0.5198412698412699,0.5159784560143627,0.5049362771495243,0.4995471834812534,0.4938337801608579,0.48377263761879147,0.45710740872031197,0.4383933417767324,0.4155656108597285,0.38529359901251986,0.36312340735347653,0.3324789454412303,0.3014957650027032,0.2844316753456635,0.2531373252061671,0.22251066196921937,0.21258290016131923,0.17909645034062388,0.1464442815249267,0.13480524142882785,0.1254323684689605,0.10283296541574687,0.08557107053347655,0.08274995512475318,0.07575483637678539,0.06842951581204217
0.07586952604072805,0.08244247146222142,0.09212186767622138,0.10152838427947598,0.11044504995458673,0.12143874643874644,0.1456736035049288,0.15913663800987746,0.18277616279069767,0.1996415770609319,0.23083763115774497,0.27399745962620214,0.2990705303444505,0.31710407239819005,0.34235209235209235,0.3578449217327994,0.4042097752408134,0.4166966534724721,0.43973294839408156,0.47400219699743684,0.4862780269058296,0.4882482556004407,0.5081090714667618,0.5098143236074271,0.5171976828385229,0.5285531837255976,0.5134941912421805,0.512043795620438,0.4912565350639986,0.5092923516797713,0.4732111994469409,0.45542037406936625,0.43653250773993807,0.41520994773833125,0.3914756446991404,0.36611824263243536,0.33356978187621916,0.3135405105438402,0.2773094170403587,0.24873280231716147,0.21807930156420516,0.19768510012860555,0.16853323699421965,0.15533285612025768,0.13484792964455844,0.12461566286851149,0.10146235782632244,0.09493898061737258,0.08430702858170053,0.08357091945830364,0.07992062060256179,0.08428081573723155,0.09334763948497854,0.09511205223222163,0.12031165066135169,0.13363553943789663,0.1437007874015748,0.1744642857142857,0.19203413940256045,0.2339128876142678,0.2509090909090909,0.28657096129383974,0.2970262185465423,0.3352812271731191,0.35427542754275426,0.3893537475520741,0.40396530359355637,0.4315203733620535,0.4464253877696559,0.4703344120819849,0.4852941176470588,0.4947215143793229,0.5215345638798408,0.5243136551229141,0.52414398595259,0.5208147221725925,0.5279714030384272,0.503835860838537,0.5008150697337439,0.47381635581061693,0.46267330252399574,0.44166514515245575,0.42005813953488375,0.40388491845336266,0.36801437556154537,0.35484444444444446,0.31260053619302947,0.2933428266286935,0.26822824938358575,0.24057355284121085,0.2044967880085653,0.18996876722395736,0.1585035243086933,0.1441111923920995,0.12999820692128383,0.10646924026088489,0.10079336458708979,0.09375,0.08368200836820083,0.08265802269043761
0.09632286995515695,0.09926272253191872,0.10225618631732168,0.11005726556907659,0.12509038322487345,0.13818776103141456,0.16463952053587166,0.17392086330935252,0.19320247182842604,0.20974386530539138,0.2347290193945985,0.27190277525847995,0.3037742762916819,0.3333935997107214,0.3573451327433628,0.3817397555715313,0.4001452432824982,0.4328385228095583,0.4571687840290381,0.47108782074448863,0.4915375022269731,0.508585590369977,0.5081051873198847,0.518978233495233,0.5271943995691977,0.5181113714182736,0.5217007762879322,0.5145205479452055,0.5023881125066336,0.48640319071791155,0.47297052974145726,0.4607878568847127,0.4361106090728357,0.4140035906642729,0.38425925925925924,0.3677708146821844,0.33150150682503104,0.3169203222918532,0.2941395348837209,0.24156305506216696,0.24315561959654178,0.20659062103929024,0.17754474778521062,0.15871860211139424,0.15247127484953493,0.13386262924667652,0.11448983330280271,0.10673352435530085,0.10104147633838845,0.10460100647016535,0.09670448406266882,0.10057471264367816,0.1104238675641259,0.12034383954154727,0.12876761191367933,0.14483512479504462,0.16690777576853527,0.18286026200873362,0.2152777777777778,0.2332086228398361,0.2512635379061372,0.283712465878071,0.3119642857142857,0.3425746070987109,0.36603221083455345,0.4008513657325293,0.41037735849056606,0.44678532509989105,0.46706370691210974,0.48802716225875625,0.49675792507204614,0.5049594229035167,0.5186034209134192,0.5348422741044377,0.5188201230546508,0.5382513661202186,0.5377341659232828,0.5175914580780676,0.5074362606232294,0.4963029756537421,0.46755555555555556,0.45525645689341576,0.4228499910602539,0.39218205175261517,0.3782449725776965,0.3492831541218638,0.3350253807106599,0.30670522320621724,0.264905521922583,0.24292494287220953,0.22758249641319941,0.19960295975455694,0.17727112053729233,0.15636105188343993,0.13358640636297903,0.12290708371665134,0.11091202293495789,0.1014180577993179,0.09921860803198256,0.09798681631925886
0.10803928701345944,0.11266581864437579,0.11434177666785587,0.12788793887575042,0.13032445169476164,0.1454737583656217,0.16024597576415264,0.18311848843369238,0.21891355351019673,0.23424236951417735,0.26252063841496975,0.28329733621310293,0.30815544608648054,0.33026196928635954,0.36151498833243584,0.3918621700879765,0.4067827681026581,0.44304480834982907,0.45283354059335584,0.4790599045767803,0.503905540417802,0.5122304765356043,0.5179505682843226,0.5288291475061903,0.5379201126165758,0.5292748433303491,0.5348712446351931,0.5258559201141226,0.5139013452914798,0.5070093457943925,0.48795508060134035,0.4655425219941349,0.46358568602769284,0.42467248908296945,0.416236425137974,0.38350665936872835,0.36048401661549573,0.32887794583186775,0.3043246129204485,0.26583423814694174,0.2408281874318925,0.228675799086758,0.19530833481428825,0.1827420217507577,0.15398683247988296,0.1457096600107933,0.13917248790972594,0.11771157009687443,0.11759409328291014,0.11137354651162791,0.109024612579763,0.11101243339253997,0.11906072280315538,0.12665098606839154,0.1489095459420808,0.16273541780947157,0.1834862385321101,0.19045878267227198,0.22796795338674436,0.2414101646385111,0.2788900597119775,0.29762120936989284,0.32986049796927425,0.3606408155834699,0.38833034111310594,0.40439599714081487,0.4239971217844936,0.45482583454281567,0.4588892895780743,0.49899799599198397,0.5040591737326358,0.526573553419191,0.5196483043244213,0.5306195965417867,0.5306457497263772,0.5395232120451694,0.5252854812398042,0.5191216834400731,0.5161870503597122,0.4976769120800572,0.4675925925925926,0.4591115140525839,0.4305530535038732,0.4071726136569462,0.40384273260985587,0.3601449275362319,0.33451704545454547,0.30833182721850716,0.2870220786214324,0.2664148228098579,0.2394674448294729,0.20607142857142857,0.18436944937833039,0.1732871720116618,0.14941046425939572,0.14093091983745845,0.11791179117911792,0.10934680620714543,0.11129326047358834,0.11390611160318866
0.12951053947838514,0.12608695652173912,0.12899129172714077,0.14802631578947367,0.15621602029720913,0.17152689730121354,0.17122910159838325,0.20135183208822482,0.2204710465734018,0.2501360420823508,0.27062410329985653,0.29280173191412595,0.32790114613180515,0.3574123989218329,0.3785534364879453,0.3900303734143291,0.4228917810661437,0.44200109950522265,0.4763636363636364,0.4924892703862661,0.5121693121693122,0.513971358714635,0.5284946236559139,0.5321100917431193,0.5370233246945576,0.5464011691633175,0.5303382853051727,0.5275310834813499,0.5323587092173293,0.507075049256672,0.4861616897305171,0.49228254948247685,0.4550898203592814,0.4398848092152628,0.4097270818754374,0.3877256317689531,0.36534256559766765,0.3332716163673394,0.3160612535612536,0.278428545683907,0.2527237006608323,0.22760543743464623,0.21180057388809181,0.18880994671403198,0.17138193688792167,0.15814290895901342,0.14726332679622037,0.12568706485892267,0.12695924764890282,0.11954391590949581,0.128001444304026,0.13075539568345323,0.1380716058135413,0.13527000534664052,0.15324165029469547,0.1680763001619579,0.18927161822748476,0.20656610470275066,0.23161051331804552,0.2734402852049911,0.28834247302317356,0.311754068716094,0.3359712230215827,0.36301859799713876,0.39767025089605734,0.4143397586020537,0.4314296107675518,0.4576605669178328,0.471262341325811,0.4955213185238266,0.5092157571376943,0.5196060550793361,0.5304332259219477,0.5354735721887194,0.5409750131050148,0.5500544069640914,0.5285765636232926,0.528046775077654,0.5199784017278618,0.4942612497722718,0.49117435158501443,0.4615246957766643,0.43975155279503103,0.4353765953622146,0.3950256035113387,0.38275367515238434,0.3482709950599859,0.32015099766313143,0.2904761904761905,0.27546089135493107,0.23716203955724913,0.21653971708378672,0.2070942314582587,0.17454873646209387,0.17068746598947943,0.15384615384615385,0.1388340807174888,0.13476944988427986,0.12394881170018282,0.1241179663470237
0.15232022670917464,0.1472072072072072,0.14517876489707476,0.15846599131693198,0.17415730337078653,0.1767612076852699,0.1959906926794344,0.21774046358824603,0.23167208378475984,0.2594112399643176,0.29310653536257836,0.31859056707652783,0.3353452867033552,0.3690812720848057,0.38825654923215897,0.4106019766397125,0.4316494658699982,0.46039875617340403,0.48163560702008323,0.5084837545126354,0.5020488152503118,0.5333333333333333,0.5291289069724431,0.5506043658668591,0.5556985294117647,0.5600358422939068,0.5465116279069767,0.534714842366277,0.5380843985291542,0.5354122621564482,0.4965341116380883,0.48879325802402723,0.4707591718125681,0.44412607449856734,0.427776780907949,0.40565693430656935,0.3728471967753756,0.3597703211914588,0.32153654632758316,0.2964697406340058,0.2679245283018868,0.2555575637086571,0.2213381555153707,0.20989208633093526,0.18763326226012794,0.17778177242495058,0.1602879213483146,0.15287192293970744,0.13956023986916227,0.14692197566213314,0.1429595127194554,0.15172913271772587,0.15063221550302364,0.1543921916592724,0.17817331895001798,0.18734622144112478,0.20910075839653305,0.21869393613204163,0.2527372262773723,0.27525252525252525,0.2981366459627329,0.3335109216835376,0.34992862241256245,0.37866666666666665,0.4005858659831564,0.42710027100271003,0.46608197601575085,0.46013911182450506,0.48802505526897566,0.49762426900584794,0.520269041992365,0.5392400568181818,0.5312051649928264,0.5357588728375245,0.5527403414195867,0.5604575163398693,0.5491266375545851,0.5381029227183073,0.5268414481897628,0.5192617810428238,0.49829718587560495,0.47622439893143365,0.4589041095890411,0.4453463203463203,0.4187725631768953,0.38666902404526166,0.36068498037816626,0.3444665102003972,0.3068830242510699,0.28214285714285714,0.2541241890639481,0.23884657236126225,0.2182640144665461,0.1980962643678161,0.18251698248122988,0.16265709156193897,0.14930555555555555,0.14423602258240759,0.14020180562931492,0.15004460303300624
0.1557743957027753,0.15134269962653388,0.17253020611229566,0.17667269439421338,0.18689448652457283,0.1968390804597701,0.2141701132889768,0.2266304347826087,0.255030003529827,0.2809873010194956,0.2956111715632934,0.32135835567470955,0.3531188910609561,0.37083333333333335,0.41133983387504514,0.4265988372093023,0.4422697073083139,0.47857648725212465,0.49910297811266596,0.5028828828828829,0.5318024421359577,0.5395340628309213,0.5484397677793904,0.5561056105610561,0.5529558849794606,0.5571351448623358,0.5494466262049268,0.5536226685796269,0.5369971264367817,0.5314608790807952,0.5190757657173563,0.49990894190493534,0.4715609667454116,0.46262956901254776,0.4430901595267969,0.416409511708114,0.38495891389782066,0.3567948023822415,0.3346931207120341,0.3172499116295511,0.298417894162575,0.2746095168906647,0.24981604120676967,0.22800718132854578,0.20533284962815165,0.19411547002220578,0.18207630878438333,0.17036363636363636,0.16798418972332016,0.15471014492753624,0.1654625550660793,0.15862944162436549,0.16693796346536444,0.18200073019350127,0.18523852385238523,0.20425531914893616,0.22446428571428573,0.2378456533526116,0.26612318840579713,0.29406458596427926,0.30326678765880216,0.3397265139406855,0.350354609929078,0.38776595744680853,0.4064258486113632,0.4389937106918239,0.4590695997115038,0.4807726703630835,0.5013390465988217,0.5342147579060211,0.5397727272727273,0.5331048168861627,0.5474950619500808,0.5521529324424648,0.5631188118811881,0.5618716870773167,0.5551510738987987,0.5495067592254294,0.5448300795372379,0.526419136022849,0.518025217545729,0.4838301716350497,0.4689852993904625,0.4531868923298524,0.4269870609981516,0.39776415434547424,0.3837857271256516,0.352038018643758,0.32741438666425077,0.31316270566727605,0.2702606212067119,0.24472343522561862,0.23223601367152366,0.21593783881460066,0.1979740536698063,0.1809198706431908,0.180835734870317,0.1637395777896044,0.16178597252349963,0.1543198695888426
0.17127564674397858,0.17020517395182871,0.1928275364930618,0.19199420394856004,0.20539382032505804,0.22537742631200575,0.22577171572146446,0.24892241379310345,0.2639539070939863,0.2899505766062603,0.3201471941122355,0.34763948497854075,0.3761947700631199,0.39572480689779055,0.41984184040258804,0.42646274230837633,0.4619872379216044,0.49270401729418123,0.4981246651187712,0.5227191413237925,0.5471973708234434,0.5424460431654676,0.560194349469138,0.5619065010956903,0.5722041259500543,0.5652173913043478,0.5557339040485108,0.5694719769327807,0.5433381088825215,0.5407311189460011,0.5246107034186505,0.5088980765773863,0.4923735119047619,0.4712705210563883,0.4421465501871991,0.4317733548502779,0.40225630178036315,0.37889557135046475,0.3599579611140305,0.31940135061142544,0.3030800072899581,0.2868203096867123,0.2693338096088587,0.2313661793900018,0.2330304649919829,0.2075873072150328,0.20490018148820327,0.18446428571428572,0.18501086169442432,0.18480786416443254,0.1798038503450781,0.18259935553168635,0.19860371118868272,0.20612317550729797,0.21806966618287374,0.2322733918128655,0.24519230769230768,0.2562987130686968,0.2838411819021237,0.29757975797579755,0.32494951349366624,0.3536060279870829,0.3817818907639267,0.39931308749096167,0.42877854295034434,0.4580817051509769,0.473529950540392,0.4886004910557699,0.5264870728620502,0.5420493426976409,0.5335947246480128,0.5512889850369569,0.5694345025053686,0.5694645441389291,0.5766423357664233,0.5826898904650745,0.563560094838592,0.5566156615661566,0.5417784934693147,0.5379792189179505,0.5231678050581503,0.5028013735767215,0.4880072137060415,0.469435878831852,0.44190203789774757,0.4052814964239868,0.4000702493853179,0.37245724572457245,0.330626240750767,0.3130699088145897,0.28928892889288926,0.2689421015010722,0.2524496704079815,0.23157894736842105,0.2185666014582963,0.1932129173508484,0.19072988811933936,0.17744550531435777,0.18891320204230488,0.17824990997479295
0.21017499548980698,0.20860566448801743,0.2094363407167297,0.21063207891852392,0.23367512142471666,0.23495495495495494,0.25847846012832265,0.2847931219774315,0.29998219690226097,0.3068365332854836,0.3378717305625224,0.3723384895359418,0.3775085879587778,0.41337116510019506,0.44126126126126125,0.46023138105567607,0.4745885331886417,0.49613378888689086,0.5124795044634723,0.5421752596101294,0.5489140190271047,0.5680759584378359,0.5720696463830551,0.5725094577553594,0.5811717758026483,0.5812913611160794,0.5859022895258699,0.5578218903660536,0.5581896551724138,0.5527542738732516,0.5470146585627458,0.5181107954545454,0.5153818313427434,0.49342585829072316,0.46802794196668457,0.4359805510534846,0.42218114602587803,0.3852385238523852,0.36258368011579517,0.3407512907245861,0.3286486486486486,0.2977609245214879,0.2781456953642384,0.265485141424991,0.24155653450807635,0.22490104354084203,0.23382820784729585,0.21475672785599714,0.2113127001067236,0.1896741120468693,0.20184648805213615,0.2064352856109906,0.2083712465878071,0.2235969159046082,0.2362914862914863,0.23625291062152964,0.2677923021060276,0.27452761627906974,0.3054116806572602,0.32441713356226276,0.35357013410656035,0.3804112554112554,0.39490445859872614,0.42696629213483145,0.43752218672346466,0.4702498651806579,0.4760280122104507,0.5032679738562091,0.5275098249374777,0.5346909353036583,0.5607878245299911,0.5831106360235169,0.577177606868181,0.5815551537070525,0.5922347468241188,0.5764662890553627,0.5836980306345733,0.5687907313540912,0.5593531789783168,0.5400144196106705,0.5224901043540842,0.5152979066022544,0.4864817721960579,0.4871283538796229,0.44477118176805736,0.40670112279451076,0.4044665012406948,0.3798993167925207,0.34729778745012696,0.31957269599855154,0.3062649274297263,0.2827586206896552,0.2686995515695067,0.24271844660194175,0.2355253752680486,0.22347794385709077,0.2075134168157424,0.20484541674199963,0.19755747126436782,0.2032846715328467
0.2265653945905891,0.2304055282778687,0.22748309006763973,0.24258133714694316,0.260769367133487,0.2568247126436782,0.2752657178886687,0.28877199346998006,0.3047945205479452,0.33028509951586876,0.349644128113879,0.3697585768742058,0.4042859715469116,0.4115293689761775,0.434643995749203,0.4796102490075785,0.48703374777975134,0.508182141586624,0.5320319432120675,0.5512890839275919,0.5498094719651606,0.567713004484305,0.5892792466497646,0.5907466952483029,0.5848159239034701,0.5860721264878309,0.5830471715163564,0.5951569506726457,0.574897339760757,0.5747816593886463,0.5535811423390753,0.5298438934802571,0.5277329025309639,0.5009736236502036,0.4812310976694538,0.4415209947738331,0.43965985163741633,0.4140921409214092,0.39522784355938284,0.3541666666666667,0.34297747665262773,0.3119413657490168,0.31699463327370303,0.27075812274368233,0.27492553005081477,0.25458840632382335,0.24163969795037757,0.2325072886297376,0.22875467664350616,0.2222222222222222,0.21640861363231892,0.2312043795620438,0.23230290835924639,0.24183840962976472,0.25941346850108615,0.27718472950967976,0.29297646847494163,0.305627068775285,0.32662678992205907,0.34406870638754694,0.3663243626062323,0.3853918150119288,0.40774404653699325,0.43137968693119766,0.4686986676400803,0.4896131805157593,0.4912811387900356,0.5277426350985,0.5240823634735899,0.5570286959680348,0.5682386566630939,0.5718632539824593,0.5885858768286075,0.5723530469171311,0.5859918018178578,0.5840832892182812,0.5826039387308534,0.5807635829662261,0.5901820187534473,0.5610449617913631,0.5333943275388838,0.5307844193143062,0.5147375988497483,0.484445243661212,0.4587220559760605,0.44289386705839145,0.42347400833182397,0.39913544668587897,0.37856369541681706,0.3441192510452645,0.32817055393586003,0.31214285714285717,0.2917570498915401,0.27162723496478236,0.25640107430617726,0.25040797824116046,0.24001459055261717,0.22605504587155964,0.21952535059331177,0.22420883246915788
0.2383118064398763,0.2478908633997487,0.25993828280994735,0.2572249147370311,0.2588805166846071,0.28395502409423523,0.2957177957177957,0.312340735347652,0.33309235496114226,0.3547400611620795,0.37064452067160136,0.3853747714808044,0.40608585401195435,0.4451773934747727,0.46146888567293776,0.48675914249684743,0.5087157595161864,0.5280557541100787,0.5462879741146863,0.5615496017378712,0.5635388739946381,0.579516768842409,0.5974945533769063,0.5940874491060365,0.5987688864017907,0.6024912987726689,0.6039495337356007,0.6004685528924131,0.5826602046311254,0.5833631484794275,0.5863169088975541,0.5343347639484979,0.5437309962439635,0.5237132352941176,0.5006402048655569,0.4725843900696553,0.4536429711044141,0.4266903914590747,0.40040278286342,0.3956989247311828,0.3636036036036036,0.3442593587676876,0.327968923418424,0.30845502073192715,0.2866138898884491,0.2676261614137366,0.26831916048489235,0.26210045662100456,0.24550571999273652,0.2518716577540107,0.24472649267071864,0.24986430251492672,0.25813953488372093,0.2717450027012426,0.2748309006763973,0.29008720412884853,0.2978456014362657,0.32226632984482134,0.33151878062057705,0.36682242990654207,0.3994237349180623,0.40885369803850996,0.42207792207792205,0.4518736223365173,0.47124977326319606,0.486774365347062,0.5186891054030115,0.5275548421615838,0.554249547920434,0.569811320754717,0.5651779230210603,0.5896801555045061,0.59646273235878,0.5946520276252878,0.5963726884779517,0.6116383169203223,0.5985650224215247,0.5865281261196704,0.5786393562545721,0.5725355919985583,0.5445508765588288,0.5391928251121076,0.517967332123412,0.5120174799708667,0.49162313096739324,0.4597453828223059,0.43767110786639896,0.42370744010088274,0.39079018097115215,0.3779956427015251,0.35942806076854333,0.317847533632287,0.32057070615856964,0.3090646963416832,0.2850017812611329,0.2671952793656648,0.2611090708777084,0.2522377372001432,0.25210686749148287,0.24041937816341288
0.2734871888061058,0.27988134705984996,0.2836059743954481,0.2864139307092327,0.3003721424774056,0.3003610108303249,0.32365591397849464,0.34009873834339,0.3509734513274336,0.3706713780918728,0.39083802944919105,0.42000728862973763,0.4452410826312959,0.4464671953857246,0.4824102471585784,0.4978134110787172,0.5259043810216324,0.5471976401179941,0.5566678584197354,0.5760791366906475,0.5773692664643941,0.59353471118177,0.6057674758167548,0.6019068177729807,0.6179529282977558,0.624029640084686,0.6040645980765741,0.5944817571247051,0.6044883303411132,0.5789660056657224,0.5800430725053841,0.568509396095603,0.539867407274682,0.5298425485170267,0.5189447592067988,0.48974405518242875,0.466,0.4506991102233521,0.43090033345683587,0.4102332308804918,0.3873760144274121,0.35218236437533135,0.34544478253087524,0.32432432432432434,0.3098516002145539,0.3044263775971093,0.28719723183391005,0.28625746876697444,0.26777420507324046,0.28105979233798783,0.2764834364761558,0.2859221535103674,0.27864723871199853,0.29428674092705714,0.29514075667921824,0.29778172138420583,0.3253247908880584,0.345088161209068,0.3616684266103485,0.3844778254649499,0.3932767034158684,0.4264171511627907,0.44448417664938317,0.4786867404317069,0.48724309000708715,0.5035997120230381,0.5260877414695794,0.5325379609544468,0.5704989154013015,0.570528967254408,0.594337899543379,0.5976660682226211,0.6015710632078919,0.606401688357369,0.6162042990997612,0.6203133251188171,0.6086646461044749,0.6041323825196563,0.603955007256894,0.5801075268817204,0.5772808586762075,0.5650413659566977,0.5235210263720599,0.5199783041041403,0.49823452889797437,0.47959365531990733,0.46260437022561735,0.437852593266606,0.4152267818574514,0.3873611364050264,0.3670385030586542,0.3582926388135287,0.33596980046737374,0.3232704402515723,0.3049021368288741,0.29362386140382213,0.2932717912302503,0.27575811314062776,0.2716669657276153,0.28404313653811003
0.29991063449508487,0.2949523980599964,0.3041742286751361,0.30426950099081246,0.32066978754051134,0.31595974119338605,0.3488495575221239,0.36389839668528196,0.3889092912229159,0.39480377906976744,0.41424470757086473,0.43468834688346886,0.4583482944344704,0.478898426323319,0.49711627906976746,0.504544644448405,0.5301762506676162,0.5585505176722599,0.5727622185612301,0.5899064760896418,0.594151212553495,0.6090468497576736,0.6115198277408936,0.6191247974068071,0.636168691922802,0.636085075702956,0.6117268501966393,0.6230924802353374,0.6136612021857923,0.5928431547089194,0.5870069605568445,0.5790825688073394,0.5594978165938864,0.545687603003113,0.527536231884058,0.48409131763436997,0.4831887201735358,0.47162992410552945,0.44484694801666363,0.4334895457822639,0.41163946061036194,0.381602587136184,0.36239588871167816,0.35005432814197757,0.33146979260595133,0.32815640416590536,0.31260053619302947,0.31864530225782955,0.3126714207350521,0.30934612651030563,0.2989432204907756,0.3030468892537858,0.306081573197378,0.3190127970749543,0.318529304696032,0.3417040358744395,0.35135135135135137,0.3680851063829787,0.38184464253229033,0.4096363962027584,0.4235691432634198,0.44291659127917493,0.4634892086330935,0.4915585569575262,0.5119422329198297,0.5471834812533961,0.5379448075526507,0.5496002906976745,0.56987886458145,0.5850389422206123,0.6083677500448914,0.6208191736719728,0.6289650172195034,0.6159729633582355,0.6290585887901324,0.6122232063773251,0.6313492756152906,0.6092836257309941,0.604986642920748,0.5997456395348837,0.6013330931363718,0.563880706921944,0.5482408414943779,0.5412192902638763,0.5128158183815452,0.5011613364302305,0.469458038789197,0.4491234411711549,0.4460672180186521,0.40838812866536345,0.3835616438356164,0.3874886672710789,0.3486625137412972,0.34105488239486814,0.32450331125827814,0.31006493506493504,0.3105645018580782,0.29820424451296934,0.2938508978777435,0.30326844079299875
0.33321428571428574,0.32902426066938195,0.3302180685358255,0.34431777698610616,0.3443673251468233,0.35497914021403953,0.3600495399858457,0.37849462365591396,0.39315630012475494,0.42000728862973763,0.4350992171855088,0.4549973371205397,0.47792395026130835,0.494199535962877,0.5183843506611121,0.5472862588491559,0.5530085959885387,0.5750134432694031,0.5881505492526562,0.5986479274150507,0.6028356380185542,0.6329001246216842,0.6261913166254853,0.6432069653546164,0.6459807657412447,0.6378820184790334,0.642999818412929,0.6389036251105217,0.6258284076661293,0.6202286719437116,0.6220232766338406,0.5993413830954994,0.5768409818569904,0.5634892086330935,0.5490942028985507,0.5184851217312895,0.5034939974914889,0.4787985865724382,0.4801722591064059,0.45985270343093226,0.4193317848847597,0.4038358128696899,0.39324034334763946,0.36271858662340006,0.3476147614761476,0.34744982507825445,0.33872139484199054,0.32925097621583244,0.3296566447251379,0.3208489388264669,0.3328483084758094,0.3319494584837545,0.32617716038246436,0.34280607685433423,0.3447148565201598,0.35419296663660954,0.37559371574716843,0.38422848931201725,0.4144326110907088,0.4271222637479979,0.4373669268985096,0.4671780235462005,0.48136315228966986,0.5123002334350871,0.525706940874036,0.5421014753508456,0.5608243662228707,0.5721528154988231,0.5998928762720943,0.6069416681809922,0.6062522587640043,0.631286916055128,0.6253110558123001,0.6283249460819554,0.6337135614702155,0.6304662088904951,0.643452064504696,0.6410165274569042,0.6288916562889165,0.6141235813366961,0.6018718502519799,0.5843208751139471,0.5671561604584527,0.5498135322322856,0.5449317038102085,0.5157209974701843,0.4937686501667544,0.4640404770509577,0.45773874862788144,0.44414316702819956,0.41798078665941635,0.3989656446250462,0.38677248677248677,0.37193560190267105,0.3479595521849043,0.3460646082455827,0.342124147829207,0.3226043774140151,0.3164695177434031,0.32137758743754463
0.36,0.35182803600955354,0.36053061966200256,0.36000722543352603,0.367733857986049,0.38528769118718137,0.39490217196194577,0.4010840108401084,0.420985401459854,0.43999290905867755,0.4565572283693089,0.47607871456941686,0.48757309941520466,0.5121113521330442,0.534522337983401,0.553827116846385,0.5637418674169158,0.5732587513533021,0.6079399926820344,0.608195542774982,0.6291522962425122,0.649022500922169,0.6534224309192703,0.6483088365503807,0.6476674532583045,0.6534050179211469,0.6633469678107772,0.6479454512829714,0.6487416259279377,0.6292517006802721,0.6141862170087976,0.5996778811739442,0.5932979307819081,0.5776785714285714,0.5624547429398986,0.5421708506411415,0.5273947750362845,0.500542888165038,0.4834710743801653,0.46597791236195224,0.454463480613165,0.4266450916936354,0.41916817359855335,0.3953145176166759,0.3873367198838897,0.36105188343994316,0.36997657235537934,0.3551619252102344,0.3479208280370438,0.34782608695652173,0.3472743521000894,0.34751018961545277,0.3574193548387097,0.38019403258282997,0.3763751127141569,0.38686263835964435,0.40104542177361213,0.4142547033285094,0.44156778137360664,0.4550054210336104,0.4640242813783253,0.4913824057450628,0.5007130124777184,0.5274646627303632,0.5462778482159029,0.5686877828054299,0.5744053107136271,0.592375366568915,0.6137931034482759,0.6125340599455041,0.6287740996726082,0.6334347592625739,0.645091693635383,0.6460643519360116,0.6544964028776978,0.6480446927374302,0.6347511312217194,0.6415229885057471,0.6410071942446043,0.6256483634412449,0.6216024160596909,0.5945896877269427,0.5838406198118429,0.5769160417047741,0.5616463303587689,0.5266176734181753,0.5257861635220126,0.49100623330365095,0.479760392085678,0.47290462427745666,0.4453826805605462,0.430624556422995,0.40917364397524575,0.39482085846044696,0.387459807073955,0.36819329246303645,0.36485023457235655,0.3607181719260065,0.34694999084081335,0.3514347984017436
0.3832271762208068,0.3769090909090909,0.3793731778425656,0.39689213893967096,0.3978650262348471,0.41498762813715095,0.41941816883812244,0.4308957625603433,0.45015491160925825,0.46364613180515757,0.48173352435530087,0.492722371967655,0.4964959568733154,0.5285688372936695,0.5491525423728814,0.5732054015636106,0.5888928957807429,0.6108374384236454,0.6223106129090581,0.6411637931034483,0.6358782701548318,0.6614730878186968,0.668066459740734,0.6634581729086454,0.6657706093189965,0.6736162361623617,0.6805605461731944,0.6587558432218626,0.6616445815937557,0.644420329173449,0.6457184858507902,0.622411914275336,0.6173342786246012,0.5886852873154244,0.5781732340657345,0.5676166273370847,0.5494621759830718,0.5289167412712623,0.501796622349982,0.4838652482269504,0.4823867721063983,0.4604132382519656,0.4318464545939222,0.4167854597291518,0.4102381798791326,0.4076755973931933,0.3805451630144308,0.38308457711442784,0.38287560581583197,0.3694750135305791,0.3736283504227379,0.3790945896209054,0.38197738051805913,0.37852494577006507,0.4121705289226959,0.40537615009922423,0.4277676950998185,0.4391796322489392,0.4649910233393178,0.4541524049720771,0.4908675799086758,0.5084626234132581,0.5321285140562249,0.5389622129813777,0.5654440848615606,0.5684380032206119,0.6015291607396871,0.6122299523983888,0.6191790907417632,0.637195680029288,0.6511167146974063,0.6605748757984387,0.6524500907441017,0.663059163059163,0.6764599202031193,0.65837720094391,0.6566058196276884,0.6554394812680115,0.6514905149051491,0.6469211379186172,0.6299567411679885,0.6084770114942529,0.6088929219600726,0.582071151814019,0.5656422099840114,0.548675799086758,0.5287419651056015,0.5273374888691006,0.4939716312056738,0.4884841992501339,0.45672990063233965,0.44446460980036295,0.4336552217453505,0.4245901639344262,0.3875968992248062,0.39870805670195586,0.3877884790114483,0.38026666666666664,0.3712202063322661,0.37336482558139533
0.40598212657304394,0.4055919306317466,0.4109664404914726,0.4173441734417344,0.4308520179372197,0.4334717458024914,0.4437869822485207,0.4650280137357672,0.4696122633002705,0.4800562291337199,0.5137943389466141,0.5262493234710446,0.5314621170427445,0.5581824898411526,0.5701053396294951,0.5917331399564902,0.6115627822944896,0.6239378050985356,0.6371428571428571,0.6531718778239654,0.6621597259780061,0.6666060054595087,0.6814626159723486,0.6782513261386501,0.6757337151037939,0.6955591225254146,0.6836845930232558,0.6784623675229028,0.6713825214899714,0.6730031072929995,0.6582367404285212,0.6414520743919886,0.618951241950322,0.6095575221238938,0.5956482320942883,0.5668361787141301,0.5541762723887214,0.5517179989318142,0.5273947750362845,0.515750787539377,0.49570200573065903,0.47802096744528233,0.4842993001973802,0.4465808089969164,0.4375,0.4249544626593807,0.4240346445326597,0.41040256501603134,0.4020064493013257,0.41346863468634687,0.4006149394103816,0.39838443179731964,0.40300942712110227,0.423097679438748,0.4254867256637168,0.444647758462946,0.4503597122302158,0.45395201129146084,0.4801601747360757,0.4891805604824406,0.512614063338701,0.5174482006543075,0.5502958579881657,0.5743403093721565,0.5785994998213648,0.592226021234479,0.6164481953672113,0.6261042004687218,0.6459548104956269,0.6520342612419701,0.6697929569987613,0.6785388127853881,0.6727954302034987,0.6684735093547823,0.6775946386524181,0.6713488204574104,0.6702633504023409,0.6660043352601156,0.6590169859053127,0.6582027732757069,0.646,0.6309782608695652,0.6229625649292495,0.5940558173251178,0.5947735815285484,0.5770318021201414,0.5502183406113537,0.542927951849885,0.5314027149321267,0.5028156221616712,0.4870915327676476,0.46895544192841493,0.4441813877253688,0.45166430594900847,0.4330444012029011,0.42903458213256485,0.4263215061549602,0.4055089383436702,0.4002534395365677,0.41933139534883723
0.4409574468085106,0.4424021838034577,0.43982652692446694,0.437420295135726,0.45400646784045995,0.4536253220463747,0.4725022104332449,0.48568417354646054,0.4851698723710228,0.5090155066714749,0.508428981348637,0.5410128388017118,0.5569372890389057,0.5811026413756426,0.593601462522852,0.6015582533067585,0.6283636363636363,0.6356884057971014,0.6510492040520984,0.659605026929982,0.6736637855000882,0.6848076582166283,0.6780846484935438,0.6974275948911675,0.7074487225620727,0.6986700674075423,0.7014818782360293,0.6817523533671253,0.6882122507122507,0.6683918669131238,0.6672002845962292,0.6632506292700467,0.6499004885109463,0.6302158273381295,0.6206460927630392,0.6010938924339106,0.5703195522657519,0.5617594254937164,0.5460300235123893,0.5258713618397413,0.5162390095101381,0.5189711784020431,0.4851667587985996,0.4751430615164521,0.46703690433536366,0.45252819206984357,0.4399274047186933,0.4462809917355372,0.43796279573776414,0.42658980363898397,0.4369019678642354,0.4378876484139642,0.44999114887590724,0.4461454346637507,0.44998207242739335,0.463898916967509,0.48133665126199787,0.4888768312533912,0.499000545157187,0.5259670487106017,0.5263157894736842,0.5498392282958199,0.565587117785417,0.5806911293195582,0.5993777452415813,0.6109183859777251,0.6268415379087315,0.6472572341558672,0.6684049631361266,0.6639720742237737,0.6731663685152057,0.6886741814278046,0.6965343867839827,0.6931414356787491,0.7037631532013554,0.7003052612677321,0.6981504758484468,0.6749597279398604,0.6789285714285714,0.6747572815533981,0.663963963963964,0.6609558160504959,0.6343933203055605,0.6323981900452489,0.6189281233195914,0.604469476744186,0.569811320754717,0.5725080964375675,0.5448300795372379,0.527308659719727,0.5162067049453603,0.4967994310099573,0.4808684819362876,0.45501422475106684,0.45997140814867765,0.449737366419127,0.4366322534709861,0.4345025053686471,0.4252914798206278,0.42803504380475593
0.46863863150392016,0.4581616197814012,0.4622709306503773,0.469568358316778,0.4787080476362324,0.4881123919308357,0.5017621962530143,0.5129667095824904,0.5195249235198849,0.533442088091354,0.5504164451532872,0.5612985128763148,0.5839545615903443,0.6044722719141323,0.61968518183463,0.631324004305705,0.6377523186033824,0.6586901763224181,0.6681670867842996,0.6847903340440654,0.7081774452164618,0.6968609865470852,0.7040668119099491,0.7081831290555155,0.7018050541516245,0.7029011461318052,0.7195538765965102,0.7045579352004393,0.6932415292625476,0.6989888046226075,0.6761233480176212,0.6696556671449068,0.6672089660159074,0.6574007220216607,0.633966439240273,0.6153982614866064,0.6055625790139064,0.5967683369644154,0.583006768792305,0.5567219152854512,0.5402800509183487,0.5247208931419458,0.5184790334044065,0.5054630127171772,0.4989432898908066,0.4832727272727273,0.4804270462633452,0.4735014619883041,0.4544955136421901,0.46492630083466524,0.46512449231855907,0.4620627802690583,0.47974217311233885,0.48036036036036034,0.4767546221504218,0.4929936305732484,0.5010849909584086,0.5147319843805467,0.524686809137804,0.5590027700831025,0.5587392550143266,0.5715311434212889,0.5920590302178497,0.6002842423165748,0.6171751013930523,0.6356518572469045,0.6453184196283601,0.6571060856775143,0.6808128034526164,0.6858455882352941,0.7014028056112225,0.6967183555715831,0.725735294117647,0.7180003662332906,0.7014064190407501,0.7213903743315508,0.7048050770625567,0.7070634636070277,0.6968349928876245,0.6837808417997098,0.6786997126436781,0.6698538697456251,0.6566265060240963,0.6466367713004484,0.6247123384669853,0.6186088527551942,0.59765625,0.5752212389380531,0.5734417344173441,0.5392670157068062,0.5444105508702674,0.5297800035771776,0.5155369798291841,0.5074194715888527,0.49146385760988015,0.4773342965504786,0.474170069234866,0.48491921005385996,0.4582137733142037,0.4649602824360106
0.4937023239311691,0.48124214683180755,0.508427995602785,0.4985616684645811,0.5000880746873348,0.5128888888888888,0.5284742120343839,0.5380064539261384,0.5483223924142961,0.5711411850768106,0.5741866285305685,0.5900363258951739,0.6008629989212514,0.6279608192341941,0.6371337804447582,0.6520874751491054,0.6702918252673554,0.6683956358433196,0.6858305324606404,0.6900200693304142,0.6972494000369208,0.7069701280227596,0.7147069664577957,0.7226505139500734,0.7276024664490388,0.7247624170701094,0.7260931389975116,0.7240361556908319,0.7140319715808171,0.699438710845555,0.7057437941656097,0.6883045237219566,0.6818181818181818,0.6634909221642998,0.6556989638247591,0.6424640511272857,0.6326604181687094,0.6075396102713532,0.589070262597587,0.5833333333333334,0.5707088880892407,0.552753108348135,0.542764927380312,0.533778901734104,0.5252981568485725,0.5179053446104013,0.49702649125968645,0.4944304707150557,0.4990109692501349,0.48835940341942524,0.4968955441928415,0.5009826692871181,0.5079423041811211,0.5006316549359321,0.5074087459342248,0.5270963017209813,0.5322724834614697,0.5374575362059717,0.5444896515124713,0.566429840142096,0.5836948662328272,0.5866519174041298,0.6073953235454052,0.6206896551724138,0.6531378508850348,0.6569264069264069,0.6723494938732019,0.6794016939989187,0.6935746606334842,0.7087624209575429,0.7162454873646209,0.7202391737633629,0.7159504734158776,0.7241068206423674,0.725794665692364,0.7248419150858175,0.7117785417043604,0.7262447565201532,0.7140791613952647,0.7046632124352331,0.702638762511374,0.6962802455760202,0.6673972602739726,0.6601189403496125,0.6479601255307366,0.6385894390644985,0.6189298958149391,0.6092998396579369,0.5918293564714389,0.5804157549234136,0.5639925373134328,0.5399893598155702,0.5332853544440446,0.5325173547679941,0.5119668886089617,0.504725554343875,0.5082813891362422,0.4951756781358092,0.48838040757954954,0.4876945349258053
0.5223826714801444,0.52729859505602,0.5205479452054794,0.5285408490902604,0.5417690417690417,0.5537417461482025,0.5575157515751575,0.560932218466465,0.5630450581395349,0.5740573696554212,0.6039478449837016,0.610744244154917,0.6355674709562109,0.6410810810810811,0.6515344107499546,0.6593076651359944,0.6802563646074417,0.6940664126292869,0.7032947462154943,0.7164285714285714,0.7269210480042202,0.7231352718078382,0.7296428571428571,0.7472426470588235,0.7368421052631579,0.7353890283255647,0.7378103232720129,0.7345020784384602,0.7276496034607065,0.7217501355993491,0.7151536812008578,0.7161846596012215,0.6908058217962372,0.6795550847457628,0.6728610855565778,0.6531760435571687,0.6544064093226512,0.630891950688905,0.6227534148094895,0.6022686990428926,0.5899475682516724,0.5844108541249317,0.5732054015636106,0.5593528449372841,0.5336631913765683,0.5451451092798281,0.5264005727581886,0.5231439462697405,0.5287782485875706,0.521509296390813,0.5237580993520519,0.5321266968325792,0.522398714974121,0.5389080355523308,0.5393359797906893,0.555496074232691,0.5492349234923493,0.5640842556229918,0.5762108262108262,0.5946531791907514,0.599315685215199,0.6149723065928175,0.6236656413967795,0.6417594064652888,0.6605206073752712,0.6776436150750091,0.6808823529411765,0.7045825031697156,0.7203283955024095,0.712440276057335,0.7309930883957803,0.726821485552207,0.7348322626695217,0.7308588847050386,0.7366432811656772,0.7369284022590635,0.735357917570499,0.7397756062251176,0.7331546023235032,0.71487826871055,0.7078181818181818,0.6979445933869526,0.689692390717755,0.6779230210602759,0.6683516880303304,0.6610744244154917,0.6268873931235219,0.6214453903278392,0.6005020620405236,0.6029888368743248,0.5845133536476071,0.5629764065335753,0.5698522868837872,0.5547419181996786,0.5425968923021969,0.5418666666666667,0.5259312065585457,0.5310918293564715,0.5226374416097737,0.5304047921582864
0.5431019096912368,0.5510459502950116,0.5449317038102085,0.5576957695769577,0.5633878798777199,0.5712741034420616,0.5735531266798065,0.5869142351900972,0.603316099126404,0.6004689754689755,0.6236006606716828,0.6268248175182481,0.6416477570256589,0.6563555555555556,0.6650632460359879,0.6931140430146394,0.686457399103139,0.717001828153565,0.7146520146520147,0.7309417040358744,0.7438784629133155,0.7366398243045388,0.742924103118803,0.7511032656663724,0.7550877192982456,0.7558744394618834,0.754006843147848,0.7554632472458009,0.7546933667083855,0.7409905911592402,0.7317746686303387,0.7269465374955149,0.7118735405065565,0.6952127659574469,0.6972069026863548,0.6916666666666667,0.6546345002720841,0.6431874777659196,0.6346949793053805,0.6408103668552656,0.611271676300578,0.6117397454031117,0.5969434726569692,0.5758336321262101,0.5803326631328825,0.5647912885662432,0.5635418533787417,0.5524802300503235,0.5605300859598854,0.5500452488687783,0.5575526506899056,0.545985401459854,0.5557356383936611,0.5710976478973628,0.5630614444843693,0.58207343412527,0.5796279893711249,0.594148267815473,0.5917710196779964,0.6104565537555229,0.6314643440391944,0.6442239546420978,0.6615356754798986,0.6669673462024175,0.6672566371681415,0.692555476020043,0.7024955436720143,0.7267305259352973,0.7270792693740025,0.7255978742249779,0.7358896255151407,0.7454902661189499,0.7468536497662711,0.7554553651938684,0.7485818847209516,0.7515616633946101,0.7598920863309353,0.7443110553664218,0.740139211136891,0.7366039102099927,0.719903988183161,0.7221623563218391,0.712961279767315,0.7030747229174115,0.6832676460050161,0.6655861696380335,0.6550442477876106,0.6460272011453114,0.6259364966107742,0.6317419825072886,0.6202600216684724,0.5963963963963964,0.589426523297491,0.5818181818181818,0.558552036199095,0.564056297365572,0.5589626774137024,0.5499010969250134,0.5541835606339846,0.5511994271392767
0.5873472322070453,0.5865891332000727,0.5777136675081139,0.5893212669683258,0.589009009009009,0.5978052604075945,0.5994189213727983,0.6167346215210069,0.6293072179905694,0.6369887803112558,0.6501941404871161,0.659460458240946,0.6657273687918281,0.6857142857142857,0.6945673332153601,0.6967391304347826,0.7218290691344583,0.7283151470316257,0.7314500268192383,0.7363201700017709,0.7447868610444731,0.7589285714285714,0.7581628991747399,0.7692307692307693,0.7693973294839408,0.7672444925966053,0.7759552992069214,0.7721063982746226,0.7637294720113015,0.7569070685324721,0.7454077883908891,0.7460175407195275,0.7344390939896558,0.7187163858013625,0.7056091461236156,0.7,0.676762114537445,0.6699340581001604,0.6595368569913381,0.6578001437814522,0.644479943201988,0.6299496040316774,0.6180642844316754,0.6049448594806118,0.604,0.6003983342386384,0.5865160480545096,0.5892442379846347,0.574585635359116,0.5798636037329504,0.5891611518511894,0.5715046132008517,0.5896877269426289,0.5886677425138963,0.5900868306801736,0.5911167976603912,0.5976404296531079,0.6242877492877493,0.6255699434616087,0.6374311926605505,0.6428311499272198,0.6637468716481945,0.6758893280632411,0.6860049982149232,0.689536567704562,0.7011615628299894,0.7265034209578682,0.7434944237918215,0.7380825801878433,0.7455779882079685,0.7480486476674533,0.7696457471677756,0.7586882908572447,0.7668524177602013,0.7700230864855265,0.7694787748522299,0.7624249044238122,0.7575702298431229,0.7498209169054442,0.7573787772312017,0.749113475177305,0.7328691828508611,0.7312968721419426,0.7191150442477876,0.7026400285408491,0.6933572710951525,0.6761343336906038,0.6688777339548225,0.6638150709865308,0.6394422310756972,0.6414168937329701,0.6239161849710982,0.6234736650264261,0.6084271703596077,0.5980530973451328,0.5973191333088506,0.5974025974025974,0.5988822787092122,0.5821111714647836,0.5979144574054436
0.607689569241723,0.6139485734413526,0.6079971438771867,0.6124617323969026,0.6041553748870822,0.6281839838739234,0.6296296296296297,0.6308360477741585,0.6582301202656614,0.6558942343004039,0.6690531591193842,0.6771244173538903,0.696322241681261,0.7110320284697509,0.7144140905823149,0.7198499195997856,0.7325022261798754,0.745477800109629,0.750534188034188,0.7685847033595425,0.7681793329688354,0.766407521243898,0.7775956284153005,0.7828746177370031,0.7705541470481709,0.7810245310245311,0.7763063707945598,0.7756410256410257,0.7682236376503893,0.7727597286683328,0.773704617553754,0.761148221700668,0.757653528872594,0.7383752487787226,0.7300868935553947,0.7224795154969719,0.7026494808449696,0.6962616822429907,0.6813823050479464,0.676246230264325,0.6694793536804309,0.650715968823636,0.6528395940893715,0.6385262028259703,0.6252661462029808,0.6239347234814143,0.6097080422711804,0.6111111111111112,0.6144112478031635,0.6010474986454759,0.6049360475589983,0.6052017937219731,0.6048632218844985,0.6058172733761599,0.6129733647399891,0.6307356154406409,0.6385821161382259,0.6377440347071583,0.6466380543633763,0.6735382974942242,0.6689010407479273,0.679786286731968,0.6973637335233345,0.7131488515102189,0.7255492558469171,0.729632945389436,0.7435760171306209,0.751330258957077,0.7547997805814591,0.7724075743913436,0.7677453960307528,0.7678829479768786,0.7807017543859649,0.7838372930165587,0.7836668469442942,0.7970629865534324,0.7770403587443946,0.7826009606831524,0.7684641395266062,0.7644732110751529,0.7594778254649499,0.7531760435571688,0.7442599788060756,0.7340272792534099,0.727388303668725,0.7037837837837838,0.7095846070850567,0.6904719501335708,0.6862355491329479,0.6667893284268629,0.6696186517260075,0.6569590852242273,0.6290524807451191,0.611904761904762,0.6049583785740138,0.6110906411201179,0.6239677004955038,0.6101604278074866,0.6115672322568875,0.6061036195883606
0.6344410876132931,0.6210545193687231,0.6416143497757848,0.6337029630976186,0.6441102756892231,0.6510483135824977,0.6656022707113713,0.6629233834450281,0.6827750320336812,0.6831935836675174,0.6774368231046931,0.699586256520957,0.702248185519561,0.7340904993690283,0.7312887915297553,0.7391700036403349,0.7556179775280899,0.7561332845111681,0.7700053947131811,0.7736248236953456,0.780875781948168,0.7763636363636364,0.7754578754578755,0.7996360327570519,0.7958115183246073,0.7952065820067966,0.7913027980752094,0.7954670078596234,0.7827187274041938,0.7870303468208093,0.7767484105358765,0.7686288458118442,0.7642882499112531,0.7589998226635928,0.7557056782910352,0.7399483585392844,0.7383414988205408,0.7144948755490483,0.7094582513856607,0.6839285714285714,0.6822362488728584,0.6648783977110158,0.6773561375378585,0.6669620701878767,0.6552767396333867,0.6463891853432941,0.6400706090026478,0.6339413447782547,0.6332482683193583,0.634059897217792,0.6220640569395017,0.6442715700141443,0.639671780235462,0.6400140894681225,0.6371111905613157,0.6635088358535253,0.660028198801551,0.6698231195283187,0.6710287168302436,0.6748554913294798,0.6971919155786085,0.7050741894119802,0.7172153264975715,0.7310517828346175,0.7329102447869447,0.74,0.751307484220018,0.7738658258889473,0.7726222222222222,0.7770964833183048,0.7801094890510949,0.7869642857142857,0.8017969451931716,0.7987938596491229,0.7966224804793899,0.7909401402121158,0.7951829047446577,0.7886323268206039,0.7838808113444624,0.7942826126289126,0.7824909747292419,0.7704683589560243,0.7635414792154039,0.7590447335590804,0.7476267239835214,0.7417995235477368,0.7255780605843342,0.718529251947111,0.6941956288068792,0.6861170592433976,0.6793217840029487,0.6734042553191489,0.6713793728475621,0.664349376114082,0.6574545454545454,0.6440950509201357,0.648272118690067,0.6340388007054674,0.6395159833845042,0.6374977400108479
0.6640245000900739,0.6574636480765691,0.6596310748492373,0.6615005283550546,0.6716363636363636,0.6708658623136976,0.6833544189409001,0.6861026649973171,0.7011578753905532,0.7116402116402116,0.7088721264367817,0.7294434470377019,0.7269134028027309,0.741216950380297,0.742327946250227,0.759761863071266,0.7760056707425128,0.772145144076841,0.7887349289184812,0.7951114306254493,0.799963924963925,0.8041181736794987,0.8075807036634023,0.8097925009100837,0.811046511627907,0.8031580836174412,0.7972539229671898,0.8148215586307356,0.8131076701476413,0.804174774456041,0.7928329470493849,0.775893508388038,0.7817952869221083,0.7762187443784854,0.7692998204667864,0.7596829400108088,0.7436629775080329,0.7371152469577666,0.7258920402561757,0.7151635640701247,0.7134125043660496,0.7081576535288726,0.7136167146974063,0.6812912430889959,0.6807305936073059,0.6677542142468733,0.6678401689843337,0.666304741223308,0.6652429257875067,0.6665475977853188,0.6554681915654038,0.656137832017229,0.6632031529917592,0.6704019921736037,0.6756275591952999,0.6788216274474582,0.6903135400245227,0.6960959885386819,0.7056116126748097,0.7157595161864105,0.7289383869229388,0.7338854879366222,0.7381383556682362,0.7480641094903656,0.7644934079826621,0.7687704026115343,0.775796866558617,0.7903458213256485,0.7969137992195814,0.8009478672985783,0.8078127879122904,0.8025352615604356,0.8037023460410557,0.8052622158582423,0.814069423929099,0.8161873156342183,0.8095495495495495,0.8043400286944046,0.804670528602462,0.798038503450781,0.7945791726105563,0.7935565154787617,0.7780787287829541,0.7676549865229111,0.7718264595607928,0.7597915918074021,0.7448648648648649,0.7294117647058823,0.7263007840342124,0.7055237391464991,0.7024002887565421,0.6881152023332118,0.6872029250457038,0.6767550143266475,0.6732954545454546,0.67258838159531,0.6825169824812299,0.6698162729658793,0.6585190510424155,0.6610695382369045
0.6913449673893883,0.6937920990351356,0.6993511175198269,0.6884278304417815,0.6989795918367347,0.7052744119743407,0.704004329004329,0.707321493294672,0.7127032338752903,0.7180304640453419,0.7345928099779897,0.7545957522755666,0.7499086591158203,0.7613636363636364,0.7674544470503337,0.784529390551749,0.7819371252044339,0.7929121174154287,0.8097728092318788,0.7999630587366088,0.8110137672090113,0.8322557471264368,0.8202554744525548,0.8310160427807487,0.8297448887280623,0.8177989379234573,0.8324472960586617,0.8155484956082976,0.820369030390738,0.8108856088560885,0.8116206833546501,0.8064923354373309,0.794180269694819,0.7972181551976574,0.789162031221963,0.7726459004654493,0.7650008955758553,0.7491809246450674,0.7458236033770433,0.7380779031670913,0.7299796560014795,0.7230992560333878,0.7153378751611121,0.712042818911686,0.7011743450767841,0.6968276856524874,0.6835944534485864,0.6911387770047601,0.6814143245693564,0.6963266761768901,0.6842105263157895,0.7015763725312557,0.6797420741536808,0.6984522326988081,0.6948248266050151,0.7075163398692811,0.7114596328640171,0.7098765432098766,0.7274729308129932,0.7308404294705665,0.7427079582283039,0.7514524328249819,0.7456803455723542,0.7480371163454675,0.7691892863562826,0.7801846590909091,0.7903458213256485,0.7958744394618834,0.8040772145047808,0.8003600360036004,0.8262726949092204,0.8126564175902753,0.8165829145728644,0.8215962441314554,0.8321364452423698,0.8290247816009984,0.8171164772727273,0.8218744177380287,0.8137931034482758,0.8100518690752996,0.8129917657822507,0.7945378911195514,0.7869533791109505,0.7917337627482555,0.7711576310610126,0.7729864575908767,0.7546528274874732,0.7537007312288211,0.746395097332372,0.7426083801922728,0.731259097525473,0.72799137621272,0.7183991307497284,0.7132352941176471,0.7073691705233179,0.6974667395662475,0.6852819311835705,0.6910263299301451,0.6833303682618751,0.6866317878405196
0.7142339731981167,0.7224556915768318,0.7235048173059444,0.7225875244357561,0.7185064346565162,0.7222222222222222,0.7341476558289923,0.7388523716468289,0.7367472051929318,0.7343892226470052,0.761852662290299,0.762564375776949,0.7735035053028941,0.776181067001976,0.7922566768238035,0.7994951316263974,0.8078486830475518,0.814394610884595,0.8141450313339301,0.8267025089605735,0.8199144994656217,0.8310895709926405,0.8301683984235041,0.8309424368984928,0.842416636787379,0.8210010881392819,0.8262987012987013,0.8376888888888889,0.8296004300304605,0.8294713975380159,0.8247893258426966,0.8134892086330935,0.8229946524064171,0.799044819985305,0.8014705882352942,0.7914372002131818,0.783374866500534,0.7836704938946601,0.7699572344975053,0.762016624503072,0.763339382940109,0.7506238859180036,0.7309983751579707,0.739476061427281,0.7242309767943875,0.7142341692224428,0.7284195350513606,0.7162648434688736,0.7159985683607731,0.7163435888315846,0.7227937195452084,0.7227722772277227,0.7175348495964784,0.7251826768846907,0.7307760296977196,0.7268336314847943,0.7373032904148784,0.7503566333808844,0.757179207560887,0.7478662873399715,0.7670668339007346,0.7608183957993844,0.7839727500896378,0.7869124423963134,0.7960970271749043,0.7970729966089595,0.8114739310842504,0.8100440528634362,0.8125112673517216,0.8208604483007954,0.8288482238966631,0.8284142988084326,0.8327414772727273,0.8338692390139335,0.8292247231153984,0.8387443946188341,0.8324205914567361,0.8349619978284474,0.8315938439766496,0.815893563466379,0.8203025332604338,0.8164027753068849,0.8192,0.7990753911806543,0.7931838565022421,0.7844780470030971,0.7774176121015667,0.7778767367296046,0.7734007950849295,0.7592626061810952,0.7492816091954023,0.7462473195139385,0.7324875896304468,0.7348185411426518,0.727191732002851,0.7267837934743636,0.7228937398520656,0.7224685227877283,0.7167567567567568,0.7232726630146669
0.7393100970176069,0.7509881422924901,0.7333818976507012,0.7464607464607464,0.7621209369892864,0.7471039030475851,0.747134670487106,0.7596391934913336,0.7627057334056792,0.7784162327168253,0.7839857651245552,0.7784888888888889,0.7900905700586042,0.807118461261909,0.8047938986744144,0.8088100895631511,0.8197674418604651,0.8263473053892215,0.8354226361031518,0.8407079646017699,0.841331680538339,0.839078374455733,0.851985559566787,0.8495655322230268,0.8558802308802309,0.850647016534867,0.8486084027654671,0.8471869328493647,0.8454097784030953,0.8491007194244604,0.8364101626759276,0.8239587041651834,0.8185506177392587,0.8322171945701358,0.8155411655874191,0.8127409583256838,0.8022197962154294,0.7947774917248989,0.7866071428571428,0.7795275590551181,0.7806779046583288,0.7681711074859525,0.7657258808337944,0.7540661304736371,0.7619215824796891,0.7403100775193798,0.7509320078111131,0.7457221711131554,0.7364828453386025,0.7406537836373488,0.7313379011900469,0.7316623663840767,0.7529682792840687,0.7418497519489724,0.7490669984005687,0.7598920863309353,0.7491803278688525,0.7660525845108209,0.7628451270799049,0.7696680726205758,0.7787203958996112,0.7902648532569793,0.8044813877846043,0.8008246683399067,0.8096446700507615,0.8198456845505114,0.8173755656108598,0.8327292497281624,0.828310502283105,0.8409913169319826,0.8429602888086642,0.8490739042728773,0.8392149801944544,0.848153460021513,0.8378040057224606,0.8536497662711255,0.8469406064956038,0.8436235708003518,0.8412755934046022,0.8394015861571738,0.8319494584837546,0.8194493469819979,0.8292639138240574,0.8143140436271858,0.8193407393917319,0.8107867568529726,0.7951086956521739,0.7930785868781542,0.7914623069936422,0.7762947143619862,0.7774750227066304,0.7658250355618776,0.7560106856634016,0.757748485928037,0.7507709051333212,0.746950664482068,0.7524098536237058,0.7324474771054049,0.735235687195232,0.7367372804635162
0.7725461789206809,0.7596519847743338,0.76698670605613,0.7671109510086456,0.7735104091888011,0.770837051579511,0.7700052994170641,0.7847309136420526,0.797463768115942,0.7923585074093912,0.8044773424805922,0.7987683390690092,0.7993607954545454,0.8186153302719887,0.8224116497957734,0.8219661772904665,0.8313018901254196,0.841726618705036,0.8401084010840109,0.8452422446845591,0.8606856309263311,0.854633446854275,0.8580303307144163,0.8515244452462566,0.8585313174946004,0.8582959641255605,0.8621373220400073,0.8532880629020729,0.8601244965214208,0.8528731542430172,0.8515179392824287,0.8518650088809947,0.8471052159885284,0.8391257613758509,0.8265197298258088,0.825062034739454,0.809004824012864,0.8123198847262247,0.8161023054755043,0.7983056957462149,0.805032585083273,0.7813626532083634,0.7774779636625292,0.7817194570135747,0.7766606822262119,0.7603587443946188,0.7599032917984005,0.7692988668555241,0.7682771194165907,0.7717902350813743,0.7644628099173554,0.7795047894451473,0.7610441767068273,0.7695660069003087,0.7693826274228285,0.7681818181818182,0.7785091620708059,0.7792278412180533,0.7921081476068689,0.7974153622133237,0.8096980786825252,0.8077265444187288,0.8106822754710079,0.817070946562101,0.8327638913864412,0.8344394618834081,0.8267932104398613,0.8475775721284703,0.846295954184371,0.8516035513680015,0.8496720116618076,0.8505136379737868,0.8624667258207631,0.8549222797927462,0.8675700090334236,0.8599601954043785,0.8564204442839083,0.862260433458714,0.8599530770619022,0.8531053733426378,0.851963746223565,0.8510871551251599,0.84125,0.8338455975411319,0.8306392358559882,0.8248937677053825,0.8187667560321715,0.8055258467023173,0.7941437444543035,0.8009976839479779,0.7864806866952789,0.7828634199926767,0.7823824901327593,0.7715005397625045,0.7750540735400144,0.7743544078361532,0.7620422154068194,0.7640922401171303,0.7720326936744847,0.7714584787159805
0.7870571221981201,0.7917714696370823,0.78388928317956,0.7951158197162865,0.790999099909991,0.7953026196928636,0.7927461139896373,0.8088872832369942,0.8025913262551737,0.8075870873609338,0.8201164059658057,0.8223072717331875,0.8290322580645161,0.8326313861930049,0.8334240609689711,0.839521379553053,0.8505850585058505,0.8566365408470672,0.8598646723646723,0.85834376676802,0.865642308379489,0.8647667453258304,0.8683083511777302,0.866966696669667,0.8822064056939501,0.8707251566696509,0.8595100864553314,0.8774240761068423,0.8697208303507517,0.8765656198947177,0.8651179542589591,0.8633236784938451,0.8488288288288288,0.8628560993425858,0.8510137581462708,0.8438681793625068,0.8451343500363108,0.8311431143114312,0.8243955644428286,0.8241335044929397,0.8208762886597938,0.8187556357078449,0.8019203413940256,0.8045479155387114,0.7977085571070534,0.7988058621313552,0.788205221836772,0.7888909057905246,0.783273381294964,0.792510302813116,0.7854979511847497,0.7877055039313795,0.8009613672779063,0.782174688057041,0.8050462878925395,0.7857779361967564,0.8055002713949702,0.8092307692307692,0.8015156983038614,0.8080500894454383,0.8233581953792978,0.8284830847580938,0.8316038594574914,0.8240188099113763,0.8356286889644071,0.8503922967189729,0.8507246376811595,0.8526713437668646,0.8552819414703783,0.873050417120058,0.8652173913043478,0.8693036820998906,0.874933569530558,0.87001638448935,0.870456165359943,0.8711238573221007,0.8694638694638694,0.871464829586657,0.8674463937621832,0.8694419840566874,0.8548884454924723,0.8596745027124774,0.8456603101051506,0.8421238938053097,0.8492758805649919,0.8387154646573376,0.8290164825212823,0.8293650793650794,0.8276545880656211,0.8188115202333212,0.8095487932843651,0.8220053238686779,0.8022037572254336,0.7963266048372432,0.7919813016900396,0.7835685848715165,0.7812786224583257,0.7996028163928507,0.7869205892921308,0.7790025298156849
0.8096026490066225,0.8074456715354471,0.8100740205813324,0.8066176470588236,0.813991619602842,0.8176962791525726,0.8194241982507289,0.8250728862973761,0.8222060957910015,0.8263647982472156,0.8225031155421043,0.8385228095582911,0.8339369793553061,0.8462794918330309,0.8469423824673029,0.8561228132809711,0.863765541740675,0.8652980370970647,0.8636935802913145,0.8772117962466488,0.8772277227722772,0.8783956244302643,0.8782906599350884,0.8734950584007187,0.8804190751445087,0.8830536004331349,0.8870188003581021,0.8811917382562603,0.879231311706629,0.8789132781576107,0.8780309936189608,0.8711555959963603,0.8733882521489972,0.8631732168850073,0.8526052819414703,0.854098952690502,0.8541592288468404,0.850397973950796,0.8415409776485553,0.8396107406739953,0.8343514193316565,0.8236462093862816,0.8249361080686382,0.8231517152815997,0.8179533213644524,0.8170266836086404,0.8164488017429193,0.8076166636867513,0.8196196907766128,0.7984283625730995,0.8174646853788295,0.8029443064916637,0.8114605929139552,0.8044813877846043,0.806405945850292,0.8167120799273387,0.8338546458141675,0.8245550961711307,0.8314465408805032,0.8348706818592874,0.8310485364949981,0.834178131788559,0.8491034972483579,0.8486583184257603,0.8659849300322928,0.860789283128168,0.8634111818825194,0.87,0.869117385899485,0.8787549764748461,0.8771898462638541,0.8815719596388741,0.8794890781192151,0.8837631674536869,0.8885321919029784,0.8810085253038273,0.8810172570390554,0.8758111031002163,0.8828110849483789,0.8730273898059133,0.8738300935925126,0.8738738738738738,0.8669634906500445,0.8576785714285714,0.854674427064387,0.8503025987896048,0.8448644793152639,0.8485827054180122,0.8380712486505938,0.8336302101888137,0.8302669552669553,0.8187321937321937,0.8225367446924333,0.8202206547296075,0.8154530294608116,0.8166485310119695,0.8076163104005748,0.8134057971014492,0.8059352517985612,0.8090602770497941
0.8399001604564094,0.8279491833030853,0.8365575845235943,0.8376099048986183,0.8391406391045315,0.8399357601713062,0.8380697050938338,0.839445356686736,0.84680928208847,0.8499267935578331,0.8590276522682089,0.8532076839434578,0.8592037983929875,0.8605520926090828,0.8690736688548505,0.8724389809371103,0.881667576916075,0.8823949955317247,0.8858366036389582,0.8885170834800986,0.8870939108823007,0.890625,0.8980741279069767,0.8956583884223691,0.893525949705725,0.8900702829338619,0.8953989935298347,0.8932664756446992,0.8962264150943396,0.8933528122717312,0.8838181818181818,0.8845868840311226,0.8839078406858367,0.8789707187222715,0.874778917580474,0.8668232743043007,0.8632432432432432,0.8621247528312062,0.8605362605722512,0.8458197611292074,0.8475675675675676,0.8500814774579033,0.8436891485218623,0.8361959862592659,0.838737949167397,0.8297448887280623,0.8355765732993816,0.8309037900874635,0.8346146969426068,0.8344253585974853,0.8382754229579771,0.8247366509262622,0.8345388788426763,0.8361641896673744,0.8319434372733865,0.8424821002386634,0.8436760691537761,0.843236409608091,0.849591280653951,0.8542596892302197,0.8519053639154777,0.850109011627907,0.8580985915492958,0.8691239316239316,0.8698543951105518,0.8724892395982783,0.8794096472282218,0.8746594005449592,0.8868672311295263,0.8899782135076253,0.887628111273792,0.8860075634792004,0.8907503118873641,0.887775192410954,0.888124547429399,0.8961177096259528,0.8977688368690563,0.8886501969208737,0.890999467424108,0.8859726901932967,0.8779267202859696,0.8849290780141844,0.8787987129066858,0.8745916515426497,0.8741182854042322,0.8655492803789397,0.8624662466246624,0.8642664266426643,0.8548704200178731,0.848609865470852,0.8472271914132379,0.8481447963800905,0.8483806766781256,0.8387968299711815,0.832735104091888,0.8418788096091789,0.8358918128654971,0.8321966977745873,0.8313767342582711,0.8280765724703737
0.8531731803513805,0.8416338230025081,0.8540880503144654,0.8466168156118913,0.8484517304189435,0.852893746640387,0.8508848782197301,0.858276235124414,0.8577617328519855,0.8655043586550436,0.8649848996269319,0.8729671123960968,0.8706467661691543,0.8844968268359021,0.8815506101938263,0.8933236574746009,0.8875962054770001,0.899434203321774,0.8906852838508176,0.8958938953488372,0.895656779661017,0.8979887660808118,0.899671052631579,0.9094176851186196,0.90465032444124,0.9037091174858396,0.9099797085408596,0.9106115107913669,0.901483997854461,0.8975188781014024,0.8917591413498271,0.8903642562354208,0.892438188052698,0.8917059036580949,0.8860894251242015,0.8861146039159332,0.88647474198805,0.8717395214966721,0.875534188034188,0.8649415101028004,0.8622096116332683,0.8656582027732757,0.8606303516123155,0.8597845601436266,0.861141403126136,0.8514150943396226,0.850126857557086,0.8413780728512471,0.8455020731927168,0.8459153902261123,0.8433387416621597,0.8512646954043462,0.8520773638968482,0.8509077571978727,0.8457010346057795,0.8616249546608633,0.8604984758830913,0.8534068671054973,0.8648502345723565,0.8687258687258688,0.8718274111675127,0.8773006134969326,0.8815028901734104,0.8833712187445357,0.8841077562827698,0.8896290961469211,0.8935534867380994,0.9017872942841975,0.8954910870325061,0.8967578337257743,0.9019143117593437,0.9022230254834629,0.8979518505210204,0.9066330209084354,0.9150233058443886,0.908458244111349,0.8981017191977078,0.8963133640552995,0.9104690565364723,0.8918196399928712,0.9002647837599294,0.8947838513754912,0.8982068465857634,0.884963768115942,0.8840738709087584,0.8812488720447572,0.8803046789989118,0.863799928031666,0.8569636135508155,0.8665338645418327,0.865929755749688,0.8628126132656759,0.8550801197393907,0.8509396095602992,0.858652812611967,0.8597227289310471,0.8505395683453237,0.8538640846333154,0.8595130748422002,0.8489677653024267
0.8695255474452555,0.8671889233011477,0.864335408275357,0.8675305975521959,0.8758533956162414,0.8727658821447531,0.8776092774308653,0.876762497711042,0.8818883503859272,0.8743645606390704,0.8772530641672674,0.8882032667876588,0.8953700328107911,0.8960901725959844,0.8984005816066885,0.8973764054970551,0.9018194919834264,0.9001610305958132,0.9086050240513095,0.9015810978859478,0.9112585155969881,0.9073436083408885,0.9116279069767442,0.9149425287356322,0.9170456612697835,0.9103833003419111,0.9125468499018383,0.9113831536634387,0.9133012226750649,0.9062901155327343,0.9055303717135086,0.9058383766464934,0.9102728438015015,0.899820788530466,0.9023131672597865,0.8903121053581093,0.9018993177208188,0.8851963746223565,0.8911231884057971,0.887243532560214,0.8839728290802277,0.8799787573021773,0.8741589379887252,0.8725438130642592,0.8752224991100036,0.8725472547254726,0.871053565094005,0.8670840787119857,0.869667816300599,0.8689372325249644,0.8613342647572476,0.8616908383445349,0.8691990682673356,0.8766952177016417,0.8613607188703466,0.8808280828082808,0.8693036820998906,0.8807712718910313,0.8827227011494253,0.8842778793418647,0.8810085253038273,0.8842181554629461,0.8919268427858859,0.8931052912880812,0.8971781305114639,0.8998028320487542,0.8983236151603499,0.9028842643300474,0.9060783595752472,0.9117433852845234,0.9098651525904897,0.9162517780938834,0.9042118357917185,0.9118229260392298,0.9119813184839232,0.9090909090909091,0.9136404697380307,0.9067599067599068,0.9081393250315828,0.9130434782608695,0.9115793264901855,0.9054878048780488,0.8959227467811158,0.9014559659090909,0.8968296614723267,0.8932125088841507,0.8929401251117068,0.8869611876229655,0.8850210970464135,0.8763642869923063,0.8789380530973452,0.8836229594523434,0.8818953323903819,0.8745254022780691,0.8667158944064981,0.8764268889291539,0.8759371652981078,0.872060372060372,0.8642245307089484,0.8648987636624261
0.8817966903073287,0.8851952770208901,0.876768762314168,0.8803542382071209,0.8892525913802509,0.8826512133285042,0.884566210045662,0.8888300688194812,0.8907153179190751,0.8948986975397974,0.898604486839781,0.8961962317810167,0.897023918203396,0.9045083422080227,0.9047879118878572,0.910842939481268,0.9101002865329513,0.9142342342342342,0.9138405132905592,0.9167264895908112,0.9158316633266533,0.9225619685181835,0.91796875,0.9271678384712457,0.9236516034985423,0.9167717528373266,0.9146588192017657,0.9211858279103399,0.9135385162782423,0.9191229331416247,0.9159814086521273,0.9113832853025937,0.9202693125442948,0.9110402268297005,0.9119429590017826,0.8997103548153512,0.9047969123322919,0.8996775349337155,0.9014760803841366,0.8936246418338109,0.8968224981738495,0.8999117387466902,0.8892689953186892,0.8857968919407301,0.8876772082878953,0.8773328501540134,0.8847590254312645,0.8850636542944236,0.8872313976203161,0.8830796777081468,0.882417182380779,0.8924183924183924,0.881767955801105,0.8920994879297732,0.8953929539295393,0.891042900735954,0.8895390070921986,0.8931793576326236,0.8911785972523499,0.89571201694018,0.8946336245320021,0.9042784626540972,0.9037649219467401,0.9058137480120163,0.9006077940650697,0.9095860566448801,0.9151493724589005,0.9150266691189994,0.9244468429573665,0.9180416068866571,0.9120760811053292,0.9201995012468828,0.9131371141421393,0.9161447459986082,0.920617816091954,0.9214809515292435,0.9204089083607155,0.9162614802809292,0.9179913294797688,0.9196380090497738,0.9199122325836533,0.9106036466631262,0.9169630156472262,0.9062272396212673,0.9055994256999282,0.9066404855408783,0.8986281845715304,0.9022978107472408,0.8976263815908679,0.8953509571558796,0.8903074986513217,0.9010435408420295,0.8868364418938307,0.8847782072519786,0.8782954135066812,0.8867058391479985,0.8852218555188852,0.8787398803238297,0.8881652400446595,0.8819194823867721
0.9020136641495865,0.9023705004389816,0.9023951017468035,0.9081234480312167,0.8947462473195139,0.8986928104575164,0.9057354803690971,0.9051134317608931,0.9046759342841668,0.9065706570657066,0.9085110260616002,0.9172932330827067,0.907703488372093,0.9187772925764193,0.920138257231217,0.9181026825368627,0.9227764956506302,0.918807994289793,0.9228428213390619,0.9297513160283173,0.9267672178811557,0.926378098409175,0.9302367288378766,0.9279869067103109,0.9303956834532374,0.9327512539476128,0.9292604501607717,0.9198994252873564,0.924,0.9269073448337186,0.9250324735572463,0.9236186348862405,0.920588769761948,0.9241452991452992,0.9162640901771336,0.9165045108791792,0.9150926095727123,0.9136974037600716,0.9088768115942029,0.9091560652212866,0.9077872572154656,0.9042299945065007,0.9092206170857856,0.902491485929378,0.9007404795486601,0.9005847953216374,0.9031571479247961,0.8973363908978655,0.9003656307129799,0.9016184760865612,0.8936326831063673,0.9023019757114373,0.9058697208303508,0.8965022421524663,0.9003519170216707,0.9001967447683777,0.903278097982709,0.9072239236173663,0.9108640174990886,0.906395975565936,0.9060028756290438,0.9099804305283757,0.9129102055535521,0.9172426014531277,0.9172513041914013,0.9247568361167187,0.9310283687943263,0.9231320551872424,0.9149812063719348,0.9262012692656392,0.9248809087577867,0.9275106082036775,0.9292947558770344,0.9286346732778467,0.923923006416132,0.925645190398845,0.927089072543618,0.9291338582677166,0.9262250942380184,0.9273763559477846,0.9199565374864179,0.920460680223142,0.9193286410395235,0.9236918604651163,0.9204849349260118,0.9160086145010768,0.914987628137151,0.9093862815884477,0.9085784745464154,0.9014946875562759,0.9134458356015243,0.9083557951482479,0.9025725232621784,0.8995293265749457,0.8987227918690412,0.9005179496338632,0.9016305321626948,0.8993779729235273,0.8937590187590188,0.8970901348474095
0.9124864669794298,0.9100433526011561,0.9088579795021962,0.9143114311431143,0.9144385026737968,0.9204052098408104,0.9062901155327343,0.9205834683954619,0.9161697649947387,0.9121353979114152,0.9256123919308358,0.9200994318181818,0.9187020859333215,0.9233668341708543,0.9232708933717579,0.9204463642908567,0.9231171548117155,0.9279180387852177,0.9343353014850599,0.9308118081180812,0.9274120007295277,0.9293478260869565,0.94009382894262,0.9351351351351351,0.9249456127628717,0.9357847533632287,0.9358764759309719,0.931077694235589,0.9385424220449601,0.934030281182408,0.9342499559316059,0.9358090185676392,0.9344708658558722,0.9261878853826623,0.9287241625089094,0.9296777639309239,0.9219224584598892,0.9279883910756394,0.9248750892219842,0.9201575366988901,0.9184224743381956,0.9190008920606602,0.9185224460940261,0.9135358619449937,0.912410071942446,0.9150279631968248,0.9115412445730825,0.9126041482006736,0.9179304192685103,0.9166816627676804,0.9077284218129289,0.9149242970439798,0.9062671295450393,0.9116406966086159,0.910563253554076,0.9114932126696833,0.9108450955869216,0.9120043454644216,0.9176470588235294,0.9211946743432889,0.9239929947460596,0.9184295446396558,0.9252790781418797,0.9196158634181042,0.9301866475233309,0.9263858891288697,0.9285585747705597,0.9276848354020507,0.9280975434821589,0.936002860207365,0.9344174410293067,0.9375112877009211,0.9332250496300307,0.9354602126879354,0.9362047215714543,0.9333946642134314,0.9368440101339124,0.9332129963898917,0.9362194904685551,0.9310722100656456,0.9310035842293907,0.925524222704266,0.931597285897671,0.9253837915030346,0.9197949093572606,0.9236475483987697,0.9259594496741491,0.923399598759803,0.9193140794223826,0.9142705005324814,0.9168458781362007,0.9174695509907289,0.9187735341581496,0.9140937159462404,0.9145161290322581,0.9095468386172308,0.9106271777003484,0.9057723431037583,0.9121621621621622,0.905940594059406
0.9174524106030956,0.9251688588695343,0.9249471458773785,0.9254291845493562,0.9224231464737794,0.9226245175519207,0.9213503321960854,0.9260861727059672,0.927344309234073,0.9289736603088101,0.9234234234234234,0.9314739564093092,0.9298020527859238,0.9343692870201097,0.9316849816849817,0.9314516129032258,0.9386448515027566,0.9350861287398006,0.9343887423043096,0.9366588910820025,0.9383211678832116,0.9400251391632249,0.941439028744867,0.9334412664148228,0.9369980367660182,0.9401176260916058,0.9416137805983681,0.9441542064492884,0.9410402565016032,0.9371182177506289,0.9350672971989814,0.939585211902615,0.9440621139932945,0.9360168746704166,0.9379209903513562,0.9333333333333333,0.9332040888262249,0.9331516802906449,0.9349748569446853,0.9288423333935344,0.9299211153916712,0.9325842696629213,0.9268378473443546,0.9231044990141603,0.9280963508898077,0.9255746078073696,0.9319764327798608,0.9232587743226041,0.929680683999302,0.9275129441171219,0.920595088725578,0.9227947598253275,0.9233784746970777,0.9253919625157686,0.9235622859203173,0.9259989249238487,0.9229659029406458,0.9298119964189794,0.9340896812533765,0.9245865891332,0.9329181494661922,0.9319333816075308,0.9294245385450597,0.9287518037518038,0.9336211548839719,0.9306737588652483,0.9365638766519824,0.9367744240042865,0.9328519855595668,0.941733690795353,0.9423213021939136,0.9394858978936095,0.9388373751783167,0.943001443001443,0.9412513641324118,0.9351419331656485,0.9342269883824844,0.9435310936383131,0.9435542607428987,0.9388968997837058,0.9297963558413719,0.9377341659232827,0.9378893041466453,0.9355251141552512,0.9374774123599566,0.9340010731532821,0.9341799320336255,0.9364255014326648,0.92739921512665,0.9345658872575675,0.927693677649154,0.9272989022854058,0.9249232990434939,0.9245750708215298,0.9224820143884892,0.9254346657107009,0.9249776186213071,0.9254680967096891,0.9269773254775933,0.921468823850209
0.9305408271474019,0.9281729428172942,0.9245980410275365,0.9340138534451331,0.9356005788712012,0.9349260117668033,0.9337305886601661,0.9307109346806207,0.9293292573278188,0.9366906474820144,0.9411235145840835,0.937819110138585,0.9360263205995247,0.9376581134803036,0.9438343834383438,0.9395220588235295,0.9386413440467495,0.9380738073807381,0.9413437611091362,0.9440608957337582,0.9454937938478144,0.9405191059841385,0.9477977161500816,0.9468834688346883,0.9491253123884327,0.9447622452627815,0.9510174680352962,0.9460196292257361,0.9443420567637302,0.9437532854389347,0.9409976756660111,0.9441716675759229,0.9390065741417093,0.9450009105809506,0.9403011514614703,0.9388949871935602,0.9373326191751473,0.9356169296987088,0.9392690791830886,0.9337284482758621,0.9389258128255793,0.9366998577524893,0.9330007127583749,0.9334648493543759,0.935647143890094,0.9314658210007047,0.932191031717098,0.9335859953077061,0.932695777697582,0.9327249955269279,0.9300249910746162,0.937222123421661,0.937169078715143,0.9319839533187454,0.9295671313279531,0.9331755280407866,0.9406215316315205,0.9315093314006161,0.9325640100973674,0.9349755479079876,0.9340460228302229,0.9376235843969082,0.9409448818897638,0.9419949403686303,0.9414912593649661,0.9490411931818182,0.9394858978936095,0.9470577714183509,0.9463992707383774,0.9442956614890198,0.9390622149242839,0.9394261424017003,0.9426980420334111,0.9456303594234629,0.943081991215227,0.9485307212822796,0.9488481770360965,0.9416175682913765,0.9482666666666667,0.9402742692168892,0.9458207093209766,0.9456874774449657,0.9439202421221292,0.9457054657708371,0.9424977538185085,0.938544474393531,0.9418938307030129,0.9364590876176684,0.9421367676401233,0.9377168949771689,0.935821164593474,0.9369179406079775,0.9328358208955224,0.9380010689470871,0.9325903289591947,0.9328846853401237,0.9377328366152209,0.9367785473272954,0.9315960912052117,0.928142623249045
0.943001443001443,0.9447115384615384,0.9451416278235927,0.941944591494618,0.9451806135414775,0.9416137805983681,0.9392959770114943,0.9434750999636495,0.9430447125621008,0.946236559139785,0.9429081177520071,0.9425582675720315,0.9402905740609497,0.9483408071748879,0.9428725896557938,0.9452567760342369,0.9471485652015983,0.9495559502664298,0.9465431218816821,0.9483651956405217,0.9525467204104068,0.949215965787598,0.9454710144927536,0.9543493889288281,0.9450945094509451,0.9523202911737944,0.945773233522001,0.9506718528995757,0.9485559566787004,0.9540188269370021,0.9466374269005848,0.9543759985797976,0.9466787989080983,0.9479674796747968,0.946924870001793,0.9418372893640152,0.946178686759957,0.9493003816100309,0.9462422634836428,0.9401513817989791,0.9441171219425103,0.9430346051464064,0.938414851838629,0.9422285816490789,0.9440937781785392,0.942820606503471,0.9445636623748211,0.9464544138929089,0.9400034983382893,0.9386011745862253,0.9361663977048592,0.9397220718281899,0.941733690795353,0.944424064563463,0.9420368364030336,0.9478885893980233,0.9398867166088068,0.945834083138384,0.9436131386861314,0.9469153515064562,0.9475958941112912,0.9420289855072463,0.9422939068100359,0.9526790646289818,0.9424628069546513,0.9482758620689655,0.9474347434743474,0.9543247617335011,0.9427036705461056,0.9520658200679664,0.9477652127086699,0.9528065784769396,0.9474740105781506,0.9526552655265527,0.9556686046511628,0.9524238601549829,0.9523725212464589,0.9472448057813911,0.9444345184920493,0.9470672389127325,0.9518464880521361,0.9500090236419418,0.9452252252252252,0.9415152060464279,0.9473588673080414,0.9457974729902948,0.9458029197080292,0.9452079243262538,0.9474154891790377,0.9475913181577554,0.943764413695228,0.9434203321774046,0.9405600722673894,0.9454739843193157,0.9386175115207374,0.9379056305911244,0.9387902933719667,0.94140764558771,0.9477301501175619,0.9445347786811201
0.9495633576902512,0.9506718528995757,0.9521762493283181,0.9473588342440802,0.9421678197622849,0.9483474805851544,0.9512635379061372,0.9530273263082694,0.949236776712815,0.9486476608187134,0.9515835456862032,0.9456204379562044,0.9549418604651163,0.9503870513722731,0.949238578680203,0.948594806118819,0.9527516292541637,0.9516215731947679,0.9532590834398393,0.9519092219020173,0.9529070820503532,0.9480211563012949,0.9535175879396985,0.9528594920518911,0.9517180616740089,0.9522622016387603,0.9576833422987269,0.9521034419959934,0.9530533651201174,0.95278125558934,0.9498291674159324,0.956381837683232,0.9501999272991639,0.9525706010137581,0.9526616648803145,0.9551861221539574,0.9473589001447178,0.9476402493321461,0.9493873201917954,0.9514545454545454,0.9488167308750688,0.9487179487179487,0.9476372924648787,0.9473026080743122,0.9488413547237077,0.9520426287744227,0.9489908256880734,0.94375,0.9461045891141943,0.9469218270445929,0.9481454807346057,0.9471309996391194,0.9463898916967509,0.9450153235983414,0.949480211563013,0.9452325372598313,0.9486995515695067,0.9477087952697709,0.9460494256874348,0.9528217909916326,0.9501088534107403,0.9526870201749688,0.9460102489019033,0.9503647037893613,0.9498285508031041,0.9496258441321409,0.9508696431773355,0.9538263428991905,0.9498370155740674,0.9525885558583106,0.9522220270507641,0.954817637452368,0.9497708524289643,0.9507479022254651,0.9541334300217549,0.9451484431571325,0.9559424409308935,0.9570375696566601,0.9525339043540328,0.9515394425214064,0.952544828835356,0.9491794600317628,0.952,0.9482980680772769,0.9493967224923465,0.9466885007278021,0.9512628957666311,0.9547900968783638,0.9451682953311618,0.949435180204411,0.9429761042722665,0.9534464092385421,0.9484702093397746,0.943429374560787,0.9478511059162021,0.9484536082474226,0.943754565376187,0.9424563927351196,0.9499015924136697,0.9454644610070896
0.9553012694439478,0.951089845826688,0.9549661801352795,0.9470327723649247,0.9474243228890069,0.9523894119737076,0.9492269852424455,0.9513876292399782,0.9507753335737469,0.952728600109509,0.9536471433704635,0.9569578697793178,0.9535386277687736,0.9470974613882478,0.9537154221659736,0.9549402823018458,0.9550017927572607,0.9525276318173582,0.9567537725432462,0.9506352087114338,0.9529326574945691,0.9541577825159915,0.9558720112517581,0.9572096368212873,0.9542040666788789,0.9599855803893295,0.954440702003191,0.9535834963542593,0.9557761732851986,0.9548053864600627,0.9581945985941547,0.961864406779661,0.9544554455445544,0.9543346414555833,0.9575240515520058,0.9533715925394548,0.9491158426560808,0.955490160014714,0.9519349708429051,0.957258791704238,0.9530440992679878,0.9519487453283503,0.9522497704315886,0.9503507825148408,0.9484705025491624,0.9526893326137794,0.9550356424785231,0.9511325129302658,0.9524318546231961,0.9543636363636364,0.9453881278538813,0.9504088162104515,0.9497176170522864,0.9520301832554797,0.9496608354159228,0.9512975471027373,0.9504072398190045,0.9557990867579909,0.9570885388375883,0.9556350626118068,0.9587775408670931,0.9527672615828375,0.9555757026291931,0.9563062236093263,0.9565530917613124,0.9511150758251561,0.9509136510211393,0.9500459136822773,0.9577082956804627,0.9569369369369369,0.9488005728607233,0.951037786056413,0.9584756426388639,0.9559352517985612,0.9569759206798867,0.95216240070609,0.9525350593311759,0.9484815618221258,0.9516479536399856,0.9533605249157652,0.9550763701707098,0.9548123109766945,0.9546690843155031,0.9538270289469011,0.9508255563531945,0.9593023255813954,0.9499459848757652,0.9560359040117238,0.9541711421410669,0.949522264287002,0.9530116110304789,0.9590958019375673,0.9505484625067434,0.9543478260869566,0.9535714285714286,0.9496956677407805,0.9474066013783098,0.9535390199637024,0.9520115460941728,0.9505544446464279
0.9559692142473599,0.955325232308792,0.9572173287794356,0.9569386647367468,0.9518900343642611,0.9584859584859585,0.9606427152915689,0.9529115744069016,0.9526152724621834,0.9530970282849982,0.9576700434153401,0.9600650524033248,0.9570200573065902,0.9571738344777737,0.9566908255258971,0.9516572056399927,0.9524493091692087,0.9510840351191543,0.9581894201054354,0.955110007097232,0.9528861715518792,0.954578488372093,0.9545209419378033,0.9602044541803578,0.9597135183527306,0.9554988145175999,0.9522507745580463,0.961799357372367,0.9544709524676743,0.9568153545406077,0.9563636363636364,0.9567912488605287,0.9597826086956521,0.9563106796116505,0.954610692500897,0.9582362430543108,0.9531560860915175,0.9556407447973713,0.9561278863232682,0.9536411753969702,0.9570921985815602,0.9513661202185792,0.9577414134148534,0.9514301133297356,0.9572770785321751,0.952021563342318,0.9578066583585544,0.9501607717041801,0.9584687612856627,0.9589939857845817,0.9514492753623188,0.9505494505494505,0.9599706206390011,0.9530970282849982,0.9577669023019757,0.956374038977293,0.9562921143689674,0.9533039647577093,0.9537456920007256,0.953136136849608,0.95746962115797,0.953262628078375,0.9584438549955792,0.9513435003631082,0.9549135075450865,0.9505464970435406,0.9551625580564488,0.9601865136298422,0.9581085940309241,0.9556916426512968,0.9543968023255814,0.9563577586206896,0.9566596194503171,0.9580057183702645,0.9588798298475718,0.9591910436980859,0.9586083853702052,0.9554825761722313,0.9511103151862464,0.9568690095846646,0.9577922077922078,0.9570422535211267,0.9534222222222222,0.9495387954422138,0.9595238095238096,0.959964253798034,0.956381837683232,0.9574123989218328,0.9573126801152738,0.9518444484826458,0.9563953488372093,0.9527403414195867,0.9578697793178916,0.9544464609800363,0.9528558476881233,0.9539354370692782,0.9523043944265809,0.9556307911617962,0.9508489722966935,0.9518115942028985
0.9565294535131299,0.957327038314872,0.9602334914264867,0.9529582051745974,0.953296209807796,0.9483963447410858,0.9592391304347826,0.9522686025408349,0.9538735529830811,0.9552077711818673,0.9511525795828759,0.9538185085354897,0.9571275455519829,0.9568733153638814,0.9548832271762208,0.9560049671811247,0.9606791778373548,0.9560714285714286,0.9593899627593545,0.9566484517304189,0.9536242468504655,0.9612403100775194,0.9506950880444857,0.9588096534204319,0.9545374137626039,0.9579042457091238,0.9562890276538805,0.9515955539619936,0.9576936808282757,0.9579601535368306,0.9645441389290883,0.9613906678865508,0.9527135948414831,0.9564297054154172,0.9564507348938487,0.9563279857397504,0.9558665231431647,0.9534548078657766,0.9605779521940778,0.9536423841059603,0.9587164232918695,0.9551316021904257,0.9525656850643626,0.9532744665194997,0.9582198001816531,0.9541598989352102,0.9542412732863086,0.9559009578890295,0.9525435915872731,0.9532121648371423,0.9554428545553342,0.9537219730941704,0.9612263300270514,0.954027149321267,0.9556676878716885,0.952947539210384,0.9517812162648435,0.9587464589235127,0.95,0.9583110636023516,0.9535553555355536,0.9580432392817883,0.9568409742120344,0.9547197370823444,0.9587479645377239,0.956983441324694,0.9568088524004997,0.9600641825637368,0.9551078119476847,0.9555714797563597,0.9590089269447987,0.9569413511507052,0.9598459845984598,0.9518963922294172,0.9565759031856202,0.9587647593097184,0.9558404558404558,0.9557748538011696,0.9560243117626028,0.9610083424011607,0.955264593562466,0.9561002377903787,0.9556916426512968,0.9594017094017094,0.9530516431924883,0.9588892895780743,0.9505078485687904,0.9555277728165744,0.9510589072788752,0.9605427602213891,0.9517364203027605,0.9599353215954006,0.953801382320844,0.9531645569620253,0.951276102088167,0.957796221084231,0.9531278168379305,0.9533116178067318,0.9537603454480029,0.951183970856102
