0.9608378870673953,0.9565024411895251,0.9536128456735058,0.9554168524297816,0.9535921463632308,0.9593998234774934,0.9546666666666667,0.9615728328865059,0.9550763701707098,0.9651216154199174,0.9592117323556371,0.9559216384683883,0.9521700620017715,0.9553886925795053,0.9617582417582418,0.9591466182478439,0.9496497373029772,0.9533091568449683,0.9501600365797896,0.9492049469964664,0.9549385525716887,0.9592206615314907,0.9615560640732266,0.9557986870897155,0.9591743119266055,0.9583904892546868,0.9593818984547461,0.9577965348733896,0.952846975088968,0.9562527618205922,0.9545040946314831,0.957532409476978,0.9530685920577617,0.955756422454805,0.9555752998667258,0.9569565217391305,0.9580203269995581,0.9532374100719424,0.9629133154602324,0.9561752988047809,0.9511228533685601,0.9568151147098516,0.9642541924095323,0.9500454132606722,0.9583904892546868,0.9495985727029438,0.9611339734796525,0.9499113475177305,0.9565217391304348,0.9497777777777778,0.9563106796116505,0.9559912854030501,0.9545661063153112,0.951576062128826,0.9568091670339357,0.9527418635755684,0.963302752293578,0.9640552995391705,0.9558558558558559,0.9586238958623896,0.9583892617449664,0.9553770638107988,0.9560538116591928,0.9585211902614968,0.9611190137505927,0.9539918809201624,0.9567000911577028,0.9546247818499127,0.9458972046889089,0.9552972731336612,0.9571743929359824,0.9644784172661871,0.9567118495846086,0.9530201342281879,0.956482320942883,0.9553280595625873,0.9592111160914388,0.952183908045977,0.9594835262689225,0.952445042620009,0.9623334864492421,0.9543795620437956,0.9574374725756911,0.9563714902807775,0.958941605839416,0.9580865603644647,0.9582601054481547,0.9558139534883721,0.9574181981174361,0.9560143626570916,0.960775473399459,0.9539023277042447,0.9514991181657848,0.9575045207956601,0.9470169189670525,0.9551907719609583,0.9638172772501131,0.9474178403755869,0.952536063285249,0.9653600729261622
0.954341987466428,0.955045871559633,0.952183908045977,0.9471044231646146,0.9568181818181818,0.9508771929824561,0.9504320145520692,0.964301651048639,0.9577092511013215,0.947119924457035,0.9525530953456846,0.9523593466424682,0.9530887134231305,0.9550858652575958,0.9524866785079928,0.9479850046860356,0.958276020174232,0.9588801399825022,0.9562171628721541,0.960092807424594,0.9406741573033708,0.9555457746478874,0.9569080408707241,0.9609236234458259,0.9521178637200737,0.9589468987059349,0.9572769953051643,0.9598194130925508,0.9607493309545049,0.9515555555555556,0.9563890100305277,0.9510917030567686,0.9620874219446922,0.9467156637574644,0.9592198581560284,0.9547671840354767,0.9550614947965941,0.9551310528653931,0.9529465509365007,0.9601240584847143,0.961866307761328,0.9518976169461606,0.9596737652922519,0.949468085106383,0.9459459459459459,0.9590017825311943,0.9611821790913101,0.950237992211164,0.9551630434782609,0.9486002753556677,0.9532163742690059,0.9671985815602837,0.9582963620230701,0.9575033200531209,0.9588607594936709,0.9496629213483146,0.9513609995537706,0.9522058823529411,0.9485261768587769,0.954161103693814,0.9556628621597892,0.9599822143174744,0.9542157751586582,0.9595323741007195,0.9559154295996402,0.9477124183006536,0.9552503322995126,0.9525782688766115,0.9517365809652684,0.9544046038069942,0.9529001308329699,0.9426476929711083,0.9593533487297922,0.9499772623919963,0.9567019806540764,0.9603960396039604,0.9553372041089773,0.956029011786038,0.9518693596905887,0.955011135857461,0.9591474245115453,0.9531178880291307,0.9569941149841558,0.9540481400437637,0.9604221635883905,0.9550561797752809,0.9570035460992907,0.9546247818499127,0.9522292993630573,0.9514348785871964,0.9592017738359202,0.963096309630963,0.9570718481699051,0.9505773672055428,0.954177897574124,0.9513193812556869,0.949685534591195,0.9567118495846086,0.952638700947226,0.9532623785284591
0.9497652582159625,0.9436936936936937,0.9552701505757307,0.9514777238641376,0.9537648612945839,0.9572841726618705,0.9564020192748968,0.9522278364722094,0.9528819762122598,0.9591555759522716,0.9616584930896122,0.9555256064690026,0.9549107142857143,0.9466254962505514,0.9506666666666667,0.953551912568306,0.9531531531531532,0.9569842738205365,0.9566179725542275,0.952423698384201,0.9554841670491051,0.9567418315692591,0.9568505338078291,0.9560131024801123,0.9620644022937803,0.9572532969531605,0.9581458145814582,0.9511762094984465,0.9535091640590077,0.9509174311926606,0.9553817847286109,0.9587315377932233,0.9465615418309242,0.9557986870897155,0.9536832818703131,0.9544840018026138,0.9494584837545126,0.9583144540099683,0.9506447309915518,0.9520985401459854,0.956,0.9513826940231935,0.95897903372835,0.9516843971631206,0.951442968392121,0.9493899683687302,0.9556470050297211,0.9552572706935123,0.9486255069851285,0.9452914798206278,0.9524249422632795,0.956366874443455,0.9523381294964028,0.9576767221972085,0.9474375821287779,0.9552643470402169,0.9575892857142857,0.9502018842530283,0.9507074395253309,0.9514476614699332,0.9541534271448026,0.9478098788443616,0.9492293744333635,0.9509009009009008,0.9520103761348897,0.9603603603603603,0.9568091670339357,0.9556848701880036,0.9632319564230595,0.9533725667722952,0.9527802294792586,0.9484820607175714,0.9506447309915518,0.9537286612758311,0.956959706959707,0.9583911234396671,0.9485791610284168,0.9564220183486238,0.9552864462040056,0.951935914552737,0.949236298292902,0.9487760652765186,0.9581478183437222,0.9562890276538805,0.9449288664525012,0.9558035714285714,0.9582222222222222,0.9508196721311475,0.952161913523459,0.9614337568058077,0.9513466550825369,0.941834451901566,0.941743119266055,0.9534450651769087,0.9541914796152084,0.9503514938488576,0.952610794207986,0.9551020408163265,0.9516778523489933,0.9486586493987049
0.9517912428129146,0.950462962962963,0.9490616621983914,0.9474835886214442,0.9528432732316228,0.9404815992730577,0.9464446444644464,0.9440248778320747,0.9525763793889649,0.9515837104072398,0.9531320414601172,0.9528604118993135,0.9505946935041171,0.9532584269662921,0.9509759418974126,0.9598556608028868,0.9562010142923006,0.9462699822380106,0.9496659242761692,0.9555143651529193,0.9444444444444444,0.9579375848032564,0.9488117001828154,0.9509313948205361,0.9452914798206278,0.9573991031390134,0.959112657677251,0.9474835886214442,0.9587073608617595,0.9575148469620831,0.9435850773430391,0.9569699686239355,0.9458352298588985,0.953757225433526,0.9475753604193972,0.9485157699443414,0.9479488310542568,0.9444941808415398,0.9504385964912281,0.9473449352967426,0.9478694469628286,0.9474381625441696,0.9482529854046882,0.9511861313868614,0.9454945054945055,0.9420353982300885,0.9463302752293578,0.9454705364995603,0.9496210432456531,0.9456570155902004,0.9505127061970575,0.9510204081632653,0.9534258844603672,0.9414612676056338,0.9492293744333635,0.9469103568320278,0.941280353200883,0.9411227749885896,0.9483814523184602,0.9538664323374341,0.9495495495495495,0.9495912806539509,0.9533333333333334,0.9498404012767898,0.9532293986636972,0.9446412754650133,0.9545454545454546,0.9498657117278424,0.9508420573509331,0.9545454545454546,0.9521660649819494,0.9601386481802426,0.9525727069351231,0.9610876699484294,0.9512643678160919,0.9490022172949002,0.9501571621014818,0.9572573463935886,0.9519630484988453,0.9532667876588021,0.9506390480387836,0.946524064171123,0.9446209714026328,0.9566189624329159,0.9533158813263525,0.9538461538461539,0.9538323621694308,0.9513274336283186,0.9479873360470376,0.9470319634703196,0.9460201280878316,0.9442396313364055,0.9457155675190668,0.9466666666666667,0.9449954914337241,0.9495760821062026,0.9489704565801254,0.9449622725255216,0.9490557751427317,0.9470432480141218
0.9421599638499774,0.9372693726937269,0.9422222222222222,0.9350358422939068,0.9413902771467515,0.9426191577973161,0.9477782867613376,0.9472665699080793,0.9453376205787781,0.94449378330373,0.9422121896162529,0.9408888888888889,0.9413622011727559,0.9396939693969397,0.9406583217431618,0.9519492293744334,0.9530765825586542,0.9473684210526315,0.947202166064982,0.9483362521891419,0.9445184198845983,0.9478827361563518,0.9495985727029438,0.9491978609625669,0.9540588760035682,0.9475322365495776,0.9482142857142857,0.9507593189139438,0.9425186485300571,0.9536363636363636,0.9481071884304552,0.9447513812154696,0.9470108695652174,0.9485918641037103,0.9424657534246575,0.9490474080638015,0.95018281535649,0.9477182100132919,0.9439338235294118,0.9457749661093539,0.9366292134831461,0.9466367713004484,0.9420689655172414,0.9415152857775808,0.9466421343146274,0.9454870420017873,0.9518127581459385,0.9345751930940481,0.9459219858156028,0.9441692931112111,0.9479028697571744,0.9413593958240782,0.9376961004034066,0.945069788383611,0.945993031358885,0.9450800915331807,0.9362494183341089,0.9373840445269017,0.9438405797101449,0.9471580817051509,0.9425706472196901,0.9513584574934268,0.9436241610738255,0.9465168539325842,0.947536496350365,0.945193171608266,0.9479311947931195,0.9467849223946785,0.9482758620689655,0.9506061966771442,0.9544618215271389,0.9553937187073281,0.9450045829514208,0.9502712477396021,0.9489981785063752,0.954049135577798,0.945006599208095,0.9439252336448598,0.9506447309915518,0.9409675987572126,0.9485428051001822,0.9403669724770642,0.9477064220183486,0.9524025385312783,0.9522558037669733,0.9485193621867881,0.947632058287796,0.9435053380782918,0.9372997711670481,0.9391471011020603,0.9405453732677693,0.9356009070294785,0.951385733757383,0.9357175192394749,0.9354139575205895,0.9384191176470589,0.9354982206405694,0.9389312977099237,0.9444945848375451,0.9438886472379295
0.9284750337381916,0.9332113449222323,0.929140832595217,0.9296980621901757,0.9304983996342021,0.9369042215161144,0.9347154830172033,0.9283707865168539,0.9389712292938099,0.9425968109339408,0.9397321428571429,0.9315436241610738,0.9287020109689214,0.9350067234424025,0.9421599638499774,0.951385733757383,0.9330970314576872,0.9472727272727273,0.9527207850133809,0.9408577878103838,0.9387572641931158,0.945575221238938,0.9486148346738159,0.9464751958224543,0.9413345275414241,0.9410470743510778,0.9487640449438203,0.9493727598566308,0.95,0.9358386801099908,0.9357554275587062,0.9378427787934186,0.9453649798477385,0.9348591549295775,0.9385245901639344,0.9472259810554804,0.9466546112115732,0.9431718061674009,0.9505347593582888,0.9329159212880143,0.9351975144252108,0.932788374205268,0.9383908045977012,0.9312557286892759,0.9481382978723404,0.9389587073608617,0.9367030965391621,0.9276377217553688,0.9401709401709402,0.9378402903811253,0.9418819188191881,0.9293023255813954,0.9293859649122806,0.9359560841720037,0.929902395740905,0.932832523199293,0.9381768953068592,0.9404274670304684,0.9348958333333334,0.9386558412268832,0.9308905380333952,0.9347627737226277,0.9429960229783473,0.9374718848403059,0.9389279437609842,0.9408672798948752,0.9386873920552677,0.9473445301861099,0.943559399180701,0.9428442844284428,0.9439853076216712,0.9444195428059167,0.9429708222811671,0.9520578923563998,0.9438099588853358,0.9402919062361786,0.9410441044104411,0.9356127886323268,0.9416740872662511,0.9427753934191703,0.9510098839707778,0.9308712121212122,0.940677966101695,0.9389692585895117,0.930783242258652,0.9387572641931158,0.9397098821396193,0.9362677670793215,0.9281842818428184,0.9347329986307622,0.935862691960253,0.9359963685882887,0.9330905780609923,0.9378076062639821,0.9351179673321234,0.9362637362637363,0.931002331002331,0.9330889092575618,0.9401669758812616,0.9388407120036513
0.9256786826880284,0.9286681715575621,0.9219446922390723,0.9261838440111421,0.9264772214704555,0.922247191011236,0.927382053654024,0.9330415754923413,0.9315381104518484,0.9252127183161666,0.9309734513274336,0.935088515660463,0.9334532374100719,0.9381395348837209,0.9355432780847146,0.9356884057971014,0.9363113666519239,0.9347923179991068,0.9289940828402367,0.9273868220528911,0.9255461435577351,0.9352720450281425,0.9445430346051464,0.9394495412844037,0.9396067415730337,0.9347925216598267,0.9445454545454546,0.9345403899721448,0.936897458369851,0.9358337098960687,0.9328652917946467,0.9447539461467038,0.9329406434073403,0.9378120744439401,0.9384822631342613,0.928763440860215,0.9287325214253496,0.9207232267037552,0.9329758713136729,0.922077922077922,0.9340262087663804,0.9247216035634744,0.92916123424598,0.9186733303044071,0.9259427532939573,0.9252378794743996,0.9189804278561675,0.9263858093126386,0.9221840068787618,0.9288256227758007,0.9164059007599463,0.9253393665158371,0.9121320249776985,0.9287646528403968,0.9204647006255585,0.9187725631768953,0.9313769751693002,0.9266136162687887,0.9277326106594399,0.9356751824817519,0.9271255060728745,0.927619893428064,0.9324628545700135,0.9275877387827632,0.9368998628257887,0.9412028725314183,0.9330655957161981,0.938368860055607,0.9405405405405406,0.9441021126760564,0.939873417721519,0.9475843208751139,0.931787175989086,0.9464442493415277,0.9405578417924096,0.9461504227859368,0.9368327402135231,0.9358092618065108,0.944969905417025,0.9411492122335496,0.9466254962505514,0.9356280733124721,0.9213682807641048,0.9301249421564091,0.9262589928057554,0.939585211902615,0.9311562224183584,0.934984520123839,0.9434306569343066,0.9314128943758574,0.9307928164695576,0.934007919049714,0.9322033898305084,0.9246364037020715,0.9296803652968036,0.9239373601789709,0.9263301500682128,0.9150696864111498,0.9275233437083148,0.9252506836827712
0.9136029411764706,0.9092128801431127,0.9157155399473222,0.922739244951712,0.8976449275362319,0.9083865086599817,0.9092159559834938,0.9114724480578139,0.9118962432915921,0.9269162210338681,0.9251792114695341,0.9282814614343707,0.9250110277900309,0.9141347424042272,0.9223518850987432,0.9343807763401109,0.9234923492349235,0.9346866725507502,0.9325044404973357,0.9296094459582198,0.9346642468239564,0.9390190013256738,0.9336343115124154,0.930940481599273,0.9349665924276169,0.9372197309417041,0.9330337078651686,0.9430493273542601,0.9315006759801713,0.9367713004484305,0.9309605488850772,0.9258093525179856,0.9352189781021898,0.9341208541572013,0.9230769230769231,0.9217826284674853,0.9288774635818338,0.9153776160145587,0.9157070474435743,0.9220894200973883,0.9231115107913669,0.9157846295444086,0.9163256025466121,0.9139382600561272,0.9065884476534296,0.9169258107507774,0.9107551487414187,0.9141104294478528,0.912563276576162,0.9126258005489478,0.9105094079853143,0.9167035888347363,0.9097096188747731,0.9128274616079494,0.9087301587301587,0.9075743913435528,0.9156137184115524,0.9262734584450402,0.929047619047619,0.9250229990800368,0.9149519890260631,0.9243509400179051,0.9252206223873665,0.9256421811626859,0.923878568192116,0.9230414746543779,0.9323892188213796,0.9232827832292596,0.9289760348583878,0.9388863739248529,0.9329432943294329,0.9412292507851054,0.9302325581395349,0.9324324324324325,0.9398254478640331,0.9413854351687388,0.9318181818181818,0.937586048646168,0.9321814254859612,0.9335501858736059,0.9341486359360301,0.9345422379478107,0.9331764705882353,0.9345054945054945,0.9258924536827835,0.9235023041474655,0.9291266575217193,0.9230055658627088,0.9265033407572383,0.916923076923077,0.9106907171139463,0.9145527369826435,0.9154160982264665,0.9211254612546126,0.9092910612065169,0.917900403768506,0.9037138927097662,0.9060700044306602,0.90646492434663,0.9098360655737705
0.89937106918239,0.8998628257887518,0.899909008189263,0.9019073569482289,0.8806792106470858,0.8997240110395585,0.9172003659652334,0.911738746690203,0.9006772009029346,0.9023474178403755,0.9119469026548672,0.9133858267716536,0.9187388987566607,0.9173478655767484,0.906783571758191,0.9141573033707865,0.9124775583482945,0.9247121346324181,0.9301919720767888,0.934675615212528,0.9243193354868482,0.9255649091714665,0.9295194508009154,0.9262777023971054,0.9271978021978022,0.925893635571055,0.9209921910886542,0.929283771532185,0.930834448906738,0.918525261720528,0.929902395740905,0.9247506799637353,0.9241168774531182,0.9203061683926159,0.9163014899211218,0.9135407136322049,0.920418371987267,0.9152621722846442,0.9202317290552585,0.9022727272727272,0.9168224299065421,0.9071593533487298,0.8931643277501131,0.9026830377444293,0.898444647758463,0.8931777378815081,0.9010393131495708,0.8988566402814424,0.9037456445993032,0.896850753080785,0.9078138718173837,0.906347092765202,0.8945224083295609,0.8931159420289855,0.8988276161528441,0.896969696969697,0.8926325247079964,0.9064039408866995,0.9026876737720111,0.8973418881759854,0.9049121225777377,0.9178260869565218,0.9152617568766637,0.9226988382484361,0.9135585783238263,0.9115006412997008,0.9275296262534184,0.916365280289331,0.9366742596810934,0.9219446922390723,0.9251824817518248,0.92590844738084,0.9340511440107672,0.9304467987102718,0.9238486092111263,0.9280070237050044,0.9214092140921409,0.9266992447800977,0.9257777777777778,0.9229398663697105,0.9308797127468582,0.9243027888446215,0.9201773835920177,0.9188224799286352,0.9296413980935089,0.90625,0.9180624717066546,0.9132141299607501,0.908922792417938,0.9139736003641329,0.9037138927097662,0.9052242256125751,0.8995555555555556,0.9092542677448338,0.9084761045987376,0.9066427289048474,0.8970722781335773,0.8924339106654512,0.9054054054054054,0.8970848056537103
0.8852611940298507,0.8748886910062333,0.8819875776397516,0.8923216719672876,0.8735417638824078,0.8806451612903226,0.8899167437557817,0.8792569659442725,0.9015590200445435,0.9009090909090909,0.8985443317159242,0.8956639566395664,0.9002247191011236,0.9081863410221619,0.8990256864481843,0.9044670499778859,0.9078174423859015,0.9201605709188225,0.9173932996787517,0.9112612612612613,0.9139934913993492,0.9101527403414196,0.9097035040431267,0.9181286549707602,0.9180841539838854,0.9221719457013575,0.9178937974118697,0.9108455882352942,0.9276437847866419,0.9192966636609559,0.9188605955977557,0.9164764947512551,0.911297440423654,0.9164358264081256,0.9025044722719141,0.9022222222222223,0.9090497737556561,0.8996778647031753,0.8989120580235721,0.8852304797742239,0.8996999571367338,0.890744920993228,0.8835125448028673,0.8876404494382022,0.8823788546255507,0.8895348837209303,0.8858695652173914,0.8860873480414228,0.8839947666812037,0.8808777429467085,0.8778769375293565,0.8911751257430269,0.8900045641259698,0.8863432165318957,0.8820627802690583,0.8921568627450981,0.8834301027244306,0.8861974405850092,0.8791208791208791,0.9055045871559633,0.891951978657181,0.902771667399912,0.8996054362121877,0.9146502419709635,0.911726525313717,0.9024282560706401,0.9018901890189019,0.9062912450505939,0.9176319176319176,0.9159817351598174,0.9166666666666666,0.9159271368519384,0.9234194122885129,0.9258760107816711,0.9223433242506812,0.9195452557936161,0.9180176007410839,0.9076786506879716,0.9193909538737125,0.9158325750682439,0.9143881667413716,0.9242086491306286,0.8984657039711191,0.9229382604776927,0.8980891719745223,0.9028156221616712,0.9036529680365297,0.8967416245984396,0.8927601809954752,0.9059633027522935,0.891685393258427,0.8846323205636284,0.892328398384926,0.8817820908689898,0.8847184986595175,0.8787049703602371,0.888642413487134,0.8799646954986761,0.8797297297297297,0.8788706739526412
0.8653500897666068,0.8679663269827205,0.8689624329159212,0.8694680375502906,0.8765709156193896,0.8594249201277955,0.8779385171790235,0.8744333635539437,0.8792710706150342,0.8853932584269663,0.8736190897039329,0.8786943096603441,0.8962264150943396,0.8842572062084257,0.8952082400358262,0.9002237136465324,0.9010393131495708,0.9048888888888889,0.9150858175248419,0.9008524001794527,0.9042505592841164,0.8993039443155453,0.9061946902654867,0.9051348999129678,0.9090113735783028,0.9075591985428051,0.9101435849930524,0.9085997298514182,0.912850155624722,0.9133510167992926,0.9127753303964757,0.9192324854975458,0.9014844804318488,0.9018099547511312,0.9058876003568243,0.8991445294912201,0.8939662821650399,0.8873173031588873,0.8865153538050734,0.8778625954198473,0.8823796548592189,0.8753363228699551,0.8773841961852861,0.8780487804878049,0.8784961027051811,0.8684931506849315,0.8789893617021277,0.8474199288256228,0.8686291739894552,0.8542039355992844,0.8608772707133363,0.8815612382234186,0.8820627802690583,0.8672367236723673,0.8690909090909091,0.870509977827051,0.8696405370290169,0.8953488372093024,0.8838934962898297,0.889348025711662,0.8961330935251799,0.8957795004306632,0.8856881572930956,0.9043985637342908,0.8891333040035195,0.9000904159132007,0.9009247027741083,0.9014712438698173,0.9016841147018662,0.9039675383228133,0.9084282460136675,0.9104020979020979,0.9102564102564102,0.9172320217096337,0.9194722474977252,0.9109766637856526,0.9052028218694885,0.9065207478340174,0.8987854251012146,0.9145224596598343,0.9102914389799636,0.9067717996289425,0.8986703347088492,0.9061954624781849,0.8856041131105399,0.9031235853327297,0.8899821109123435,0.8853932584269663,0.8842152872003618,0.8869801084990958,0.8844585410058904,0.8822727272727273,0.878213802435724,0.8715513342379014,0.8687863860277654,0.8653761548614166,0.8838174273858921,0.864031277150304,0.8708240534521158,0.8622782446311859
0.8354881854658939,0.843652561247216,0.8635122838944495,0.8569398389388915,0.8501598903608953,0.8518011855905153,0.861271676300578,0.8659269533055941,0.8600275355667738,0.85226264418811,0.8723599632690542,0.8670494699646644,0.882219190541155,0.8744846541456711,0.8764095624718088,0.8885421310744539,0.878037803780378,0.8902894491129785,0.9088397790055248,0.8931398416886543,0.9129474149359258,0.8928410625844214,0.9018099547511312,0.9048257372654156,0.8990406578346277,0.9124609200535954,0.9020664869721473,0.9010393131495708,0.8977016674177557,0.8990036231884058,0.8833177132146204,0.8943820224719101,0.8995892286627111,0.8867502238137869,0.8938215102974828,0.8845276129621178,0.8899647887323944,0.8727436823104693,0.8698172090949621,0.8746606334841629,0.8589569160997732,0.8648888888888889,0.864803965750338,0.8585992907801419,0.8584229390681004,0.8502080443828016,0.854232684472612,0.8546589389210878,0.8467815049864007,0.8431828757561657,0.8461889548151529,0.851333032083145,0.8429084380610413,0.8560070671378092,0.8673740053050398,0.85041430440471,0.8653576437587658,0.8705457825890843,0.8495575221238938,0.8695652173913043,0.8866026520347507,0.8686915887850467,0.8788719371243643,0.8878883385862224,0.8888888888888888,0.8864936207655081,0.8997314234556849,0.8985374771480804,0.8989483310470965,0.8957850856878184,0.8983812949640287,0.9067987393066187,0.9020054694621695,0.897721989772199,0.9021406727828746,0.9125987912598791,0.8994614003590664,0.8982199908717481,0.8995947771274201,0.9075436982520699,0.897931654676259,0.8844424460431655,0.897716894977169,0.9044670499778859,0.8950953678474114,0.8980409617097062,0.8810274898602974,0.8851630684428112,0.8653411658382286,0.8668772563176895,0.8647540983606558,0.8607929515418502,0.8674807779285392,0.8577110030932391,0.8624434389140272,0.8463624039765025,0.8471731448763251,0.8632010943912448,0.8598669623059867,0.851044908848377
0.8228187919463087,0.831874712114233,0.8288288288288288,0.8447004608294931,0.8438207333635129,0.8345487693710119,0.8395555555555556,0.8342128408091469,0.8205240174672489,0.8525261720527992,0.8425643262102049,0.8503100088573959,0.8636163660360757,0.8735383282806409,0.8760144274120829,0.8654365436543654,0.8739763421292084,0.8855633802816901,0.8799454297407913,0.8872250818905008,0.8836577636939792,0.8845286423094272,0.9024713150926743,0.8876603272888103,0.8910256410256411,0.8993848857644992,0.8902158934313276,0.8974583698510079,0.8865116279069768,0.8862516793551276,0.8817891373801917,0.8907374100719424,0.8608490566037735,0.868630201028518,0.8689685701637893,0.8775784753363228,0.8690421101341971,0.8624192059095106,0.8605159597726278,0.8494085532302093,0.8519692168401992,0.8521031207598372,0.8407846715328468,0.8510830324909747,0.8376715570279224,0.8308170515097691,0.8471978984238179,0.8384649709950914,0.8358008075370121,0.8210388476647752,0.8214771182600815,0.825586746433502,0.824160447761194,0.8258771929824561,0.8264462809917356,0.8374384236453202,0.8432671081677704,0.8447488584474886,0.8321299638989169,0.8589973142345568,0.8570163789287295,0.8546195652173914,0.860345632881831,0.8534715960324617,0.8694252873563219,0.861123595505618,0.8699408822191905,0.890989010989011,0.8914518317503393,0.8872923215087561,0.8921568627450981,0.8957759412304866,0.8926112895823772,0.8982519049753473,0.8951612903225806,0.9004019651630192,0.8981688253684681,0.8869412795793163,0.8880111524163569,0.8924930491195552,0.8816758747697975,0.8857637386412809,0.8768248175182481,0.8807709547288212,0.8800925925925925,0.8635961027457927,0.8600281822451855,0.8731473408892764,0.8451407811080835,0.8567415730337079,0.8567567567567568,0.8505747126436781,0.8349514563106796,0.8372865275142315,0.8441617446615175,0.8247422680412371,0.8376798561151079,0.8266726537943422,0.8170080142475512,0.8268003646308113
0.8190954773869347,0.8175182481751825,0.8132118451025057,0.8072234762979684,0.8089229382604777,0.8337825696316262,0.823841059602649,0.8142470694319206,0.8253094910591472,0.8333333333333334,0.8411819021237303,0.8433578537429685,0.8554162936436884,0.8355978260869565,0.8639821029082774,0.8664307828394515,0.8770417422867514,0.8635135135135135,0.8754480286738351,0.8783783783783784,0.8647085002225189,0.874439461883408,0.8786407766990292,0.8832309043020193,0.884564932225623,0.888,0.8883908561183326,0.8807588075880759,0.886859688195991,0.875673249551167,0.88197911938266,0.8788159111933395,0.8581986143187067,0.8716337522441652,0.8561549100968188,0.8529155787641427,0.8445883441258094,0.8503937007874016,0.8333333333333334,0.8352372583479789,0.828096947935368,0.8318140382862352,0.8253557567917206,0.8049217002237137,0.8181399631675875,0.8265124555160143,0.8264047510278666,0.813053613053613,0.8016971862438589,0.8050509525919362,0.8164893617021277,0.8094397882664314,0.8172905525846702,0.8161896243291592,0.8231844835363104,0.8255652976465159,0.8276633840644584,0.8303085299455535,0.8286088094199738,0.840297121634169,0.8368513632365875,0.8385146804835925,0.8460490463215259,0.8442143178748311,0.8588235294117647,0.8517145505097312,0.8635181975736569,0.8652482269503546,0.86508979413053,0.8781818181818182,0.8782222222222222,0.893569844789357,0.8837948252383114,0.8865183840217885,0.8872350022552999,0.8804545454545455,0.8822160148975792,0.8823529411764706,0.878508973768983,0.8640909090909091,0.871875,0.8633093525179856,0.8678492239467849,0.8682447521214828,0.85514440433213,0.8399264029438822,0.8500687757909215,0.8400537634408602,0.8290676416819013,0.838495575221239,0.8368277119416591,0.8176625659050967,0.8193406593406594,0.8177339901477833,0.8149659863945579,0.8260105448154658,0.8248306997742664,0.7861975642760487,0.810251798561151,0.7944896115627823
0.7936363636363636,0.7912885662431942,0.7762331838565022,0.7767379679144385,0.7874374146563495,0.7922192749778957,0.7951002227171492,0.799080459770115,0.8171896316507503,0.816262353998203,0.8102981029810298,0.8255451713395638,0.816290393979637,0.8305315765561109,0.8316303864948912,0.8477678571428572,0.8435164835164836,0.8576642335766423,0.8518024032042724,0.8702559576345984,0.8667258996001777,0.873372249663224,0.8680089485458613,0.8740440845704004,0.8674275680421423,0.8686030428769018,0.8706666666666667,0.8664307828394515,0.8722247394653375,0.8627187079407806,0.855885078776645,0.8580329327992879,0.8663298116674323,0.8570127504553734,0.8426303854875283,0.8439748201438849,0.8415300546448088,0.838248436103664,0.8079120879120879,0.8320541760722348,0.8098434004474273,0.8164097914777878,0.8040421792618629,0.8028482421005786,0.7921225382932167,0.8012646793134598,0.7901785714285714,0.7944572748267898,0.8003581020590869,0.7916287534121929,0.7990909090909091,0.7926545792654579,0.7763751127141569,0.788272157564906,0.7767936226749336,0.8029294274300932,0.7960018173557474,0.8240211174659041,0.8186643078283945,0.8118675252989881,0.8314005352363961,0.8366515837104073,0.8346206269877329,0.8247559893522627,0.8506867523260966,0.8551160791057609,0.8403628117913832,0.8635957066189625,0.8661844484629295,0.8554216867469879,0.8707360861759426,0.8737727910238429,0.8725402504472272,0.8799097065462754,0.8646017699115044,0.866755201416556,0.8575992697398448,0.8670694864048338,0.8581267217630854,0.8692955250332299,0.8653401203146691,0.8576512455516014,0.8470483005366727,0.8474885844748858,0.8429752066115702,0.8473824312333629,0.8316964285714286,0.8264642082429501,0.8218166014776185,0.811141304347826,0.8252516010978957,0.8096085409252669,0.8107126645483431,0.7868999551368326,0.7975297750330834,0.799910674408218,0.7797752808988764,0.7824733096085409,0.7844016136261766,0.7933394160583942
0.7643932683790965,0.7696913864578535,0.7661713286713286,0.7718665464382326,0.7463768115942029,0.7676216462028195,0.7781868384721583,0.7900900900900901,0.7904028972385695,0.7930579964850615,0.7961956521739131,0.7984496124031008,0.8124168514412416,0.8236577913574858,0.834070796460177,0.817973406694177,0.8342222222222222,0.8434782608695652,0.8381082310140974,0.8566922036953583,0.8520960904380593,0.858909757214842,0.8532150776053216,0.8519515477792732,0.8579828132066938,0.8605504587155963,0.8577919127669241,0.8536245353159851,0.8505059797608095,0.8671586715867159,0.848939929328622,0.8567639257294429,0.8594306049822064,0.838475499092559,0.8396396396396396,0.8261063924899419,0.82688028482421,0.8045045045045045,0.8072870939420544,0.7962466487935657,0.7874943362029905,0.7824360105913504,0.7852593266606005,0.783678756476684,0.762389995368226,0.7636612021857924,0.7792325056433409,0.7847064178425125,0.7621550591327201,0.7657038055937643,0.7754733994589721,0.7601459188326494,0.7629955947136564,0.7875,0.7924697445091887,0.7745535714285714,0.7880123402379903,0.783273381294964,0.7956427015250545,0.7997275204359673,0.8047772163527791,0.8057813911472448,0.8143248175182481,0.8177836180464302,0.8340827338129496,0.827742520398912,0.8408395277656319,0.8303774442928604,0.8535489667565139,0.8452761296211776,0.8517708788806296,0.8699369936993699,0.8607205623901582,0.8669703872437358,0.8567567567567568,0.862708719851577,0.8641804788213628,0.8577110030932391,0.8566864445458695,0.863677536231884,0.8414357110404361,0.8481236203090508,0.8538283062645011,0.8262459990855052,0.829443447037702,0.8310967144840352,0.8148312611012434,0.8096101541251133,0.8104072398190045,0.7989371124889283,0.779842080817464,0.7867549668874172,0.7774193548387097,0.7629527739569005,0.7760070827799912,0.7780239255649092,0.7715669014084507,0.7612843182875756,0.7706013363028953,0.7633451957295374
0.7419354838709677,0.7502287282708143,0.7468637992831542,0.7442817932296432,0.7554322699953768,0.7458075904677847,0.7350044762757386,0.7754640108646447,0.7477638640429338,0.7831743278404163,0.7830357142857143,0.7902004454342985,0.7735767057800956,0.8123893805309734,0.8076745261211281,0.8033658104517272,0.813390928725702,0.8203017832647462,0.8420816509645581,0.8442367601246106,0.8540614960991281,0.8441268423403305,0.8421052631578947,0.8417749887942627,0.8429715302491103,0.8508535489667565,0.8638790035587188,0.857207615593835,0.8448357924797716,0.8457066189624329,0.8340630472854641,0.8226514486391572,0.8268206039076377,0.8164335664335665,0.8226784881007932,0.7955439056356488,0.7987449574181981,0.8089737894269213,0.7992815446789403,0.8001808318264014,0.771856007480131,0.7679607318161535,0.7721248396750748,0.7644589552238806,0.7567178502879078,0.7389340560072267,0.7304309586631487,0.7396313364055299,0.7413949275362319,0.7485274127775261,0.7329164805716838,0.738212842388864,0.7481851179673321,0.7513537906137184,0.7470265324794144,0.7419497132774592,0.7453387903592542,0.7584043030031377,0.7671738128169664,0.7756637168141592,0.7888888888888889,0.7912621359223301,0.8012999071494893,0.8133393017009848,0.8168564920273349,0.8082315694255993,0.8101604278074866,0.8343722172751559,0.8230008984725966,0.8300270513976555,0.8423864648263579,0.8533151680290645,0.8493449781659389,0.8382352941176471,0.8415796640944168,0.848294434470377,0.8378009995456611,0.8374943259192011,0.8441082072443833,0.8344519015659956,0.8447802197802198,0.8264014466546112,0.8183453237410072,0.8308184727937814,0.8048452220726783,0.8147138964577657,0.7944646098003629,0.7935145445875059,0.794813466787989,0.775599128540305,0.788785046728972,0.7527522935779817,0.743680709534368,0.7654488046910239,0.7506950880444856,0.7672811059907834,0.7373920945024989,0.7441860465116279,0.7350661194710443,0.7438468550592525
0.7081468218442256,0.6991728341314758,0.7178349600709849,0.7006741573033708,0.7064721969006381,0.7155017921146953,0.7484162895927602,0.7385110294117647,0.750555802578924,0.7566725978647687,0.7652833556448014,0.7716464782413638,0.7549334557136301,0.776255707762557,0.8,0.7933846850928863,0.8100983020554066,0.8204444444444444,0.8295142071494043,0.8321492007104796,0.8263419034731619,0.8322813345356177,0.8320541760722348,0.8355734767025089,0.8355293048614266,0.8326621923937361,0.8412192902638762,0.8381294964028777,0.8302631578947368,0.8258527827648114,0.8369663941871026,0.8171608265947888,0.82,0.8217954443948191,0.7932910244786945,0.7758085954807267,0.7853185595567868,0.7690933452434122,0.7714543812104788,0.7624592454587797,0.7615772581384685,0.7446342531756461,0.7478220999541495,0.7351618705035972,0.7204063604240283,0.723907225691347,0.7153846153846154,0.7192205491585474,0.7124542124542125,0.7148063781321184,0.7157564905998209,0.7144156434743065,0.7248771773112996,0.6998231653404067,0.7451162790697674,0.7341067285382831,0.739169271996427,0.7439414723365341,0.7447275922671354,0.7439414723365341,0.7687782805429865,0.7835006547359232,0.7815730337078651,0.7907290729072908,0.806049822064057,0.8211645101663586,0.8148475475033142,0.8109299250771265,0.818140996856758,0.8168825368468066,0.8237885462555066,0.8339955849889624,0.8238661382650815,0.8423307626392459,0.8272440234551195,0.8326693227091634,0.845227062094532,0.836832895888014,0.8266423357664233,0.8256130790190735,0.8211157215306593,0.8175149014213663,0.8023733455043359,0.8103294746215495,0.7925124041497519,0.7872539831302718,0.7956238361266295,0.7657015590200446,0.7495629370629371,0.7503473830477073,0.7515751575157515,0.7506775067750677,0.742054352832796,0.7418645558487247,0.7263888888888889,0.7168021680216802,0.7247706422018348,0.7054017249205629,0.7089649198787353,0.7168299198575245
0.6885468537799909,0.6967916854948034,0.693069306930693,0.7060379021595417,0.6852277956741831,0.7242152466367713,0.727027027027027,0.6989295272078502,0.7201979307242465,0.7381818181818182,0.7382366377341252,0.7684842883548983,0.7513711151736746,0.7726249437190454,0.7611872146118721,0.7773279352226721,0.7821428571428571,0.8004618937644342,0.7971611721611722,0.8024747937671861,0.81926061159288,0.8235294117647058,0.8208168642951251,0.8169663439372983,0.8245149911816578,0.8136589778380823,0.8164810690423162,0.8178984861976848,0.8217644424540976,0.8115875912408759,0.8165137614678899,0.7901345291479821,0.7928051001821493,0.7985707905314873,0.7945701357466063,0.7628057221965852,0.7616071428571428,0.7519032691446484,0.7583219334245326,0.7232901206973625,0.7277250113071009,0.7223989095865516,0.732078853046595,0.7020991514068781,0.7059088858818223,0.7043889845094664,0.686092715231788,0.6791347453808022,0.6964206805125939,0.6866400355082113,0.6706642066420664,0.6725703905540418,0.6799276672694394,0.7068887888338586,0.6880941602535083,0.7114588127013346,0.7171669793621013,0.7160883280757098,0.7302904564315352,0.7115130127922364,0.7469662921348315,0.7463021066786194,0.7547841566533156,0.7566591422121897,0.7593342330184435,0.7877813504823151,0.7860063607451159,0.7989179440937781,0.8141349242771914,0.7972477064220184,0.8142345568487018,0.8183413777972796,0.8232413178984862,0.8056828597616865,0.8258093935248518,0.8225165562913908,0.8124125058329444,0.8174783796085571,0.8283582089552238,0.8187889581478184,0.8024800708591674,0.7945753668297021,0.7939068100358423,0.7736532367587143,0.7639946260635916,0.7632050134288272,0.7547085201793722,0.7447963800904978,0.7430117222723174,0.7393689986282579,0.7326388888888888,0.7397959183673469,0.7160381644706951,0.7313094698685999,0.7071167883211679,0.697841726618705,0.6833958724202627,0.6925779534475187,0.6788224956063269,0.6855855855855856
0.6767184035476719,0.6521164021164021,0.6435374149659864,0.6625457875457875,0.660904255319149,0.6650224215246637,0.6747680070702607,0.6945064761054042,0.7013824884792627,0.7071018967798853,0.7255855059655325,0.7107733571747876,0.7252938615585547,0.7541340295909487,0.7465245597775718,0.7462019660411081,0.7580201649862511,0.7747868999551368,0.7801354401805869,0.778176919622811,0.7992847563701386,0.7886104783599088,0.8033228558599013,0.7992073976221928,0.8071866783523225,0.8191442434936039,0.816039873130947,0.8100725565514298,0.8171528080104484,0.8206593406593407,0.793733681462141,0.8012733060482037,0.7749667110519307,0.7710131758291685,0.7747053490480508,0.7578334825425246,0.7340376665135507,0.7376830892143809,0.7387184115523465,0.7169811320754716,0.7123350022758307,0.6918706293706294,0.682653518601524,0.6835806606031594,0.6827740492170022,0.6616982836495031,0.6726618705035972,0.6700367647058824,0.6756756756756757,0.6519963702359347,0.664175618869687,0.6602160216021602,0.6730088495575222,0.6713747645951036,0.667260579064588,0.6930022573363431,0.6768888888888889,0.6715817694369973,0.7052585064074238,0.7077338129496403,0.7380191693290735,0.7438752783964365,0.7174868189806678,0.7507802050824788,0.7729556875285518,0.7659279778393352,0.7682926829268293,0.7748643761301989,0.7848498431196773,0.7976031957390146,0.8035714285714286,0.7919855920756416,0.8123063302346171,0.8099588853357698,0.8130712979890311,0.8159090909090909,0.8124168514412416,0.792311091471498,0.809106830122592,0.7948003714020427,0.7852845904673762,0.7853922452660054,0.7953929539295393,0.7703941338221815,0.7670578009561061,0.7567922874671341,0.7479320853286896,0.7343039126478617,0.7264021887824897,0.7105966162065895,0.7011337868480726,0.7011820330969267,0.6872427983539094,0.6744920993227991,0.6751648351648352,0.6951219512195121,0.663067926225821,0.6576135351736421,0.6792369121561668,0.6625794732061762
0.6411290322580645,0.6358862144420131,0.6311150286469811,0.6311366651923928,0.6456984273820536,0.6418173797970886,0.6421435059037239,0.6642857142857143,0.6795212765957447,0.6895306859205776,0.6815286624203821,0.7142857142857143,0.6996834011759385,0.7311385459533608,0.7279344858962693,0.7504416961130742,0.7581147176522899,0.7699316628701595,0.7702821869488536,0.7757467677218012,0.7903368794326241,0.7834394904458599,0.7910973997355664,0.8093001409112259,0.8,0.8011338857392063,0.7962625341841386,0.785972850678733,0.7906458797327395,0.8054806828391734,0.7772808586762076,0.7650200267022697,0.7519893899204244,0.7656045395024007,0.7280413339596055,0.7482046678635548,0.7199642697632872,0.7139013452914799,0.7212230215827338,0.7068887888338586,0.6705989110707804,0.6634571297569922,0.6593357271095153,0.6654756587762394,0.6534246575342466,0.6532293021239706,0.6604204753199269,0.6455696202531646,0.6666666666666666,0.6265333939118582,0.6359158083296015,0.6279788172992057,0.6374555160142349,0.6332563510392609,0.6701451905626135,0.6426712922810061,0.6628621597892889,0.6668177697189483,0.682714351215039,0.6841872791519434,0.7036346691519105,0.7140221402214022,0.714993246285457,0.7118568232662192,0.7371908127208481,0.7520547945205479,0.766636690647482,0.7748643761301989,0.7743820224719101,0.7825890843482183,0.7831485587583149,0.7871863799283154,0.8064365671641791,0.7948602344454464,0.7875278396436526,0.8010999083409716,0.7978628673196795,0.7895436420026584,0.7814599193909538,0.7888227210261108,0.775592311130979,0.7718986216096043,0.7644943820224719,0.748320644872369,0.7527075812274369,0.7298405466970387,0.7204301075268817,0.7081128747795414,0.7030812324929971,0.6828724353256022,0.6937777777777778,0.6688014638609332,0.6648936170212766,0.6660785178650198,0.657130084935181,0.6364444444444445,0.6383355467020806,0.6346948141349242,0.6423519009725907,0.6160432627309599
0.6034406704896339,0.597544338335607,0.6114592658907789,0.6132246376811594,0.5892531876138434,0.6261510128913443,0.6274070756829377,0.637223974763407,0.6213548676536563,0.6692913385826772,0.6722299490032453,0.6696588868940754,0.6776785714285715,0.6967022758941013,0.7091651542649727,0.7366255144032922,0.7484276729559748,0.7269439421338155,0.7408424908424909,0.7677570093457944,0.7612410071942446,0.7689814814814815,0.7631695440460381,0.7838208409506399,0.7840593141797961,0.7671171171171172,0.7777270652670014,0.7843570481661511,0.7699194270367055,0.7830446672743847,0.767431597528685,0.7616252821670428,0.7407900577008433,0.7202514593623709,0.737410071942446,0.7135943686757589,0.6974102680599727,0.7067943456452348,0.6874706710464571,0.6858447488584475,0.6707964601769911,0.6494565217391305,0.6454269614217598,0.6507798960138648,0.6599029554477283,0.635366388767003,0.632281013783904,0.6149399733214762,0.5899313501144164,0.5921111609143882,0.6128158844765343,0.6079928154467894,0.623849188952214,0.6077127659574468,0.6190693430656934,0.6150044923629829,0.6446395563770795,0.6456043956043956,0.6481481481481481,0.6377528089887641,0.6497757847533633,0.6956719817767654,0.6937967443906731,0.7132897603485838,0.7179257934734019,0.7238051470588235,0.7361111111111112,0.7433468651330627,0.7684859154929577,0.7542448614834674,0.7837837837837838,0.7676419965576592,0.7864971503726436,0.7802245250431779,0.7866545619609623,0.7830144657022865,0.7805771873568483,0.7716535433070866,0.7863554757630161,0.7550644567219152,0.7793657882983475,0.7548620533695161,0.7575196668209162,0.7493138151875571,0.7087735415709693,0.7186678352322524,0.6992753623188406,0.6970108695652174,0.679161088799643,0.6666666666666666,0.6501798561151079,0.6390588235294118,0.6371480472297911,0.6262944619540748,0.6163141993957704,0.6216931216931217,0.6096703296703296,0.6344276841171251,0.6028622540250447,0.6144200626959248
0.5696378830083565,0.5730735163861824,0.5792494481236203,0.598757212605415,0.597420543528328,0.5872302158273381,0.6071111111111112,0.6164009111617312,0.6253393665158371,0.6262944619540748,0.6564920273348519,0.6586345381526104,0.658300308234258,0.6811862835959221,0.6918706293706294,0.7075512876473156,0.7238873751135332,0.7340328467153284,0.7390341160832964,0.7547256800368833,0.7478728168383341,0.7531362007168458,0.7470641373080398,0.762854609929078,0.7548837209302326,0.7756497948016415,0.7639946260635916,0.758575197889182,0.7528991971454059,0.7364864864864865,0.752977503308337,0.7261373773416593,0.7334811529933482,0.7254474028808381,0.7195013357079252,0.7020267356619232,0.6806972789115646,0.6907308377896613,0.6681735985533453,0.6587337224966322,0.6384379113646336,0.6294461954074742,0.6004444444444444,0.5957058017359524,0.6006124234470691,0.584315503173164,0.5822281167108754,0.5853658536585366,0.5928279618701771,0.5768535262206148,0.5798736462093863,0.5736747529200359,0.6025086505190311,0.5924932975871313,0.6075541225241824,0.6184505150022391,0.6128747795414462,0.6105550500454959,0.6238651102464332,0.6650022696323196,0.652896273013022,0.6557674841053588,0.6768043576940536,0.6841876629018245,0.7062615101289135,0.7157611136057477,0.7294685990338164,0.7333637192342753,0.7431444241316271,0.7444341372912802,0.7568430656934306,0.7552800734618916,0.7647597254004577,0.7800179211469535,0.7710280373831776,0.773014440433213,0.7629329734592892,0.7610540419830282,0.7383908045977011,0.7431597528684908,0.7319304666056725,0.747982062780269,0.7395925597874224,0.7072072072072072,0.6976328718177758,0.6821705426356589,0.6717523975588492,0.6551401869158878,0.6625057790106333,0.6771898621609604,0.6222521310004486,0.6150022593764121,0.6187050359712231,0.6108843537414966,0.5994599459945995,0.5872662511130899,0.5911131059245961,0.5755266696548633,0.5879945429740792,0.5795454545454546
0.5460829493087558,0.556997219647822,0.5472197705207414,0.5777190664905328,0.566500226963232,0.5658426966292135,0.5686274509803921,0.581032947462155,0.6104731281580156,0.6261101243339254,0.624,0.628158844765343,0.6438356164383562,0.6542718016821603,0.6915038618809632,0.6756019990913221,0.701978021978022,0.696027633851468,0.7153881071266455,0.7169977924944813,0.7267415730337079,0.7331511839708561,0.7365764111977972,0.7584320875113947,0.7517022242396731,0.7551113130395275,0.7557218309859155,0.7449933244325768,0.7465478841870824,0.7498881431767338,0.7437325905292479,0.7286821705426356,0.7112802148612355,0.7173620457604307,0.6921285514671635,0.6924095322153575,0.6665158371040724,0.6640419947506562,0.6544410075121521,0.6439046746104491,0.6027641551493536,0.6098776619845945,0.5887600356824264,0.5937927886809676,0.5790676416819013,0.5757017947537966,0.558076225045372,0.5613186813186813,0.5459719789842382,0.5530676220331393,0.5464010864644635,0.5386021014161718,0.5566502463054187,0.5719540229885057,0.5620471014492754,0.5796626054358013,0.593915343915344,0.6049978079789566,0.5994500458295142,0.6201091901728845,0.6408514492753623,0.6532258064516129,0.6627433227704844,0.6716553287981859,0.6777932313398238,0.6817969115582593,0.6991655687307862,0.7120070890562694,0.7430650295588904,0.7301516503122212,0.7408400357462019,0.741655235482396,0.7458639705882353,0.7657247037374658,0.7628176549264378,0.7543938711131141,0.7486437613019892,0.7153120790300853,0.7332730560578662,0.7467948717948718,0.7280542986425339,0.7252075141983398,0.7193548387096774,0.6841637010676157,0.6818576388888888,0.6779964221824687,0.6525114155251142,0.6617647058823529,0.6596223021582733,0.6204925241864556,0.592967032967033,0.6053113553113553,0.5743427017225748,0.5844850646455639,0.570013507429086,0.558055805580558,0.5687613843351548,0.5584020842379505,0.55550621669627,0.536980306345733
0.5171492204899777,0.5189141076991545,0.5351793009532456,0.5197066911090742,0.5370036101083032,0.5422567382366378,0.5488584474885845,0.5489667565139263,0.5727934485896269,0.5712996389891697,0.5908883826879271,0.6004484304932736,0.6074270557029178,0.651277454056477,0.6489741302408564,0.6599906846762925,0.683974932855864,0.7002237136465325,0.6900089206066012,0.713074520303436,0.7264108352144469,0.7384684281236006,0.7393731215113782,0.7438243366880146,0.726985559566787,0.7207247017233761,0.740948275862069,0.7299205648720212,0.7539503386004515,0.7226406734603456,0.7242761692650334,0.7039679001337494,0.6840435176790571,0.6796945193171609,0.6824204946996466,0.6616740088105727,0.6473495058400719,0.6269357109338339,0.6044543429844098,0.6081741448245225,0.5899248784798939,0.5764917003140422,0.5718641114982579,0.5331186752529898,0.5494211932324132,0.5428828019757521,0.5343845816907578,0.5190941385435168,0.5248767368892873,0.5229936880072137,0.523084025854109,0.5207478340173278,0.5151927437641723,0.5371530886302597,0.5385308697611537,0.551907719609583,0.5441819772528433,0.572902646926873,0.5888888888888889,0.5932818883340899,0.5968109339407744,0.605672461116194,0.6441441441441441,0.6565096952908587,0.6536036036036036,0.6877912395153775,0.6939325842696629,0.6927763272410792,0.7142241379310345,0.7218483624943921,0.7326512455516014,0.7521444695259594,0.7406235878897425,0.7300613496932515,0.7453416149068323,0.7429755872869646,0.7228915662650602,0.7436008676789588,0.732484076433121,0.7343462246777164,0.7057256990679095,0.691712204007286,0.6863718411552346,0.6768181818181818,0.6561656165616562,0.648936170212766,0.6532001815705856,0.6258185219831618,0.6165849308961213,0.6028306059265811,0.5744775455758114,0.5678079146287239,0.555846422338569,0.5549028468142793,0.5369068541300527,0.5081154192966637,0.5072727272727273,0.5246941549614862,0.5114916629112213,0.5178571428571429
0.4940639269406393,0.49221183800623053,0.49955156950672647,0.5048715677590788,0.4947322212467076,0.5204755614266843,0.5250912408759124,0.5401987353206865,0.5346534653465347,0.552069122328331,0.5737033666969973,0.5942622950819673,0.6109324758842444,0.6312414109024278,0.6334244080145719,0.6431372549019608,0.648960739030023,0.6706989247311828,0.6926483613817538,0.6901718818862935,0.7109826589595376,0.7170403587443946,0.7137761925991976,0.7147998200629779,0.7392070484581498,0.7014260249554367,0.7161852361302155,0.728,0.7118568232662192,0.7106575963718821,0.712279111916629,0.6996512641673932,0.6765632028789923,0.6735611510791367,0.6483767718335619,0.6564102564102564,0.6312824956672444,0.6111111111111112,0.6055456171735242,0.5867346938775511,0.5684901531728666,0.5331877729257642,0.554570895522388,0.534680753330271,0.495225102319236,0.52026082906381,0.5121293800539084,0.517683465959328,0.5055607043558851,0.5136239782016349,0.4871023215821152,0.4782016348773842,0.49557522123893805,0.48242100578549174,0.5090069284064666,0.5068807339449541,0.5387755102040817,0.5426666666666666,0.5565332160140783,0.5771899392888118,0.5604042259990814,0.6017296313154301,0.6128584643848288,0.6220183486238532,0.631768953068592,0.654875283446712,0.6527027027027027,0.6853932584269663,0.6801087449025827,0.7133121308496138,0.7258722247394653,0.727068345323741,0.7127371273712737,0.7278026905829597,0.727765237020316,0.7178669097538742,0.7168141592920354,0.7104051565377533,0.723055934515689,0.7135835567470956,0.7112420670897552,0.6687927107061503,0.6788154897494305,0.673460537727667,0.6381252816584047,0.6473888649115235,0.6102908277404921,0.6090259159964254,0.6014971378247468,0.5861601085481682,0.5554041780199819,0.5420769919427036,0.530820399113082,0.5317815577439571,0.501779359430605,0.5231252806466098,0.4823209428830462,0.48374164810690423,0.49822852081488045,0.5052824988516307
0.45918367346938777,0.46852189781021897,0.45698924731182794,0.46033810143042914,0.4749236807675534,0.5036968576709797,0.508819538670285,0.5111308993766697,0.5277901289461983,0.532114183764496,0.5707295373665481,0.5774770842426887,0.589293747188484,0.5997255260750228,0.6056892778993436,0.6377079482439926,0.6336149399733215,0.6471131639722864,0.6728590847304032,0.6894522408329561,0.6612190812720848,0.6826503923278117,0.7015801354401806,0.6949977866312528,0.699416778824585,0.7153351698806244,0.6994245241257193,0.6938316073840612,0.6902887139107612,0.6849865951742627,0.686795853988283,0.6763031099430574,0.6526946107784432,0.6636891469405984,0.6317432010699956,0.6304347826086957,0.6156599552572707,0.6153492647058824,0.5693802035152636,0.5600714604734256,0.5597976080956761,0.5260969976905312,0.521875,0.5086474501108648,0.5105820105820106,0.48255813953488375,0.4665461121157324,0.47684772929652713,0.47189483227561196,0.45458715596330274,0.4658024139472508,0.460710944808232,0.4627272727272727,0.4594947735191638,0.4867216117216117,0.4910233393177738,0.5209158960810216,0.5131459655485041,0.5345060893098782,0.5632911392405063,0.5602022058823529,0.5659050966608085,0.5844393592677346,0.6320501342882722,0.6168976307554761,0.6382882882882883,0.6438959894226531,0.674550614947966,0.6722047597665021,0.7078804347826086,0.7014046216583598,0.7112612612612612,0.6935193519351935,0.7170880557977333,0.7082761774119799,0.6987788331071914,0.7117595048629531,0.6983415508740475,0.7142857142857143,0.6693476318141197,0.6747930082796688,0.669798027242837,0.6557007661108607,0.6467198581560284,0.6366071428571428,0.6290027447392498,0.6143051154368493,0.5889145496535797,0.5751458052938537,0.538391640163562,0.535,0.5306495882891126,0.5127620783956244,0.5147382314122305,0.4849804092294297,0.4828054298642534,0.46924113156713065,0.468218442256043,0.45710394916023606,0.4699820788530466
0.44269662921348313,0.43014705882352944,0.4316353887399464,0.4429081177520071,0.4413186813186813,0.46620370370370373,0.48030783159800816,0.48654810761513906,0.4933577645442052,0.5229485396383866,0.5291028446389496,0.5274336283185841,0.561662198391421,0.5901189387008234,0.597752808988764,0.605475763016158,0.6418918918918919,0.6507503410641201,0.6452626852267624,0.6508083140877599,0.6631912964641886,0.6997206703910615,0.6729900632339657,0.6895142986836132,0.7104072398190046,0.6901098901098901,0.6927628584433319,0.6698586411308709,0.689280868385346,0.687389770723104,0.6739826245999085,0.6487873134328358,0.6374216651745748,0.6476147614761476,0.6047120418848168,0.5883678990081154,0.5846290537538872,0.5752132914234396,0.5545171339563862,0.5329368709972553,0.518800358102059,0.495018115942029,0.4980323567993004,0.47405764966740577,0.48291571753986334,0.46654692411315674,0.4438405797101449,0.42935029532030894,0.45400996828273676,0.4255699597675458,0.440958605664488,0.4409171075837742,0.46449051610057346,0.4532731376975169,0.4642857142857143,0.46552501126633616,0.48130841121495327,0.5154125113327289,0.5113122171945701,0.5403261348611723,0.5179138321995465,0.545906829488919,0.5887768522577816,0.5777580859548073,0.6068872987477638,0.6077127659574468,0.6563795485951175,0.6543820224719101,0.6556145004420867,0.6588341617713511,0.6662162162162162,0.6850250341374602,0.6961098398169336,0.7007695789950203,0.6752951861943688,0.6976639712488769,0.6913740788903338,0.6948252985404688,0.6872187218721872,0.6659350307287094,0.6700091157702825,0.659140251845419,0.6374269005847953,0.6228495809439788,0.6034858387799564,0.5801253357206804,0.5773381294964028,0.5706371191135734,0.5387052965142598,0.5292802860974519,0.5333915320820602,0.5044642857142857,0.4857142857142857,0.4749776586237712,0.45740905057675246,0.4493871992737177,0.4663960306720794,0.4144348615524285,0.45530973451327433,0.4248681898066784
0.4106053496011262,0.39158279963403475,0.4159607668301382,0.41758727353071146,0.4063745019920319,0.4546654929577465,0.4583143507972665,0.45035149384885764,0.46403197158081705,0.4981998199819982,0.5105584232754575,0.511322463768116,0.5410628019323671,0.56777727065267,0.5956662056247118,0.6002691790040376,0.6128287955699123,0.6203619909502263,0.618421052631579,0.6378278877128394,0.6590296495956873,0.6510158013544018,0.6598488216985327,0.6672558550596553,0.6811005863779883,0.6707875457875457,0.6812674743709226,0.6878664862426703,0.6846153846153846,0.6616780045351474,0.6531713900134952,0.6403828623518687,0.6403743315508021,0.596078431372549,0.5877551020408164,0.6012241054613936,0.5593065693430657,0.5289403383793411,0.5384963768115942,0.49601417183348095,0.4844103027564392,0.4651592062759575,0.4620168813860506,0.437442502299908,0.4473089099954772,0.4373555247341655,0.43109540636042404,0.403485254691689,0.39422643211547137,0.4154959557258408,0.40888485947416137,0.4268181818181818,0.40977615349474644,0.42520035618878005,0.4416629414394278,0.4447380008806693,0.4576043068640646,0.4703770197486535,0.4737078651685393,0.48426573426573427,0.5198041833555852,0.5314995563442768,0.5424337674000899,0.5648064806480648,0.5814668423364076,0.587437867148667,0.6271649954421149,0.6024518388791593,0.6270566727605119,0.6618705035971223,0.6691662990736656,0.6808025535795713,0.6770740410347904,0.6790067720090294,0.6884024219841639,0.6709194896612406,0.6692518248175182,0.6771201413427562,0.6727760393383997,0.6559674502712477,0.6372419850680721,0.6253968253968254,0.6197183098591549,0.6108843537414966,0.5868852459016394,0.5669824086603519,0.5715506193934217,0.5609103078982597,0.5234479678427869,0.49414414414414415,0.48157894736842105,0.467246907924874,0.4492293744333635,0.445729537366548,0.4457465277777778,0.42742295667708796,0.40309734513274337,0.42368177613321,0.42338352524357836,0.4158773116824538
0.3710865561694291,0.3866424352567015,0.37436839687643547,0.3809099018733274,0.4116300366300366,0.40824468085106386,0.4166666666666667,0.43627906976744185,0.45071047957371224,0.4451901565995526,0.47291941875825627,0.4813064030941126,0.5306215722120659,0.5401624548736462,0.5488584474885845,0.5725400457665903,0.5844214317874831,0.6068752754517408,0.6294326241134752,0.6291877007801744,0.6289252543122512,0.6410256410256411,0.6458238247375627,0.6915224145583666,0.673469387755102,0.666965085049239,0.6727909011373578,0.6666666666666666,0.6778185151237397,0.6499077490774908,0.6320754716981132,0.63167104111986,0.5981012658227848,0.5905829596412556,0.5736062717770035,0.5539568345323741,0.5273454868830592,0.5252046531667385,0.5089365504915103,0.4874439461883408,0.4630281690140845,0.4463794683776352,0.4329942503317116,0.4271493212669683,0.4052997393570808,0.39822595704948643,0.3921302578018996,0.38117212736502076,0.39194139194139194,0.3883668903803132,0.3627362736273627,0.4,0.3852421910366682,0.40939900587437866,0.40286481647269473,0.4003606853020739,0.4092140921409214,0.45201793721973094,0.4622475856014047,0.4695611137328929,0.4901202749140893,0.5004570383912249,0.5361917934532042,0.5419440745672437,0.5548672566371682,0.5913083680073972,0.6222414539160537,0.6143051154368493,0.6180524677634505,0.6474245115452931,0.6238532110091743,0.6473779385171791,0.666815144766147,0.6730597680642284,0.6681594267801164,0.6689158794421952,0.647514819881441,0.6697777777777778,0.6635346756152125,0.6320998278829604,0.6255585344057194,0.6065873741994511,0.6072224699063754,0.5912643678160919,0.5911111111111111,0.5572519083969466,0.5323834196891192,0.5089091699261191,0.4810183117463153,0.4926829268292683,0.4661134163208852,0.4405345211581292,0.43608340888485947,0.41309255079006774,0.4156545209176788,0.3908355795148248,0.3831985624438455,0.38308457711442784,0.40728929384965834,0.3845114813147231
0.35140018066847334,0.33917340521114103,0.360054347826087,0.35182616736014793,0.36162528216704287,0.37362637362637363,0.3895196506550218,0.374447391688771,0.4392985611510791,0.4390026714158504,0.4539385847797063,0.47590637907296923,0.5059633027522936,0.5077467906153165,0.5446511627906977,0.5677655677655677,0.5601469237832875,0.5847266154541346,0.6128170894526035,0.6085526315789473,0.6339779005524862,0.6276690391459074,0.6401062416998672,0.6483666061705989,0.6530426884650318,0.6421194431971262,0.6598984771573604,0.6405286343612335,0.6362397820163488,0.6375746440055122,0.6209567198177677,0.6074977416440831,0.6021220159151194,0.5790655884995508,0.5485212569316081,0.5342843994477681,0.5191451469278717,0.5038271049076992,0.4817244611059044,0.45132346343651863,0.45251141552511415,0.4416590701914312,0.38782924613987285,0.39517962710322874,0.3706293706293706,0.3688230008984726,0.3685624720107479,0.3642443156486848,0.3388811835413777,0.35727109515260325,0.356401384083045,0.3585814360770578,0.37791465024197096,0.35815602836879434,0.37907296925195044,0.371788883699206,0.4,0.3909297052154195,0.4202029520295203,0.4521778176919623,0.4543459174714662,0.5034995625546806,0.5061113626075147,0.5278284671532847,0.5466237942122186,0.5834837545126353,0.5790408525754884,0.5909498207885304,0.6112811543506778,0.6020942408376964,0.6233362910381544,0.6412556053811659,0.6494331065759638,0.6417710196779964,0.6557674841053588,0.6434704021690013,0.6504639858594786,0.639834406623735,0.6456968108344255,0.6193103448275862,0.6115485564304461,0.5945823927765237,0.58,0.568445475638051,0.5585746102449889,0.5393103448275862,0.5073825503355704,0.49118046132971505,0.4874945151382185,0.4519025224454895,0.45868691380080395,0.4461674789543642,0.4126912691269127,0.39189804278561674,0.38684807256235826,0.3688264612596285,0.3530741410488246,0.3737008585630366,0.345045045045045,0.3515625
0.3270555810748737,0.32930648769574944,0.322339489885664,0.3409090909090909,0.3362425355994488,0.36192660550458716,0.3788487282463186,0.37370405278039587,0.3875726419311578,0.41369986480396576,0.42780026990553305,0.4610091743119266,0.4760397830018083,0.4849290780141844,0.5056586690810322,0.5328371278458844,0.5333333333333333,0.5675675675675675,0.600176133861735,0.6122641509433963,0.6055830706888788,0.6262249183387775,0.6321334503950834,0.6434704021690013,0.6252268602540835,0.6429561200923788,0.6445347786811202,0.6320249776984835,0.6223404255319149,0.6239687364307425,0.6037998146431881,0.6088180112570356,0.5802413947250782,0.559652928416486,0.5279642058165548,0.5303717135086129,0.48148148148148145,0.463996399639964,0.4704555705908886,0.436568848758465,0.4279258924536828,0.39624413145539905,0.3834080717488789,0.3616636528028933,0.35830762450418685,0.33965672990063234,0.32564575645756455,0.33436944937833035,0.33559782608695654,0.32047208352246936,0.3246119733924612,0.3218543046357616,0.3288409703504043,0.3407971339005822,0.3692596063730084,0.3598711458812701,0.3809090909090909,0.3911858246251704,0.3984481971702419,0.43660714285714286,0.44741613780598366,0.46455306032584764,0.48946886446886445,0.4911504424778761,0.5274002630425252,0.5585546364823684,0.5568807339449541,0.5894308943089431,0.5947176684881603,0.604735883424408,0.6115485564304461,0.6262626262626263,0.6311926605504588,0.631762652705061,0.6352514725872225,0.6415432929564827,0.6233709817549956,0.6549391069012178,0.6174107142857143,0.5984780662488809,0.5993788819875776,0.5755968169761273,0.5697316322041355,0.5577867023650156,0.5371669004207573,0.5286681715575621,0.5029912563276576,0.48097826086956524,0.46272134203168686,0.4263018534863195,0.4195740824648845,0.3931350114416476,0.39348025711662077,0.36590807675145026,0.37301946582163875,0.3396396396396396,0.32892938496583146,0.3449508489722967,0.34255129348795715,0.3366422097539922
0.2918943533697632,0.29963235294117646,0.29535299374441465,0.3102541630148992,0.3176895306859206,0.33047790802524796,0.33791574279379155,0.358997722095672,0.370712401055409,0.4073575594436967,0.4186471663619744,0.4396818382677861,0.44405594405594406,0.47693685624720106,0.4883720930232558,0.5245098039215687,0.533210332103321,0.5499345835150458,0.570316078790655,0.574468085106383,0.5871600534997771,0.6095238095238096,0.6104294478527608,0.6303571428571428,0.6361513311536665,0.6238615664845173,0.6192341166231505,0.6120071684587813,0.6162949476558944,0.6145422689443715,0.5980392156862745,0.5762262483429077,0.5777877697841727,0.5433106575963719,0.5202918376652986,0.513716814159292,0.4929191411603472,0.4751538097491718,0.4534671532846715,0.4371633752244165,0.40540540540540543,0.37742504409171074,0.3607305936073059,0.37173238812583076,0.3485587583148559,0.31857207410754634,0.32194899817850636,0.30121042830540035,0.302491103202847,0.30327868852459017,0.29305799648506153,0.2961797752808989,0.31047265987025024,0.30202247191011233,0.31946902654867254,0.327816091954023,0.3442256042972247,0.36339285714285713,0.38749449581682077,0.38327205882352944,0.4228039041703638,0.4553072625698324,0.4657411553963278,0.4812332439678284,0.5020426690876079,0.5164427975914775,0.5542224273188741,0.5719440685611187,0.5648994515539305,0.6006974716652136,0.6116681859617138,0.6124273580688422,0.6247211066488175,0.6261467889908257,0.6125330979699912,0.6243315508021391,0.6137710898312814,0.6436145689257723,0.6193965517241379,0.5944721341187131,0.5872302158273381,0.5777984208081747,0.5366079703429101,0.5284090909090909,0.5280849181777975,0.4943870678042209,0.4580703336339044,0.46967684816290395,0.45125858123569795,0.4080357142857143,0.401673640167364,0.36208406304728546,0.3579697239536955,0.33878814683768244,0.3456843940714908,0.32085067036523346,0.308486753480018,0.3218707015130674,0.30419268510258696,0.29012614180078294
0.2669270833333333,0.28063943161634103,0.2778776978417266,0.27848101265822783,0.2903370786516854,0.3114531462200091,0.3206971677559913,0.3600556070435589,0.34473197781885395,0.3614190687361419,0.3882669055082848,0.4220100045475216,0.4230072463768116,0.45901639344262296,0.48606115107913667,0.5024347056219566,0.518783542039356,0.5565953654188949,0.5465478841870824,0.5915808329601433,0.5856255545696539,0.6079054975011359,0.5933184855233853,0.6109309865678555,0.6079393398751115,0.6044203879115922,0.6035320088300221,0.6132518796992481,0.6147110332749562,0.6021159153633855,0.5753779697624191,0.5522655899506506,0.5412762159750112,0.5454950936663693,0.5199456029011786,0.48652352672453175,0.46306306306306305,0.4435955056179775,0.4127056672760512,0.4060116644235083,0.3864755933721451,0.35921463632307005,0.35330948121645794,0.3283261802575107,0.3119560238204306,0.30155902004454344,0.29646215853112406,0.2792297111416781,0.2908770383428823,0.27704244637151987,0.2786516853932584,0.2751531058617673,0.27670987930263746,0.2904929577464789,0.29641116526362427,0.3225806451612903,0.3399014778325123,0.33830171635049683,0.3518029903254178,0.3848888888888889,0.4057321988356471,0.42465156794425085,0.4558303886925795,0.4686635944700461,0.4984709480122324,0.526075022872827,0.5378151260504201,0.5595684803001876,0.5519713261648745,0.588479262672811,0.5970416853428956,0.5970679697912039,0.6077981651376146,0.6328703703703704,0.6150256649556696,0.6022779043280182,0.6244196843082637,0.5809698078682525,0.5845948352626892,0.5818926296633303,0.5739325842696629,0.5578947368421052,0.5312072892938496,0.5323426573426573,0.508519003931848,0.48842289209261686,0.47441217150760717,0.43826322930800543,0.41294439380127623,0.37450022212350065,0.3645251396648045,0.36561085972850677,0.3161896243291592,0.30816777041942606,0.30035810205908686,0.29073909171861084,0.2737226277372263,0.2780153977758768,0.26194770063119927,0.27256069628950985
0.241662859753312,0.2541630148992112,0.26157303370786517,0.25806451612903225,0.26380910296067167,0.2895204262877442,0.29069767441860467,0.31651785714285713,0.32334241598546776,0.34684883208461875,0.3644524236983842,0.39955156950672643,0.40309734513274337,0.43506493506493504,0.45123595505617975,0.5006753714542999,0.5033768572714993,0.5121392579019698,0.535091640590076,0.5726343847179032,0.5817610062893082,0.597215777262181,0.606756171502815,0.5894128113879004,0.5978358881875564,0.5916253939666817,0.6043397968605725,0.600919540229885,0.5748556197245669,0.5741394527802295,0.5765561108587006,0.5565022421524664,0.5384967919340055,0.5280073461891643,0.49594229035166815,0.45923537540304005,0.4725177304964539,0.4332449160035367,0.3994540491355778,0.3967828418230563,0.36253369272237196,0.32971014492753625,0.34049217002237137,0.3094170403587444,0.2930337078651685,0.2631820265933058,0.25066785396260016,0.23842794759825328,0.24452554744525548,0.2553475935828877,0.25559534467323186,0.24016658954187875,0.2433668801463861,0.2636861313868613,0.26846846846846845,0.2787630741246021,0.3030869971936389,0.33468286099865047,0.3508045977011494,0.37443744374437443,0.3899913718723037,0.4100177304964539,0.42152872003618275,0.47184035476718406,0.46400733608436495,0.5042391789379741,0.5157350868952559,0.5373525557011796,0.5580336822940373,0.5608373310074138,0.5784179240969365,0.5786666666666667,0.5942420152946468,0.6056401074306177,0.6146711635750421,0.6117755289788408,0.592627158189454,0.5910301953818827,0.577116704805492,0.5703938433680399,0.5750444049733571,0.5483576642335767,0.5102319236016372,0.5068368277119416,0.49684115523465705,0.45422063421170167,0.4394845835250805,0.42496493688639553,0.38293926750115903,0.3740942028985507,0.35201084500677815,0.3319189061763319,0.32972485340550295,0.2934051144010767,0.2812223206377325,0.2606115928799635,0.25335120643431636,0.2502210433244916,0.22318181818181818,0.2467820683533067
0.21721311475409835,0.23160270880361175,0.21727861771058316,0.24728260869565216,0.23015873015873015,0.26455026455026454,0.2713968957871397,0.2871467639015497,0.2911275415896488,0.3330262551819438,0.342069588793493,0.37610619469026546,0.3942350332594235,0.4178298063935164,0.4400345125107852,0.485589519650655,0.48500230733733274,0.5166358595194085,0.5391111111111111,0.5277033065236819,0.5717498875393612,0.5783633841886269,0.5916183682567989,0.590420769919427,0.57543391188251,0.5769230769230769,0.5891690009337068,0.5887681159420289,0.5855773619351894,0.5808219178082191,0.5566681838871188,0.5185018050541517,0.5104450499545867,0.5015493581230633,0.47548358074673863,0.4654255319148936,0.4282511210762332,0.42620008972633466,0.374258329529895,0.35024920706841867,0.3462394303515799,0.3262826282628263,0.3015803336259877,0.2832656743346865,0.24966916629907365,0.2376237623762376,0.2433167195287721,0.24504836480884384,0.21631205673758866,0.21129326047358835,0.21782178217821782,0.23189734188817598,0.23440285204991088,0.23900488671701467,0.25257040679481446,0.26338702655637786,0.26984834968777877,0.3013513513513513,0.3199095022624434,0.3392382639503986,0.3619744058500914,0.39134438305709024,0.40368208352043106,0.42902208201892744,0.4524847428073234,0.5002237136465324,0.5002263467632413,0.52461257976299,0.5455353176366059,0.5600180505415162,0.5631460674157304,0.587322695035461,0.5880746472462449,0.5738359201773836,0.5841142347166444,0.5939982347749339,0.5897550111358575,0.5915492957746479,0.5833714024668799,0.5762557077625571,0.5497588776852258,0.5298713235294118,0.5269146608315098,0.49846692947875604,0.4772420009013069,0.4253559944878273,0.3966756513926325,0.3961835529304861,0.38243366880146384,0.3728735632183908,0.3367852318775326,0.32546527462551067,0.2928603910868577,0.28045574057843997,0.2686428902269569,0.24221149627029398,0.2391810144253141,0.2302839116719243,0.22553751645458534,0.2060525144637294
0.1966771441400988,0.20045977011494254,0.2068345323741007,0.20886654478976233,0.2355263157894737,0.2360053739364084,0.2606761565836299,0.2906513070447497,0.28514588859416445,0.30940481599273056,0.34087940792337834,0.3376049491825011,0.3689452240832956,0.4405086285195277,0.4244767970882621,0.45012787723785164,0.5002239140170175,0.48520710059171596,0.5228403437358661,0.5291499777481086,0.5525378450578807,0.5512589928057554,0.5822566752799311,0.5790203327171903,0.5776965265082267,0.5759717314487632,0.5740905057675244,0.57417943107221,0.5721260541500222,0.5627705627705628,0.5471357690572847,0.5020371208691715,0.4967381174277726,0.47950819672131145,0.45662921348314606,0.4357142857142857,0.430622009569378,0.4097693351424695,0.3700401248328132,0.3382949932341001,0.3382352941176471,0.2918702798756108,0.28577939835916133,0.2517037710131758,0.238692342140618,0.2433425160697888,0.2179899036255163,0.20262582056892778,0.22886690647482014,0.17994628469113697,0.19470614625392552,0.2116591928251121,0.20355638745905474,0.21594982078853048,0.23934280639431615,0.2516469038208169,0.25396825396825395,0.2763751127141569,0.3286778398510242,0.3218390804597701,0.336145648312611,0.36973684210526314,0.40018148820326677,0.42192393736017897,0.4484285081894644,0.4738973897389739,0.49102058694699957,0.5022522522522522,0.5105808194506979,0.5374829622898682,0.5413465883416178,0.5679676985195155,0.582323912068192,0.585675430643699,0.5822784810126582,0.5834854014598541,0.5880746472462449,0.5695573622402891,0.5672249886826618,0.5514739229024943,0.5288332588287885,0.5191111111111111,0.5,0.4642042863657091,0.4275296262534184,0.4303687635574837,0.40725806451612906,0.3841298467087466,0.37890625,0.3199825859817153,0.323435358611238,0.2809394760614273,0.26490066225165565,0.2510158013544018,0.23532089212562585,0.20546043498380379,0.22102908277404923,0.20320855614973263,0.20954907161803712,0.19990913221263062
0.1705048715677591,0.17881394296061567,0.17889492753623187,0.2043956043956044,0.1993918331885317,0.21675531914893617,0.2443956043956044,0.25021949078138717,0.26125703564727953,0.30041918956683744,0.322463768115942,0.327768014059754,0.3669064748201439,0.37829525483304044,0.41707865168539326,0.4377474703035636,0.4704336399474376,0.48213478064224335,0.49179580674567,0.5353107344632768,0.5411976587122918,0.5466605672461117,0.5701316386745348,0.556350626118068,0.5800453514739229,0.5701874714220393,0.5688372093023256,0.5706396686608376,0.5564270152505446,0.5483146067415731,0.5213055303717135,0.4916251697600724,0.4993147555961626,0.4631432545201669,0.43440486533449174,0.4161717679305619,0.3923112552107457,0.3622333182024512,0.35858359480053786,0.3258020786262991,0.30363475177304966,0.27339114559561845,0.2558891454965358,0.23411816970235452,0.2270861833105335,0.2118531623175586,0.19916044776119404,0.18857901726427623,0.19357756671189508,0.18473138548539114,0.1770104895104895,0.18861047835990888,0.17684594348222424,0.20508326029798424,0.2202247191011236,0.20256523662096418,0.2391891891891892,0.2615593834995467,0.2782201405152225,0.29955156950672646,0.32481412639405205,0.3527839643652561,0.3809312638580931,0.4047508150908244,0.43196060877350045,0.4450945094509451,0.4438305709023941,0.49316317228805834,0.4965247610773241,0.5249110320284698,0.5561224489795918,0.550185873605948,0.5720741075463173,0.5507436570428696,0.572992700729927,0.5845888936719759,0.5799289520426287,0.5720640569395018,0.5434583714547118,0.5227062094531975,0.5269247886070316,0.49595687331536387,0.48479346345891966,0.46493162770180857,0.43775100401606426,0.40643407340280924,0.37139107611548555,0.3620767494356659,0.3480392156862745,0.32765575974899147,0.286493860845839,0.2834681042228212,0.2616279069767442,0.21977052074139453,0.2180284191829485,0.211125711782742,0.18979409131602507,0.18865435356200527,0.17405063291139242,0.17816869643662608
0.15719360568383658,0.1688888888888889,0.16471119133574008,0.16981132075471697,0.18849391955098221,0.2138054683998207,0.20797462618939738,0.2345073562193491,0.2620751341681574,0.27619485294117646,0.3013882669055083,0.32695810564663025,0.34049360146252283,0.3861566484517304,0.3996517196343056,0.40949423247559896,0.4616780045351474,0.48348214285714286,0.4770350159163256,0.5112483458314954,0.5025034137460173,0.5508707607699358,0.5634991119005328,0.5502202643171806,0.5584020842379505,0.5720035778175313,0.5632437197003085,0.5650406504065041,0.55249343832021,0.5345358556973163,0.5188073394495413,0.5062240663900415,0.4914134742404227,0.4393193013882669,0.4436429215509468,0.4049625468164794,0.37915742793791574,0.3598711458812701,0.3454861111111111,0.31748128577719065,0.27473021582733814,0.26423487544483987,0.25123818099954975,0.23401360544217686,0.18744434550311664,0.18718989625620208,0.1838814265863826,0.17540687160940324,0.15551537070524413,0.16267942583732056,0.16058394160583941,0.16833030852994554,0.1671896010757508,0.17491007194244604,0.2054421768707483,0.21161825726141079,0.2199638663053297,0.227921498661909,0.2670863309352518,0.29342403628117913,0.3236914600550964,0.3261261261261261,0.36595174262734587,0.3855421686746988,0.41865705272645337,0.41874151199637843,0.44753946146703805,0.47875226039783003,0.5011368804001819,0.5126306620209059,0.5440295066851083,0.5553505535055351,0.5482142857142858,0.5670428893905192,0.576271186440678,0.570859167404783,0.5638297872340425,0.5491462851868943,0.5545329038196042,0.5340909090909091,0.4947043248014122,0.47577092511013214,0.479014598540146,0.4663923182441701,0.4418394950405771,0.41043083900226757,0.37681818181818183,0.34833024118738404,0.3313473877176902,0.29995509654243374,0.2712233347845015,0.25316455696202533,0.23763736263736263,0.21565934065934067,0.19399641577060933,0.18193950177935944,0.18173679498657117,0.16206261510128914,0.15718763994626064,0.16590493601462522
0.1510204081632653,0.13874709976798144,0.14910262310170272,0.17796610169491525,0.17866786678667868,0.1910268270120259,0.20776255707762556,0.19284744228157538,0.2427797833935018,0.2600896860986547,0.2866127583108715,0.30048823790501555,0.3283119184758529,0.369702434625789,0.4010889292196007,0.42168121267799724,0.4526498696785404,0.46739626082991337,0.47961420429636126,0.5049283154121864,0.5011256190904998,0.5258818140174072,0.5417036379769299,0.5592133390337751,0.5719298245614035,0.527403414195867,0.5323159784560144,0.5313769751693003,0.5278858625162127,0.5357624831309041,0.5217584369449378,0.4826357969723954,0.4592760180995475,0.4373101952277657,0.42181162685894547,0.4284463894967177,0.3554459883460332,0.3447508896797153,0.3308035714285714,0.297554347826087,0.2768959435626102,0.235239852398524,0.2399639152007217,0.21454711802378773,0.18321995464852608,0.16861510791366907,0.1575918548030102,0.15511702615878845,0.15154146765089013,0.1349934469200524,0.14470745868691381,0.15006883891693437,0.16637246248896734,0.14726184997699032,0.18085106382978725,0.17582897033158812,0.2165229232864276,0.24117140396210163,0.25136612021857924,0.265924276169265,0.2891674127126231,0.3352914595571622,0.3418297678652708,0.3550373955125385,0.4054905490549055,0.4155188246097337,0.44163337771859745,0.4590017825311943,0.4766725352112676,0.5120839033287734,0.5176678445229682,0.5212093862815884,0.5590909090909091,0.554170249355116,0.5586268390548372,0.5473635090993934,0.537293434569004,0.5389521640091116,0.5300884955752212,0.5077202543142597,0.519290465631929,0.48166368515205726,0.4651797906235776,0.4407239819004525,0.4029451137884873,0.3879855465221319,0.37329079307201457,0.33083700440528635,0.3014543851917144,0.2838827838827839,0.2722794446932378,0.223955943093162,0.2060931899641577,0.21511627906976744,0.1682284694332887,0.16786678667866786,0.14779874213836477,0.15308419630796938,0.14041570438799075,0.16968325791855204
0.128003696857671,0.1258426966292135,0.12488928255093003,0.1455122393472348,0.16605672461116194,0.1639418710263397,0.18141197497765862,0.1986111111111111,0.23723452327157704,0.2615878843506195,0.26354119253527536,0.30398230088495576,0.3186470850022252,0.35662759242560865,0.3655818100757913,0.4058558558558559,0.4260226283724978,0.4562841530054645,0.44646182495344505,0.4788546255506608,0.51,0.5216007276034561,0.5081967213114754,0.5370535714285715,0.5343159834177799,0.54858934169279,0.539224526600541,0.5219556360344048,0.5270629991126885,0.48697214734950584,0.5129928315412187,0.48087188612099646,0.4664817383263985,0.43517679057116954,0.41171290180537207,0.4081818181818182,0.3512415349887133,0.3324312133513757,0.3071364046973803,0.2701819878674755,0.25821167883211676,0.22345624167036873,0.22201918684330746,0.1971326164874552,0.18043769539973203,0.16509221772379667,0.13737734165923282,0.13124432334241598,0.12511130899376668,0.12550066755674233,0.14202769093345244,0.11990950226244344,0.135492700729927,0.1557632398753894,0.1638888888888889,0.1742254153569825,0.1923947487550928,0.2090747330960854,0.23518769787426505,0.2755333635950976,0.29525089605734767,0.29881526985519963,0.33712465878070974,0.35451358457493426,0.3894165535956581,0.39783001808318263,0.4610274579273694,0.4702750665483585,0.4697716077026422,0.4926402943882245,0.5319982585981715,0.5180299032541776,0.5106082036775106,0.5252900232018561,0.5393061045234958,0.5411764705882353,0.5571687840290381,0.5429223744292238,0.5183199285075961,0.4804223493180818,0.46301247771836007,0.4907243816254417,0.4309660344067049,0.4240909090909091,0.40806159420289856,0.3600352112676056,0.35467980295566504,0.3062136790344211,0.29235583370585605,0.2683257918552036,0.24383434155421127,0.20644558617468473,0.20131086142322097,0.19638721630384437,0.1676829268292683,0.15721530659289995,0.137430644472898,0.14406028368794327,0.12578334825425247,0.12675418741511996
0.10264183629276744,0.11565217391304349,0.1064587973273942,0.13102820746132848,0.13372093023255813,0.15033259423503326,0.17466849565614997,0.1902654867256637,0.21495327102803738,0.22312925170068026,0.2550698512843623,0.27602799650043747,0.32462854570013505,0.3518189884649512,0.36164506034868127,0.3840909090909091,0.4142222222222222,0.43853211009174314,0.46904654315408945,0.47387551113130394,0.5056792367105861,0.5140488254260709,0.5150697255960414,0.530961791831357,0.5232926277702397,0.5411712901805372,0.526431718061674,0.5381452718136135,0.5149051490514905,0.5065110013471037,0.4662549625055139,0.48513093652907235,0.442457588262265,0.4191111111111111,0.4093216428241809,0.3689363595905652,0.3594890510948905,0.3143631436314363,0.3013274336283186,0.2835214446952596,0.24202963628199373,0.2328066914498141,0.2055148642826368,0.16238532110091744,0.15959872321021432,0.13150926743159752,0.1319073083778966,0.11307100859339665,0.11951656222023277,0.10839483394833949,0.10965935604293048,0.12266301869585043,0.12331316891577478,0.13897413415168786,0.13857016769638128,0.14728334081724292,0.17014519056261343,0.2020109689213894,0.22676579925650558,0.2678492239467849,0.2723153602174898,0.3061491495856956,0.32837837837837835,0.3478066248880931,0.3707607699358387,0.4056813138038171,0.40603146853146854,0.4617863720073665,0.4728334081724293,0.4878048780487805,0.5034044484793464,0.51599819738621,0.5344514959202176,0.5227579990986931,0.5358574610244989,0.5336263736263737,0.5153519130845536,0.516345723242275,0.5288950531668978,0.48369807949977667,0.48322756119673616,0.46099290780141844,0.4322893692104102,0.4113636363636364,0.37620137299771167,0.3622795115332429,0.3381294964028777,0.28909740840035747,0.2976415094339623,0.2590442161679321,0.23577605826126535,0.22212428382547378,0.18132611637347767,0.17148097203117835,0.13780598368087035,0.14418604651162792,0.1111111111111111,0.10787437414656349,0.12374289462177525,0.10603371783496007
0.09624514458351316,0.10155902004454342,0.09074733096085409,0.10882221227048813,0.11822660098522167,0.13776618861364623,0.13772727272727273,0.16268788682581786,0.20377019748653502,0.2378494623655914,0.2510460251046025,0.2882531426094495,0.307518115942029,0.32577903682719545,0.347103726986978,0.3696236559139785,0.40530649588289114,0.4266418258034467,0.46853468075333027,0.4753727971079982,0.48288452761296213,0.4907699234579018,0.5342706502636204,0.5276315789473685,0.543859649122807,0.5207231040564374,0.538866930171278,0.5051590713671539,0.5165178571428571,0.4903047091412742,0.4931066176470588,0.4538355535140101,0.43990719257540606,0.43769680611785877,0.3778781038374718,0.38272157564906,0.35905583295506127,0.3227819884083816,0.28496503496503495,0.25124716553287985,0.22913785154449054,0.2079299216228677,0.18710263396911897,0.16613852421910366,0.1464160839160839,0.11581793600721045,0.1167420814479638,0.11701170117011701,0.09078276980083372,0.08591992802519119,0.09658314350797266,0.09780170480035891,0.11840228245363767,0.10692375109553023,0.13872832369942195,0.14704595185995623,0.16063348416289594,0.1724137931034483,0.2114047287899861,0.2312956204379562,0.27517084282460136,0.278674225904928,0.31992769995481246,0.34425493716337524,0.3720211827007944,0.4053461875547765,0.4053811659192825,0.43208751139471285,0.4656992084432718,0.48747252747252745,0.48616600790513836,0.514336917562724,0.5060893098782138,0.5398067188219052,0.5323805270209915,0.5138269402319358,0.5443201376936316,0.503777148253069,0.5144927536231884,0.5006772009029345,0.4552406657669816,0.4573608617594255,0.4472160356347439,0.40264900662251657,0.3809310653536258,0.35177687809266756,0.32086525461919785,0.28796046720575025,0.28998699609882966,0.2393238434163701,0.2210386151797603,0.18554778554778556,0.17140279657194407,0.15459160129210892,0.12162162162162163,0.12287581699346405,0.10636363636363637,0.09870848708487084,0.10103743797925124,0.08816914080071975
0.07760927743086529,0.09260908281389137,0.09574944071588366,0.09221128021486123,0.11298932384341637,0.11979648473635522,0.13351375732972484,0.17462422634836428,0.17766947275143996,0.22020842772995017,0.23968835930339139,0.2754296330701347,0.2925958965209634,0.319854611540209,0.35237679895333623,0.38799076212471134,0.3954033771106942,0.43799472295514513,0.4563021519543259,0.4740773286467487,0.4777127420081045,0.4858058608058608,0.5105386416861827,0.5127358490566037,0.5097698653929656,0.5431111111111111,0.5184684684684685,0.5182546749777382,0.4953354064860062,0.4767857142857143,0.4702137335152342,0.4445438282647585,0.4215686274509804,0.4167420814479638,0.3753501400560224,0.3680679785330948,0.325591985428051,0.301572617946346,0.27088716623600345,0.22980251346499103,0.22582076308784382,0.19268953068592057,0.17416741674167416,0.1487935656836461,0.12801724137931034,0.11858974358974358,0.1042031523642732,0.10217681030653043,0.09481216457960644,0.08396946564885496,0.0776566757493188,0.08548168249660787,0.10663716814159292,0.09600717810677434,0.11592241768155165,0.13247100802854594,0.15320456540825286,0.18054298642533936,0.20213238560639715,0.20670647680293983,0.2607334525939177,0.28776645041705284,0.29688888888888887,0.3430232558139535,0.35082996859578286,0.3865435356200528,0.41252220248667854,0.43704044117647056,0.4706422018348624,0.47116674117121143,0.48379937860630273,0.512646793134598,0.5123595505617977,0.5076438848920863,0.5278026905829596,0.509847806624888,0.5091911764705882,0.49659555152065366,0.4974642692485016,0.4803921568627451,0.4571554770318021,0.45994599459945995,0.4258241758241758,0.39883876730683343,0.3607681755829904,0.33517750115260486,0.3180147058823529,0.3042100497962879,0.2578757875787579,0.23518687329079307,0.21612046058458814,0.17544663307375172,0.16592724046140195,0.15445719329214475,0.13169845594913715,0.11353315168029064,0.09538878842676311,0.09552102376599635,0.08201178069777978,0.08182640144665461
0.0703306939916162,0.06919945725915876,0.07446322521699406,0.09684487291849254,0.10383244206773619,0.12155445097153186,0.12989972652689152,0.1473010064043916,0.17290552584670232,0.20730058584948174,0.23315602836879432,0.258659469185785,0.28366013071895424,0.30482256596906276,0.3434526506570005,0.35851586946803754,0.38884007029876977,0.41229656419529837,0.4446983546617916,0.4478009773434029,0.4583710407239819,0.47574626865671643,0.49081726354453625,0.5060674157303371,0.515817223198594,0.5266485998193315,0.5105990783410138,0.5088289962825279,0.4865116279069767,0.48294930875576036,0.47202797202797203,0.45054945054945056,0.42611060743427015,0.40483516483516485,0.38716814159292035,0.3610738255033557,0.3436669619131975,0.2838137472283814,0.27317510076130763,0.23463203463203464,0.22076155938349953,0.19767960731816153,0.16841147018661812,0.16124721603563474,0.11604714415231188,0.10099637681159421,0.09895833333333333,0.09356458238247375,0.0680089485458613,0.0759493670886076,0.07327001356852103,0.08045977011494253,0.08250226654578423,0.10226244343891402,0.1162991785559879,0.12311901504787962,0.15482695810564662,0.1569872958257713,0.17290552584670232,0.2213225371120108,0.24672390420244011,0.2509107468123862,0.3069936421435059,0.32103645147123405,0.35004557885141296,0.35998193315266486,0.4118190212373038,0.41013824884792627,0.44724770642201833,0.46699595868881905,0.4742831133363678,0.47680970957954055,0.5149620366234926,0.5034137460172963,0.516945323090827,0.515263644773358,0.5291418081688848,0.5038866026520348,0.5106580166821131,0.49212775528565,0.4612961296129613,0.443652561247216,0.41651705565529623,0.38873994638069703,0.3649332719742292,0.34253897550111356,0.3144283121597096,0.28172942817294283,0.23753399818676338,0.22290004692632567,0.19918144611186903,0.17917034421888792,0.15610859728506787,0.11913357400722022,0.11029411764705882,0.10008591065292097,0.0921825576140985,0.08042895442359249,0.07702582368655388,0.06693989071038252
0.06525735294117647,0.06300997280145058,0.06672719019518839,0.08239861949956859,0.0805025593299209,0.10702947845804989,0.11597472924187725,0.14468279324509356,0.17589720868409392,0.19730337078651686,0.2244617498854787,0.23408892763731473,0.26865671641791045,0.3091239219246482,0.34330418775885874,0.3599274705349048,0.39246823956442833,0.4182948490230906,0.42221180880974696,0.45761207279183314,0.46423811639271434,0.4762550881953867,0.4943769680611786,0.4971046770601336,0.5081677704194261,0.5124003542958371,0.49552772808586765,0.5004480286738351,0.4838709677419355,0.4741340530814215,0.4696969696969697,0.4457347029924073,0.416,0.40701914311759346,0.3774597495527728,0.3525985663082437,0.32677345537757435,0.28928884986830555,0.2591289045314562,0.25196123673281035,0.20605512878445548,0.1897269782508098,0.1613194758246724,0.1268357810413885,0.11155555555555556,0.09517485613103142,0.09066059225512528,0.08258064516129032,0.07646245969599264,0.06420323325635104,0.06373937677053824,0.06485539000876424,0.07479601087941977,0.07412339103417666,0.0865128660159716,0.120233288470166,0.12760416666666666,0.16829484902309058,0.17644404332129965,0.1972286374133949,0.2527124773960217,0.2755238519839501,0.30058584948174855,0.307057745187901,0.3361811191798377,0.36675700090334235,0.39672429481346677,0.4098360655737705,0.43897996357012753,0.46780729401170645,0.5065344749887337,0.47830144657022866,0.4981651376146789,0.501588742623695,0.5194862710363153,0.5037231712658782,0.5183709606020362,0.5015801354401805,0.4803705337450375,0.47442281575373474,0.4574844995571302,0.4376114081996435,0.39836289222373805,0.39041414611447184,0.34832451499118167,0.33162552398695855,0.305,0.2742751955821445,0.2412539754656974,0.24045454545454545,0.18847699866011614,0.160786065207682,0.13914988814317675,0.12041647804436396,0.11817771763644565,0.10696629213483146,0.08171557562076749,0.07231690465223399,0.06693989071038252,0.06389776357827476
0.05622119815668203,0.047575894879927506,0.06147186147186147,0.08046490835940992,0.08719101123595506,0.10361340879407924,0.11351590106007067,0.1326949384404925,0.1679253665037761,0.19306049822064056,0.21221719457013574,0.24622892635314997,0.27019498607242337,0.2837465564738292,0.3382949932341001,0.35390199637023595,0.3770189201661283,0.41832669322709165,0.4126637554585153,0.42618384401114207,0.4647636039250669,0.47783251231527096,0.4908508691674291,0.5045913682277319,0.5176103432902363,0.49173553719008267,0.4860861759425494,0.501561802766622,0.47855839416058393,0.47505720823798625,0.4439441692931112,0.4443458980044346,0.42444745151105095,0.41210762331838563,0.3874709976798144,0.3240449438202247,0.3211177278973889,0.2815405046480744,0.2638888888888889,0.21803812180381218,0.20344358858178524,0.18022181146025879,0.15956969968623935,0.1326344576116682,0.11538461538461539,0.09169708029197081,0.07520510483135825,0.06040564373897707,0.057025547445255474,0.06103074141048825,0.05037895675434686,0.06132723112128147,0.06140350877192982,0.07612005219660722,0.09738822487826472,0.10815682739972961,0.11060537096040055,0.1463525147258722,0.18036332179930795,0.184553210597216,0.22799817601459188,0.2652777777777778,0.2828235294117647,0.3134851138353765,0.33229537366548045,0.3787477954144621,0.3721356553620532,0.4211017740429505,0.4418073938840712,0.45646067415730335,0.4783992723965439,0.4796747967479675,0.5034904013961605,0.5018744142455482,0.5215992647058824,0.5075892857142857,0.4962439239946973,0.4986376021798365,0.4744042365401589,0.479014598540146,0.43888396811337466,0.4361610968294773,0.3960857409133271,0.368141592920354,0.3502325581395349,0.3279785809906292,0.30589293747188484,0.26988382484361034,0.2605537902859737,0.2031107044830741,0.1864864864864865,0.15646893974778142,0.131981981981982,0.1139689578713969,0.10737033666969972,0.08168884809545664,0.07443509082853345,0.06790402897238569,0.05550621669626998,0.05831037649219467
0.05246636771300448,0.05930656934306569,0.0695970695970696,0.05790960451977401,0.07945823927765237,0.09421265141318977,0.11090909090909092,0.14841305319624498,0.16689280868385345,0.18908465835840138,0.21301247771836007,0.23391812865497075,0.25902808738296923,0.2806451612903226,0.30629814227458085,0.33613838242169236,0.37815884476534295,0.39544235924932974,0.44717330861909177,0.45490367775831875,0.45588235294117646,0.4948866162738995,0.4990990990990991,0.4786169244767971,0.5041246562786434,0.4760164458656921,0.49930907415937353,0.4931756141947225,0.48375768217734855,0.4558417663293468,0.4478499542543458,0.44091954022988505,0.4223255813953488,0.3931469792605951,0.3747663551401869,0.33510167992926615,0.3283052351375333,0.2682817406908928,0.24848484848484848,0.22813186813186814,0.20146856356126663,0.17685487634157723,0.144367816091954,0.12571934484285083,0.09728506787330317,0.08661417322834646,0.07731015553522415,0.05432780847145488,0.051747616886064454,0.04975124378109453,0.05193075898801598,0.04732142857142857,0.0647985989492119,0.06361209964412812,0.08509659613615456,0.10429722470904208,0.1278295605858855,0.14961346066393816,0.17545414266725742,0.1958670260557053,0.23123382226056946,0.2595454545454545,0.28152753108348133,0.3300927971718957,0.33166969147005443,0.35323159784560143,0.36877224199288255,0.4,0.4339622641509434,0.45785270629991126,0.4553846153846154,0.476791347453808,0.4891736632788334,0.5009025270758123,0.5071659731853907,0.5030541012216405,0.4780269058295964,0.4464751958224543,0.494050242397532,0.46485260770975056,0.4264382960035134,0.42580935251798563,0.41197988111568357,0.36289222373806274,0.3389010989010989,0.32568600989653623,0.3042525208241999,0.25428194993412384,0.24283154121863798,0.20473157415832574,0.18562610229276896,0.15296279283417547,0.14350590372388738,0.11878453038674033,0.09171322160148976,0.07748739110499771,0.07275132275132275,0.06133333333333333,0.0466995958688819,0.048025134649910234
0.042515500442869794,0.04779411764705882,0.05786618444846293,0.05978742249778565,0.07876230661040788,0.08907056798623064,0.10606060606060606,0.14135886912904697,0.14766606822262118,0.18050373134328357,0.2131373449701424,0.24845814977973568,0.2631115028646981,0.3107869142351901,0.3145665773011618,0.3375992939099735,0.37532467532467534,0.42105263157894735,0.41304347826086957,0.43911272068809415,0.46953405017921146,0.4709226060341058,0.4894592117323556,0.5066544286369894,0.49906716417910446,0.5152193375111906,0.4928762243989314,0.4904852521408183,0.4902670891806247,0.48082855883649184,0.4611913357400722,0.4428246013667426,0.4344405594405594,0.40343735866123925,0.3611231101511879,0.33228699551569507,0.3133242382901319,0.27530176415970287,0.2495583038869258,0.22626079054975012,0.2049074472664658,0.1642920747996438,0.1459008800370542,0.1323918799646955,0.09254267744833783,0.08043380027112516,0.06368563685636856,0.05887640449438202,0.049689440993788817,0.03532008830022075,0.04638472032742155,0.04944812362030905,0.05313351498637602,0.0677035681610247,0.07924003707136237,0.10140334993209597,0.12401665895418787,0.15718627876682587,0.17169896349707076,0.19496021220159152,0.2187638950644731,0.25906040268456376,0.2692307692307692,0.31352363125877397,0.3380799265043638,0.3353021353930032,0.3847525635309853,0.4195274186357557,0.43242049469964666,0.4513826940231936,0.45628902765388046,0.47885402455661663,0.49229414354909734,0.4973021582733813,0.5163427561837456,0.5055481580115402,0.4871099050203528,0.4959202175883953,0.46604110813226096,0.45158411423471667,0.45029775538250116,0.41246020918599363,0.3955901426718547,0.3821773082223243,0.32771961766044605,0.3297970479704797,0.2909090909090909,0.24663885025498378,0.24646017699115044,0.2139369729249889,0.17443946188340806,0.14148351648351648,0.12951263537906138,0.10404624277456648,0.08695652173913043,0.0794759825327511,0.06633119853613907,0.047448522829006266,0.046532846715328466,0.04974897307165678
0.04966139954853273,0.045454545454545456,0.05208801077682981,0.05585106382978723,0.08245048364808844,0.08897126969416126,0.1188118811881188,0.12471859522737505,0.1474051460968164,0.18641810918774968,0.21198568872987478,0.25915996425379806,0.2651685393258427,0.2804986642920748,0.31636363636363635,0.3579088471849866,0.37070120589548905,0.40846366145354185,0.4069089277703006,0.44275862068965516,0.4486948694869487,0.47156726768377255,0.4863436123348018,0.4931202840656902,0.5008920606601249,0.4849977608598298,0.49770431588613406,0.5034334763948498,0.5035460992907801,0.4604251469923112,0.45710332103321033,0.4310193321616872,0.40995998221431745,0.397024639702464,0.3649332719742292,0.3481123792800702,0.32402745995423343,0.2782646801051709,0.2458426966292135,0.23363636363636364,0.1903914590747331,0.16636851520572452,0.14234234234234233,0.11345522737927802,0.09140767824497258,0.07333333333333333,0.05851528384279476,0.048465984882169855,0.052772808586762074,0.04409171075837742,0.03882618510158013,0.05635062611806798,0.05377777777777778,0.06832579185520361,0.08162313432835822,0.09599254426840634,0.11732101616628175,0.13259423503325943,0.1815301041195111,0.1836734693877551,0.21661456007146046,0.24365942028985507,0.2702947845804989,0.29547511312217195,0.32468694096601075,0.3670309653916211,0.3844765342960289,0.4105310129406515,0.42226310947562096,0.43868579361406757,0.48845470692717585,0.4851801185590515,0.46121883656509693,0.5128320576316975,0.5076853526220615,0.5129003558718861,0.48990136214185065,0.4808791208791209,0.49440619621342513,0.4664867296446244,0.43610732150977716,0.4233348234242289,0.395985401459854,0.3841927303465765,0.34303912647861695,0.32723214285714286,0.28852889667250436,0.24726775956284153,0.23617868199911543,0.22703962703962705,0.1600175361683472,0.15575221238938053,0.12828649138712603,0.11156462585034013,0.08849955076370171,0.07472035794183446,0.056802565277141545,0.040897097625329816,0.049820466786355475,0.04941599281221923
0.04450378282153983,0.04103967168262654,0.043733092876465283,0.05358807082945014,0.07811038353601497,0.09696420480289987,0.10507080858839653,0.1284116331096197,0.15096830985915494,0.17310252996005326,0.20776874435411022,0.23608017817371937,0.25957638575935105,0.2954136690647482,0.3333333333333333,0.3428446005267779,0.39078341013824885,0.39195979899497485,0.42251004912907547,0.4373005015959872,0.460801393728223,0.465158371040724,0.49125168236877526,0.5091558731576596,0.5039370078740157,0.4997758852532497,0.516215015548645,0.4831858407079646,0.4786206896551724,0.4605563155494756,0.46471127406049495,0.4292094685127289,0.40548915449313855,0.38636363636363635,0.3498168498168498,0.33274879438842614,0.30915524104378594,0.28525345622119813,0.24602473498233215,0.22325787838437638,0.20950622981079833,0.1499540018399264,0.13302961275626424,0.12029051293690422,0.1016873889875666,0.08585409252669039,0.060123784261715295,0.052312003736571695,0.050674105067410505,0.041264266900790166,0.04715302491103203,0.05348314606741573,0.058720420683610865,0.06421612046058459,0.08459483526268922,0.09977324263038549,0.1264262893655865,0.1533487297921478,0.15367180417044424,0.18538565629228687,0.2265193370165746,0.24419134396355352,0.2765957446808511,0.308340727595386,0.3400992331980153,0.3593886462882096,0.3989169675090253,0.4119182253153545,0.4061946902654867,0.45389755011135857,0.46991150442477875,0.4797687861271676,0.48257372654155495,0.49057471264367813,0.5138269402319358,0.47876106194690266,0.5120728929384966,0.5011195700850873,0.4853273137697517,0.4649042844120328,0.437989857076994,0.4179236912156167,0.39953917050691246,0.36657801418439717,0.34928007431490943,0.3229951262738148,0.2864035087719298,0.26660722246990637,0.24286361576801088,0.20088105726872246,0.17892824704813806,0.1513157894736842,0.1374113475177305,0.11543684925305568,0.08197484862598975,0.07651006711409396,0.062025881302989735,0.05020727775218793,0.05251141552511415,0.04746393671475105
0.05013192612137203,0.0438715513342379,0.055531070956368445,0.06583629893238434,0.08184727937814358,0.08905043162199,0.10195721438324988,0.13504823151125403,0.1491108071135431,0.1816907986921999,0.22170900692840648,0.22483537158984007,0.24458483754512636,0.29315068493150687,0.33133916244822825,0.34162594402487784,0.37422222222222223,0.4008133755083597,0.426043557168784,0.4531818181818182,0.46150422785936807,0.4642369020501139,0.49276018099547514,0.4902135231316726,0.49010791366906475,0.4849290780141844,0.5023105360443623,0.49726027397260275,0.4802065404475043,0.4788602941176471,0.4496583143507973,0.42577777777777776,0.43172779496243924,0.4012539184952978,0.364376130198915,0.32823052678973436,0.29888641425389756,0.2746543778801843,0.2641421224871435,0.2339572192513369,0.19574844995571303,0.15955631399317405,0.14809960681520315,0.10940325497287523,0.09762773722627738,0.09864094695309075,0.06338349293205654,0.058688674919761576,0.04732690622261174,0.047265987025023166,0.045612510860121636,0.046762589928057555,0.06778129236330772,0.0687757909215956,0.08398950131233596,0.09506885828520657,0.11729253592953176,0.14543057996485062,0.1584723441615452,0.18684668989547037,0.22018348623853212,0.2570914002701486,0.2775098640946953,0.2995126273814798,0.32888295505117937,0.3652907234798047,0.38127240143369173,0.4152503445107947,0.43655519926706365,0.4498158379373849,0.4727921498661909,0.484368119771026,0.4857518632178869,0.4986654804270463,0.5048932384341637,0.4947608200455581,0.4945994599459946,0.48604342046965,0.49372197309417043,0.4540540540540541,0.4414044687642499,0.40391459074733094,0.3904633378317589,0.39100504818724185,0.34715261958997723,0.3170194003527337,0.3024498886414254,0.266489597166888,0.23524069028156222,0.20644599303135888,0.17757437070938215,0.15627822944896116,0.12449799196787148,0.10423162583518931,0.08616674429436423,0.07307171853856563,0.05137449301487156,0.05130513051305131,0.0472972972972973,0.04786010124252186
0.04871323529411765,0.05308588692274493,0.058360352014821676,0.06899601946041574,0.07941579187585578,0.08713503649635036,0.12266301869585043,0.12228260869565218,0.1639124609200536,0.17931345980126467,0.20840867992766726,0.22467771639042358,0.25658492279745687,0.28887884267631103,0.3195077484047402,0.3371091980063435,0.3904418394950406,0.40700808625336926,0.42748091603053434,0.4604916593503073,0.45862989323843417,0.46285457001350744,0.4935181046043809,0.5122822688700313,0.5024808299503835,0.5198572066041945,0.4806828391734052,0.4902416356877323,0.48600621945801864,0.4703753957485301,0.4629464285714286,0.4272151898734177,0.40535714285714286,0.40636363636363637,0.3736166445329792,0.34,0.30800359712230213,0.28663594470046083,0.24517287831162998,0.20345140781108084,0.1990990990990991,0.18596171376481313,0.14112903225806453,0.11527904849039342,0.11178388448998602,0.08120649651972157,0.07640144665461121,0.057476425684777725,0.06772908366533864,0.04924578527062999,0.05630630630630631,0.06252752091589608,0.0651978417266187,0.06935630099728014,0.07623318385650224,0.11624775583482945,0.12539610683567226,0.1490036231884058,0.18165627782724844,0.19855269109000453,0.23605947955390336,0.2633257403189066,0.2671232876712329,0.3070447496677005,0.33439201451905626,0.3705697622252131,0.40895129442738043,0.403976502485314,0.43405381561535067,0.44026845637583895,0.4877936434822662,0.503779457536683,0.4884353741496599,0.5018132366273799,0.4984297891431135,0.5120072496601722,0.490036231884058,0.47409805735430155,0.4676593764541647,0.4755120213713268,0.44316163410301956,0.4224099599822143,0.3949433304272014,0.35943223443223443,0.3477272727272727,0.32223222322232226,0.2871242709735307,0.258266309204647,0.2376502002670227,0.18401826484018266,0.19388194743644982,0.1490299823633157,0.134375,0.11918735891647855,0.09563218390804598,0.08374384236453201,0.0660253607345868,0.05739514348785872,0.05235137533274179,0.04495912806539509
0.05188470066518847,0.06379234491860977,0.04317180616740088,0.07249560632688928,0.07320379575237235,0.10174029451137885,0.11229946524064172,0.13116236996834013,0.1694086260560249,0.18492834026814609,0.21580135440180587,0.23534756928668787,0.2621184919210054,0.3028201571890892,0.3119861531804414,0.35707762557077627,0.3949016100178891,0.4093836246550138,0.4357208448117539,0.43981693363844393,0.48534798534798534,0.4993354009747452,0.4827272727272727,0.48661343353687175,0.5036003600360036,0.5002217294900222,0.5064993276557598,0.5015858631626643,0.501779359430605,0.45679548415110727,0.4632252169940612,0.4338235294117647,0.42771913721890775,0.4017353579175705,0.3726953467954346,0.3455643288434742,0.32302867383512546,0.28631480616534327,0.2574931880108992,0.21164021164021163,0.19431920649233544,0.18198037466547726,0.1485838779956427,0.12622222222222224,0.10018382352941177,0.09617977528089888,0.08123877917414722,0.07110507246376811,0.06739606126914661,0.06608933454876938,0.05630630630630631,0.06313917296576256,0.07380073800738007,0.07540394973070018,0.09086799276672694,0.12038244241634072,0.11982182628062361,0.1457242582897033,0.16802750322303395,0.22027204914436158,0.2501138952164009,0.25419240953221534,0.2597402597402597,0.3162393162393162,0.3511777301927195,0.36071592473611747,0.3932432432432432,0.4038375725122713,0.4517162471395881,0.4660714285714286,0.48933333333333334,0.4736371760500447,0.4983863531581374,0.5024696901661428,0.5134151887221464,0.5206162211146352,0.5094827586206897,0.49284725426857406,0.46908602150537637,0.46454219030520644,0.4681598594642073,0.41151881096144916,0.3922973578145992,0.3904847396768402,0.3459483526268923,0.288858939802336,0.3029345372460497,0.270148581719946,0.2310437109723461,0.2272108843537415,0.18620378719567177,0.16121809225257502,0.13852421910366683,0.1221408966148216,0.09273840769903761,0.08612873980054397,0.06781153676794363,0.05390835579514825,0.0494279176201373,0.058319039451114926
0.056261343012704176,0.06385869565217392,0.08487247141600704,0.07770870337477798,0.09693877551020408,0.1088929219600726,0.12695574430040232,0.14071294559099437,0.17565139263252472,0.18127853881278538,0.21173814898419865,0.25191873589164787,0.28382687927107064,0.3322770484382073,0.3253610108303249,0.3533487297921478,0.38282320694380995,0.4046973803071364,0.43615107913669066,0.4558756287151349,0.46753832281334534,0.4779445202364711,0.48020257826887663,0.5107476635514019,0.5292782569223786,0.5073627844712182,0.5155056179775281,0.515638963360143,0.49352967425256583,0.4666666666666667,0.45701357466063347,0.43933987511150757,0.4087968952134541,0.39696699375557537,0.3635959056519804,0.3596297928602909,0.3174955595026643,0.28910168718650253,0.26415949252378795,0.2432924056389268,0.2175732217573222,0.18828828828828828,0.16433408577878103,0.13608957795004306,0.10220621341737957,0.10197368421052631,0.08905626938413824,0.07513416815742398,0.06971480307831598,0.07262823422605538,0.06755514705882353,0.0609973285841496,0.07136485280999108,0.09566787003610108,0.11062527328377787,0.11428571428571428,0.14081358962896737,0.15225225225225225,0.18019257221458046,0.20993227990970656,0.2301801801801802,0.2620441242683476,0.28698752228163993,0.3134057971014493,0.3453796889295517,0.3736166445329792,0.39892665474060823,0.4269813000890472,0.42948717948717946,0.4630474452554745,0.4687089715536105,0.4870630957784839,0.4874776386404293,0.5066666666666667,0.5092552733534222,0.5134887974394147,0.5042620008972634,0.4941069809610154,0.48287819679237104,0.4572819831783975,0.46303501945525294,0.4371584699453552,0.4143356643356643,0.375513933302878,0.369449378330373,0.33425287356321837,0.3145197997269003,0.2842197035745423,0.23377777777777778,0.2099219108865411,0.20893501805054152,0.17983651226158037,0.15591144606688648,0.1212661613909942,0.10808473843493299,0.08454545454545455,0.09506885828520657,0.07907817442385902,0.07019102621057308,0.058849754792688364
0.0684931506849315,0.06922398589065255,0.0891976692066338,0.09131602506714413,0.10008703220191471,0.10807050092764378,0.12619155696777123,0.15519568151147098,0.165075034106412,0.1900972590627763,0.21846153846153846,0.24849327770050997,0.2745995423340961,0.3237250554323725,0.3436936936936937,0.3671119299861815,0.3925191527715187,0.3967391304347826,0.4423758865248227,0.45509822263797944,0.4821831303563374,0.48766519823788546,0.5102692834322228,0.49866190900981266,0.4940639269406393,0.511180679785331,0.5342093339374717,0.5129233511586453,0.4975929978118162,0.4884875846501129,0.47731239092495636,0.4524647887323944,0.4382998171846435,0.39889705882352944,0.3777484608619173,0.36420302760463047,0.33088572739788896,0.2943278249218401,0.2710237659963437,0.249212775528565,0.21029476462824462,0.18307349665924277,0.18169877408056043,0.14699429574374726,0.13586459286367794,0.10861759425493717,0.10384263494967978,0.08840775823184484,0.07818352059925093,0.07146007940008822,0.07312775330396476,0.08042421564295184,0.0877112836911832,0.09463028169014084,0.10107816711590296,0.13218650973291082,0.1487750556792873,0.1762805722196585,0.1946702800361337,0.22140221402214022,0.24572457245724572,0.2656810035842294,0.3008531656937584,0.3134396355353075,0.3430335097001764,0.3947136563876652,0.3977777777777778,0.43466424682395643,0.45293072824156305,0.47996438112199463,0.4982300884955752,0.5039404553415061,0.5038972948188905,0.4896115627822945,0.5418133802816901,0.514505893019039,0.5242761692650334,0.5,0.47681498829039815,0.47353888633225955,0.4675081813931744,0.4339706536238328,0.42475512021371326,0.3781818181818182,0.3669849931787176,0.341019955654102,0.3215258855585831,0.2752129090094128,0.26785714285714285,0.22881739918441324,0.19544419134396354,0.17899543378995433,0.1468721668177697,0.14721485411140584,0.09690627843494086,0.10264455401165397,0.09279778393351801,0.09542483660130718,0.06241457858769932,0.07482394366197183
0.0695807314897413,0.08655126498002663,0.09046991655687307,0.09630305796439982,0.1102257636122178,0.12108843537414966,0.14147627416520211,0.16666666666666666,0.19624025676295279,0.2019099590723056,0.23300536672629696,0.2796833773087071,0.29009009009009007,0.3184549356223176,0.3547802446760308,0.3898678414096916,0.3828623518687329,0.4080105633802817,0.43846153846153846,0.48973880597014924,0.48891843971631205,0.5004672897196262,0.5146536412078153,0.5164488508337088,0.5430916552667578,0.5164340387212967,0.4990909090909091,0.5146017699115044,0.49308118081180813,0.49440820130475305,0.4688480502017033,0.4578426754592558,0.4322845417236662,0.41340530814215026,0.39840823970037453,0.36379769299023956,0.3315388066397488,0.2898806893504198,0.27737881508078993,0.25419881979119385,0.23524189968930315,0.21332133213321333,0.17332163229486616,0.15673693858845097,0.14011601963409193,0.11072362685265912,0.1016260162601626,0.08980921358771522,0.07996485061511424,0.08019936565473493,0.08064516129032258,0.09034267912772585,0.08796090626388271,0.10320597277119016,0.12373403786878027,0.12207207207207207,0.16892502258355918,0.18769787426503845,0.21576576576576575,0.22939560439560439,0.26263537906137185,0.2832214765100671,0.3284313725490196,0.33829321663019696,0.3641860465116279,0.393993724787091,0.4009090909090909,0.44916003536693194,0.42927484333034915,0.4705619982158787,0.5095598043574923,0.5095802919708029,0.504359197907585,0.5164044943820225,0.5187528242205152,0.5252796420581656,0.5128764731558272,0.49573033707865166,0.5023364485981309,0.4788732394366197,0.4537740062527914,0.45089285714285715,0.420863309352518,0.40073193046660566,0.38728070175438595,0.35118250780901383,0.3327386262265834,0.29130434782608694,0.265426497277677,0.24887082204155375,0.2166885102664919,0.18692022263450836,0.1576596694953104,0.13758680555555555,0.12601626016260162,0.11507936507936507,0.09712230215827339,0.09517304189435337,0.07577748576434516,0.0796221322537112
0.09922621756941284,0.09841269841269841,0.10537918871252204,0.11199294532627865,0.12326931665922286,0.13132250580046403,0.15448658649398705,0.16372093023255813,0.19594892118009688,0.21984524351388257,0.24212860310421286,0.28276481149012567,0.3123836126629423,0.34114465975664715,0.3531781557743957,0.3582986592695331,0.391789379741187,0.4485260770975057,0.44536271808999084,0.4630606860158311,0.4960847535697835,0.49408014571949,0.49826539462272335,0.5286903197547087,0.5147737765466297,0.5436671239140375,0.5162471395881006,0.5289217954650625,0.49404761904761907,0.5006778129236331,0.487133984028394,0.47103726986977995,0.43698570809874404,0.4178321678321678,0.40472103004291843,0.3641184268669907,0.3382882882882883,0.31519274376417233,0.28269484808454426,0.24743709226467847,0.21920853712761226,0.20133630289532295,0.18404059040590406,0.17217391304347826,0.16385980883022302,0.13842696629213483,0.11770031688546853,0.11237488626023658,0.09235528060097216,0.09827115559599636,0.09633649932157395,0.09486709440879927,0.10355695632597929,0.10913930789707187,0.12117177097203728,0.155718879191548,0.15496148618033528,0.17874610938194754,0.21402383134738773,0.22624014835419565,0.2689189189189189,0.29181654676258995,0.2921604375569736,0.3318140382862352,0.3606247042120208,0.4248452696728559,0.4131147540983607,0.4334724153917478,0.45037494486104984,0.48725972284309343,0.49445676274944567,0.508843537414966,0.5217196596506941,0.5298607992815447,0.5494652406417112,0.5400824553366926,0.5036764705882353,0.5191793041926851,0.5058876811594203,0.48451730418943534,0.4718019257221458,0.4708803611738149,0.44176524112829846,0.40516473731077474,0.38623156012516763,0.34201235657546336,0.3303411131059246,0.32764190124596215,0.2534398579671549,0.25056844020009095,0.2088808337109198,0.19720216606498195,0.17064544650751548,0.14698909435751542,0.12907548012505582,0.12014453477868112,0.12182971014492754,0.09863636363636363,0.10079699953117674,0.09040590405904059
0.11653474054529464,0.10989010989010989,0.11945701357466064,0.12398190045248869,0.14754797441364606,0.15419094576423129,0.17398945518453426,0.17636605952909817,0.20429146177916854,0.25148605395518975,0.2558876811594203,0.2719928186714542,0.30844444444444447,0.3448759943846514,0.36455463728191,0.39207459207459205,0.41689373297002724,0.4516994633273703,0.45675675675675675,0.4632922936616507,0.5040071237756011,0.4949863263445761,0.5174064403829417,0.5376196990424077,0.5395748530076888,0.5246187363834423,0.5295194508009153,0.5312361541869739,0.5175044883303411,0.49731182795698925,0.4784330985915493,0.4792219274977896,0.44668192219679637,0.42640034737299176,0.423992673992674,0.3948535936113576,0.3676268861454047,0.30075521990226567,0.2988245931283906,0.2881504153913424,0.2432183908045977,0.23640449438202246,0.19282317336792046,0.17939448712155445,0.17162471395881007,0.1509098979138926,0.12326311071268489,0.11696428571428572,0.12697695436059647,0.10813186813186813,0.10663716814159292,0.1184958460865763,0.1244153414405987,0.13399280575539568,0.13706041478809738,0.1590394200271862,0.16109839816933638,0.19981875849569553,0.22400366468163077,0.25,0.26051924798567594,0.30031376064545046,0.32941708088567556,0.35424354243542433,0.37382760160786066,0.4143356643356643,0.43234767025089604,0.4409090909090909,0.4628393413440142,0.5,0.504836480884385,0.5140510159965412,0.5165919282511211,0.5263157894736842,0.5452478399272397,0.5386004514672686,0.5187307183781401,0.5256294964028777,0.49954954954954955,0.4966292134831461,0.46921641791044777,0.46393146979260597,0.4339378238341969,0.3996423781850693,0.39898757478140817,0.3609519612163949,0.34684684684684686,0.3204099821746881,0.27580149319279756,0.25398230088495577,0.24266666666666667,0.21155595996360327,0.19784172661870503,0.17451403887688985,0.15111695137976347,0.13783783783783785,0.12688270196257417,0.11700680272108843,0.10862619808306709,0.10711071107110712
0.12939585211902616,0.13724624889673434,0.1270619705751226,0.13928083750568956,0.16064073226544623,0.1497563136907399,0.1884432945235015,0.20444444444444446,0.20707732634338138,0.24697445091887046,0.2745183887915937,0.2831700801424755,0.3112290008841733,0.3285650424675905,0.37209302325581395,0.3861824623560673,0.4202764976958525,0.46181653863533667,0.46182669789227165,0.49801324503311256,0.5125284738041003,0.5291723202170964,0.5349887133182845,0.5451727192205491,0.538563829787234,0.557238307349666,0.5448460508701473,0.5385329619312906,0.5117540687160941,0.4920562868815252,0.5,0.4830985915492958,0.46485473289597,0.42723214285714284,0.4132420091324201,0.4060251798561151,0.3756708407871199,0.33888388838883887,0.2996712071395021,0.2784191829484902,0.2611408199643494,0.2309407044137316,0.20731163620151583,0.21026564610535795,0.17139001349527666,0.16877453118185784,0.1380697050938338,0.13266199649737304,0.13617977528089886,0.12877082395317424,0.11707988980716254,0.13583032490974728,0.133575647432985,0.16831238779174149,0.15046296296296297,0.1928888888888889,0.18696629213483146,0.20381882770870338,0.24153498871331827,0.26902173913043476,0.28662131519274375,0.31264057579847054,0.3373386737872719,0.352068345323741,0.3964835164835165,0.41312217194570133,0.4472134118713185,0.4576048951048951,0.4814174589455488,0.504,0.5117041198501873,0.5287460389316433,0.5398886827458256,0.5344827586206896,0.5528714676390155,0.5426636568848758,0.5343650432407829,0.5347498893315626,0.5029478458049886,0.4942119323241318,0.4957759004001779,0.4847380410022779,0.4446397188049209,0.422874671340929,0.3882248782647189,0.37980339588918677,0.35691753041910773,0.3201948627103631,0.2884347422201579,0.27191413237924866,0.24616771866546439,0.22546782291191236,0.19919427036705462,0.19328859060402684,0.1608933454876937,0.14583333333333334,0.14767932489451477,0.1341301460823373,0.12844036697247707,0.12585812356979406
0.13744292237442923,0.1383219954648526,0.14445939883355766,0.15077910174152154,0.16526610644257703,0.1767104666968736,0.19662408759124086,0.2025709219858156,0.25033768572714993,0.2600513259195894,0.2801801801801802,0.31659882406151063,0.3498910675381264,0.3635547576301616,0.3966681674921207,0.4202440126525079,0.42166517457475383,0.438953488372093,0.49591280653950953,0.5013404825737265,0.49889429455992923,0.5304424003504161,0.5155820348304307,0.5684074233923176,0.5575011831519167,0.5507972665148064,0.5648401826484019,0.5485157288435977,0.5386727688787185,0.5309852875613018,0.5088676671214188,0.49122807017543857,0.4558891454965358,0.43569794050343247,0.4247948951686418,0.39412811387900354,0.3752839618355293,0.36089177891314445,0.32647584973166366,0.3033033033033033,0.2762735199632859,0.2789620018535681,0.23128944995491435,0.22181484876260313,0.1911030413073082,0.1854945054945055,0.15439856373429084,0.14305364511691884,0.15779981965734896,0.1481810115350488,0.1320669380370873,0.14477335800185015,0.1501766784452297,0.15693267944716896,0.17028003613369466,0.1868953386103782,0.21812527765437584,0.2350022552999549,0.23306595365418895,0.2820280669986419,0.30758988015978694,0.32825112107623317,0.3598768147822261,0.3701478743068392,0.38159675236806495,0.41794409377817854,0.4514519056261343,0.4714285714285714,0.4807692307692308,0.5021795989537925,0.5126385809312639,0.5228381374722838,0.572007200720072,0.5453321364452424,0.5214953271028038,0.5480200273099681,0.5435759209344115,0.537219730941704,0.5106286748077793,0.5309534568459106,0.4959641255605381,0.4448462929475588,0.4753521126760563,0.42649006622516555,0.41484517304189433,0.39408866995073893,0.3623453962437013,0.34589196550158874,0.28836797877045556,0.2795348837209302,0.24466192170818504,0.23281393217231897,0.2312087912087912,0.20302375809935205,0.17997293640054127,0.16238532110091744,0.1468376824413976,0.1515687140963323,0.14368845120859444,0.13616071428571427
0.16511318242343542,0.1516802906448683,0.16681534344335414,0.16417910447761194,0.19004524886877827,0.20146856356126663,0.20915896081021576,0.2420409943305713,0.26142920550377274,0.2708612226684516,0.29969551979121356,0.3206713780918728,0.33804100227790435,0.3831023692445239,0.39879013494648674,0.4246031746031746,0.44557522123893806,0.46722846441947563,0.5070360598065083,0.5117011701170117,0.529333921482135,0.5353492333901193,0.5545454545454546,0.5466120964074579,0.564079822616408,0.5438517179023508,0.5550867323019222,0.5429799426934098,0.533868092691622,0.5198706099815157,0.5075102412380519,0.5286103542234333,0.48719101123595504,0.4628099173553719,0.4371152154793316,0.401259559154296,0.4,0.36421725239616615,0.3414522058823529,0.3215223097112861,0.2966064345526664,0.2660427807486631,0.2541685443893646,0.22586359610274578,0.1958351794417368,0.19116956317519962,0.18430335097001763,0.18189806678383127,0.161231884057971,0.17040358744394618,0.16725978647686832,0.17345050878815912,0.17054610564010744,0.16957494407158838,0.20559062218214608,0.21886446886446886,0.2457293035479632,0.24673570463755065,0.2766834631241411,0.28131966116807844,0.3092134831460674,0.3263016157989228,0.3630602082390222,0.3660159716060337,0.41298467087466184,0.4321206743566992,0.45293072824156305,0.492773261065944,0.5143259746359793,0.5137533274179237,0.5413839891451832,0.5430374042361424,0.548171275646744,0.5650224215246636,0.5528007346189164,0.5670235546038543,0.5469241131567131,0.5551648351648352,0.5306310456011055,0.5154449054863992,0.5054896794027229,0.4804738920579201,0.46958089229382605,0.44151785714285713,0.4324074074074074,0.39122729286663716,0.3622994652406417,0.34594594594594597,0.32597173144876324,0.30448717948717946,0.30044444444444446,0.2471655328798186,0.23734177215189872,0.2222709338009645,0.19578175149014213,0.1911699779249448,0.17531876138433516,0.16531531531531532,0.16510903426791276,0.14496644295302014
0.17641764176417643,0.1909706546275395,0.20191431175934366,0.1979627989371125,0.21674876847290642,0.2093978102189781,0.22739480752014324,0.24858757062146894,0.2715381145692377,0.27576729271644523,0.3219360568383659,0.3380281690140845,0.37248771773113,0.4072356215213358,0.4231305155596842,0.4336980306345733,0.4605563155494756,0.4772528433945757,0.4896021699819168,0.5024586499776487,0.5432796868203567,0.5476406533575318,0.5731489741302409,0.5514606741573034,0.5710370031978073,0.5587967183226983,0.5823367065317387,0.5697026022304833,0.5674955595026643,0.5476718403547672,0.5464801444043321,0.5090991810737033,0.48158011540168666,0.47920433996383366,0.45232715770447357,0.4250214224507284,0.41972578505086244,0.3761638733705773,0.3449197860962567,0.3121907332433648,0.3027360988526037,0.2825794894760412,0.2599020916777926,0.23518850987432674,0.22186495176848875,0.22102908277404923,0.18539823008849557,0.20081044574515983,0.17839965019676432,0.19796730004418914,0.18674429019256605,0.18612975391498882,0.18755477651183172,0.19075937785910338,0.20844444444444443,0.22828014184397163,0.2530689329556185,0.26557666813963765,0.2853932584269663,0.30404783808647656,0.3274100399822301,0.3495233772128915,0.38106026280018124,0.40167179938407394,0.40745732255166217,0.45656028368794327,0.4763619990995047,0.4966532797858099,0.519053876478318,0.5249554367201426,0.5640439158279963,0.5727762803234502,0.5464801444043321,0.5726232394366197,0.5675553547220967,0.5704989154013015,0.5389326334208224,0.5490654205607477,0.5386969829470922,0.5341841385597083,0.5232991612301957,0.5110132158590308,0.47496490407112774,0.47733454215775156,0.4450600184672207,0.4103815439219166,0.39299610894941633,0.33462532299741604,0.34702353484079373,0.3272565584704313,0.2983271375464684,0.27525363917071016,0.2516914749661705,0.22074468085106383,0.21524663677130046,0.20340501792114696,0.1976374375283962,0.18412698412698414,0.17788898999090083,0.18258551754775657
0.19946571682991987,0.208572691117985,0.20857017927415827,0.22355555555555556,0.23508137432188064,0.23249427917620138,0.27431996311664364,0.27936647602287723,0.2845020098258151,0.31889400921658984,0.3385370205173952,0.3552515445719329,0.4112271540469974,0.3854119765871229,0.42798541476754787,0.44752385279418444,0.46153846153846156,0.48654810761513906,0.5541894353369763,0.5272062185642432,0.5535714285714286,0.5527256478999106,0.5838454784899034,0.5644567219152854,0.5902618282039503,0.5779816513761468,0.5902353966870096,0.5740402193784278,0.554997717937015,0.5311091073038774,0.5401427297056199,0.5390909090909091,0.5175675675675676,0.4706430568499534,0.4648139847601972,0.4447463768115942,0.4204643164230438,0.4015496809480401,0.36428571428571427,0.34071396294622686,0.3033259423503326,0.30022371364653244,0.2656894182317911,0.25594713656387663,0.23654957759004003,0.23713154421469423,0.22389420884632924,0.21209344938158498,0.1902198295199641,0.20980565371024734,0.2039503904455673,0.20426123205187588,0.21393912659902956,0.235950044603033,0.22741433021806853,0.23502514860539553,0.25869074492099325,0.271532184950136,0.30619469026548674,0.3108581436077058,0.3530721282279608,0.3706070287539936,0.38930957683741646,0.4196750902527076,0.4531818181818182,0.46757829730921924,0.4840619307832423,0.5169258920402562,0.5291218637992832,0.5376250543714659,0.5466367713004484,0.5392552714221625,0.5685483870967742,0.5846422338568935,0.5814058956916099,0.5802869042110134,0.5715509854327335,0.5801776531089294,0.5544337137840211,0.542611060743427,0.5563442768411713,0.5163636363636364,0.4889390519187359,0.4717903154153709,0.45433579335793356,0.43470149253731344,0.38893805309734514,0.4056987788331072,0.35135135135135137,0.3487654320987654,0.32180851063829785,0.29858253315043437,0.27885921231326394,0.24867256637168142,0.23167539267015708,0.23709964412811388,0.21297602256699577,0.21690013556258472,0.20027688047992617,0.17723214285714287
0.22141823444283648,0.23279263480929416,0.2278301886792453,0.2384937238493724,0.23901987979657882,0.26332429990966577,0.27858985382631124,0.28116469517743403,0.3144712430426716,0.33695652173913043,0.3462425080682342,0.3835015357612988,0.40433053468846664,0.44235924932975873,0.4356481481481482,0.4546672621706119,0.5006833712984055,0.5036764705882353,0.5161725067385444,0.5456600361663653,0.5614190687361419,0.5722673893405601,0.5694629383044829,0.6024759284731774,0.5865019011406845,0.5829300483941927,0.5957261229829918,0.57543391188251,0.5655296229802513,0.5664115263394868,0.5552447552447553,0.5125973431058177,0.5221080839660562,0.520529197080292,0.46617238183503246,0.43969048702776514,0.426252319109462,0.4307133121308496,0.38858695652173914,0.3604129263913824,0.32036713286713286,0.32504520795660036,0.30206540447504304,0.2866271109082611,0.2630405706642889,0.25436632333184056,0.22163588390501318,0.22929936305732485,0.22520473157415832,0.23421300659754948,0.22598353156450138,0.2224709042076992,0.24360146252285192,0.25126553152323977,0.24510250569476083,0.2724373576309795,0.3019538188277087,0.3048725972284309,0.32799634034766695,0.3425884460367219,0.3621571362157136,0.378561736770692,0.3982624599908551,0.4260355029585799,0.4617848970251716,0.473731884057971,0.5077058564509027,0.5287305122494432,0.5280898876404494,0.5642223260158804,0.5430695233930913,0.5702333773667988,0.602921646746348,0.6027765338110166,0.6170407695831425,0.6028815848716794,0.5949932945909701,0.5902591599642538,0.5810872544540886,0.5570980743394537,0.5442708333333334,0.5244115082824761,0.5332446808510638,0.48070812528370405,0.4795689268073642,0.45113478462251044,0.4087193460490463,0.40418118466898956,0.3836477987421384,0.3574744661095636,0.3288590604026846,0.313588850174216,0.2857802400738689,0.2584171403585483,0.26948775055679286,0.23171285779191278,0.2568430656934307,0.20927092709270928,0.22777268560953254,0.23932016536518144
0.25149150986691143,0.24069148936170212,0.254981884057971,0.2572794437201217,0.25056844020009095,0.2691425951398441,0.282311424790472,0.322294776119403,0.3368181818181818,0.3466010733452594,0.3710865561694291,0.40107671601615075,0.422972972972973,0.4359090909090909,0.467885816235504,0.47896440129449835,0.5024943310657597,0.5158590308370044,0.5241830065359477,0.5470240799636529,0.570993031358885,0.5821727019498607,0.5917721518987342,0.6067623899953682,0.5916702447402319,0.6043133802816901,0.5860692102928128,0.5961538461538461,0.57420814479638,0.5791972378075098,0.550965424337674,0.5510657193605684,0.539103690685413,0.5128205128205128,0.5096369341102645,0.4709115895556574,0.4547970479704797,0.4337188612099644,0.4136384028712427,0.38182652592932537,0.35691894312583966,0.359860078705728,0.3314410480349345,0.31391147244805784,0.2914572864321608,0.28584070796460176,0.24749772520473157,0.2465753424657534,0.2532850022655188,0.23756906077348067,0.25624178712220763,0.26384976525821596,0.2575892857142857,0.2604671661524901,0.28032712403452975,0.2902930402930403,0.3069351230425056,0.3197856185797231,0.33765632237146825,0.3611859838274933,0.38361869504858864,0.39367945823927764,0.41787003610108303,0.4497543546225994,0.45823824737562757,0.4921369102682701,0.5279120879120879,0.5425339366515837,0.5465641952983725,0.5989135355364418,0.573058358929355,0.573225516621743,0.5948788294467307,0.6191992720655141,0.6127493495229835,0.6040449438202247,0.5941043083900227,0.6011743450767841,0.5931972789115646,0.5827695083446098,0.5652173913043478,0.5511741249446167,0.5071942446043165,0.5046275892463641,0.4835511491662911,0.45108947612424666,0.44524560612888686,0.3986455981941309,0.386801099908341,0.37052341597796146,0.36034404708012674,0.314030131826742,0.3235945108455069,0.28514588859416445,0.2807498856881573,0.28054298642533937,0.2652057245080501,0.25473399458972046,0.2408691631992603,0.2237017310252996
0.25838779956427016,0.25842178126442084,0.274622892635315,0.2811801519892713,0.3014871563767463,0.30630233583076244,0.31536748329621384,0.34555207867679927,0.3624830086089715,0.3639170710189678,0.3920606601248885,0.4062784349408553,0.4233378561736771,0.47013920071845533,0.4790925266903915,0.5189647478804106,0.516260162601626,0.5490107913669064,0.5566458519179304,0.5667112896028559,0.5897085610200364,0.5968957871396896,0.6112600536193029,0.6168141592920354,0.6040632054176073,0.6063449508489723,0.6146788990825688,0.616973506960036,0.5957542908762421,0.5844912595248767,0.5728110599078341,0.5743026977594878,0.539232781168265,0.5179694519317161,0.5235109717868338,0.5036297640653358,0.45975503062117234,0.47337278106508873,0.4259832081307998,0.39622641509433965,0.3774895785085688,0.369106421194432,0.34306887532693986,0.3251505326540065,0.3143248175182482,0.2946584938704028,0.309010989010989,0.28329519450800916,0.2734303912647862,0.2692822113241195,0.2742520398912058,0.2778761061946903,0.2737881508078995,0.28920664206642066,0.3034543069523393,0.31886024423337855,0.34191176470588236,0.35091743119266056,0.35851586946803754,0.3829113924050633,0.41017415215398717,0.41655480984340043,0.45181532944867775,0.4486438417074255,0.49814471243042674,0.4975303098338572,0.5113082039911309,0.55718879191548,0.5618125824901012,0.5897085610200364,0.5834088848594742,0.5964044943820225,0.6099870856650883,0.6174645390070922,0.5962650066696309,0.6216919739696313,0.6020267157991709,0.5966651644885084,0.5803939532753092,0.5651978417266187,0.5677246312025034,0.5724572457245725,0.5421099290780141,0.5170709793351302,0.511679153812252,0.4899598393574297,0.463093559003291,0.4482452243447357,0.4149079479119892,0.4026905829596413,0.39256938227394805,0.3433652530779754,0.336153161175423,0.3219814241486068,0.2902483900643974,0.2992269213278763,0.2796492847254269,0.2767379679144385,0.2916476494751255,0.26973073351903437
0.29981634527089074,0.3061133422579206,0.2870493991989319,0.3109649122807018,0.3296557811120918,0.32550043516100957,0.3497292418772563,0.3533190578158458,0.36255707762557077,0.3945823927765237,0.412,0.44449418084153985,0.4453551912568306,0.4809502465262214,0.49686940966010734,0.5113947128532361,0.5452079566003617,0.550953932061424,0.5607772254857659,0.5922374429223745,0.5788246268656716,0.6121809225257501,0.6161844484629295,0.634315424610052,0.5995535714285715,0.6177676537585421,0.627248201438849,0.6207803594914512,0.6268195853550949,0.5992150021805495,0.5888187556357078,0.5508093525179856,0.5571297989031079,0.5503911642890014,0.5170128148475475,0.4945652173913043,0.4851351351351351,0.4568505338078292,0.43415077202543145,0.42295805739514347,0.412860310421286,0.36523702031602706,0.37207207207207205,0.35896269335759784,0.32332155477031804,0.31514581373471307,0.32043204320432045,0.3138780804150454,0.2873001776198934,0.2753488372093023,0.31013215859030835,0.29292929292929293,0.3071364046973803,0.3230349840981372,0.325354609929078,0.3472041612483745,0.3605112384310269,0.39012003693444136,0.3812384473197782,0.39828209764918626,0.42977777777777776,0.4498175182481752,0.4682645361739902,0.4894366197183099,0.5092267135325131,0.5217190388170055,0.5396895787139689,0.587201442091032,0.5649641577060932,0.5852994555353902,0.6134490238611714,0.6066093254866456,0.6276357110812023,0.6353566681435534,0.6084229390681004,0.6237209302325581,0.6309306569343066,0.6286460600783631,0.6074933095450491,0.6023725834797891,0.598729005901044,0.5804622764936764,0.5400996828273674,0.5515232974910395,0.5139891696750902,0.51102114260009,0.4525089605734767,0.4473929236499069,0.4308176100628931,0.42545616377392076,0.4008078994614004,0.3891402714932127,0.3609090909090909,0.3412343470483005,0.34398579671549046,0.31113058720420683,0.3039260969976905,0.31001805054151627,0.2929199444701527,0.29044117647058826
0.34344827586206894,0.32811801519892714,0.3296411165263624,0.3435448577680525,0.3463992707383774,0.34508594094314676,0.37864513234634367,0.38512911843276937,0.40327719617660446,0.41689623507805323,0.42742295667708796,0.4394845835250805,0.46772068511198944,0.4837973528069375,0.5237040319007532,0.5388107126645484,0.5559599636032757,0.5645306859205776,0.5809128630705395,0.6025699862322166,0.6256781193490054,0.6211699164345403,0.6310810810810811,0.6234425473004154,0.635665914221219,0.6522923286427599,0.6397156819191471,0.6479063484916704,0.6170403587443947,0.6122266845158412,0.5908883826879271,0.6005522319374137,0.5844273426889995,0.5539083557951483,0.5344202898550725,0.5156889495225102,0.508189262966333,0.47769265434880576,0.46852189781021897,0.4578203374373005,0.4075764491099954,0.4124731182795699,0.3904109589041096,0.3780544029506685,0.35253456221198154,0.35055679287305125,0.3357433348395843,0.34730271957200176,0.3241106719367589,0.3182854537163703,0.3363309352517986,0.32764044943820225,0.32126899016979443,0.3254674977738201,0.3575620767494357,0.3670140462165836,0.39239373601789707,0.3964238988225033,0.4175010883761428,0.43257216716932356,0.44724770642201833,0.4620874219446922,0.48758049678012877,0.4976808905380334,0.5227375056280954,0.539610683567225,0.5621645796064401,0.5730088495575221,0.6027518863737239,0.6152764761012184,0.6084070796460177,0.6324635117204777,0.6338273757628596,0.6395555555555555,0.6467889908256881,0.6480218281036835,0.6379613356766256,0.6252771618625277,0.6372155287817939,0.616166077738516,0.6159929701230229,0.6060333183250788,0.5709057639524245,0.566943674976916,0.5324909747292419,0.5156037991858887,0.4993324432576769,0.4686540990793512,0.455026455026455,0.42155094679891797,0.41659070191431175,0.4128113879003559,0.37539290525370456,0.3813247470101196,0.35537918871252205,0.34363636363636363,0.35561497326203206,0.3369899078543221,0.325497287522604,0.32561307901907355
0.3491204330175913,0.36520163117353877,0.3467632412856496,0.3663003663003663,0.3603723404255319,0.38698010849909587,0.39269813000890474,0.4303460514640639,0.42052679382379654,0.4438891412994094,0.47206959706959706,0.4757885384273656,0.4865916955017301,0.5194518125552609,0.5509065550906556,0.5487249544626593,0.5678733031674208,0.5911552346570397,0.6072423398328691,0.6121239744758432,0.640688717716357,0.6431111111111111,0.6363636363636364,0.6511730854360337,0.645264116575592,0.6631063640409435,0.6565158978952083,0.640597539543058,0.6498823529411765,0.646875,0.6188096319854611,0.6222527472527473,0.5864170657379191,0.5793324188385917,0.5468046804680468,0.5870736086175943,0.522247191011236,0.5091827364554637,0.4830469112865769,0.4785247432306256,0.4503959012575687,0.4255886272767659,0.4110207768744354,0.3966131907308378,0.38881549977983265,0.37986270022883295,0.37565905096660807,0.35080121264616715,0.35280797101449274,0.34552845528455284,0.34370645610775663,0.35104028331119963,0.3616170590848512,0.3650224215246637,0.3852873563218391,0.3820524211461573,0.3993639254884144,0.41710526315789476,0.4336482231219073,0.4550763701707098,0.4623556581986143,0.4957908728400532,0.49453551912568305,0.5194152581087255,0.5390166892196662,0.5626924769027717,0.5714285714285714,0.5797297297297297,0.6177895200352268,0.6079963235294118,0.6242774566473989,0.6357012750455373,0.6516129032258065,0.639635535307517,0.6343416370106761,0.6578356533453076,0.6479057591623036,0.6499778466991581,0.6319290465631929,0.6330806954971021,0.636697247706422,0.6043613707165109,0.5649588289112535,0.5762942779291553,0.5506386861313869,0.5461154020899591,0.5225390984360626,0.4810933940774487,0.491324200913242,0.48340154615734426,0.44219253800092123,0.43168669336893634,0.400087260034904,0.39235320892125625,0.3824312333629104,0.3812694185530404,0.3533834586466165,0.3576544315129812,0.366091190792386,0.3552106430155211
0.3717890941865705,0.3927107061503417,0.3722563652326602,0.37574919317657907,0.38817005545286504,0.40666362391602007,0.4141132776230269,0.4358974358974359,0.4274193548387097,0.46648550724637683,0.4668828161185734,0.4988651838402179,0.5256637168141592,0.5275310834813499,0.5554047942107644,0.5459387483355526,0.5909506398537477,0.6136162687886826,0.6179725542275343,0.6484736355226642,0.6493506493506493,0.6509139545251895,0.6537769784172662,0.6858185134518924,0.6798165137614679,0.6637554585152838,0.6497929130234699,0.6669630947087595,0.6565059144676979,0.6540008940545373,0.6396797153024911,0.6348920863309353,0.6150703586019065,0.6067898581865062,0.5963587921847247,0.5669683257918552,0.5401987353206865,0.5267618198037467,0.5075514874141877,0.4913636363636364,0.4659192825112108,0.4509986065954482,0.4363143631436314,0.42754275427542754,0.4144620811287478,0.38191190253045926,0.40099457504520797,0.3821917808219178,0.37316094516272846,0.3772163120567376,0.3629498000888494,0.38572070049393803,0.3923444976076555,0.39725420726306465,0.40791268758526605,0.3990888382687927,0.44424700133274103,0.4303687635574837,0.4414455626715462,0.4947089947089947,0.4857916102841678,0.5122699386503068,0.5171171171171172,0.5320806599450045,0.555702333773668,0.5576662143826323,0.5948625506985128,0.6106800547695116,0.6110100090991811,0.6388888888888888,0.6406460296096904,0.6657681940700808,0.6567299006323396,0.6558352402745995,0.6532367587143504,0.656221198156682,0.6666666666666666,0.6447893569844789,0.659678858162355,0.6369285397248113,0.605570530098832,0.6317432010699956,0.6002722323049002,0.6028016267510167,0.5755656108597285,0.5505668934240363,0.5421052631578948,0.5096977898060442,0.5020224719101124,0.4908195253022839,0.44818056195301703,0.43380027112516945,0.4309090909090909,0.4153846153846154,0.40358744394618834,0.3724966622162884,0.3882608695652174,0.3726953467954346,0.3932016536518144,0.37267362687244665
0.41849039749888345,0.3999083829592304,0.40971912617030765,0.42391304347826086,0.4153988012909175,0.43568840579710144,0.4403218596334376,0.4627659574468085,0.46184738955823296,0.48731182795698924,0.4800732936326157,0.5071428571428571,0.552054794520548,0.5346171480972031,0.5538033395176253,0.5929325378614043,0.6129326047358834,0.6358695652173914,0.6499778466991581,0.6468646864686468,0.6583223539745279,0.658776239392586,0.6693620844564241,0.6759090909090909,0.6987237921604376,0.6858710562414266,0.6989106753812636,0.6715883668903803,0.6827094474153298,0.6646678966789668,0.6636197440585009,0.6428246013667426,0.6193820224719101,0.6207195491980928,0.5922158337019018,0.5788018433179724,0.5566433566433566,0.5562472209871053,0.5428059166293142,0.4856759176365264,0.4913162705667276,0.467005076142132,0.4732998630762209,0.43867707854846116,0.4333481943825234,0.4266014234875445,0.4265446224256293,0.3880255941499086,0.40026654820079965,0.4255129348795718,0.422554347826087,0.3957123715944618,0.4222809335094672,0.42138649750792934,0.4156844968268359,0.45579742336739226,0.44289568345323743,0.4625510667271902,0.4649042844120328,0.5087483176312247,0.520163117353874,0.5330357142857143,0.5490990990990992,0.5608322026232474,0.5760326827054018,0.5947856827220503,0.6167747914735866,0.6260560248999555,0.6285971223021583,0.6622486288848263,0.6720109940448924,0.6526362428001772,0.6880973066898349,0.6804308797127468,0.6854874283193648,0.6871996505024028,0.667901806391848,0.6779812416257258,0.6666666666666666,0.6679982245894364,0.6603260869565217,0.6374773139745916,0.6266425011327594,0.6106835672249887,0.6018641810918774,0.5544373284537969,0.5468962392387857,0.5200913242009132,0.5188679245283019,0.4906775807185084,0.5027198549410699,0.4631054775916704,0.45104261106074345,0.4506787330316742,0.43568464730290457,0.4343115124153499,0.4035714285714286,0.4186147186147186,0.4129263913824057,0.4134963768115942
0.43398751115075823,0.4314606741573034,0.4271310724106325,0.42567567567567566,0.43905754417761667,0.46816307833256987,0.49031365313653136,0.4674012855831038,0.5106088560885609,0.5252344796784278,0.5274223034734917,0.5353762956286615,0.5818752803947959,0.5881027489860298,0.5997261524418074,0.60619667714414,0.613464110566206,0.6356311548791406,0.6498685363716039,0.662125340599455,0.6559044670499778,0.6956323930846224,0.6820214669051878,0.6972234464521816,0.6945193171608266,0.685,0.6878531073446328,0.6889952153110048,0.6752577319587629,0.6675615212527964,0.6702127659574468,0.6730769230769231,0.6617132867132867,0.6191319751992914,0.6144311642319611,0.5941619585687382,0.5844550586191923,0.5685912240184757,0.5638249887235002,0.5469858156028369,0.5247915752523037,0.5256468452110759,0.47954022988505746,0.4842393787117405,0.46357615894039733,0.45108695652173914,0.46008119079837617,0.43653671804170446,0.4193402620876638,0.4262295081967213,0.46392229417206293,0.43439716312056736,0.43474465298996073,0.45599635202918376,0.4522232734153264,0.4789048473967684,0.4681238615664845,0.4884686346863469,0.4963436928702011,0.5234023402340234,0.5498449268941072,0.5561403508771929,0.5639165911151405,0.5935779816513761,0.5912539045069165,0.6221114635251472,0.6325991189427312,0.6573208722741433,0.6363636363636364,0.6806684733514001,0.6649954421148587,0.676929941990183,0.6814882032667876,0.6845184518451846,0.7081447963800905,0.6912296564195298,0.6918894426823743,0.6895085066162571,0.6916809605488851,0.6629112212708427,0.6787130894667255,0.6479120879120879,0.650728597449909,0.6179981634527089,0.611185682326622,0.6114106019766398,0.5636771300448431,0.5389978213507626,0.5466485507246377,0.5236620964175144,0.5143377332726445,0.5023020257826888,0.4820717131474104,0.488807674737323,0.47534246575342465,0.45107946715663755,0.4478221415607985,0.43222272934732997,0.44761904761904764,0.4494693124134749
0.4760164458656921,0.4523090202848511,0.4773027765535478,0.45989800649049606,0.4645979020979021,0.4677121771217712,0.46948561464690497,0.505420054200542,0.5210951526032316,0.5341560158660202,0.55,0.5626715462031107,0.5860507246376812,0.6027210884353742,0.5988319856244384,0.6263688129653964,0.6637654603756299,0.6598890942698706,0.6624087591240876,0.6738738738738739,0.6811464397671294,0.6759981642955484,0.7212746858168761,0.7031320926009986,0.7113877362840019,0.7042380522993688,0.7072072072072072,0.7139689578713969,0.7205623901581723,0.6929590017825312,0.7045252883762201,0.683459652251449,0.6604429005644811,0.6576618537494178,0.6263686131386861,0.6208766380478988,0.6187082405345211,0.5834476451760402,0.5598789450929529,0.5645454545454546,0.5425339366515837,0.520141655599823,0.5132346343651862,0.49756744803184433,0.5111515703231679,0.5043083900226757,0.4782411604714415,0.4848758465011287,0.4806730331969077,0.46548592188919163,0.4470272686633885,0.46634615384615385,0.4705357142857143,0.47816688283614356,0.476719350704827,0.48606115107913667,0.5055928411633109,0.5159380692167578,0.5374024782010096,0.5633802816901409,0.5388414907947912,0.5756768752774079,0.5900329102021626,0.5954164830321728,0.6072534276868642,0.6409090909090909,0.6535714285714286,0.6771833561957019,0.6722838137472283,0.6865534648921524,0.7088996054362122,0.703330411919369,0.7202892001807502,0.7085561497326203,0.7113216057735678,0.7032613688562241,0.7159763313609467,0.7258581235697941,0.6965452847805789,0.6737364620938628,0.6941334527541424,0.6745718050065876,0.6478102189781022,0.6427598729005901,0.600445434298441,0.6109625668449198,0.6059027777777778,0.5769927536231884,0.5714944649446494,0.5478458049886621,0.5376295628661559,0.5188848920863309,0.4970733903647006,0.4914586070959264,0.47066911090742436,0.4972170686456401,0.47275267815556593,0.46174988547869905,0.4760412001791312,0.4488968932913102
0.48522055479763526,0.48408488063660476,0.4926829268292683,0.5085972850678733,0.49348899865289625,0.5148427115640231,0.5151921358355674,0.5341975860527493,0.5489938757655293,0.548692515779982,0.5874001774622892,0.5851489550911516,0.6106354213609734,0.6123720516243881,0.6251117068811439,0.6477732793522267,0.6444644464446445,0.6945064761054042,0.6961325966850829,0.6956916099773243,0.713630105553006,0.7146690518783542,0.7009515178975986,0.7144136078782453,0.724669603524229,0.7254721326577614,0.7224749772520473,0.7186940966010733,0.715939447907391,0.724898694281855,0.7059882935614588,0.685398433901428,0.6770214709913203,0.6753130590339893,0.6364477335800185,0.629663330300273,0.6325991189427312,0.6173913043478261,0.5919593345656192,0.5838621940163191,0.5566964285714285,0.5493083444890674,0.5370370370370371,0.5486685032139578,0.5274127775260534,0.5031083481349912,0.5149516270888302,0.5035398230088496,0.5013440860215054,0.4816472694717995,0.4986571172784244,0.4977618621307073,0.4950405770964833,0.5158329508949059,0.5348513011152416,0.5247971145175834,0.5104770396790014,0.5506922733363109,0.5569285083848191,0.5656003708854891,0.5849141824751581,0.5752614824920418,0.6022421524663677,0.6313446126447017,0.6368993653671804,0.6426996029995589,0.6648476580263756,0.6644265232974911,0.7013100436681222,0.7042837402118839,0.7312072892938497,0.6978484565014031,0.7231171092729647,0.7137203166226913,0.7245202558635394,0.7299168975069252,0.7108217332734621,0.7141535615171137,0.687847866419295,0.7057761732851986,0.702914310569813,0.6898876404494382,0.6763059701492538,0.6602420439264903,0.6587301587301587,0.626041209995616,0.6090664272890485,0.5890533871691341,0.5901491188431993,0.5723920863309353,0.553020134228188,0.5603528319405757,0.5546558704453441,0.5339673913043478,0.5310043668122271,0.5086976962858486,0.49411764705882355,0.4821831303563374,0.47781721384205855,0.4870535714285714
0.5293582157487483,0.5291759465478841,0.5344597598932859,0.5445945945945946,0.5231522707034728,0.5457456541628545,0.55746859004188,0.5495942290351669,0.5798429319371727,0.5988423864648263,0.598740440845704,0.5976754582029504,0.6293929712460063,0.6467568828744751,0.6389734667246629,0.6562079784849844,0.6680459770114943,0.7052631578947368,0.6935193519351935,0.7124094202898551,0.7094055013309671,0.7380522993688007,0.7235401459854015,0.7322478516508367,0.7309074573225517,0.7475113122171946,0.7433628318584071,0.7544257830231502,0.7476800707026071,0.7312582200789127,0.7052489905787349,0.7002257336343115,0.705592841163311,0.677654109589041,0.6639306885544916,0.649932157394844,0.6547672842295527,0.6365658362989324,0.5954403218596335,0.5856502242152466,0.5886243386243386,0.5678899082568807,0.5674480318443167,0.5375388716126166,0.5526315789473685,0.5391264786169245,0.5446428571428571,0.5300884955752212,0.5200892857142857,0.5337962962962963,0.5364788117081695,0.5322793148880105,0.5203761755485894,0.5312916111850865,0.546875,0.5546410608139003,0.564228367528992,0.5735551663747811,0.5823634735899731,0.6023875114784206,0.6019900497512438,0.6262898160610139,0.6491464510332435,0.6285714285714286,0.6567441860465116,0.6577028258887876,0.6924452391595888,0.6904340124003543,0.7044721069617336,0.7026173285198556,0.7162101481814099,0.7354048964218456,0.7436694802310084,0.7440821795444394,0.7477954144620811,0.7577388963660835,0.7329443447037702,0.7259461924304605,0.7102298332582244,0.717291857273559,0.7251943301326017,0.7074372759856631,0.6921327876307413,0.6788546255506608,0.6637002341920375,0.6488382288469969,0.6295644522657281,0.6336149399733215,0.616206589492431,0.5952491849091756,0.5892443208159481,0.5695006747638327,0.5532302092811647,0.5559518502006242,0.5380779691749773,0.5363917071018968,0.5263858093126386,0.5272975432211101,0.5248744865358284,0.5104166666666666
0.5424321959755031,0.5664488017429193,0.5419187554019015,0.54421768707483,0.5578806767586821,0.567629527739569,0.5906221821460775,0.5804132973944295,0.6031164069660861,0.6274070756829377,0.6154873164218959,0.6241363426992169,0.6663656884875846,0.647931654676259,0.6892857142857143,0.6929478756022777,0.7012025901942646,0.7149220489977728,0.748750567923671,0.7326420198376916,0.7449261992619927,0.7546485260770975,0.7470093043863536,0.7477355072463768,0.7584973166368515,0.7541133455210237,0.7495511669658886,0.7522810218978102,0.74822695035461,0.7422727272727273,0.7227414330218068,0.7318181818181818,0.7081427264409881,0.6772582841579664,0.7109375,0.6732495511669659,0.6564444444444445,0.6471930625285258,0.6449511400651465,0.6265765765765766,0.6092378752886836,0.5970695970695971,0.5823719427780342,0.586784140969163,0.579675572519084,0.583029197080292,0.5636617100371747,0.5777979981801638,0.5513933302878027,0.54799459215863,0.5472035794183445,0.5690730837789661,0.5570857396712572,0.573126142595978,0.5516772438803264,0.5709750566893425,0.5865771812080537,0.5898004434589801,0.5928924876293298,0.6173952230734565,0.6168599464763604,0.6357142857142857,0.655268022181146,0.6573426573426573,0.6589147286821705,0.7017233760494919,0.6953339432753889,0.7049620026821636,0.7207964601769912,0.7324263038548753,0.7449483610237988,0.7431318681318682,0.7488789237668162,0.7507651945780498,0.7473309608540926,0.7486437613019892,0.7378020975832194,0.7481949458483754,0.7509829619921363,0.7263528376594809,0.7329963235294118,0.7078959379278869,0.6962412587412588,0.6922374429223744,0.681999115435648,0.6881818181818182,0.674141876430206,0.6441523118766999,0.6260236578707916,0.6190904997748762,0.6120492925604747,0.6013856812933025,0.5696887686062246,0.5822953736654805,0.5624161073825503,0.5572984749455338,0.5625835189309577,0.5483588621444201,0.5358592692828146,0.5617283950617284
0.5807174887892377,0.5732368896925859,0.5715543813298106,0.588339222614841,0.5831445400996829,0.6183745583038869,0.6030358785648574,0.6183378500451672,0.6106937693327441,0.6534744592728946,0.6338724168912848,0.6524179620034543,0.6824666359871145,0.6759300761990139,0.6863100634632819,0.7054195804195804,0.7085585585585585,0.729064039408867,0.7322306660706303,0.743024302430243,0.7570469798657719,0.7619259919750334,0.7682643089809214,0.7535971223021583,0.7799352750809061,0.7679963319578175,0.7559576345984113,0.7576301615798923,0.7755656108597285,0.7459239130434783,0.7485220554797636,0.7476212052560036,0.7291196388261851,0.7082767978290366,0.7231536021748981,0.7113449222323879,0.6773017319963537,0.6920620437956204,0.6640979147778785,0.651838402178847,0.6495920217588396,0.6190263510495757,0.6248900615655233,0.6119333950046254,0.5969807868252516,0.6027649769585254,0.6008462623413258,0.5900400177856825,0.5881796690307328,0.5737089201877934,0.5586897179253867,0.577254191209787,0.5736889692585895,0.5723356009070295,0.6007276034561164,0.6065353625783348,0.6159678858162355,0.6475555555555556,0.629924745462594,0.6587091069849691,0.6453009961022087,0.6714031971580817,0.6802507836990596,0.6611570247933884,0.7010771992818672,0.7033470884915176,0.7327785483125289,0.7406741573033708,0.7575342465753425,0.7365050320219579,0.7561411344350156,0.7603046594982079,0.7559158632778264,0.7721575649059982,0.7640052933392149,0.7682119205298014,0.7685589519650655,0.7644166294143943,0.7491007194244604,0.7516838796587337,0.7526929982046678,0.7390134529147983,0.7285908473040327,0.7368185880250223,0.7146776406035665,0.7040679481448369,0.6758241758241759,0.6436123348017622,0.6579775280898876,0.6398416886543535,0.611085870059064,0.61739902352419,0.6151346332404828,0.6084729981378026,0.6200091785222579,0.5889924545051043,0.5913439635535308,0.5945229681978799,0.592128027681661,0.5782918149466192
0.6013698630136987,0.6203582350371342,0.6162138852953859,0.6287744227353463,0.6196428571428572,0.6121372031662269,0.619550858652576,0.6242038216560509,0.6486854034451496,0.6711790393013101,0.6881419234360411,0.6718197879858657,0.6991978609625669,0.717720391807658,0.7252252252252253,0.7052919708029197,0.7470198675496689,0.7563136907399203,0.7535398230088496,0.753393665158371,0.7688419117647058,0.7622119815668202,0.7852900867976245,0.7939953810623557,0.774555659494855,0.7683095347766007,0.7765414928140937,0.7753888380603843,0.774803876326719,0.7733272644515248,0.7675378266850069,0.7611317254174397,0.7341121495327103,0.7446420428636571,0.7096774193548387,0.7169051878354203,0.7162284678150499,0.6934849147354613,0.6896551724137931,0.6573110004526935,0.6567627494456763,0.6442264823896567,0.6560207164436772,0.6394404332129964,0.6305530371713509,0.6316495306213679,0.6004464285714286,0.6057560529922339,0.6094147582697201,0.6229435304579813,0.6183970856102003,0.6066393815370623,0.6169064748201439,0.6072534276868642,0.6120917917034422,0.6141352063213346,0.6228597871355854,0.6221821460775473,0.6434589800443459,0.6598521096128752,0.6737556561085973,0.6854586129753915,0.7037861915367484,0.7124831004957188,0.7178538390379279,0.7173238812583075,0.7325942350332594,0.7593950504124656,0.7581013235965313,0.7570469798657719,0.773071778867588,0.774803876326719,0.7659963436928702,0.7685840707964602,0.7896396396396397,0.7782331511839709,0.7815622161671208,0.7688419117647058,0.7741644083107497,0.7588495575221239,0.7712243074173369,0.7382404181184669,0.7412619155696777,0.7377560106856634,0.7329469460543915,0.7103102189781022,0.7035015916325602,0.695067264573991,0.6967396158999554,0.6869409660107334,0.656,0.6485374771480804,0.6394466755912539,0.6375960234975147,0.6206285967242142,0.6208144796380091,0.6232085067036524,0.601304347826087,0.6255666364460563,0.5981900452488688
0.6672550750220653,0.642416225749559,0.6339441535776614,0.6495119787045253,0.6521145975443383,0.6637401229148375,0.6609141791044776,0.6779891304347826,0.6660533578656854,0.698053417836125,0.683572710951526,0.715690657130085,0.7247665629168519,0.7210477941176471,0.7279378143575674,0.7589676290463692,0.741906064751482,0.7667115298340063,0.7668903803131991,0.7761194029850746,0.7866545619609623,0.7984049623393886,0.784121320249777,0.7954033348355115,0.7884444444444444,0.7934879571810883,0.7955145118733509,0.7829560585885486,0.8023787740164684,0.785839929639402,0.7825888787602553,0.7746478873239436,0.7491961414790996,0.7564559216384684,0.7423285198555957,0.7403846153846154,0.7237619263970922,0.7119101123595506,0.7037710131758291,0.7135835567470956,0.7008824895494659,0.6781015037593985,0.6656263932233616,0.6593357271095153,0.6761819803746655,0.655125284738041,0.6399817017383349,0.6201657458563536,0.6315549475604195,0.6434704021690013,0.6296127562642369,0.6420531292210716,0.6498855835240275,0.6423455684870188,0.6480176211453744,0.6572934973637962,0.6599821746880571,0.6597849462365591,0.6843537414965987,0.7074988355845365,0.6824264049955397,0.6971800433839479,0.7256835499775885,0.7319400272603362,0.738150023009664,0.7576028622540251,0.7433910665451231,0.7704011065006916,0.76930409914204,0.7804220925011226,0.7797915722700498,0.8025789239662072,0.7990950226244344,0.7912234042553191,0.7931034482758621,0.793306196291271,0.7954946996466431,0.7965169569202566,0.7835189309576838,0.7688828584350973,0.7860892388451444,0.7623358985966501,0.7658111824014665,0.7609977324263039,0.7412935323383084,0.730041532071989,0.7202001819836215,0.7105030891438658,0.7055581074873679,0.7012058954890577,0.6919326241134752,0.6686471663619744,0.6794409377817854,0.6715129486597001,0.659825327510917,0.6266726137377342,0.6485148514851485,0.6413091552410438,0.6327077747989276,0.6528998242530756
0.667584940312213,0.646727351538795,0.6577367205542726,0.6554959785522788,0.6734786557674841,0.6699419383653417,0.6842843779232928,0.6907351022183558,0.6986800182066454,0.7087073608617595,0.7242479489516864,0.726984126984127,0.7281292059219381,0.7434743474347435,0.7487573429733394,0.7529880478087649,0.7886690647482014,0.7804878048780488,0.7900355871886121,0.7954954954954955,0.800979519145147,0.7911111111111111,0.8055299539170507,0.8139114724480578,0.8157657657657658,0.8072342302602559,0.8098911070780399,0.8066518847006652,0.8077642656688494,0.7943294329432943,0.800266311584554,0.7825503355704698,0.7678806494076349,0.7850937357110197,0.769806338028169,0.7562836624775583,0.7506750675067507,0.7361299052774019,0.7268722466960352,0.7355555555555555,0.7048888888888889,0.6866359447004609,0.6800176056338029,0.6732265446224256,0.6857523302263648,0.6672777268560953,0.6631770596267638,0.6712391403749428,0.655632183908046,0.6537408759124088,0.6596619460941069,0.6783599088838269,0.6781961471103327,0.6537955243527863,0.6665213600697472,0.670556552962298,0.6749888542131074,0.6977920883164673,0.6937777777777778,0.7077807250221043,0.7025089605734767,0.7348484848484849,0.7426503844414292,0.7656178750569995,0.7504553734061931,0.7634798368826461,0.7693677649154052,0.7895970009372071,0.7935992578849722,0.7755731922398589,0.810762331838565,0.800557880055788,0.8062730627306273,0.8117543084401238,0.8139745916515426,0.8080579447713898,0.8049721388769824,0.7942779291553134,0.8142470694319206,0.8056312443233424,0.7950743494423792,0.7869507323568575,0.782757148954332,0.7691966267199289,0.7475642161204605,0.7490109890109891,0.7432675044883303,0.7252336448598131,0.7044137316094516,0.7092230804179919,0.7028795811518325,0.7044642857142858,0.6815286624203821,0.6936976641692375,0.6788671023965142,0.6828828828828829,0.6778910057598582,0.6592328278322926,0.6809090909090909,0.6701077199281867
0.697565543071161,0.6810540663334848,0.677405119152692,0.6802810715854194,0.6956128448665763,0.705207413945278,0.7092819614711033,0.7189631650750341,0.7082424771042303,0.7202981148619026,0.742451967063129,0.7416856492027335,0.723967684021544,0.772501130710086,0.7638697845025217,0.7897111913357401,0.7885539536915683,0.7916108879964302,0.7873134328358209,0.8068283917340521,0.8065973791233619,0.8083592707870164,0.8319511130510694,0.8344609833107803,0.8289241622574955,0.8331071913161465,0.8221930974224552,0.8167701863354038,0.8172949002217295,0.8223140495867769,0.8000931966449207,0.8037171350861287,0.7859090909090909,0.7927646270656543,0.7962454212454212,0.7763334827431645,0.7711826008155868,0.7545015371102327,0.7483385024368631,0.7372802960222017,0.7370827617741198,0.7146840148698885,0.7141581062974542,0.7040457343887423,0.7090663058186739,0.7309255079006772,0.7001338688085676,0.685701233439927,0.6938775510204082,0.674469964664311,0.7048813255709807,0.6873604287628405,0.6958929395477619,0.6948993916705662,0.7201475334255417,0.7043668122270742,0.7232341181697024,0.7320872274143302,0.735663082437276,0.749007498897221,0.7327231121281464,0.751269035532995,0.7493061979648473,0.7795771479982007,0.7658893461362597,0.7865013774104683,0.7861271676300579,0.8030852994555354,0.8121047877145439,0.804192685102587,0.80990990990991,0.8300884955752212,0.8202093764223942,0.8116651825467498,0.8223028105167725,0.8334089877439855,0.8370141342756183,0.8235827664399092,0.8099730458221024,0.8136200716845878,0.8118636564851704,0.7962194559704933,0.7889908256880734,0.7955056179775281,0.777027027027027,0.7818181818181819,0.7610540419830282,0.7604817127564675,0.7452960073428178,0.7458791208791209,0.7122980251346499,0.7231712658782304,0.7021739130434783,0.6919662671992899,0.7077402135231317,0.7028258887876025,0.6954524575103354,0.6865061335756474,0.6814279258924537,0.6886663632225762
0.7087421944692239,0.7097353073126963,0.720125786163522,0.71270207852194,0.7171171171171171,0.7312851579402856,0.7365079365079366,0.7291296625222025,0.7419212040725985,0.7487068965517242,0.7549244159413651,0.7680751173708921,0.7650022904260192,0.785394265232975,0.7961033076574535,0.7943800178412131,0.8070416095107453,0.8050774526678142,0.7944593386952636,0.8243180767452613,0.8228882833787466,0.837923250564334,0.8337801608579088,0.8407079646017699,0.8410535876475931,0.8406320541760722,0.8288486987207764,0.8370303304662743,0.8332596196373286,0.8099688473520249,0.8182648401826484,0.8125854993160054,0.8135913166588014,0.8140909090909091,0.8031937850668969,0.7890070921985816,0.7964071856287425,0.7858117326057299,0.7608003638017281,0.7725033587102552,0.7553143374038896,0.7355445988346033,0.7526642984014209,0.7396694214876033,0.7404751232631107,0.7196557971014492,0.7326039387308534,0.7280542986425339,0.7186243858865565,0.7220149253731343,0.71792656587473,0.7119396360408344,0.7226702508960573,0.7290059010440308,0.7226373626373627,0.7475067996373527,0.7353206865401988,0.7396158999553372,0.758337140246688,0.7536813922356091,0.7761948529411765,0.7660327288810261,0.7742653606411398,0.7926663648709823,0.781882145998241,0.7950113378684808,0.8145580589254766,0.8119349005424955,0.8257042253521126,0.8160356347438753,0.8250116658889407,0.8407202216066482,0.8379464285714285,0.827710301394512,0.8536147283340817,0.833956969130028,0.8304932735426009,0.8378985181859003,0.8259479214253084,0.8287392679620424,0.8285453716370269,0.8046804680468047,0.8227848101265823,0.8014705882352942,0.7883622712341624,0.787562414888788,0.7856179775280899,0.7772209567198177,0.7629290617848971,0.7516512549537648,0.7668576465403262,0.7334542157751587,0.7301149425287357,0.7150561797752809,0.7168701944821347,0.7310437109723461,0.7197170645446508,0.7212527964205817,0.709420610349403,0.7122270742358079
0.7338195077484048,0.7310502283105023,0.7323232323232324,0.7468065693430657,0.7622913847541724,0.7591575091575091,0.7460815047021944,0.7596934174932372,0.7652411282984531,0.766803840877915,0.7807606263982103,0.7960467205750225,0.7966256269949841,0.7833775419982316,0.8113462404322377,0.8079470198675497,0.82537517053206,0.8189116859946476,0.8231079265562025,0.8539122568973315,0.8327256153144941,0.8470267816613709,0.8344489067380634,0.8563353744700894,0.854462242562929,0.86084142394822,0.8605287146763901,0.8597670250896058,0.851131221719457,0.8330258302583026,0.8336380255941499,0.8357664233576643,0.8162355040142729,0.8398751115075825,0.8245224344735673,0.817083692838654,0.8029837648091268,0.7794642857142857,0.7771403353927626,0.7969026548672566,0.7690892364305428,0.7625223613595706,0.7643860444041686,0.763265306122449,0.763585694379935,0.7463833634719711,0.7339743589743589,0.7498867240598097,0.7282511210762331,0.7235294117647059,0.7401894451962111,0.7497761862130707,0.7558088557650153,0.7428057553956835,0.7385031559963932,0.7496647295485025,0.7669039145907474,0.7532584269662921,0.7814423922603342,0.7809266756635178,0.7830998644374153,0.7873001776198935,0.8055931438881371,0.8037974683544303,0.8081264108352144,0.8056057866184448,0.8124144226380648,0.8380090497737557,0.8354881854658939,0.8464931627701808,0.8499550763701708,0.8579935868071461,0.8458149779735683,0.8470535312640576,0.8416064981949458,0.8582995951417004,0.8488848429676832,0.8505399568034557,0.8536036036036037,0.8328754578754579,0.8337129840546698,0.8302583025830258,0.8203088441740758,0.8254545454545454,0.812299219825608,0.8022779043280183,0.8112858464384829,0.8004651162790698,0.7838565022421524,0.789261744966443,0.7645985401459854,0.7908762420957542,0.7505587840858292,0.7473587505741847,0.7651785714285714,0.7458333333333333,0.7425742574257426,0.7383219954648526,0.7436363636363637,0.7315175097276264
0.7518599562363238,0.7723880597014925,0.7612551159618008,0.770004372540446,0.7661691542288557,0.7638259292837716,0.7585733882030178,0.7833102812355924,0.7771527477282562,0.7893569844789357,0.8103837471783296,0.8077256944444444,0.8111789572569281,0.8101545253863135,0.8135208711433757,0.8350515463917526,0.8438761776581427,0.8270742358078602,0.8437357630979498,0.8483660130718954,0.8556466302367942,0.857335127860027,0.8529813381884388,0.855020261143629,0.8680586406041759,0.8678394226432116,0.8631436314363143,0.8638914873713751,0.8480613165013525,0.845881310894597,0.844543429844098,0.8445121951219512,0.8204081632653061,0.8461538461538461,0.8371569950517319,0.8402903811252269,0.8258845437616388,0.822380106571936,0.8094588449295134,0.798510935318753,0.7999080036798528,0.7961432506887053,0.7789806044203879,0.7666370896184561,0.7669340463458111,0.7741644083107497,0.7695150115473441,0.7652296157450796,0.7646793134598012,0.7648660916931457,0.7798372513562387,0.7747201492537313,0.7659010600706714,0.7876993166287016,0.7778284671532847,0.7736363636363637,0.7750556792873051,0.7875862068965517,0.7862254025044723,0.79673721340388,0.7981199641897941,0.7928045080190724,0.8214928057553957,0.8168761220825853,0.833104080696928,0.8426258992805755,0.82571299230421,0.8392935982339956,0.8482224247948952,0.8563806136060471,0.8415796640944168,0.8547085201793722,0.8566176470588235,0.8525099955575299,0.8750574184657786,0.8525669153137341,0.8497525865946919,0.8549723756906077,0.8565683646112601,0.8404303003137606,0.8520339740724184,0.8470535312640576,0.8369905956112853,0.8409399005874378,0.8312159709618875,0.8302649303996408,0.8240700218818381,0.8145869947275922,0.8085595950299126,0.776356418173798,0.7991071428571429,0.7950113378684808,0.7930574098798397,0.7684258416742493,0.7728857890148213,0.7642888790429774,0.770350159163256,0.7771028037383177,0.7776765375854214,0.777534965034965
0.7883574007220217,0.7911051212938005,0.7955974842767296,0.7954545454545454,0.77491961414791,0.8040780141843972,0.791285403050109,0.8042883211678832,0.8075333027101516,0.8071687840290381,0.8124180148666376,0.8123312331233123,0.8212121212121212,0.8410714285714286,0.8408785298072613,0.8517495395948435,0.8453188602442334,0.8532315978456014,0.8578519855595668,0.8745471014492754,0.8738581992170509,0.8666967916854948,0.8862068965517241,0.8644986449864499,0.8791111111111111,0.8693131132917038,0.8775235531628532,0.8712291760468257,0.8817802503477051,0.8617848970251716,0.8674919761577258,0.8473282442748091,0.8515021459227468,0.8620055197792088,0.8534680753330272,0.8255761409850881,0.8278538812785388,0.8298357664233577,0.8254545454545454,0.8126126126126126,0.8304928604329802,0.8036127836961556,0.7970027247956403,0.8001800180018002,0.8031390134529148,0.7840036150022593,0.7709006928406467,0.7938144329896907,0.7945685501533071,0.7969094922737306,0.7953216374269005,0.791907514450867,0.7774786899955137,0.7819650067294751,0.7896935933147632,0.7982608695652174,0.7960855712335002,0.8066815144766147,0.8185117967332124,0.8271092669432918,0.8269572953736655,0.8187528039479587,0.8396139705882353,0.8336252189141856,0.8383371824480369,0.854355716878403,0.8430592396109637,0.8567662565905096,0.8613369467028004,0.854529228023204,0.8707124010554089,0.8631297369594293,0.8763994626063591,0.8764407561088059,0.8564334085778781,0.8719753629564452,0.8652450090744102,0.8624944909651829,0.8747779751332149,0.8644144144144145,0.8609300304215558,0.8547884187082405,0.8492970123022847,0.8580357142857142,0.8535031847133758,0.8352246935996369,0.8236092265943012,0.84375,0.8328779599271403,0.8065973791233619,0.8171402383134739,0.8221218961625282,0.8148148148148148,0.8183856502242153,0.7968468468468468,0.7901969766376546,0.7730627306273062,0.788878842676311,0.7980725103258376,0.78099173553719
0.8016453382084096,0.8057813911472448,0.8134902670891806,0.8063042485153038,0.7975817286162113,0.8097876269621422,0.8134294727354664,0.819650067294751,0.8380619816673941,0.8427616926503341,0.8404936014625228,0.8372620126926564,0.838388411045722,0.8621940163191296,0.8456109395677106,0.8657777777777778,0.8562005277044855,0.8528622540250447,0.8601618705035972,0.879692446856626,0.8679159049360147,0.878253198059109,0.8752204585537919,0.8825929283771532,0.8954545454545455,0.8886433937251436,0.8849048251438689,0.8753907994640464,0.8814387211367674,0.8872077028885832,0.8785131459655485,0.8753907994640464,0.8699817518248175,0.8595505617977528,0.8492063492063492,0.8583710407239818,0.8476318141197497,0.8537127612272121,0.8423623445825933,0.8316876122082585,0.8444854637748038,0.8260120585701981,0.8288621646623496,0.8181397501156872,0.8137472283813747,0.805045871559633,0.813963963963964,0.8213808463251671,0.8038783605112384,0.8056057866184448,0.8270079435127978,0.8104395604395604,0.8125,0.8089579524680073,0.8163452708907254,0.8116853932584269,0.836036036036036,0.8158614402917046,0.8310931899641577,0.8478935698447894,0.8373033707865168,0.8430493273542601,0.8511415525114155,0.8602150537634409,0.864816472694718,0.8750553832521045,0.8742831936479929,0.8606485539000877,0.8682065217391305,0.8788974243108902,0.8827740492170022,0.8919294990723562,0.8686594202898551,0.8811002661934338,0.8930789707187222,0.8782763216348289,0.8743093922651933,0.8736092567868269,0.8769024171888988,0.8797640653357531,0.8633093525179856,0.8830570902394107,0.8783422459893048,0.8520017993702205,0.8572037510656436,0.848112778535698,0.8397260273972603,0.8337887067395264,0.8322669104204753,0.8386678200692042,0.8213652482269503,0.815015829941203,0.8222727272727273,0.8066575467396261,0.8212689901697945,0.809245960502693,0.8156028368794326,0.807498856881573,0.8010849909584087,0.8002773925104022
0.8261068005476951,0.8190348525469169,0.822883295194508,0.8298453139217471,0.845114813147231,0.8435374149659864,0.8382084095063985,0.8405074762120526,0.853887399463807,0.839572192513369,0.8481182795698925,0.8456345634563457,0.8608971454463072,0.8644754615038271,0.8613995485327314,0.8663125276671093,0.8710550045085663,0.8800184586986618,0.8873735151781786,0.8927935943060499,0.8902104300091491,0.888029130632681,0.8957581227436823,0.8870673952641166,0.899818676337262,0.90371697268249,0.8934426229508197,0.8840242198416395,0.8865411116214975,0.8870106761565836,0.8789497107254116,0.8974477958236659,0.8925399644760214,0.8798932384341637,0.8664003550821128,0.8591928251121076,0.8617305976806423,0.8741071428571429,0.8490819525302284,0.8591743119266055,0.8471166741171211,0.8530612244897959,0.8396396396396396,0.8413917758698599,0.838006230529595,0.8405405405405405,0.828322440087146,0.8153232949512843,0.8433847592332866,0.8425090252707581,0.8270022883295195,0.8323725055432373,0.8214285714285714,0.8463922089420097,0.8508337088778729,0.8252985404688191,0.834319526627219,0.8365427675772503,0.8468301712170292,0.8513266239707228,0.8476232785428698,0.8560639715681919,0.8654447921323201,0.8682417083144025,0.8630385487528345,0.8738317757009346,0.8837416481069043,0.8712255772646537,0.8873735151781786,0.8891891891891892,0.8889904065783463,0.8946444249341527,0.8926056338028169,0.899865891819401,0.8931698774080561,0.9014598540145985,0.8906455862977603,0.8973418881759854,0.8889400921658986,0.8927648578811369,0.8948576675849403,0.8889912482726854,0.8686363636363637,0.8860195903829029,0.8733944954128441,0.8682170542635659,0.8721399730820996,0.8679504814305364,0.8575280898876404,0.8531818181818182,0.8477064220183487,0.8428949691085613,0.8474189127455459,0.8340026773761714,0.8404351767905711,0.8302813756141134,0.8300683371298405,0.8382882882882883,0.8356953055801595,0.836036036036036
0.8657534246575342,0.8350277264325323,0.8506867523260966,0.8554382744378155,0.8528234771009338,0.843311506080449,0.8597106532222709,0.8754144954997631,0.8658918194009835,0.8620838737570256,0.8665447897623401,0.8791161178509532,0.8801652892561983,0.8880694143167028,0.8748293126991352,0.8816542014958205,0.8825929283771532,0.8930789707187222,0.8800539083557951,0.9053148727110317,0.8869412795793163,0.8978937728937729,0.8967072620658547,0.892998678996037,0.890652557319224,0.8972972972972973,0.9047206582936336,0.9059792027729636,0.8980582524271845,0.8941491737382761,0.9026876737720111,0.8987230295024219,0.9027465105808195,0.89375,0.8876860622462788,0.8858321870701513,0.8678237650200267,0.8902325581395348,0.8736842105263158,0.8767123287671232,0.868845120859445,0.859375,0.8533272974196469,0.8610747051114024,0.8505321610365572,0.8477772788504715,0.8477477477477477,0.8450184501845018,0.846503178928247,0.8488789237668162,0.8324372759856631,0.8494085532302093,0.8477556686719111,0.8527851458885941,0.8497716894977169,0.8583556747095621,0.8581081081081081,0.8631429919773478,0.8612374886260237,0.8759550561797753,0.8846838824577026,0.8582122413033906,0.8756333486872409,0.8909586551567469,0.8822438572090867,0.8929856115107914,0.8953648462597522,0.8980516538287268,0.8943850267379679,0.8880429914912673,0.8976307554760841,0.9015452538631347,0.8920166128287955,0.8922394678492239,0.9062081286288521,0.898014440433213,0.8963254593175853,0.9031061659712564,0.8969860548807917,0.9005258545135846,0.8989021043000915,0.8933987511150758,0.8909253464461332,0.8813043478260869,0.8900709219858156,0.8823008849557522,0.8826416778224007,0.8774685816876122,0.8592827961870178,0.8746654772524531,0.8529143897996357,0.8648528099910794,0.8609332113449222,0.8470961887477314,0.8504890544946437,0.8397521027003099,0.846792801107522,0.842671447781264,0.8439281017097764,0.8482490272373541
0.8628158844765343,0.8660436137071651,0.8672405980969642,0.8633060853769301,0.8697083725305739,0.8800176444640494,0.8671620993961914,0.8753527751646284,0.8874202370100274,0.8803894297635605,0.8727746417716022,0.88172521120498,0.889849795175239,0.8920532843362425,0.8886910062333037,0.8956999085086916,0.8939597315436242,0.8973435389464205,0.9140451927337173,0.905583295506128,0.9060798548094374,0.9216384683882458,0.9143372407574392,0.9154611211573237,0.9125109361329834,0.9161490683229814,0.9141019751952227,0.9241748438893844,0.908314606741573,0.9107541276215975,0.9171652093879429,0.9040606871932173,0.8978169995355318,0.9062780269058296,0.8920505871725384,0.8838043965903993,0.8885987815491732,0.896121266161391,0.8690265486725663,0.8806970509383378,0.8845625286303253,0.8780600461893765,0.8767833981841764,0.8708791208791209,0.8796296296296297,0.8803912850155625,0.8694309660344067,0.8756983240223464,0.8694252873563219,0.8575305291723202,0.8636779505946935,0.8650580875781948,0.8757316524088249,0.8720357941834452,0.8613995485327314,0.8709534368070954,0.8731343283582089,0.8785942492012779,0.8825622775800712,0.8903863432165319,0.8900949796472184,0.8895759717314488,0.8947610294117647,0.887589928057554,0.8919039145907474,0.8868488471391973,0.9055258467023173,0.8926961226330027,0.9081304547542489,0.9121711992866697,0.911190053285968,0.9149031967582171,0.914572864321608,0.9134065934065934,0.9136363636363637,0.9162037037037037,0.9078651685393259,0.9255793226381461,0.9082235347569286,0.9037336932073774,0.9008007117437722,0.9078771695594126,0.9032679738562092,0.8924302788844621,0.8992553657468244,0.8939866369710467,0.8859570661896243,0.8807796917497733,0.8722044728434505,0.8997821350762527,0.8703535811423391,0.879474399637517,0.8775055679287305,0.8772401433691757,0.8732001857872735,0.8688598467778279,0.8759316089434459,0.8567615658362989,0.8569548047389206,0.8555304740406321
0.8880035413899956,0.8901050788091068,0.8874202370100274,0.8910980569362856,0.8904109589041096,0.8866343184825761,0.8897302413629911,0.8875227686703097,0.8950226244343892,0.8899167437557817,0.890990990990991,0.9017132551848512,0.9028697571743929,0.9083720930232558,0.8988713318284425,0.9090909090909091,0.9111617312072893,0.908695652173913,0.9183394160583942,0.913953488372093,0.9147599820547331,0.9160649819494585,0.9215509467989179,0.9308943089430894,0.9231477220432581,0.9185580774365821,0.9170842824601366,0.9257246376811594,0.9168937329700273,0.9226851851851852,0.9163701067615658,0.9109000452284034,0.9120476408612002,0.9008152173913043,0.9165931156222419,0.9100177304964538,0.9052585832246849,0.9123893805309734,0.9129089301503095,0.8867924528301887,0.8929374718848403,0.8908177249885793,0.8867328519855595,0.887736699729486,0.8814548720251459,0.8816863100634633,0.8947606142728094,0.8921966621560667,0.8785460992907801,0.8948322756119673,0.8831400535236396,0.8888394842152068,0.8800721370604148,0.8806327900287632,0.8766937669376694,0.8980446927374302,0.8813953488372093,0.897503285151117,0.8949259092950157,0.8994951812758146,0.9,0.9038891372373715,0.9071013845466727,0.9071691176470589,0.9139072847682119,0.9235751295336787,0.9152173913043479,0.919127669241254,0.9208934388087483,0.9154865235267245,0.9157328552218736,0.9198717948717948,0.9145891043397969,0.9200554528650647,0.9134615384615384,0.9173297966401415,0.9263992948435434,0.9189895470383276,0.9161058770749215,0.9185288640595903,0.9180616740088106,0.9196914700544465,0.9129454217410916,0.9117647058823529,0.8979591836734694,0.9082405345211582,0.9000916590284143,0.9016918152720622,0.9005474452554745,0.9039080459770115,0.8925318761384335,0.8800884955752213,0.9046967624259006,0.8903197158081705,0.8807339449541285,0.8718291054739653,0.8845637583892617,0.8900312919088065,0.8828264758497316,0.8786101083032491
0.8949522510231923,0.8911111111111111,0.8929515418502203,0.8972602739726028,0.8989852398523985,0.8955969133000454,0.9030192131747484,0.8954161103693814,0.9075743913435528,0.9043824701195219,0.9060901906090191,0.9141670512228888,0.9251732101616628,0.9146897810218978,0.9152311876699909,0.922291296625222,0.912311780336581,0.9172229639519359,0.9286347517730497,0.9296733212341198,0.9329379562043796,0.9176211453744494,0.9221824686940966,0.9217002237136466,0.9176046825754165,0.9266340595820365,0.9229704797047971,0.9353369763205829,0.9204347826086956,0.9309269162210339,0.9257091400270149,0.9194205522861023,0.9268514311676511,0.9124153498871331,0.9181775918177592,0.920017873100983,0.9116733244562805,0.9085972850678733,0.918918918918919,0.9089277703005832,0.9108867427568043,0.9083409715857012,0.9073819348922513,0.9056780854059128,0.8970588235294118,0.9024064171122995,0.9042179261862917,0.8965364120781527,0.8964747880410531,0.8834327673244607,0.8931777378815081,0.902283105022831,0.9018901890189019,0.9063753901025412,0.9042889390519188,0.9102040816326531,0.9031967582170194,0.9037769784172662,0.9126258005489478,0.907871972318339,0.9068934646374217,0.9139273356401384,0.9138248847926267,0.916,0.9235985533453888,0.9232158988256549,0.9211356466876972,0.9317359855334539,0.918578497525866,0.9138559708295351,0.9204444444444444,0.924181247196052,0.9276887871853547,0.928695652173913,0.9254712845243315,0.9297082228116711,0.9253203711886876,0.9321802457897133,0.9316628701594533,0.9312217194570136,0.9247948951686418,0.9336343115124154,0.92,0.9177389705882353,0.9167035888347363,0.9228054697838554,0.9119382660009079,0.903625516291877,0.909007773205304,0.8986363636363637,0.900976290097629,0.899103139013453,0.8972572921201567,0.9062924400181077,0.9047619047619048,0.9140767824497258,0.8965827338129496,0.9048042704626335,0.8985248100134108,0.9005400540054005
0.9207068418667875,0.9129834254143646,0.9114886008046491,0.9219666215606676,0.9112657677250978,0.9112582781456954,0.9139362166885102,0.9090098126672613,0.9200902934537246,0.9140939597315436,0.909452296819788,0.9146285186894324,0.9228637413394919,0.9266219239373602,0.9312283737024222,0.9254267744833783,0.9238979118329467,0.9097376611827479,0.9311594202898551,0.9256421811626859,0.9273465703971119,0.942907334211682,0.9352061622111464,0.9377240143369175,0.937555358724535,0.9363028953229399,0.9370875494940607,0.926056338028169,0.9414678072940117,0.9312217194570136,0.9356009070294785,0.9285714285714286,0.9381107491856677,0.9377880184331797,0.920691182986265,0.9295392953929539,0.9232889297197979,0.9280408542246983,0.9298794104510942,0.9188224799286352,0.915673289183223,0.9137126865671642,0.9212040725984949,0.9123287671232877,0.90236148955495,0.9090909090909091,0.9120535714285715,0.9107221006564551,0.916,0.9137010676156584,0.9155575952271684,0.911432444645278,0.9085559076505206,0.9258093525179856,0.9193770041227668,0.9184138559708296,0.9030384271671135,0.916819012797075,0.9244943820224719,0.9274518584863413,0.9246823956442831,0.9249116607773852,0.9178966789667896,0.9261285909712722,0.9297689170820118,0.9294642857142857,0.9273066169617894,0.9320987654320988,0.9330013580805795,0.9365079365079365,0.9282796187017703,0.9363057324840764,0.9342514438027544,0.9401595744680851,0.9375,0.9208467556373677,0.9355263157894737,0.9315436241610738,0.9283461018476792,0.9267734553775744,0.935226264418811,0.9370114942528736,0.9356458238247376,0.9346435100548446,0.9306122448979591,0.9344978165938864,0.9301487156376747,0.9225512528473804,0.918991899189919,0.9160808435852372,0.9170068027210885,0.9022222222222223,0.9165514061779622,0.9224058769513315,0.9045871559633027,0.9160200821542674,0.9086778736937755,0.9142984014209592,0.9073905109489051,0.9074402125775022
0.9238052299368801,0.9318282425852147,0.9296980621901757,0.9294642857142857,0.9282233052724856,0.9204647006255585,0.9341208541572013,0.9261958997722096,0.9297124600638977,0.9331574318381706,0.943100358422939,0.9284436493738819,0.9378658262044124,0.9435920577617328,0.9395017793594306,0.9373591707976566,0.9397869383974062,0.9398168338421282,0.9377224199288257,0.9367789570835257,0.9368374558303887,0.9364653243847875,0.9438868613138686,0.9528558476881233,0.9389140271493213,0.9457611668185961,0.9413870246085011,0.9353211009174311,0.9486725663716814,0.9307491289198606,0.9402460456942003,0.9370503597122302,0.9341987466427932,0.9403254972875226,0.9391498881431767,0.9398023360287511,0.930327868852459,0.9261106074342702,0.9236079153244363,0.9336870026525199,0.9350766456266907,0.9306177260519248,0.9242086491306286,0.9213221601489758,0.9281914893617021,0.9214636323070058,0.9306839186691312,0.9198542805100182,0.9253663003663004,0.9245541838134431,0.9245115452930728,0.9186773905272565,0.9240849525530953,0.9299107142857143,0.919800634345265,0.9216300940438872,0.9315315315315316,0.9302430243024302,0.9266727772685609,0.9323342415985467,0.9276257722859664,0.9411764705882353,0.9353075170842825,0.9377817853922452,0.9301487156376747,0.9243697478991597,0.9311163895486936,0.9354382657869934,0.9368932038834952,0.9407806191117093,0.9308176100628931,0.9377519032691446,0.9425079221367134,0.9463963963963964,0.9371681415929204,0.9297937691970163,0.9430122116689281,0.9309090909090909,0.9468181818181818,0.9391534391534392,0.9401360544217687,0.9404594467885607,0.95075421472937,0.9426895306859205,0.9431868619618287,0.9341208541572013,0.9305936073059361,0.9364214350590372,0.9239179954441914,0.9175996417375728,0.9347031963470319,0.9153674832962138,0.9090081892629663,0.9147902869757174,0.9315742397137746,0.9261414503133393,0.9267108167770419,0.9216467463479415,0.9178571428571428,0.923217550274223
0.9314946619217082,0.928763440860215,0.9288354898336414,0.9244604316546763,0.9293401965372017,0.9255663430420712,0.9318576388888888,0.9384683488269145,0.9388489208633094,0.9486363636363636,0.9354980254497587,0.9419622293873791,0.9442653155228006,0.9389908256880733,0.9415641476274165,0.9453450671607225,0.9439674649796657,0.9405356332274172,0.9414434861552429,0.9446640316205533,0.9404388714733543,0.9415439535921464,0.9449248975876194,0.943217665615142,0.9458715596330275,0.951385733757383,0.9450748978665456,0.9414990859232175,0.9358860195903829,0.9488789237668162,0.9425182481751825,0.9509230076542098,0.9511754068716094,0.9443665264142123,0.93804920913884,0.9499335400974745,0.9345372460496614,0.9379432624113475,0.9342045966651645,0.9439461883408071,0.9331320103537533,0.9366391184573003,0.9280373831775701,0.9368327402135231,0.9415554532903819,0.9280251911830859,0.9291722000885347,0.9316914498141264,0.9402784014369107,0.9363001745200699,0.9384138236597253,0.9357175192394749,0.9347426470588235,0.9273465703971119,0.923992673992674,0.9377537212449256,0.9330275229357798,0.9386666666666666,0.936851601262968,0.9426048565121413,0.9399198931909212,0.9330058061634658,0.9403973509933775,0.941712204007286,0.9374716810149524,0.9483782549109182,0.9443422263109476,0.9391462306993642,0.9390980939098094,0.9416817359855335,0.9477182100132919,0.9540383757251227,0.951058201058201,0.9460431654676259,0.948471615720524,0.949288256227758,0.9457155675190668,0.9389384687646782,0.9465168539325842,0.9458467186782928,0.9403330249768732,0.9432943294329433,0.9389692585895117,0.9359318996415771,0.9451570101724901,0.944647758462946,0.942908926144087,0.9399538106235565,0.9401360544217687,0.9478221415607986,0.9359145527369827,0.9403319874383131,0.9502510269283432,0.9364161849710982,0.9364313897413415,0.9353982300884955,0.9283036551077788,0.929283771532185,0.9354838709677419,0.9343456900401965
0.9396551724137931,0.9352100089365505,0.9433962264150944,0.9320388349514563,0.9432275368797497,0.9346037245560849,0.9421708185053381,0.9401197604790419,0.9382047812359043,0.9369747899159664,0.9326539654408507,0.9435874834728956,0.9535809018567639,0.943800178412132,0.947485536270583,0.9431258396775638,0.9492049469964664,0.9453302961275627,0.9463806970509383,0.9553530751708428,0.9535299374441466,0.9502164502164502,0.9534347625633933,0.9400617011899515,0.9481680071492404,0.9464687359424202,0.9533799533799534,0.953757225433526,0.9536574284416175,0.9410470743510778,0.9507168458781362,0.9519630484988453,0.9560688405797102,0.9519964109466128,0.9505135387488328,0.9512302284710018,0.9480401093892434,0.9470640569395018,0.9468037550290568,0.94133215703573,0.9448183041722745,0.9454128440366972,0.9483695652173914,0.950316169828365,0.9356505401596994,0.9360544217687075,0.9425795053003534,0.9355692850838482,0.9359673024523161,0.9375282933454051,0.9521488701816571,0.9373081981587024,0.9327272727272727,0.9380256750774679,0.9497510185604345,0.9386939138160817,0.9469964664310954,0.9478377173428444,0.9451871657754011,0.928054298642534,0.9470404984423676,0.9568472038749449,0.9439595774000918,0.9476082004555809,0.9494485294117647,0.9457399103139014,0.94713059195662,0.9404981549815498,0.9473210265646106,0.9488350845134764,0.9470404984423676,0.9446181330951318,0.9451360073766712,0.9470640569395018,0.9596920289855072,0.9528049866429208,0.9608791208791209,0.9488007380073801,0.9546271338724169,0.9565987599645704,0.9454862625381596,0.9407634927599825,0.9478098788443616,0.9524432809773123,0.94590970049173,0.9484444444444444,0.9497777777777778,0.9423334823424229,0.9477064220183486,0.9447191011235955,0.9364791288566243,0.9414917373827602,0.9439080459770115,0.950948634891254,0.937332139659803,0.9435806308307418,0.9446167478954364,0.9439674649796657,0.9466128308658591,0.9461781999095432
0.9431151241534989,0.9493321050207277,0.9503416856492027,0.9560185185185185,0.943217665615142,0.9492455418381345,0.9474629546475078,0.9464928057553957,0.9463736263736263,0.9474645957058018,0.9419180549302116,0.9466490299823633,0.9470198675496688,0.9571361281205841,0.9442429737080689,0.9534358047016275,0.9535545023696682,0.9481514878268711,0.9530685920577617,0.9615562760537286,0.9463806970509383,0.9480176211453745,0.9385245901639344,0.9580703336339044,0.9521680822530174,0.9551630434782609,0.9485071397663349,0.9555655296229802,0.9409937888198758,0.9505902929602099,0.9549234135667396,0.9402099497946144,0.9509090909090909,0.9549107142857143,0.9528259902091678,0.9478458049886621,0.9506517690875232,0.951089373054691,0.9492619926199262,0.9486148346738159,0.9525530953456846,0.9522321428571429,0.9485390318360227,0.9536244934714093,0.9512419503219871,0.9536271808999082,0.94967978042086,0.9452115812917594,0.951276102088167,0.9437190454750113,0.9572001783325903,0.9391891891891891,0.937584803256445,0.9430714916151809,0.9461358313817331,0.9416324669402645,0.9440333024976874,0.9511668107173725,0.9471111111111111,0.9482758620689655,0.9433620299048482,0.9500458295142071,0.9538670284938942,0.9516056083220262,0.9471977767484947,0.9347031963470319,0.9532667876588021,0.9491140390731486,0.9467084639498433,0.951850200624164,0.9483461712732215,0.9573225516621743,0.951061865189289,0.9532243415077203,0.9452954048140044,0.9537286612758311,0.9506227758007118,0.957004160887656,0.9493441881501583,0.9563218390804598,0.9589483394833949,0.9500217296827467,0.943950177935943,0.9540481400437637,0.9466727438468551,0.9516056083220262,0.9434222631094756,0.949234135667396,0.9530141843971631,0.9407925407925408,0.9499545040946314,0.9447125932426503,0.9486238532110092,0.9446428571428571,0.949443413729128,0.9559291231258519,0.9456869009584664,0.9541914796152084,0.945542380324989,0.941944194419442
0.9474134245404019,0.9470169189670525,0.9473924977127173,0.9503267973856209,0.9574853007688828,0.9472960586617782,0.9485359361135759,0.9491059147180193,0.9509399358092618,0.9536995006808897,0.9486498450641877,0.952445042620009,0.9509283819628647,0.9509009009009008,0.9559090909090909,0.9603603603603603,0.9567350579839429,0.9522960320998662,0.9568091670339357,0.9565987599645704,0.9558417663293468,0.9546485260770975,0.9532455742169769,0.9507259128904532,0.9483378256963163,0.9573309123921925,0.9510869565217391,0.956792873051225,0.9538461538461539,0.9478260869565217,0.9545863309352518,0.9493899683687302,0.9595141700404858,0.952863436123348,0.9567567567567568,0.9561752988047809,0.9449838187702265,0.9556135770234987,0.951850200624164,0.9561085972850679,0.9517523896222121,0.9500674763832658,0.9561717352415027,0.9543215405284371,0.9402125775022143,0.9440400363967243,0.950945094509451,0.9572217111315547,0.9514959202175884,0.9533039647577093,0.9621695533272562,0.9499072356215214,0.9488817891373802,0.9495835160017536,0.9469662921348314,0.9562274368231047,0.9509230076542098,0.9610963748894783,0.9498207885304659,0.9601611459265891,0.9514739229024943,0.9529516200621394,0.9512423816221285,0.9562043795620438,0.9476486246672582,0.9575163398692811,0.9507839721254355,0.9527522935779816,0.9564444444444444,0.9595195729537367,0.9579041648007165,0.9507299270072993,0.9662562699498404,0.9537241075363596,0.9515235457063712,0.956989247311828,0.9533039647577093,0.9571948998178507,0.9458105646630237,0.9552951388888888,0.955474784189005,0.9493168796826796,0.9570294255021018,0.9549825174825175,0.9509500662836942,0.9551971326164874,0.9562669071235347,0.9500674763832658,0.9539503386004514,0.9574747917580009,0.938220378054403,0.9608988764044943,0.9603424966200992,0.9510204081632653,0.9500662836942112,0.9551427276846398,0.946031746031746,0.9518916394208314,0.9619539689995303,0.9526129317980514
0.9551282051282052,0.9588421528720036,0.9531668153434434,0.9589905362776026,0.9538043478260869,0.9599254426840633,0.9536748329621381,0.965158371040724,0.955719557195572,0.955113373438223,0.9627611262488647,0.9519274376417234,0.9556451612903226,0.9556875285518501,0.9542513863216266,0.9597254004576659,0.9657168299198575,0.9542805916629314,0.9527306103717301,0.9530495831505046,0.9509713228492137,0.9580544399821508,0.955716222322639,0.9577893820713664,0.958740017746229,0.9574844995571302,0.9583333333333334,0.9537333944113605,0.9628469113697403,0.9619637328615657,0.9611260053619303,0.9611734253666955,0.9554367201426025,0.9562695225345827,0.9588853357697579,0.9567843866171004,0.9606791778373548,0.9487740805604203,0.9524031731217919,0.9495454545454546,0.9586739327883742,0.9575812274368231,0.9565022421524664,0.9489150090415913,0.9526436781609195,0.9559277214631996,0.9535095715587967,0.959767545820295,0.9555357936860827,0.9525959367945824,0.95483288166215,0.9545859305431879,0.9476102941176471,0.9554140127388535,0.9546666666666667,0.950530035335689,0.9505037231712659,0.9577777777777777,0.9584870848708487,0.9525274725274725,0.9474399637516991,0.9550414666084679,0.9573333333333334,0.9561878952122854,0.9540747411076091,0.9581056466302368,0.9566591422121896,0.9627949183303085,0.9515377446411929,0.9578664276109368,0.9643811219946572,0.9522091974752029,0.9518400726942299,0.9574181981174361,0.9593175853018373,0.9658990256864481,0.9468452895419187,0.9542725173210161,0.9488919041157847,0.9544851966416261,0.9613615455381784,0.9653979238754326,0.9506061966771442,0.9568845618915159,0.9629286376274329,0.9526523454625164,0.9510647938377889,0.9575205895101864,0.9575221238938053,0.9544833864360491,0.9570853822083147,0.9540229885057471,0.9516908212560387,0.9603658536585366,0.9502283105022831,0.9508566275924256,0.9454626732230667,0.9612644701691897,0.9584888059701493,0.9613333333333334
0.9570835256114444,0.9572457245724573,0.9565018315018315,0.9546271338724169,0.9522278364722094,0.9608714984437527,0.9622641509433962,0.9596412556053812,0.9564250778123611,0.9573980760421439,0.9629794826048171,0.9557315936626282,0.95338413267593,0.9593709043250328,0.950561797752809,0.9560246262093228,0.9538188277087034,0.9576158940397351,0.9554937413073713,0.9585958595859586,0.9555357936860827,0.9566787003610109,0.9583146571044374,0.9666203059805285,0.9674355495251018,0.9534033805390589,0.9590669014084507,0.9592206615314907,0.955,0.956787429070275,0.9472979008485931,0.959731543624161,0.9617582417582418,0.9572841726618705,0.9502242152466368,0.9565026362038664,0.9528172240036646,0.9573115349682108,0.963339222614841,0.9523809523809523,0.9562471808750563,0.9613483146067415,0.9560640732265446,0.9481774264382961,0.9508556384379113,0.9556761646313885,0.9615384615384616,0.9638278388278388,0.964221824686941,0.961486789072996,0.9526842584167425,0.9557017543859649,0.9464763603925067,0.9486725663716814,0.9573115349682108,0.9554655870445344,0.9590669014084507,0.9576767221972085,0.947200728265817,0.9523389232127096,0.9529837251356239,0.9649753030983386,0.9522091974752029,0.9538812785388128,0.953416149068323,0.9570637119113573,0.9628597957288765,0.9633886760323542,0.9513294276701216,0.9565610859728507,0.9623411978221416,0.9581664441477525,0.9519533004041311,0.947935368043088,0.9571686203787195,0.9643811219946572,0.9537414965986395,0.9575513851653262,0.9560869565217391,0.9631315430131998,0.9590200445434298,0.961486789072996,0.9532374100719424,0.9545454545454546,0.957931638913234,0.9582560296846011,0.9590849098108227,0.9503610108303249,0.9545049063336307,0.9536170212765958,0.9499113475177305,0.9608835710998619,0.9527665317139001,0.9540229885057471,0.9491292392300642,0.9557838320678874,0.9538391224862889,0.9515317786922726,0.9488350845134764,0.9586397058823529
