0.9545454545454546,0.956413004644516,0.9563655952594721,0.9568153545406077,0.9606284991872855,0.95841001104159,0.9632555575969135,0.9556277056277056,0.959391771019678,0.9540780141843972,0.9567044208987943,0.9610805047094366,0.956662470778637,0.9568536931818182,0.9605857891882119,0.9561752988047809,0.9574582660204631,0.9628618241398144,0.9590313182811362,0.9570963070238957,0.9546509551865738,0.9554140127388535,0.9557122198120029,0.9557235421166307,0.9587926983553227,0.9567790530846485,0.9567945500179276,0.9569197630586969,0.9545862502243763,0.9585615188024826,0.9508312698974177,0.9581818181818181,0.9546822446450699,0.9587685541506322,0.9555516203293785,0.9575945896545421,0.956140350877193,0.9578248384781048,0.9603045133224578,0.9583556747095621,0.9582046156641831,0.9563570784490532,0.957026291931097,0.9543909855124307,0.9569573283858999,0.9590983457553172,0.9561832337497737,0.959164988097418,0.9626473254759746,0.9605118829981718,0.9615587151132174,0.9601856811283699,0.9578496160028577,0.957481162540366,0.9594280607685434,0.9605526267951282,0.9595354745055343,0.9554922556524835,0.9564220183486238,0.959985515118595,0.9607913669064748,0.9583408802753124,0.9568153545406077,0.9545697487974345,0.956074251056791,0.9614830813534917,0.9561752988047809,0.9598487576521426,0.9588214412495563,0.9538962212981378,0.9555595537963296,0.9567968185104845,0.9567945500179276,0.9592898134863702,0.9532693674484719,0.9579252811026479,0.9585690819492608,0.9576930030735853,0.9547536178787324,0.9552823801888474,0.9594886568239107,0.9577288196310227,0.9561323341253885,0.9620744399364968,0.955042092065198,0.9559118236472945,0.9521840733417221,0.9522012578616352,0.9610157367668097,0.9568447117085249,0.9536770007209805,0.9541218637992831,0.9585464808608221,0.9622024350354352,0.9586520947176684,0.9548978153629316,0.956591928251121,0.9623146990534024,0.9630812921547746,0.9550398839738942
0.958804228946409,0.954136690647482,0.9602907285942209,0.9595481049562682,0.9587720863822952,0.9560122588786731,0.9585820220654729,0.960308908045977,0.9616363636363636,0.9579563597658329,0.9598062085052934,0.9561419147798181,0.9592825112107624,0.9603906673901248,0.9552292912814936,0.9555596876162142,0.9579270494763452,0.9618470315564271,0.9547527823389892,0.9603837271273761,0.9559963931469793,0.9572287027218098,0.956855575868373,0.9596730245231607,0.9604259094942325,0.9579574160952725,0.9616913624864474,0.9584750313227134,0.9572664983772088,0.9569698065449286,0.9593817397555715,0.960787761561456,0.9560922063666301,0.9544050862851953,0.9596745027124775,0.9567169540229885,0.950278226530246,0.9599512449939056,0.9554964539007093,0.9602035253498092,0.9572403880704276,0.9567091790910723,0.9567744278968399,0.9587228788146057,0.9574544154451198,0.9577414772727273,0.9593662628145386,0.9568981064021641,0.9589345172031076,0.9589600742804085,0.9606955261727947,0.9611580650962057,0.9622879826777336,0.9550946798917944,0.9626083815028902,0.9621856341595802,0.9553183791606368,0.9579662261380323,0.9599492569771656,0.9565138612067403,0.9549614211376278,0.9563343328335832,0.9599109131403119,0.9563009972801451,0.9581658750456704,0.9638874137015401,0.9564755838641189,0.9535971223021583,0.9545204474601137,0.9538068285557787,0.957542099605876,0.9560914162317797,0.9532897128316976,0.9570596797671034,0.9565993927487051,0.956591928251121,0.9614200326027893,0.954931071049841,0.9534883720930233,0.9585335468944652,0.9575488454706927,0.952755905511811,0.9601936525013448,0.9551699204627621,0.9564738292011019,0.9515747314764246,0.9600144743984078,0.9560737527114967,0.955648841029385,0.956277213352685,0.9558303886925795,0.9592511013215859,0.9578626501703424,0.9590643274853801,0.9577589254153411,0.9614016364283173,0.9592121317761897,0.9651768084724466,0.9558591697320021,0.95724973281083
0.9575554772807326,0.9545205479452055,0.9607594936708861,0.9623293903548681,0.9545037607778389,0.9577541072395739,0.9560420003559352,0.9575940383250532,0.9551512968299711,0.9587813620071685,0.9587015329125338,0.9557122198120029,0.9537882858678131,0.9530058521014364,0.9543346414555833,0.9588138385502472,0.9537456920007256,0.9540126239855726,0.9589640707641802,0.9541300842142986,0.953629391831639,0.955781080101486,0.9511892083777068,0.9527866524671637,0.958044509303174,0.953202846975089,0.9538406058420483,0.9519642857142857,0.9484177794036949,0.9580344332855093,0.9524396688391756,0.9514932126696832,0.9556561085972851,0.9561122956645345,0.9588967971530249,0.9508080269934293,0.9616654438738078,0.9574895092136472,0.9558957535994168,0.9578236260726675,0.9630097437748105,0.9597279398603902,0.9562890276538805,0.9562930721799057,0.9564138908575478,0.9622375154402683,0.9601377061061787,0.9566908255258971,0.9611872146118722,0.960222182404587,0.960101559666304,0.9539982030548069,0.9602007888131947,0.9583483591777858,0.9550336792281086,0.9593990341620462,0.9605358435916003,0.9575573065902578,0.9573812114617337,0.9592760180995475,0.9586909871244635,0.9544094349586341,0.9558638083228247,0.9548094373865699,0.9577006507592191,0.959061135371179,0.9536679536679536,0.9559646273235878,0.9527658045977011,0.9545783568584871,0.9553032990422136,0.9605167394468704,0.9550501432664756,0.9567185802245564,0.9575925925925926,0.9593033588057579,0.9575402635431918,0.9574352472378193,0.9545949872865964,0.9571507049990844,0.9568148688046647,0.9581844174410293,0.9568762456966842,0.9579270494763452,0.9566303765839729,0.9602552415679125,0.9545702344175904,0.9565217391304348,0.9586231496343856,0.9589899713467048,0.9623445825932504,0.9556905485081294,0.9573400250941029,0.9535797179075165,0.9570123589468028,0.9594859896484026,0.9574964131994261,0.9616428442192871,0.9568177745923669,0.96147526017893
0.9589865111192125,0.9566907273736813,0.9653764204545454,0.9598079317090521,0.9554347826086956,0.9549845088390742,0.956701401365433,0.9585310138815674,0.9544067492371208,0.9619116061803809,0.9639978506179473,0.9572459744586341,0.9585379159847245,0.9564752051373528,0.956653585444167,0.955173032096109,0.9575505780346821,0.9572116241754324,0.9550602193061298,0.9543560949103423,0.9538599640933573,0.9511715256662493,0.9576719576719577,0.9491829771951876,0.9502082201701973,0.9552079630287948,0.9514440433212996,0.9523809523809523,0.953971119133574,0.9545940170940171,0.9543524416135881,0.9510577267837935,0.9607423269093505,0.9528251121076233,0.9547211485367201,0.9564207894266833,0.9548042704626335,0.9541711421410669,0.9510107448552176,0.9533984159145331,0.9572773352643013,0.9596687072380267,0.9511278195488722,0.9538682462753545,0.9629023458810693,0.9632864017109249,0.9576957695769577,0.9574204946996466,0.9578291814946619,0.9524326279616567,0.9576407506702412,0.9548939204849349,0.9536727144618636,0.9566294919454771,0.9583849831769081,0.9574356279558591,0.9565217391304348,0.9584781415767332,0.9620894479385046,0.9535009951148905,0.956672760511883,0.9565533539356481,0.9493419866594556,0.9558718861209965,0.9575379125780553,0.956452186277995,0.9542012261089073,0.9495917642882499,0.9517923362175525,0.9575471698113207,0.9576805330452008,0.9538930749910298,0.9535979699111836,0.9514001806684733,0.9539449541284404,0.9539367970005356,0.9543286867204696,0.954822517031194,0.9550359712230215,0.9564826470059342,0.9534679543459175,0.9511198009242802,0.9549792904736178,0.9597327237559345,0.9537223340040242,0.9550990728958372,0.9547265483520464,0.9586486985416282,0.9528662420382166,0.9536887452880991,0.9560578661844484,0.9547251167804528,0.9510603588907015,0.9604735883424408,0.9578420864594498,0.9589706676264171,0.9561532792925571,0.9582421590080233,0.9589337175792507,0.9550274223034735
0.9608018614641132,0.9596562006665498,0.9603548153511948,0.9613149291681802,0.9566308243727598,0.9608269858541894,0.958402052409749,0.9573468281221761,0.9582437275985664,0.9607913669064748,0.9553539019963703,0.9543979812545061,0.9552992069214131,0.9530967040927201,0.9501419446415897,0.953912886318453,0.9515901060070672,0.9529156102861283,0.9515086206896551,0.9551924090669478,0.9529262086513995,0.9486481582289965,0.9450821119547943,0.9555714797563597,0.9493829368628153,0.9460081430341654,0.9468420077792183,0.9438141545110751,0.9588364434687157,0.9455818965517241,0.9470556455969746,0.9497422680412371,0.9540520984081042,0.9450529718082241,0.9459218275923612,0.9539402662828356,0.9554537121906508,0.9508952313419606,0.9613180515759312,0.9613710554951034,0.9566715010877448,0.9539136795903438,0.9559400642169105,0.9546191247974068,0.9585098870056498,0.9547108039287013,0.9569230769230769,0.9604907090023453,0.9605812897366031,0.9606130814471574,0.9544797687861272,0.9607563325008919,0.9590715804394047,0.9591727580673917,0.956821480406386,0.9601494396014943,0.9579967689822294,0.9583710407239819,0.9561530133525803,0.9580569994622692,0.9547648846772752,0.9539651141880957,0.9529011461318052,0.9511842343156753,0.9543516873889876,0.9571098060153053,0.9504043126684636,0.9539637397795947,0.9510927982801863,0.946917183509668,0.9462478184991274,0.9564669904659111,0.948821796759941,0.9458663229607807,0.9468027941966685,0.9520474137931034,0.9478197409231892,0.9460936077217265,0.9511489053736204,0.9520958083832335,0.9499909403877514,0.9481320275661952,0.9554277498202732,0.9546526392163976,0.9548198280592647,0.9503756770924341,0.9563457137827848,0.9514864125478752,0.9500183083119736,0.9544483985765124,0.9595725734639359,0.9527573199209628,0.954250720461095,0.9528012970635922,0.9610227069551225,0.9531471004243282,0.9571226080793763,0.9562764456981664,0.961639978884392,0.9604539812023408
0.961720743711265,0.9572541206303206,0.9593582887700535,0.9605618584548893,0.959949026033133,0.9581924924390678,0.9533223503569467,0.9526605504587156,0.9561419147798181,0.9564826470059342,0.9527716994894238,0.9520087256862388,0.9491949910554561,0.9549827554910147,0.9505921539600296,0.9520893371757925,0.9497877053719771,0.9469278717720392,0.953862660944206,0.9454347035285559,0.9500090236419418,0.9433412279103662,0.9437175120989425,0.9480567323632345,0.9443546939508167,0.9428265142040378,0.9467530131318582,0.9445041174364482,0.9459265890778872,0.9448483773718744,0.9433176385367621,0.9432198906718392,0.9494623655913978,0.9499463711119056,0.949235807860262,0.9507406746385865,0.9532393360699625,0.9533744557329463,0.9509571558796718,0.9544039553195386,0.9539860888175495,0.9619370979270908,0.9547527823389892,0.9560189241282635,0.9532590834398393,0.9562043795620438,0.9532046613255645,0.9546530686578036,0.9583946980854198,0.9623369465368363,0.9571687840290382,0.9571711355047687,0.9561106155218555,0.9555918071415624,0.9542177361211247,0.9516916953139135,0.9531730247694811,0.9574657412350952,0.9557063761385962,0.9537223340040242,0.9525534226729446,0.9498724024790376,0.9487836107554417,0.9520248084640642,0.9495932083480721,0.9474722122624597,0.9451252972379733,0.9497765862377122,0.9478511059162021,0.9446447890371439,0.9426617569700158,0.9495307242783779,0.9467095851216023,0.946729479978257,0.9406625409537678,0.9516420064958498,0.9430515759312321,0.9408284023668639,0.9477882523567803,0.9442122478648011,0.9440497335701599,0.9495279593318809,0.9482789055604589,0.9504043126684636,0.9528110599078341,0.949271451699946,0.9534883720930233,0.9514025370734321,0.9498309909268814,0.9527170077628794,0.9592163846838825,0.9549664063918649,0.9547094911584265,0.9566453447050463,0.9591724642987917,0.9602122015915119,0.9586512866015972,0.956513990376047,0.9593086064097948,0.9589698046181172
0.9597989949748744,0.9610853266690468,0.9591727580673917,0.9600503868994061,0.9539855072463768,0.9561387740427827,0.9555515565952852,0.9534966911107137,0.9503722084367245,0.9543395542670774,0.9515923566878981,0.9472652770354534,0.9506151142355008,0.9490014265335235,0.9459267164710068,0.9510240427426536,0.9470948579914609,0.9472733838931022,0.9405405405405406,0.9397156739247795,0.9393992932862191,0.9390376266280752,0.9410598413842827,0.9406133664243929,0.9388818982563365,0.9448154657293497,0.9383005592639365,0.939514668598334,0.9363734679163662,0.9446540880503145,0.9427439683111272,0.9440806936825341,0.9476045218015432,0.9507309149972929,0.9457559920706433,0.945273631840796,0.9493380406001766,0.9536665450565487,0.9526202440775305,0.9488372093023256,0.9524581307401405,0.9541119308979665,0.9552292912814936,0.9556658982089022,0.955753823743627,0.9576301615798922,0.9561387740427827,0.9565374864179645,0.9581627203133345,0.9572463768115942,0.9537935994246673,0.9588941433248453,0.9590958019375673,0.9594197576202718,0.9546513712134791,0.9589532174224772,0.9552911483684875,0.9532996754417599,0.9532560214094559,0.9497496423462088,0.9556437071763433,0.9552079630287948,0.9481373265157049,0.9497397235684796,0.9511453113815318,0.9466089466089466,0.9509556437071763,0.9427432505888748,0.9381406221902535,0.9429800968262507,0.9410711087229088,0.9338798788094814,0.9435333581811405,0.9431920649233544,0.9392386530014641,0.93824011659683,0.9462582538517975,0.9477313974591651,0.9426036574325548,0.9378500451671183,0.944219440353461,0.9425639178970112,0.9429381534644693,0.947005444646098,0.9462306993642143,0.9443231441048034,0.9460039334882889,0.9500990812466222,0.9476250677262055,0.9491034232928818,0.9509926667859059,0.9531845400108874,0.9474447263501269,0.9568202348690154,0.9599284436493739,0.9544960116026106,0.9617241996065105,0.958511396011396,0.9594161623353507,0.9547614856539341
0.9584596184703156,0.9606751348529667,0.9608534649973549,0.9600791224599892,0.9595238095238096,0.9593392630241423,0.9560576409891478,0.9587797348828764,0.9510262873604609,0.9485998526160648,0.9535131298793471,0.9502892263195951,0.9493809176984706,0.9436366900017951,0.9446254071661238,0.9395306859205776,0.9410360029390155,0.9435707678075855,0.9389132020423049,0.9362520608169994,0.9379661633618337,0.9342697640914821,0.9310035842293907,0.9378633720930233,0.9345777455599855,0.9309103994242534,0.9406734366648851,0.937935968520837,0.9412192902638763,0.93979628955984,0.9296591733139956,0.9392052737593847,0.942953616491914,0.9368914532996755,0.945389435989257,0.9346887369557395,0.9480286738351255,0.9466715037184836,0.9478750454050127,0.9483199415631848,0.9505813953488372,0.9513250405624663,0.9560635827826398,0.9529305680793507,0.9560260586319218,0.9543015726179463,0.958904109589041,0.9584077115315959,0.959681793527391,0.952544828835356,0.9552211414938521,0.9548317437466258,0.958190664984682,0.9569185834246076,0.9580028839221341,0.955547652916074,0.9495273764936686,0.9522159401787342,0.949307075127644,0.9497226695294329,0.9512151215121513,0.9444444444444444,0.950268336314848,0.9430719656283566,0.9416279900035701,0.9424139775361027,0.9395594392863644,0.9387645478961504,0.9424550151434171,0.9424682395644283,0.9372286541244573,0.9272825694695056,0.9349358395084041,0.939867169269431,0.9259126056464665,0.9400393771254698,0.9319715484223965,0.934954954954955,0.9339521599428775,0.9340425531914893,0.9379914224446033,0.9390065741417093,0.9396718998059622,0.9376136777009821,0.9399783705839942,0.9440748066894443,0.9415490408975751,0.9460386211875113,0.9541182974018795,0.9469373219373219,0.950592885375494,0.9532046613255645,0.9529246443000176,0.9579158316633266,0.9595521849042976,0.9561167830915278,0.9616755793226381,0.9555991440798859,0.9620320855614973,0.955078125
0.9587221823402728,0.9557853449812801,0.9588642155078267,0.9577006507592191,0.9556112403794523,0.9586499381516169,0.9545536845917074,0.9516847922980923,0.9519758993443204,0.9463835912198633,0.9514684813753582,0.949028236156949,0.9443121450815167,0.9414573753095153,0.9369401648154784,0.9416363636363636,0.9346549192364171,0.932212389380531,0.9288785381583662,0.9376107763204538,0.9331560283687943,0.9324059211699661,0.927725968436155,0.9310407901957197,0.9311324103656372,0.9289023521026372,0.930172730613745,0.932083029861617,0.9286993908993192,0.9267256637168142,0.9315596009102048,0.9352791878172588,0.9350009129085266,0.9358065102745954,0.9364193083573487,0.9411557434813249,0.9348935421432342,0.9384474885844749,0.9441197954711468,0.9467906976744186,0.9507042253521126,0.9457614942528736,0.9508944870390653,0.9567272727272728,0.9602069950035689,0.953813484339055,0.9615384615384616,0.9566740412979351,0.9611426543647977,0.9583483591777858,0.958265287606605,0.9587961304192046,0.9562861271676301,0.9545371885797418,0.9558823529411765,0.9545869049790261,0.9511802575107297,0.9498460981350715,0.9526325378028785,0.9485414024279761,0.9502141327623126,0.9454545454545454,0.9402173913043478,0.9442741208295762,0.935253085315686,0.9350461371449249,0.9342440801457195,0.9346887369557395,0.9283154121863799,0.9342032714574526,0.9303590859630033,0.9306966618287373,0.9238679415478982,0.928649040202825,0.9213745951781216,0.930570701563068,0.9298496778811739,0.9273481160987921,0.9311574817192795,0.930588023736738,0.9245351146416321,0.9327249955269279,0.9303330333033303,0.9403866809881848,0.9367475292003594,0.9413237924865832,0.9410714285714286,0.9474455227980223,0.9467750877841434,0.9529922256373169,0.9453992123165056,0.9477732069397246,0.9522522522522523,0.9586851086761272,0.9530416221985059,0.9564111877951326,0.9608687847783163,0.9628366247755835,0.9580104523337538,0.9546197131965874
0.9610880922356332,0.9574698143809696,0.9601149838303988,0.9600211342021838,0.9543664996420902,0.9556772028959916,0.9502246181491465,0.9514213745951782,0.9540540540540541,0.94912217843067,0.9415162454873646,0.9416740088105727,0.939459072183414,0.9427851745232098,0.9383321653819201,0.9308890925756187,0.9380216657787249,0.9247666117517848,0.92914653784219,0.9223075549205215,0.9234828496042217,0.9237547203740335,0.926697808120733,0.9223826714801444,0.9224401655569552,0.9185077870336834,0.9211752060193479,0.9237552820135955,0.926431006639153,0.9293439077144917,0.9234492649695232,0.9309728183118741,0.9285458452722063,0.9318879855465221,0.9328602620087336,0.9368861404146962,0.934106483921982,0.938384381157084,0.9440671908506075,0.9421561604584527,0.9476983700519434,0.9499465621660136,0.9535688273852877,0.9477707006369427,0.9517536051272921,0.9530406621086722,0.9548247199132635,0.9639526542324247,0.9562241037650874,0.9586686174103877,0.9541019154318757,0.9595959595959596,0.9568280346820809,0.9619935460738616,0.953125,0.954168170335619,0.9458730444164719,0.9474940334128878,0.94625,0.9492250133618386,0.952550838387442,0.9419284149013879,0.9436366900017951,0.9357522123893806,0.9349856321839081,0.9302949061662198,0.9332016520021548,0.9265586474110602,0.9170740539561832,0.9196078431372549,0.9225888324873096,0.9241071428571429,0.9152725310307609,0.9242093784078517,0.919012166333757,0.9160043352601156,0.92667763759371,0.9255243512264486,0.9241516966067864,0.9317697228144989,0.9260409057706355,0.9272994308793832,0.9246392303580973,0.9335645190728236,0.9303455723542117,0.9266333452338451,0.9397568499364907,0.9377282688093499,0.9432750624331074,0.9446126447016919,0.9488737933500179,0.9494219653179191,0.9571658040335534,0.9566574839302112,0.9534513274336284,0.9590178732623217,0.9544550876558829,0.956506045840101,0.9579846893359445,0.9608610567514677
0.9607407407407408,0.9578280542986425,0.955417406749556,0.9543174489430312,0.9542025862068966,0.9532472257595052,0.9498027967013266,0.945702984537936,0.9436517970019866,0.9460047109983692,0.9372599231754162,0.9400294334069168,0.9378181818181818,0.9347122302158274,0.9338275176279154,0.9257071249552452,0.9268774703557312,0.9263803680981595,0.9213360102208432,0.9184634897626381,0.9234397677793904,0.9207317073170732,0.9076283441793204,0.9125712250712251,0.9148174659985684,0.9109154929577464,0.9140751393133202,0.913135593220339,0.9129649693029974,0.9136445242369838,0.9169797817140812,0.9139396130898572,0.9235566642908054,0.925,0.9204710144927536,0.9251181388585968,0.9318918918918919,0.9388968997837058,0.9372125928546162,0.9360549132947977,0.9413906079359301,0.950278226530246,0.9495003568879372,0.9473872584108805,0.9544039553195386,0.9574854651162791,0.9583032490974729,0.9571122230164403,0.9581218274111675,0.9652440122456329,0.9546269727403156,0.9564903412168262,0.9571375326127469,0.9579042457091238,0.9529644981077672,0.9633291389538019,0.9526659412404788,0.9498910675381264,0.9512635379061372,0.9438056379821959,0.9401755328676339,0.9358558558558558,0.9367405289492494,0.9337056386236714,0.929042904290429,0.9272792405516748,0.9288928892889289,0.9239956568946797,0.9232032105071142,0.9191810344827587,0.9166666666666666,0.9149366158368547,0.9171823807790317,0.9112670986321094,0.9110792398709214,0.9074383231311445,0.911520404478151,0.9121073067419696,0.9174168975069252,0.9249343832020998,0.9188323246707013,0.9182837813779597,0.9215167548500882,0.9284799707334919,0.9260042283298098,0.9361175013271987,0.9335488505747126,0.9375453885257807,0.9326563335114911,0.9463039198138535,0.9390048154093098,0.9466618936817612,0.9492413294797688,0.9513444302176697,0.9548789435069699,0.9544002838892832,0.9566463633106413,0.9573314048092569,0.9605929139551699,0.9582198001816531
0.9557235421166307,0.9584325215162058,0.9579004920721705,0.9540437850551836,0.9591873752947578,0.9507809662186706,0.9566596194503171,0.9515386032798968,0.9483299501753091,0.9423636363636364,0.9434956395348837,0.9340499180178539,0.9313600871617941,0.9302408563782337,0.9247213594006943,0.9273712737127371,0.9163642960812772,0.9185065517860348,0.9148897393839985,0.9081595974119339,0.9046515772589556,0.9096612296110415,0.9011440829460136,0.9095264418647503,0.9041937816341287,0.9147370310536708,0.8999286478772743,0.9095593461265103,0.9030491144787293,0.9090578392142598,0.9005434782608696,0.906618962432916,0.9200786697657787,0.9189284455410645,0.9271546427944533,0.9223744292237442,0.9257153338224505,0.9311134601832276,0.9329526616319764,0.9406733393994541,0.9376765536723164,0.9426536064113981,0.9428265142040378,0.94593147751606,0.9510159651669086,0.9517241379310345,0.9534082668600435,0.9575690198258292,0.9575004502070953,0.9575157515751576,0.9547775346462436,0.9573170731707317,0.9513162639740353,0.9562488793258024,0.9567912165751726,0.9488422186322025,0.947954711468225,0.946616675593644,0.9460055096418732,0.9392345365499728,0.9367652297826862,0.9314487632508834,0.9319371727748691,0.9257570229843123,0.9203943764834763,0.9172077922077922,0.9207902845749502,0.9123806024981631,0.9136819484240688,0.9129032258064517,0.9006550218340611,0.9069642857142857,0.9030118321979204,0.9080439085837683,0.9046405823475887,0.90619340818544,0.9021378547733137,0.907821729013782,0.9076106194690265,0.9037102473498233,0.9130512091038406,0.9182893539581438,0.9145222242217024,0.9199412412780023,0.9174078780177891,0.9219424460431654,0.9250581291361116,0.9322425751378268,0.9262100456621004,0.9414389291689905,0.9382491827097712,0.9473684210526315,0.9448877342735201,0.9476069615663524,0.9563062236093263,0.9525971667272067,0.9549047790154509,0.9605168700646087,0.959220498015157,0.960661038261182
0.9666427546628408,0.959403628525238,0.9588477366255144,0.9573333333333334,0.9571143012902054,0.9465374955148905,0.9499195135038455,0.9405684754521964,0.9431271171331789,0.9384419829308154,0.9343883357041252,0.9238302502720348,0.9298899538516152,0.9218722192560954,0.9165617694659234,0.913721225303607,0.9178917174614557,0.9124356144223694,0.9025705554556894,0.9019431450161929,0.9041292639138241,0.9018888685127453,0.891588107324148,0.9007524184879971,0.8955965909090909,0.8901569186875892,0.8909935668334524,0.8973674848808253,0.8957807428777498,0.9006928406466512,0.899288256227758,0.9012813571557481,0.9073074154067674,0.9061179496601139,0.9102307832091586,0.9209609389326976,0.9218241042345277,0.9287892376681615,0.9299839657936932,0.931091208188631,0.9387316374059477,0.9367267585719335,0.9451035948291128,0.9477773762197326,0.9486123545210385,0.9561925365062196,0.9613843351548269,0.9555026551913569,0.9602122015915119,0.9578368469294225,0.9565828792406398,0.9575070821529745,0.9569759206798867,0.9567489637772572,0.9518900343642611,0.954,0.9457378223495702,0.9471214582205378,0.9430357142857143,0.9422901875113782,0.9342370397508701,0.9296025663874532,0.927335016227912,0.9269446391030133,0.9220825216929343,0.9132444444444444,0.9142600896860986,0.9110910730387737,0.9051055385170486,0.9040269646975342,0.8924809298946603,0.9035230352303523,0.8928957807428778,0.8970561345767051,0.8939313045025805,0.8988522238163558,0.8970322113644589,0.8964215069232152,0.8950683945284377,0.902540834845735,0.9002676181980375,0.9023051591657519,0.9064644275911882,0.9094051300709478,0.9103858636855391,0.921824686940966,0.9245895724337002,0.9326568265682657,0.9353036583168138,0.9387464387464387,0.9363289066763689,0.9373057941875342,0.9505250044491903,0.9452789699570815,0.9528130671506352,0.9538742023701002,0.9554373739226114,0.9540497049883784,0.9558417663293468,0.9553429027113237
0.9578774617067833,0.9588892895780743,0.9548198280592647,0.9547551454932577,0.9497387858043596,0.9470524017467249,0.9495387954422138,0.9426796805678793,0.9498819684038496,0.9353524619199434,0.9256577785625993,0.9202061489248268,0.9225994888645491,0.9175962576466354,0.9166206515737162,0.9024345930232558,0.908276996162982,0.9007551240560949,0.8940116587175411,0.888323026555111,0.8898966080174134,0.8840423622329923,0.8842391304347826,0.885792349726776,0.8896198830409356,0.8749550197912919,0.8840965566205183,0.885806916426513,0.88245834079914,0.8852459016393442,0.8997155049786629,0.8969109195402298,0.8976134086354527,0.8982506247768655,0.9076116434641114,0.9087564385577631,0.9223512336719883,0.920355587808418,0.9284802043422733,0.9274573812114617,0.9277217015140591,0.9405600722673894,0.9458529518290475,0.9460035523978686,0.9545454545454546,0.9516925892040257,0.9554781971418101,0.9562355452766411,0.9550882195687044,0.9582456140350877,0.9638893781927074,0.9628299515173281,0.9594787575865762,0.9539333805811481,0.9528776978417266,0.9493029150823827,0.9411976911976911,0.9467107680999632,0.9314458689458689,0.9405144694533762,0.9356943150046598,0.9251947111030611,0.9229140941965073,0.9080922738923471,0.9118557639774176,0.903090909090909,0.8981908478183753,0.8993583868010999,0.9056603773584906,0.8866331297161336,0.8883839301945101,0.8812079315990541,0.8835092828540225,0.8836584929300161,0.8827349810571893,0.8812003530450132,0.8833871546465734,0.888543760277727,0.887420814479638,0.8852603706972639,0.8914235190097259,0.8906441987010707,0.9067144136078783,0.9008057296329454,0.910300197735035,0.917634447025192,0.9156110615521855,0.9247835497835498,0.9229511175722334,0.9296846683581007,0.9336458708979445,0.9481294053858667,0.9412814563626628,0.9451308139534884,0.948337504469074,0.949437198499196,0.9584237165582068,0.9537252099338932,0.9523381294964028,0.9590909090909091
0.9601722282023681,0.9568872987477639,0.9554781971418101,0.9588652482269504,0.9529180093089867,0.9501970619849517,0.946852893161618,0.940147827654588,0.9376660173543474,0.9310653536257834,0.9307072515666965,0.926673751328374,0.9192825112107623,0.9083048099441542,0.9062952243125905,0.9005092761004001,0.8953862660944206,0.9026737967914439,0.8860103626943006,0.8842783044178143,0.8823092630406534,0.8785396260017809,0.88076026537565,0.8860149839457724,0.8777203983769827,0.8819495922905857,0.8762144656351205,0.8811424516586837,0.8811201445347787,0.8790571169537624,0.8861890298374129,0.8829181494661922,0.8866404011461319,0.8954817637452368,0.8945658061021845,0.9024216524216524,0.9151982378854625,0.9172813487881981,0.9238284783788674,0.9263968481375359,0.9295048775998528,0.9417562724014337,0.9375684556407448,0.9433309037900874,0.9515237925503476,0.9507220216606498,0.9482542524619516,0.958808844507846,0.9597845601436266,0.9604013617631249,0.9570397111913357,0.9633928571428572,0.9596946022727273,0.9516783474732571,0.9495495495495495,0.9508586043112898,0.9441165621541866,0.9422395464209781,0.9438949829167416,0.9370742201505916,0.9287997159090909,0.9243846290065522,0.9163518618456556,0.9102833158447009,0.9001292228170574,0.9010202255235368,0.8982531964703764,0.8862012094557449,0.8843489074435956,0.8847759027399746,0.8768455167446885,0.8744021257750222,0.8791405550581916,0.8756523303940975,0.8736,0.871505376344086,0.8730101302460203,0.8849828736253831,0.8817984046410442,0.8795867474171714,0.8872471416007036,0.8920515574650913,0.8905856988860942,0.8985982159111596,0.90431718061674,0.9113265122958176,0.9106467303188615,0.9153159715898743,0.9209634255129349,0.9249377445748844,0.9372122997606334,0.9347011596788581,0.9422562823026198,0.9442984760903836,0.951627245242753,0.9545536519386835,0.9577945402298851,0.9562624254473161,0.9554322534454984,0.9549500454132607
0.9611720294804962,0.9565137614678899,0.9512625816704927,0.9583258487515718,0.9512638661574832,0.9513055751587862,0.9474457919882396,0.943221110100091,0.9371355685131195,0.9264275256222547,0.920838604735225,0.9232856884385743,0.9148128052088985,0.8991007194244605,0.8983141082519964,0.8872166817769719,0.8808243727598566,0.879746835443038,0.8827296011708745,0.8765675385166607,0.8733925013584496,0.8644492131616596,0.8621621621621621,0.8621247528312062,0.8651987110633728,0.8605066000713522,0.8543271815086902,0.8672125311498754,0.8580875781948168,0.8660208371412904,0.8761818181818182,0.8806797853309482,0.8850054328141977,0.8919210053859964,0.8925383791503034,0.8980961015412511,0.9013413342746206,0.9141730872603476,0.9175804093567251,0.9186067496841726,0.9250902527075813,0.9295697948811037,0.9399538106235565,0.9464829067478074,0.9501607717041801,0.951843895452918,0.947935368043088,0.9562545191612437,0.9531586503948313,0.9602007888131947,0.9531505356818595,0.9588839941262849,0.9545371553770312,0.9532693352653505,0.9462802289089902,0.9447717231222386,0.9364338301310828,0.9354489722322394,0.9328596802841919,0.9237891737891738,0.9139433551198257,0.9125596184419714,0.9063683925672019,0.906511458712259,0.8931846790145658,0.8891304347826087,0.8881932021466905,0.8793258024027255,0.8724637681159421,0.8725049451537493,0.873501520844516,0.8614252378388081,0.8573451327433629,0.8670733961915327,0.8620689655172413,0.8593108373504731,0.8659038083318433,0.8594341322760858,0.8649848996269319,0.8656582027732757,0.8718176962791526,0.8751562779067691,0.8825431034482759,0.8858218318695107,0.8984861976847729,0.8995991253644315,0.9037588523697113,0.9118342119614615,0.9180269058295965,0.9265277287177676,0.9275880564991954,0.9318562651275367,0.941468605888613,0.9455454383145867,0.9490238611713666,0.9501283461679502,0.9565759031856202,0.9547081990691013,0.9590760276464169,0.9586418638251761
0.9618195104128608,0.956989247311828,0.9572250179726816,0.953080229226361,0.9466097170315003,0.9473871945782059,0.9419492277649565,0.9390309315215448,0.9296182377419938,0.9253785805509943,0.9187935034802784,0.9109103790294013,0.9007809726659567,0.8988105805077223,0.8883451150987856,0.8881685575364667,0.8804716812578167,0.8712623097582811,0.8684976355038195,0.8684867951463241,0.8558181818181818,0.8530269876002917,0.8485394879192211,0.8469031428046315,0.8446377840909091,0.8548117930650844,0.8507435618425825,0.8540198735320687,0.8439653649054604,0.8633067440174039,0.8570654138055656,0.8702768587846074,0.8748193641618497,0.880057803468208,0.8814611872146119,0.8854410968789465,0.8913470115967885,0.8977393147297774,0.9120603015075377,0.9158710142316699,0.9276291681934775,0.928379588182632,0.9411335884818662,0.9413510211206144,0.9470937556235379,0.9485109436670255,0.9492574257425742,0.9561781609195402,0.9578741557056524,0.9581419992935358,0.9610132950053899,0.9588675213675214,0.9546340598972178,0.9516328331862313,0.9521247982786444,0.9423868312757202,0.9403832505322924,0.9361586031284104,0.926781238811314,0.9248201438848921,0.9154853759196124,0.9077064220183486,0.9022099447513812,0.8965890633459664,0.8884949477043077,0.8879742304939156,0.8798766104155326,0.868988684582744,0.8530909090909091,0.8651603498542274,0.8618090452261307,0.8490599820948971,0.8507435618425825,0.8540588760035682,0.8461263195562713,0.8513538070143558,0.8516002145539067,0.8530510585305106,0.8588171655247024,0.8610659439927733,0.8540289440771842,0.8644464446444644,0.8761269383339344,0.8878809869375908,0.8885086455331412,0.8891701319833665,0.8990410711054821,0.9116329091234988,0.9134720700985761,0.9210287991305923,0.929630969609262,0.936325488049626,0.9357781753130591,0.9460551748374627,0.9450709348854128,0.952846975088968,0.9598501070663812,0.9581612497755432,0.9594740634005764,0.9559114630196149
0.9570049189287666,0.9572710951526032,0.9573170731707317,0.960923300617957,0.9482323232323232,0.9466382070437567,0.938846294267981,0.9287268770402611,0.9304612084376117,0.9185878962536023,0.9207295052365475,0.9150909090909091,0.9022529714387085,0.8881319469343851,0.8886290032385751,0.8754737412019491,0.8728210601209534,0.8671265202396079,0.8550462040224679,0.8543152639087018,0.8406840684068407,0.8414634146341463,0.8431197572728896,0.8295743906875227,0.8345850888441106,0.8352087114337569,0.8416529530078625,0.8382271468144045,0.8426844668951831,0.8367743073936827,0.8596395412342982,0.8528261642374689,0.8517395182872435,0.8731760043235453,0.865904554527309,0.8769710304363769,0.8896184560780834,0.8945733601315549,0.9049156799425906,0.912761355443403,0.9190834228428213,0.9281588447653429,0.9342799927180048,0.9456402772710689,0.9400755803491092,0.9476014760147602,0.9570629622947863,0.9592169657422512,0.9574968348706818,0.9616636528028933,0.9585318510675842,0.9564195298372513,0.9623937805098536,0.9483661310705903,0.9532976827094474,0.9489869753979739,0.9433147381680763,0.9296971843456703,0.928443006112909,0.9194093577655221,0.9155903219938148,0.9030281182408075,0.8954684961184329,0.8902765388046388,0.8716450611648713,0.8755357142857143,0.8689932395395579,0.8529465095194922,0.8504335260115607,0.8470014450867052,0.8439906860111052,0.8379165907849208,0.8407250967969025,0.8343121551877558,0.8334541500543675,0.8237179487179487,0.8385763077476182,0.8413115903910223,0.8486842105263158,0.8465149873600578,0.8519719070772556,0.8505108442373185,0.8622485632183908,0.8720532661508008,0.8722161372763783,0.8815157445294431,0.8897595725734639,0.8977880841955048,0.907258064516129,0.9144820104863497,0.9236855987339546,0.9302579004722121,0.9370249728555917,0.9428051001821494,0.9484963083018189,0.9522333637192343,0.95471766191593,0.9606427152915689,0.9537531127712557,0.959113832853026
0.9526057744688579,0.9552703941338222,0.9578270192994996,0.953757225433526,0.9495114006514658,0.9421665174574754,0.9397781299524565,0.9333333333333333,0.9290576854174131,0.9174094960887756,0.9129586952667966,0.9065602836879433,0.8942395057241505,0.8865997534777249,0.8770848440899203,0.8766233766233766,0.8594334580438269,0.8449973151959906,0.8418513223731237,0.8481542098563375,0.8351336993093678,0.8232432432432433,0.8257889990982867,0.825293586269196,0.8281977785739878,0.8347152126892574,0.8243955644428286,0.8288175130091513,0.8343580470162749,0.8328223624887285,0.839860268431697,0.8452573067957684,0.85039941902687,0.8542731921110299,0.8604269293924466,0.8738706179978316,0.8862730894603404,0.8996402877697842,0.8985736925515055,0.9064200217627857,0.918542925132711,0.926012601260126,0.9331273850626931,0.9410066750856937,0.9389878328337153,0.9474342928660826,0.9502496433666191,0.9566152742918609,0.9595775673707211,0.9556962025316456,0.9582583663188197,0.957056307911618,0.952212389380531,0.9528318742183313,0.9481149012567325,0.9480776140855193,0.9360318033971811,0.9302451333813987,0.9255471833512737,0.9133844234539298,0.901826071234858,0.895995747696669,0.8917985088197854,0.8885298869143781,0.8746387283236994,0.8621259408848908,0.8561986423722758,0.8438878109013935,0.839291973361374,0.8362413667757179,0.8303216479942176,0.8265597147950089,0.8254480286738352,0.8220489188231124,0.8240208877284595,0.8194933145672062,0.8297029702970297,0.8336666060716234,0.8299115044247788,0.8410477215644062,0.8417076598735067,0.8463184168300945,0.8463467048710601,0.8609825560697757,0.883589471824766,0.8752723311546841,0.8857039187227866,0.889009009009009,0.8987135350606994,0.9080520393811533,0.922463768115942,0.9328221978824388,0.9329690346083789,0.9386623748211731,0.9410909090909091,0.9519438444924406,0.9529518619436875,0.9589973142345568,0.9604509663564782,0.9619217081850534
0.9541903409090909,0.9619792614153174,0.9567779960707269,0.9521660649819494,0.9452153541178591,0.9426580921757771,0.9310468665828695,0.9309854144432587,0.9211367673179396,0.9182872435325602,0.9064527757750541,0.8971490436665464,0.8861599139476515,0.8718365871294288,0.8753095153873364,0.8541440463264568,0.8539974733802562,0.8404141378079257,0.8352272727272727,0.8317892824704813,0.8219202259089304,0.8149059588679909,0.8052256532066508,0.8118668596237337,0.8145863570391872,0.8155990824069173,0.8031866739091074,0.8029759770527071,0.819231463106621,0.8306744017403916,0.8274754683318466,0.835160884414884,0.8296790036835643,0.8568257491675916,0.8622594440484675,0.867235742826008,0.8697277095568606,0.8793444984692959,0.8890076607874577,0.8984034833091437,0.9151179413867048,0.9191056171605163,0.9231724627395316,0.9359178615684192,0.9412282245292979,0.9478740437644547,0.9519985398795401,0.9568281938325991,0.9529899135446686,0.9629037983670572,0.9596846443289733,0.95695067264574,0.9571065067248273,0.9505443808820816,0.9437706725468578,0.9429657794676806,0.9316604378003204,0.928685754935088,0.9140751393133202,0.915381791483113,0.9026440203116792,0.8950538419419602,0.8800288652354321,0.8778748440007131,0.8681159420289855,0.8534405719392315,0.8510252222827073,0.8382511694854264,0.8256781193490055,0.8168465758272873,0.8234867705690467,0.8225511695906432,0.8071120689655172,0.8116126683654896,0.803325079589671,0.8208503824942182,0.8081220074481291,0.8152329749103943,0.8141545110750945,0.8270867282274127,0.8231674208144797,0.8383115721695582,0.8420104485678256,0.8508553100498931,0.8637921703048891,0.8717211642112828,0.8849477853799064,0.8931462493254182,0.9021450097500443,0.9060463432295438,0.917075831969449,0.9153411099328385,0.9328847175491412,0.9357879758093205,0.9478385137549125,0.9491768074445239,0.9506106321839081,0.9601176254365006,0.9559839941797017,0.9554197375516807
0.9603508130824046,0.9578005115089514,0.9561767357980162,0.9509169363538296,0.9460633484162896,0.9376355748373102,0.9315741583257506,0.9301430143014301,0.9248690626693156,0.9035733524869815,0.9043555555555556,0.891529664045747,0.8804564390508965,0.8692142088266954,0.8562863372093024,0.8500275684616798,0.8433955360409806,0.8362255965292842,0.8243559718969555,0.8145780051150895,0.8094380403458213,0.8003577817531305,0.8085184505232238,0.8096974115931462,0.800692924872356,0.7973241728439704,0.7887652548456568,0.7987488829311885,0.8037639320299653,0.8185699039487727,0.8158696041554719,0.8215640238396243,0.8330357142857143,0.8368921586219271,0.8450292397660819,0.8604189237992055,0.8708168405901403,0.8807439824945296,0.8831955922865014,0.8909353557240881,0.9102424900470503,0.9174311926605505,0.9273880860063447,0.9290369297610427,0.942643391521197,0.9405976024333512,0.9555798288731112,0.9519697787371829,0.9555150410209663,0.9551810684833274,0.9600217076700435,0.955021676300578,0.9541449379607985,0.9485828488372093,0.942934293429343,0.9395732472655549,0.9349622709306504,0.9265922993882691,0.9145645369176947,0.9109341057204924,0.8965022421524663,0.8842735352802467,0.8779556202255365,0.8718131574255661,0.8567848191908343,0.843649946638207,0.8394330821672049,0.8337198929527208,0.8303555314925104,0.8145291479820628,0.8084120477633221,0.7917042380522994,0.8024822695035461,0.7945575779419716,0.7945526695526696,0.782169443459766,0.8008276358402303,0.8130326704545454,0.8120950323974082,0.8126116470167917,0.8226435152374203,0.8282756158514816,0.838382006167241,0.8448885744605589,0.856548480463097,0.8588856518572469,0.8711217183770883,0.8850470673425054,0.8909668313338038,0.9041959301278588,0.9102285092491839,0.9139476514879885,0.9208838203848895,0.9389027431421446,0.9454413630596339,0.9431407942238267,0.9483989021043001,0.95662100456621,0.9608703602121046,0.9574391988555079
0.9559571854711353,0.955503512880562,0.9550819094592214,0.9523457702253417,0.9503878766011186,0.9373872248285817,0.9363652705374798,0.9224792193711601,0.9248586540215211,0.9101331360946746,0.8961552281710384,0.8838532110091744,0.8754392129304287,0.8603088101725704,0.8463607027608462,0.8403269754768392,0.8367310443490701,0.8141310136694478,0.8146802325581395,0.8120036934441367,0.7938549481957842,0.7894166516163987,0.785075161059413,0.7744565217391305,0.7808318264014467,0.7853384140809291,0.7889106792654662,0.7929507616011335,0.7904257262927097,0.7952069716775599,0.8027272727272727,0.8035936666073652,0.8206896551724138,0.8202048746026139,0.8370224919671546,0.8475418891548517,0.859851169383416,0.8747773423583898,0.8770063119927863,0.8874746356760745,0.8991291727140783,0.9102840704782452,0.9204525049380499,0.9347468470115152,0.9374329638898821,0.9437728937728938,0.9492293744333635,0.9497568881685575,0.9553843397240638,0.9554232088070745,0.9593613933236574,0.953430055525703,0.9571171171171171,0.9458720612356479,0.9506150506512301,0.938585496866607,0.9282478709911216,0.913114161849711,0.9165775401069519,0.9046359950643399,0.8880100665108754,0.8784928790337119,0.8726355611601513,0.8610522598870056,0.8513051305130513,0.8393552957846263,0.8186938919204365,0.8101785714285714,0.8059646539027983,0.793350017876296,0.7967435053055251,0.7997494631352899,0.7881852048962213,0.7926721860137397,0.7815141161661572,0.7759601706970128,0.7818574514038877,0.7832828372839066,0.7981717153611758,0.7940428623320015,0.8058355437665783,0.8173549208659269,0.8287633920464863,0.8250922509225093,0.8428778542950345,0.8481125356125356,0.8578122184177329,0.8766399416909622,0.886101083032491,0.8998755112929041,0.9047533952823446,0.9153662566550395,0.9296846683581007,0.938086642599278,0.9394586894586895,0.9393398751115076,0.9539978094194962,0.9614066726780883,0.9587848640966424,0.9581912793827382
0.9611029948867786,0.9525179856115108,0.9524666906733885,0.9504132231404959,0.9444444444444444,0.9386480529022777,0.9318056828597617,0.9226577605906134,0.9084302325581395,0.9003285870755751,0.8872531418312388,0.880718954248366,0.8650575973669775,0.8576351106274936,0.8415154749199573,0.8288614938361131,0.819835890117731,0.8059328091493925,0.8013624955181069,0.7993135838150289,0.7828540225700764,0.774712643678161,0.782288485719418,0.7719731733145075,0.7757194244604316,0.7722736992159658,0.7720188474084814,0.7800638524299397,0.7871845355289064,0.7804084583408639,0.7853914301211354,0.795474633197808,0.8038723556830405,0.8136922802638616,0.8337554269175108,0.8371757925072046,0.8458934616069838,0.8566229985443959,0.872394417255755,0.8866237482117311,0.8976350158842217,0.9076592698639943,0.9171469740634006,0.9227413197600436,0.937466307277628,0.9469683257918552,0.9514061943752224,0.9559297742744536,0.9618621307072516,0.9616492617933021,0.9624688722874422,0.9564431592264594,0.9563520227111426,0.9488771225123243,0.9472635012685756,0.928843020097773,0.93,0.9137779341896886,0.9089094538196335,0.8937206784554312,0.8828535216367916,0.8793760203156177,0.8648064806480648,0.8570391872278664,0.8512396694214877,0.829042784626541,0.8119749776586238,0.8053497198626424,0.7957181088314005,0.786823781467595,0.7847896440129449,0.7664338169442951,0.7648863226272103,0.785420025076124,0.7659799260433174,0.7730944854232525,0.7727110794442466,0.7758222222222222,0.7774334670069267,0.7892209178228389,0.7966401414677277,0.8042780748663102,0.8007194244604317,0.8220524017467249,0.829041487839771,0.8454332552693209,0.8524977293369664,0.8745997865528282,0.8810781278455655,0.8865311994245639,0.9045045045045045,0.906409322651129,0.9245316681534345,0.9288793103448276,0.9411870181100951,0.9467952151401535,0.9499819429396894,0.9551189617880317,0.9576407506702412,0.9613068078116445
0.9565534866739686,0.9604438875962055,0.9522441651705565,0.9523460410557185,0.9453660295708619,0.9394368691340534,0.9282078286817623,0.9279538904899135,0.911225760540829,0.901899890390939,0.8817815249266863,0.8792563960979202,0.8637915543575921,0.8479459363329184,0.836,0.8175919250180245,0.8056999462269224,0.8126559714795009,0.7895766631092138,0.7761220825852783,0.773922375245931,0.7656666074915676,0.7543733092876466,0.7479022254651587,0.7650742529969583,0.7494244731715956,0.7545454545454545,0.7595323741007194,0.7724754244861484,0.7696516505562648,0.7806463260516339,0.7770343580470163,0.7984355102783336,0.8081603435934145,0.8135901162790697,0.8333924769339958,0.839192356228592,0.8610223642172524,0.8736086175942549,0.8805261234928754,0.8977681785457163,0.9047531657184804,0.9099964425471363,0.9310097017606899,0.9221060223584565,0.9464954521134297,0.9457602603507503,0.9518726252940112,0.9561643835616438,0.9617822858177867,0.9581666060385595,0.9601149838303988,0.9542121266320873,0.9506702412868633,0.9455070371706965,0.9375789283781346,0.9250319985372097,0.913980441868888,0.9060028756290438,0.8949609652235628,0.8749552772808586,0.8682513359130275,0.8477433387710712,0.8290193219103171,0.8389982110912343,0.8132142857142857,0.8016,0.7918855279840609,0.7820352878274818,0.7807650667629015,0.7698610616316351,0.7603833865814696,0.7588372510317603,0.7666068222621185,0.7560262965668371,0.7514782297079377,0.7495961227786753,0.7572746628814763,0.7680977186994791,0.7648239372377303,0.7813060638679584,0.7896520963425513,0.814628899247042,0.8062140804597702,0.8209459459459459,0.8287112561174551,0.8366309675077146,0.8586463436762838,0.8812466415905427,0.8855863921217547,0.9105149441843716,0.9117273880732282,0.9162740123233055,0.9269042880405283,0.9362451567453328,0.9474247014792372,0.950920245398773,0.9566164458159375,0.9571045576407506,0.9550035997120231
0.9622879826777336,0.9558062130177515,0.959900196043486,0.9557075981274757,0.9536253220463746,0.940293171254916,0.9232713486188843,0.9232574936800289,0.9115329512893983,0.8916256157635468,0.8814414414414414,0.8684639044689705,0.85,0.8431195965417867,0.8192706471219163,0.8136712475459575,0.8008195261001247,0.7943365402069341,0.7786273115220483,0.7801521187975371,0.7469770799494676,0.7449472366302987,0.7541599570585078,0.7380352644836272,0.7400287459575997,0.7466269493604345,0.734462259052423,0.7401232330554549,0.7456014362657092,0.7568400072476898,0.7563829787234042,0.7602901178603808,0.7901697944593387,0.8052133547580789,0.806566738044254,0.8257127487896718,0.8347794649313087,0.8550646551724138,0.8630984889859822,0.8768596522674315,0.8848223896663079,0.8999286478772743,0.9204725797919239,0.9225,0.9314232902033271,0.943426724137931,0.9464793741109531,0.9525799418604651,0.9515011547344111,0.9603404563563926,0.9577186038143217,0.9560439560439561,0.9510262873604609,0.9446058844896477,0.9376930063578565,0.9362690449646971,0.9330324909747293,0.9103840682788051,0.900693683826214,0.8813019635591721,0.8724389809371103,0.8568360773085183,0.8529041539291494,0.8378281193815175,0.8189218523878437,0.8149077226303529,0.7916215240158903,0.7828602422708371,0.7826401446654612,0.7522497704315886,0.7574195841478586,0.744007319304666,0.7465196167058398,0.7356884057971015,0.7348498311711391,0.7438628158844766,0.7424296401852511,0.7440242597217267,0.7526315789473684,0.7611386138613861,0.7671938212578153,0.7733649116414647,0.7873741994510521,0.7946924870001794,0.8211338356655903,0.8257029560201875,0.8446236559139785,0.855007204610951,0.8672968551172514,0.8880813953488372,0.906459200289488,0.9100178890876566,0.912674019164708,0.9361056576833839,0.9291239431552437,0.9445727482678984,0.947264218862491,0.9540356683213826,0.9556517036235803,0.9601856811283699
0.9595375722543352,0.9595977733884,0.9545044231810796,0.9555077143882311,0.9470977222630419,0.939594909481986,0.9324228449804896,0.9232444202504083,0.9071813285457809,0.8891877353415815,0.8743636363636363,0.8627238198589257,0.8477789815817984,0.8298061532989507,0.8158465991316932,0.803616636528029,0.7822463768115943,0.773848385926732,0.7686965811965812,0.7645292351174704,0.7440633245382586,0.7398079362203298,0.7324968176032006,0.7318035138042309,0.7262911642972827,0.7344273866243162,0.7252032520325203,0.7292807916593038,0.7375044947860482,0.7390587804431423,0.744406658313943,0.771322849213691,0.7775167178745708,0.789821789454345,0.8010490142882981,0.814380969544062,0.8099547511312217,0.8369390309315216,0.859881741623365,0.8746898263027295,0.8919407300325262,0.8959956513861207,0.9101796407185628,0.9124349542436748,0.9268686144470335,0.94108049311095,0.9480899287150429,0.9469832202784719,0.9589578872234118,0.9554618768328446,0.9527687296416938,0.9588506562610855,0.9486180014174345,0.9493029150823827,0.9440723981900453,0.9374538745387454,0.9209260908281389,0.9125468499018383,0.8985402775274824,0.8827437601005567,0.8713587841505337,0.8496363636363636,0.8463834269662921,0.8214542836573074,0.8178761061946903,0.7942566339512904,0.7861050328227571,0.7748949387904257,0.7593226445685463,0.7511378117604224,0.7379335001787629,0.7343582409724705,0.7238010657193605,0.7335125448028674,0.7215909090909091,0.7306778731956879,0.7162380866750584,0.7237676056338028,0.7427704391288825,0.7581462708182476,0.7396492496836016,0.7707594038325053,0.7806691449814126,0.7886607305106306,0.803019145802651,0.8149972632731254,0.844556779202022,0.843868864336171,0.8520389750992422,0.8687815428983418,0.8887306391312089,0.9055274566473989,0.9123616236162362,0.9302410518626735,0.9355595667870036,0.9456118665018541,0.9518839554218999,0.9567605883395357,0.9549484349556722,0.9593437945791726
0.9575900982890426,0.9546617915904936,0.9552539886301119,0.9524240231548481,0.9442570566305698,0.9347671525062211,0.9221782890007189,0.9190276000731128,0.899621553433051,0.8870703764320785,0.8751137811760422,0.8512848551120831,0.8438170121515368,0.8166368515205724,0.8062543675751223,0.7842163355408388,0.7760416666666666,0.7629146275149538,0.7523826649883114,0.7356342609324178,0.7327694799352168,0.7252826125964471,0.7138494700916113,0.7061742006615215,0.7181318681318681,0.7154150197628458,0.7153232949512843,0.719201903715907,0.7172926873525676,0.7331277213352685,0.737619304880245,0.74363173216885,0.7586081913736861,0.7674163466812945,0.7826880934989043,0.8074487895716946,0.8147011016796099,0.8323071350959798,0.8539546509551865,0.8624105668684645,0.8812408223201175,0.8924826728274391,0.9053839364518976,0.9184595913939613,0.9246195165622202,0.9347263313609467,0.9440406976744186,0.949119373776908,0.9578441835645678,0.9577991452991453,0.9550274223034735,0.9589788732394366,0.9550541516245488,0.9420315865039484,0.9276763336913713,0.9303956834532374,0.9156604793656514,0.9047277936962751,0.8904795991410165,0.8783134673545633,0.8664646104474951,0.8570911066835718,0.8326729106628242,0.8148015731140508,0.8,0.7912524850894632,0.7768595041322314,0.7665059347181009,0.7503536067892503,0.7355341919100309,0.7363256405596947,0.7110395419574164,0.7253367309792501,0.7125726744186046,0.699340581001604,0.7171407994238387,0.7129579982126899,0.7167389732465654,0.7204913654975966,0.7276777757975406,0.7429174731655815,0.7477064220183486,0.7682142857142857,0.7867145421903052,0.7995317002881844,0.8109038217714182,0.8233062330623306,0.8464311463590483,0.8492462311557789,0.8715831957439002,0.8859214715245843,0.902126164118784,0.9158530090537902,0.9266958424507659,0.9258796213609574,0.9464931308749096,0.9505325871095865,0.9531831885086008,0.9551553023341297,0.9568422945513397
0.9586554017616394,0.957981684323936,0.9534470504619759,0.9528927100125381,0.9376235843969082,0.9301700984780662,0.9160913436006373,0.9031909140075717,0.8938679245283019,0.8821218074656189,0.8636686811233558,0.849188790560472,0.8250718390804598,0.8211659192825113,0.7941338221814849,0.7843920145190563,0.7711521547933158,0.7610260195608046,0.7428880086424199,0.7385750269881253,0.732152539309597,0.7163443998540678,0.7034519763906278,0.706871609403255,0.6999461303645179,0.6928443649373882,0.7022118324042439,0.7006632012905538,0.7101063829787234,0.7232886635277074,0.7211436639604659,0.7396761870110969,0.749055585536967,0.7598127475693194,0.7680926916221034,0.7891696750902527,0.8151649981460882,0.8329968801614975,0.840571742715778,0.8497501784439686,0.8731758165392633,0.8910209992758871,0.9059037238873752,0.9183673469387755,0.9146927871772039,0.9385714285714286,0.9471500721500722,0.9485518978233495,0.9608225491934054,0.9563953488372093,0.9550521395181589,0.9506369426751592,0.946273516642547,0.9499731999285331,0.9371449514385193,0.9292911437157504,0.9162623539982031,0.8994009866102889,0.8909058864998237,0.8759229245452909,0.8592830390583199,0.8409375559134014,0.8205962059620596,0.8129100904415677,0.7908745247148289,0.7784345334049794,0.7618353969410051,0.7428366762177651,0.7442831215970962,0.7204301075268817,0.7091231178033658,0.7092645998558039,0.6935655883398507,0.6982449856733525,0.7017990187170634,0.6971743380131509,0.7024171888988362,0.7040261153427638,0.7051605918440996,0.7147741587187332,0.7330691642651297,0.7375111906893465,0.7550537242760882,0.762293626841825,0.7806793279766253,0.8066298342541437,0.8138403315912777,0.8276481149012568,0.8444681988241582,0.8681497558328811,0.880277926242651,0.8966455122393472,0.9083806818181818,0.9231619679380874,0.9257308879607772,0.9456089627755692,0.9461606354810238,0.9511251758087201,0.9579293945491129,0.9572649572649573
0.9616281154742693,0.9544221378187737,0.9550621669626999,0.9491859008767222,0.942934293429343,0.9324005088133746,0.9211488250652742,0.9150397686189443,0.8870820391010414,0.878549741025183,0.8671480144404332,0.8417419012214551,0.8206502322257949,0.815195813030139,0.8047994269340975,0.7864884393063584,0.7553006604101494,0.7497339482085846,0.7273394495412844,0.7177161152614728,0.7034335527486213,0.7002881844380403,0.6944149876281371,0.692212389380531,0.6842295853702698,0.6740301724137931,0.6758321273516642,0.6918667144392691,0.6857038923244816,0.6996937488740768,0.7027566195139645,0.7237199203908088,0.7426419060967063,0.7512526843235504,0.7682442196531792,0.783798477709315,0.8026743765811348,0.8201609952433223,0.8308966003170689,0.8572963294538943,0.8702868482771062,0.8853761921582479,0.8971861471861472,0.9173343044428259,0.9287010159651669,0.933465919363587,0.9461792799412196,0.955062263129399,0.957814168743325,0.950957580096653,0.9563098032135765,0.9564266180492251,0.9507230851633637,0.9476712821434994,0.9361779063460496,0.9229537366548043,0.9092872570194385,0.9048806555040969,0.8859280890673481,0.8741895917294551,0.8493150684931506,0.8416666666666667,0.8180176927243185,0.7944444444444444,0.7849539960310301,0.765672990063234,0.7432867883995704,0.7391304347826086,0.7191596336864787,0.7065413805565595,0.681971281687644,0.6985533453887884,0.6843247152413668,0.6873092802010411,0.682626042800145,0.6821312069590432,0.6780235462004994,0.6963111760409058,0.700109249817917,0.7144396551724138,0.7144402379664684,0.7274822695035461,0.7469114013413343,0.7553269654665687,0.7803713527851459,0.7999273783587509,0.8020514666186791,0.8241938422299143,0.838871923836896,0.8610457752849647,0.8800509646887513,0.8951684792298092,0.8992584554168928,0.9207724237502256,0.9304109589041096,0.9392895976803189,0.9508660303994344,0.9503690036900369,0.9571734475374732,0.9542699724517907
0.9598771010301825,0.9573381950774841,0.9534211951615815,0.9472733838931022,0.939619960930563,0.9321009598293637,0.9218694256154121,0.9023818116203537,0.8946889778101128,0.8680998360357077,0.8545787545787545,0.8320610687022901,0.8155080213903744,0.8051971326164875,0.7885454545454545,0.7690795352993745,0.7396943852167733,0.7347307553306831,0.7188733405095085,0.7192858405515291,0.7073215263830565,0.6851441241685144,0.68098271155596,0.6731012087317337,0.6730003619254433,0.6586804934739854,0.6837300877035977,0.6834340561677924,0.67614361217423,0.6871477913106708,0.7065080223544258,0.7171698799563477,0.7252032520325203,0.7424215564616203,0.7565836298932385,0.7824645422729785,0.7988123087997121,0.8061406640485541,0.8210258275736632,0.8442328422565577,0.8586758821389596,0.8772181394515146,0.8881399161960284,0.9037116729424421,0.9300532403157702,0.9350488021295474,0.9508527416101229,0.9508872557806058,0.9542754275427543,0.9569343065693431,0.9593611357586513,0.9502802386548544,0.9544550876558829,0.9487132352941177,0.9330461317537246,0.9233654876741694,0.9115536419088626,0.8949812466511877,0.8770593445527015,0.869720192479059,0.8503036798856735,0.8257107540173053,0.8072635742538655,0.7859699355762347,0.7672661870503598,0.7551971326164875,0.7442450607214066,0.7195368498437787,0.718682114409848,0.7009857612267251,0.6870784522541711,0.6804312077471223,0.672645739910314,0.6670927684441198,0.6700036403349108,0.660499371295132,0.6691282420749279,0.6783015473191796,0.6904149834741095,0.6843823689461274,0.7016363636363636,0.7240570294170727,0.7391913180465605,0.7627606038820992,0.7753176043557168,0.7784992784992785,0.7959806208505293,0.8164579606440071,0.8307974335472044,0.8578063594140765,0.8723747980613893,0.8871822033898306,0.9096146921137919,0.9233730522456461,0.9281233195913247,0.94419522698726,0.954057919199142,0.9514918542925133,0.9567733767408211,0.9630763688760807
0.9584462511291779,0.9596013525538352,0.9545700378583017,0.9460081430341654,0.9382670818831288,0.9313480741797432,0.9175460561616884,0.8981630105225611,0.8870850054724553,0.8728139904610492,0.8523860398860399,0.832207607536438,0.8114130434782608,0.8012166756128108,0.7735386769338467,0.753707627118644,0.7382236605537577,0.7166547788873039,0.7067845543125225,0.6923076923076923,0.682032667876588,0.6771809661139149,0.6513528236789541,0.658861096327834,0.6550792507204611,0.6607142857142857,0.6468161434977578,0.6637152470338232,0.671267252195734,0.6729593671341244,0.6926891991182954,0.7037640246109301,0.7106367451195037,0.7417277767841173,0.745715285064708,0.7744990892531877,0.7846292947558771,0.8035388544326888,0.8250889679715302,0.8444242973708069,0.8602954262324257,0.888460124954061,0.8929608127721336,0.9115942028985508,0.9244945428520308,0.9337891327815762,0.9406565656565656,0.9491768074445239,0.9504279600570613,0.9595038307187158,0.9556916426512968,0.9547543301519972,0.9492947687912873,0.9474621549421193,0.9304255694861381,0.9199278629395852,0.9078257726369059,0.8950187466523835,0.8783229259589652,0.865075058780973,0.8432256900595345,0.8192573716781943,0.8016678752719362,0.7809174311926605,0.7677465038059833,0.7381465517241379,0.7259421880717161,0.7083786724700761,0.6989913289683242,0.6968447472212262,0.6682506159802887,0.6733393994540491,0.6536532951289399,0.6561422609326801,0.6595212575919971,0.6575641725832878,0.6536532951289399,0.6462609316437623,0.6851612903225807,0.6722749239305531,0.6967930029154519,0.7122944960686205,0.7302325581395349,0.7399670148433205,0.7632875747976064,0.7807267545422159,0.795227524972253,0.8129832763891387,0.8259613648673045,0.8565333333333334,0.8726790450928382,0.8822281167108753,0.902785265049416,0.9195759458965455,0.9206004702477845,0.9410714285714286,0.9459992823824901,0.9492819487365933,0.956036036036036,0.9579288025889967
0.9585195780439836,0.9505113221329438,0.9530776092774309,0.9450285925106069,0.9373507257027375,0.9301523947750363,0.9201101928374655,0.9020627802690583,0.8784264862940548,0.8634559884559885,0.848294434470377,0.8321917808219178,0.8089867841409691,0.778714050192343,0.7683060109289618,0.7380352644836272,0.7336996336996336,0.7097361237488626,0.6889202043332746,0.6899238854657485,0.6701468766589984,0.6657787249156455,0.6494789795185052,0.636055634807418,0.6449660737208875,0.6436218472146615,0.6471446816274402,0.6504440497335702,0.6562273714699494,0.6679320318148951,0.6842297841200147,0.6811440677966102,0.7051236116087424,0.7238146745988823,0.737099402498642,0.7494228378618363,0.7790114613180515,0.7944785276073619,0.8228190338860851,0.8342313218390804,0.8473447344734474,0.8744169357732329,0.8958781362007169,0.9126387397064089,0.9225691347011596,0.942903168068731,0.9407289455060156,0.9503394069310468,0.9588235294117647,0.9550080342795929,0.9567625513668037,0.9568358316778038,0.9504610377870186,0.9346652267818575,0.9382405745062836,0.9196182785832263,0.9148440301183219,0.8890285509068055,0.8721857826626485,0.8470352855583849,0.8426229508196721,0.8142201834862385,0.7899731423455685,0.7686890574214518,0.7494545454545455,0.7370229697956231,0.7150222222222222,0.7014115092290988,0.6781031075983474,0.6787435302516509,0.6604608294930876,0.6566791510611736,0.6548132183908046,0.6469314079422382,0.6390070921985815,0.6458598726114649,0.629942487419123,0.6457993104699692,0.6504108610217935,0.6685291997116077,0.6824627535451445,0.7029258660922635,0.7130198915009042,0.7317428519395375,0.752945376651196,0.7564195298372514,0.7845768473787798,0.8034807831762146,0.8213901827302043,0.8475532108422776,0.8638368246968027,0.8747272727272727,0.9016913319238901,0.9134230629319753,0.9229952203929899,0.9394594594594594,0.9498941425546931,0.9494020239190433,0.9573029710016011,0.9626251788268956
0.9612739775606225,0.9604468046145395,0.9498666666666666,0.9470880681818182,0.939183163902265,0.9226498889711325,0.9170154686078253,0.8950527464532557,0.8832607116920842,0.8705193855157278,0.8384819064430715,0.8231170231889269,0.7942497753818508,0.792013010480665,0.7496886674968867,0.7409766454352441,0.71869918699187,0.6921967922148134,0.6959556191839656,0.6686886708296164,0.6532762006784503,0.6403605592347315,0.6424397370343317,0.6431678144255165,0.6259665527782773,0.6278018799710774,0.6471308607417775,0.6327126688572472,0.6381873544689235,0.6526183644189383,0.6710057061340942,0.6820431247790739,0.6884110787172012,0.6982515510434292,0.7304630969609262,0.748690185120503,0.7702630166398282,0.7995362939183164,0.8174760787145694,0.8238052299368801,0.852774832096147,0.8743474347434743,0.8857507288629738,0.9147860624661491,0.9172388868810987,0.9336907953529937,0.9424628069546513,0.9489505514051939,0.9543522454259841,0.9602242859646049,0.9572104879825201,0.9511118955171196,0.9492688210868387,0.9383886255924171,0.9309846431797651,0.920523860782203,0.8977211555715054,0.8899250319985372,0.8714961776483436,0.8473954512105649,0.834901473459968,0.8122389685854368,0.7905053048012948,0.764566210045662,0.751370468611848,0.7242500903505602,0.7104843001596594,0.6812886785584273,0.6688836958475642,0.6561028612821441,0.649873142442914,0.6504050405040505,0.6251554450168769,0.6238821672803787,0.6203980975867536,0.6355389541088581,0.6148733608765942,0.630060910068076,0.6467184957512204,0.6576296024912988,0.6787314101415517,0.6862815884476534,0.6945628997867804,0.7085274095306342,0.7412663755458515,0.7523482658959537,0.7774602607608502,0.8041522491349481,0.819047619047619,0.8465960122148375,0.8589055793991416,0.8811630847029077,0.9044585987261147,0.9153805215540181,0.9233777777777777,0.9353790613718411,0.9477503628447025,0.9528217909916326,0.9545125045306271,0.9581582313173762
0.9601962922573609,0.9576382380506092,0.9517615176151761,0.9464348436951177,0.9402173913043478,0.920827389443652,0.9083543392149802,0.898360655737705,0.8766832034018427,0.8589174800354925,0.8370735267286992,0.82506384531193,0.7930780559646539,0.7668338108882522,0.7567039602202096,0.7254542117819783,0.7079225994888646,0.6860111051406054,0.6865192582025678,0.6620996441281138,0.6446975354742345,0.6275464214890932,0.6293290043290043,0.6211293260473588,0.6154692082111437,0.6208112874779541,0.6306111411573824,0.6237410071942446,0.6389648259522508,0.6355515041020966,0.6417054819061269,0.671123960968558,0.6878633720930233,0.7049927113702624,0.7225102807080279,0.7312309621931553,0.7564682467884929,0.7969174977334542,0.8070175438596491,0.8221814848762603,0.8483917600289121,0.8699767815681372,0.886996336996337,0.9071775499190502,0.9174008810572687,0.9272727272727272,0.9406116642958748,0.9515778019586507,0.9534756431308156,0.9590590770335787,0.9566618911174785,0.9505950234403173,0.9475213364808426,0.9412393162393162,0.9289930245036666,0.9152664859981933,0.9021758676497033,0.8909025659429392,0.8684162895927602,0.8449458483754513,0.818900467121811,0.802586671456799,0.786368633198974,0.7679750550256786,0.734671925421298,0.7265386685806567,0.7064270152505446,0.6799129014697877,0.6629824243522378,0.6544622425629291,0.6360507246376812,0.6352876911871813,0.6132616487455197,0.6091870215092964,0.6263541111703073,0.6199821587867975,0.6161342717920953,0.6206649982123704,0.6203000882612533,0.6503089785532533,0.6538882803943045,0.6713200212051599,0.6938921726670249,0.7007722007722008,0.7250852935895133,0.7566744311055367,0.7777374909354605,0.7927413411938099,0.8223222322232223,0.8305174234424498,0.8599495313626532,0.8757575757575757,0.8939015691868759,0.9171094580233794,0.9279002529815685,0.9401540942483426,0.9415668202764977,0.9524241873978573,0.952493629413906,0.9652189265536724
0.9600142171672295,0.9571150097465887,0.9557841544847501,0.9459996387935705,0.9288376220053238,0.9196700735162273,0.9112091791703442,0.8848279550722054,0.8773498813652126,0.8559928443649374,0.8258252781324092,0.800951335528723,0.7958637903369584,0.7623383718812602,0.7521808794730283,0.7205363443895554,0.7070075080443332,0.681917211328976,0.652064631956912,0.6551661849710982,0.6356311548791406,0.628797411468632,0.6130553037171351,0.612289287656335,0.6003230437903805,0.5984889368591473,0.6089153582385851,0.613914924297044,0.6153421633554084,0.6376785714285714,0.6201854493580599,0.6512947853848883,0.6770407255913213,0.699272146280845,0.7049005681818182,0.727532606753618,0.7546395431834404,0.7806076041477169,0.790643063583815,0.819873532068654,0.8418928833455612,0.8622950819672132,0.884185878962536,0.8992844364937388,0.9198934280639431,0.9289167412712623,0.9326870312785805,0.9505345171226671,0.958318231243204,0.9564832832124536,0.9567713004484305,0.9517748296880603,0.9497025419145484,0.9445735741104953,0.9316837009144702,0.9171706065603812,0.9005975013579577,0.8884968242766408,0.858800428418422,0.8464581085940309,0.8223637650389243,0.7971479500891265,0.7802690582959642,0.7504359958144402,0.7376641817536386,0.7113078767755027,0.6831112711559236,0.6737702006748357,0.6627760818818459,0.6498061657744139,0.6269912296402362,0.6173788664401931,0.5985257101761956,0.613997113997114,0.6017572171418325,0.6007984031936128,0.6068133427963094,0.6068485625343344,0.6253847546623212,0.6482249053883583,0.6575068243858053,0.6588131089459699,0.6854358419057932,0.710683601045947,0.7251440922190202,0.7415307402760352,0.7652173913043478,0.7817788980914656,0.8101688624976805,0.8315712723295662,0.8551650692225772,0.8692833993518185,0.894605661385081,0.9134841628959276,0.9194424330195511,0.9359346642468239,0.9444945035141467,0.9524572649572649,0.9514368861404147,0.9565457558460688
0.9573017581628992,0.9580369843527738,0.948662717644947,0.945092409833124,0.9380291839308232,0.9290243043325115,0.9047006977598238,0.8924142961342086,0.8741552511415525,0.8528723212677832,0.8194596568090544,0.8008343914384183,0.7954876273653566,0.757730083666788,0.7418025443468912,0.7225264695144213,0.6919263456090652,0.6830453563714903,0.656950264164693,0.6238419856668415,0.6079618418638781,0.599216942516462,0.5965919282511211,0.5846651104327527,0.5853702697809162,0.588023088023088,0.6010362694300518,0.6026899309342058,0.6048632218844985,0.6184399712437095,0.6297022642182207,0.6490436665463731,0.6631693198263386,0.6742023701002735,0.6996278575225944,0.7330757910228108,0.7505810834972286,0.7781282860147214,0.7972730534625044,0.8182961897915169,0.8416591523895401,0.8654708520179372,0.8747522076049739,0.8956953642384106,0.9149827052612416,0.9281666971303235,0.9458198780050233,0.9502661038722702,0.9599358974358975,0.95375,0.9612389059952907,0.9614164904862579,0.9495783240624439,0.9427542754275428,0.9314798206278027,0.9183083318272185,0.9086460032626428,0.8816143497757848,0.8646350106307583,0.8396987627756859,0.8137010676156584,0.7908751997159595,0.7742167806985956,0.7514953779227841,0.7247221716159592,0.7088561556646663,0.675661090124123,0.6597336252508667,0.6472992181947406,0.6305675287356322,0.6133920704845816,0.604004252303331,0.5961676217765043,0.5814164100706394,0.5881627620221949,0.5841966637401229,0.602962692026335,0.5985915492957746,0.6130268199233716,0.6275333211612196,0.6406107980367206,0.6502028576468513,0.666068544769424,0.6951813752030319,0.7190647482014388,0.7299046934004676,0.7587272727272727,0.780562018972615,0.8088289619504987,0.8245363766048502,0.8529146363472297,0.8603725809368783,0.8894554725915134,0.907915707455286,0.9176939811457578,0.9352505292872265,0.9450116424861186,0.9480352552331986,0.962767889575009,0.9596087665278029
0.9534133667801469,0.9573294096008829,0.9533935849725323,0.943239334779465,0.9362262825017569,0.921747042766151,0.9022998752005705,0.8887088060507834,0.8751123090745733,0.8446969696969697,0.823667995650598,0.8071441457694389,0.769271758436945,0.757749507256764,0.7240570294170727,0.7068091271278523,0.6847451478323962,0.671301247771836,0.6436054913294798,0.6365932876217972,0.6180913452994491,0.6043229724901751,0.5875430019916712,0.5935322494193318,0.5762621789193977,0.5892183288409704,0.5890019639350116,0.586952636282395,0.6095289271001254,0.6180605623648161,0.6250680210411754,0.6256943200143343,0.6622662266226622,0.6658236994219653,0.6935050993022007,0.718291788856305,0.7390119869233563,0.7622627998567848,0.7864352753674517,0.8109854604200323,0.836609558160505,0.8545520493289808,0.8857796550510384,0.8963786303334529,0.9179023508137433,0.9294412607449857,0.9367156686984582,0.9515808491418247,0.9563874250408868,0.9572368421052632,0.9590695997115037,0.956036036036036,0.9501264907842428,0.9366788321167884,0.9198900091659028,0.9148181011535049,0.8977534052715372,0.8772661348803481,0.8631939437635184,0.8316885964912281,0.8025150549061282,0.7777977689816481,0.7747421747783608,0.7438609069725757,0.7076868829337094,0.6876920296403398,0.6822246065808297,0.6520637219406228,0.6378939828080229,0.6096601073345259,0.6054603854389722,0.6028368794326241,0.5845272206303725,0.5841062011274777,0.5761004065759237,0.5804450930317402,0.5893422441083362,0.5938456001439626,0.5936578171091446,0.6093131966918375,0.6247207743857036,0.6534386783982762,0.6730493915533285,0.690072202166065,0.6982543640897756,0.7186201914394076,0.7543326782204752,0.7773381294964029,0.8045977011494253,0.8193571556832465,0.8503880166035012,0.8679785330948122,0.8902236185547958,0.9107239087479791,0.9209293948126801,0.9351785714285714,0.9466063348416289,0.9534801136363636,0.9586952667966673,0.9569872958257714
0.9587813620071685,0.9576881526827512,0.9529689486108589,0.9488011537768163,0.9380029261155816,0.9150035637918745,0.9054054054054054,0.8924142961342086,0.8728219867073828,0.8416071428571429,0.8285149937152092,0.7942980873330927,0.7662053896576839,0.7562646475572381,0.7186046511627907,0.7024022947292936,0.6768067846607669,0.6651591895803184,0.6352313167259787,0.623962468422952,0.6156038475240471,0.5909675050486506,0.5902358749314317,0.573726057101554,0.5589262732119875,0.5733886983209966,0.5688654353562005,0.5838578304331729,0.5983621474067334,0.5942028985507246,0.6178087211432759,0.6202324736650926,0.6523775216138329,0.6609142647328805,0.6844003606853021,0.7101945244956772,0.7421931735657226,0.7702898550724637,0.7978609625668449,0.809097552064304,0.8311664860960636,0.8559151581641982,0.8763295475031548,0.8951997068523269,0.9101548433561397,0.9303695768612747,0.9411233519956655,0.9416531604538088,0.9543264942016058,0.9581987800502332,0.9577745559985502,0.9525104223309769,0.9455302207745204,0.9361022364217252,0.9292875044754744,0.9133064516129032,0.8990007137758744,0.8749776745847473,0.8558049125287153,0.8305647840531561,0.8066907775768535,0.7869384809669854,0.7589481373265157,0.7475438596491228,0.7053587647593097,0.6932998925116446,0.6766435061464458,0.6381638163816382,0.6269898697539797,0.6244376462119848,0.6011969532100109,0.5840772453998907,0.5755508919202519,0.5741077931536781,0.5730017761989343,0.5697124135420458,0.5738485971413446,0.5703435804701628,0.5927750410509032,0.6096143687268886,0.6176845943482224,0.6348294434470377,0.6568417291889961,0.6802094618996027,0.6950843460910575,0.7178791169019182,0.735650623885918,0.7703442188879082,0.7991111111111111,0.8217857792325878,0.8534356725146199,0.8651624548736462,0.8763726532058094,0.9095169430425378,0.9252336448598131,0.9375793866811831,0.9450945094509451,0.9517986886407939,0.9520101412531692,0.9561979074303955
0.9565455541354756,0.9571198856530284,0.9536063791228706,0.9470150607875158,0.9359526372443487,0.9220849005910801,0.9025134649910234,0.8944805194805194,0.8629075842190597,0.8415877640203933,0.8152036199095023,0.7946127946127947,0.7768428754344248,0.7468400144456483,0.7292647591452373,0.6945514584479912,0.6740252803987894,0.650035765379113,0.6268441885570349,0.5969960188201231,0.5945176219295123,0.5858009931947765,0.568909679740914,0.5673373210077941,0.5639492753623189,0.5663436123348018,0.5613685734974656,0.5609581694672864,0.5800176834659593,0.5863068284731027,0.6018820123054651,0.6198861615083601,0.6368992819002025,0.6603191875226696,0.6840703249866809,0.7065588499550763,0.7304363505228993,0.74533598985691,0.7836183618361836,0.8027556200145033,0.8364699433583044,0.8494778537990637,0.8777996774771546,0.8964164735246924,0.9129102055535521,0.9275099673794853,0.943229072500452,0.9462230215827339,0.9498642533936652,0.9588417410307777,0.9595026642984015,0.9513656387665198,0.949337207190848,0.9408995815899581,0.9306194690265487,0.908348134991119,0.8964889939967254,0.8768551236749117,0.8528830608945572,0.83207343412527,0.8110180067748262,0.7766470273165507,0.7504961212339888,0.7358254337327849,0.7073572474377745,0.6892615055297895,0.6478140180430256,0.6344008636200072,0.6309231309231309,0.6077477477477478,0.5857221106445134,0.5834970530451866,0.564002828854314,0.5606142728093948,0.5691231845077999,0.5667325309861685,0.5629257798494084,0.567606915377616,0.5809253678425811,0.6006125022518465,0.6085918854415274,0.6308881697231212,0.6526451138868479,0.6741552511415525,0.6995677233429395,0.7206632653061225,0.7404961627699447,0.7571201132142226,0.795047894451473,0.8195488721804511,0.8443508514924006,0.8651787334422065,0.8842810575878305,0.8977416440831075,0.9249954816555214,0.9346369726597864,0.9423491379310345,0.9583111584175981,0.9564588979223125,0.9548247199132635
0.9583407831217593,0.9553910059599061,0.9468201754385965,0.9459459459459459,0.9328907231293737,0.9164280601288475,0.9015769439912996,0.875995046877764,0.8598656743510619,0.8390252579153327,0.8058941240676732,0.7830307388099946,0.7691481746599856,0.7375770765324628,0.7121399540554868,0.6816143497757847,0.6600404932817965,0.6472694717994628,0.6245715316615551,0.598683039686777,0.5967831392124238,0.5758237757145458,0.5591436217662801,0.5404202279202279,0.5479724837074583,0.5432232449016423,0.5606946659578238,0.5679057116953763,0.5749864645370871,0.5865921787709497,0.5961233480176211,0.6117562980167948,0.627829928216455,0.6483119696696155,0.6853197674418605,0.7035981474884218,0.7210393359797906,0.7540632255759957,0.7778177242495057,0.8093130311614731,0.8300072568940493,0.8519305703152674,0.8763110307414105,0.8899348298334541,0.9084009883515708,0.9226896799712334,0.9407420749279539,0.9464870768110666,0.9558225834953172,0.9568371418208197,0.959586806814063,0.9589090256594294,0.9477088948787062,0.9445993679122513,0.9228389444949955,0.903666427030913,0.8953884801722591,0.8663216134213814,0.8444365698086463,0.8349200646667864,0.8002496878901373,0.7749453750910416,0.7533899837280781,0.7253962403243642,0.7136619974531563,0.6744601106550062,0.6519942508084801,0.6377541839121829,0.6067790656831753,0.5973730297723292,0.5754884547069272,0.5735638393661084,0.5714539953728421,0.5568445475638051,0.5412778176597272,0.5513164965072541,0.5618927671824397,0.560517681370762,0.5666249329279198,0.5982223834572827,0.6024811218985976,0.6264347202295553,0.6372954504585506,0.6636019469983775,0.686605038970455,0.720664404357921,0.7417632983618627,0.759018759018759,0.7871956717763751,0.8228353603194772,0.8466557911908646,0.861075892048542,0.8952172325666301,0.9049113737075333,0.9195013357079252,0.9283160529138362,0.9398065209602293,0.9514563106796117,0.9566894616868314,0.956591928251121
0.9597388465723613,0.9578366838640812,0.9504357298474946,0.9458735262593784,0.9310098302055406,0.920249776984835,0.9025974025974026,0.8805065097199929,0.8616812421916831,0.8373342887853816,0.8170887229003462,0.783886085075703,0.7719992801871514,0.7313968083198853,0.7071493212669683,0.6897175959449674,0.6535622000738279,0.6412531691416153,0.6104453586120551,0.5939769707705934,0.5833630846126383,0.5571479122434536,0.5630819791856856,0.5491039426523298,0.524270105677951,0.5355141876016628,0.5522975147505811,0.55650623885918,0.5556544968833482,0.5886717336228737,0.6025242363270532,0.6027472527472527,0.6187946510349881,0.6544954128440367,0.6663713678242381,0.6994166970470288,0.7186297856750321,0.750863793416985,0.7726047096890167,0.8086243763364219,0.823966065747614,0.8451589725166158,0.880717160629345,0.8939202597871189,0.915969443433976,0.920745069393718,0.9369965992482548,0.9492321589882565,0.9552370842179759,0.9568422945513397,0.9585734870317003,0.9566093006224826,0.946418906729208,0.9379347244515784,0.9248307801923762,0.9130120916802021,0.8937241503326739,0.8782120883098081,0.8490360130956711,0.8183779895702212,0.8081272084805654,0.7713255184851218,0.746314275440489,0.7163642895634992,0.7027863777089783,0.6833570919458304,0.6498273668907868,0.6264274061990212,0.5924128011506652,0.5825242718446602,0.5679148311306902,0.5601961140366806,0.5472137609747357,0.5555757686010552,0.5455543358946213,0.5476824720298349,0.5535714285714286,0.5612171407994239,0.5528188286808976,0.5614346590909091,0.5951737799387719,0.6028545941123996,0.6264800861141012,0.6658102404110846,0.6954305479701438,0.7121810995328782,0.7348993288590604,0.7574080685469475,0.782608695652174,0.8088573959255979,0.8377406008274869,0.8728553368249955,0.8821319978536935,0.9020488856937455,0.9245588764854159,0.9325066430469442,0.9443824404761905,0.948825350573666,0.959140166992361,0.959284829173305
0.9598644309668213,0.9576240492575154,0.9515240543518179,0.9385683760683761,0.9353134110787172,0.9176491928169781,0.9044983934309175,0.8782748173231153,0.8609151745342738,0.8422286332491886,0.8034402436839276,0.7815067295927285,0.7532912533814247,0.7362637362637363,0.7055921052631579,0.6676791138109701,0.6540511727078892,0.6315408292594604,0.5985714285714285,0.5954916577919773,0.5761166818596172,0.563274098007539,0.5623984106917103,0.5391382405745063,0.5368779090583602,0.5435375386293401,0.5316226960607155,0.5370403587443946,0.5471866096866097,0.5547353258912495,0.5706749135892305,0.5908843290357727,0.6168290522586359,0.6380677721701514,0.6548704200178731,0.6983953318745442,0.701942276275186,0.7480752014324082,0.7778966131907309,0.7906976744186046,0.823592878978601,0.8437105215665043,0.8727240586883507,0.8936208771293948,0.9034369885433715,0.92052622094071,0.941123676180219,0.9493155752867185,0.9575127644055434,0.9594423320659062,0.9576517629952744,0.9545619116582187,0.9469862018881626,0.9328545780969479,0.9233443102817417,0.9059504431181046,0.8895495495495496,0.8570158278499022,0.8443017656500803,0.8208955223880597,0.7916071428571428,0.7644492911668485,0.7335002682883205,0.722151321786691,0.6903444583258969,0.6602979842243646,0.636924192963366,0.6197860962566845,0.5994194484760522,0.5737997501338569,0.5728346456692913,0.541892379920549,0.5446525027007562,0.5394378966455122,0.5284377249820015,0.5354896675651393,0.5430439520523066,0.5547768351161932,0.5514410798978475,0.5832283606262372,0.5809985632183908,0.6094282129413874,0.6270212001437298,0.6487278052352188,0.67483215387407,0.6953522149600581,0.72607378363928,0.7610074288820439,0.784981684981685,0.8075526506899056,0.830970942593905,0.8545618789521229,0.8840892728581713,0.9012039660056658,0.9204937375204211,0.9336707030544009,0.9480354879594424,0.953799500535141,0.9613369467028003,0.9556532893531244
0.9582725947521866,0.9562599610412609,0.9484970674486803,0.9436920883820384,0.9286221590909091,0.9200726612170754,0.9007950849295265,0.8764444444444445,0.8510018214936248,0.827504553734062,0.807909604519774,0.7782065417126056,0.750408719346049,0.7376378512984703,0.697840442620025,0.6757498171177762,0.6514663805436338,0.6187168707731676,0.6070213147053556,0.5724375226367259,0.5642151481888035,0.5476967718534639,0.5435289894094417,0.5368552561127967,0.5372350063417286,0.5165491047205643,0.534992784992785,0.544112285818447,0.5373881932021467,0.5656894679695983,0.5797205302758868,0.5732970027247957,0.6119188655537605,0.6419182948490231,0.672066234701224,0.6814349775784754,0.7015558698727016,0.7258611458147421,0.7620179126302321,0.78858999819462,0.8233700559869965,0.8472519628836546,0.8546869344914948,0.8914603516325799,0.9127055846737755,0.9270332799430504,0.9340540540540541,0.9519650655021834,0.953756201275691,0.9576225534207219,0.9605973371716445,0.9525027402265254,0.9465949820788531,0.936381357433989,0.919432980441414,0.9113193943763518,0.8793662225423119,0.8699928469241774,0.8412956930872241,0.8171675364405254,0.7838532110091743,0.7727773695811903,0.7351524879614767,0.7126932758000719,0.6769258787106174,0.6731566612583378,0.6245764223292313,0.61254944264653,0.5931934403103509,0.5686239514545779,0.5539189900052603,0.5469534050179211,0.5332116788321168,0.5250406798047369,0.5284304932735426,0.5310672514619883,0.5134092578986039,0.5332241034043328,0.5488748874887489,0.5673316708229427,0.5771521386031402,0.6010503440782325,0.616260162601626,0.6412065620038807,0.6657163221667854,0.6918091809180918,0.7264849250767287,0.755901287553648,0.7879571481344662,0.8046903627702455,0.8281194454319232,0.8599605522682445,0.8842315369261478,0.9022366522366523,0.9170909090909091,0.9285841813961793,0.943252091669698,0.9465760969340922,0.9574047447879224,0.9603996366939146
0.9611422374841858,0.9578105110020003,0.9508670520231214,0.9412293314162473,0.9324567723342939,0.9160373966199209,0.8964028776978418,0.8795267120831839,0.8534143725420092,0.8290659935088351,0.8048824593128391,0.7776582391967007,0.7502736227654141,0.7240130387540746,0.6967005076142132,0.6599888703394546,0.644318597004019,0.6174383868558626,0.601985559566787,0.5686526122823098,0.5603478878239262,0.5456998920474991,0.5351527200433761,0.5272494513533285,0.5272090020291459,0.5241391551295704,0.5252597635256181,0.5318066157760815,0.5495911837895485,0.5462729564277998,0.5628484085596116,0.5826149425287356,0.6178010471204188,0.6293041606886657,0.6444242973708069,0.6731787474895016,0.709625380892633,0.7236171761280932,0.76745847472763,0.7990439419010847,0.8194868114121658,0.8354833009365612,0.8639789658194567,0.8947652455477604,0.9081814933904966,0.9211095100864554,0.9388302629225541,0.9473975636766334,0.9573812114617337,0.9549436795994993,0.9576816927322908,0.9590238572209069,0.946236559139785,0.9337808417997098,0.9201295196977873,0.9103739002932552,0.8924423798463462,0.8681850789096126,0.8362038033728023,0.814564701587881,0.7806451612903226,0.7631436314363144,0.7385077793493635,0.6998939554612937,0.6872362869198312,0.6528341868267703,0.6301052256108436,0.6091517453427383,0.5875045012603529,0.5779750045281652,0.5453883936692742,0.5385732437829007,0.5270609318996415,0.5305483989694516,0.5139357358423575,0.5244299674267101,0.538114161849711,0.5233592880978866,0.5338373593951687,0.5571428571428572,0.5674709562109026,0.5973933226209606,0.6199677938808373,0.6401302695856703,0.6642246642246642,0.691512513601741,0.7186761229314421,0.7468354430379747,0.7820075417489675,0.8020533141210374,0.828693790149893,0.8504304160688666,0.8740713897445189,0.8962935913821435,0.9163011695906432,0.9309293146752781,0.940412664532195,0.9566238930056028,0.9560718823742966,0.9567470956210903
0.9626168224299065,0.9574912891986063,0.9488181979740536,0.93944854928816,0.9314450658488184,0.9141623177973727,0.9015571863253983,0.8773017319963536,0.8483760990489861,0.8307176864750485,0.8034588362457215,0.7903636363636364,0.7471285323609845,0.7185158758473065,0.6914194350683958,0.6615028490028491,0.6411870503597122,0.6065930085129505,0.5947527034213792,0.5665497507845672,0.54152466367713,0.5414493796079842,0.5333453496755588,0.5163220892274211,0.5230606114154445,0.5089221984296931,0.5065073988233196,0.5167592758558881,0.5349305047549379,0.5455215628455584,0.5836624775583483,0.5851785714285714,0.6103361945636624,0.6320618927671824,0.6581056466302367,0.6725521669341894,0.6982806433721576,0.7319217656558407,0.7618464766567582,0.7993630573248408,0.8141351744186046,0.8402939594909482,0.8676181980374665,0.8913743736578382,0.9070645335250764,0.927725968436155,0.9379816513761468,0.9499820724273933,0.9461267605633803,0.9584681769147788,0.9548144163528779,0.9602803738317757,0.9472829030510923,0.9396919651141213,0.92,0.9053393665158371,0.887740297424737,0.8690817790530847,0.8398983481575604,0.8176648302825662,0.785193094856736,0.7613212573255195,0.7312894499549143,0.7090193271295634,0.6815652486088674,0.640778464896326,0.6261447297539954,0.6121028204212781,0.5785509325681492,0.5686063218390804,0.5373925763393673,0.5368289637952559,0.5233497191011236,0.5192062625159294,0.5188118811881188,0.5216367915987687,0.5258985200845666,0.5261051482626887,0.5443151298119964,0.5550557754587981,0.589159891598916,0.6068483327357476,0.6086009798584648,0.6443499822883457,0.6626742938863067,0.6885597001606283,0.7129108407481387,0.7560169024435054,0.7856758212170167,0.8067241999280834,0.8202731847591661,0.8525179856115108,0.8817145957677699,0.8938424995432122,0.9121959942775394,0.9322898346816743,0.9438322076075364,0.9512463343108505,0.9580406987214118,0.9567439313743383
0.9596745027124775,0.960341454739463,0.9539665211062591,0.9390674673260332,0.9253270348837209,0.9107981220657277,0.8963326071169209,0.876007326007326,0.8498841148154751,0.834940855323021,0.7940963419051068,0.7686370812138221,0.7491507241194351,0.7052783282291479,0.690644868301544,0.6682666666666667,0.6348393928697493,0.6012201885745979,0.588375068543228,0.5640887934121017,0.5497716894977169,0.5272170151405912,0.5184335861704005,0.5161812297734628,0.5017364284408701,0.5125780553077609,0.5063013698630137,0.5177179305457122,0.535146591310491,0.5494330262225372,0.5535714285714286,0.5786566898271869,0.5848342939481268,0.6213867707040255,0.6484870447544845,0.6802696301694298,0.6970079307858688,0.738333030688215,0.7616571018651362,0.7884063173007897,0.8119375573921028,0.8359826589595376,0.8611111111111112,0.8880100665108754,0.9068255687973997,0.9227452389507725,0.9352951604325475,0.9470822761870242,0.9550035997120231,0.954346238130022,0.9557692307692308,0.949146385760988,0.9506395244100162,0.9372084678866164,0.9223457675753228,0.9013347763347763,0.8823005698005698,0.8579505300353357,0.8413793103448276,0.8230852211434736,0.7861499820595622,0.7580242510699001,0.736090775988287,0.7049990844167735,0.6692280200142959,0.6484076433121019,0.6112504478681476,0.5993419850118809,0.5743050605844618,0.5644428285766224,0.5526036131774708,0.5323598341445827,0.5210507376754228,0.5130198915009042,0.5123223601367153,0.5002667615152054,0.5061661225970258,0.527034309322795,0.5376866342867422,0.5645451276519238,0.5689939527212754,0.5979981801637853,0.6105527638190955,0.6281379808560592,0.6608584005869406,0.6892940964072938,0.7157933042212519,0.7383160899036746,0.7747698971304818,0.804082376526335,0.822912835601324,0.8531493919041568,0.8695728909283446,0.896797153024911,0.9191919191919192,0.9265790894367465,0.9491645929612513,0.9529883381924198,0.954267194814548,0.9590536851683349
0.9557681892038274,0.95071831242044,0.9451065366558324,0.9439725284655702,0.9315119069595718,0.9151127686023797,0.8979223125564589,0.8781014023732471,0.8506179473401397,0.8260069891484274,0.7964617583988564,0.7721427277667089,0.7421406505542432,0.7009513552324538,0.6808319885242962,0.6709839899262457,0.6430568499534017,0.5981291269258987,0.585598824393828,0.5717325766979962,0.5424225765072385,0.5406193078324226,0.5135879544619905,0.519103139013453,0.5027663751561663,0.5078812316715543,0.5028715003589376,0.5049936444525149,0.5241093918675782,0.5491445212959593,0.5470039468963043,0.5857611070648215,0.5937443171485725,0.6210758215531486,0.643100663915306,0.663269020749909,0.6957381765869448,0.7293233082706767,0.7589698046181172,0.7900125740973595,0.8083538083538083,0.8470142522099946,0.8549360795454546,0.8858715596330275,0.9068847744023009,0.9281295487627366,0.9358927259368112,0.9471436198611852,0.9504826599928495,0.9547623254992048,0.9594905359985848,0.9563963963963964,0.945497202670998,0.9328438395415473,0.9227000544365814,0.905907703357874,0.8907308377896613,0.8529146363472297,0.8426782798040283,0.8042576222262313,0.7830545062061521,0.7742286751361162,0.7327956989247312,0.6999819917161895,0.673487704182373,0.6456284641516181,0.6249558771620191,0.6003213138164941,0.5745222929936306,0.561122244488978,0.5302251373869882,0.532176428054953,0.5220170454545454,0.5186385737439222,0.5000913242009133,0.5180809165771572,0.5188201230546508,0.5095715587967183,0.5231740306582506,0.5450346420323325,0.5713784636969484,0.5846541786743515,0.6076555023923444,0.6396526772793053,0.6596728307254623,0.6900146305779078,0.7134344528710725,0.7413761635334916,0.7550468637346792,0.8036003600360035,0.8231207695048094,0.8396594537069882,0.8713343108504399,0.8979777737292768,0.9141837644959857,0.9287914477260373,0.9423347398030942,0.9514703229298214,0.9557667702431,0.9626235399820305
0.9545045855062039,0.9555279943302623,0.9520044133872747,0.94463357821179,0.9343822635437153,0.9069015097052481,0.8941260489198357,0.884483690755091,0.8477558348294435,0.8271315028901735,0.7977228251200854,0.7682795698924731,0.7334286224763266,0.7119624141669678,0.6854545454545454,0.6606060606060606,0.6253814395979178,0.6088115118138213,0.5844298245614035,0.565332392876036,0.5393298691990682,0.5217391304347826,0.5149902430370764,0.5099489346715971,0.4937781785392245,0.5087371644748694,0.4921209925738091,0.510711692084241,0.514017064252133,0.5349883072495053,0.5514207149404217,0.5740477038091848,0.5885672674312762,0.6110815130527437,0.6407185628742516,0.6758497316636851,0.7009462595965006,0.7302491103202847,0.7561960712318707,0.7709787081767758,0.8176785714285715,0.8441835645677694,0.864711274060495,0.8933187693428,0.9081781672143118,0.9231182795698925,0.9358558558558558,0.9482666666666667,0.9540751497549464,0.9570029027576198,0.9571970381072783,0.9559060763577703,0.9508077691051008,0.9324005088133746,0.9262236513040372,0.901562780671816,0.8832559800071403,0.8589928057553957,0.8387440127727515,0.8127334163258048,0.773286467486819,0.75362056480811,0.7284985422740525,0.6968710435883523,0.681793625067531,0.6459157970492984,0.6073608617594255,0.6056135300467794,0.5710417042787507,0.5419681620839363,0.5221496005809731,0.5242369838420108,0.509090909090909,0.500886524822695,0.49883700125246017,0.5037878787878788,0.5170383586083853,0.5175753228120517,0.5359783588818756,0.5369007003052613,0.5654794520547946,0.5645364536453645,0.6079319087287215,0.6307326877398136,0.6598884290084578,0.6845505113942222,0.7237888647866956,0.7418483156188074,0.7728746397694525,0.8013011152416357,0.8236042916893981,0.8545751633986928,0.8695729537366548,0.8900652902770425,0.9193313953488372,0.9333333333333333,0.9427207637231504,0.9494671076809996,0.9547511312217195,0.9575908766928012
0.9596862458956585,0.9583856502242153,0.9500537056928035,0.9429289303661162,0.9293805309734513,0.9151164890735055,0.8953572723975336,0.8787115350008997,0.8497626871120847,0.824344292574806,0.8003917378917379,0.7706119457676804,0.7469212921649117,0.6971603163191948,0.6883729366950844,0.6459171183773387,0.631810676940011,0.6131856351616938,0.5877889535909653,0.5515591778880227,0.5445544554455446,0.5205454871702853,0.5067663817663818,0.5098180508016573,0.5133107021618725,0.5048085646888042,0.5167797215280258,0.5161685020101381,0.5277218664226898,0.5332387874490339,0.5514956116783092,0.5715072516981825,0.5909090909090909,0.6273703041144901,0.6458809063762515,0.6624909222948439,0.6998551774076756,0.7304563141139017,0.7561107117181883,0.7903196676900849,0.8151939655172413,0.8329428725896558,0.8634960972953349,0.8921900017790428,0.9033315128345166,0.9164889836531628,0.9401724757455983,0.9472554979438584,0.9548444444444445,0.9532006455083378,0.9578908824606371,0.9588660366870484,0.9481520406375897,0.9347786482055019,0.9178906388249868,0.9044726670347875,0.881011315417256,0.8672331386086033,0.8335131247752607,0.8062340503098797,0.7817167536440526,0.7570277529095792,0.7279094827586207,0.6938341601700921,0.6729908716663684,0.626158038147139,0.6091135635457459,0.5854435983708164,0.5844625112917796,0.5472377181932697,0.527124773960217,0.5205357142857143,0.5112809315866085,0.5045397899234467,0.49646803115377647,0.4935965848452508,0.49843663785175646,0.5083659665361339,0.5339595375722543,0.5318098720292505,0.555369751021925,0.5772652987107318,0.6119722073757349,0.6139045198765656,0.6531873565248102,0.6793745607870696,0.7157913540550197,0.7407071622846781,0.777716894977169,0.7908943674644593,0.8295577130528586,0.8523283203478891,0.8723596317024733,0.8908469699694299,0.9140790402258292,0.9272078501338091,0.9403288379826344,0.9513601152945416,0.9603594080338267,0.9608091024020228
0.9541284403669725,0.9576225534207219,0.9521785334750266,0.9359957211624176,0.924465474938661,0.9140724558529036,0.8931793576326236,0.8679514632405425,0.8555180380309223,0.8196634189548273,0.7938674228996809,0.7734604105571847,0.736992159657876,0.7071695427859811,0.6852256186317321,0.6530868628858578,0.633946457840102,0.6067987638611162,0.5757521489971347,0.5583153347732182,0.5344180225281602,0.5098396501457726,0.5128389297899084,0.5035090876372144,0.4948269711023903,0.5186067827681027,0.5062852978684642,0.5190416592168783,0.5092271149278275,0.5436009466593846,0.5551102204408818,0.5791006735845622,0.5829480303310524,0.6260205892793752,0.6588768115942029,0.6746943988323298,0.6940367824633105,0.729695199853988,0.7450027012425716,0.7832180237715096,0.8067711147127679,0.83306437152591,0.8664285714285714,0.8827598762060804,0.9115924019172732,0.9149659863945578,0.9346014492753624,0.9477364740522636,0.9539295392953929,0.9609019821785779,0.9599487929773226,0.9540046172971053,0.9498188405797101,0.9334988473133534,0.9328319048451985,0.9033764367816092,0.8755776750799857,0.8644556596971882,0.8367571533382245,0.809973285841496,0.7856617647058823,0.74091399784095,0.7185346391004716,0.6974149153803236,0.6598911070780399,0.6404657933042213,0.6285252380097001,0.6015526268279473,0.5759633027522936,0.5555956028113174,0.5335360400643891,0.5297661233167966,0.5140338251169485,0.5018646776771444,0.49635943882081335,0.5116404011461319,0.5017985611510791,0.5206701875796759,0.5220080029101491,0.5446932459493902,0.5633853977479114,0.5996097214830584,0.611756168359942,0.6195459382759844,0.6634234234234234,0.6856585019524317,0.7167794798717492,0.7411149197185639,0.7643553629469122,0.7931216931216931,0.8341645885286783,0.8518847795163584,0.8745986443096682,0.8918918918918919,0.9093023255813953,0.9289031797070382,0.9385709077652206,0.9522961908152368,0.9566468789350603,0.9596833578792342
0.958273381294964,0.9567230632235084,0.9503116651825467,0.9391941391941392,0.9243876464323749,0.9207650273224044,0.8972417522985398,0.8739956172388604,0.8522768017210469,0.8300161377084454,0.8078212290502793,0.768362594052311,0.7429398986241854,0.716891645384896,0.6807262057582982,0.6592578986039677,0.6483065953654189,0.6047261009667024,0.5685441020191286,0.5594832226807823,0.544804149526024,0.5422270037654653,0.5165013525698828,0.4959885897664468,0.5067591604411241,0.5087878238811379,0.507600434310532,0.5142806140664049,0.5240888888888889,0.5321166577205224,0.5447707736389685,0.5789473684210527,0.592031029619182,0.6206708975521306,0.6355856658940988,0.6649195734682812,0.6986053251222605,0.7185531761741947,0.7614728822782514,0.773154115264224,0.8212435233160622,0.8364950316169828,0.8639870805670196,0.8893464637421665,0.9035650623885918,0.9238542042583905,0.933296783625731,0.9455985915492958,0.9572573463935886,0.9600143446297292,0.9598638236875112,0.951867816091954,0.9444949954504095,0.9390726096333573,0.9237396883593034,0.9044913900230783,0.8740767429292019,0.8651849152851157,0.8482708672822741,0.8043987741121327,0.7876811594202898,0.7527708258848766,0.7240510883252383,0.6959568733153639,0.6569987389659521,0.6340508806262231,0.6283504227379025,0.5992837958818263,0.5743571300125877,0.5457809694793537,0.529191883232467,0.524187725631769,0.5127601809954752,0.5199928276851353,0.5011790313803737,0.5132190067881386,0.5071530758226037,0.5180040212027052,0.5166637277376124,0.5340437059779664,0.5695683196575098,0.5924602465606575,0.600322754168908,0.6255641812601552,0.6531404375441072,0.6790299572039943,0.710273729114824,0.746902332361516,0.7830935251798561,0.8024533138044673,0.8235607675906184,0.852110157367668,0.8745328350240257,0.89107303877367,0.9133357558139535,0.9269994632313473,0.9453335730983636,0.948636763412489,0.9612403100775194,0.9581769436997319
0.9540889526542324,0.9562363238512035,0.9488372093023256,0.9361587982832618,0.9280809541019154,0.9174490699734278,0.8936865021770682,0.8784842412096922,0.8505025125628141,0.8245708154506438,0.8006835761827666,0.765315397200509,0.7417891489747778,0.7180133165377002,0.6751093294460642,0.6527400976668475,0.6200440528634361,0.6035720539310103,0.5804834377797672,0.5533553355335533,0.5415406511296922,0.5294117647058824,0.5145141665218147,0.5031491812128847,0.5055809698078683,0.5128847530422334,0.5058865501248662,0.5037141846480367,0.5231573256442602,0.5330829756795422,0.5528630407467241,0.5715815780078544,0.5971326164874552,0.6207513416815742,0.6454561749417458,0.6725727716506961,0.7087218869994515,0.7309498013723366,0.7384615384615385,0.7819168173598553,0.8086006344730349,0.8385214007782101,0.8659981768459435,0.8922746011830077,0.9060042887776983,0.922349518094199,0.9375,0.9514945408985144,0.9558692156512417,0.9622877569258266,0.9577264653641208,0.9577387486278814,0.9454028098879602,0.9252032520325203,0.9229415904292751,0.9050530480129473,0.8845534275997852,0.8565477268610759,0.8387096774193549,0.8095671153146599,0.7822466335931963,0.7487888031580836,0.7326589595375722,0.6935892792466498,0.6760818395799384,0.6524112829845314,0.6145571889566153,0.5887902330743618,0.5662650602409639,0.5520796302879488,0.5458657499547676,0.5234487734487735,0.506433166547534,0.515686274509804,0.4978409499820079,0.5095342867620095,0.5062248260710362,0.5256478999106345,0.5252671617460605,0.5363259419506039,0.5610892153350053,0.5760810566310838,0.6050117180457906,0.6358214350262064,0.6497637222828062,0.685859134528336,0.7225008957362953,0.7349048050770626,0.7630829476682093,0.7968833960236432,0.8303507516105941,0.8506469500924214,0.8756032171581769,0.8955787203450755,0.9152293577981652,0.9289116246251543,0.9489247311827957,0.954041487839771,0.957690212456873,0.9593139937967524
0.9600719424460432,0.9547421565091958,0.9459558152273142,0.9437522902161964,0.9285069507131252,0.9086366880799429,0.8970694645441389,0.8739067055393586,0.8491609810068228,0.829810298102981,0.8,0.771527398507191,0.7431927389215163,0.7096488116353317,0.6923485653560042,0.654957921697768,0.6202251337885218,0.6041591968447472,0.5838962935913822,0.5520607375271149,0.547841726618705,0.5207281903388609,0.5115098785571869,0.5077258680239957,0.5060550458715596,0.514343139046227,0.5108636114661311,0.5275761973875182,0.522248243559719,0.5220338983050847,0.5396825396825397,0.584356936416185,0.601067615658363,0.6259298618490967,0.647962830593281,0.6643653744025492,0.7047480443878479,0.7227811713977722,0.7525154457193293,0.7765527379639838,0.8078633695072052,0.8376495802821933,0.869140625,0.8873467916366258,0.9090414930240985,0.9218552607832521,0.9391147244805781,0.9478544269418794,0.9556806190643686,0.9568280346820809,0.9575198843094722,0.9577874818049491,0.9491190219345559,0.936046511627907,0.9249140582594536,0.9051418439716312,0.8888090533500987,0.8725453871804372,0.8406360424028269,0.810639070442992,0.7791421961203061,0.7655671194214148,0.7302015838732901,0.6967431927389215,0.6750665483584738,0.6333098839254309,0.6191928251121076,0.5935193519351936,0.562,0.5534857985983032,0.5477006311992786,0.5222816399286988,0.5146219686162625,0.5112493140662154,0.4939996417696579,0.5076838638858397,0.5152369209089308,0.5101037684325506,0.5307678344527137,0.5431189363995688,0.5654478976234004,0.5858495622654993,0.6193870277975766,0.6345683327507864,0.6480223035372016,0.677705392689106,0.7091268415379087,0.7541940189642596,0.7785330948121646,0.8013649425287356,0.8241178610403783,0.8564498742364355,0.882118965828964,0.891264951069228,0.9167575427117411,0.9281480150889169,0.9431313310822819,0.9482327740092824,0.9555047485051003,0.9607736804049168
0.9591246156628686,0.9567868029406491,0.9430560514102106,0.946415640839971,0.9251069900142653,0.9100865571453807,0.8970003614022407,0.8782435129740519,0.86,0.8339963833634719,0.7992320351069665,0.7777171937477281,0.746544605995333,0.7095627444009954,0.6866595895258316,0.6604207176948913,0.6391734052111411,0.6121060171919771,0.58475164987843,0.5633752244165171,0.5430738667148275,0.5316500711237553,0.5194148455842514,0.5193140794223827,0.5095736994219653,0.5043575004635639,0.5066176470588235,0.5194898509071313,0.522002200220022,0.5320249776984834,0.5707631673235399,0.5803921568627451,0.5988782341233942,0.609149855907781,0.6459605026929982,0.6779101741521539,0.7105691056910569,0.7284107402031931,0.7517092479309104,0.792761344846592,0.8108301954455801,0.8377447425670775,0.8623417721518988,0.8845200141693235,0.9091240875912409,0.9220963172804533,0.9391335481561045,0.947690095272335,0.9579265045268951,0.9579464773347898,0.9601927882898965,0.9598262757871878,0.9460191370283445,0.9369255721751667,0.922264015762135,0.9081446311176041,0.8906051244775577,0.8671818835370237,0.8345441336723575,0.8060966810966811,0.7901721664275466,0.7663398692810458,0.7320607988688582,0.6936002860207365,0.6638610315186246,0.6526427435036238,0.6168174560936669,0.5929894660370505,0.5584648493543759,0.5465137121347912,0.5429936305732485,0.52990537404035,0.5187222715173025,0.5110828488372093,0.5127473702977358,0.5088652482269503,0.5172289373985206,0.5237490935460478,0.5422509225092251,0.5490725733837565,0.5675675675675675,0.5917744252873564,0.6094397405872816,0.6270454954144938,0.6551724137931034,0.6915007112375533,0.7266355140186916,0.7479185119574845,0.7743497757847534,0.8007997091966558,0.8236865538735529,0.8500184706316956,0.8743418743418744,0.899349475966751,0.9148287609826071,0.9293165467625899,0.9430879383146686,0.9503722084367245,0.9537876042044219,0.9633647519117908
0.9549216411340025,0.9544960116026106,0.9553164326098851,0.94,0.9260409057706355,0.9131531531531532,0.8882321332616873,0.8714413607878245,0.8448245145198646,0.828576622432285,0.7882373719533734,0.7768492176386913,0.7463353593135502,0.711424995530127,0.6865429652314898,0.6590175690211545,0.6365447301702282,0.603001608004288,0.5849858356940509,0.564965617082881,0.5616291532690246,0.538243123336291,0.5235882773409578,0.5301575801485238,0.5139796659404503,0.5183511119146628,0.5162708883025505,0.5108695652173914,0.5254054054054054,0.5327019299499642,0.5568648455632923,0.5736307580703663,0.6004431314623339,0.6267429388630675,0.6507386467262447,0.6636674464639194,0.7120935330654,0.7329566168428727,0.7597645799892991,0.7819063004846527,0.8124886877828055,0.8513271162123386,0.8611309949892627,0.8925812825579307,0.9073379753615426,0.9218945487042002,0.9379535558780842,0.9409640729373533,0.9562174771218375,0.958693733451015,0.9634831460674157,0.9479223371438941,0.9488042515500443,0.9406871609403255,0.9246231155778895,0.9027165932452276,0.8927857532255133,0.863914924297044,0.8357487922705314,0.8193477464272627,0.7871922939707456,0.7630227439471754,0.7315723719436017,0.6953334525299482,0.6751156336725255,0.6380986676269356,0.6248644741597398,0.5891323400525854,0.5628276984270475,0.5587918015102481,0.55386542591267,0.5282199710564399,0.5275138913783832,0.5138111572486008,0.5039840637450199,0.5109958877167888,0.5166430594900849,0.5139139862667148,0.5368059323566648,0.5477200424178155,0.5786710121310882,0.5876529877609791,0.6116504854368932,0.6395159833845042,0.6609449654928331,0.6941218509916026,0.7185277382645804,0.746090973702914,0.77678414869367,0.8027333213450818,0.8249551166965888,0.8556236481614996,0.8762023512646954,0.8908475783475783,0.9166666666666666,0.9327913279132791,0.9429090909090909,0.9517896274653032,0.956661316211878,0.96004243281471
0.9559243397573162,0.9550336792281086,0.9461661058969364,0.9403925805870701,0.9294917680744452,0.9145438121047877,0.8951846488052136,0.8780666422555841,0.8515965166908563,0.8340204337694928,0.8046847481507573,0.770825948245303,0.7559083528775031,0.716125521494649,0.6882743760100557,0.6639927073837739,0.6538809480730957,0.6083546151039767,0.5906902086677368,0.5716609434303271,0.553164326098851,0.5395630622360933,0.5341659232827832,0.5088941866862278,0.5225530397575325,0.5211720564588173,0.5183226982680037,0.5259822560202788,0.5275534015437084,0.5404685835995741,0.5687859195402298,0.583599008147361,0.6034732272069464,0.6239098837209303,0.6578030441958554,0.6869485294117647,0.7012893982808023,0.729136690647482,0.7629262926292629,0.7910341132345061,0.8186080057699243,0.843732845379689,0.8615439093484419,0.8914837576821774,0.9088061901252763,0.9284674190025483,0.9340239912758996,0.9486222222222223,0.9566137566137566,0.9584596184703156,0.9595216191352346,0.9558931185944363,0.9455916681630454,0.9382648401826484,0.9219364058592354,0.9113721302722905,0.8872126436781609,0.8638396850957237,0.8367054610564011,0.8118048080373161,0.7832255747126436,0.7601150872145298,0.7339726513940685,0.7097711587359244,0.6711119120562263,0.6563002680965148,0.6279277668514214,0.5984017840550083,0.587589928057554,0.562058343902881,0.5472197705207414,0.516837745362867,0.522296443401336,0.5149902430370764,0.5009028530155291,0.525673249551167,0.5125493008246683,0.5367607406075858,0.5297608343823054,0.5621217515129939,0.5744264627423084,0.5979159180740209,0.6171805382284797,0.6571378154226222,0.6625067824199674,0.699281370923162,0.7158419497784343,0.7419010323958705,0.7666847531199131,0.7996742671009772,0.8308029998170843,0.8549388189395283,0.8785179907374421,0.8922296685383083,0.9120028792513947,0.9296999822474703,0.9423838674828953,0.9490203193033382,0.9576286597563193,0.9598125788430348
0.9604478959725483,0.9557805007991476,0.950646087580761,0.9457266498377209,0.9314118934695367,0.9104688050757843,0.8959454610692501,0.8762794038427006,0.8527863496097295,0.8308984660336012,0.808952551477171,0.7760339734121122,0.7586889969385917,0.7180035650623886,0.6792586054721977,0.6721428571428572,0.640591589451176,0.6203491447716453,0.5934739498828195,0.5798458149779736,0.5527305282005371,0.5433706216761416,0.5271034860375982,0.5187983450260838,0.5177894166516164,0.513085145595282,0.5220326936744847,0.539041464728056,0.5464711274060495,0.5549361625606906,0.5718942412169504,0.5897343213446593,0.597217202746657,0.6279449075752084,0.6620116669612869,0.674217907227616,0.7043756670224119,0.7348795718108831,0.7639165911151405,0.7940640932265113,0.8179867691757554,0.8408512186249545,0.8596956829440906,0.8776022972002872,0.9008605234851201,0.9185750636132316,0.9404354867734389,0.9478056709409427,0.9551304347826087,0.9563715688056716,0.958193091231178,0.954266690029788,0.947103274559194,0.9433162634645947,0.9264759145237232,0.9112830664027353,0.8887306391312089,0.8617503170864287,0.8441139580720302,0.8198589256646771,0.7984607123679971,0.7561643835616438,0.7400896860986547,0.7115869017632241,0.6793507664562669,0.6455787203450755,0.6378845116028062,0.6153565566295823,0.5874035989717223,0.5677027509824938,0.5526978417266187,0.5470956210902591,0.5264014466546112,0.5138361367335865,0.5138297872340426,0.5260519247985675,0.5197760520137259,0.5356758694872714,0.5452224653537564,0.5477999646580668,0.5694544149318018,0.5881712626995645,0.6207707617152162,0.6508939859129492,0.6601378309756982,0.6940962761126249,0.7265034209578682,0.7485228951255539,0.7811872146118721,0.8067838749778015,0.8307883522727273,0.8550698674310283,0.8731182795698925,0.8936017253774263,0.9096904194907492,0.9326974032856385,0.939868350827255,0.956300072833212,0.9551236749116607,0.9524326279616567
0.9597628884497934,0.958547387068202,0.9492663956160509,0.9395088479595521,0.9285329502603699,0.9135735080058224,0.894147862777472,0.8835055219095119,0.8551136363636364,0.8258777401532703,0.8077201884740848,0.7799270072992701,0.7581136811906043,0.7254083484573502,0.7040559942569993,0.6653930131004366,0.6531968390804598,0.6232381640766173,0.5887067395264116,0.5894251242015613,0.5634396773010635,0.5521020481494789,0.537922358015816,0.5414792154039949,0.5322874863188617,0.5174762502240545,0.5318352059925093,0.5408384531984098,0.5453890489913544,0.5554153901603892,0.5726541554959785,0.5960028551034975,0.617374241883696,0.6581227436823105,0.6703021634185589,0.6824803884945835,0.7097351467430207,0.7422680412371134,0.7726692209450831,0.799525720539949,0.8196868814108332,0.8416981471487678,0.8628917378917379,0.8917117117117117,0.9072070419952319,0.923458540042523,0.939619960930563,0.9515664386028088,0.9556501685293596,0.9583776124690047,0.9634408602150538,0.956021897810219,0.9427812223206378,0.932385638782577,0.9229238284783788,0.9049483802064792,0.8881081081081081,0.8738494856524093,0.8424507658643327,0.8171755043742189,0.7951332975487565,0.7749955285279914,0.7332611441977982,0.7079567605883396,0.6891405969075872,0.6629213483146067,0.6331531531531531,0.6089732222025181,0.5915342025361672,0.57689556509299,0.5603037259403143,0.5428001450852376,0.5416140097490522,0.5266821345707656,0.536366830639494,0.5226211849192101,0.5322696306920043,0.535224153705398,0.554726368159204,0.5558718861209965,0.5795373665480427,0.5981408652127279,0.6241622894403188,0.6362470221733553,0.6617542613636364,0.696798835940342,0.7302631578947368,0.7581061164333087,0.7802826981570943,0.8133043320645278,0.828876039031442,0.8500091793647879,0.8811327561327561,0.9036123032904149,0.9209293948126801,0.9328197778573988,0.9469710587812331,0.9527629233511586,0.9555268499723196,0.9595687331536388
0.9551361936977034,0.9586600142551674,0.9494031712096918,0.9411868286670189,0.9289578074287775,0.9196685878962536,0.9001259672485153,0.8790337119163512,0.8630509704335207,0.8328504165157552,0.8063573255389113,0.7792161730803334,0.7553739562977438,0.7448574521833273,0.7092691622103386,0.6771499644633973,0.6427815037063184,0.623587570621469,0.5974469615246314,0.5949143563482253,0.5710909090909091,0.5541163946061036,0.5541434540389972,0.5493871665465032,0.5380875202593193,0.530842124083676,0.5402091597547782,0.5415061295971979,0.5547445255474452,0.5659163987138264,0.5785242093978917,0.5912448207530174,0.6084733382030679,0.6409307244843998,0.6695187165775401,0.6861379063951412,0.717995278736154,0.7457566553510809,0.7680977186994791,0.7957184325108854,0.8204356295378077,0.838744983582634,0.8654018256667263,0.8984332793084819,0.9094926639561605,0.9266607617360496,0.9399678399142398,0.9473684210526315,0.9579003941239699,0.9538102084831057,0.9585388127853881,0.9620527647271413,0.9467146714671467,0.9298906221983145,0.9219383259911894,0.9076699382042893,0.8954684961184329,0.8736747529200359,0.8356594556873691,0.8216226005070627,0.7994594594594595,0.7788273035109606,0.7361580915079223,0.7221124483563859,0.6883888388838884,0.6540834845735027,0.6375647205856098,0.6187419768934531,0.601708489054992,0.5811950475506908,0.5686523792226662,0.5662650602409639,0.541191381495564,0.5313159746657283,0.5304944063514977,0.533429707264185,0.5324090745408715,0.5437017994858612,0.5621845710165826,0.5671825536405206,0.5902201371346084,0.5953970484891076,0.6125,0.6617594254937164,0.6810148731408574,0.7135642135642135,0.7282135076252724,0.7472166453732433,0.7943122876050795,0.8051384114347747,0.8312243806808055,0.8607776384160545,0.888042097622936,0.9011514614703278,0.9145746794292938,0.9353917544172765,0.9418045915643353,0.9516244198500535,0.9558181818181818,0.9590387766247952
0.9594276399203043,0.9611111111111111,0.9478245170608413,0.9406047516198704,0.9380039419458879,0.9199717962277455,0.8963626393712302,0.8816429472167177,0.864127449185131,0.834334607682505,0.8112162886229684,0.77019523553645,0.7659729828404527,0.7264201983769162,0.7031476121562952,0.6827723488961274,0.6605060111250672,0.6344928064104899,0.6053868402024585,0.5968936247065197,0.5775031800835908,0.5623640319071791,0.5610282221822758,0.545944973925553,0.5534557235421166,0.5382246376811595,0.5550611790878754,0.5480093676814989,0.555576002944424,0.5671456448465496,0.5959885386819485,0.5979212253829321,0.6151221264367817,0.6238795267120831,0.6557347345533611,0.6947674418604651,0.7216401734104047,0.748382325753374,0.7806439809732895,0.8029813218390804,0.8231316725978648,0.8468161434977578,0.8695966720926026,0.884872582685704,0.9098032069970845,0.9193461469373091,0.9431115957833515,0.9491126403477002,0.9542627149652396,0.9589318600368324,0.9549891540130152,0.9557713052858684,0.9390459363957597,0.9433131535498074,0.923132573702297,0.917558886509636,0.892863530674298,0.8749076127124907,0.8493769189091566,0.8272130565903849,0.7994575045207957,0.7777369581190301,0.7406387665198237,0.7208506037123806,0.690347071583514,0.6658273381294963,0.6448107226951639,0.6220078599499821,0.6086648983200708,0.5886819743265232,0.570898161244696,0.5505840071877808,0.5489695422214116,0.5361871939053147,0.5521263233446977,0.5484986351228389,0.5458181818181819,0.5540735400144197,0.5627136944394457,0.5862439548629769,0.6102461984069515,0.6174813737961112,0.6500090203860726,0.6500900900900901,0.6873435824097247,0.7137039660056658,0.7331790672837308,0.752191380569759,0.7870634354953671,0.8204132085467067,0.8377938517179023,0.8570130813953488,0.8730919417820376,0.9040202825063383,0.9137311286843998,0.9302452316076294,0.9420870515388818,0.9519546949214468,0.956277213352685,0.9622011251758087
0.9548446069469836,0.9589660159074476,0.951905290418054,0.9425009304056569,0.9265077645359335,0.9144394618834081,0.9034977578475336,0.8841971728887278,0.8635619428779334,0.8369604642727603,0.8106787330316743,0.7956795679567957,0.7614041339985744,0.7253007655851258,0.7038170687792582,0.6983676366217175,0.6651079136690647,0.6390436814668344,0.616314744630933,0.6068005064206909,0.583793738489871,0.5746880570409982,0.5562590448625181,0.563070316693505,0.559646273235878,0.5556350626118068,0.5638123060069381,0.5668938307030129,0.5746895544192842,0.5780995475113122,0.5977986286539155,0.6105692498669977,0.6272072072072072,0.6592539454806313,0.6827734866175678,0.6957534492026518,0.7264789736279401,0.7576530612244898,0.7646954043462771,0.8026938478340008,0.834241103848947,0.851939537424877,0.874251497005988,0.8965701084059001,0.9093396570594674,0.9277676950998185,0.9340639269406392,0.9467466375863323,0.9516599781101788,0.9536721134853654,0.9606242061331882,0.9507398051245037,0.9482332155477032,0.9403842700664392,0.9233654876741694,0.9133249415572738,0.9029401346085725,0.8746844572664983,0.848879248011569,0.8395904436860068,0.8069065268486711,0.7718049127803489,0.7494199535962877,0.7234964782373127,0.7074487225620727,0.6712403951701427,0.6457423580786026,0.6242912017559905,0.6050943741982775,0.591386367681082,0.5747147255931896,0.5659690627843494,0.5619373424558877,0.5529169783096485,0.5579060595195411,0.5430068666425731,0.5532225670987767,0.5598351845216768,0.5769438931986289,0.5759900107028184,0.5997091437920378,0.6203515263644773,0.6452727272727272,0.6614047534586733,0.6854526241634379,0.7084019769357496,0.7382142857142857,0.7641645615301336,0.7925696594427245,0.8156209987195903,0.8387665198237886,0.8673097925009101,0.8840795095671559,0.8982468823423098,0.9204566044573292,0.9320211408784399,0.9485776805251641,0.9490203193033382,0.9558665231431647,0.9610580455547392
0.9604297224709042,0.9560984570168993,0.9484316852737905,0.9485888908862125,0.9313266041816871,0.9165130851455953,0.9072329838279722,0.888807607900512,0.8651482284887925,0.8430476886533894,0.8208393113342898,0.7820984410579787,0.7711632987438558,0.7414428646656135,0.7096774193548387,0.6958904109589041,0.6659981768459435,0.6523997134670487,0.6438234247063012,0.6106178655553542,0.5968964909187092,0.5847259658580414,0.5752308527973927,0.5599782884023883,0.5642193477864821,0.5575624885969713,0.5598758671047828,0.5737559766247565,0.5783067836047968,0.595203488372093,0.5986771540936718,0.607483492296405,0.6329474621549421,0.6537269910698014,0.6781609195402298,0.7027694478744047,0.7218259629101283,0.762962962962963,0.7797340998922027,0.8039040114613181,0.827734095782702,0.8498109130199892,0.8766922795462861,0.8922101449275363,0.9079113353757434,0.9243056816119077,0.9436795994993742,0.9491340018231541,0.956270328876039,0.956983441324694,0.9607065609228551,0.9584217975937721,0.949696753478416,0.9380150483697599,0.933885754583921,0.9082953509571559,0.9001057082452432,0.8798788094813759,0.8568070873259809,0.8299469156141315,0.8111328472345722,0.7862443438914027,0.7496882237662569,0.7246429217139758,0.7065511640498106,0.6893432241722454,0.6587746249774082,0.633423180592992,0.6190560056357872,0.5976030506627928,0.5860194902548725,0.5794638163658665,0.5742877749729535,0.5702010968921389,0.5596879535558781,0.552960057061341,0.5791076867944813,0.5731597033821667,0.5732610659439927,0.5893082896875564,0.6115288220551378,0.6353194544149318,0.6494623655913978,0.6694199706314243,0.6928339935181851,0.7213055954088953,0.7362119013062409,0.7623940868938165,0.7912245998921057,0.8103539355520338,0.8397069335239457,0.8504808564688804,0.8835679034911351,0.8998360954288837,0.9182674882203697,0.9324468085106383,0.9425872093023255,0.9510589072788752,0.9552,0.9565295169946333
0.9602356406480118,0.9541984732824428,0.9497095134350036,0.9472361809045227,0.9383412149872681,0.9182468694096602,0.9015804597701149,0.8917850080891605,0.8697524219590959,0.8434279515458326,0.813577781811581,0.7933526011560693,0.768231046931408,0.75165319617928,0.7250494515374932,0.69810977826245,0.6702432045779685,0.6490066225165563,0.6413693171526897,0.6252039891205803,0.5979475902510537,0.5954651790534461,0.585343399005708,0.5685462078904702,0.5716833095577746,0.5733382164438747,0.5723203138933476,0.5809248554913294,0.5930621588307801,0.5911198288159771,0.6045751633986928,0.6287976431596392,0.6560086222381893,0.6698670605612999,0.7004909983633388,0.7036496350364964,0.7367868393419671,0.7578011611030478,0.7915168943206327,0.8145349883072495,0.8381407312144038,0.8533966913058783,0.8745828210082558,0.8857449856733525,0.9209819028847877,0.9193145305248126,0.9384110787172012,0.949337207190848,0.953288490284006,0.9598487576521426,0.9556277056277056,0.9524320457796852,0.9532490974729242,0.9423007573025604,0.9280963508898077,0.9113603473227206,0.9012773722627737,0.8770197486535009,0.8653180244213595,0.8316157526683843,0.8170341394025604,0.7904352498656636,0.7628274129888769,0.7420749279538905,0.7113924050632912,0.6913051240849848,0.664418811002662,0.6501347708894879,0.6198259015810978,0.6177156177156177,0.5996065808297568,0.5810248053594061,0.5689561925365062,0.5831052727604452,0.5667994207096307,0.5641025641025641,0.5634186173108329,0.5714032600992204,0.5905932656333511,0.6099945681694731,0.6167360985328745,0.6202993793355239,0.6623612879752593,0.6773725276719289,0.694258286542293,0.7290492957746478,0.7473098995695839,0.7619553666312433,0.7883569096844396,0.8232432432432433,0.8452639190166306,0.8707459001939694,0.8879727549740096,0.9049395877754086,0.9200658496433144,0.9362470651977606,0.9503495250044811,0.9481837606837606,0.9578564940962762,0.9587482219061166
0.9594403117251151,0.9586281981491562,0.957726209749955,0.944,0.932779183230936,0.9185568851580639,0.9050988931228452,0.885808702037819,0.8691638558494585,0.8520518358531317,0.8200431034482759,0.8151154401154401,0.7706719509998199,0.751033614955959,0.7325066430469442,0.7029685264663805,0.6751443001443002,0.6640159045725647,0.6587711487088157,0.6272580933643356,0.6130025353132923,0.6159163417227933,0.5994975776063162,0.5834974046894577,0.5806159420289855,0.5780807365439093,0.5902828136330674,0.5891684901531729,0.5987586710478277,0.6161856046766533,0.619291194738765,0.6269740424759485,0.6423146473779385,0.6650092081031308,0.6889009399855387,0.7176255707762557,0.7419469656522513,0.7674543501611171,0.7929057685417413,0.8096671388101983,0.8406693343033831,0.8588235294117647,0.8743576111997164,0.8950442477876106,0.9073162152655645,0.9236822840409956,0.943484521238301,0.9499383042481931,0.9558608058608059,0.9589311334289814,0.9623744292237443,0.9539925965097832,0.9464931308749096,0.9426142401700319,0.9198411265571402,0.9145665773011618,0.9028406006875339,0.8778847901144831,0.8682690516117011,0.8430452823380841,0.8132400430570506,0.791863421721758,0.7788808664259927,0.7471900089206066,0.717720391807658,0.6922371077261883,0.6701514059120404,0.6596592968466836,0.6442701835679915,0.6204602660913341,0.604233368907862,0.5846627991298042,0.5946861626248217,0.5798022598870056,0.5719878982025272,0.5759459939598508,0.5874138235814036,0.5931496919173613,0.600823782234957,0.6019707900756642,0.6239347234814143,0.6466328747284577,0.6704092720028975,0.681493390496606,0.7077757685352623,0.7303822937625755,0.7534933715514153,0.7745930644019816,0.8015536723163842,0.8309960445882776,0.8507409391180146,0.8646953405017921,0.887243532560214,0.9103260869565217,0.9247330960854092,0.9344142831116778,0.9446561422609326,0.952544828835356,0.9562709341272795,0.9610108303249097
0.9549076421586382,0.957258791704238,0.952784285456839,0.9428571428571428,0.9336569579288025,0.9285079139249511,0.9118632117045655,0.8852073148651095,0.8652683967294703,0.8437722419928826,0.8306049822064057,0.8041351301458372,0.7914839181286549,0.747632920611799,0.7531477212271679,0.7215144446438184,0.6942148760330579,0.6771917445757629,0.6470481049562682,0.6422067487948581,0.6149828921303799,0.6154406409322651,0.6062823487417455,0.593868349864743,0.5963603275705186,0.5898176566167178,0.6090415913200723,0.6078856936154821,0.6019244476122595,0.6178074960408235,0.6284478096268253,0.6474807244038013,0.6596363636363637,0.6956987328217027,0.7024897008776644,0.7195279365664761,0.7552765647743813,0.7646424721523536,0.8026410998552822,0.8216466234967622,0.8351189395315054,0.870635795663359,0.8810122038765255,0.9001946558131304,0.9160100286532952,0.9322916666666666,0.9438646995322059,0.9545619116582187,0.9495134936662383,0.9591909155429382,0.9600363306085377,0.9569395017793594,0.9482386772106398,0.9384587289992695,0.9363289066763689,0.9151559100797679,0.9017290049400141,0.8818897637795275,0.8554603854389722,0.8419388830347735,0.8068865002732738,0.7984413744243712,0.768031895614353,0.7517463729177861,0.7268683274021353,0.6910102278844429,0.6846428571428571,0.6741693461950696,0.6424350940017906,0.638963842417701,0.6162769621170926,0.6106623586429726,0.6041295834816661,0.5939221610094189,0.5829572124932298,0.5922522522522522,0.5868005738880918,0.5933988764044944,0.6072845293905518,0.615662215806568,0.6453539434393114,0.6627019350257412,0.6635730858468677,0.689174511223751,0.7246684350132626,0.7315244555515887,0.7593436645396536,0.7858657243816255,0.8115398356555913,0.8381620225133789,0.8583053246064036,0.8716548334243582,0.8931830381105743,0.9100289645184649,0.9228833363293187,0.9367270120093206,0.9451327433628318,0.9527927927927928,0.9553767373811266,0.9592857142857143
0.9625764663548039,0.9573629523468291,0.9544709524676743,0.9460334592552617,0.9394432393347795,0.9185504126300682,0.9102978112665949,0.8926953054196121,0.8631974248927039,0.8596139839766934,0.8410831997149475,0.814687216681777,0.7919826652221018,0.7693847834000728,0.7342505430847213,0.7160493827160493,0.700509461426492,0.6957530335474661,0.6677542142468733,0.6514928123848138,0.6359447004608295,0.6242292346753718,0.6169628137021432,0.6106273325039986,0.6099099099099099,0.6105568655904227,0.6102270695512247,0.6247069431920649,0.6310697007704712,0.6363140676117776,0.6415197236866025,0.6519512625816705,0.6799211893247358,0.6887027797576621,0.7145690587811035,0.7406616862326574,0.766282835552357,0.7792442596275538,0.7950775815944355,0.824314702741189,0.8408478534219508,0.8625410733844469,0.8852429939694927,0.9010133912414042,0.918942731277533,0.9306420060465943,0.946470694973689,0.95,0.9545204474601137,0.9613041920458617,0.9594498035012504,0.9530659953245819,0.9488880918220947,0.9436442203817069,0.9361091170136396,0.917780626258927,0.8976921679084136,0.8907367668097281,0.8641725027644673,0.8434767089059433,0.8176100628930818,0.7964367613335686,0.7774128808611567,0.7568137858273255,0.7370681940218364,0.7069994574064026,0.6792987426952364,0.6654101597558787,0.6496337323566196,0.6421613673956993,0.6292735042735043,0.6294642857142857,0.615258855585831,0.6000733810310035,0.5985440340909091,0.5990867579908675,0.6159587702150346,0.60790273556231,0.633650677407543,0.6386388188692834,0.6555535423083892,0.6636540847067163,0.6821564712288982,0.7062924234085489,0.7239876520791719,0.7289568345323741,0.7735613753785854,0.7900641025641025,0.8081004598514326,0.826102610261026,0.8524473026080743,0.874709562109026,0.8940618411806044,0.914142319412081,0.9295397788084195,0.9358856933504305,0.9494401679496152,0.9565916398713826,0.9550438596491229,0.9555991440798859
0.9593422479219371,0.9586169831601576,0.9506507592190889,0.9458207093209766,0.937636761487965,0.9202988792029888,0.9096877217885024,0.8958221265913574,0.8735569985569985,0.8662098809953119,0.8372807810522509,0.8132065314911179,0.7903922274199352,0.7786082932906211,0.7513359458496616,0.736563071297989,0.7113143266989421,0.6901383150709538,0.6639532826048486,0.6579425663395129,0.64633493846977,0.6245943021997836,0.6273817925194072,0.62556013622513,0.6167599783276142,0.6269552564568934,0.6179631991255238,0.6149684400360685,0.6292114695340502,0.6366393150196218,0.6483729111697449,0.66535994297933,0.6901307540748701,0.7039614561027837,0.7199564980967917,0.7350826743350107,0.7601369616147053,0.7787104840150026,0.8028092922744462,0.8192969608202124,0.8457132298595713,0.8677085226240233,0.8898227663073269,0.9067123782028149,0.918918918918919,0.9299749910682387,0.9394960965223563,0.948409131763437,0.9568810636004312,0.9568500539374326,0.9585261658953365,0.9580569994622692,0.9472843450479234,0.9371193120745253,0.9278184741825978,0.9144558743909041,0.8981699583257836,0.8881685575364667,0.8660124888492418,0.8481871762814789,0.8177064551027767,0.7992551210428306,0.7880285557386052,0.7725435050096677,0.7319439453826806,0.7270431174454267,0.7007338464292107,0.6877705627705628,0.6668486171761281,0.6568999819135467,0.6277647905053048,0.6347920043219881,0.615216201423098,0.6217235188509874,0.6108838698203806,0.6212450235251539,0.6329768270944741,0.6289886425094646,0.6404208998548622,0.6440164080613519,0.6637931034482759,0.6740361775991229,0.6983057023137184,0.7193812556869882,0.7266702489700878,0.7404538904899135,0.7783225354578883,0.7863957597173145,0.8169403949068094,0.8415823367065317,0.8584197354308187,0.8788147622427254,0.8917963224893918,0.9092709270927093,0.923511200145693,0.9376451670537788,0.9511447629349198,0.9519092219020173,0.9533259830944506,0.9611859838274932
0.9595448798988622,0.9533116178067318,0.9565768047765515,0.9477088948787062,0.9396551724137931,0.9199559390490178,0.9063563115487914,0.8947838513754912,0.8833211411850768,0.8635142396560989,0.8403730115194734,0.8221865525236312,0.809608225491934,0.7788427405040823,0.7613006968018582,0.7392940333273607,0.7274034141958671,0.6971894832275612,0.6862458956585188,0.6741674167416741,0.6574040874865543,0.6431991487852456,0.6377952755905512,0.6361181130716601,0.6372211137311808,0.6238130021913806,0.6430625449317038,0.651920626251593,0.63915857605178,0.6655265526552655,0.6631199278629396,0.6637531216553693,0.6972905078054907,0.6959898843930635,0.7324372759856631,0.7497293395885962,0.7693935119887165,0.7975004528165187,0.8125779440584358,0.8209774848984075,0.8595884174103078,0.8734600492784231,0.8839285714285714,0.9057450628366248,0.9186189889025894,0.9283094976164283,0.946047678795483,0.9515690186831126,0.957577955039884,0.9561054913294798,0.9600499375780275,0.9550160656908248,0.9491276400367309,0.9459654178674352,0.9404654519213422,0.9227467811158798,0.904406538734897,0.8946529745042493,0.8677401845485797,0.8540145985401459,0.8294277929155314,0.8096519555077144,0.7840028823635381,0.7727025557368135,0.7394201332613002,0.739757748485928,0.7137700776033207,0.6940924504729609,0.6791606886657102,0.6568968675581608,0.6477964887137226,0.6370938950374866,0.6389885222381636,0.6382475913470278,0.6098599042383401,0.6314570716066975,0.6292868807838867,0.6407663650878127,0.6293103448275862,0.6517985611510791,0.6636462486408119,0.6736363636363636,0.7039497307001795,0.7158305265023932,0.7398980706224972,0.7558097962102253,0.7851063829787234,0.794429469901168,0.822097037979284,0.8431022158684774,0.8592526690391459,0.874617186092596,0.8912095895386851,0.9127803488786045,0.9294203693545438,0.9410619469026549,0.9499723093963448,0.9561229994605287,0.954375334165033,0.9611032531824611
0.9585892261800316,0.9554312522555034,0.9538821833903801,0.9481629683521281,0.9375114531794027,0.9246501614639397,0.9143581386927394,0.9044700793078587,0.877843453340498,0.8636847710330139,0.8515339663988313,0.8267786914551305,0.8066367713004484,0.7861240588024382,0.7733716131347569,0.7431920649233543,0.7276451727823299,0.7059350905504752,0.7015838732901368,0.6838487972508591,0.676597272074659,0.6583718450053324,0.6549520766773163,0.6440370303140316,0.6484530486701646,0.6298689642793035,0.6505609844372059,0.649756273695613,0.6456293072179906,0.6591116797660391,0.6727207336809926,0.6848517912347699,0.6977280795172169,0.7204475726403177,0.7213773815766474,0.7572972972972973,0.7769119246103661,0.7904593639575972,0.8187690651354746,0.8351054244007929,0.8599221789883269,0.8679245283018868,0.8944839857651246,0.9112065878983172,0.9184579854325813,0.9316881258941345,0.9376490005501559,0.9487226612755009,0.9552483172639622,0.9586021505376344,0.9559352517985612,0.9575505780346821,0.952575488454707,0.9411032028469751,0.9329943708007989,0.9235147634293845,0.9044235210516965,0.8911452616172704,0.876432664756447,0.864568345323741,0.8383492521174987,0.80842776203966,0.7908209910404096,0.7822521865889213,0.7488929889298893,0.7367468789578433,0.7226604517748297,0.6985042349972969,0.6797914419273643,0.671875,0.6582805429864254,0.6507168458781362,0.6533670337606066,0.6343455869294974,0.6378446115288221,0.6474612891609651,0.6457611668185962,0.6432644333570919,0.6577753583741608,0.6712079927338783,0.6779874213836478,0.6988677867056245,0.713410237923576,0.7278469590326656,0.7415406767458603,0.7637781000725163,0.7872042068361087,0.8033375201866141,0.8262520339902368,0.8491537895511405,0.8689731321310269,0.8805535324107793,0.8971326164874552,0.92,0.9287686361126449,0.9457530335474661,0.9439677814743478,0.956041968162084,0.9529411764705882,0.9591763652641002
0.9581769436997319,0.9537509104151493,0.9510050251256281,0.93886230728336,0.9438081603435934,0.9289497716894978,0.9231185706551164,0.9087757708447364,0.8849141824751581,0.870018281535649,0.8526543878656555,0.842391304347826,0.8060399065252561,0.7945253553254957,0.7679971489665004,0.7507153075822603,0.7314564158094207,0.7189130825985244,0.7123019405376535,0.6993273950190875,0.6825368307581746,0.6657652785289345,0.6753409906676239,0.6622432285039084,0.6515391380826737,0.6622311337951149,0.6489766346676327,0.6755050505050505,0.6593172119487909,0.6907686907686907,0.6928791447726037,0.7051771117166212,0.7189873417721518,0.7304254558455489,0.7474060822898032,0.7600438276113952,0.7740646567381039,0.8061833303200144,0.8255730659025788,0.8449738314383686,0.8693797760796161,0.8760904397365141,0.8950695322376738,0.9140949287132286,0.9174477289113194,0.934452296819788,0.9431262452454265,0.9566234701223902,0.9537551532532712,0.9542342342342343,0.9583408476104599,0.9538598047914818,0.9504529487890553,0.9462211899231732,0.937365010799136,0.9212132089016511,0.910958904109589,0.8876384423008217,0.8822687421721238,0.8638320775026911,0.8461959496442255,0.8282701929949964,0.8027743197581362,0.78330658105939,0.7564748201438849,0.7432165318957772,0.7348225544946856,0.7277589588161882,0.7081149466835351,0.6919808815719597,0.6816231676796568,0.6694419840566873,0.6634597930658922,0.6672687861271677,0.6672057502246181,0.6475040547846459,0.6619389587073609,0.6733067729083665,0.6760849492151432,0.6799717414341222,0.6947155220033143,0.7067587209302325,0.7276214833759591,0.7437455325232308,0.7569011576135352,0.7737213403880071,0.7935273910685229,0.8163120567375887,0.8206045430155607,0.8419163825587654,0.8683164739884393,0.8892280071813286,0.9063125341095143,0.9176984705025492,0.9330381848367459,0.9420028818443804,0.9485307212822796,0.9561818181818181,0.9600361663652803,0.9585755813953488
0.961798574300859,0.9591619318181818,0.953136136849608,0.950199203187251,0.9414767547857794,0.9318717158905598,0.9205666128743052,0.9053446104012957,0.8994104642593957,0.8721627020156165,0.8570407433881344,0.8444005743000718,0.8149620527647271,0.8018002117896224,0.7848436671966084,0.7638244737780949,0.7517228871962278,0.7282570110046148,0.7140303842716711,0.7044921522641169,0.7035413744740533,0.6833003062511259,0.6772046589018302,0.6736936936936937,0.6826141902870554,0.6702521601128548,0.6709926341634515,0.6706777561493541,0.6872628726287263,0.6802770689026614,0.6892430278884463,0.7122212310437109,0.7134492547906317,0.7389959985449255,0.7557883131201764,0.7814344482203541,0.8059216465065896,0.8040961709706145,0.8378954852470671,0.8422581230713378,0.8626492942453855,0.8867474302496329,0.8982506247768655,0.9157150625339858,0.9237992054893464,0.9301818181818182,0.9457559920706433,0.9505406842758376,0.9521487901769592,0.9592175678169403,0.9559884559884559,0.9541414859580519,0.9504666188083274,0.9425451942008234,0.9328847175491412,0.9231599784056146,0.9099666543164134,0.9005046863734679,0.8808526143195482,0.8674397859054416,0.8483005366726297,0.8364553314121037,0.8149803360743654,0.8082800284292821,0.7753256150506512,0.7624527962596656,0.7428416092787242,0.7368132870961854,0.7188343227199137,0.7025576819889108,0.6891125343092406,0.6833486660533579,0.6670818505338079,0.6738855802201769,0.664580265095729,0.6757150664966296,0.6743895918731064,0.6753361641896674,0.6812330009066183,0.6961614705352316,0.706031976744186,0.7178408692604277,0.7219494453537006,0.7475274231253372,0.7569706781795287,0.78557294477424,0.8013511046193171,0.8112272002833363,0.8464298528884104,0.8465091490495648,0.8698655034532897,0.8867291040819932,0.9002149767108564,0.9203316510454218,0.9367603550295858,0.9350532202778279,0.9484388938447814,0.9580990386359514,0.9610272988505747,0.9623214285714285
0.9549982212735681,0.9550382086369291,0.9493443506376864,0.945464079706345,0.9357664233576642,0.9361156873512722,0.916970802919708,0.9062894215173906,0.8944155144550189,0.8832011535688536,0.8633183856502242,0.8432618961133309,0.8292552241471691,0.8083392984967788,0.7835182826996544,0.7802948579647608,0.7637040979244278,0.7412037863904268,0.7308462238398544,0.7195100301793006,0.7102333931777379,0.6914326341983648,0.6957059551157448,0.6837192604559325,0.6819071339619285,0.68084345961401,0.6816957068439016,0.6877093986951155,0.6884635832004253,0.7037643207855974,0.709041095890411,0.7221423436376707,0.7292954264524104,0.7608306480486932,0.7706053975200583,0.7865209471766849,0.8042466008567704,0.8209035496593762,0.835134128166915,0.8481258840169731,0.8680866296760337,0.8893709327548807,0.9059628895694469,0.9129476584022038,0.9226851009641622,0.9359178615684192,0.9502902757619739,0.9536921151439299,0.959079283887468,0.9536938847649346,0.9586642599277978,0.9562386980108499,0.9566715010877448,0.9424770807118461,0.9346520664076298,0.9274629468177855,0.9153486700215672,0.9011144525030957,0.8892568064753495,0.8682613352374152,0.8484848484848485,0.8293805309734513,0.8174518201284796,0.7973512336719883,0.781934306569343,0.7768095322781433,0.7531702089658867,0.7360835885426049,0.7201166180758017,0.7059971611071683,0.6961887477313975,0.6897677793904209,0.694039258058707,0.687950937950938,0.6771809661139149,0.6758420862006519,0.6895877754086709,0.6905869720830351,0.704029561851135,0.7111391948005055,0.7136493228795439,0.731829573934837,0.7488073394495413,0.7596941561987984,0.7729895420122611,0.7853280461427542,0.8152096659559346,0.8322790529549973,0.8440714672441797,0.8583698830409356,0.8750226736803918,0.8941362359550562,0.9066031073446328,0.9232484668277272,0.9255091103965702,0.9400035606195478,0.948157514450867,0.958318165271205,0.9602577873254565,0.9576529696752198
0.9595281306715063,0.9590443686006825,0.956451900767446,0.9514752932811944,0.9405139035550862,0.9260077305356157,0.9208607504890628,0.9094502335609055,0.897535897890445,0.8819853597571862,0.8748873264827834,0.8533781393703572,0.8335137085137085,0.8120670798395917,0.797069994574064,0.7872645739910313,0.7672090112640801,0.7646848777004106,0.7393038433647571,0.7251673602315903,0.721655024180548,0.7157951289398281,0.7077633682714514,0.6923358331809036,0.6949429037520392,0.6865889212827988,0.7027455121436114,0.7067884649829841,0.7086459449803502,0.717391304347826,0.7323020928116469,0.7357635110627494,0.7450384409082782,0.761689835710417,0.7699521883045237,0.7847234732480635,0.8037077426390403,0.8245056497175142,0.851528384279476,0.8504135203164329,0.87375,0.884018759018759,0.9007246376811594,0.915671242645748,0.9310468665828695,0.9371057848260947,0.9477289113193944,0.9514301133297356,0.9561419472247498,0.9599198396793587,0.9604540461369462,0.9565295169946333,0.9598983850480857,0.9421678197622849,0.9324299909665763,0.9332975679542204,0.9086932750136687,0.9017664023071377,0.8832049871653832,0.8755885548714234,0.8507489622811767,0.8471418234442837,0.830785829886711,0.8132240242381037,0.7829870360504351,0.7787610619469026,0.7580645161290323,0.7573236889692586,0.7369878183831672,0.731081813256276,0.7210956954820349,0.7090555359037849,0.7022381378692928,0.6953785290415393,0.6919147437026598,0.700756211739287,0.7054385964912281,0.7167505391804457,0.7139745916515426,0.716331339496103,0.7371841155234657,0.7471284996410624,0.7533285354444045,0.7755286463039942,0.7810416291223644,0.7972539229671898,0.8169315949276656,0.8417570299577284,0.8515977613287598,0.8689815643458028,0.8769173905008316,0.8944839857651246,0.9100606952363436,0.9273564847625797,0.928826895565093,0.9345001804402743,0.9491768074445239,0.954885877318117,0.9555555555555556,0.9598438371444507
0.9561106155218555,0.9549909255898367,0.9508759255914755,0.9506644820680866,0.9432999088422972,0.9303085299455536,0.9247546346782988,0.9203491543917076,0.8992303561839986,0.8848319709355131,0.8687299893276414,0.8504823151125402,0.8408923303834809,0.8252271512560129,0.8024555616639178,0.7960644007155635,0.7728108903605593,0.7631389488840893,0.7585077343039126,0.7443254040312329,0.7297685268257671,0.7225140373120812,0.7194141811037685,0.7189094107299911,0.7071467940474003,0.7038454528886459,0.7150718977454287,0.7161406672678088,0.7111071236317962,0.7237177155329211,0.7366255144032922,0.7444771723122239,0.7633767172812725,0.7767094017094017,0.7801084990958409,0.8026015116892248,0.8199858256555634,0.8277787785984507,0.8515695880965342,0.8629707112970711,0.8824266284896206,0.8956024311762603,0.9035669474816276,0.9229266560113657,0.9309412188965019,0.9371894960965224,0.9432283324434952,0.9558850787766451,0.9581000541809644,0.9547692868867408,0.9601801801801801,0.9554277498202732,0.9535349854227405,0.9438202247191011,0.9358997314234557,0.9299694738732268,0.9212570621468926,0.9115853658536586,0.8946891426499909,0.8797716732072779,0.8673245614035088,0.8465817333572582,0.835407038748667,0.8107620079451066,0.80564038081552,0.7795174065205378,0.7706733345240222,0.7603719599427754,0.7532960086689543,0.7343722640518298,0.7294138798993168,0.7230190032269631,0.7203037425420358,0.7136587078651685,0.7023573870793594,0.7064902102973168,0.7178289000718907,0.7218637992831541,0.7229132864611502,0.7405464085398951,0.7510845986984815,0.759056288315066,0.7660418168709445,0.7863538681948424,0.7971173143586937,0.8135843484680694,0.8188789483293774,0.8385984023238925,0.8500088857295184,0.8815526936332305,0.8841004951402898,0.9044424297370807,0.9162640901771336,0.9257362355953905,0.9363685248252375,0.9475594266013427,0.9504843918191603,0.952191235059761,0.95432388517783,0.9605049594229035
0.9572571844307021,0.9558189655172413,0.9526521893912424,0.9489130434782609,0.9406490944952484,0.9394966981973942,0.9262749445676275,0.9205357142857142,0.9028128380815001,0.8908859840232389,0.8759305210918115,0.8565295169946333,0.8530932430023177,0.8283499446290143,0.813780598368087,0.8041051494418437,0.7842533936651583,0.782413235029671,0.7649388048956084,0.747250766179917,0.7541274631635008,0.7448669880378503,0.7331516802906448,0.7343272857912699,0.7332621082621082,0.7272397533550962,0.7298451681793914,0.7362777171937477,0.7299151471384726,0.7388756637978392,0.7537007312288211,0.7665348670021567,0.7776978417266187,0.7867992766726944,0.7901257059573693,0.8130824372759856,0.8247459440185416,0.8419840566873339,0.8565145684442002,0.8687523139577934,0.8828253330899799,0.9022936608271627,0.9124909222948439,0.9176924490170861,0.9330254041570438,0.9423765211166786,0.948639942734431,0.9536686497205696,0.9612108029726301,0.9557505942585481,0.9582433405327574,0.9568487018800358,0.9503837230055328,0.9438684304612084,0.9456149828921304,0.9372620126926564,0.9163504968383017,0.9160071942446043,0.9025283986808355,0.884091723396632,0.8738226408388129,0.8562443845462714,0.8428415697674418,0.8288111388789718,0.8045914678235719,0.7979816183096053,0.7873945052971808,0.7720854453294714,0.7641764176417641,0.746322861812239,0.7398461263195563,0.7332971211298207,0.7353102690829215,0.7320940404592674,0.7210847701149425,0.726347732952517,0.7311260687647808,0.7331798866855525,0.7288557213930348,0.7461084272678475,0.7584715212689257,0.7724561720585578,0.7781091036660235,0.7877490225283932,0.8045596617025188,0.8218980731136323,0.8425324675324676,0.8487333697831237,0.8512950552436153,0.874860956618465,0.8964044143823424,0.9007879656160458,0.9111473036554469,0.9177834118073162,0.9364784546805349,0.9400035606195478,0.9515162520428545,0.955877034358047,0.9530371713508613,0.9599281221922731
0.9562861271676301,0.9593582887700535,0.9560798548094374,0.949208083014746,0.9459215047929102,0.9381824912085879,0.9329906045027477,0.9207151887303594,0.9068234455727775,0.8975476839237058,0.8820053715308863,0.8758217677136596,0.8505135730007337,0.8363406712378203,0.8232967823117023,0.8116175156389633,0.7945500179275726,0.7790207225380524,0.7817583622738074,0.7734220463945334,0.7601589308289688,0.7490061438380918,0.7537651968789694,0.7311233885819521,0.7368141592920354,0.730561555075594,0.7417001094491061,0.7383616023096355,0.7409715857011916,0.7644436519258203,0.7638144520421364,0.7755799316669664,0.7853309481216458,0.7925260003525472,0.8136578278241918,0.8182489841152567,0.8343481375358166,0.8431894867696679,0.8671078519048471,0.8710435883523241,0.8887316469131434,0.9034251412429378,0.9193779048981051,0.9265364629994625,0.9281511855945801,0.9414233576642336,0.9491190219345559,0.962274368231047,0.9581454086234891,0.9598944591029024,0.9589956647398844,0.9574198224316,0.9503458059939706,0.9476775226908702,0.9385405596882749,0.9369158878504673,0.9219317356572259,0.911143481427531,0.9025089605734767,0.8884089272858171,0.8730129727754431,0.8676762213809266,0.8493595525888508,0.8316651501364877,0.8225574712643678,0.8054169636493229,0.8015102481121898,0.7834976268711209,0.7834497581945191,0.7549019607843137,0.7546395431834404,0.7400434467776973,0.7393675027262814,0.7360661632506292,0.7306512718744362,0.7440508628519528,0.7480765789944533,0.7435394760292283,0.7542388006425129,0.7549486803519062,0.7669971671388102,0.7796333272826285,0.787736699729486,0.8045058139534884,0.8138666666666666,0.8330281948004394,0.8462513582035495,0.8511678435632808,0.869108049311095,0.8715774598127539,0.890169247389269,0.904471179745017,0.9190647482014388,0.9275257545635279,0.9316269284712483,0.9411123227917121,0.9528081823075543,0.9524683428151954,0.9595549275874249,0.9614340032590983
0.9598553345388788,0.9594905359985848,0.9568384629393553,0.9463388370423547,0.948809100604337,0.9370591427021161,0.9298118668596237,0.917910447761194,0.9000707463742483,0.8958671719906154,0.8875248239754469,0.8721493984557371,0.8579637277787754,0.8462919734243132,0.8303393213572854,0.8242587601078167,0.8021899120445163,0.7981751824817518,0.7813294587722485,0.7814129067050153,0.7723620782003213,0.7608032992648377,0.7676749271137027,0.7566574839302111,0.7511602998928953,0.7546555776532272,0.7565602836879433,0.7681001633097442,0.7569381461998912,0.7790530846484935,0.7767727930535456,0.7868029406490945,0.7908263430305194,0.8084684684684684,0.8110790328401299,0.8285459411239964,0.8433495758888288,0.8569599414669837,0.8653204565408252,0.8814748201438849,0.8912849759401176,0.9026362038664323,0.9172364159769701,0.9227329636916473,0.9303616183315432,0.9412191582002902,0.9506502761446641,0.9530447542186353,0.9511359538406059,0.9634190510684535,0.9598422373610613,0.9584905660377359,0.9549418604651163,0.9542555130308,0.9399415845198977,0.9390591589451176,0.9257657657657657,0.9200428341959664,0.9062221429844892,0.8895750090810025,0.8780003609456777,0.8690391459074733,0.8549450549450549,0.8430702858170052,0.8337540569780022,0.8210489014883061,0.8080014614541469,0.7975482242653686,0.7818627450980392,0.7799137621272009,0.7674747832242081,0.7698072805139187,0.7613198900091659,0.7454844006568144,0.750558867362146,0.748632915858176,0.7604920405209841,0.764813126709207,0.7705240565194061,0.7733954822517031,0.7689734108117626,0.7747440273037542,0.8044483985765124,0.8045913682277319,0.8206237605913106,0.8406966086159486,0.8440744718940207,0.8614672364672364,0.8723872387238724,0.8824926900584795,0.9012631204412026,0.9042874933285893,0.9214883389709809,0.9251577998196574,0.9368440101339124,0.9492766565458117,0.9541013824884793,0.9536532170119957,0.9571098060153053,0.9597242380261248
0.9573400250941029,0.9613680666312245,0.9562199679658302,0.9547614856539341,0.9461077844311377,0.9388818982563365,0.9351165732875475,0.9325073964497042,0.9078001437814522,0.8978475009120759,0.8944979117486835,0.8804367281188473,0.8733901686921821,0.8581314878892734,0.8387442026400286,0.8475183658842501,0.81801160831305,0.8051216854340719,0.8013835791006736,0.790051336519738,0.7766560396741056,0.7832244008714597,0.7771855010660981,0.765837720094391,0.7659420289855072,0.7673758865248227,0.776130198915009,0.7752367339646239,0.7702294149030766,0.7731316725978647,0.7981991525423728,0.798646671543526,0.8020870180403255,0.8185912448207531,0.8322256152326208,0.8398109243697479,0.8452084075525472,0.8615412643468756,0.875544267053701,0.8890873370244686,0.8935518731988472,0.9096785778416233,0.9185661764705882,0.9288129560420003,0.9335408275357012,0.9440423654015887,0.9475902510536925,0.9551495016611296,0.9583035075161059,0.9572914765468151,0.9594284706297407,0.953202846975089,0.9480820695807315,0.9520807061790668,0.9396334890406036,0.9379886282871357,0.932459493901329,0.9196396396396397,0.910990990990991,0.9001779359430605,0.8823104693140794,0.8766617429837519,0.8661616161616161,0.8610088365243005,0.8436551847224701,0.8200143988480921,0.8159330665696617,0.8055456171735241,0.8,0.78777497295348,0.7823760256867642,0.7637028014616322,0.7721007167800037,0.764048927495125,0.7727272727272727,0.765658747300216,0.7690251292104794,0.7672209026128266,0.7787785984507296,0.7770423271207106,0.7941597993550699,0.8019462966300235,0.8087490961677513,0.8136623748211731,0.8249733191035219,0.850355871886121,0.8576265146115467,0.8657010014306151,0.87710407239819,0.8894317770539268,0.904074547780011,0.9168734491315137,0.9263005780346821,0.933634719710669,0.938369431237894,0.9489369434853716,0.955264593562466,0.9543719323759317,0.9563629724301626,0.9526595744680851
0.9567264168024624,0.9591836734693877,0.9534256428699874,0.9476598785280458,0.943239334779465,0.9358927259368112,0.9314139006051715,0.9253623188405797,0.9188846641318125,0.9075416968817984,0.8971541786743515,0.8793103448275862,0.8747315676449535,0.8746858168761221,0.8540355923063095,0.8453811659192825,0.830957965000902,0.81640625,0.8042568673822085,0.8097543482158867,0.7917657822506862,0.7912603828096786,0.7865887082039101,0.7793127878143818,0.785347726066183,0.7811166429587483,0.7865810135617416,0.7875582646109717,0.789370429819868,0.7872191011235955,0.7966380412936233,0.8121104185218165,0.8116126683654896,0.832038149063935,0.8349758107865974,0.8459187342682488,0.8637597249864303,0.8676785714285714,0.8811460912628227,0.8945832573408717,0.9014134907854715,0.9171939974688121,0.9177396280400573,0.9236173662403171,0.9382204610951008,0.944524236983842,0.949307075127644,0.9525008996041742,0.9531278168379305,0.9625157686069562,0.9568230277185501,0.9560699963543565,0.9541793449078217,0.9464063886424134,0.9476553980370774,0.9370854991934038,0.9315884476534296,0.9182571119913576,0.9151569506726457,0.9054174861433936,0.8889280677009873,0.8750893495353824,0.8607297687861272,0.8634119583104772,0.8512635379061372,0.8424198514761818,0.8232599118942732,0.8235940648470416,0.8065872459705676,0.7994951316263974,0.7918088737201365,0.78619315093314,0.7865842574077441,0.7911142959512719,0.7859305431878896,0.7838774393580157,0.7827567664455995,0.7908543069833393,0.7913591359135913,0.812950906211508,0.8054169636493229,0.8150733977801647,0.8191053288183925,0.8304072398190046,0.8414546757434611,0.8562091503267973,0.8557160691992153,0.868212873067242,0.8923579597023054,0.888587448001447,0.9068538096974116,0.918958031837916,0.9256391789701116,0.9306840863727092,0.9417320028510335,0.9517030095512705,0.9512416168207359,0.9552919708029197,0.9583258163449395,0.9595199713415726
0.9558399423215573,0.956490599820949,0.9531735869764039,0.9564669904659111,0.9471014492753623,0.9472066534080636,0.9388998387385773,0.9334887056292578,0.9224613195802952,0.9115658688105244,0.9025855790240349,0.8936776491540517,0.8778847901144831,0.867987966731552,0.8631578947368421,0.8517786561264822,0.8517578832910475,0.837338593974175,0.8252532561505065,0.8132323778619074,0.8126485103271797,0.8120368696909452,0.797505502567865,0.7918222222222222,0.7953571428571429,0.8019358307940491,0.8011906909615731,0.8015143320713899,0.8034816941852118,0.8109854604200323,0.810752688172043,0.8183288409703504,0.8231354091238233,0.8429899856938483,0.8474153297682709,0.8563330380868025,0.873340509508432,0.8808309037900874,0.8873922413793104,0.8956553353935648,0.9015769439912996,0.9165622202327663,0.9261900517026208,0.9341822094691535,0.9372332859174964,0.9436928702010969,0.9513122171945702,0.9532258064516129,0.9588688946015425,0.9610296746514122,0.9591617409994626,0.957196261682243,0.954183266932271,0.9520400858983536,0.9518607665247176,0.9371822803195352,0.9401013391241404,0.922791519434629,0.9164806547619048,0.904930826534232,0.9010847582276154,0.8920588769761948,0.8771803632440208,0.8699784791965567,0.860165593376265,0.8516443801951572,0.8403496254013557,0.8289117487818083,0.8195244956772334,0.8230377906976745,0.8035714285714286,0.8015759312320917,0.8008482389821132,0.7978132281770927,0.800256316367631,0.7997462848858282,0.7986011477761836,0.804028307022319,0.8094731240021288,0.8166303558460422,0.820021299254526,0.8269094766619519,0.8294447458853319,0.8351785714285714,0.8561765752936988,0.8603692417996056,0.8796840558412932,0.880201765447667,0.892675852066715,0.8974358974358975,0.911991396307582,0.9116032210834554,0.9331400616053633,0.9336587129428778,0.9382781928139452,0.9474161378059837,0.9570671378091873,0.9556881895460301,0.9593613933236574,0.9622539281199205
0.9596191147945689,0.9516599781101788,0.9581311769991016,0.9530516431924883,0.949592290585619,0.9404979860856829,0.9377690100430416,0.9334655607645149,0.9260728452939055,0.914484233030465,0.9071047957371225,0.9046598821638993,0.8875113947128532,0.875623663578047,0.869697512081618,0.8674698795180723,0.8550567874526771,0.8436834634492548,0.8421437717212366,0.8349166517297006,0.8248627589870727,0.8185461832756422,0.8147472166453732,0.8148820326678766,0.8108010801080108,0.8096960926193922,0.8258823529411765,0.8150882247029169,0.8145416227608009,0.8224147265836491,0.8220672389127325,0.8317307692307693,0.8415645277577506,0.8336964415395788,0.8517316017316018,0.8620503597122302,0.8731221719457014,0.880813439434129,0.8910071942446043,0.8980154355016539,0.9113238215640238,0.9156605113636364,0.9302745664739884,0.9390134529147982,0.9380642831347057,0.9475920679886686,0.9587440671778021,0.9548980696373804,0.9576073289024609,0.9593772369362921,0.9620696004419076,0.9578204199855177,0.9540520984081042,0.9468687237538799,0.9478150957024196,0.9416279900035701,0.9363587054782138,0.9294494922501336,0.9180761099365751,0.9091876551968783,0.904855760616377,0.8940207662012173,0.8761989342806394,0.8699856733524355,0.8658209755226014,0.8509554140127389,0.8434060977809851,0.8436764971955854,0.8380168247717916,0.8356043178198549,0.8217025940811107,0.819580166485704,0.8163887394656626,0.8127911142959513,0.8049435787211177,0.8119047619047619,0.8024888888888889,0.8198790896159317,0.8127953471464922,0.8247787610619469,0.8279341476367499,0.8383179264092804,0.8500089814981139,0.8515736766809728,0.8675291545189504,0.8701438848920864,0.8723404255319149,0.8891921397379913,0.8987475745281355,0.9049691693870149,0.9123060267051606,0.9237643625752325,0.9291084854994629,0.9426199927823891,0.9435294117647058,0.9403856359455156,0.9507561785319071,0.9559009578890295,0.9614205877050658,0.9536399855124955
0.9583183614804168,0.9565599718607105,0.9591397849462365,0.9536651583710407,0.951276102088167,0.9534383954154728,0.9443159580145881,0.9318346627991299,0.9263792473511143,0.9170154686078253,0.9158158696041555,0.9054373522458629,0.8953158268275373,0.8869143780290791,0.879951142906997,0.871859296482412,0.8698257080610022,0.8578395953757225,0.8429271835845288,0.8402218643764537,0.8338411901774512,0.8281700288184438,0.8215512565539685,0.8208901651112707,0.8280567685589519,0.8289824187533298,0.8295015633621482,0.8240014590552617,0.8307885755343991,0.8233190271816881,0.8420101229211858,0.8370146063412897,0.8508437670114317,0.853112486348744,0.867080745341615,0.8694563662374821,0.8810243642183888,0.8916528468767275,0.8987735676368296,0.9060557627419641,0.9127468581687612,0.9228395061728395,0.9384560654571327,0.9361111111111111,0.948977745612448,0.9449769258075967,0.9480354879594424,0.9507874015748031,0.9597971749366172,0.9546530686578036,0.9611809732094041,0.9570066558733585,0.9544718373222962,0.9549708634999117,0.9499548328816622,0.941733690795353,0.9381130729445336,0.9315068493150684,0.922547955121245,0.9126179035415555,0.9056773266259432,0.892285560151052,0.8913761467889908,0.8822987658869037,0.8742600896860987,0.8641204553800955,0.85,0.8424048381358947,0.8460423836261547,0.8376635011646658,0.8403257213666135,0.821871072005746,0.8197749492713522,0.8299946817940081,0.8248740100791937,0.8217082498634128,0.8268596555514841,0.8247105643994211,0.8373309287646529,0.8257439942631768,0.8390137781000725,0.8455284552845529,0.8521365993205793,0.8655826558265582,0.8695886473863841,0.8744329522772637,0.8869015356820235,0.8974955277280858,0.9092062341428053,0.9131221719457013,0.9213942735194736,0.9247292418772564,0.9340327169274538,0.9434512951477563,0.9498273041265225,0.9477426235335941,0.9510850231234436,0.9509978617248752,0.9589968881566905,0.9618629173989455
0.9607985480943738,0.9612961296129613,0.9583032490974729,0.9558613295210865,0.9523981247746124,0.9453444899412498,0.9384969868840837,0.9359649122807018,0.923469387755102,0.9208448117539026,0.917621776504298,0.9051254089422028,0.9012435991221653,0.8889484020710587,0.8837251356238698,0.8746579091406678,0.8787381473377097,0.8606616325062927,0.8564258827746908,0.8465817333572582,0.8490294751976994,0.8429384560654571,0.8433841787868038,0.8395940893715507,0.8355475763016158,0.8359797906892819,0.838150289017341,0.8387038377986966,0.8354430379746836,0.8479754157628344,0.8477797513321492,0.863156009313989,0.8643472149007204,0.8725142045454546,0.8761939088123987,0.8870443883074702,0.8886112102820422,0.8935395814376706,0.9042145593869731,0.9060061694792234,0.9224262059035278,0.9267164710067591,0.9290666666666667,0.9340028694404591,0.945464079706345,0.9518862766539092,0.9508373851971907,0.9577132486388384,0.9587083112758074,0.9550953079178885,0.9576100858761192,0.9582580411998555,0.9556320173850055,0.9494290375203915,0.9447798295454546,0.9426542872747132,0.9383220760753643,0.9355413105413105,0.9234440976684414,0.9133075648812811,0.9084051724137931,0.9011857707509882,0.8991267153805026,0.8818883503859272,0.8806890299184044,0.8744460856720827,0.8611811307166006,0.8568856885688569,0.8600545950864422,0.8619885139985642,0.8476260581523739,0.8429405326523167,0.8382879656160458,0.8337591240875912,0.8349846874437038,0.8386219401631912,0.8390279554175041,0.8423903231630259,0.8419901585565883,0.8470588235294118,0.8470566991693752,0.8642354215562376,0.859068847744023,0.8706618962432916,0.8809567281358408,0.8871258564731338,0.8902330546166163,0.9015329125338143,0.916817033561891,0.9172144252975661,0.9288912770911696,0.929354664749236,0.9362470651977606,0.9409427487809283,0.9460135859849839,0.9537103746397695,0.9551235465116279,0.9615248226950355,0.9605728429985856,0.9636622728892056
0.956350626118068,0.9566479230908761,0.9587221823402728,0.9537448852517346,0.9497167138810199,0.9518611309949893,0.94010370105489,0.9384832950327029,0.9295774647887324,0.9281738193571557,0.922550432276657,0.9148236154267958,0.9019607843137255,0.9002130681818182,0.8974593310180954,0.8878963040812752,0.881664265129683,0.8737145949846653,0.8754898468115426,0.8570385247398211,0.8564472497745717,0.8539164724861086,0.8583333333333333,0.85807268125113,0.8581623550401427,0.8555240793201133,0.8556793673616103,0.8493200362647325,0.8503852356208564,0.8463088477743176,0.8579892280071814,0.8680314384938768,0.8591448077614086,0.8757021199492662,0.8782577000182249,0.8860176991150442,0.8905214119333453,0.9065924196155919,0.9108132260947275,0.9145299145299145,0.9182709771158736,0.9252437703141928,0.935672514619883,0.9420786719595814,0.9428521495980426,0.9449919369288658,0.9478538488825825,0.9545213236595292,0.9600506146059291,0.9586157688191224,0.9549912434325745,0.9554117224020137,0.9546925566343042,0.953186187255251,0.9490942028985507,0.9462059137869612,0.9397830018083183,0.9323159784560143,0.9313618108798831,0.9259594496741491,0.9210144927536232,0.9132178669097539,0.9086495234670023,0.8989566172432729,0.88784216139353,0.8847308031774052,0.8775400107894263,0.8767221327607801,0.861384367733858,0.8597779369627507,0.8555833929849678,0.8596427927115281,0.8595890410958904,0.8440416367552046,0.8450553373795073,0.8393603489005996,0.8559812070834839,0.8485781561311356,0.8561962750716332,0.8634146341463415,0.8713068696755483,0.8652906029331885,0.8821415738411786,0.8822689975026757,0.8867959372114497,0.8946806618039495,0.8996613794332561,0.9074007865570254,0.9103202846975089,0.9138824370198321,0.9289722904244125,0.9267713659605552,0.9416651616398772,0.9442352519275596,0.9489183784766406,0.9539070939863161,0.9525839104954715,0.9613906678865508,0.9566787003610109,0.9589016511127064
0.9646890123678078,0.9577082956804627,0.9551805479949192,0.9519230769230769,0.9528710725893824,0.949554367201426,0.9451186379279116,0.9394858978936095,0.931690523645588,0.9280397022332506,0.9230093162242925,0.9165317503148048,0.9010832889362458,0.9035858031467252,0.8965642610434467,0.8954627949183304,0.888689729342176,0.8829844337090714,0.876945614356345,0.8761276891047883,0.8783808313668542,0.86670254754216,0.8613505747126436,0.8670067407542358,0.8593327321911632,0.8542435424354243,0.8560825488776249,0.8617959330574051,0.861353711790393,0.8582396000714159,0.8712660028449503,0.8787714543812105,0.8774021352313167,0.8896726351962381,0.8861340679522498,0.8900638103919781,0.8933309747036972,0.9096167751265365,0.9114015976761075,0.9145049324077457,0.9308254590836156,0.9325602140945585,0.9313761467889908,0.9470138383102695,0.9436234263820471,0.9511489053736204,0.9514421321650237,0.9581046469081596,0.9613019891500905,0.9537959775321616,0.9562821454812638,0.9571555555555555,0.950989128497594,0.9509169363538296,0.9551470588235295,0.9499192245557351,0.9403818443804035,0.9310407901957197,0.9317108608790411,0.9279180387852177,0.9129448709002094,0.9133969600565571,0.9059183306350063,0.9066947812335266,0.8998553868402025,0.8907899526756462,0.8852608537030281,0.8850846840284101,0.8700922742898498,0.8642754145638067,0.8657718120805369,0.8627765881513205,0.8664640686449767,0.8503004917137134,0.8583714547118024,0.8518254674977738,0.869573148485954,0.8595056343147947,0.8680605623648161,0.87124617874483,0.8751365125591555,0.8811934900542495,0.8869661266568483,0.8893655049151028,0.8927298645759087,0.9032786885245901,0.906203288490284,0.9106823865666309,0.9272595017275869,0.9194534340165408,0.933442444080742,0.9351069566780514,0.9366952789699571,0.9430656934306569,0.9490203193033382,0.94896099161502,0.9538024164889837,0.9586807485640171,0.9630501720702771,0.9598342939481268
0.9566303765839729,0.9586267605633803,0.9587628865979382,0.9522784355938285,0.949802087081684,0.9520947498674209,0.9467073389556792,0.9499543378995434,0.9349564599253599,0.9301736613603473,0.9279707495429617,0.9255514705882353,0.9148897723165884,0.9173449086634111,0.909341669731519,0.9014742898238044,0.8971014492753623,0.8982430453879942,0.8862429016303353,0.8832169084721476,0.8741373047584453,0.87651376146789,0.8757887146205156,0.8722371967654986,0.8744101633393829,0.869700862543586,0.8689541887205694,0.8725202057310801,0.874376336421953,0.8770121179236752,0.8817480719794345,0.8822586391164945,0.8866785079928952,0.889595477830772,0.904438081603436,0.9038670039754246,0.9142081447963801,0.9188846641318125,0.9184365518472247,0.923544122901036,0.9265536723163842,0.9353026458861906,0.9391130498000727,0.9420650435400746,0.9482727437149575,0.9503418495861821,0.9518696778970751,0.9549884813042708,0.9538097835970176,0.9611983396498827,0.9586894586894587,0.9636430407638634,0.9550742795775908,0.949653086639388,0.9551189617880317,0.9470946915351507,0.9464829067478074,0.9393939393939394,0.9371500812714466,0.934435261707989,0.9200797390358826,0.9174545454545454,0.9206120612061206,0.9099212034383954,0.9013477088948787,0.8961798574300859,0.8935326968113854,0.8891926371423364,0.8882959800782639,0.8840142095914743,0.8785289747399703,0.8817971117846318,0.8755186721991701,0.8759899208063355,0.8791149487317863,0.8692225008957363,0.8767399267399267,0.875605815831987,0.8877773735903965,0.8812129912076081,0.8910463861920173,0.8862592723419287,0.8951111111111111,0.9000179823772703,0.8964051708871967,0.9100744945015963,0.9130434782608695,0.917771408097456,0.9243027888446215,0.9279869067103109,0.9297461565963533,0.9332851202314228,0.9395298761887673,0.948180815876516,0.9468475073313783,0.9544050862851953,0.9587164232918695,0.9605286658331845,0.9549582273883037,0.9574545454545454
0.9629369401018795,0.9555318392031306,0.958370715951911,0.952448045086298,0.9503713095453722,0.9494598058963559,0.95,0.943236074270557,0.9388018433179723,0.9396367521367521,0.9299123904881101,0.926980198019802,0.9212996389891697,0.9193083573487032,0.9151146131805158,0.9065924196155919,0.9074464348436951,0.8949164720675409,0.903248839700107,0.8982777179763186,0.8880434782608696,0.8875178826895566,0.8848972296693476,0.8822258238789843,0.8813865318649575,0.8855260815381877,0.8888691638558495,0.8786565547128927,0.8880175086631407,0.8980671043034282,0.8916071428571428,0.8969219756621332,0.8972490435416287,0.9049333813467771,0.9041316401359327,0.9064475347661188,0.9166360631656262,0.9166820959081652,0.9250134867829527,0.9330632376255065,0.9338478500551268,0.9378870673952641,0.94143245693563,0.9446654611211573,0.9460819554277499,0.9519213258058642,0.9542589591211957,0.9559471365638766,0.9575554772807326,0.9610530111792283,0.9585286693112153,0.9590892920668801,0.9623051830373324,0.9555595537963296,0.9517030095512705,0.9455499276410999,0.9481174563141777,0.942005122575924,0.9364820846905537,0.938610662358643,0.9314163243436328,0.9245146071493376,0.9268115942028986,0.9162128930265238,0.9149659863945578,0.907427341227126,0.9059504431181046,0.8925040445802624,0.8946889778101128,0.8866666666666667,0.8929401251117068,0.8888284367065651,0.8842218632202478,0.8848987108655617,0.8834968465311843,0.887452194500091,0.888315517876889,0.8863011186502843,0.8834882058613295,0.8954329042496915,0.8925426774483378,0.8881484149855908,0.9026420557365182,0.9087776568734132,0.9119856887298747,0.9108527131782945,0.9179879715691635,0.9230628320205165,0.9282632146709816,0.9306822327617658,0.9362226920366455,0.9412288512911843,0.9462154942119323,0.9449937084307029,0.9502399146969966,0.9581918885117027,0.9544721276214375,0.9636363636363636,0.9601809954751132,0.9533405954974582
0.9574123989218328,0.9502310700319944,0.9560658108841078,0.9557681892038274,0.9580816401244737,0.948759732029694,0.95189556509299,0.9460043196544277,0.942,0.9416189111747851,0.933943275388838,0.9336936936936937,0.9322702024726751,0.9237150586113616,0.9166071428571428,0.9193868349864743,0.9082668600435098,0.9097975415762835,0.9013387126352467,0.8966389591615468,0.8935443265599712,0.901090909090909,0.8961440523826846,0.8946038621187511,0.8899733806566105,0.8853573397023701,0.8965267727930536,0.8988201644619235,0.9001463057790783,0.9003955411722402,0.897589269530542,0.9066303360581289,0.9052192823486771,0.9109841503870254,0.9160775783940548,0.9169214170113289,0.9235703812316716,0.927572162210023,0.9335135135135135,0.9335010783608915,0.936124911284599,0.9421024063687353,0.9366672750501917,0.9513523325467417,0.950150256319604,0.9556605487915683,0.952201933404941,0.9599006387508872,0.9592053919829727,0.956746173015308,0.9548980696373804,0.9569214131218458,0.9605007935108446,0.9509698275862069,0.9543338108882522,0.9513711151736746,0.9523723288663528,0.9445644348452124,0.940314510364546,0.9403303143313798,0.9342128408091469,0.9334421472615161,0.9229528758287046,0.9203475742215785,0.9147909967845659,0.9196221707360542,0.908472147590901,0.9028354704713744,0.9039120245177573,0.9055032585083272,0.9063791554357592,0.8930528548700725,0.8951201747997086,0.8842220598977356,0.9006916119879411,0.9023775216138329,0.8994690265486726,0.8934879571810883,0.8951555869872702,0.9014652014652015,0.9045753961189247,0.9059115924019173,0.9085288234224405,0.9144356005788712,0.916386182462356,0.9191345983330378,0.923989218328841,0.9262398557258792,0.9325704225352113,0.9320128479657388,0.9430604982206405,0.9462719298245614,0.945557723000532,0.9516158480920212,0.9493833977544635,0.9555475243946513,0.958075100255195,0.9554411503639268,0.9571838050877821,0.9600435888122049
0.9575746540422433,0.9547601744186046,0.9600988700564972,0.9616224081484176,0.9577590835868982,0.9561653599429794,0.9490582959641256,0.9495554345853747,0.9491743119266055,0.9403760071620412,0.9411974977658624,0.9380448896308663,0.9265424280803329,0.9304949053857351,0.9214641080312722,0.9184339314845025,0.9179487179487179,0.9170464904284412,0.9125269978401728,0.9112814895947426,0.9080789946140035,0.9161139989245385,0.9025547445255474,0.9033966398831264,0.9091407678244973,0.9028303587524789,0.9121346324180691,0.9114658925979681,0.899873257287706,0.9156180606957809,0.914654076629744,0.9136600251301382,0.9074600355239787,0.9143064633260711,0.9152817919075145,0.9254393751109533,0.9316770186335404,0.9352284994602375,0.9316315601570867,0.933857116754979,0.9435251798561151,0.944127097465191,0.9454907642158639,0.9427480916030534,0.9490260331330784,0.9484184040258806,0.9567733767408211,0.9553956834532374,0.9583333333333334,0.9519092219020173,0.960604425256341,0.9594471722131297,0.9518479033404407,0.9597423510466989,0.9544550876558829,0.9558240173097728,0.9512062397968438,0.9456134094151213,0.9391241141195712,0.9414767547857794,0.9353632478632479,0.9384191176470589,0.9344466157399183,0.92902767920511,0.9245960502692998,0.9154954954954955,0.9121307820917703,0.9131667552720184,0.9118014640242814,0.9133357558139535,0.8959527220630372,0.9075354932653804,0.8964889939967254,0.9044943820224719,0.9064981949458484,0.9068897988249955,0.9053030303030303,0.9072109332853803,0.9032083633741889,0.9110953058321479,0.9137304758445333,0.9188389720835645,0.9140328697850821,0.9204007285974499,0.9281295487627366,0.927038626609442,0.9304784088872962,0.9308444444444445,0.943427017225748,0.9388264669163545,0.942898445970365,0.9418064976794002,0.948653046465377,0.9503239740820735,0.952579185520362,0.9577789604399504,0.9561709150926095,0.9562228654124457,0.9628766140602583,0.9531307213474918
0.9587015329125338,0.9562534035215102,0.950199203187251,0.95963133640553,0.9583636363636364,0.9544216451788633,0.9513202802227412,0.9461867426942266,0.9520925110132159,0.9412515964240102,0.9463705308775732,0.9373528879232301,0.935858495622655,0.9402662828355524,0.9292401872524306,0.9226785714285715,0.9268380370303793,0.9318057828696127,0.9213280404186215,0.9210339943342776,0.9159648480410106,0.9131080579279613,0.9170679507758159,0.912504491555875,0.9040971718636693,0.9182649220290374,0.9104882459312839,0.9137101087537886,0.9177566744311055,0.9155005382131324,0.927279371459894,0.9274047186932849,0.9245658465991317,0.920436259610227,0.9227888730385164,0.9324447690341428,0.9286225402504472,0.9369622475856014,0.9367448471926084,0.9432244242099626,0.9398332729249728,0.9463806970509383,0.9474436896675009,0.9470672389127325,0.9561624146604384,0.9504447268106735,0.9598150782361309,0.9570215776441457,0.9612800565770863,0.9621944786354845,0.9621669626998224,0.9599361815280979,0.9608987968860581,0.9590942293644996,0.9577163247100803,0.9561226363135671,0.9503127792672028,0.9477584960231381,0.9430656934306569,0.9487317862924987,0.9366416407251419,0.9406294706723891,0.9353416605437178,0.9308722403184944,0.9250535331905781,0.9291267401916471,0.9233505246309799,0.9158996571016063,0.9241342377722243,0.9160014513788098,0.9174982181040627,0.9104504504504505,0.9129014697876974,0.9127720299678915,0.9150943396226415,0.9151405258386219,0.9139366035062865,0.910752688172043,0.9138932910723719,0.9196853274789608,0.9155362633387593,0.9260049804340093,0.9235452103849597,0.9235011563778687,0.9326605504587155,0.926979111813235,0.9293966623876765,0.9364078544406413,0.9420737243508263,0.9428051001821494,0.9444744907157022,0.9501881383264648,0.9466594827586207,0.9496546710287168,0.9484684684684684,0.9549728752260398,0.9485755240996238,0.9549745824255628,0.9601134550611594,0.9553258584442887
0.9593408561705177,0.9614969413458079,0.9594208080085807,0.9533762057877814,0.9606741573033708,0.9546955245781364,0.9551374819102749,0.9494211932324131,0.947841726618705,0.9465511014806789,0.9459459459459459,0.9428782015846693,0.9393411190517692,0.9388297872340425,0.9311959654178674,0.9307914709071197,0.9280878316559927,0.9245658465991317,0.9286095780665836,0.9223140495867769,0.9242396649062101,0.9183783783783783,0.9174941325148944,0.9167116387839539,0.9216113228089275,0.9284423563426093,0.9189139268562985,0.9186671443926908,0.9168447293447294,0.9239169351951306,0.9293673616103523,0.9251947111030611,0.9341585934696807,0.932233775546791,0.931956481652222,0.931954754330152,0.9334421472615161,0.9367400881057268,0.941358024691358,0.9493511175198269,0.9432765494744473,0.9431009957325747,0.9470316388197654,0.9494501596310748,0.9552556818181818,0.9560597875022511,0.9557685219314412,0.9592719408902505,0.9621931553485038,0.9570046578287352,0.9583639031548056,0.9553332142219045,0.9581749049429658,0.9582456140350877,0.9592760180995475,0.9533200651347928,0.9570340826686005,0.952567760342368,0.9504826599928495,0.9493555999273915,0.9425474254742547,0.9380483437779767,0.9410301953818828,0.938794209272494,0.9359560841720037,0.9348022394798627,0.9248892825509301,0.9245937557056783,0.9314739564093092,0.9263268156424581,0.9231047584584766,0.9209160851672928,0.9142342342342342,0.9298022855069835,0.9254735351389627,0.9234042553191489,0.9240641711229947,0.921718550882942,0.9272037572254336,0.928350609201673,0.9242773541408051,0.9251592356687898,0.9321357285429142,0.9282470481380564,0.9322186263933837,0.932120993878286,0.943040293040293,0.9398040961709706,0.9415992812219227,0.9424592266813268,0.945749135263062,0.948940793047257,0.9509679753935227,0.9501708940456917,0.95471766191593,0.9553730810424849,0.9580057183702645,0.9585595367354325,0.9542754275427543,0.9613718411552347
0.95863921217547,0.9585220068828111,0.9576010146765719,0.9585734870317003,0.952608376193975,0.9546908315565032,0.9521833273186575,0.9564032697547684,0.9543766578249336,0.9502105070474098,0.9543443638294107,0.9446808510638298,0.9459705293796616,0.939727463312369,0.9406657018813314,0.9334406870638755,0.9384201077199282,0.9369096417750846,0.935847726471625,0.9327628361858191,0.9302702702702703,0.9336235038084875,0.931083735047313,0.9249334516415262,0.9279926335174954,0.9185479501535128,0.9226158038147139,0.9287352266713707,0.9288551823763092,0.9276066990815776,0.930358106892208,0.9404502541757443,0.930641072075335,0.9283399351818509,0.9457917261055635,0.942851858701683,0.9500533238535371,0.9435251798561151,0.9402985074626866,0.951380231522707,0.9519177830794642,0.9488288288288288,0.9508816120906801,0.9545619116582187,0.9472826086956522,0.9613517886032716,0.9583558680367766,0.9577464788732394,0.9592270873958518,0.957690212456873,0.956474428726877,0.9578441835645678,0.9573338216443875,0.9552185548617306,0.951153568853641,0.953521630318198,0.9513181019332162,0.9491404011461319,0.9571730701445189,0.9435850773430391,0.943519188993483,0.9455259867833542,0.9422762751860592,0.9370263442800433,0.9324373410824555,0.9408884859474161,0.9390945023356091,0.9372278664731495,0.9359065155807366,0.9274973147153598,0.9257861635220126,0.9347666299154722,0.9230069166363305,0.9290676416819013,0.9303911015428776,0.9312197743148845,0.9261818181818182,0.9256140350877193,0.9266402307137708,0.9331296063275212,0.9320781277494281,0.9331536388140161,0.9301161751563897,0.9341317365269461,0.9348604151753758,0.9408116250221513,0.9413333333333334,0.9463538825240952,0.9416711397387726,0.9525684625022374,0.9513483965014577,0.9509541644373105,0.9562940220335922,0.9549033643521833,0.9537468626747938,0.9543057996485061,0.9581680490443563,0.9596629616349946,0.9590059858516234,0.9575310419290984
0.9581337590917155,0.9579785264716771,0.9583258808799857,0.9560164491328447,0.951434101706845,0.9561938958707361,0.9569583931133429,0.9539367970005356,0.9505757307351639,0.9547657512116317,0.952922077922078,0.9459949256977166,0.9444342563726389,0.9438042900195001,0.9380014587892049,0.9400888888888889,0.9439355075119091,0.9437002172338885,0.938585496866607,0.9399249061326659,0.940285361986965,0.9368949444245249,0.9360275462123958,0.9324299909665763,0.9387085005472455,0.9337676438653637,0.9423979776092453,0.9407447189402076,0.9367702532782468,0.9398768562115176,0.939261683942535,0.9414430746918057,0.9365739067582219,0.9408060453400504,0.939610505628015,0.9398301956441492,0.9451537493256609,0.9447080291970803,0.9436395759717314,0.9513399153737658,0.9485796476087738,0.9509358531709976,0.9479052823315118,0.9559852670349908,0.9503850976177682,0.9559713813979086,0.9576010146765719,0.9537069882937211,0.9564434845212383,0.9584392014519056,0.9588117368325132,0.9593424076365564,0.9604539812023408,0.9524147727272727,0.9495347172512527,0.958798754806812,0.9489942528735632,0.9530692362598144,0.9478276676967824,0.9504415209947739,0.951829380400809,0.9510414812177319,0.9406719085060757,0.9462093862815885,0.9457446808510638,0.9464054703382,0.9398916967509026,0.9381201515424861,0.9356828193832599,0.9347593582887701,0.9344616492617933,0.9382042893493275,0.9374213270994426,0.9324077457069785,0.9344827586206896,0.9327188940092166,0.9359405414970802,0.9340619307832423,0.934170403587444,0.9388818982563365,0.9373193641618497,0.9417707567964732,0.938396176314392,0.9404718693284937,0.946,0.9438162544169612,0.9452871072589383,0.9456776755098357,0.9453053783044667,0.9486319505736982,0.949100163606617,0.9517180616740089,0.9515441959531417,0.9602836879432625,0.953017708709794,0.9623674911660778,0.9561122956645345,0.9585179932636058,0.9629223744292238,0.9589311334289814
0.9614205877050658,0.9576010146765719,0.9631303090547624,0.9537275064267352,0.9577055726992194,0.9567923186344239,0.9628455714034161,0.9578462628409493,0.9534799200436126,0.9540108829208356,0.9498455387970198,0.951543431442929,0.9531553827116847,0.950199203187251,0.948815337312353,0.9448929448929448,0.9489704565801254,0.9441160666308437,0.9462346125995655,0.9374887407674293,0.9416257501363884,0.9442044636429086,0.9436670254754216,0.9424368984928273,0.9411764705882353,0.9441460794844253,0.9401186836899839,0.941641228227689,0.9416502595310542,0.9434907010014306,0.9417096143593389,0.9361241429086973,0.9374888053018091,0.9399318630087861,0.946415770609319,0.9482632541133456,0.9473206176203451,0.9454054054054054,0.9522264287001984,0.9534798534798535,0.9544805426633345,0.9512195121951219,0.9537509104151493,0.9523553644993731,0.9543203082003302,0.9577082956804627,0.9562410329985653,0.9555516203293785,0.9594982078853047,0.9595083152566883,0.9601287323440014,0.9594425585134894,0.9524666906733885,0.9565768047765515,0.9564345606999636,0.9570200573065902,0.9559273250584638,0.9561200923787528,0.95508873596523,0.9559037900874635,0.9534115920763023,0.9534024969228064,0.9519143531119579,0.9431859043509528,0.9438343834383438,0.9447941017802554,0.9466690935566072,0.9380010689470871,0.9409620991253644,0.9445617740232313,0.9435787211176787,0.9496709941312467,0.9408866995073891,0.9395900755124056,0.9418459896852214,0.9404417089065894,0.9420520999468368,0.9436344238975818,0.9425040300913488,0.9397056215641071,0.9395574743658931,0.9484611181934074,0.9433467389403742,0.9466931694976509,0.9501080691642652,0.9491555555555555,0.9470786716391405,0.9451547155827311,0.9486675013414416,0.9489832970225127,0.9562511440600403,0.9578910120311395,0.9603344005691925,0.9643636363636363,0.9557379975013386,0.9597855227882037,0.9559534467323187,0.9574739916043074,0.9543657923104564,0.9627849002849003
0.9520584566031011,0.955798138869005,0.9580010632642212,0.9568919638105375,0.9595549275874249,0.9583256838626767,0.9583333333333334,0.955256064690027,0.9586851086761272,0.9486947063089195,0.9565609228550829,0.9490203193033382,0.9529348604151754,0.9526211493424608,0.9545949872865964,0.9527063477791764,0.9507494646680942,0.9475202885482417,0.9473684210526315,0.9446038006453926,0.9481837606837606,0.9486251808972503,0.9495982468955442,0.9460810569541154,0.9443535188216039,0.9480309296889049,0.9459904796777737,0.94995499549955,0.9447830101569714,0.9551446356645917,0.9483636363636364,0.9513814137064944,0.9519719544259422,0.9487271423449265,0.953186187255251,0.9496138286134609,0.9483661310705903,0.9461661058969364,0.9523723615370738,0.9521975135703029,0.9579741379310345,0.9526637868970482,0.9585690819492608,0.960978241323503,0.9566458519179304,0.9552941176470588,0.9621048850574713,0.9537302725968436,0.9539756446991404,0.957729041386629,0.9543338108882522,0.9622334658474883,0.9555839883019558,0.9598335444183101,0.9592100406053894,0.9584607085056644,0.955689471818504,0.9554322534454984,0.9534925160370634,0.9569777777777778,0.9522608539001982,0.9561527581329562,0.9525327665603968,0.95240710232473,0.9530770619021838,0.951783821971035,0.9468503937007874,0.948943031171623,0.946491849751949,0.9431609827649432,0.9451979472140762,0.94776793782758,0.943900267141585,0.9421502313990744,0.947883315546069,0.9416543574593796,0.9434336155647631,0.9428007889546351,0.948940793047257,0.9452501812907904,0.9407665505226481,0.9458333333333333,0.9495798319327731,0.9482006543075245,0.9520947498674209,0.9493579309097486,0.9490798642129712,0.9461661058969364,0.9528319405756732,0.9533088235294118,0.9569833424858136,0.9568449682683591,0.9531476121562952,0.9549368016120169,0.9545862502243763,0.9534322820037106,0.9578356858487151,0.9605049594229035,0.9593262856118975,0.9596363636363636
0.9559066691162962,0.9498273041265225,0.9519056261343013,0.9580444444444445,0.9556623931623932,0.9560143626570916,0.9542725988700564,0.9571610092575785,0.9548885693745507,0.9531362653208363,0.9501529602303401,0.9560480147737765,0.9555755395683453,0.9497560093981565,0.9548939204849349,0.9566463633106413,0.9565614163168461,0.9513352073085032,0.9475018102824041,0.9519266055045872,0.9540412044374009,0.9473588342440802,0.9462064131768004,0.9458699472759227,0.9494010370105489,0.9520829608439121,0.9535342662360962,0.9503406238795267,0.9519300801165331,0.9483642793987621,0.9448250991705733,0.9499637418419145,0.9517440809687331,0.9479300827966881,0.9534926135327375,0.9547406082289803,0.9513155539645606,0.9510388437217705,0.956349919166517,0.9549862763037511,0.9563063859897399,0.9560580989152417,0.9560317753556253,0.9568747744496572,0.95863921217547,0.9577898550724637,0.9628438728117185,0.9623665641396779,0.9584612606104389,0.9603564284415348,0.9619893428063944,0.9607913669064748,0.9594161623353507,0.9567316288217415,0.9576437088449902,0.9600292024091988,0.95009009009009,0.9514978601997147,0.9584885577434806,0.9567548248749107,0.9546266523758485,0.9579293945491129,0.9580742583052052,0.9538904899135446,0.9513542409123307,0.9507256764020785,0.9492017416545718,0.9487994350282486,0.9491244239631337,0.9500089589679269,0.950172758683397,0.949713672154617,0.9474055771267208,0.9523295556754812,0.9509136510211393,0.9476544104328926,0.949696753478416,0.947856745221748,0.9516916953139135,0.9520818377602297,0.9477853799063738,0.9514632405424697,0.9506502761446641,0.9444949954504095,0.9499821364773133,0.9480660976938442,0.9524318546231961,0.9537327188940092,0.9550230414746543,0.9542025862068966,0.9540505628344713,0.9531334171305441,0.9603260869565218,0.9562580408013233,0.955648841029385,0.9530913012221424,0.9570868945868946,0.9554526015680684,0.956746173015308,0.9595581685373241
0.9643954455087655,0.9578450236137834,0.9593806921675774,0.9640223061701745,0.9599287622439893,0.9612719843666726,0.9550856343935686,0.9618402282453637,0.9562454611474219,0.9561605091037653,0.9581981981981982,0.9589138978206503,0.9548387096774194,0.9589411129119395,0.9505730659025788,0.9574887892376681,0.9572327044025157,0.9536541889483066,0.9523637022278573,0.9527742862273298,0.9510439164866811,0.9516567083107007,0.954865499187579,0.9543560949103423,0.9572005878030859,0.9543354655294953,0.954041487839771,0.9501540692405293,0.95622161671208,0.9515521263233447,0.9532490974729242,0.9537906137184116,0.9535094066570188,0.9544967880085653,0.9567202337472608,0.956983441324694,0.9543878854223682,0.9521343096981604,0.9518906444168294,0.956344998232591,0.9551593733117234,0.9500552893475857,0.9571045576407506,0.9618117229129662,0.9563279857397504,0.9594423320659062,0.9572710951526032,0.9565770348837209,0.9602933285637631,0.9537136706135629,0.9566082082806002,0.9591320072332731,0.958673191952148,0.959493670886076,0.9613821138211383,0.9607913669064748,0.9544002838892832,0.9572573463935886,0.9538324420677362,0.9594129371262909,0.9599425184120711,0.9595521849042976,0.9576361694553222,0.9604468046145395,0.9526049204052098,0.9515633471895897,0.9558479005226167,0.958107620079451,0.9536887452880991,0.9506479673353453,0.9507589128132722,0.9556938850238008,0.9543834640057021,0.9525287566185868,0.9520129403306974,0.9496480779642664,0.9593076781439882,0.9507328271234328,0.9551800146950772,0.9547756242360748,0.9512957176989524,0.9527345164795364,0.9535917496443812,0.9570815450643777,0.9537448852517346,0.9572327044025157,0.9539078156312625,0.9543304221251819,0.9573138060367923,0.9551374819102749,0.9555991440798859,0.9598100109609061,0.9561483646994335,0.9605358435916003,0.9627831715210357,0.9599422591122339,0.9565689467969598,0.9571914741178578,0.9596178114296016,0.9595417114214106
0.9589706676264171,0.9551681195516812,0.9529348604151754,0.9606569211333694,0.9592760180995475,0.9627094217258152,0.9590030702546505,0.9562398703403565,0.9587887475362838,0.9544326241134752,0.9584365051291122,0.9594521535411786,0.9559243397573162,0.9527098831030818,0.9581749049429658,0.9568449682683591,0.9601238164603059,0.9548791405550582,0.9601972525537161,0.955173032096109,0.9553214674900109,0.9564676616915423,0.954586089755051,0.9517896274653032,0.955215729109776,0.9589585969987344,0.9510658016682113,0.9548940832724616,0.9529474431818182,0.9550109729334308,0.9556702866298736,0.9575661932316325,0.9548804601833543,0.9486667875929621,0.9578697793178916,0.9574200503054258,0.9583559659605287,0.9600142806140664,0.9533824044865055,0.9622372639828999,0.9604264546440188,0.9570127504553734,0.9571963616907437,0.959143268538517,0.9581040298242499,0.9561139621305964,0.9616204690831557,0.9557088400798693,0.9561306901615272,0.9641858839972047,0.9559278819887088,0.9624396351278841,0.9572463768115942,0.9544800287873336,0.9568181818181818,0.9579785264716771,0.9605191995673337,0.9547265483520464,0.9566957787481805,0.9595941293712629,0.9587554269175108,0.9530685920577617,0.9535346230338094,0.9542693819221151,0.9552292912814936,0.955054118510365,0.9522451888809693,0.9544312881234303,0.9587231700605393,0.9570011025358324,0.9534550662370211,0.958228755826461,0.9593288345796097,0.9533011272141707,0.9551908537709755,0.9573705892889127,0.9588117368325132,0.9564983888292159,0.9582490343939672,0.9548980696373804,0.9581597536678138,0.9522784355938285,0.9591577418769287,0.9602612955906369,0.9575601690244351,0.952604072805911,0.956438736549809,0.9555236728837877,0.9537983929875822,0.9573812114617337,0.9487179487179487,0.9556107954545454,0.9598254862752227,0.9595775673707211,0.961034231609614,0.9606700655498908,0.9539103610959898,0.958273381294964,0.9569446946496127,0.9550719550719551
0.9584002856632744,0.9572113611213574,0.9600433917917194,0.9585575888051668,0.9602179836512261,0.9594403117251151,0.962043533009534,0.9548980696373804,0.9567538707955152,0.9601848560255954,0.9643307512159971,0.9579694323144105,0.9621592539454806,0.9616147053523157,0.9560007154355213,0.9539855072463768,0.9564752051373528,0.9549615525448554,0.9569565993927487,0.9614833393049086,0.9570200573065902,0.9575639204545454,0.9571325648414986,0.9554545454545454,0.9564032697547684,0.9582596391934913,0.9563420768954366,0.9547332495060176,0.9560597875022511,0.9568332437757479,0.953927625772286,0.9533612679905266,0.9578378378378378,0.9522590085970367,0.9558354026250443,0.9583554846712742,0.9601962922573609,0.9582661651441877,0.962254120148857,0.9608687847783163,0.9584387423202024,0.9626985543458861,0.9562488793258024,0.9607277967933706,0.9578378378378378,0.9584750313227134,0.9592572561745087,0.9629493763756419,0.9586232149395826,0.9584912470673164,0.9612138624528641,0.9561514767167966,0.9606551539967955,0.9571093890791134,0.95695067264574,0.9569325822278757,0.9558399423215573,0.9600997506234414,0.9550317316409791,0.9579081632653061,0.9536665450565487,0.9563636363636364,0.9541317801237714,0.9540761836952653,0.9551446356645917,0.9574817518248175,0.9535211267605633,0.9608056614044638,0.9579481602320101,0.9537989532575347,0.9588469905728789,0.9606256742179072,0.9599006387508872,0.9552374048568322,0.9542215888849306,0.95708076783774,0.956428187197418,0.9567375886524823,0.9570868945868946,0.9567912488605287,0.9601962922573609,0.9523029310030948,0.9560878243512974,0.9613561793656581,0.9587683595823748,0.9627796112944628,0.9563334536268495,0.95875,0.9604561338973698,0.9608122550765942,0.9537531127712557,0.9593408561705177,0.9566780514111091,0.9593466424682395,0.961019767227046,0.9596510359869138,0.9596396396396396,0.960777322160813,0.9607097591888466,0.958007634975459
0.9585370269780916,0.9559928443649374,0.9603317706455102,0.9583484244838827,0.9607168718320058,0.9523895727733527,0.9590075512405609,0.9569968276348255,0.9583408802753124,0.9574123989218328,0.9564186725018234,0.959165317503148,0.959599636032757,0.95837023914969,0.9569815379100197,0.9574352472378193,0.951695064113824,0.9541711421410669,0.9554162936436884,0.9588967009194159,0.9550235763511062,0.9601287323440014,0.9602732338666188,0.9530213706705969,0.9547007010605788,0.9563435495367071,0.9533861037818822,0.9558613295210865,0.9542039355992844,0.9537477148080439,0.9601011012818198,0.9550823192555477,0.952054794520548,0.9577515216612961,0.956506045840101,0.9532828282828283,0.9561634227599509,0.9596614442643616,0.954852860537379,0.959479015918958,0.9613319011815252,0.9574084100342899,0.9598254862752227,0.9631560028756291,0.9585464808608221,0.9590747330960854,0.9554837551606534,0.9567091790910723,0.9600073381031003,0.9581254454739844,0.9543470352855584,0.9603708416651517,0.9556465977912362,0.9537340619307833,0.9581337590917155,0.9603146228101538,0.9627822944896116,0.9633946457840102,0.9610901918594227,0.9566702624955052,0.9547347456092703,0.956290921960715,0.9608837377761681,0.9550091074681238,0.9590852242272646,0.9559748427672956,0.9575379125780553,0.9556473334530436,0.9508904479222882,0.9607592626391678,0.9633822748982841,0.958160504959423,0.9522091974752029,0.9584987369180801,0.9580686149936467,0.9565689467969598,0.9513726897541719,0.9538102084831057,0.9593646102696712,0.9579322638146167,0.9521810549370323,0.9525691699604744,0.9599006387508872,0.9547479066452877,0.9546833184656557,0.9570226773957571,0.9565373563218391,0.9561387740427827,0.9605004468275246,0.9554411503639268,0.9540497049883784,0.9595344673231871,0.9612084376117268,0.9546855174913903,0.9604750088621057,0.9591471062533596,0.9557650471356055,0.9589016511127064,0.9613857813063876,0.9616204690831557
