0.9556702866298736,0.9568864435825741,0.9552520442088238,0.9561427403977117,0.9553724993210827,0.9572750362844702,0.9531638819765375,0.956318112221922,0.9578651685393258,0.9569960331770645,0.9568106312292359,0.9548346055979644,0.9542630773386153,0.9579205671180587,0.956195809248555,0.9592711682743837,0.9581533477321814,0.9556261343012704,0.9597758293410468,0.9576710126808359,0.9577705744642535,0.955951519536903,0.9560849853320296,0.9566366038079621,0.9529811388218468,0.9539473684210527,0.95581935023206,0.9607180945609669,0.9570113504334614,0.9588818755635707,0.9590876176683563,0.9562241037650874,0.9602165087956698,0.9521829521829522,0.9588573481854115,0.9557408595253367,0.9558040948859025,0.9549655672345052,0.9500358166189111,0.953255277629945,0.9569825436408977,0.957664364516997,0.9533852280955829,0.956427409148436,0.9551408577068007,0.9555695179965892,0.9528132302714363,0.958183776022972,0.9544482082367624,0.9581996434937612,0.955775517617145,0.9548538858228536,0.9528894472361809,0.9563600072582108,0.9593256622959593,0.9538281179547299,0.954382183908046,0.9535514187601662,0.958205728697532,0.9591115140525839,0.9545291479820628,0.9541060619748848,0.9576965065502183,0.9553022077452045,0.9505376344086022,0.9561688311688312,0.9545821015855953,0.9549132947976878,0.9564013222549808,0.9576392620454952,0.9613179211795758,0.9577907498877414,0.9500317402738733,0.9558704088078693,0.9542401719351661,0.9564669904659111,0.9580005384546352,0.9584310189359784,0.9590909090909091,0.9550711743772242,0.9572092192245846,0.9545253863134657,0.9575042765823355,0.9571815718157182,0.9574315222272115,0.9548234005658484,0.9549377668756246,0.9531152509136287,0.9506017603736303,0.9564315352697096,0.9552402745995423,0.9563837504533914,0.9526442522072595,0.9544593741545676,0.9562539059012588,0.9552619589977221,0.9545413384044191,0.9537398891211488,0.9533902110462505,0.9584868361937281
0.9547738693467337,0.9514756472931378,0.955279835758279,0.9533559820034891,0.953810623556582,0.9544543632719985,0.9555756207674944,0.9556619668351511,0.9536068407168198,0.9544441472764554,0.9535643025575912,0.9561099981788381,0.9574082464884458,0.957072994022822,0.9544358080943447,0.9567572447413559,0.9572772055530676,0.9562782294489611,0.9561083962683252,0.9587463166354139,0.9550422034651266,0.9590471092077087,0.9556712132089017,0.9565768047765515,0.9616010119262739,0.9596256684491978,0.9527927927927928,0.9570590888588182,0.9567455300704353,0.9571659482758621,0.9576111360574764,0.9563274981765135,0.9558541266794626,0.9564868479714668,0.9583108715184186,0.9556017723121439,0.9545086757169828,0.9519084651828015,0.9543572200216061,0.9578871591829389,0.957843137254902,0.9532861113601722,0.9520984593589517,0.9521937271021357,0.9544585117041625,0.95225993828281,0.9544875295831058,0.9545167972620012,0.9539912788110706,0.9547022914270548,0.955923360618872,0.9545001359557691,0.9514711158952278,0.9534674811354653,0.9523421956954241,0.9562426543712141,0.9564030217529808,0.9584310189359784,0.956889568895689,0.9543970988213962,0.9540968764146672,0.9499597891162541,0.9554066130473637,0.9557025092852613,0.9557728536826052,0.9574714693295292,0.9559270516717325,0.9622675411014284,0.9550247859396125,0.9562207838906868,0.9557649170031404,0.9570228734810579,0.9603401969561325,0.9598751671868034,0.9563275877467179,0.9538206286293668,0.9610821499191083,0.957577955039884,0.9539556676878717,0.9566278124152887,0.9570590888588182,0.9559475350520127,0.9555635513178016,0.9548398704569989,0.9571067364999097,0.9534841954022989,0.9557393438153231,0.9537807525325616,0.9551427276846398,0.9543216630196937,0.9563334536268495,0.9545495053916763,0.9522125498730504,0.9554151624548737,0.9551373528362469,0.9567945500179276,0.9546841349605169,0.9542278753135077,0.9558598324475273,0.9528531506355359
0.9524364027230383,0.9519900053542745,0.949092236109844,0.9521790129026437,0.9492572042240917,0.9498519781107024,0.9525625110835254,0.9521890948160086,0.950850324993322,0.9537879470317989,0.9545209903121636,0.9546424759871932,0.9508552810209069,0.9529641462548811,0.9510477039679002,0.954895292643637,0.9510982554460815,0.9561442763805603,0.9562669071235347,0.9549476345250993,0.956169561695617,0.9546477098893188,0.9567045352893819,0.9572880136678357,0.9531024531024531,0.9562017591096751,0.9548825158581257,0.9536717158295686,0.9533801660432443,0.9521224526119071,0.9550928021729289,0.9525008996041742,0.9527893121502076,0.9521872740419378,0.9550009109127345,0.9516762583356171,0.9551380023374989,0.9519111111111112,0.9497975708502024,0.9542359030236993,0.9528140477262494,0.9500726216412491,0.9504630045850939,0.9544138929088278,0.9520331800559012,0.9506014140115692,0.953862660944206,0.9528956137980726,0.9555575752067618,0.947114525638735,0.9521872740419378,0.9531586503948313,0.9515232974910395,0.9548485940879596,0.9536101083032491,0.9515335777519449,0.9510621134713633,0.9565101860053145,0.9541110710421926,0.9539808774908408,0.952354874041621,0.9555279943302623,0.9535339149011928,0.9562954321098448,0.9553627336971107,0.9505981188932517,0.95532182668105,0.9519978546527219,0.9533154121863799,0.9532584269662921,0.954119432294921,0.955952380952381,0.9540157195771976,0.9551299589603283,0.9568613204976841,0.9542166549047283,0.9540601166442351,0.9537929779879935,0.9543736501079914,0.9533133895385731,0.9540577716643741,0.954250720461095,0.9543312794490757,0.9558956710740808,0.9545414029770924,0.9535280898876405,0.9532904861048248,0.9537780987632031,0.9530412275836568,0.9514126327154939,0.9504228900485874,0.9542571249888323,0.9570452911574406,0.9539962409379755,0.9529601144696834,0.9520348837209303,0.9517918864835365,0.9522138228941684,0.9552145036797702,0.9508256214843042
0.9439285714285715,0.9470379470379471,0.9427432505888748,0.946269462694627,0.9480251346499102,0.9445848375451263,0.9500764594764775,0.948354702770555,0.9498694986949869,0.9506071395964576,0.9526231263383298,0.9462011222944687,0.9482189090259798,0.9508626140366724,0.9457820738137083,0.9493219129193433,0.9499954706042214,0.9534945758491908,0.9555873925501432,0.9499549143372408,0.9479100839577503,0.9535811423390752,0.9525042406927953,0.9533799533799534,0.9516157989228007,0.9489232959601352,0.9546399204843228,0.9539079946404645,0.9527342676559495,0.9500983723841889,0.9517066085693536,0.9519842336289528,0.9532979393503105,0.9496764917325665,0.9490074667637953,0.950419183268728,0.950433926813993,0.9491768074445239,0.9532121648371423,0.9497745716862038,0.9487552244230419,0.9489346399352693,0.9482276540092,0.9461810274531123,0.9468200761007429,0.9491910561716052,0.9437426156502772,0.943578188373141,0.9467073389556792,0.9447308909995478,0.9458277554663097,0.9442238267148014,0.948260320894177,0.9466558353642025,0.9462961308194084,0.9461094308496013,0.945242613174302,0.9490245437382001,0.9507411023342505,0.9483618233618234,0.9524405506883604,0.9520816252163615,0.9533766349319335,0.9513038850452368,0.9531727485169872,0.9510299963859776,0.9493877551020408,0.9521198830409356,0.9521883706299991,0.95317055393586,0.9541045446380456,0.951956195354588,0.9526396812460383,0.95473436935309,0.9526002166847237,0.9513068385248836,0.9551322560259998,0.9536752754199025,0.9551690128216623,0.9495842450765865,0.9531473533619457,0.9490110687715478,0.9550763701707098,0.9512731269463272,0.9508554787040407,0.9521012200632626,0.9504124739370864,0.946855544527655,0.9512606534090909,0.9481501485282203,0.9497242065286192,0.9482261840446605,0.9469977426636569,0.9478892419428052,0.9499954950896478,0.9440508628519527,0.9484284682080925,0.9469258589511754,0.9524834140218755,0.9509103891467333
0.9449078742322853,0.9406171510584859,0.9384974000358616,0.9412082957619478,0.9391720896601591,0.9445678244647775,0.9418479237821319,0.9429223744292238,0.9453061224489796,0.9428469049538655,0.9428701180744777,0.9487549621075424,0.9472965592572364,0.9468104222821204,0.9447508816348675,0.9447913838356412,0.94695885509839,0.9482115227086557,0.9482249843512475,0.9482789855072464,0.9445044072674942,0.9522606262972656,0.9547302792084575,0.9507603186097031,0.95,0.9473922902494331,0.9493352497305066,0.95225993828281,0.9488372093023256,0.9487987042202826,0.951519536903039,0.9487600291757841,0.9441962250387527,0.945749795881339,0.9435491131718736,0.9490491567994259,0.9473495380751636,0.9450759297990361,0.9411924857065069,0.9418971263850103,0.9441044104410441,0.9410766895812874,0.9409256462645466,0.9402415201562777,0.9400089007565643,0.9406445837063563,0.9424626006904487,0.9452554744525548,0.9406421440777049,0.9434896067668497,0.9432242777727149,0.9385060589618376,0.9415673068171475,0.9419240953221536,0.9422385914480776,0.9422214247263593,0.9393639066582575,0.9408844765342961,0.9454123112659698,0.9412988422575976,0.9446372941700044,0.9449092203631185,0.9453236130867709,0.9458487001888999,0.9462713387241689,0.9466297157160737,0.9468162083936325,0.9482197722754383,0.9473779059289962,0.9487040058002537,0.949494044953882,0.9517500671381255,0.9508952794357026,0.9488024218680438,0.9485148514851485,0.9467819575681939,0.950394689630427,0.9481387784604265,0.9485420240137221,0.9462307484463659,0.9454545454545454,0.946614701350494,0.945657096277511,0.9475524475524476,0.949290060851927,0.9458087902129587,0.9442382467302934,0.9450063211125158,0.9473874852847958,0.9451968786438245,0.938808230159437,0.943571686529433,0.9421244768943103,0.9426889995473064,0.9433844507845934,0.9423823715343629,0.9392325056433408,0.9453517014870906,0.9406832575149406,0.9420171867933061
0.9323741007194245,0.9350174060519504,0.933005366726297,0.9333513708513709,0.9362300435413643,0.9316308974010685,0.9343984291324527,0.9326517801094072,0.9366606170598911,0.9330308529945553,0.9409951962294933,0.934940855323021,0.9382516603841321,0.9387847505206919,0.9344378488526623,0.9388809693513899,0.9447493926032574,0.9464888888888889,0.940021613832853,0.9427388133609436,0.9437347105191628,0.9462452728254998,0.9422869471413161,0.9451680480918117,0.9481388913683835,0.944313867293437,0.9437646211984884,0.9460366406675131,0.9440610243370868,0.9469122426868906,0.9444742489270386,0.9448133524766691,0.9436965617609605,0.9398725657363367,0.9404634581105169,0.9450705475197444,0.9405869720830351,0.9407460289130822,0.9364482635159327,0.9371454711802378,0.9398359161349134,0.9363097376931369,0.9389326489069829,0.9328534985422741,0.9355042395814541,0.9376936012036463,0.9277569926955282,0.9325992363022823,0.9311685962373372,0.9303820387470577,0.9351927069230075,0.9322369012312394,0.9362446197991392,0.9368914532996755,0.9364566505115778,0.9328609388839681,0.9382749085719383,0.9392020265991133,0.9349266022198353,0.936050156739812,0.9361259386591876,0.9380729822038468,0.9389285061254342,0.9370920957215374,0.9413039552104028,0.936249545289196,0.9421502474134054,0.947168788946085,0.945583666222814,0.9455266955266955,0.946369710467706,0.9445441493180187,0.9425751458052939,0.9470923396943113,0.9488054607508533,0.9444903202128636,0.9462876614060258,0.9451225024862128,0.9475939648245693,0.9396962343848297,0.942168237853517,0.9460039334882889,0.9449277962149072,0.9431674208144797,0.9409650462754965,0.9399533966660691,0.9372422449345527,0.9374498081556171,0.9416296564850902,0.9379677215760527,0.9387810383747178,0.9344160454384096,0.9352680589458457,0.9351801557124751,0.9324787867846182,0.9317381489841986,0.9330353069975367,0.9318284833650621,0.9316543561448786,0.9304434569692572
0.9259689230219682,0.9246466431095406,0.9256622814921608,0.9238866396761134,0.9183970856102004,0.9216038838442866,0.9232084983795463,0.9244653009656169,0.9239502613083439,0.9312534010520588,0.9236955131134058,0.9345135940746093,0.9297253634894992,0.9335070536436337,0.9318119580100411,0.9352666546956365,0.9344158773116824,0.9363734679163662,0.9339879978177851,0.9389545291800931,0.9389292440139898,0.9443033381712627,0.9417701169956239,0.9400921658986175,0.940286335628851,0.9439435865393199,0.9397709854837255,0.942030325443787,0.9395486297689414,0.9391885786572693,0.9390913180386865,0.9412192902638763,0.9357962697274032,0.9344686162624821,0.9343304717231613,0.9365281440392834,0.9415268002165674,0.9295940558173251,0.9283698916901792,0.9312873438348723,0.9285905084142106,0.9281458425967096,0.9226887727518471,0.9260595130748422,0.9240978092900646,0.9255654681445435,0.9237107921318448,0.9234423533710945,0.9190956142740397,0.919992888256734,0.9233134382347622,0.9230285611640021,0.9221460984073316,0.927889809146561,0.9221994474645754,0.9243520468907409,0.92959927140255,0.9233924908588246,0.9247028939490157,0.9246636771300448,0.929826141789028,0.9285198555956679,0.9316482734069064,0.9278359826589595,0.9338261810313739,0.9375737228926595,0.9384338433843384,0.935469354693547,0.9347075917181257,0.9385744985673352,0.9384145794056917,0.9345584939489019,0.9416795560003639,0.9447318268445413,0.9400725294650952,0.9423798463462569,0.9381051488553072,0.9401832225615233,0.9413285777975925,0.9371474617244158,0.9371438907479425,0.9363309352517986,0.9375721516739188,0.9365193221554738,0.933671620152229,0.9328459247224479,0.9330087458299522,0.9309344693193148,0.9315080552865569,0.9229245452908338,0.9308543603364321,0.926093241778099,0.9259458009122619,0.9230076542098155,0.922463768115942,0.9265302442982061,0.9242668097281831,0.9261026102610261,0.92380183091007,0.9221782890007189
0.9141577060931899,0.9127745405647691,0.9156376746282109,0.9119746949841844,0.914918414918415,0.9188722146430196,0.9156963624875891,0.9134113411341134,0.914189312420208,0.9199749081458912,0.9218932781427157,0.9255746078073696,0.92252886002886,0.9181084198385236,0.9286220961163327,0.9222372575552549,0.9267455514407009,0.9242890780655678,0.9301607483425666,0.9341952741863575,0.930394641564084,0.9352989352989353,0.9373689488558665,0.9330771979985704,0.9354128440366972,0.9354000537586238,0.9356751824817519,0.9345642139560141,0.9330811492389445,0.9308859168835831,0.9342981443665098,0.9357582338038364,0.9297078651685393,0.9283328820290639,0.9286873422286333,0.9254079254079254,0.9259892086330935,0.9210948644793152,0.9251097375257548,0.922282120395328,0.9175146330481765,0.914519056261343,0.9175839170381151,0.9155170859255252,0.9106145251396648,0.9141604010025063,0.9136151949593645,0.9101274914706411,0.9116620424237,0.9109933536913958,0.9110234101713158,0.9135389346115583,0.9057926017918921,0.9165441176470588,0.9151088232637948,0.913940845849074,0.914574211419891,0.912751677852349,0.9222988094172411,0.9164327750113174,0.9200324558240173,0.9246823956442831,0.9228766385347459,0.9280412744388125,0.9269941415051826,0.9245317330423714,0.9300415237407474,0.9316177793773619,0.9336184620867861,0.9343059160476148,0.9322571869048699,0.9320275467310616,0.9333748443337484,0.9347632609469562,0.9356211517566099,0.935254389914453,0.9326177160382464,0.9323645496950126,0.9338835396607061,0.933752808988764,0.9340689156190648,0.9279019466474405,0.9250909090909091,0.9331361477099579,0.9291955679668499,0.9221281958948505,0.9240664641772378,0.9223477943857091,0.9251961320926838,0.9197336452803023,0.9176976869284562,0.9142908213423898,0.9128251939753537,0.9121682614190287,0.913194762384397,0.9070146818923328,0.9120007132667618,0.9109952350984447,0.9127371273712737,0.9138240574506283
0.8963002970564408,0.8964931114689568,0.8960130778312596,0.8999545661063153,0.9020820074552232,0.9003461468391328,0.8994383525006686,0.9009146341463414,0.9071662680485428,0.9066425666516041,0.9101652745690422,0.9133972156933646,0.9121217611886211,0.9181396179253705,0.916522056808841,0.9173328488372093,0.9166968162083936,0.9211272760545338,0.9237318515863058,0.9218270445928868,0.92310443490701,0.9219065077910175,0.927885909050139,0.9328767123287671,0.9279883910756394,0.9270652670013693,0.924284560868395,0.9270112850382235,0.9288508779910836,0.9261137269105396,0.9241795888928958,0.9220530586197465,0.9169286035024697,0.9204403078575264,0.9147732375392905,0.917292552710162,0.9176043557168784,0.9114715476621964,0.9118240146654445,0.9129273504273504,0.9083091962346126,0.9039466570553253,0.9081970143917046,0.90613750899928,0.8976547758109443,0.9041464728056005,0.89352856109906,0.8900153887933375,0.899096520261204,0.9046459179070816,0.8944658944658944,0.9002972169683869,0.8993949245913483,0.8973691299272695,0.9023217848721204,0.8996604717655469,0.9030401151286203,0.898306627822287,0.8994685163498783,0.9094268204758471,0.9141350964974982,0.9117647058823529,0.9139746243138667,0.9177699720796181,0.9158500404567114,0.9180268734782216,0.9191648822269807,0.9184861717612809,0.9218196676654863,0.925236988016455,0.9255855059655325,0.9293507422643534,0.9318099710982659,0.9298541963015647,0.9258096348793398,0.9311600801311236,0.9273692736927369,0.9269593033588057,0.9268447261204165,0.9272336230845057,0.9285585260115607,0.9212822796081923,0.9246123685617537,0.9156725252709225,0.9239739649249683,0.9125211355343953,0.9134408602150538,0.9150926425616118,0.9134503966485427,0.9053270277505131,0.9069369369369369,0.904941938968404,0.9032,0.9033191643302885,0.9023050603277508,0.898282219624067,0.9000978560626279,0.896746944644141,0.8979116249887963,0.8954177897574124
0.8842982613371572,0.8829277119334118,0.8807478976561102,0.8826185101580135,0.8890897586549761,0.8872419750841138,0.8965300251708018,0.8914342629482072,0.8913063185567945,0.8867313915857605,0.8964894865084378,0.9029195137101783,0.9012156686177397,0.9009161255892555,0.9009412819363514,0.9053446104012957,0.9072341191290264,0.9145174519274583,0.9128623188405797,0.9153805215540181,0.9174623003479968,0.9228833363293187,0.9254035834663829,0.9168386112855477,0.9153396311291048,0.9197860962566845,0.9277291406110416,0.9197938330771317,0.9184157693009674,0.91651865008881,0.9187342682488313,0.9197502940378178,0.919191011235955,0.9125737630503858,0.9076798851605957,0.9098558768239191,0.9065700045310376,0.9024280978406953,0.9035024372630439,0.8993631715848955,0.8925312306192965,0.8901580919309148,0.8910187185025198,0.8888788344946159,0.8911440793665241,0.8826971552034569,0.8808785758568771,0.8820632219933733,0.8834668608885652,0.8792765502494654,0.8840086052348513,0.8865171575249933,0.8784734752796824,0.8849959154034673,0.888678905687545,0.877993262314486,0.8943592502914537,0.8911268855368234,0.8905872888173774,0.8980718747171178,0.8978692798705386,0.8981128651787335,0.8984989278055754,0.9091984350832499,0.9043676069153777,0.9089772219740956,0.9086050724637681,0.9110548675766067,0.9174245835209365,0.9165250067102084,0.9145368128418976,0.9181850983222082,0.9214337436640115,0.9191837468536498,0.9218860580325549,0.9237713139418254,0.9238398544131028,0.9207433725061492,0.9240677355431454,0.915004492362983,0.9095018533586475,0.916495306213679,0.9101193657580616,0.9070732587513533,0.9099628992851325,0.910360884749709,0.9056941092339322,0.9029574025504206,0.895370786516854,0.9015301530153015,0.8946947480671821,0.8966565349544073,0.891814436682787,0.8883621075230342,0.885729661853081,0.886128739800544,0.8845232815964523,0.8834795059960623,0.8798897581792319,0.882554883006595
0.8675591253904507,0.8683812405446294,0.867565636720843,0.87003835518687,0.8702188222736168,0.8695262024407753,0.8700625558534406,0.8692774907080048,0.8763288447909284,0.8816713803485083,0.8763305069456973,0.8888182973316391,0.888142973782092,0.8888390051180749,0.8876384262177005,0.8959067497966928,0.8964896489648965,0.9036491101923423,0.9103466714196595,0.9016466797923751,0.9088277858176556,0.9114118177717636,0.9129931427553656,0.912061902594447,0.911131221719457,0.9100389951936156,0.9080397470641373,0.9091073691834148,0.9064579960424537,0.9094298445030463,0.9132808304993736,0.9088481395762863,0.9022848369908787,0.9002659574468085,0.9003143242029636,0.8942667031264242,0.8935553946415641,0.8914347086726931,0.8848654506050208,0.8894559373006471,0.8822001254143151,0.8769713261648745,0.8732253367309792,0.8757311257086295,0.8752034725990233,0.8697418306553529,0.879546485260771,0.8724650743578188,0.8616023096355107,0.8652224096599485,0.8700691886063437,0.8661809134529945,0.8711422490244768,0.8723984367899664,0.8728851490466386,0.8787988422575976,0.8709472921572179,0.8766227871084884,0.873137657239718,0.8786607142857142,0.8806740962217994,0.8869878433138226,0.8932579226142383,0.8919800634345265,0.9013541386422742,0.8988843633787852,0.9011850501367366,0.906051098162259,0.9065781207933231,0.9076373380973649,0.9081332023926435,0.9136034343976388,0.9096254749411977,0.9115770282588879,0.9135545709376978,0.9117647058823529,0.9139114160948222,0.9116086682852261,0.9149221685453569,0.9047661870503597,0.9027715085311907,0.9012514844249566,0.9004235378931242,0.9042398985323428,0.8974358974358975,0.9007911248522324,0.8858793788371253,0.8857346902338868,0.8858923008455719,0.8790366721401204,0.8842719154364862,0.880265876223839,0.8700036010082823,0.8742482230727173,0.8682640144665461,0.8729306487695749,0.8678597252349964,0.8623116484706307,0.8686429154201795,0.8637903369584596
0.8467289719626169,0.8555703506435863,0.8490031014621179,0.8537584609903812,0.8510312528145546,0.856975697569757,0.8531803397181063,0.8580869875859605,0.8659960481408299,0.8636607622114868,0.8706543055803173,0.8686859526616487,0.8751254218735748,0.8740687550489185,0.8815444434397324,0.8880705582833243,0.8879248011569053,0.893515603921216,0.8922221209081791,0.8947085683588504,0.8964741860046771,0.9047059886189143,0.9015680232031179,0.9075539568345323,0.9038096099900461,0.9065688204761052,0.9006452753469459,0.9036780772032047,0.8996027446731673,0.9062220632934025,0.8964650995872959,0.8979980070658574,0.8923020661912598,0.8900207337960876,0.8875487439920196,0.8880201312123663,0.8779960353216796,0.8813922356091031,0.8743320270751692,0.8696977849520222,0.8623539982030548,0.8646936374332519,0.8614484531513164,0.8616955170883267,0.8539124192390524,0.8557285572855728,0.8533597549990992,0.8555404794210765,0.8469699694299586,0.8490429758035392,0.8463981128651787,0.8460648148148148,0.8462856112513524,0.856244949268205,0.8474040632054176,0.8540178974961584,0.8581782390837509,0.8637172868079046,0.8596349973161568,0.8711700412112524,0.866505722460658,0.8736605132823053,0.8783068783068783,0.8793338793338793,0.8857883910204811,0.8881074168797954,0.8878260084829889,0.8956113418818855,0.8939161784587653,0.8970049172999554,0.8986827859978347,0.9051426494639288,0.8986977997305793,0.90138298833951,0.9057866184448463,0.9053128059090505,0.8989172878949236,0.9041883875606687,0.9029379956741168,0.8973691299272695,0.8937774984286612,0.8953010541361444,0.8888392458225359,0.886478798115388,0.8798120368696909,0.8838856105310939,0.8778093752866709,0.8715562853493888,0.8715308863025962,0.8696473551637279,0.8655913978494624,0.8611704019921737,0.8617301919403256,0.8606131229831481,0.8502092795440378,0.849375,0.8495927601809955,0.8513829022988506,0.845939383038043,0.8460641922180384
0.8322761870242842,0.8286703727330721,0.8304686086484531,0.8307637145930441,0.8319921316165951,0.8364751510778389,0.8475725522104692,0.8379842114925647,0.8419000354484225,0.8548872866660582,0.853813749215739,0.8517460033937662,0.858142037302726,0.8581317989750966,0.8693490054249547,0.8696121659317916,0.875917036500317,0.8856726743127616,0.8836714804642509,0.8896115627822945,0.8870375347128908,0.889168765743073,0.8916008614501076,0.8954038375725123,0.8971137212054994,0.8958520380678757,0.8877329473493758,0.8934676983984164,0.8921700223713647,0.8899801766083979,0.8830728003573024,0.8847946924870002,0.8787365039707326,0.8826480336827018,0.8724970817994073,0.8668957410254091,0.8672280953234187,0.8639510835356533,0.8609283461018477,0.8523623832411354,0.8493298551767563,0.8473679408813064,0.8431726002703921,0.8380104335312106,0.83832709113608,0.8300735689933608,0.8291314031180401,0.8307664595154463,0.8307637145930441,0.8328984072707639,0.8284674771497027,0.8329747175901022,0.8274316450022412,0.8316698138656595,0.8330177621494905,0.8385098743267505,0.8380326672141619,0.8416943372520865,0.843573414656023,0.8453153153153153,0.8540791707622196,0.8606897797038642,0.859672901418632,0.8652404461510331,0.8698108132341074,0.874331073849447,0.8769327017606577,0.8856710033862056,0.8823423585499686,0.8903913316020418,0.893753385087561,0.8958671719906154,0.8899267399267399,0.8893697592642683,0.8948026433291659,0.8921732992146828,0.8922567954220315,0.8938115954896564,0.889490302210194,0.890728476821192,0.8848037033739874,0.879100529100529,0.8779342723004695,0.8748760479581719,0.8719368306407697,0.8733172862619238,0.8631340579710145,0.8575792973312966,0.8597297297297297,0.8555002263467633,0.8470873786407767,0.8492576737407779,0.8402264219848443,0.8347219706574895,0.8401720121841963,0.8344005691924582,0.8297513321492007,0.8287671232876712,0.8276848788339444,0.8209197475202885
0.8084507042253521,0.8114584271687235,0.8101379994588257,0.811427544694996,0.8121047877145439,0.8195918367346938,0.8134503982621288,0.827645670720639,0.8246285662200347,0.8310858765081618,0.8412513445679455,0.8418604651162791,0.8463072043497961,0.8485013130489903,0.8556812062466344,0.8561381643372207,0.8610403783193888,0.8694915254237288,0.8728851490466386,0.8761607142857143,0.8744177714080975,0.8780729401170644,0.8850386539336061,0.8828680897646415,0.8824058257664299,0.8816653178670982,0.8866827654055988,0.8859601936525013,0.8836629253518617,0.8765049252097774,0.8718320057929037,0.8730244739456335,0.8725865209471767,0.8604630132031109,0.8582782639757099,0.8581560283687943,0.8493457608890482,0.8422178641469068,0.8388478716616534,0.8355809591854961,0.834742296154895,0.8258852912318259,0.8210988617011742,0.8131546245339961,0.8153624233681933,0.8101818181818182,0.8103618568734848,0.8052536231884058,0.8160940490294359,0.8046381519581303,0.8106339101587017,0.8128212063835543,0.8113377055071422,0.8130344765505446,0.8163849387353547,0.8147677793904209,0.8251988430947216,0.8263801474554936,0.8262128892107169,0.8340368208352044,0.837523826813107,0.8337634599982202,0.8445100143061517,0.8524782923299565,0.855127509495388,0.8691104238675641,0.8677884615384616,0.8729426659432086,0.8722036047459469,0.8776946374487796,0.8800143910775319,0.8806396855177343,0.890401081568274,0.8807959109163929,0.8876690672756016,0.8829246544806063,0.881216457960644,0.8788391346924241,0.8781477723457246,0.8821371039914087,0.877267394639473,0.8646076494882384,0.8713640469738031,0.8615832045805689,0.861676973444889,0.8510909090909091,0.8484793953572072,0.8481877866714632,0.8405395747721994,0.8366345467523197,0.8374898712523634,0.8320108205590622,0.8283154121863799,0.8157174151150055,0.8104956268221575,0.8091609977324263,0.8104569341765387,0.8134194474345174,0.8099972882581579,0.814965617082881
0.7901088929219601,0.7873682313721957,0.7863001351960343,0.7905924920850294,0.7951634572324228,0.7975931958016649,0.7965137283236994,0.8084453667779482,0.8073377914332188,0.8136912751677853,0.8141968070713448,0.8228465083303793,0.8279960083461853,0.8321470402738985,0.8418528906179318,0.8480243161094225,0.8437528110101646,0.852440308988764,0.8581081081081081,0.8649033751892421,0.8675070282035005,0.8670828809265292,0.8734279554437657,0.8701158717326866,0.8704136690647482,0.8717625899280576,0.874318924809299,0.8660909090909091,0.8682688832670763,0.8639505274645326,0.8687160940325497,0.8630298629390941,0.8568064486912418,0.8492938496583143,0.8448275862068966,0.8405434393993565,0.8378427787934186,0.8259779786948348,0.8287965616045845,0.8199583823396362,0.8103324991061852,0.8133954154727794,0.8012618296529969,0.8013915243516762,0.8014705882352942,0.7968582649053909,0.7947145305312528,0.7901797692514086,0.7924562353365818,0.7869764976144195,0.786294280360489,0.7900279002790028,0.7853102351069472,0.7917153383053285,0.7913020182175389,0.798110661268556,0.8010999909836805,0.803800304741418,0.8065628869626746,0.8163560702008322,0.8232844468585914,0.829443447037702,0.8256872465074357,0.839780001803264,0.8423781850692892,0.8427067398542247,0.8495858936681806,0.8549033579763071,0.860151335582095,0.866397487662629,0.8695884553714591,0.8724850219082536,0.8679960299557882,0.8799292661361627,0.8741145880032278,0.8732521425349572,0.8695729855279614,0.8717832136037101,0.8694947311537422,0.8641202254226675,0.8654459324041177,0.8557299700571636,0.8532741599492799,0.8534630280104476,0.8419018515189646,0.8394383943839439,0.8336472065285625,0.8235667059143194,0.8204158790170132,0.8213225371120108,0.8119219851661936,0.8040816326530612,0.7983292472532462,0.8016385980883022,0.7884632636583834,0.796242774566474,0.7877649584115911,0.7867145421903052,0.7885350318471338,0.7865494505494506
0.7687050678973995,0.7600036376864314,0.7657348963029756,0.7637759710930443,0.7691480784735286,0.7756612801299991,0.7766832354270221,0.7802327695944717,0.780799415951816,0.7862820398320979,0.7985476062399139,0.8062511259232571,0.8178029967195674,0.8075423805638655,0.8200233037554898,0.8295055390435018,0.8332147937411095,0.8360496014171833,0.8436217744141515,0.8503853308530428,0.8516221802821965,0.8567280646039379,0.8536389582590082,0.8635410015506705,0.8634321653189577,0.8567591763652641,0.8611308677098151,0.8544830079537238,0.8589824403421882,0.8581432932303825,0.8485594456601021,0.8440442453606363,0.8356684443640965,0.8376681614349776,0.834036063514847,0.8263300270513977,0.8174696082845565,0.816319226983985,0.803430563199413,0.8012295081967213,0.7991620609734356,0.794727783313706,0.7770837051579511,0.7815225290697675,0.7779100650242696,0.772026332401479,0.7732641374373658,0.7695009908124663,0.7638396509408235,0.7683697418306553,0.768343625136215,0.7602155365963179,0.7695972671700827,0.7689397351589947,0.7774507180447775,0.7714490417338349,0.7853132519383299,0.7875371990260619,0.791892379920549,0.7972358610656483,0.8005623072737167,0.8090119143599391,0.8140940193726117,0.821576390138564,0.8314155739898315,0.8250995294969237,0.8381255686988172,0.8421147926851349,0.8486559139784946,0.8526914739884393,0.8491379310344828,0.8530890804597702,0.8583783783783784,0.8615202764138934,0.8617878815324699,0.8575578756241489,0.8619692863595303,0.8542458808618505,0.8569375841939829,0.8493917058875766,0.8468241847093703,0.850936128280928,0.8432553956834532,0.8343072911984177,0.8323003682744993,0.82060617092928,0.8158558558558558,0.8071325907294287,0.8088261891843009,0.801241118805648,0.7911733046286329,0.7914496137955811,0.7829961678994742,0.7870962016329428,0.7712306585102555,0.7673045966732248,0.7667207499549306,0.7610389610389611,0.7684852835606605,0.7656765676567657
0.7451122375090514,0.7422606833794273,0.7383731370084395,0.7422114172519358,0.7359747861323728,0.7453484129879606,0.759450480380713,0.765959367945824,0.7618154203520057,0.7715085311907556,0.7750088683930472,0.7807151178421006,0.7950633026687313,0.7988583854308235,0.8051060769507371,0.8122708165638136,0.8143772893772894,0.8239417632785118,0.8326199393615124,0.8426844668951831,0.8413736713000818,0.8468574533598986,0.8503626757410226,0.8462991276193902,0.850429281518301,0.8472714065195678,0.8477770763820002,0.8474256447120136,0.8432604735883424,0.8430327128140249,0.8373880799493534,0.8340482573726542,0.8319312528267753,0.8186318631863186,0.8100335661798058,0.8084329652277084,0.8008764721993974,0.7964217945242613,0.79104340644214,0.7764790505304802,0.7711864406779662,0.7692238348508068,0.7637951210730038,0.7625808770668584,0.7565509112340194,0.7486393323657474,0.7523042505592841,0.7403622019006635,0.7417988464311464,0.7308630817894262,0.749519890260631,0.7375290541748615,0.7402960823253295,0.7438218520865393,0.7457297105938578,0.7556544645290217,0.7665815203030036,0.7627957182693172,0.7773609077598829,0.7813504823151125,0.7793216930249566,0.7924171469740634,0.7968342476841442,0.7967943493615866,0.8094983515993941,0.8172435270041819,0.8167171087769272,0.8286176232821342,0.8336724763337167,0.8388819654619903,0.8453570779574777,0.8448715613044271,0.8492439831797441,0.8502649779933531,0.8511560693641619,0.8465711998576892,0.8510657352677772,0.8390117731002498,0.845400646784046,0.8405129594509166,0.8357978771659258,0.8315457413249211,0.8292484399023243,0.8179112554112554,0.8075386012715713,0.8054530729775938,0.7996715927750411,0.7912823295351782,0.7837377988716755,0.7732041969330105,0.7769050198627664,0.7598814229249012,0.7591976252586129,0.751207297442318,0.748853107852838,0.7460417986067132,0.7435920741683331,0.7357213750789497,0.7404410457051396,0.7397950008991189
0.7169335972647112,0.7190601948820691,0.7138193688792165,0.7131650135256988,0.7185742789769636,0.7219399126326113,0.7354586626409733,0.7351614649106982,0.744564723005549,0.7460761320584521,0.7572009029345372,0.7668733710793565,0.777947794779478,0.7844663709604417,0.7882870744633073,0.79813692683368,0.8007130124777183,0.8121228257011005,0.8144292893036612,0.8188941323123498,0.829844578205013,0.8282630029440629,0.8330203022985422,0.8390877129721446,0.8308240534521159,0.8423330027945551,0.8331247765462996,0.8329278183292782,0.8205790645879733,0.8271716532586098,0.8280997667324601,0.8242522815577844,0.8121064939737362,0.8100680272108843,0.8046623794212219,0.792930648769575,0.7805907172995781,0.7816945513107274,0.7729320598306001,0.7570169125584743,0.7659992849481587,0.7476377250846853,0.7419037394882806,0.7362368706990221,0.734207925240363,0.7296113847837986,0.7251498613223584,0.7258035714285714,0.7132639203259393,0.7126972740315638,0.7159276018099547,0.7176,0.718388225791977,0.7145924666726313,0.7186962426437302,0.7206987057652277,0.7331757002546381,0.7515249372084679,0.7383958740885648,0.7545608258431966,0.7604259889028101,0.7677109291562834,0.7721182003727038,0.7845582382594852,0.7911449827617493,0.7995776716856409,0.806474755627298,0.8152367390530438,0.8127849717308043,0.8234345606019887,0.8284162895927601,0.8377662005301161,0.8375730337078652,0.8417375727720555,0.838160591747616,0.8315134013175706,0.8298867110231972,0.8291875447387258,0.8280192376202351,0.8213251267197683,0.8173733381243262,0.8220980533525595,0.8079638009049773,0.8057795090134976,0.7963922128951598,0.7841369986480397,0.7813224024238103,0.7763396089790007,0.7640965591785264,0.7602501116569897,0.7518254674977738,0.7463697104677061,0.7378544338089218,0.7312612612612612,0.7251424952501583,0.7182859187690106,0.7211328976034859,0.7153756395296652,0.7144136880766819,0.7143502212589181
0.6847679741495377,0.6876678002505817,0.686829532137384,0.6959772160911356,0.6976744186046512,0.6984343710176588,0.7064489496376479,0.7140911567096423,0.7241067390321122,0.7350588658218747,0.7349791250680704,0.7441631630736202,0.7460101559666305,0.7584264475020778,0.7603171742656335,0.7782283500045057,0.7872779472456487,0.7988625078992507,0.7999278043497879,0.8123551435193439,0.8084216148847146,0.8166263549225119,0.8203182150694952,0.8205986074690298,0.8263716814159292,0.8258976182012087,0.8248331108144192,0.8202247191011236,0.8165717900063251,0.8163482896490448,0.8079213280404186,0.8105055575475081,0.7946364932287955,0.7931501897704681,0.7791498881431768,0.776958359564709,0.772651080723423,0.7582516413346524,0.7438858078007091,0.7424939139843116,0.7375867351536451,0.7236830297047474,0.7160880458124552,0.6969052052850936,0.7016878779673256,0.6979715843088196,0.6994860697863132,0.6945066762254682,0.6911845227231247,0.6882873224336639,0.6905511103119661,0.6913244492793038,0.6957471997085876,0.696820420958352,0.7013789398280802,0.7072031614873361,0.7184690698709391,0.7209113100081367,0.7265118790496761,0.7372111840330846,0.7456092703240992,0.7461718609259593,0.7587903078885043,0.7622691292875989,0.7651175309528082,0.7802921024161558,0.7935171919770774,0.7920558628820169,0.8050161812297735,0.8132911392405063,0.8139180342570173,0.8216845878136201,0.8177578475336322,0.8230962643678161,0.8228285584356526,0.8293031141251004,0.8245566413318857,0.8277307177886759,0.8141750511975782,0.8097202295552367,0.8054425458819275,0.8021028245567139,0.7952519556121521,0.78260084829889,0.7778487947406866,0.77092866756393,0.7588325652841782,0.7549431869016731,0.7468902109248242,0.7298000179356111,0.7320548436239807,0.7193389906208129,0.7111661214746706,0.70850128252107,0.6987092697896922,0.6920169201692017,0.7022532188841202,0.6899231731284616,0.6915587315765966,0.6887339250135845
0.6755014976853952,0.6631418585894794,0.6654627539503386,0.670530700959971,0.6791917759659695,0.6751959636003243,0.6797707531118474,0.682767273053141,0.6987703078718248,0.7048442283450387,0.709838900518795,0.7249006861682918,0.7402468690873052,0.7444976925807597,0.7419880499728408,0.7589720468890893,0.7648007165248545,0.7810677433826828,0.7876356341752531,0.7800451467268623,0.7966362238900443,0.8027916964924839,0.8076331735552139,0.8104720419592852,0.8042603766684951,0.8056302671687287,0.8134789224022196,0.8046339704291381,0.8052252252252252,0.8014309689956718,0.7926225820962663,0.7889298229849941,0.7838781907747425,0.775229767109842,0.7657393850658858,0.7593510590356016,0.7498435404559678,0.7275732666190136,0.7243468040864298,0.7209614010007148,0.7144639515194724,0.7009134484941666,0.6944221329763498,0.6797757807634132,0.6764600821575282,0.6777909847307305,0.6684224866043048,0.6703179267966871,0.6674870112113754,0.6623831775700935,0.6593456254519161,0.6679107874374146,0.6689989235737352,0.6759200651053441,0.6776566515997519,0.6729785515570313,0.6829443447037702,0.6894856622667274,0.694616698121686,0.7053855235673417,0.71092821216278,0.7317310241230008,0.7412382138409536,0.7497078126404747,0.747457627118644,0.7692101261293497,0.771945866861741,0.7835827583116767,0.7846872424214671,0.8001980911219161,0.802528216704289,0.8077782744747429,0.8044144144144144,0.8096270206809356,0.8141688393419042,0.8146846846846847,0.810633321338611,0.8053679021362059,0.8057675244010648,0.7939288334556126,0.7925017895490336,0.7862993968854082,0.7816388197653751,0.7704442429737081,0.7593950504124656,0.7509516041326808,0.746603077476829,0.7324234533536859,0.7234525322200036,0.7133133678192214,0.7085137085137085,0.6934169278996866,0.6903769481696267,0.6817811566657616,0.6808643628895437,0.670895122386993,0.6694899981978735,0.6715048975957257,0.6661888550438989,0.6627715902866532
0.6350371497627786,0.6420174100332047,0.6399286987522281,0.6416836870615398,0.644136078782453,0.6557748008689356,0.6615069833644693,0.6654545454545454,0.677682948974033,0.6923076923076923,0.6960642715291568,0.6993481560853647,0.7104910115374296,0.7225186766275347,0.733405288720993,0.7384124087591241,0.7455578605574096,0.7625886365676331,0.7672576725767257,0.7770780856423174,0.7759040490576247,0.7884185089053969,0.7933612985591829,0.7938780989886333,0.7984684684684684,0.793748330216404,0.7903357903357904,0.7968582649053909,0.7875022673680392,0.7872795296632816,0.7827560930914422,0.7726691042047532,0.7651135223853378,0.7523414985590778,0.7534495279593318,0.7304075235109718,0.7308887507768801,0.7213529890567062,0.7087508947745168,0.6908469084690847,0.6885349172066235,0.6791274438812455,0.6723320511673674,0.6573583550327736,0.6554492962829304,0.6468146543945136,0.6499553969669938,0.6386927394531957,0.6365508595988538,0.6327969625745796,0.6355467697007817,0.6352721451440768,0.6397420972508283,0.6467108800860369,0.6501798561151079,0.6598456291509603,0.6612278013161453,0.6727653377025304,0.6732540463203076,0.686829532137384,0.7001703577512777,0.7134561292078758,0.7175330556058686,0.7288546057942417,0.7403329997270494,0.748995087092452,0.7521618971204422,0.7626486774365347,0.7659631311781993,0.7848343826991514,0.7792866195908021,0.7854447439353099,0.7947176684881603,0.8031083481349911,0.7943198263386396,0.8017115804806992,0.7927758357981536,0.7945007235890015,0.7778565729988476,0.7837399837940038,0.7730257158489878,0.7711758398856325,0.7607043890229731,0.7546491779714312,0.7433477166486875,0.731033866499866,0.7330001784758166,0.7115540723369712,0.7055258467023173,0.6921831429342449,0.6798777747820617,0.6728034998177178,0.6740446291444575,0.6518265864823625,0.6510849909584087,0.6467033462613873,0.6381305369734225,0.6324923957774199,0.638359121986326,0.6446393057313324
0.6115916183682568,0.6060414788097385,0.6140492170022371,0.6206551410373067,0.6130861308613086,0.6217635343110628,0.6253892002490882,0.6399570738687176,0.6515219137730965,0.657409066475542,0.6722317480371808,0.6777787761703657,0.6928410625844215,0.701688036159026,0.7168236877523553,0.7315277651549578,0.7323336625662207,0.7458647968356706,0.7520488071389546,0.7600398875895205,0.7721063982746226,0.7671623185824948,0.7838663312971613,0.7850666666666667,0.7839400234847801,0.7880599678743531,0.7811402323696298,0.7791543226501482,0.7778770550393138,0.7702040452641896,0.7603629247464864,0.7545068928950159,0.7479346429227097,0.7356383936610841,0.7199643493761141,0.720360824742268,0.7122847711660273,0.6989247311827957,0.6927538818490094,0.6772590094088408,0.6561747659384752,0.6586599241466498,0.6437595197562942,0.6455108359133127,0.6385273667320378,0.6233824185631415,0.6181916232248786,0.6156646834206554,0.6110759207311556,0.6050165134339016,0.6097713469096105,0.6040827289820038,0.6054287255078196,0.6101510902017552,0.6269522534582775,0.6265714027313014,0.6359617466618549,0.6413023925166397,0.6552431950022312,0.6633448088421815,0.6661258337840275,0.675603953147877,0.6945843828715366,0.7116987897803676,0.7202466047176554,0.7236089679586094,0.7458145814581458,0.7503169715631226,0.7533944954128441,0.7625305900480377,0.7648424247835015,0.7808441558441559,0.7816185810197787,0.7851389265996923,0.7826403420980802,0.7810954222502023,0.7816958277254374,0.7810035842293906,0.7699416778824585,0.7677431125706988,0.7513337553124152,0.7598621565248934,0.7429548933105249,0.7393824141990402,0.7276441216522923,0.7054470892395471,0.7086276262852034,0.6891463745813343,0.6867682014261819,0.6752082578775805,0.6547597461468722,0.6533697632058287,0.6319790064247579,0.6339447875045405,0.6251577998196574,0.6248317933076164,0.609009009009009,0.6168316831683168,0.608010801080108,0.60644408544247
0.5794967880085653,0.5830734966592428,0.5839005354387875,0.5885974304068522,0.5980339588918677,0.5854203935599285,0.6035929235819807,0.6136921538321666,0.6232956064521878,0.6418484090096532,0.6509084494619862,0.6547305280378078,0.6712586098935505,0.6813862998823635,0.7011504583857631,0.7030774736088746,0.7138074556641332,0.7303258600344922,0.7350411876527564,0.7488040436862533,0.7462713714077847,0.7522753897449761,0.7697600724309642,0.763882618510158,0.7623451247979889,0.7688113413304253,0.7692791659176703,0.7683717579250721,0.7590525456030492,0.7583024160709438,0.7430530815817599,0.7394670507742168,0.7322467986030268,0.7227122872672191,0.7135290421043181,0.7103304284676834,0.6825511215205837,0.6752399927549357,0.6684065934065934,0.6555920760415741,0.6392210144927536,0.623272403031654,0.6266630708378281,0.605308765848764,0.6012779552715655,0.5988351254480286,0.5879646337062432,0.5939295977011494,0.5797714388553946,0.5849479727305347,0.5759691346683814,0.5852678571428571,0.5791150764748726,0.5925993272115647,0.5921526277897768,0.6038378766140603,0.6161046987185314,0.6124784306602489,0.6257886785746023,0.6442146203482719,0.6473481799481263,0.659678858162355,0.6713069693208016,0.6917971860897266,0.7062444246208742,0.7038843561546648,0.716913090515687,0.7329908984410201,0.7437528396183553,0.7498205312275664,0.7536543807730248,0.7611141353656323,0.7640329874966747,0.7687032418952618,0.7730386336651749,0.7707165109034267,0.7633039206767943,0.7641030292037003,0.7514487504527345,0.7541879096868171,0.7522969162194123,0.7453197069729584,0.7171130276895143,0.7144763769018596,0.7024262176353431,0.6941553242594075,0.6800579080709374,0.6700443318556049,0.6568564920273349,0.6415929203539823,0.62627644055434,0.6235198409111452,0.6150665228335132,0.610659852149311,0.5916263796406093,0.5852237620266573,0.5849477725203107,0.5776760057471264,0.5896141363144609,0.580397470641373
0.5560188542422045,0.5490266762797404,0.553639846743295,0.5642317380352645,0.5682106024968337,0.578842496150711,0.5782773564463706,0.5918533974417128,0.6002122766672563,0.6086009798584648,0.6222341664427126,0.6443604964921749,0.6522991091514443,0.6684424379232505,0.6777828259881872,0.6874943810123169,0.6974274466721596,0.7096890167175984,0.7197139025480555,0.7290764790764791,0.7326795033291345,0.7461573442473852,0.7480557062759993,0.7524752475247525,0.7547372184483375,0.7523706312652397,0.7513004484304933,0.7493947816730925,0.7443881245474294,0.7369610413088674,0.7232904044984582,0.7192542129795626,0.7170015316695197,0.6927439683111272,0.6912337956667574,0.6817493542353256,0.6661880832735104,0.6617315157533629,0.6419174626058749,0.629765856284202,0.6083619288423334,0.6038961038961039,0.5909702899201149,0.5922416875223454,0.5777916629474248,0.5630799428979301,0.561132211973232,0.5513335769090245,0.5540600766556734,0.5402309218834566,0.5460819032053028,0.5476592342542418,0.5555354722096701,0.562704664129569,0.5718761188686001,0.5778662564473803,0.5844412504491556,0.598426604684427,0.608035232788064,0.6136983889426886,0.6207555757851616,0.6415127999286415,0.65559186637618,0.6622885930190716,0.6761037778789258,0.6950112359550562,0.6907594597012255,0.7143375022657241,0.7192159028161237,0.7318313953488372,0.740378577195658,0.739862143048966,0.7508350636453913,0.7517897598550068,0.7576847024986518,0.7522969162194123,0.7510426110607434,0.7479409901348538,0.7531207903008532,0.7337477797513321,0.7308685968819599,0.7182305386501953,0.7065905645233211,0.6987477638640429,0.6857426099495314,0.6744820065430752,0.6547117367524433,0.6520953757225434,0.63997113997114,0.6197818050671716,0.6072448251249107,0.602083894727387,0.583295792413731,0.5890534682080925,0.5677701436602124,0.5751913151806372,0.5666012838801712,0.5563597846235325,0.551941049604601,0.547713717693837
0.5231278518385971,0.52552419711581,0.5249296158387068,0.5298841135140068,0.5410805483379626,0.5412704109097434,0.5478167693544066,0.5596718947178655,0.5720079307858688,0.5822506861848125,0.599148256587703,0.6173723819022577,0.6276471118320267,0.6337308347529813,0.6502445209201232,0.6711849192100539,0.6824973319103522,0.6975002256114069,0.7029568677095578,0.711728899791042,0.7271992092730704,0.7266300809227049,0.7319606249435564,0.7373297002724796,0.7397710126919322,0.7391654727793696,0.7407241038541011,0.7374944271065538,0.7324238290131878,0.7324209957684343,0.7212968736082658,0.7039841355687759,0.695956244956514,0.6825142450142451,0.6742929201945596,0.6661832683766881,0.6489599142933666,0.6242208370436332,0.618896351424941,0.6019356005788712,0.5988293561458803,0.5842917000980654,0.5726285036063179,0.5559408651213725,0.541794271302468,0.5366423882744358,0.5327479616521817,0.5235985533453887,0.5265981224854717,0.5219341526868215,0.5218700194793696,0.5248405354415596,0.5271143831926737,0.5328400475015986,0.5408008561491127,0.5419675090252708,0.5616014558689718,0.5722553807198408,0.5780632411067194,0.5834762979683973,0.6077995913653726,0.6094932763380533,0.6236036036036036,0.6465087281795511,0.6638347343945626,0.6627154189842254,0.686867774566474,0.6876062639821029,0.7054333999636562,0.7192122697159452,0.7272891784292436,0.7310582058477415,0.7382020455768886,0.7333880229696472,0.7366391678622669,0.7368421052631579,0.7432312076950481,0.7366051328230527,0.7315927364712259,0.7173233270794246,0.7109816225907665,0.6986486486486486,0.6877420516977394,0.6850251979841613,0.6622552087990701,0.655410866636731,0.6428636737679436,0.6331461175002229,0.6174029451137885,0.6001446785423636,0.586561689183144,0.5784082668600435,0.5619030616799072,0.546810791495444,0.541022375841368,0.5415960766830138,0.533092876465284,0.5207763805358119,0.5242001640689089,0.5174284189934198
0.49877861214150004,0.4990234375,0.4961462627711059,0.49256654500133534,0.5058463752473467,0.511362623652081,0.5161523843996019,0.5347034433026862,0.5461088618983356,0.564042514862187,0.5739084226374989,0.6023449386914884,0.6032087478712915,0.6175596578117964,0.6340654415060512,0.6461469534050179,0.6581034793582117,0.6787195671776375,0.6841776667855869,0.7065483198985599,0.7119920174165457,0.7154028005091835,0.7245053272450532,0.719461132350264,0.723710407239819,0.7271899471863048,0.7277344458552513,0.7219556360344047,0.7151949798296728,0.7108466324046524,0.6946467589220685,0.6912763675366465,0.6798920377867747,0.6627479134882887,0.6577349053233298,0.6370477831172364,0.6174276878297253,0.6139801306721561,0.599981936416185,0.5934282388754588,0.5653544725700388,0.5552985141026782,0.5427545984746523,0.5324235126215324,0.5222043873729267,0.5141936061610101,0.5014823465995868,0.5004507753335737,0.4926816046259487,0.4894319093908856,0.4946431814054839,0.5012587664089193,0.49796214111040665,0.5019784172661871,0.5168204015192621,0.5152627338644705,0.5337406775092102,0.5398007717849771,0.5558796718322698,0.5703829331429081,0.5778456562752673,0.5916430092264017,0.6182591386174449,0.6274685816876122,0.6385250314013996,0.6503273756857193,0.6747129554289847,0.6812545587162655,0.6940527838033261,0.6988437752083894,0.7038157075513652,0.7235559566787003,0.7221183800623053,0.7263843648208469,0.7218924266954488,0.7182493511142933,0.7201959716929777,0.72294887039239,0.7099613760891045,0.7051454138702461,0.6943042537851478,0.6781795286922109,0.6779216076762922,0.6554287231218476,0.6512815835081638,0.6278538812785388,0.6298765654563474,0.6111160674458025,0.5858337879614476,0.579271558650241,0.569835890117731,0.5503994255452832,0.526036036036036,0.5385379061371841,0.5125383366408083,0.5073188471679243,0.4991900647948164,0.49634443541835904,0.494140625,0.487053245805981
0.470657383126865,0.45829182139298974,0.4691269770351175,0.465045871559633,0.47376487558600794,0.4882868383404864,0.5022113909197581,0.4954775687409551,0.5264066903008817,0.5374179819116864,0.549192893858779,0.5712118507942174,0.5833184337564813,0.5915204417921083,0.6175140220734576,0.6314288260985828,0.6414838884375846,0.6600601663422403,0.6798191168646923,0.673775528646304,0.6904656711142529,0.6930950884439256,0.7076741225677395,0.7093460515454462,0.7141947224749773,0.7149620366234927,0.7022977022977023,0.7064179237704187,0.6962242047400198,0.6937942297223735,0.680025273039083,0.666786840919333,0.6626941133983387,0.6525124490719783,0.6366763215061549,0.6233824993213284,0.6082336131452045,0.5794636429085673,0.5636697247706423,0.5628190203277514,0.5431335662456329,0.5311252268602541,0.5249258959849097,0.5025719700388052,0.49710669077757685,0.4827064995109807,0.4764822490538836,0.4596537949400799,0.4623205208240435,0.46709110473457677,0.462293900351383,0.46604046242774566,0.46742730953257267,0.47074157303370784,0.4903663500678426,0.48663195976352247,0.5106686902955093,0.5156834788807699,0.532291572577003,0.5359518245550962,0.5504480286738351,0.5761087789742654,0.5914737688801501,0.603206945428774,0.6234835738953334,0.6403367365215834,0.6465262214253698,0.6635887418982509,0.6805468680189438,0.6850952894642215,0.6954647507858105,0.6964804063860668,0.7109727486013355,0.7098966829798804,0.71313769751693,0.7077723927481601,0.711253612716763,0.6990178571428571,0.7005772005772006,0.6891879685665252,0.6838807840329365,0.6668474331164136,0.660075161059413,0.643329756795422,0.6289633869355864,0.6086214638527166,0.5912926391382406,0.5862068965517241,0.5735188509874327,0.5535224153705398,0.5418758967001435,0.5250681198910082,0.5055135332178985,0.5017282153902128,0.4830570902394107,0.47828074988568814,0.4685714285714286,0.47086984012284344,0.46600018013149597,0.4789459386036403
0.4419351959296617,0.4459880666132336,0.43822531690769506,0.4493273542600897,0.4481081081081081,0.45760587339958814,0.46989332628052544,0.4839555274337883,0.49361933206625036,0.5116342236306021,0.5313653136531366,0.5510712063294515,0.5607325612712093,0.5768779871945171,0.5919606967396159,0.6065499819559725,0.6221739916802315,0.640727016057879,0.6505303236333968,0.6580680075764409,0.6655548544126927,0.6864383435864475,0.681879557115852,0.6946934385084259,0.693522339852862,0.6882710366415025,0.7035157665820949,0.6949304620906236,0.6793361884368309,0.6828209764918626,0.665945556156481,0.6584073974324446,0.6440785883209023,0.6312427925130843,0.6148832156436719,0.5926426832566947,0.5835959304942829,0.5644250045562238,0.5488599348534202,0.537155756207675,0.5219512195121951,0.4970392966086488,0.4941272876263316,0.4789050501400307,0.4634977578475336,0.44842124147829204,0.4539104861685507,0.4331871475879352,0.44411500449236296,0.4392489941886455,0.43262730959891843,0.4390844428232719,0.4456482484651499,0.4395226902910866,0.44902758932609677,0.4729270907791279,0.4791573685619923,0.49304174950298213,0.5024612906112951,0.5228628230616302,0.5412403238722306,0.5510874389702619,0.5638517454904425,0.5914905198221899,0.6092436974789915,0.6226297516246773,0.6261934786524951,0.6459408091229976,0.6572627443978216,0.6674500587544065,0.6773817006375146,0.6833453108156665,0.6899008115419296,0.6905589729874297,0.6909156065221287,0.6987919221060224,0.6958248660631813,0.6956168831168831,0.673818214190332,0.6807843839541547,0.6670016444363238,0.6533703836500537,0.633835876139749,0.6193699792400036,0.6066552129487296,0.5963294458005606,0.5787699316628702,0.5615494721774915,0.5407233697122756,0.5144472361809045,0.5216192170818506,0.5015381831342743,0.4854412692689083,0.4735430818734358,0.4618853908737177,0.45491470349309504,0.4406061152701362,0.44310781476121563,0.43582523389953676,0.42916777688959945
0.4125,0.4134868122904015,0.4185896846556955,0.40772532188841204,0.42062477164778955,0.4275153263613415,0.4511763102915796,0.45550904070544224,0.4715113687026304,0.504027206013961,0.502666546144807,0.5192325097293873,0.5356028874431868,0.5593615494978479,0.5647037766243064,0.5917291889960701,0.6067385684998663,0.6256511586132567,0.6453760345448003,0.6460025266197438,0.6628489620615605,0.66453760345448,0.67089072543618,0.6880683885049109,0.6799784133837021,0.6817478379608557,0.6777657462551886,0.6793313069908815,0.676191337372276,0.6606478540967244,0.6494594594594595,0.643649373881932,0.6321745428209307,0.6191891891891892,0.593686623754519,0.584366576819407,0.5635120546959338,0.5520532352683652,0.5347751951898052,0.5146310432569975,0.4968679073990014,0.48045285689014683,0.4706575963718821,0.4539969834087481,0.43788680599156876,0.42383270236163695,0.4262295081967213,0.41011589255233133,0.4069244604316547,0.4080129356809199,0.4062720848056537,0.40810023824230124,0.4164705882352941,0.41164839115585117,0.4301670904467853,0.43569506726457397,0.4533701854493581,0.4663007288760911,0.48663828245312074,0.4966610275131333,0.514745308310992,0.5311997139281245,0.5413756045137023,0.5649449467370871,0.5735531266798065,0.5989154993221871,0.6127099409895597,0.6351204491939866,0.6374063036214215,0.6638410354571143,0.6584002164306971,0.668871172313825,0.671553451101803,0.6881992060627932,0.6819484240687679,0.6844595197714898,0.6860255717630109,0.6781381975020218,0.6731663685152057,0.6565529622980252,0.6601382488479263,0.6293350017876296,0.6256010160573346,0.6067223869866092,0.5956455514738823,0.5716087191497028,0.5533532446375238,0.5335701922200966,0.5152079453755432,0.4931006854802813,0.49166666666666664,0.47376080036380175,0.4629411231062324,0.45025752236378425,0.4351423487544484,0.42543115003127513,0.4159092954197786,0.4058818239050274,0.41141466053556935,0.3980817497310864
0.38064632932017745,0.3843394026370078,0.3867022254919993,0.3942307692307692,0.4040331935397519,0.40075241848799714,0.4210762331838565,0.43532696811385335,0.4450224215246637,0.46649507411023344,0.4778395837071595,0.49811422413793105,0.5178155774395703,0.5352636833983843,0.5549602643093133,0.5699945740640261,0.5934612651030562,0.6042112776588151,0.6193402620876638,0.6290935407997105,0.6478245363766049,0.6582762607844881,0.664303245159531,0.6635614475098531,0.6638117562206997,0.6677071256577187,0.6628012321072658,0.6657096716310784,0.6579445998375891,0.6549030172413793,0.6293592862935928,0.622087224589718,0.6073124831974192,0.6063076785234298,0.5867499321205539,0.5543575920934412,0.5542070464631826,0.5313953488372093,0.5093812015154249,0.4986358675882139,0.4719489981785064,0.4562758125336685,0.4443449449270171,0.4207630878438332,0.405090712158137,0.4002537841022387,0.39148974777717294,0.3904899135446686,0.38363356567393864,0.3833107803337844,0.38239339752407153,0.37678555385859314,0.3779442288602112,0.3952783964365256,0.4008010680907877,0.41126960219721803,0.4250612022848853,0.4357316087308003,0.45343910574236007,0.4709051724137931,0.48612370760021767,0.5006297229219143,0.5174988753936123,0.5484958979033728,0.5694506877640925,0.5726526240628347,0.5805168986083499,0.6097273797663255,0.6268429988383523,0.6380745566413318,0.641885766092475,0.6593247878678462,0.6550610193826274,0.6670792079207921,0.6797373864556165,0.6671546203110704,0.6590342124019958,0.6571377202445163,0.6528866714183892,0.6430758148748424,0.6340478966723473,0.6143897996357013,0.6096733892557559,0.5856111161897797,0.5778758670390055,0.55877082960043,0.52670054381742,0.5222819648227467,0.49722903606795676,0.47456714811159956,0.4694556905083221,0.4575382110879985,0.4352322367834537,0.423759023259959,0.4086333544935159,0.3888132207391265,0.3943499822883457,0.3843069352045931,0.3823027909898591,0.3874289772727273
0.3497009195607535,0.34986400725294653,0.3603958581508293,0.36828005000893016,0.37630849065044286,0.3774964336661912,0.4005702066999287,0.41005098324836126,0.4287535281799144,0.4381461998911663,0.4591890934844193,0.47910230783209157,0.5035211267605634,0.5140076405311989,0.5380385794122949,0.5612345901196797,0.5719349268381351,0.5961897979168521,0.6098354727897306,0.6247205080046507,0.6263416408950336,0.6352654827368611,0.648077273555677,0.648069828129218,0.6570022843085573,0.653595363158848,0.6601520086862106,0.6438170830702624,0.6421811626858945,0.6319665424129466,0.6195996739425776,0.6083828026623493,0.5952099080229487,0.5812963968857505,0.5553352559480894,0.5466429524232992,0.529928172386273,0.4973473608488445,0.4862451519797962,0.4679794216781976,0.44415135528470073,0.4342009464870768,0.4135036496350365,0.40630598351845215,0.3888145571313888,0.37991541437955545,0.3641645149391369,0.36016456488686166,0.3585744082706085,0.3490150220383197,0.34710669077757683,0.35173937051352844,0.35987748851454826,0.37039717723694926,0.3740664087105192,0.3918563525890995,0.4,0.42084349318161296,0.4285064580680371,0.4434237258192739,0.4781320161652447,0.4955959014920007,0.5038413435769162,0.512725631768953,0.5453644472474998,0.5629569455727051,0.5792537708388462,0.5935274497430812,0.6115561155611556,0.6185428083730123,0.6332741792369122,0.6460897900072411,0.6517284390591589,0.6530705356328133,0.6597611724262711,0.6510897838371155,0.6571633494710418,0.6441756272401433,0.6340016182684528,0.6254937163375225,0.610521582733813,0.604293927416457,0.5857359635811836,0.5777597986335851,0.5529119970604446,0.5359790273006689,0.5159229938826916,0.49544958136148526,0.47814475206979434,0.47223488647761463,0.44492960256638747,0.42343650721612053,0.40716994762506775,0.3927374807570407,0.3806725727716507,0.36982115574728136,0.36436194063312705,0.36289658955837983,0.34989102796948784,0.35248667850799287
0.32829101386637854,0.3284625728372927,0.33360243989953353,0.32968036529680367,0.33973425555151077,0.35843895322330627,0.37322990890231805,0.39112757499096495,0.40242789339174884,0.42230183609493954,0.43658030152568383,0.45613720032324684,0.47884528642309426,0.502989203176586,0.5166727405247813,0.5368486795146324,0.5459279877884529,0.5711740602173526,0.5884052736138703,0.5939077144917088,0.614670712118508,0.6246639182649221,0.6371026011560693,0.6391011235955056,0.6387637412146333,0.635702093253077,0.636639044818676,0.6432632433895857,0.6258857296618531,0.6139400505597689,0.6084331921794757,0.5936635430611334,0.5822119240709385,0.555334178590835,0.5474141754634968,0.5287715228833972,0.5096480257280686,0.4791220556745182,0.4573685644238627,0.4471433770014556,0.4263297872340426,0.4155563557796183,0.3892436370177174,0.37633832976445397,0.36065573770491804,0.35566732530986167,0.3367328519855596,0.33076014894196715,0.3296960952295067,0.3305138126518492,0.316187870497036,0.33099233856256843,0.3343004805512739,0.34594739667203434,0.3564488813619752,0.36538632920417075,0.37336343115124154,0.39384920634920634,0.4018683112642844,0.4292906589948755,0.4396290515104215,0.46172528559863274,0.4844632768361582,0.5129221071589374,0.521397616468039,0.5407961095100865,0.5646380986676269,0.5758289545207466,0.5992469069392147,0.6046218865209964,0.6196159368269921,0.6302377747868999,0.6378571428571429,0.6373821803307843,0.645240032546786,0.6346396965865992,0.6378190467477816,0.6415444424810037,0.6207707617152162,0.6101037437979251,0.5958879511581971,0.5923229054297016,0.5756164383561644,0.5513470258735663,0.5335135135135135,0.5196486780152119,0.49551328068916006,0.4755730070313213,0.4449765088543549,0.435821164593474,0.4172423073472683,0.4013732833957553,0.3774006252791425,0.36630200860832135,0.35319688462235105,0.3462157809983897,0.3265160310797535,0.33083453757225434,0.32475797776980997,0.3325524822056041
0.2954095409540954,0.299220360247334,0.3055128089073957,0.3152566883586406,0.31643109540636044,0.32867817114392456,0.33447129637948075,0.35729710275328413,0.3841890049977283,0.3895224518888097,0.4133804732118575,0.4394076214556619,0.4562716815775059,0.4835743617211212,0.4962182603997839,0.5252406028690757,0.5455950540958269,0.554237440460142,0.5654588492352512,0.585935403059855,0.6044830741079598,0.6090605541016154,0.6108568864961866,0.6234474130998123,0.6258093525179856,0.6265941318112904,0.6303095752339812,0.6203927898843153,0.6204471691309051,0.6030941825748666,0.5947506088211418,0.5752847278271007,0.556979405034325,0.5523308543442772,0.529229648515753,0.510605511240029,0.48742364355012574,0.46009223128769067,0.4432895696571845,0.4229026997644501,0.4092450472960914,0.388543760277727,0.3697304143296544,0.351994276515829,0.3406038756196485,0.31934223675842643,0.3233634816871138,0.3091314031180401,0.29980133646378904,0.2904791872696215,0.29262018804328543,0.30016195789094835,0.3096392030156166,0.3088609898107715,0.32485977926542425,0.33486527890420836,0.3436303747885694,0.37322806387941865,0.39006514657980457,0.39609685580050596,0.42433767400089806,0.4508992805755396,0.47180770261817534,0.4869034804449229,0.5031332304059577,0.535264483627204,0.5520200214515553,0.5659781726346171,0.578012912482066,0.5948244985673352,0.6075365985902765,0.6117721290787813,0.6176706827309237,0.6191302758998721,0.6185649506535076,0.6282470481380563,0.6204352973317548,0.613546176046176,0.6137700171899032,0.5971623563218391,0.5876562915669061,0.5694899817850637,0.5539918809201624,0.5395009458607333,0.5249169435215947,0.49099099099099097,0.47935287808366106,0.4661307803468208,0.4317631224764468,0.4099075062255425,0.4010426193524785,0.3789567543468569,0.3651399491094148,0.3420840426485082,0.3256960292104062,0.3230769230769231,0.31433180962624363,0.2974363603538545,0.2986462093862816,0.2944254014071802
0.27130325814536344,0.2706575246132208,0.2741587187331294,0.2859341057204924,0.29804939155332855,0.30843221862639336,0.32541824069077174,0.32884023882757374,0.35551504102096626,0.36714014294761604,0.39825004510193035,0.4125604730335065,0.43001534157567006,0.4572297780959198,0.4793278207522006,0.4971531857207411,0.5223090043989587,0.5372436128103635,0.5556864521975532,0.5693831607384061,0.5868881903906601,0.5933291714973691,0.6055740957878597,0.6086205328726016,0.6147863400679421,0.6052133128889691,0.6037939404836825,0.6060686718126165,0.5922986743619804,0.5909952179012903,0.5800054088163706,0.5728652240280148,0.5569120287253142,0.525887038377987,0.5119317666273477,0.47976930701991527,0.464797507788162,0.4469147005444646,0.4207388673109927,0.4061053755784977,0.3819600107594369,0.3616262482168331,0.3499089253187614,0.3238884433752116,0.3113933106778752,0.289872049017841,0.2892443166501932,0.2771498327154354,0.273376095401572,0.26945892504044583,0.2675067506750675,0.28041756659467243,0.27324171382376716,0.29036004645760743,0.2967904796249549,0.31513134220942784,0.32712507723541356,0.3428141059720007,0.36040202792848886,0.37929487754552793,0.40270513976555455,0.42404203279282543,0.4493682310469314,0.47651549169286034,0.49083024663474567,0.5088174738161311,0.5258636281425213,0.5458351893095769,0.5657308985191242,0.5748866727107887,0.5848495766528553,0.5981208053691275,0.6083891120035698,0.6106409794742528,0.6086220717912176,0.612984443844978,0.6146332639956589,0.6088087549336204,0.6046156609195402,0.5882247029168167,0.567101541830125,0.5586909484313018,0.544593038703392,0.5201263537906137,0.5025116612845354,0.47960567965994394,0.45512190765383587,0.4395574984387546,0.4149908592321755,0.39266490283733235,0.37032374100719423,0.3504865433505742,0.334344064924641,0.3186287776274244,0.3016428763802855,0.299404920508038,0.2827034237438862,0.2706392983090695,0.277594065600143,0.2692753364827525
0.2494015426899548,0.24718800214247455,0.25702196615052214,0.2653098145635459,0.2701763762693747,0.2921510318103992,0.2997901651309187,0.31478822684852836,0.3249014755751077,0.354801559177888,0.3704642113835852,0.3981182795698925,0.41515015688032275,0.44233863758269265,0.46480755523877404,0.4803234501347709,0.5133279843095302,0.5267224141065261,0.537402106400216,0.5530520646319569,0.5797334764332349,0.583794890119707,0.5899739466355224,0.59538143588822,0.6014641549861619,0.5981125356125356,0.5967304913294798,0.6038836721670161,0.583915457639262,0.5806874836001049,0.574252996958311,0.5513396871066355,0.5354920176783621,0.513800803930326,0.49220732149329466,0.47511762576909156,0.45362939183163903,0.42964868701206527,0.412130914265386,0.3802480070859167,0.364281224746341,0.3440007211755161,0.3220262731689761,0.30352106268765355,0.28881454019350755,0.27540749977732254,0.2578230679051312,0.25553861332854966,0.25595291179880497,0.24982149232416995,0.24445857558139536,0.24463674058049395,0.2556157329308355,0.2599003171726325,0.2723836947718888,0.2955055171795102,0.2991957104557641,0.32930894675195965,0.33809179616913626,0.37101967799642216,0.3819734851855147,0.4014198418404026,0.42055990638221263,0.4427390791027155,0.4657140289386178,0.4890425723010598,0.5135811293781273,0.5327684125123952,0.561105679495156,0.5729481889041724,0.5670775924583031,0.5809064433927922,0.5979400072280449,0.6057370373721835,0.6011867301986874,0.6040292387234801,0.6008614501076812,0.5962076749435666,0.5856099540167704,0.5709389374943628,0.5604523830894893,0.5487179487179488,0.5369924141008479,0.5006719827972403,0.4841123221873268,0.46090015333273204,0.44267887602118683,0.4188957939295686,0.39600544711756697,0.3696282625889797,0.3565477268610759,0.33309583184894903,0.3089263308836709,0.29510717192728586,0.28271449170872387,0.2703340595497458,0.26073018699910955,0.2522898340437109,0.25008858965272857,0.2448103078024338
0.224464173616716,0.22273342354533152,0.2290592210563756,0.23745759685770398,0.24385805277525022,0.2571454745327959,0.27848329280374673,0.29072347980470487,0.3105479207567375,0.33207207207207207,0.3480290922151387,0.36894717534849597,0.39325842696629215,0.42408943382618103,0.44643016709856137,0.4659306850058818,0.4891137410786882,0.5114611912558633,0.5258317554774141,0.5468496118432931,0.5588288126459493,0.5792106220443798,0.5817194570135746,0.5790038451220603,0.5887221464301955,0.5981257884303478,0.5933393339333933,0.5850629928396628,0.571263653316757,0.5658273381294964,0.5575165173318852,0.5345011559665659,0.5279160739687055,0.5005852165301161,0.4842001611315012,0.45457858769931664,0.4403419425245544,0.4082904361961528,0.3871934604904632,0.35953757225433525,0.3415090973956475,0.3213774597495528,0.2973580158159597,0.2814178302900107,0.26678156748911463,0.24672627110990697,0.23999639509733237,0.23841594827586207,0.22309074573225515,0.22588424437299034,0.23173258852148843,0.22226195797943674,0.2326660600545951,0.23829825028865798,0.2588373564777145,0.2692927484333035,0.28040083054978787,0.29611086276262855,0.31528548415965635,0.3415432154866854,0.3721770551038844,0.3918234442836469,0.4056300268096515,0.4333242925594431,0.45159212221608686,0.4816285998013903,0.5044585987261146,0.5158104557397843,0.5300867365377665,0.5548966756513927,0.5668602054488611,0.5737481857764877,0.5767433501078361,0.5961072741949951,0.5897689472264677,0.5891549044130784,0.5843130216279279,0.589018901890189,0.5740130113180644,0.5537226928221133,0.5458288578589331,0.5260595130748422,0.500942126514132,0.4855538447604384,0.47392005735794945,0.4448935596874158,0.42145178764897073,0.3961015412511333,0.37053490480507706,0.3562745635682296,0.33324312133513756,0.30717367853290184,0.2887570773793475,0.2770100502512563,0.2568340182240486,0.24343129176966036,0.24083206312202995,0.23155811442965096,0.2200632625395391,0.22447508335586194
0.2041837198726694,0.20203629924745461,0.20882088208820881,0.2086369770580297,0.22619475386273805,0.23775345415395657,0.25,0.27273547455792135,0.2944180955855527,0.30532768412512395,0.33041458184417444,0.3541537094624611,0.38572334450584295,0.40171642472381996,0.4259176962047818,0.45166190135811296,0.4720877112836912,0.4935064935064935,0.5200324119924372,0.5393873085339168,0.5421525861301523,0.5635642850707271,0.5690380313199105,0.5755447505852692,0.5813412122840004,0.5783943965517241,0.5772568667799947,0.5694791295041027,0.5639232562309485,0.5612658912631864,0.5448140551145991,0.5215435819015921,0.5065807144775718,0.48374988556257437,0.4621803011064756,0.4342618637147264,0.4182748406785746,0.39567316288217413,0.37198632601655274,0.3479196556671449,0.3205745976906992,0.30198019801980197,0.2730830813022594,0.26508757600508215,0.2481798325445941,0.2246660001817686,0.2200453514739229,0.2078853046594982,0.20421320257877054,0.19828451501049366,0.1982327740092824,0.20453318942255802,0.20934411500449238,0.22603655818100757,0.22839059674502712,0.24194715888526963,0.2637531668476294,0.28410433518131417,0.29654863290004485,0.3204498794965634,0.3472610775200794,0.3718089990817264,0.3898059132958462,0.4157645164176434,0.44818721744526197,0.4642375168690958,0.4852609753898855,0.5053458832130129,0.5242386015498288,0.5386625811103101,0.5520036019810896,0.5563808841954537,0.5800378344293307,0.5857838715497024,0.5763413755851639,0.5834766084517238,0.5753671501937111,0.5795922099295968,0.5618364939660648,0.5417676087931808,0.5384129846708746,0.5186013235557145,0.4926670287887018,0.476207417948946,0.44304720247858576,0.43386243386243384,0.40126525079078174,0.37614181061770824,0.35559325060262476,0.32762331838565023,0.30426950099081246,0.28834189883689476,0.2725805004933178,0.2554204124801692,0.23805238052380523,0.22632380611056357,0.21534320323014805,0.20503110630240737,0.20273799873907952,0.2036036036036036
0.18072836254654437,0.17909906643705248,0.19349622709306505,0.18910944206008584,0.20360960224285965,0.21401169163317502,0.23346620764631273,0.24435888252148996,0.2676438653637351,0.29478767997084016,0.31875780831697303,0.3443272956654952,0.371721677074041,0.38964869938321267,0.4164344151757619,0.440137656221699,0.4661078060212728,0.47737740449742616,0.4953228589592226,0.5179038513574457,0.5369103668828284,0.5453411722786389,0.5654184826114026,0.5658865886588659,0.5625055848449647,0.5678058534811853,0.5806103159600324,0.5680468126606969,0.5410996189439303,0.5441456126052703,0.5273067999286096,0.5122147651006711,0.4878308758216379,0.47628530050687906,0.4509366636931311,0.4279711336439207,0.3999644476046574,0.3792320958518653,0.3571110517410277,0.328235399338163,0.2978017048003589,0.2879914984059511,0.26038310060866454,0.2481651376146789,0.22749291655241752,0.21317095173658096,0.19791479417580443,0.18807583274273565,0.1846935138987883,0.1830731751330867,0.1833663723193368,0.18197278911564627,0.1889268380370304,0.18950749464668093,0.20787922101125603,0.2274439461883408,0.24331965344277245,0.2620981985164253,0.28674742361236666,0.3007716749886518,0.33299936241916384,0.3593162699122964,0.3803163444639719,0.4073043790380474,0.4279978586723769,0.4485802693847834,0.4674284685981645,0.48570916584535434,0.5187762019445188,0.5232704402515723,0.5429652314898217,0.5540876041851392,0.5695441493180187,0.5601663422403115,0.5764550264550264,0.5658984515664386,0.5615377689745206,0.5588901985674132,0.5500543084721217,0.5363058465395291,0.509878960484158,0.5055751971716073,0.4867360796740607,0.46238499007757533,0.4359608166254692,0.40712491026561376,0.3863736651663578,0.3698727644808257,0.3466291113937852,0.31670106793502645,0.29299534217126477,0.27743792731198275,0.25176323542540846,0.2347524842738627,0.22157092614302462,0.19774266365688487,0.19078653691634676,0.18890892696122633,0.1824946846208363,0.17831476823571685
0.15931175893732727,0.16185996982873369,0.16696718355571583,0.17746803977272727,0.18761269383339343,0.2042082546533585,0.21231403477325686,0.2337581872897858,0.2643541761752624,0.2794850874807361,0.2905952166876461,0.32398615671310677,0.34872668579626975,0.376062963633074,0.39166666666666666,0.426917510853835,0.4520979650639294,0.4733044733044733,0.49527835236981743,0.5123930099857347,0.5187776141384389,0.5454707401799234,0.5510259423302901,0.5471800926346381,0.5547568335108272,0.5591681046226501,0.5608126169473403,0.5469777497522745,0.5477207977207977,0.5326741573033708,0.5294701687877967,0.5023945061895726,0.47522441651705566,0.4610865045647654,0.43885023800805567,0.41427040542954097,0.3914013022923914,0.37017994858611825,0.3333036747041552,0.3077132486388385,0.289354370692782,0.2619565217391304,0.24393966600826,0.2235476233837188,0.20802337938363444,0.19392902179787425,0.17255884722097914,0.17466618549260196,0.16192676857447566,0.15420179494152841,0.1619217081850534,0.17133706965572457,0.17265540783327343,0.18080216313654798,0.18834603316898252,0.20465371931110296,0.23278921220723917,0.2433439345751931,0.2641986455981941,0.29085055004024685,0.3123191027496382,0.3396842678279804,0.3676960475375889,0.39557562076749436,0.42257920571173585,0.4459182765067213,0.46336206896551724,0.4794619481809154,0.5067098982257048,0.5209159754778219,0.5339656729900633,0.5436702649656526,0.5580040065561829,0.5587559639512282,0.5703749777856763,0.5632266786840919,0.5590011719102137,0.5495031616982836,0.5452233926625499,0.5232225794926759,0.5116090712742981,0.49152697627553354,0.46634225466342255,0.4446864506761049,0.42488115526056147,0.39641344507524556,0.3786259541984733,0.3521266968325792,0.3212789214793223,0.2993147555961626,0.2769991015274034,0.25540381658677763,0.2329948782460239,0.22539653929343909,0.20634341961356178,0.18571428571428572,0.1756915037390756,0.16923215410928077,0.169473307058402,0.1572903685241232
0.14195412678345676,0.14881060468494642,0.14734386216798276,0.14821525638702662,0.16921967922148134,0.18578352180936994,0.1997510889856876,0.22172108966263757,0.23701035569563259,0.2660986547085202,0.2807017543859649,0.309997300458922,0.3288868859846778,0.3569818804651582,0.395,0.4167566594672426,0.4404623241645014,0.45536984352773824,0.4758697056380917,0.49607002500893177,0.519291587602783,0.5264042459088899,0.541209036521118,0.543129839726274,0.5458138699245418,0.5473168963016679,0.5523688509711382,0.5484045429962142,0.5336792199660076,0.5222252034701726,0.5031261164701679,0.49391178858122126,0.4732465654374548,0.4481123472551523,0.41913152926368785,0.40304872516105616,0.37402785313799963,0.3575418994413408,0.3289461903482854,0.30435560325552274,0.28547100475038095,0.24563124108416548,0.22714156898106402,0.2130666177280235,0.18694120834462205,0.17436768254535703,0.1603547671840355,0.1586101359258259,0.14970113301811044,0.14253738024890322,0.14920975087061344,0.14917769038255274,0.15376256452051074,0.15967885816235505,0.17859398971211984,0.1843193670203201,0.20806100217864923,0.22974542206342116,0.2493044960962039,0.26952843772498203,0.300180342651037,0.3269334775554354,0.345218945487042,0.37174186589969443,0.3978715793239134,0.4244520301832555,0.4461732170159187,0.47164017341040465,0.4844968107725018,0.50611357666878,0.5175304191077061,0.5341206166050663,0.537173893687116,0.542213374355262,0.5533026944219158,0.5555756207674943,0.5410069382672122,0.540075990591641,0.5281936351411923,0.5228908990215987,0.5025422189940076,0.4817544490382887,0.4600477833820016,0.4308710427472724,0.4119686188651706,0.3924151343705799,0.3655025326579579,0.34229098805646035,0.3163955401206361,0.2941970310391363,0.2644590814761346,0.2443928156554374,0.2133476279817743,0.19985666935411628,0.1831201585299946,0.16977882523567803,0.15542442124375852,0.14683111271155924,0.14762835317107834,0.14324421965317918
0.12399457749661094,0.12643884892086332,0.13277143375022657,0.1416741674167417,0.15265605437309962,0.17163439891940568,0.17773804202056326,0.19647648005723484,0.23007036608176717,0.2553001959736326,0.26371554278531023,0.29796758886202884,0.32382910260993925,0.3467989179440938,0.37737019315966686,0.40494907986421297,0.4217272164766198,0.44967503952222027,0.4704978765699828,0.49302409856858126,0.5124854560100242,0.5197129440949765,0.5284523702840757,0.5370784506664281,0.5486086013733286,0.5373310351084097,0.5402237613212574,0.538667858739383,0.5261573869168806,0.5175061705823202,0.5011632068718683,0.4799033210992749,0.4545043415340087,0.442346104957327,0.4136690647482014,0.39122649955237243,0.3644876806982453,0.3427823417892931,0.3160518444666002,0.27767645449571404,0.26340722202359673,0.23386587237115264,0.2126041289387903,0.19480286738351255,0.1758896797153025,0.16073034718474546,0.14260185847033596,0.13622822063735668,0.12525907903036856,0.12115682875650031,0.12952052932112754,0.130064539261384,0.13660404887835126,0.1454692848135471,0.16034854473589652,0.16937730254290592,0.18707114481762369,0.22105546580506194,0.2372927180966114,0.2570598383728321,0.291640307275192,0.304410832352142,0.34796095246784053,0.36253041362530414,0.3939285394465837,0.4062783523861368,0.44598585876666963,0.46275333211612196,0.4712489970580369,0.4880887926367082,0.5183183733284484,0.5151569993665731,0.5351453514535145,0.5376227809317834,0.5472089458021463,0.5398301296379079,0.5315250583797377,0.5225910351614923,0.5156027104136948,0.49861841518851946,0.49284679463962333,0.4697566213314245,0.44769495516710445,0.4311377245508982,0.4004977335347969,0.3795501761358504,0.34837115666178625,0.32501341921631777,0.29738912732474965,0.2733579601765925,0.2386723342678846,0.22446934499407853,0.20611726266110003,0.1803837188452573,0.16242555495397942,0.15239542366821596,0.13796557690556416,0.12863858253480384,0.1313332729085471,0.12157780979827089
0.10781038374717833,0.10273600289907592,0.11609977324263039,0.12283080260303687,0.13848226313426135,0.14801151700557855,0.16310975609756098,0.18164910105393675,0.21441490323747514,0.23518769787426505,0.25491795848064547,0.28517247607007407,0.30976769709164076,0.332732516222062,0.3695299837925446,0.39198542805100184,0.4207521522428636,0.44145283700758947,0.46343402225755165,0.47619047619047616,0.4934667027124448,0.5078353253652058,0.5228376191332494,0.5214227235513509,0.5356559608056614,0.5306195965417867,0.532529902138456,0.5270013568521031,0.5140178490940233,0.5017200317544324,0.4878711078928313,0.4646953405017921,0.4473518568474058,0.4338909875876956,0.40348973872163457,0.38767890479153705,0.3504281207751239,0.32812081136627647,0.2949496781213165,0.2719863872469998,0.2489067055393586,0.22084935017389712,0.19941478985635752,0.1837156995051732,0.15574060949681076,0.14433726330832441,0.12344566588574518,0.12127468581687612,0.11596804595637734,0.1080186146411312,0.10817072084112982,0.11821775062881783,0.11639739355529768,0.12734452122408688,0.14751580849141824,0.15849497126436782,0.17790916420317118,0.1950864422202002,0.21711229946524063,0.24774573698776894,0.2709665631280833,0.29514207149404215,0.32235671057315773,0.35396062063333633,0.37375178316690444,0.4111652236652237,0.42567688721534874,0.4445659105402205,0.4849087294415326,0.4923688250699901,0.4955728225514998,0.5165322945919014,0.5332545884063238,0.5325257963212203,0.5358137862856116,0.5416483419825843,0.5312,0.5273259002010602,0.5116153915149341,0.4893503252829516,0.4729633582355034,0.45687101696436583,0.4448359989156953,0.4159498207885305,0.38705595227334355,0.3683834687137374,0.336734693877551,0.3095711959471684,0.2813031415018348,0.26646706586826346,0.2325248366598049,0.21301031852848812,0.18515173410404626,0.1690712353471596,0.15393707946899438,0.1349042180052163,0.1263677130044843,0.11313405797101449,0.11138036259199426,0.10992270357720654
0.09468590211833455,0.10338632893200395,0.11013970256872466,0.10942608063930258,0.12507851054284433,0.14052879391524808,0.15763284165629998,0.17759365994236312,0.19463449765934462,0.21665759390310288,0.24559827524254402,0.26768488745980706,0.3007262619922891,0.3297625424031423,0.3568856885688569,0.374214965009869,0.41625681838504874,0.42885446685878964,0.45152901085104474,0.4621123595505618,0.4964093357271095,0.4995443776198287,0.5047352755479391,0.5247498213009293,0.5313987961548827,0.5235474557921328,0.5252025202520252,0.5191863563688044,0.5095467523197716,0.49428367274026436,0.48198601899982074,0.4655049151027703,0.4438971970985941,0.41386666666666666,0.39814152966404576,0.3592391304347826,0.3500224315836698,0.31150474145643225,0.284888447294734,0.2603408485709214,0.22980463425715583,0.21033772283436353,0.1892974153622133,0.1648,0.14641434262948208,0.12434672914038565,0.11913679329409667,0.10898406197132936,0.10142222222222222,0.09740613096317795,0.09313331547459594,0.1025219298245614,0.10178890876565296,0.11745484251611146,0.12618041190754564,0.14937204952347022,0.16128743853375055,0.1896629213483146,0.20713779667020898,0.2283056002862766,0.2677237105886641,0.28970535393460295,0.3164418519868757,0.33820873961719033,0.36383402790360575,0.39791099000908264,0.41987940800292345,0.44079247694695517,0.4663607159247361,0.4801900322696307,0.49892607839627706,0.5121228448275862,0.5135231634383647,0.5276534812958654,0.5293487000804074,0.539540250288453,0.5232558139534884,0.5106935123042505,0.4983388704318937,0.47942148022497993,0.4801852346602547,0.44981981981981983,0.43905070118662354,0.41184448462929474,0.37994885812538576,0.3581553920689036,0.3242897597515301,0.3055680086075495,0.2710070845664066,0.24603103417346847,0.2247069431920649,0.19024830699774267,0.17524202223019003,0.15008011393982554,0.13784076548113378,0.1283723423262462,0.11016724183700558,0.09965268501202244,0.09649358801901174,0.0961778889087337
0.08686978599927457,0.08423520923520923,0.08717808717808717,0.09677707347558254,0.11116127867076034,0.12554112554112554,0.13787180182623632,0.1598959734552955,0.188868778280543,0.21170766744478361,0.24131009944348145,0.26330150068212826,0.2919337606837607,0.3136719781670922,0.3390445109237603,0.3792037811307035,0.4006314839873703,0.42605602489995553,0.4403719912472648,0.4651037456211264,0.486404833836858,0.4999091899745732,0.5108127590556857,0.5207973059069809,0.5105920695274307,0.5129500947567909,0.5172724001439367,0.5021474588403723,0.5038133284910115,0.4852124852124852,0.47344005821357105,0.45310283687943265,0.4323913432301914,0.4147924666300969,0.3771224307417337,0.3595455358740383,0.33021306944815904,0.29590653705520376,0.2763486959628439,0.24648329002777528,0.2302158273381295,0.19413752168751713,0.1752772518258047,0.15372396752559125,0.13477641190094425,0.12139196115457243,0.10049305244285074,0.09400872429448945,0.0809149263176928,0.08174802584350323,0.08114665708123651,0.08484520263561693,0.09398837631674536,0.10444524756053487,0.11693187913463257,0.13526396258656354,0.15986209399383053,0.1767545820295038,0.20177086128253288,0.21892159510306958,0.2473215089583146,0.27912166384004283,0.30365930034893085,0.3308610709117221,0.3534224161439869,0.39985564778058463,0.4145386600231337,0.4355543418896778,0.4508508327299059,0.47096483318304777,0.49067380633645696,0.49914267665373163,0.5156039212159367,0.5218295218295218,0.5253452034883721,0.51782027111949,0.5220482361411087,0.5105511530584989,0.49466970387243736,0.47996736765772297,0.4718162839248434,0.44952737649366864,0.42358473503345995,0.3955319538546054,0.3765432098765432,0.3475011256190905,0.31436992051442353,0.2899511835682048,0.2701932496215157,0.23679236792367925,0.2134862385321101,0.18528216704288938,0.1671660764550985,0.1404109589041096,0.12802674376581136,0.11459449803501251,0.1004664513814137,0.0872003618272275,0.08797337411172079,0.08516979768786127
0.07299991020921254,0.07603623387318144,0.07840303495619186,0.08814949863263445,0.10014553392759687,0.11002510760401722,0.13534443944169294,0.1504920104721495,0.18000179195412597,0.20337139749864055,0.22236271676300579,0.25408737603859555,0.2859962321700906,0.31015071726893045,0.335913174984432,0.3757730083666788,0.3977729098211026,0.41632286995515694,0.43391566816061466,0.45589403973509934,0.47967770814682187,0.49785633038761046,0.5021436227224009,0.5049442075659983,0.5116987897803675,0.514628860393715,0.5068978035941187,0.508702317612048,0.49777697123672987,0.4815782361949374,0.47186884070955026,0.45572373787727727,0.4348370927318296,0.40585058505850585,0.3758580725684229,0.3544061302681992,0.3252323087919943,0.2946532178880657,0.27246866388123386,0.23788786064235165,0.20983665410159755,0.18536541407587637,0.1658040335534535,0.13792788680967594,0.1252914798206278,0.10208900999091734,0.09100887222171408,0.08319154652099937,0.08123773854110933,0.07177593659942363,0.06780265857792846,0.07725973561986424,0.08003565062388592,0.09351868568333634,0.10849521081371408,0.12541942504761042,0.14558903121053582,0.16911831062178503,0.19077887197851387,0.2145133387963216,0.23981941309255078,0.26937433345183076,0.2968279284068758,0.31515422440768887,0.3593384864281862,0.37351885098743265,0.3990780077736599,0.43306801736613604,0.44536827835517395,0.46917374796600975,0.48262685506087266,0.5036153289949385,0.5089641434262948,0.5023889577066006,0.51508078994614,0.5182436057950277,0.5080353918382088,0.5042092065197922,0.49248554913294795,0.4652243876273914,0.4542187078803127,0.4407132512671977,0.4107801673715468,0.3940314510364546,0.36787611416224003,0.33990990990990994,0.30623548329462214,0.2918280926209568,0.2610587382160986,0.22608384091723396,0.19956635649110127,0.18213302548619129,0.1529617365710081,0.13516414706145452,0.11289743129153942,0.1013121485316433,0.08910003585514521,0.07942335243553009,0.07352674524025385,0.07169300225733634
0.06303879310344827,0.061846456341049245,0.06984529087125667,0.08065821418937145,0.09038840164667979,0.11045045045045045,0.12519070268329893,0.13897389738973898,0.16831150188408397,0.19971160778658975,0.21944194419441945,0.2534345625451916,0.27065630084975595,0.3070669168230144,0.3366148843930636,0.35901162790697677,0.38525947736474053,0.4146874146874147,0.4328519855595668,0.44606731379842146,0.47329880335774244,0.4886037329504666,0.49392165691130124,0.513302875571083,0.5137893982808023,0.5121424716675661,0.5087295192049422,0.5041648007165248,0.4999543337291077,0.4794843863471314,0.46607773851590106,0.44981818181818184,0.4283015473191796,0.4053907869827819,0.3791066153432996,0.3466437799259192,0.31694976508854356,0.29221772379667116,0.2611516626115166,0.23279941754641428,0.2057294042514369,0.17915162454873645,0.15744134897360704,0.13668287412209618,0.11027298850574713,0.10139576767221972,0.08153693514927392,0.07422230307440422,0.06566469851494006,0.06212298550463671,0.06487595930751383,0.0684106436533621,0.07248190186790598,0.08556971175567,0.09672000707276103,0.11417850442240686,0.13559011893870082,0.1594333664170351,0.18871859980048972,0.20981739287651419,0.2391304347826087,0.2608888888888889,0.29023746701846964,0.3151563753007217,0.3520922211128256,0.3637097497533411,0.3917200324704609,0.42487986218152146,0.4394741646886982,0.4606164383561644,0.47896469727455643,0.4879257523878176,0.49990956773376743,0.5033393501805055,0.510042715623012,0.5048395769851228,0.5075966237227899,0.5007256894049347,0.4808055380742605,0.4673353212252643,0.45408714440043213,0.4366312346688471,0.419213575403704,0.3983541327545668,0.3568070873259808,0.3349758107865974,0.3091726618705036,0.27304488040849234,0.2553710055966781,0.21838261489134306,0.19024565178411332,0.16266833140105236,0.1478676404291768,0.12929184549356224,0.10613333333333333,0.09258101955182572,0.08340767172167707,0.0709308558156155,0.06592908315951755,0.061958874458874456
0.05434393993564533,0.055884995507637016,0.05995907837381016,0.07109847138286526,0.07852214960058097,0.09670836660456038,0.11823774199384839,0.13802816901408452,0.15869447941017803,0.19418625842901405,0.2111290033995348,0.24412521060565753,0.2727354664263182,0.3054775916704391,0.3285882672953124,0.3547812137955619,0.3810805959432777,0.40966576332429994,0.42211642112827885,0.45695304784989677,0.4739815911783469,0.4878269526653996,0.4933869526362824,0.507083931133429,0.5015761505899307,0.5105167724388032,0.5067147363677332,0.5076315316933022,0.4872303943687393,0.4819331937744607,0.453532955997809,0.4414267608183958,0.4147557328015952,0.39858511686218323,0.3707436665758649,0.3421123838730044,0.3190045248868778,0.28573979819626755,0.2554686110617108,0.23831733787783657,0.20164388457071383,0.17835088993824919,0.14737793851717904,0.13112801246220104,0.10457574411372723,0.09435815033029817,0.07540362586813384,0.06483723432875975,0.05880247024075897,0.06107688186445218,0.06032775076535206,0.05613342898134864,0.06421194431971262,0.07491769730403061,0.09212791013678776,0.11108100785694934,0.12800855767516492,0.1525638702663526,0.17376630484356473,0.20096127686587467,0.22600562971034233,0.2557994289793005,0.2933273219116321,0.3235902509218455,0.3351594072743601,0.36732485799296727,0.3934735706580367,0.41179663470237016,0.43464991023339317,0.4590836156177572,0.48153860110677676,0.4934693147253534,0.5045158959537572,0.5013577118030412,0.5118332423083924,0.5020235632700782,0.5061994609164421,0.4923964822279223,0.48418206399278957,0.4631332251667568,0.4535042268884647,0.43268801855651706,0.4087433660160115,0.38824389797970565,0.36529475197699496,0.33152897328955544,0.3014430785676109,0.26952913584701427,0.2413417951042611,0.21900263420837496,0.18422464675371134,0.15464657337639037,0.1411198838370088,0.11956325573001263,0.10373670333666697,0.08589617143369498,0.07399482927699028,0.06576804776551474,0.0589079171523357,0.054841319787827025
0.05037077229155363,0.05262207780485603,0.059093775335555355,0.06802906448683016,0.07764981104912723,0.08903049613108785,0.11284784965666787,0.1289154445047981,0.15408044432500223,0.18110236220472442,0.2122834074208473,0.24180659064379995,0.2701801801801802,0.29208056137792765,0.32037691401649,0.3567567567567568,0.37236363636363634,0.3940090048699807,0.43067207938655844,0.44467378623350984,0.4612474707486584,0.48504216600088773,0.4905276203966006,0.5084226646248086,0.5042857142857143,0.5059642147117296,0.4944798492056368,0.4921669836095264,0.4804684008223831,0.46628859483301827,0.45251198295757145,0.4332877336981304,0.41581790806837304,0.3984056526859317,0.36685388249977713,0.33485010706638113,0.3156955474257161,0.28317385809712947,0.25490020585339657,0.2236524537409493,0.20113210992422167,0.17792853912256898,0.14446002805049088,0.12326820603907637,0.10392051557465092,0.08595085950859509,0.06804385249614932,0.06272563176895307,0.0528919672573536,0.0517939034259509,0.047549909255898366,0.05032013707277482,0.06241495055792434,0.07309598918431726,0.08629576964095272,0.1042611060743427,0.12312285145648634,0.14645288427087066,0.1750554815801154,0.20303792917490562,0.22712905265059152,0.2562814070351759,0.28322713811361394,0.3101060960258946,0.338156002875629,0.3602024218326405,0.392818671454219,0.4256187109056296,0.4398496240601504,0.44398340248962653,0.46573080099091657,0.48118423399322274,0.495506021930613,0.5046254307999275,0.5059911894273128,0.5100548446069469,0.4950949509495095,0.4886218823957764,0.48023518769787427,0.4640435403283369,0.4527340551360204,0.4283023944040893,0.39642793035361695,0.3742764109985528,0.3456801304111574,0.32422994269340977,0.29441486962013896,0.268575075211961,0.23735338884412213,0.20898315658140987,0.1861051115910727,0.15422396856581533,0.13200723327305605,0.1175783706098985,0.09418036428254109,0.08222932846048424,0.06794629179057403,0.06042867435158501,0.052989616899391336,0.05153341127799262
0.04575402635431918,0.047614856539341666,0.056220203292255105,0.0640279394644936,0.07514194464158978,0.08980132450331126,0.11071558963125228,0.12763287622120642,0.1508145990716301,0.1836239439151537,0.20658002362991912,0.23400447427293064,0.2632471008028546,0.2918217300535536,0.3203813635545962,0.3510986017795533,0.3754080522306855,0.39767568549119303,0.42162455854387393,0.4426154965441979,0.4543649002437483,0.47828778632705404,0.49171371334911673,0.4962016265975512,0.5040270913417536,0.5018912103746398,0.48780708911250115,0.49194424330195513,0.47782764811490125,0.47000821692686934,0.451225965778797,0.43108083886001075,0.41064157089856124,0.3879097799287736,0.36621376811594203,0.33771532184950137,0.3058164739884393,0.2759934676102341,0.25556762629005975,0.2193029490616622,0.1994366709067781,0.16459906508450198,0.13673325083966767,0.11856502242152467,0.10118885561303204,0.08712293812084207,0.06947330382148342,0.06056210335448776,0.04919197300657077,0.047844327412300276,0.04836835046937863,0.05007600822677278,0.058373376045559706,0.06698777985906698,0.08096141682479444,0.09646848457755923,0.12614077889220204,0.1429349305744623,0.16516059765590052,0.1865242399342646,0.22434389140271493,0.2547708221865525,0.2836673619298086,0.3130505857778585,0.3339631129104813,0.36603877103145577,0.3944484369385555,0.4170685105995815,0.43000089341552755,0.4558743909041689,0.4728408473655622,0.48515920129519696,0.48959652614438215,0.5026455026455027,0.5033544877606527,0.5080496173132752,0.49650799485388714,0.49268780089018077,0.47502262443438914,0.4658493870402802,0.4515777030099118,0.4236863306776475,0.40353581142339073,0.3735235326185717,0.3548154165538406,0.3172948409516172,0.2934291034849694,0.2635153490899212,0.22939164866810655,0.20599484123454595,0.1811516452074392,0.16231160260412023,0.12934483065161348,0.10640752573659921,0.09085156391249322,0.07565349272905701,0.0628658921012339,0.05185716849093845,0.04981466413524998,0.04525547445255475
0.04788835172854146,0.04435374149659864,0.054870306548158894,0.0668281306063868,0.07269630692004303,0.08723192471269568,0.10346080479607594,0.12764604342691016,0.15280898876404495,0.17816711590296497,0.2030270463908293,0.2288615329319795,0.2685496321859958,0.28053313990388973,0.32384982443504096,0.3449560819803034,0.37092844897590904,0.39504176771759636,0.4271070615034169,0.43898688376300316,0.45794141359849505,0.4812762534632228,0.48779612347451545,0.4977529120425571,0.49995448338643605,0.5031396480056602,0.5067012151536812,0.4964304836694628,0.4816674137158225,0.46657681940700807,0.44837918823208933,0.4290319691949494,0.41834451901565994,0.3942377167630058,0.3570665717337131,0.33178072375492657,0.3062796739227806,0.2776676279740447,0.24721945926394792,0.21858117084403508,0.1888229563369055,0.1709789277140571,0.14360977382141885,0.1225794830226065,0.10071480938416422,0.08251176836308731,0.0652663842062562,0.058917907121846864,0.04526712083183937,0.04599567099567099,0.04629967189208895,0.05051500223914017,0.05428086777966253,0.0661925601750547,0.07731407169609417,0.1056742682707847,0.12040407717510011,0.14444050363539634,0.16452896948252985,0.1897413024085638,0.2187528365253699,0.24902030637691486,0.27353019894727454,0.30677433826828177,0.33812628382602483,0.3567362428842505,0.38833378341884955,0.42367968113053717,0.42724097788125726,0.46414450035945365,0.46873880329630957,0.4862483311081442,0.4953446732318711,0.4909913988229968,0.4967951611447143,0.5000449034575662,0.49748923959827834,0.49279538904899134,0.4810354125471868,0.4569162031549193,0.44861642494883885,0.42003216583273767,0.411395244504262,0.37454971181556196,0.3435298314456435,0.31909750201450443,0.29052459611544745,0.26666074284698776,0.23815059917724915,0.19898605830164764,0.18003273322422259,0.15381125226860254,0.13233324403964639,0.1049488826562924,0.08562992125984252,0.0738236884802596,0.05921228900598374,0.04832382310984308,0.047975077881619935,0.045942774618647896
0.042125033539039444,0.047426932042316655,0.05388086642599278,0.06589523893648971,0.07358574610244989,0.08819575154611455,0.10952380952380952,0.1291020555355211,0.14541977781824805,0.17576853526220615,0.20601476679272465,0.23706591070163005,0.266750607068981,0.29496725576388266,0.3191218001275394,0.34841184867951464,0.36922113922918715,0.4033840338403384,0.42387419585418157,0.4423506296329374,0.4625212186187796,0.4779491833030853,0.4867463383951838,0.4938504354071281,0.4964247407937075,0.5064758626935966,0.5069892473118279,0.5001810282404056,0.4837564352920291,0.46079474897995387,0.45957828622700764,0.42013288431783014,0.40751960085531,0.37502246181491466,0.35306898424769145,0.3333637608397992,0.30383138340626953,0.2743250588874796,0.24751766705429823,0.21155234657039712,0.1898470726631074,0.1721698113207547,0.13976271795793638,0.11804308797127469,0.0951683748169839,0.08259166963332147,0.06910050983248361,0.056695992179863146,0.0522911051212938,0.04891696750902527,0.04600375906202452,0.04461538461538461,0.05351019671539433,0.0660093125171186,0.08049426301853486,0.09902805794975243,0.11349055751332791,0.13818669048682447,0.15957830239682827,0.18714323351189954,0.2266062383364436,0.2459016393442623,0.273433969086143,0.3071601832719432,0.32922661870503594,0.3645703055208147,0.3857001706637923,0.4066909219984027,0.43672227855101853,0.45248623770417834,0.4739267962042476,0.4770327587762837,0.48523507895441165,0.4971690482609868,0.49646418857660923,0.501494700606939,0.49562218094985405,0.490018315018315,0.4758779709116708,0.45398883486403746,0.4375338998372808,0.42536777897380695,0.39695749440715883,0.3731424429140993,0.34973320068734737,0.3251644292278584,0.2930425569486138,0.2675591253904507,0.24089140431552883,0.19938455968865962,0.1726715907043776,0.15625277753088615,0.13343068358127225,0.11455501178176546,0.08928732318226867,0.06959508315256688,0.05925593904078889,0.05556537102473498,0.04476553497030405,0.04873188405797101
0.04720798489344483,0.049052196568143025,0.05792132804041862,0.06310679611650485,0.07410430839002267,0.08950837192732454,0.11266714853632093,0.12992871966074168,0.1517303370786517,0.17807602233831743,0.20761990138951142,0.238561797752809,0.26372838842605034,0.2919511318720805,0.3265178010940723,0.3501857388783184,0.3759140561523878,0.4062186559679037,0.41656233231979967,0.45264100268576546,0.46534914361001317,0.4752688172043011,0.48841193976012265,0.5061606259555715,0.5014105014105014,0.501382324088112,0.5002282062984938,0.49811692969870874,0.48363506644073845,0.48044840674375494,0.4505425522374675,0.4352624495289367,0.4118175287356322,0.38854129424383266,0.3619056294406996,0.3325161173158994,0.3052402143311234,0.2832807570977918,0.2531804336140477,0.22105355421158734,0.19224570200573066,0.16415349887133182,0.1423163587201442,0.1201640221073275,0.09768152408339324,0.0792496858732723,0.0691027496382055,0.05763141228625712,0.0502171552660152,0.04802234435534733,0.046128798842257596,0.05156136528685548,0.059965526626145335,0.07099964676792653,0.08520857422396158,0.09913281606572341,0.12293016558675306,0.13982253293896207,0.16234355160529657,0.1978442900409763,0.21945821529745044,0.25072490032620515,0.2801892801892802,0.3088833834719519,0.3235001357343227,0.36517719568567025,0.38757021199492664,0.4078524905971929,0.44166742679923376,0.44099212034383956,0.47415811273185665,0.4871424704502391,0.48622100954979536,0.4928597252349964,0.5017123287671232,0.4919844217009329,0.4973967684021544,0.4921973094170404,0.4742918035698428,0.4647849701718458,0.45095063822190484,0.4177687050678974,0.40290088638195004,0.3819194823867721,0.34441741011084076,0.31583694083694086,0.29613348883107565,0.26247739602169984,0.2345679012345679,0.2091438816674137,0.17618021899120445,0.15335261160310862,0.130886237362237,0.11056356957261894,0.08823529411764706,0.0732495511669659,0.06428316690442225,0.05506783719074222,0.04760623991393222,0.047244797713673306
0.04757112798463087,0.053257122119397565,0.05724174653887114,0.06355969818020417,0.07587976539589443,0.09215918404516893,0.11593298877205489,0.12906421687832118,0.16,0.17709744423372167,0.20753706018931953,0.23928700036010084,0.2717766866703037,0.2956091527520099,0.3215566714490674,0.34846980229303964,0.3734290843806104,0.41224673570463755,0.425457793657883,0.44767018565708044,0.4599095022624434,0.4679736200198753,0.49561125689982805,0.49628701798335867,0.5050084212392518,0.5055410397333093,0.49900018178513,0.4885420425839047,0.4840558939448226,0.4766092475067996,0.45468454684546844,0.435879155155512,0.41671881984801074,0.39497614117223373,0.369155491119971,0.3428649485474911,0.3056433408577878,0.28851339205464677,0.24824957901267394,0.22501797268152407,0.20124369142033166,0.16973138633495582,0.14126596033686498,0.1199748743718593,0.10357494848131887,0.08190914725936421,0.0689186741532331,0.060567594523528875,0.0493705035971223,0.04940405786552634,0.05087906233351092,0.05855896374921292,0.06106801371098683,0.07350255661066472,0.08686230248306998,0.10575441776166743,0.1208900099090172,0.14352898616261192,0.16847387758759746,0.18951036454610437,0.2214228617106315,0.24687895784331465,0.28468985299390465,0.3085049715909091,0.33676882741162645,0.3722510280708028,0.38741484403011833,0.4185962699342283,0.43755043486057565,0.45718710147567865,0.4751489286031831,0.48531810766721045,0.49346998004716125,0.4971828426026899,0.5014936181768807,0.4991515584531571,0.5038031319910514,0.4980488247572375,0.4777331629859463,0.4712798420391312,0.445405700755851,0.42759687102055666,0.40021555595473324,0.3684546034058829,0.3527554793902769,0.32155731795241527,0.2979635584137192,0.26705461056401075,0.23636526731252241,0.20783676417479235,0.1870477891916034,0.15693822739480753,0.1335763097949886,0.11081889906592908,0.09461949511700755,0.08120355265542868,0.06710992907801419,0.06060880594310564,0.05446388515029161,0.05149905465022058
0.056875,0.056373204888056375,0.0634479045140447,0.07229024126755491,0.084173249795696,0.09872727272727273,0.12459016393442623,0.1362162162162162,0.1641304347826087,0.1877380736441139,0.21862274907248214,0.24611398963730569,0.2680805750288402,0.2978477410174315,0.330294276945297,0.3522696629213483,0.39043643952454404,0.40135074290859973,0.42592257597684513,0.4604835799350415,0.46989447548106766,0.47764136571377364,0.4993209597102761,0.503968253968254,0.5151895331122861,0.5059608540925267,0.5018905293482175,0.49558626839054837,0.4921256258534365,0.482802088960922,0.4676226551226551,0.44064314426083073,0.41760782570031124,0.3878879771673207,0.35905017921146953,0.3505459101485592,0.3159528810154324,0.2879218472468916,0.26112011525301637,0.22402914778281346,0.20183568793305137,0.17798827244023455,0.15354861923180715,0.12888156086837044,0.10682331676457298,0.08897802899079223,0.07665883203760622,0.06891561906484579,0.05753823743627094,0.05869195669678805,0.05736671469740634,0.0612635609444799,0.06670257653290242,0.08125618644830379,0.09648420115709835,0.1118051783451023,0.12507811802517632,0.15108892921960074,0.17258516309749705,0.1938702139133561,0.231203007518797,0.2559184378780024,0.2903715612718828,0.3186455981941309,0.3412944393801276,0.371536523929471,0.3907415730337079,0.414929627650098,0.4363669000179501,0.4560840905041867,0.4735123367198839,0.48621508124885887,0.499462654486835,0.5006323396567299,0.5025789521310289,0.5016263100831225,0.49512794827429196,0.4939521548248365,0.47766884531590414,0.46223053625512206,0.45168993387215284,0.42634346314945193,0.40008992805755395,0.3870592446751387,0.3582380572542763,0.32371225577264656,0.3002802133236916,0.2708815672306322,0.23901172679258795,0.21454122697191916,0.1921050281325355,0.1631972605208615,0.13909569638641728,0.11238615664845172,0.10316381107787145,0.0832042285610134,0.06968292904515308,0.06287559422369719,0.05779144433390612,0.05322178711285155
0.06019434946913802,0.06371191135734072,0.06825112107623318,0.07682619647355164,0.0911221270842722,0.10787041191779592,0.12268393595970498,0.14217337351533416,0.1700203882634518,0.19634003425583701,0.2246052751665602,0.25241416309012876,0.2812104787714544,0.3051384114347747,0.3278046113186913,0.35514102106390577,0.3876844598287484,0.40656090346867435,0.4362580528082751,0.45168928148620346,0.4646061814556331,0.4818733897681266,0.49739208633093523,0.5019720329867337,0.5082128191394394,0.5151679306608884,0.5104546667853012,0.4980698446898285,0.49564123303675744,0.4932365851473618,0.46716120861226706,0.4441291238027669,0.4264453864886804,0.4028268551236749,0.3656656207978485,0.3510240427426536,0.32565492321589884,0.29690889370932755,0.2592659229938827,0.23128702207862142,0.20759129339809318,0.1823774199384838,0.1576412865709613,0.13778667637422642,0.11578947368421053,0.09993776118075931,0.08418688230008985,0.0709603118355776,0.06620366194642374,0.06117969821673525,0.06190691369182106,0.06819201435621355,0.07241222070223438,0.08897885739991003,0.10141298515471293,0.11295741396531372,0.1291186713099384,0.15977357801515565,0.18451519536903038,0.21139376567538518,0.22613906759495903,0.2563778959704318,0.28507234654444147,0.31548311990686845,0.34517674712955426,0.3691823899371069,0.4004482294935007,0.4225581605865846,0.44696356275303645,0.45519680754580083,0.4722444266808775,0.48797127468581686,0.50009130752374,0.5021047917599641,0.5104621137921823,0.5032195466172709,0.5013783903957314,0.49874371859296485,0.4832700307469705,0.4600641825637369,0.44488995812171434,0.44066262333665246,0.40926986399427345,0.3897676941155202,0.3567220139260846,0.3315676063925301,0.30078160093432754,0.2719511099128247,0.24877001520708472,0.21794412607449856,0.19383813886643314,0.1710845538682721,0.15268817204301074,0.12113309352517986,0.10619549418604651,0.09717473456901206,0.07935374453271445,0.0685755318194058,0.06668447293447294,0.06451905626134301
0.07028184088476633,0.07441694854904754,0.07698462085518713,0.08810295176385889,0.09607700690156193,0.12053531060674563,0.1304308472121651,0.14900305370935873,0.18028758645795412,0.19888408927285817,0.22940183094836014,0.2573099415204678,0.2801155860574318,0.3067600323188796,0.34992823824901326,0.37519128634440546,0.3946482367534999,0.41072858286629305,0.4285203716940672,0.4560349535772802,0.4746419241509774,0.49859563287125125,0.5015194851626743,0.5188223498313737,0.5112734487734488,0.5162960978658809,0.5171336783865786,0.507849645644568,0.5026436060578905,0.48314000539519825,0.4708097928436911,0.44872727272727275,0.4222222222222222,0.39850427350427353,0.3788300835654596,0.34401939655172414,0.32518115942028986,0.296636631278437,0.26637273812804263,0.23879373177842567,0.21393709327548807,0.1941790516631281,0.16627886164310005,0.13945945945945945,0.12212373533888442,0.10509950248756218,0.09571674363850403,0.08134321529874645,0.07903531749616115,0.07264185037947235,0.07627118644067797,0.0761633597295133,0.08250178189593728,0.09423563426093241,0.10779034284688566,0.12547425474254742,0.14078374455732948,0.16036613272311212,0.19139707211277787,0.22049801515698303,0.2409552024418709,0.2698312993539124,0.29152964180961694,0.3213768115942029,0.3604217798381965,0.37900691389063484,0.4042043640234167,0.4306280367104553,0.45252796420581654,0.46990361883978904,0.4844843049327354,0.499055330634278,0.5034063039331456,0.515340706386015,0.5134134224550628,0.509789832944135,0.51458502664138,0.5083422080227192,0.5045094791091478,0.475895502289254,0.45491470349309504,0.4426644945243913,0.4265064594814346,0.3858523805221791,0.36177076798996327,0.34100797679477884,0.3174745930389424,0.28532682397613235,0.2562224183583407,0.23200358583594802,0.19430901515823065,0.17678314121037464,0.15669234904139043,0.13579808034127266,0.12180922525750112,0.10175183806843968,0.09005083514887437,0.08270004470272686,0.07146071460714608,0.076936920723477
0.08488039985719385,0.08158085569253082,0.08947654410432893,0.09605083976395824,0.11224304165908677,0.12853773584905662,0.1457823683972094,0.16818798011748756,0.18578837230461287,0.21391868746056072,0.24008369723435224,0.27052188702891417,0.2942088463292294,0.3177149035862318,0.3401639344262295,0.37339714646920713,0.39956822883871546,0.4216726618705036,0.43654052124241344,0.4641135511515801,0.48708453757225434,0.4961784012229116,0.5043212099387828,0.515678810947979,0.5262016624503072,0.5244969773527023,0.5151734758583205,0.5128581925055107,0.5076728651381116,0.4897269655739202,0.47500222796542196,0.4555787942166045,0.4298332582244254,0.40728326841199386,0.38516379388141864,0.3642595978062157,0.3393003180372558,0.3026219956300073,0.27721711172635527,0.2517691888949374,0.21870105941962228,0.19493282841943918,0.1771037181996086,0.15180110697758825,0.1324217344368478,0.11483210630274736,0.1040201910942852,0.09286943915919181,0.08355795148247978,0.07998552298226565,0.08351120597652081,0.08223506048023109,0.09267765468792219,0.10889308515421275,0.12016274864376131,0.13526136159511407,0.1551081943951756,0.1776475890040559,0.19077872572154655,0.22113467464201558,0.24813763746009224,0.2725720959482526,0.30482058716926425,0.3348468660968661,0.35982594796199274,0.39006776034236806,0.405249910104279,0.4301397205588822,0.44952881478796664,0.47011734740289274,0.4938905613600142,0.5089350838803793,0.5084117221418234,0.5208296084391203,0.5158765854097328,0.5281709185973136,0.5231912607449857,0.516617969320672,0.4988608402442358,0.47485220554797636,0.4628269437477607,0.44919928825622774,0.42383336313248704,0.40033919485852004,0.37379456781385473,0.34890629219551716,0.3187460927034027,0.2878950187466524,0.26617341874943606,0.23498057638449724,0.21232629489261867,0.1818682327032483,0.16460719761883286,0.14628956467771967,0.12816143497757848,0.11511511511511512,0.10137036028677739,0.09000358937544867,0.08628018449850773,0.08932559178204555
0.09614698537281484,0.09827429609445958,0.10438919307063999,0.11453311908587752,0.1202087457261112,0.1367030965391621,0.15451607110791885,0.1778154862909708,0.19737315581144296,0.22129587675577708,0.24584808058807514,0.26915076422176,0.30128146869035716,0.31697600724309644,0.3558897243107769,0.38317417007730786,0.4077222171986617,0.425672018762403,0.45754373177842567,0.4730603448275862,0.4902504472271914,0.5005449591280654,0.5151433931921737,0.5180474697716076,0.5219238766838441,0.527002371829958,0.5253904506916555,0.5197822141560798,0.5046245919477693,0.4979818817831196,0.4781701007533811,0.46439489300485526,0.4304093567251462,0.4222123104371097,0.389541769153685,0.37858749437696804,0.33261183261183264,0.32120722177310695,0.2917344908663411,0.25841495992876223,0.23502804414691514,0.21015918440350564,0.18576576576576576,0.16510931688288125,0.1455160744500846,0.12469214631031651,0.11348355442485916,0.1063449508489723,0.09484238099539337,0.09421277368947034,0.09604417488911017,0.09857258281712901,0.10666787297566271,0.11709853850981798,0.1362209667294413,0.14429530201342283,0.16251545663310368,0.19143982808022922,0.20889573330917655,0.2416907514450867,0.26672777268560954,0.2947710647520997,0.3112029467253616,0.33229315263908704,0.36403111995657683,0.40465753424657536,0.41762383345297915,0.4332702532215914,0.47154545454545455,0.4788974243108902,0.5047293036663364,0.5139674840564089,0.516809373591708,0.5271012635048526,0.5292794818746065,0.5256158514816137,0.5173099520925608,0.5186153430091048,0.5096119295724039,0.49356300997280145,0.4794027702824249,0.4562812276945039,0.42795583086453004,0.4047234195402299,0.37867513611615244,0.36249888283135223,0.33378052052589213,0.30347054075867635,0.2749615975422427,0.24280476626947756,0.22150040046275696,0.1978643789358401,0.17123044096728307,0.1575796062777828,0.1366154395997141,0.12294489611562782,0.10868382886149383,0.1037143369818769,0.10003621220351258,0.09437954190046914
0.10254565080507332,0.11135135135135135,0.11265195857721746,0.12466487935656836,0.13876592284759237,0.15171984712470002,0.16689466484268126,0.18858651133157367,0.20463423295454544,0.23010616096542963,0.2555697589481373,0.28640733880215224,0.31371665465032444,0.34056746419994666,0.36904544624931557,0.3942127355541663,0.41894832275611965,0.4361863876218585,0.4628473164992307,0.4742918996933069,0.4886292695977883,0.5040913586907653,0.5268978941780216,0.5287011807447775,0.5340332769819379,0.5377034358047016,0.532353468363506,0.5212689901697944,0.5143323657474601,0.5088621544678116,0.4912453982221424,0.4737596274404442,0.4512227895726955,0.4355900117191021,0.40130996636572847,0.3779641150482373,0.3470556649364596,0.3292374412721359,0.3021226839359597,0.2682678041543027,0.24530204418370152,0.21784420289855072,0.19805773342836777,0.1816131360519668,0.15650741350906094,0.14277992973605982,0.12674793832915024,0.11886468408207539,0.11487521398324173,0.11306396086247508,0.10421166306695465,0.11654236678946896,0.12199730094466936,0.13601878612716764,0.14592585878727454,0.16108824055843923,0.17483443708609273,0.1935688981742211,0.22184483375044692,0.2505647420258426,0.2760841952458719,0.29932462854570013,0.3248129675810474,0.35116071428571427,0.3790097942312876,0.40470208183776024,0.43870395028850423,0.4445859872611465,0.47422961548950093,0.4798322327324647,0.49689385871494496,0.521188723289639,0.5264194877306108,0.5326916091536505,0.5342944126074498,0.5397437046330317,0.5252816584046868,0.5208500044456299,0.5068107519070105,0.5034339418037231,0.48584229390681005,0.46112866817155757,0.44040331292761975,0.4217791411042945,0.38848468517021467,0.3636281425212516,0.34063852813852813,0.309545209419378,0.2776070847641424,0.2547829286239882,0.2380449141347424,0.20567375886524822,0.18729365575086998,0.17091629876565456,0.15838962935913822,0.1347275828022619,0.12448467467288045,0.11943687556766576,0.10981785872945357,0.11336763245780306
0.1217784075812594,0.11924874191229332,0.13232920925228617,0.13812154696132597,0.14945603709648653,0.16545915595000907,0.18168631006346328,0.20202919188323246,0.22088824697598844,0.2443986377487005,0.2696969696969697,0.2992252204114347,0.3185888738127544,0.35245310245310246,0.3866463796652645,0.4023448150504408,0.4238608569616813,0.45214904834241804,0.4753787878787879,0.48160291438979963,0.5052480488023684,0.5141802466912758,0.5340537595350526,0.5355091621843376,0.5333572775433241,0.5346139905762958,0.5384337784193431,0.5278372591006424,0.5194459243473628,0.5103911425719212,0.5049928673323824,0.4812662076365913,0.4543880433792035,0.4414552676717523,0.4109848484848485,0.3812438124381244,0.3625125904221225,0.3331846963346116,0.3109926835877518,0.28120021242697824,0.26073317199964147,0.23178202432111183,0.21372338522096976,0.1932795942396522,0.17186092595928662,0.15372852388234237,0.1435589519650655,0.13335124485043884,0.12179544841234145,0.12310166160443095,0.12406320541760722,0.1257566175806306,0.12941281615872732,0.14095479663012955,0.15633156331563317,0.1752300956125458,0.19044216167932113,0.20577075796346952,0.23180007243752263,0.2572064056939502,0.2761160513787838,0.3050556208736547,0.3403682083520431,0.3606513614522157,0.3897648436796108,0.4137900196744768,0.43928251121076234,0.4532050705744853,0.4806554392353209,0.5008122743682311,0.5166335201591032,0.5303206215950701,0.5286796536796536,0.5423941266004119,0.5244046001992212,0.5419348905646496,0.5381227635562895,0.5334178590834994,0.5188413692908381,0.5096433770014556,0.4895117379273409,0.4672651432716721,0.45775218212903807,0.43118443468125167,0.40110625390311355,0.37820801440792434,0.35300946597606714,0.322937087863126,0.2978323181655321,0.2680449764236489,0.24162289440318782,0.21917562724014336,0.19942867345116944,0.1843656479550195,0.16824385805277525,0.15043145627613203,0.14791573285522186,0.13493563777117654,0.12957619477006313,0.12038205081996756
0.14247407937075438,0.147632058287796,0.1456871280092387,0.15775784753363228,0.1627403195234227,0.18474681854587524,0.2026857654431513,0.21422745808790214,0.2327999276738089,0.25755968169761273,0.28342536435231286,0.30975280898876406,0.3401879099450452,0.3666992621566361,0.39237447417882393,0.4131763039050739,0.43578106562585095,0.45429962141698216,0.4892252894033838,0.4915725300340685,0.5134646665461775,0.5208577349310749,0.5319559228650138,0.5540965914200917,0.549284290632361,0.5523964256701869,0.5456494550652136,0.5405935299884146,0.5350214044994991,0.5205035971223022,0.5061250225184651,0.48560858973202203,0.4676207513416816,0.45148852223816355,0.4212773527842021,0.39400505597688695,0.3707704669225962,0.3516483516483517,0.3234737126882496,0.29923250564334086,0.26965065502183405,0.2508116883116883,0.23020341445695605,0.21101084677786894,0.18702460850111857,0.18040728447115817,0.15899013663921818,0.15167279576643644,0.14234780283447723,0.1446965604177922,0.1457376901611306,0.14883383247118614,0.15328863924624025,0.15910934823762735,0.17326643970614586,0.19067989442067898,0.2074696374760296,0.22031757488271383,0.2495024425547313,0.2781569965870307,0.29264997297784184,0.31875282422051515,0.3512013105205679,0.3811030741410488,0.4031952342269158,0.42570317445961836,0.45421505185710487,0.4670210848801586,0.48826714801444043,0.5012887743311706,0.5274234693877551,0.5344562166078058,0.5386960810689624,0.5430734966592428,0.5423301844354476,0.5440184593539226,0.5424784271861934,0.5427817221918806,0.52841973766396,0.521326164874552,0.49555030875408645,0.47810021629416005,0.45490442430225253,0.428609865470852,0.4089716921407253,0.39094908862350725,0.3530824659727782,0.33505014909189484,0.30707235352712126,0.28591749644381226,0.2581313631858726,0.23491495076096688,0.22372727272727272,0.20063091482649842,0.1811463590483057,0.17509303803213216,0.15653333333333333,0.15257601732382928,0.14579405691713798,0.1372831070754293
0.16354055019649874,0.16152942239898763,0.1682951328645786,0.18208409506398537,0.18845257306795768,0.1983710407239819,0.21917080085046067,0.24364027230383375,0.25613372876786195,0.2742462767889575,0.30736441139125703,0.33123652048885693,0.35862440513603305,0.37175921772674264,0.4126710776760627,0.43145561063542137,0.4437761982868598,0.4599605876030097,0.48703770848440897,0.5070574485300728,0.5259032345256329,0.5389982110912344,0.547638326585695,0.5591715976331361,0.5579262756491737,0.5595570361033583,0.5529732183386291,0.5559125390450692,0.5391737891737892,0.5355919985582988,0.5089564209963461,0.49270401729418123,0.4761777301927195,0.45541973755168075,0.4337576192183578,0.4056322772813431,0.38978807117946884,0.3745194947830862,0.33678004535147393,0.3098263826740648,0.2997016544616219,0.2663755458515284,0.24303774276291681,0.21138866505506312,0.1984119823152576,0.18817108088761633,0.1797752808988764,0.172174070061394,0.1660727013542409,0.15436599679886182,0.1608680057388809,0.16997167138810199,0.17176448975842748,0.17966524216524216,0.1891891891891892,0.20557963163596965,0.21991738505747127,0.2414566328818728,0.268990727532097,0.29102942491727035,0.31524312511382263,0.3389279913373037,0.3715579710144927,0.38508700748354524,0.4204781235904375,0.43543543543543545,0.45417680454176806,0.47504971976134514,0.4917814304753443,0.5278884462151394,0.5305903398926655,0.5372676412199964,0.5487575132322599,0.5567121320890165,0.5528979664964615,0.5540019718562338,0.5439128882541949,0.540603665109594,0.54322897706589,0.5210263720598717,0.5039892424921559,0.4979815196913968,0.46925536774783005,0.4540142048008631,0.42016882183908044,0.40247022496691665,0.381824680546868,0.3456556934700486,0.32391730529317414,0.30623477397816473,0.27104741301604474,0.24821461270829517,0.2416959222252228,0.21518187562054336,0.19609615037050424,0.1850075495159428,0.1774494971967607,0.16599335667474638,0.16492471213463242,0.1593506257935788
0.18151607688162386,0.1745219499057366,0.18658129678059338,0.19749888343010272,0.21055945313905378,0.21571860401209123,0.23110439267295038,0.2595011337868481,0.2698226982269823,0.290304760150999,0.3156238763034879,0.34624434389140274,0.36699133232061476,0.39685675797036374,0.4077661196305264,0.44094206143100206,0.4539109942898577,0.4778824585015702,0.5049558479005226,0.5155614500442086,0.530819176376412,0.54583781844277,0.5603704036680751,0.5565123789020452,0.5665944775311316,0.573373676248109,0.5659831993496522,0.5548704200178731,0.555765595463138,0.5366432417632564,0.5289554392928018,0.5129454217410916,0.49681185451279747,0.47107586952604075,0.4543657923104563,0.4293203020879609,0.400543970988214,0.3797275497400968,0.3558566589409877,0.32999909885554657,0.30916239941477686,0.2798989078436682,0.25831913176069604,0.24304021210782148,0.2286231884057971,0.21877832155156787,0.19808541973490426,0.18906096141795722,0.1874888133166279,0.18128814794570466,0.18046536796536797,0.17825423880864807,0.18885393258426966,0.2030357142857143,0.21494989618127652,0.23098817041714845,0.24550302811172375,0.26323778908831147,0.28246198146315127,0.3048430493273543,0.328963907344227,0.35208544332934355,0.37601662750768117,0.3957131079967024,0.42429906542056073,0.45822371405243584,0.47675675675675677,0.4848975188781014,0.5097399655703543,0.5335483293021589,0.5448132404811432,0.5464637421665175,0.5631915085004947,0.5698364191982743,0.5784296028880866,0.5598090434156008,0.5640662357212433,0.5494269340974212,0.5452134954740788,0.5333930972658001,0.5203034359660865,0.49613726194753865,0.4798744957418198,0.4640610961365678,0.4449422094794373,0.40989620615604866,0.3843234177773855,0.3675314110096719,0.3473551182523921,0.3184971619064781,0.29516516783901703,0.27787673672960456,0.24662376506843106,0.23056925145674587,0.21765384956931,0.2058876323819781,0.19351910683489154,0.18256056619181563,0.1862797778971879,0.18145448079658605
0.19782115297321834,0.2035081439054949,0.2095637434204657,0.21383075523202913,0.2241163870046412,0.23479362780593774,0.2551271534044299,0.2673989376069146,0.29732900198520124,0.307033527696793,0.33607510058113543,0.3465787598004277,0.3815165876777251,0.39960310301280894,0.432353743972341,0.45544731432657076,0.47424931756141947,0.4992872416250891,0.5166120315407106,0.533062697338746,0.5521461351570233,0.5540330684205719,0.5647345612134345,0.569712185062315,0.575795833709081,0.5827607745159276,0.5778335724533716,0.5713645730669294,0.5581146223888591,0.547876693643721,0.5353462303380944,0.5298060595227455,0.4935402835097793,0.48666367310282893,0.4664811989589877,0.43637508999280056,0.41674903405517116,0.3983447283195394,0.3683408071748879,0.34928057553956837,0.3171532522850297,0.303471343337552,0.2703506715946994,0.2647430117222723,0.24697161453625022,0.22934957892850744,0.22550335570469798,0.2076708883499506,0.1980909090909091,0.20252710816381397,0.20171945701357466,0.20450637951316622,0.2132235793945831,0.22736013185605713,0.22794775451780283,0.24497599146363153,0.26540790879943,0.2907247936849659,0.30271084337349397,0.32145409074669523,0.34518131917574013,0.36980695667645225,0.3900026971140879,0.40794384218944374,0.4419068334239623,0.4686872375387986,0.48840159478071765,0.5039306044998645,0.5207154590253696,0.5399256373937678,0.5465470852017937,0.573058950395399,0.57,0.5779162152401589,0.5822922324823465,0.5819761129207384,0.573027573027573,0.5764780329054421,0.5577406609195402,0.5402154398563734,0.5283807829181495,0.5181932245922208,0.492105729998226,0.474696817725905,0.45303125279842393,0.42866077012418474,0.4094087730451367,0.37891356703237894,0.35764427021606343,0.3278980664706406,0.3176705370101596,0.2900310388899032,0.2773273942093541,0.24803079126387398,0.23606498518983934,0.22530000902282776,0.22256885640431412,0.2090868196131354,0.19925113666755817,0.19781903388608507
0.22349310094408134,0.22827168309668083,0.22874187516694863,0.23886281108847754,0.24637550652859072,0.25265909500630973,0.2667870036101083,0.2874808195685531,0.3103417427088925,0.3374798639699302,0.3525629576710127,0.37431076561511345,0.39782214156079854,0.4316193536868416,0.4474247014792372,0.4731830024256581,0.49076376554174067,0.5092659229938827,0.530905476233508,0.5507074395253309,0.5611273792093704,0.5750400569699128,0.5809909909909909,0.5903408579908265,0.59415497363482,0.590475341121912,0.5853901996370235,0.5792110206637445,0.5781193815174398,0.5675820256776034,0.558683762216444,0.5369801084990958,0.5129899520231738,0.5030485110895113,0.4816550978094294,0.456301086858888,0.4350031141560637,0.4138921295880822,0.3833184656556646,0.36891098056936283,0.3401064773735581,0.3287337662337662,0.3028015281062398,0.27915887017731444,0.2664995074773887,0.25303152789005656,0.2458448137943294,0.2366570501262171,0.22704311744542666,0.22142597968069666,0.22451940515052593,0.2361411087113031,0.22774365086641607,0.24199157971810362,0.25442477876106195,0.26307733861528765,0.2858188472095151,0.30257666485211393,0.3248029752944302,0.3391775869859919,0.37287372873728736,0.3935102187163858,0.41541505531072936,0.4371402877697842,0.4569027181688126,0.4782530229200505,0.49280800500312694,0.5214953271028038,0.5398089171974523,0.5552754771335974,0.5653302308931448,0.578168696436626,0.576933514246947,0.5905381864857431,0.5860696517412936,0.5875676155005763,0.5947524485578219,0.5727272727272728,0.576036866359447,0.5660054102795311,0.5383017163504968,0.5288268564130633,0.5044334975369458,0.49157829070492826,0.4711961894490878,0.44762595143167816,0.42585723333031755,0.3990254466702761,0.37245639534883723,0.3588547383827296,0.33506400501298006,0.30771300448430494,0.29097440502918726,0.2759323235007529,0.2635827664399093,0.2518491791448674,0.23411371237458195,0.23449386914884096,0.22745274527452744,0.2247548129313476
0.24984060479096457,0.24644635581711183,0.2523297491039427,0.2666904676901107,0.2611278676537794,0.28304610664982405,0.29643906020558003,0.31597845601436264,0.3310994385075168,0.3469881678020796,0.3709795321637427,0.39489714840646245,0.40770465489566615,0.44320014334348684,0.46341683186159666,0.4774223034734918,0.5085370237239396,0.523963092358685,0.5494765589440146,0.5454381373522246,0.5767575322812052,0.589011580931861,0.5918293890038694,0.6033438770899232,0.5906379902403759,0.6067866049162808,0.6013922791790978,0.589113417076279,0.5901276143211627,0.5747933517020709,0.5643887830111626,0.5464362850971922,0.5316695197765564,0.5076964867801521,0.49320302087960904,0.4723267060720043,0.45135797983468073,0.44030316540347747,0.40838029449191054,0.3856876498268667,0.3612537630600319,0.3367438520911865,0.3186573273901574,0.30592612759778565,0.2936059546229038,0.27544856189703365,0.2559754667628754,0.2582799386336973,0.25704883038334964,0.24757238307349666,0.24746926970354302,0.25528837461580184,0.2533345189400676,0.26124910007199426,0.27328742297934033,0.2951601295430011,0.3130669061517737,0.31603177468857196,0.33719067117678475,0.3640585923544123,0.3683974932855864,0.4090708160198037,0.43068859569853607,0.44631749752095917,0.473556176232093,0.501668620907369,0.50978800180424,0.535554761479364,0.5400249598858977,0.5669630827270278,0.5773307964120685,0.5817320826882798,0.5974014256067852,0.5988613771913971,0.6065174219173136,0.599856257299434,0.603494623655914,0.5967857784162327,0.5803795202291443,0.5736789990098119,0.5511571798766867,0.5381371141421393,0.5255018990775909,0.5060305548110426,0.4768964889939967,0.47286405158516925,0.4367857464231081,0.41239258254183625,0.40007254261878855,0.37785714285714284,0.34669285012942963,0.33915324769314276,0.3134180409119582,0.30111957008508733,0.2807316417107505,0.2694536054906854,0.2584471603163192,0.24703646728802822,0.25196850393700787,0.24792343806428313
0.27584650112866815,0.27604259094942324,0.2772058823529412,0.2880863805462299,0.3039834174477289,0.30433596945732205,0.31908934863131266,0.33297297297297296,0.34323050937861144,0.368511640547151,0.39966228226093137,0.41369912790697677,0.4339419012501124,0.4608056614044638,0.4721601572973456,0.5039477266539614,0.5271227472428943,0.5356153364911967,0.5545882561961446,0.5758009665294433,0.5804860550623262,0.5933957171135504,0.6005614416372362,0.6099079588521927,0.6200017971066583,0.6061842582517228,0.6133002745063314,0.6121611982881597,0.6019913885898815,0.5872647819495229,0.5734965597355017,0.558363309352518,0.5528544113630156,0.5273978725306159,0.5068382944489139,0.4862706389088299,0.4701599856192702,0.44394538268056055,0.4232286995515695,0.4058406113537118,0.386789912949834,0.35463602908177005,0.35225013555033435,0.3253076992183991,0.3104293364799855,0.3066220977504743,0.2844295058139535,0.28330461594268613,0.2705473346407559,0.26790379245113055,0.26825779923125054,0.27063427063427065,0.2866338846669647,0.28355286578853683,0.302091822874219,0.31263052755834014,0.33032361880922584,0.34685803661790415,0.36771822907331064,0.37808024197135487,0.4110502283105023,0.42718181818181816,0.4382562277580071,0.4705775846460257,0.4920491507047344,0.5087985707905315,0.5289032955159373,0.5549900018178513,0.5618170324212047,0.581214369740295,0.5922338967565098,0.6020900321543409,0.609521238300936,0.6137362144714427,0.6127659574468085,0.618701109696198,0.616183908045977,0.6068353067814855,0.5916092787241755,0.5928030303030303,0.5699928212491027,0.5545701357466063,0.5403225806451613,0.520995747696669,0.5072130846274006,0.49058134294727357,0.46198883084128983,0.44454487932748804,0.40704661325564456,0.39821905609973285,0.3678234011627907,0.3587724063009234,0.331688498115916,0.3256614715476622,0.3022525352239074,0.2990620490620491,0.2857778965179446,0.2756727567275673,0.27082218655252366,0.27311496234461485
0.2964172335600907,0.3003898812222323,0.3018351136674884,0.30868024800708593,0.31451029996385976,0.3221633276435181,0.3370264474624732,0.3568028738212842,0.3676657584014532,0.394383831157217,0.41082543978349123,0.43272596714837086,0.46038563465228916,0.47886686577970855,0.4902881922486223,0.5224434389140271,0.5409095018533586,0.5546315137574095,0.5718543943636528,0.5791966481464614,0.599604814082989,0.6148229280759401,0.6164507654678866,0.6298829882988299,0.6235136343316943,0.6255860079336458,0.622032542011203,0.6245221190606226,0.6140789708772557,0.6030805687203792,0.5966810966810967,0.5843772369362921,0.5549842129003157,0.5436193222782985,0.5254191454840454,0.5095437193237593,0.4857449280543391,0.46034327009936765,0.44999108575503655,0.42720720720720723,0.40043270530965475,0.38846396112660847,0.3707855093256815,0.3561643835616438,0.3316505904624538,0.32385650224215246,0.3102074087492075,0.3066029385731988,0.3035634544967402,0.2982424515547544,0.2955245515491937,0.30079646017699113,0.3068181818181818,0.3162933526011561,0.31689448762619493,0.3451247979888669,0.3521653894136518,0.3617655023016518,0.37721518987341773,0.40016285171446664,0.4234606741573034,0.4454942508244942,0.4628136200716846,0.4867777576525992,0.5076028622540251,0.5260830324909748,0.5445251546946462,0.5639566395663956,0.5811461266006721,0.5899604174163368,0.6034686279851085,0.6131810352642553,0.6218585099722744,0.6281809189821059,0.6271631783999275,0.6271293947082276,0.6173226934457097,0.6206360811551819,0.6094336251563337,0.6016267429388631,0.5796619313073188,0.5796943231441049,0.5544652502700756,0.5386369856764893,0.5216884746370317,0.48536431595064394,0.47622427253371186,0.4563481381785554,0.431647027553823,0.40735413107974466,0.38854657484595867,0.38365503807331325,0.36228775692582665,0.33297032398584264,0.33471409275101305,0.32730887402855596,0.3118338343809784,0.3066894443445424,0.30245864997764865,0.29686931197670186
0.3262950702335152,0.32094655389598703,0.3197643277986074,0.33282250067610203,0.33540708682715714,0.35225748770675014,0.36737601282165433,0.3858331825583499,0.4010575371930453,0.4202012940330697,0.4381331403762663,0.45928132899963886,0.48429319371727747,0.4930473507225302,0.5141132611397125,0.5279654147527695,0.5596802841918295,0.5790793480207773,0.579874213836478,0.6008075370121131,0.6162221012520414,0.6252472576874663,0.6225684438040345,0.6338281601439496,0.6374943668319063,0.638778921439254,0.6417097740266812,0.6410973738832235,0.6285019367624538,0.6234517674712955,0.6062116223191243,0.6002909619930896,0.5821232073599711,0.5661658218682114,0.5439833649760419,0.5205197132616487,0.5075434859779908,0.4868681417521137,0.47184889211768977,0.45035906642728907,0.4277592275065427,0.4,0.3920947901591896,0.3798470535312641,0.3604767537075789,0.34497344973449734,0.34369140101794804,0.33042082738944367,0.32374036220190067,0.32120507777579116,0.32288656069364163,0.33524904214559387,0.3305956678700361,0.3369741830655353,0.34517673048600883,0.3667448574521833,0.3771613832853026,0.3863270777479893,0.4017977528089888,0.416398426323319,0.44258053002587666,0.4575134168157424,0.48666906863628173,0.5009777777777777,0.5316764572977858,0.5363676929941991,0.5649223075549206,0.5805610501708326,0.6028214867064569,0.610859318346628,0.6178920680912713,0.6289511494252874,0.6345159241448144,0.6405651777575205,0.6384439359267735,0.6335326135451057,0.6345893195988073,0.6306192453511464,0.6227726300784034,0.6134240362811791,0.5998029027056083,0.5941532076152666,0.5675069525432852,0.5471543232396936,0.5351821935020643,0.5153480723551982,0.48838040757954954,0.47981084030556564,0.45645941587529115,0.4280061156578829,0.4097693351424695,0.4019712306872669,0.3840722202359671,0.36526620789569,0.3555099124843722,0.3547832383021088,0.33158513427977215,0.33312410329985653,0.3202496156281089,0.3216638094378778
0.35463749774001085,0.34574178318503723,0.3535727174305305,0.3607769758531587,0.3637510134222142,0.3775855920114123,0.3899445404127648,0.4111532899493854,0.42313974591651543,0.44537967236854015,0.4501529602303401,0.46982248520710057,0.49332855735649683,0.5191413237924866,0.5434762979683972,0.5520179372197309,0.5699186991869919,0.58811934414479,0.5965545233155949,0.615592853275582,0.6284502976727404,0.6371349468607663,0.6468126780626781,0.6513638794794081,0.6572258533042846,0.6479343315893921,0.6598122485471614,0.6510416666666666,0.6471926471926472,0.6388839045397452,0.6148757375290542,0.6130571814497974,0.5923132836634563,0.5741553902679452,0.5631313131313131,0.5327691753691034,0.5201246660730187,0.5044603033006244,0.4891982283286631,0.4586358340055571,0.4478399272396544,0.43537777777777775,0.40878923766816144,0.4003561887800534,0.3826838268382684,0.3772072072072072,0.3663202428032742,0.3638002523886786,0.35848032564450477,0.34788911034607717,0.3488901018922853,0.35725232128369244,0.3604120017913121,0.3759735028198013,0.37831541218637993,0.3878997093023256,0.39489123567108947,0.4219784205276997,0.43492437279231955,0.4462854088722608,0.4652521801672211,0.48868573497465606,0.4972265163226334,0.5190224688926686,0.5441242481371756,0.5600533807829181,0.5790609821910415,0.5968045956377345,0.614320807933764,0.6280901928823689,0.6294867193108399,0.6396906752989839,0.6472165132695916,0.6577809798270894,0.6577229876722263,0.6507544581618656,0.6490788767662314,0.6493317574324938,0.6404433630711003,0.6309523809523809,0.6100565796678226,0.6052654985324202,0.5785843920145191,0.5653118493708699,0.5584699453551912,0.5360433604336043,0.5054749399091961,0.4901057197072377,0.4728270649631096,0.4604951756781358,0.4308396124865447,0.42556053811659195,0.4107883817427386,0.3923601878932908,0.38985228002569045,0.3678171304662089,0.3635058760204539,0.3508093525179856,0.3581646423751687,0.3477260173080464
0.37815051473198436,0.38649592549476136,0.385662189806991,0.39494499499954544,0.4021221113209244,0.40341679472114256,0.4155844155844156,0.42781563845050213,0.44798492056368366,0.46947935368043087,0.47563784549964566,0.4976002897763289,0.5165497391617198,0.5404551201011378,0.5413580797715714,0.5708068902991841,0.5907875980042766,0.6012291796561859,0.6183871254556771,0.6313071836217049,0.6413681075715189,0.6446043165467625,0.6569415590280914,0.6646631380640531,0.6788037585833032,0.6685760315045198,0.6624175029382515,0.6603400197895115,0.6562472010747873,0.6541468236139815,0.6454373479866679,0.6266000907852928,0.6115036231884058,0.5912474217558963,0.5818865222838733,0.5701957295373665,0.530331796401772,0.5209212699577904,0.5058087578194816,0.4927470534904805,0.4728089887640449,0.4499641319942611,0.4368011450040254,0.4205858640150497,0.42192098457147953,0.40973667541398967,0.38272834253643523,0.3929583904892547,0.3899589228662711,0.38519719070772557,0.3852724330156447,0.38061785103125284,0.38090958116124396,0.39128473475279685,0.39543828264758496,0.41783009398667764,0.4237212618071645,0.4377409233527566,0.45526387501135435,0.47287305122494433,0.4880909418982317,0.5148951489514895,0.5255074546434345,0.5515450067174205,0.5615150429799427,0.5839722526469514,0.596874717731009,0.622335661830557,0.6276931398179032,0.6384890437333822,0.6554460864805692,0.661415220293725,0.6707306059785063,0.6631406164508481,0.6720521288940462,0.6679898953446409,0.6618499687806618,0.6550890699131681,0.6521386762719495,0.6404394034116281,0.6305148710575973,0.6228149216074969,0.6073279714030384,0.5888001435879027,0.5641573233671472,0.5542908762420957,0.5371276122721209,0.5152203543843707,0.49557126241388566,0.46936767730972184,0.4734624350008965,0.44798282493961894,0.4390788181737035,0.41992101799034665,0.403372591006424,0.3975395114942529,0.39106998472733806,0.38213868153610936,0.38452562606588275,0.3773856679870364
0.4149302409856858,0.4112627986348123,0.40951526032315977,0.4202044387144304,0.42947501581277675,0.43154681748810486,0.44863563402889245,0.4539743239552035,0.4751697034655234,0.488080412737947,0.49436695278969955,0.5305651672433679,0.5422654646076943,0.5577830188679245,0.5694381203897642,0.5821373068836274,0.6070130813953488,0.6219600725952813,0.6338925271373463,0.6491640307275192,0.6587009253436349,0.6656005685856432,0.6730959002422177,0.684559548346626,0.6748194945848376,0.6923632424625383,0.6816135422294255,0.6788082477972568,0.6691587101423166,0.6657150504059238,0.6483046995727662,0.6471441523118767,0.6278547023916562,0.6138284481208416,0.6002321635860345,0.5770168940283675,0.5604198439041894,0.5411522633744856,0.5318977841315226,0.5076028622540251,0.4872472217161596,0.4785733536968826,0.45861944344054933,0.4448020023241262,0.4355751099937146,0.42116976764889164,0.41599570585077833,0.41552839683680803,0.40142882980647493,0.40736395632163164,0.40515013810923994,0.4057065217391304,0.41520307354555436,0.42334651329978434,0.43648442409552024,0.44095907697854697,0.451710890735281,0.45838599025094784,0.4746057939127246,0.49073823077618145,0.5191177799873452,0.5206706884315118,0.5456825510569688,0.5614490161001789,0.5757328251202468,0.5933398803678243,0.6180249797825501,0.6256331403762663,0.6335822910105282,0.6531608935515962,0.6620677297975274,0.6718792370966284,0.6831043581111819,0.6706820034417172,0.685589915661558,0.6830437929786464,0.6776844738252635,0.6803404871864529,0.6674524025385313,0.6584024522178147,0.6540318254961559,0.640466441160762,0.6266152189519024,0.6056451612903225,0.5921207192554441,0.5748519362186788,0.5545831829664382,0.5381420962354428,0.5127884099445538,0.49923375101415307,0.48991121872477805,0.46567164179104475,0.45866476003217443,0.4470183693783368,0.43077059975084536,0.424331550802139,0.4179397837934423,0.40757954951734,0.403597827054947,0.40888125169575834
0.43369207506893176,0.44017247574559826,0.43994224347983035,0.4365391490883089,0.4567791329119558,0.46554817871882287,0.4675324675324675,0.478311421160898,0.4873292595255212,0.5119569185834246,0.5334356105044671,0.5437733442652819,0.5649905550058469,0.5704667455190611,0.5920898876404495,0.6090165392139427,0.6191939273450208,0.6382504899340816,0.6561960962324104,0.6643742647724188,0.6736450969729926,0.6844703770197487,0.6921669106881405,0.6931859369336716,0.6987133666904932,0.698982373250954,0.689516847922981,0.6959609409675988,0.6882682574114244,0.6827070379381814,0.6723327305605786,0.6650803627547813,0.6397372159090909,0.6230626162430254,0.6117796073464218,0.596236021456496,0.5797882052218367,0.5674393627494854,0.55040071237756,0.5187059461413338,0.5158273381294964,0.5028504207764003,0.4867026055705301,0.4834144582657292,0.46739523121387283,0.4617781851512374,0.4445943515020687,0.43761789275128,0.43640965380095814,0.4339470861637469,0.43239411660464294,0.4298569243228651,0.4504098729844158,0.4435709767778079,0.46490992202204895,0.46963783244077334,0.4887465690759378,0.4869266262553153,0.5069344380403458,0.5191785778903565,0.5409045409045409,0.5513267220584294,0.5764368331390657,0.5825075006818802,0.5994256999282125,0.6166471277842908,0.6364676879732347,0.6507339449541284,0.6667569275205344,0.662657091561939,0.6707871296127976,0.6795994993742178,0.6950539568345324,0.6972427464408002,0.7010586757581195,0.6976553980370774,0.6942462288862795,0.6833962942975356,0.6776513427401001,0.6709259425897598,0.6628249798981506,0.6562471930297314,0.6349162777930277,0.6251015801354401,0.6070238631247186,0.5921382521489972,0.5769127034073541,0.55404316289066,0.5470754116255799,0.5330941704035874,0.5061349693251533,0.4998214285714286,0.49326266618756737,0.4705935824015999,0.46655308464849354,0.4618437669132239,0.437997523438882,0.43960610714608367,0.4449991085755037,0.44251409859923596
0.4599786552828175,0.4645986053996067,0.4703378317181415,0.4811874041324551,0.4784529390551749,0.48620378719567175,0.4953801116091849,0.506141388408698,0.5313596688562944,0.5347203698764115,0.5595323098893252,0.5655927376290495,0.5820110536637547,0.6003976143141153,0.6173968139029689,0.6313426133812303,0.6405910079767948,0.656901908566356,0.6632771385246633,0.6834833196982093,0.6827157154449554,0.7011710020559578,0.7073541238495219,0.7023185573420982,0.7134680736898587,0.7128429707748681,0.7162428366762178,0.7077088755272368,0.7021388499298737,0.7015969854656379,0.6816784228612769,0.6724478792235802,0.6607158876827846,0.6585040071237755,0.6288023245255607,0.6220125786163522,0.606539309331374,0.582843399251737,0.5673649990969839,0.5676037483266398,0.5433091981764548,0.5308065385306269,0.5156151561515615,0.5013614086041024,0.5059561128526646,0.4883384559754113,0.48120633236048466,0.47154914239041656,0.45992245965197004,0.4670835194283162,0.46879783881134623,0.46236268683594456,0.4598911394664049,0.47820672478206727,0.48056854983807124,0.49134199134199136,0.4985494106980961,0.5164423848141877,0.5230672758219117,0.5518799710773681,0.5588131089459699,0.5802974971051928,0.5868971792538672,0.6051927194860813,0.6122852774530083,0.6264294790343075,0.6497840949982008,0.6594647461545301,0.668980438114126,0.6819560949491343,0.6967896417169209,0.6935483870967742,0.7042215161143894,0.7079978529253892,0.7163695299837926,0.7142471424714247,0.7107825459790841,0.6997071612387967,0.6987907991635603,0.6868240807498197,0.6846593486346729,0.6765209553853087,0.6485755499459069,0.6384766672626497,0.6188003581020591,0.6120291400142146,0.6016289268772935,0.5789095481900656,0.5634475787926123,0.5490863489788607,0.5322565927548134,0.529248160775166,0.5109443402126329,0.4958923896361831,0.48590080696346,0.4810756972111554,0.4685333573422166,0.4655015474239942,0.4593340611353712,0.4618372324089965
0.49607002500893177,0.4975901463762942,0.49902378416755416,0.49730493947159143,0.5038291737994414,0.508609865470852,0.5255910861491077,0.5382847038019452,0.5478167693544066,0.5709152968651756,0.5742371675117872,0.5859527614988457,0.6046972014757491,0.623060872720675,0.635574052293495,0.6442813123074135,0.6692362854069559,0.6642996627019351,0.6910590978387589,0.6897562763423126,0.6961511299435028,0.7168213352554285,0.7213581015020887,0.7227135953314489,0.7276514808441265,0.7259955257270694,0.7252468520699339,0.7287908555099125,0.710876753954777,0.7122166246851386,0.6962274271410692,0.6942507922136714,0.6797621193007749,0.668340356854658,0.6495335486185863,0.6400979325353645,0.6287382128423888,0.6212969653179191,0.5938037865748709,0.5775147928994083,0.5700035625222658,0.5585634362028514,0.5400291120815138,0.5267593007619902,0.5134577426879599,0.5115740740740741,0.4980947196516059,0.49394263317299125,0.49454414284426007,0.4889578390217193,0.5015243902439024,0.49259423503325944,0.4944033218992598,0.5010277951559567,0.5073986116185605,0.5130904183535763,0.5447993593736098,0.5487068577092908,0.5566408032861707,0.5748116254036598,0.5692293922849727,0.5852797392721347,0.6080063767602515,0.6190390336248084,0.640570696908725,0.6557435759692005,0.67012295834098,0.6789105895000896,0.6946320654105936,0.7007831968672126,0.7099749283667621,0.7226800429953422,0.714029100053889,0.7147638863759725,0.7291703835860839,0.718386135932846,0.7198440050789044,0.7107697835264529,0.7125743189280327,0.7023690659889262,0.7036673507629161,0.6804095931015899,0.6682447521214828,0.6640512265512265,0.6450711839971166,0.6280799211540185,0.6260877366107472,0.6040786991285598,0.5875089477451683,0.5794291868605277,0.569256907806492,0.5382119682768566,0.539827036868457,0.5185751551677611,0.5130704071409053,0.5016540008940545,0.4960658737419945,0.4922927002126152,0.48868940754039497,0.4933236442910346
0.5200542005420055,0.5266389741737403,0.5310653536257833,0.5279676258992806,0.5439103722443079,0.5446660109094161,0.5515085621092688,0.56158476327374,0.5795177458683284,0.5821659482758621,0.5983081032947463,0.6130765785938199,0.6270540172492056,0.6412275936990766,0.6542437431991295,0.6687880960917891,0.6777537407607716,0.683974932855864,0.7038722341184868,0.7061054913294798,0.7283555555555555,0.7274952406853413,0.7335342611470614,0.7372936076007748,0.7362244430182452,0.7384782215796132,0.7345690120568652,0.7281002162941601,0.7291591807402084,0.7241255605381166,0.7162019061066007,0.7130720745409701,0.692176565584066,0.6829312207418077,0.6741502118835091,0.6642677222022311,0.6483882585989555,0.6305125148986889,0.6205779098028625,0.5998015694056101,0.5860039833423863,0.5814591332967636,0.5643342877594846,0.5545298217033215,0.5552676257707087,0.5343755714024502,0.5395535714285714,0.5285366513389235,0.5128799358231572,0.5227662068343703,0.5309177888022679,0.5296922800071981,0.5229801203720591,0.5259279230700099,0.535824136059345,0.5406137184115524,0.5578098697616727,0.5730012633098719,0.5771099514126327,0.5866534760320172,0.596270480673486,0.6296528274874732,0.6374138085430285,0.6390580961905628,0.6516481547832318,0.6799964054636952,0.6919642857142857,0.6979232221522971,0.715987460815047,0.7175353752462834,0.7181088314005353,0.7348041422782531,0.7350226244343891,0.735750830266583,0.7441274412744128,0.7374211000901714,0.7418061987887424,0.7341626963119816,0.7268671366110466,0.7186691642137186,0.710104963529621,0.7044917257683215,0.6941313293970299,0.6763537906137184,0.6651079136690647,0.6561268362594053,0.6333125055788628,0.6293857671146388,0.6129408597325675,0.6079749103942652,0.5858222382151853,0.5702418986764035,0.5613328451116807,0.54971072541166,0.5442325158946413,0.5330829756795422,0.5276732939279957,0.525305410122164,0.5203636363636364,0.5227828607663738
0.5467118765057554,0.5604585570011827,0.5551968433324366,0.5546271909908274,0.5578237410071942,0.573939833272925,0.5743097884546432,0.5825442201179203,0.6099386724386724,0.6163437387872264,0.6223093761400948,0.6368392567201876,0.6457571160881592,0.6583235797244981,0.6700035435861091,0.6807059037569362,0.7027027027027027,0.711285379484406,0.7150310335522173,0.7301829268292683,0.7374181394097067,0.7444504117436448,0.763977417592424,0.7561796757331444,0.7540365984930032,0.7532138330617418,0.7524531668153435,0.7537505548158011,0.7484624298065782,0.738820771727371,0.7308212386189489,0.7240531682447195,0.7056990204808549,0.6980501895649034,0.692127544586561,0.6794072467696756,0.6720658763912768,0.6591302762330203,0.6399568810636004,0.6254162541625417,0.6168866389441331,0.6030204962243797,0.5911791179117912,0.5736823234134099,0.5825831179249488,0.5636102637717567,0.5561772403212707,0.5535585909417685,0.5416666666666666,0.5398206278026906,0.5531585654469324,0.5450068399452804,0.5608047422310042,0.5680468046804681,0.5640175611504346,0.5817194570135746,0.5801608579088472,0.5904212140344548,0.6059533532988475,0.6207801611005521,0.6291765565090378,0.6521077597780364,0.6550356144621765,0.6688795191531354,0.6757801960607969,0.6912698412698413,0.7030057909734351,0.7145320867749841,0.7240374988622919,0.7339051918735892,0.7400415499954837,0.7482925052363173,0.7478168827732204,0.7500447467334884,0.7514942945118638,0.7557349972472013,0.7511619592420451,0.74765003615329,0.7433628318584071,0.7288570904421207,0.7266350883585353,0.7276785714285714,0.7073871286240014,0.6979506710192238,0.6893283514080014,0.6823487481065669,0.6697239615486374,0.6509045316138277,0.6277812809656788,0.617918552036199,0.6167870036101083,0.5998920572096789,0.5914278012400036,0.580775082788866,0.5655397652043428,0.5680108744902582,0.563858695652174,0.5540805416963649,0.5424549448578858,0.5475261571200567
0.5821874719151613,0.5737600291757841,0.5821042281219272,0.5890361554413488,0.5931716082659478,0.5893099394049018,0.6030783159800814,0.6164346654692411,0.629436137632859,0.6377458120903132,0.6478746397694525,0.652891816295227,0.6774395143290778,0.6808587734396232,0.6868879216539717,0.7083333333333334,0.7136759736795305,0.724309642372114,0.7350981451467675,0.7431300117127669,0.7504515895953757,0.7578624853564027,0.7706955122474521,0.767826634295477,0.7680375180375181,0.765434330651722,0.7677290474893308,0.767756381549485,0.7622638081395349,0.7568416330192912,0.7466848319709355,0.7419708029197081,0.7326589595375722,0.7204502814258912,0.7107549028387212,0.697867726779906,0.6867787369377556,0.6750922011333993,0.6567532942898975,0.6527069351230425,0.6482195712619966,0.6325088339222615,0.6241414048905577,0.6042572463768116,0.5971833528933826,0.5847064178425125,0.5882988298829883,0.5771483521286825,0.5701793924096277,0.5750693016185281,0.5740607585834981,0.584876682627157,0.5892647722147045,0.5813974509626684,0.5953116481918953,0.6041666666666666,0.617156907385484,0.6253352404791704,0.636248872858431,0.6424042154148433,0.646367034369587,0.6604776926543489,0.6805220345043353,0.6933120170530243,0.7056280954524988,0.7108760509899648,0.7160812979140667,0.7285405794493431,0.735632183908046,0.7416402356139556,0.7598100698799498,0.7608969740634006,0.768327657286252,0.7741557856821252,0.7677649154051648,0.7650640164741696,0.7694396668778855,0.7601935657316964,0.7528802357774403,0.7524424128349915,0.7494301085073402,0.739429606156632,0.7150017901897601,0.7075446308423791,0.70757766205782,0.688298918387414,0.6806670233636526,0.6684158147109382,0.6647373107747105,0.6443728176201987,0.6258601955813111,0.6226901208244492,0.6078006500541712,0.6057493016130485,0.6022039562821787,0.5930398998031848,0.592502478147247,0.5873258426966292,0.5832727933163822,0.5808475809385231
0.6082129963898917,0.609149855907781,0.6121098291744924,0.6080732639815062,0.6206677553982943,0.6141003538698848,0.6356344628695025,0.6343931930138826,0.6444624966152179,0.6509238395673727,0.6696317381248889,0.6801160576661529,0.6985294117647058,0.6979307852173128,0.7176218914341742,0.7219189116620425,0.736448766432559,0.747008394356135,0.7452728254997298,0.758337840274022,0.7661217075386013,0.7753454153956576,0.7748917748917749,0.7799370220422852,0.779987402141636,0.7793758480325644,0.7790295396079127,0.7823852880194717,0.7745831455610636,0.7721507600971486,0.7644308577593958,0.7575298520762788,0.7482027158959794,0.7430057388809183,0.7309445089804307,0.7162005182736128,0.707738474129308,0.6973648465091008,0.6876242095754291,0.6720796698367127,0.659416978890615,0.6548991354466859,0.6499504816782209,0.6322268830931972,0.6217583807716635,0.6185888859156186,0.6166894664842681,0.6135672095936997,0.6017881090746535,0.6042001787310098,0.6038540094130184,0.6179613830264931,0.6173487866714958,0.6269325770743757,0.6305583115360331,0.6245289790059214,0.6349905601006922,0.6520840819259791,0.6526032315978456,0.6624020181998378,0.6707239531292579,0.6919710636777708,0.6995073891625616,0.7055892743907962,0.7050327034883721,0.7361260293591121,0.7396587152684714,0.7488571950996525,0.7493256608523646,0.7669982659487086,0.763852122318576,0.7771068048670572,0.7774504552758436,0.7813779921725675,0.7862741523878964,0.7745551601423487,0.782027111949008,0.7718237611065311,0.7773867532936293,0.7707907142221827,0.7520295868663178,0.7467330429371499,0.7409856858126472,0.7286125089863408,0.7272484891574831,0.7124626663046429,0.6997802600256363,0.69170536283347,0.6761090326028861,0.6721965370320008,0.6551040634291377,0.6418534329420135,0.6364127012683278,0.6348125964243579,0.6271201732226633,0.6117920730070681,0.6149057114499684,0.6137513552584026,0.6125758811271179,0.6079664570230608
0.6279971155579592,0.628124715934915,0.6427261053017795,0.6378388178768923,0.6445354218583126,0.650760781489151,0.6516005820298291,0.6650224215246637,0.6780527902091515,0.6766187050359712,0.6940003592599245,0.7107641741988496,0.708167690639682,0.7192211055276382,0.733000453926464,0.7433184347350178,0.7640490240581026,0.7663169126800641,0.7669616519174042,0.7709071097793517,0.7836019125199221,0.7866918782640014,0.7945070674539274,0.7946097494799674,0.7943338712569482,0.8050560797578779,0.7985174600339376,0.8012964796974881,0.7926304464766003,0.7799120366214882,0.7790978115230014,0.7716850337717739,0.7580601216964853,0.7526989935956084,0.7470719713902548,0.7369666090437631,0.7375816700975566,0.7179695248399603,0.70459010537596,0.6989334779464931,0.6830876293379727,0.6809600862998921,0.6651870640456563,0.6639971204895168,0.6553294054633101,0.6498270526124158,0.6511127063890882,0.6391323994577497,0.6309086016683111,0.628473164992307,0.6401222362034873,0.6288483978098914,0.6474995486549919,0.6465726349833798,0.6429980276134122,0.6521622347569165,0.654868862873219,0.6736660303608762,0.6800826520528255,0.6882273342354533,0.6981990176459887,0.7117004121125247,0.7169432792267008,0.7231156230347677,0.7451953442208789,0.740981240981241,0.7578709968425801,0.7675156349134415,0.7689034660047868,0.7836933923890446,0.7845598194130925,0.7921465493787975,0.7976956055734191,0.795544733044733,0.7920756737462074,0.7977061320328728,0.789248291571754,0.7935454952935903,0.7868107911708602,0.7843687737728673,0.7727929229102726,0.7684389545291801,0.769100169779287,0.7508489722966935,0.7361472833408172,0.740750694257816,0.721450204881525,0.7181728083611136,0.7067054333999636,0.695750452079566,0.6821467293097218,0.6711127025333453,0.6657441299883939,0.6592884667084864,0.6550727256301382,0.6411880128433821,0.6350049518321779,0.634795241986743,0.6377945591847876,0.6290421523091754
0.6681168427594779,0.6626636568848758,0.6661256874943648,0.6729424421732114,0.6748532731376975,0.6774279853741193,0.6668470906630581,0.693200215866163,0.7024381401250793,0.7073632918245804,0.7174323473882945,0.7150873382206534,0.7333453366942744,0.740499457111835,0.7479179725978329,0.7610955437042394,0.7660886664283161,0.7840651878678135,0.7766833810888252,0.7899964209019327,0.79976820896853,0.8055580618965984,0.8054683998207082,0.812240850910402,0.8093579783909277,0.806014900963111,0.8075523202911737,0.8037173386010595,0.8089785532533624,0.8013286650507226,0.7872552574329225,0.7872073203552525,0.7808878587983598,0.7704464285714285,0.7652960673654036,0.7537855030911209,0.75,0.7445578538524071,0.7256362507759155,0.7211242067089755,0.705930359085963,0.6996599248254878,0.6957146707393765,0.6847242120343839,0.6756317689530686,0.6736898491206142,0.6716864737367323,0.6713236611140964,0.6629735525375268,0.6649429386590585,0.6567014993184916,0.6621091969738401,0.667029577209218,0.670553668166376,0.6749820531227566,0.6755156950672646,0.6883116883116883,0.6961330935251798,0.7114825581395349,0.7129687639846057,0.7135738673064501,0.7201784738663267,0.7356290672451193,0.748022294138799,0.7637702235957099,0.7598414557247095,0.7776587195285294,0.7885918003565062,0.7947301702281782,0.7928216062544421,0.801175498209202,0.8005071085755683,0.8025751072961373,0.8094001790510296,0.8108281421766215,0.8125565406187806,0.8069333816075308,0.8062634601579325,0.8031227566403446,0.7963887124580347,0.7990405117270789,0.7847501564315723,0.7794289831577051,0.7684627147611766,0.7514675336403865,0.7515342960288809,0.7423462476293687,0.7348430169613858,0.7254378945496577,0.7157084653689453,0.707704669225962,0.6973922491850779,0.6973328527662642,0.6791726361031518,0.6825917390533593,0.6741932616232554,0.6694961170308832,0.6659979939819458,0.6575914329793993,0.6618872658840398
0.6891453299675442,0.6862256255008459,0.6892788942438847,0.6927770300583221,0.6984112974404236,0.7057176406828651,0.7180375706729892,0.7227660529860799,0.7234174413457282,0.72464807675065,0.7398822996831146,0.7450561197220738,0.7530786516853932,0.7601887991286194,0.770378977475867,0.7793397989144941,0.7928388746803069,0.79583781844277,0.8094641738974864,0.810665939856455,0.8112884320620323,0.8194130925507901,0.8265193370165745,0.82148273708627,0.8227859368046284,0.8247275326067536,0.8209234053909794,0.8223078945062647,0.81856654060868,0.8156176310538726,0.8103432660085137,0.8031610500499591,0.7966666666666666,0.7962979765901461,0.7898186388938768,0.7717157214644652,0.7725084037430726,0.7562282346638093,0.7472055798980596,0.7416644319299187,0.7423329436100369,0.726345505873782,0.7128925471951328,0.7067281606077048,0.7024626933992493,0.6986867480944072,0.696082886485504,0.6898366606170598,0.6906719085060757,0.6935092916778886,0.6941387024608501,0.694990088304199,0.6947870712163501,0.6944618974957365,0.7015165031222124,0.7023017442905952,0.7122687874184612,0.7112357517640673,0.7248310209889719,0.7325756903134156,0.7375066690378801,0.7534983853606028,0.7493132476739034,0.7609168327595579,0.7742572480028723,0.7866726296958855,0.7801122984966492,0.7961270473260338,0.8055331721729788,0.810808372428726,0.8175036390101892,0.8231634800109779,0.8209965697779382,0.8181899481309247,0.8206675811614084,0.8228775692582663,0.8253247343082932,0.8194282641813783,0.8169321802457897,0.8162171816395785,0.8002508061626658,0.8022068210833485,0.8012194028512508,0.7913934058036115,0.7755284844141884,0.7752564218934375,0.7554367524465386,0.7501356974850732,0.7422016684802322,0.7307316205884967,0.7286141033764824,0.7099089152635937,0.7138050200072754,0.7084770375748775,0.7089606384908398,0.6983523447401775,0.6980308295464671,0.6908582762351244,0.693010752688172,0.6967817331895002
0.7119815668202765,0.7066835032019483,0.714065055424314,0.7196813747426832,0.7208325725762279,0.7360383556778833,0.729123688223159,0.7389539710358823,0.7399582917762263,0.7404621658359765,0.7683853832768569,0.7606752730883813,0.7670598911070781,0.7891950103203805,0.7960427524070312,0.7990076680198467,0.8002849256522127,0.8087843833185449,0.8187254551945734,0.8187338155192427,0.8255585344057194,0.8305585392051558,0.8360283430232558,0.8356655902404019,0.831087233655072,0.8333780520525892,0.8372474057891862,0.8306944944224541,0.8219116724894742,0.8371332626369742,0.8284807256235828,0.8189349112426035,0.8120630937443987,0.807231056231678,0.8009747452370403,0.7942390606366388,0.7878623679219724,0.7778474773725245,0.7704447632711621,0.7653585926928281,0.7532129055450706,0.7483692252703065,0.74215965787598,0.7304779080252479,0.7176281478835507,0.7288961038961039,0.7200645797829401,0.7142079477408819,0.7173972229784917,0.7167093752761332,0.7154110829409634,0.7195915416591361,0.7154631786418204,0.7247100802854594,0.7256146624944122,0.7302300503235083,0.7381168359941945,0.7434668595713898,0.7465864175350342,0.7569250203013624,0.7557463554243806,0.7634641407307172,0.7787483115713643,0.7824111200213847,0.7888536474852741,0.7980906495360457,0.8069614633280057,0.814945989020719,0.8214640310497338,0.8260592255125285,0.8232942672844553,0.8359249329758713,0.8359769286229272,0.8381259518050703,0.8343408824325543,0.8398493543758967,0.8336195210122006,0.8371102248005802,0.8346435348332881,0.8313753840592807,0.8213961097982185,0.820508166969147,0.8022974064435071,0.8009167715261549,0.7948832233909788,0.7804220925011226,0.7814834578441836,0.7763732266278647,0.7605646466462866,0.762056414922657,0.7483870967741936,0.7452183327318658,0.7335423197492164,0.7396391568417292,0.7196389496717724,0.7172961871595678,0.7222222222222222,0.7163705583756346,0.7151461470327724,0.7137244396821145
0.7427197435212396,0.7339433082167205,0.7483563000990723,0.7412780348878605,0.7478679005625113,0.7422864276796861,0.7594313832695462,0.7611303652359371,0.7531272337383845,0.7710396039603961,0.7820593243122144,0.787080476362324,0.7846070165896111,0.7982021647404146,0.8095152116999188,0.811875,0.825091575091575,0.8287144645092079,0.8299901934563609,0.8329573143218121,0.8395238521435604,0.8478202488586518,0.840237218078893,0.8504210911753937,0.846774925156491,0.8503894708568359,0.8567314614830813,0.8499328859060402,0.8446037941363348,0.8400684006840068,0.8381497718529123,0.8327117256435914,0.8249574487145033,0.8227109515260324,0.8117542297417631,0.8090769647207435,0.7956459415875291,0.7909363363908819,0.7892012494422133,0.7815638450502153,0.7738191632928475,0.7719523373052246,0.7590765052059756,0.7522737505628095,0.7504427913567128,0.7572348725392362,0.7486631016042781,0.7418359941944848,0.7396084741217485,0.7409605551497443,0.7370400214880473,0.7350658725861757,0.7420560747663552,0.7354535598120708,0.7481949458483754,0.7511267351721651,0.7606598755972235,0.7638363079141879,0.773619021788265,0.7804745517116465,0.785166012138522,0.7914738341046635,0.8044296987087518,0.8074166965245432,0.8065094593382947,0.817388958820356,0.8215512565539685,0.8274676558400434,0.8284087828679859,0.8351836808376207,0.8400253210345451,0.847828042090116,0.8462709284627092,0.8471971066907775,0.8517222820236814,0.8569267728445591,0.8433312348232754,0.8465960122148375,0.840132107471213,0.8433270592453168,0.8320915864074141,0.8302970474737503,0.8241042345276873,0.8274562584118439,0.8077206559793625,0.8071093468062072,0.797798066595059,0.7921071819176084,0.7874831157136425,0.7792102416155788,0.771358384132472,0.754590237348858,0.7614629794826048,0.7573357335733574,0.7500667794497373,0.7474157303370786,0.7434954243674861,0.7433716405755135,0.744080064337414,0.7444100751215201
0.7614678899082569,0.7630732469442146,0.7624314360219405,0.7707172388998742,0.7698207355387174,0.7756119270137962,0.7750516761031725,0.7857909806728705,0.7895494199118626,0.7948117456314178,0.791109115401886,0.8075746671464555,0.8126110124333925,0.8150121940204137,0.8229905702739111,0.8314932126696832,0.8347746927628584,0.8449298813376483,0.8425974942650433,0.8486530027745458,0.852009799473732,0.8545340050377834,0.8542116630669546,0.8627663416395811,0.8606131229831481,0.8657802533465098,0.8650900295619457,0.8648575305291724,0.8604100227790433,0.8492157040529513,0.8502450535487385,0.8478144034396273,0.842850699142986,0.8351411922904527,0.8299873394827274,0.8204382216565143,0.8193840579710145,0.8145641580942068,0.8036702080955308,0.8014678899082569,0.7975168888077415,0.7922264015762135,0.7839869577031066,0.7783941074838593,0.7698548634273866,0.7751600284495022,0.7686926501317344,0.7669282715824055,0.7698718523165158,0.7649968522349132,0.7661546610169492,0.7628320172290022,0.7714879017695919,0.7726621282694375,0.7694446936395443,0.7740329035126723,0.7823716492503408,0.7899046247975526,0.7906702898550725,0.7913999819706121,0.802303437018228,0.8078831063407594,0.8121719014147166,0.8184576936808283,0.8284462721258716,0.8318753417167851,0.8357531760435571,0.8380351509689049,0.8438749545619775,0.8476844829124655,0.854883388437137,0.855312187585204,0.861577332611442,0.860406547940277,0.856458031837916,0.8610474181417959,0.8538090128755365,0.859445344858635,0.8591766412767501,0.8489923869234214,0.8499551569506727,0.846906987093903,0.8427667350031197,0.8317232496089797,0.8314627081824765,0.8267234495608198,0.8147819134760593,0.8131189243208867,0.8047902034936071,0.7991921005385997,0.7918345420359925,0.7815323455005421,0.7922077922077922,0.7794502027940514,0.7651255192342423,0.7699386503067485,0.7639473202853485,0.7666270240600128,0.7594108019639935,0.7639584824624195
0.7839146418004125,0.7838871187983614,0.7917195144047835,0.7877175579403012,0.7948239060832444,0.794057101942182,0.7999460043196545,0.8041209285585748,0.8061002178649237,0.8100831225153596,0.8109421398362279,0.8222999641191245,0.8257924681658088,0.8313979656134666,0.834681042228212,0.8444986890877859,0.8530582699963808,0.8573748308525034,0.854059335583585,0.8581081081081081,0.8593581929006813,0.8658897355445988,0.8716161886893594,0.8727190195188379,0.8671725020568608,0.8734006127230132,0.8682417083144025,0.8687774688312854,0.8735777496839444,0.8690918987571441,0.8696598639455783,0.8608210298883687,0.855843565256935,0.8518419884598314,0.8433294715266019,0.8451154529307282,0.8377942887834572,0.833605220228385,0.8288842638675233,0.818858783420061,0.8131041890440387,0.813692983242226,0.8033038454594692,0.7984111221449851,0.7925804093567251,0.786243004152374,0.797655271165205,0.7940041288932771,0.781903998575118,0.7866737363025804,0.7857719565802458,0.7835874439461883,0.7941730165844912,0.7943649373881932,0.7947103274559194,0.7993138936535163,0.8000718842663312,0.8020842772995016,0.814900426742532,0.8118255191801941,0.8207095784057055,0.8265656018769175,0.8298800436205016,0.8360200608991581,0.8423582766439909,0.8464031691725938,0.8533793604651163,0.8570789732582059,0.8563586459286368,0.8638278798744957,0.8700930438635357,0.8656488549618321,0.8700390518572336,0.8718812602440357,0.8705345151759334,0.876359777129212,0.8706873375750516,0.8696084636947283,0.8639118457300275,0.8626527840651879,0.861079015198649,0.8609384850941187,0.8536585365853658,0.8495013599274706,0.8435355724088118,0.8379103676536362,0.8393782383419689,0.8242689015691869,0.8203571428571429,0.8122588171946513,0.8141736543143089,0.8017708709794,0.8065969718817592,0.8061390800434625,0.8032476319350473,0.7979504851727578,0.7901201119841055,0.7829534192269574,0.7903372835004557,0.7811178111781117
0.8081390114342306,0.8141520574075756,0.8146799016483016,0.8095108449042563,0.8133260413818248,0.81426142972175,0.8167130419172426,0.8263775971093045,0.8308200231997859,0.8300153139356815,0.8384690524820175,0.8415067519545132,0.8490942028985508,0.8441546762589928,0.8560771470160117,0.8571942446043166,0.8581336696090794,0.8654996874162723,0.8710606879164415,0.8683505890753302,0.8804638715432649,0.8759530002690824,0.880126467931346,0.8820154204769589,0.884768812330009,0.8860861759425493,0.8855350486407855,0.8788310762651461,0.8753916390654373,0.8788290737719775,0.8751243331223438,0.8710951526032316,0.867587327376117,0.8639234795163327,0.8608078118064802,0.8626884535524059,0.8517412935323383,0.8452197553239692,0.8420193963563853,0.8361838588989845,0.837360677663843,0.8273237905417649,0.8286966633867072,0.8210317101815883,0.814615797958087,0.8095324392895977,0.8111280351223009,0.8120144534778682,0.8077337161313476,0.8097460288970654,0.8040407652422671,0.8124659771366358,0.8136252601103773,0.8107403076369524,0.8207521522428636,0.8161186561829878,0.8200867052023122,0.8239083750894775,0.8229525576464352,0.8309859154929577,0.8344852347186069,0.8465843475171004,0.8523311306901615,0.8489829277152198,0.8567978533094812,0.8643657552666966,0.8608019784490373,0.8654057017543859,0.8720481278620813,0.8767383059418458,0.8815203845469112,0.8824578614108624,0.8785163949113062,0.8830126743867968,0.8893105629348513,0.885066885066885,0.8875033401621092,0.8841221098265896,0.8763474952441345,0.878549741025183,0.8706185109592688,0.8681715575620768,0.8649310595065312,0.861664712778429,0.8597138486457302,0.8536563641222054,0.8522604951560818,0.8462095169169531,0.8354051356501225,0.8358478634022947,0.8285947120608476,0.8236894612733539,0.8258813029897367,0.8166419844502036,0.8131917574012418,0.8141243950528768,0.8062761879290363,0.8109712230215828,0.8024635856860277,0.8030922338724009
0.8353110391945343,0.8291696621135873,0.8284687920969914,0.830167005390121,0.8379432302530153,0.8359945872801082,0.8395559136896767,0.8424428584334628,0.846215925394548,0.8485883833842834,0.8608827734095783,0.8553095345684592,0.8707409410492158,0.8664933201829105,0.8637179257132603,0.869627124677405,0.8806290207290922,0.8859985396129975,0.8819965638846189,0.8903254569772626,0.8887004641199572,0.8904048510790084,0.8884632516703787,0.8938502673796791,0.9016144857729016,0.8971783398776367,0.8922134102379236,0.889935414424112,0.890158561431482,0.8837438423645321,0.8898646832153418,0.8851881938803141,0.8809843400447427,0.8770371726789965,0.8776386404293381,0.8751230865634232,0.8652614727854856,0.8600502062040524,0.8585966791644349,0.8502807236431691,0.8520127682213159,0.8521037359448677,0.8441477525589675,0.8378014883887743,0.8396200814111262,0.8381046396841066,0.8331392745185848,0.8377522396163243,0.8289906625166741,0.8274225326885187,0.8274647887323944,0.8275924419130277,0.83147381680763,0.8368986370611066,0.8338846669646849,0.834657756908073,0.8449045154381581,0.8483382030679328,0.8534012693304729,0.845879732739421,0.8579520311531994,0.8578560406644277,0.858872425009035,0.8631107126848947,0.8671517111290757,0.8721845318860244,0.8764256847777279,0.8803519593613933,0.8837820687154383,0.8850117519435907,0.8914693243119686,0.889090909090909,0.8898350663320187,0.8921366448489195,0.8947368421052632,0.896775339788576,0.8937381404174574,0.8875270367700072,0.8858125226203402,0.8859554597701149,0.8844545454545455,0.8856810868787988,0.8736322869955157,0.8753497608087373,0.874493197585368,0.8679363938549995,0.863983469589435,0.8587317248183693,0.8544739429695182,0.854022570076447,0.8470408071344924,0.84676102340773,0.8442314582586886,0.8393031730512843,0.837589928057554,0.8347431217166771,0.8287615055135332,0.8290574963609898,0.8287633920464863,0.8286903039073806
0.8490395070677782,0.8517681106991046,0.852558307720123,0.851623435516053,0.8523938572719061,0.8572070452911574,0.8567390114900602,0.8622639788379093,0.8591612268622015,0.8652835658633811,0.8669902040082682,0.8756751890529348,0.873438202247191,0.8791120620486761,0.8808876811594203,0.8828861168446558,0.8896366083445492,0.8901436444123227,0.8951415905184112,0.9039717083786725,0.9013104383190239,0.9031997123854035,0.9040244890609526,0.9066270484422835,0.9000451059990979,0.9036456012122293,0.906759695541863,0.898731900350751,0.9039649154211045,0.8983354215142295,0.8990900081088387,0.8957563744481485,0.895526484310676,0.8881004366812227,0.8878739029195772,0.8811996418979409,0.8799461641991925,0.8759269307288841,0.8699289376630386,0.8712862400143614,0.8677843226098777,0.8577103647526183,0.861314536799707,0.8611388611388612,0.8570780399274047,0.8524001794526693,0.8546443135478025,0.8468111900692633,0.8479537446923842,0.8466540232999187,0.8464151618094046,0.8432105356825058,0.8482469444196628,0.8535226455787204,0.8600771369629563,0.8588085261431955,0.8562847409001255,0.8627646100958929,0.8562550661983248,0.867291741795889,0.8734326730874069,0.8768841953244878,0.8759013620582213,0.8793933987511151,0.8808136929832422,0.8838433401730752,0.8874106253959634,0.8907472349608848,0.891970802919708,0.9000361859960195,0.9003241491085899,0.9027325370973579,0.9002999182041261,0.900890261627907,0.9077354057473341,0.9050048377165978,0.9025114771806644,0.902911762102841,0.8951821177308754,0.904652599982343,0.9006407363956321,0.897131552917903,0.8874478505350989,0.8915716722017772,0.887274048505768,0.8785566825240104,0.8793511937306361,0.8758047210300429,0.8706337774576881,0.8677981241625726,0.8646162171913051,0.8636159309538793,0.8622912127814089,0.8568593848651573,0.8554025423728814,0.8520629750271445,0.8478451296426068,0.8488228004956629,0.8517120517659746,0.8547800799709196
0.8637912482065997,0.8677407609685054,0.8726440495422725,0.8705786323235988,0.8690007163323782,0.8753263119992799,0.8772293280490002,0.8743642366378157,0.8761609907120743,0.880840275262586,0.8778991065788286,0.8866480597821194,0.8862205432631768,0.8940217391304348,0.8946277266991166,0.8940787710994016,0.9019237684286228,0.9016743854649092,0.90860843752811,0.9062810664256665,0.9093730035593685,0.905899254736464,0.9120021772657171,0.9149866190900982,0.911032990805841,0.9095459420808009,0.9095607235142119,0.9123505976095617,0.9057756220246115,0.9146385433567694,0.9085832657840224,0.9083817126269956,0.9013352450936464,0.9025678382808232,0.9019007296639943,0.8904619293946819,0.8909935342864949,0.8908300896170906,0.8889593333937144,0.8851614069988245,0.8817552378383239,0.876115868099836,0.8740813765907869,0.8739630719828739,0.8716307581357613,0.8684351077087413,0.8719430858159182,0.8695376820772641,0.8678488682944216,0.8587585957292798,0.868609125893348,0.868803611738149,0.8650751072961373,0.8731416362503338,0.8705268836540191,0.8699223686586026,0.8778919160339437,0.8745184369840396,0.8805357142857143,0.8824315892682058,0.8807249352736363,0.8834603316898252,0.8877010151828227,0.8955183826818142,0.8973035507697784,0.899018990189902,0.9016482031883275,0.9011434230665346,0.9088522809558292,0.9073144496235209,0.9105859094176851,0.9072339666399072,0.9139120308160888,0.9155984834807727,0.9114219114219114,0.9126601835862946,0.9093538183461365,0.9143547521030965,0.9143813919811747,0.9127612272120943,0.906586503948313,0.9066666666666666,0.900944669365722,0.9000533523030411,0.9032810528213449,0.8937075599818922,0.892524202223019,0.8856154050936197,0.8834724840649969,0.8859562201603459,0.8773283661522087,0.8763205828779599,0.875,0.8732870454960716,0.871859071805419,0.8679466378222462,0.868711326338445,0.8656984041599426,0.8628178445389557,0.867714233509958
0.8844496318908242,0.8832782196800429,0.8825290275761973,0.8878386893509767,0.8848985455198419,0.8870594517621929,0.8848435076193083,0.8898018807632612,0.8959658368162821,0.8968896080546566,0.8939558450959102,0.8946330973927068,0.8970971510739643,0.9070524412296564,0.9077431454853979,0.9104464285714285,0.9098905043977742,0.910619143854492,0.9132208922742111,0.9162438807298621,0.9193169497650886,0.9168456856426781,0.9215205951732898,0.9254314259763851,0.9256829618979152,0.9227861771058316,0.9206421186286958,0.9177220874876494,0.91602634467618,0.9149297790500045,0.9119891008174387,0.9146671477539239,0.9114026417467876,0.9116527727437478,0.9059790462427746,0.9044959005315795,0.9033318525099956,0.9025151623260792,0.9011886398693404,0.8987746403835908,0.89749368914533,0.8892917145636219,0.8913437160449112,0.8863514719000892,0.8882816699516216,0.8885295966945118,0.8851947588911667,0.8896980461811723,0.884331714337111,0.8803694735898125,0.883872132923966,0.885143683354419,0.8815753734721593,0.8841197822141561,0.8850040972411909,0.8857272727272727,0.8853333333333333,0.8833003419111031,0.8901565401963385,0.8988954213433101,0.8996235884567126,0.9007925662749385,0.9037495514890563,0.9041576673866091,0.9035268778605402,0.907931375190874,0.9090337078651686,0.9113516414706145,0.9152267818574514,0.9142420977011494,0.9148433953699501,0.9203691973577052,0.921024063687353,0.9197808120733022,0.9183599419448476,0.9213604462839662,0.9205333813857104,0.9189507010402532,0.9205514239071286,0.9198278181329029,0.9158103479358212,0.9140503432494279,0.9107559705512659,0.9144267690619857,0.9104999104103207,0.9007986930477401,0.9014425230714094,0.9012759026332459,0.8999188531241548,0.8982089820898209,0.8918162952269241,0.8834120688118371,0.8895219442713433,0.886165724032678,0.8836729198456152,0.8851593268886502,0.8843971631205674,0.8831627569966488,0.8858210315290687,0.8801447308909995
0.896263296663333,0.8967671828307525,0.8940468707910568,0.8981398676444285,0.906817559550972,0.8988633312449655,0.8986291486291487,0.9002065930117669,0.90235781137509,0.9058601812797272,0.9120028472284011,0.9117486338797814,0.9142934390771449,0.9133525283426309,0.9115463733118684,0.9174683089094668,0.913997840949982,0.9250919529918363,0.9289176090468497,0.9240046111554492,0.9250606523497169,0.9254884547069272,0.9250797024442083,0.9266859519074309,0.9272857526640996,0.9303832116788321,0.9294755877034359,0.9254669540229885,0.9248601840158759,0.9234347048300536,0.927486125011373,0.9271409152695967,0.9186891054030115,0.9190137676594979,0.9191275468988421,0.9159806728704366,0.9205763169743358,0.9059974860836775,0.9139872106637845,0.910806480327577,0.9047316320043592,0.9043748287514841,0.8994157303370787,0.9062613430127042,0.9021417689757146,0.8978022971873022,0.8954355337334061,0.8979223125564589,0.9023402340234024,0.8945556662741191,0.8945640277271069,0.8967277367605505,0.8954283177984909,0.9020790207902079,0.8977365694027816,0.9010307397610143,0.9050604567845947,0.9017975737182325,0.9071422138160857,0.9030680302356603,0.9090499369028303,0.9093342852043548,0.9157389809032491,0.9124627741178594,0.915907873594001,0.9181663532993106,0.9169665347247211,0.9200217135619289,0.9216431415128483,0.9332615715823466,0.9269019041602743,0.9269815418023887,0.9266236096160746,0.9270367054610564,0.9290095616092369,0.9326083080763059,0.9292766110213606,0.9283313652466164,0.9264378065091395,0.9280906836698548,0.9216770740410348,0.9230838512113844,0.9268727175558921,0.9207442526165132,0.9188379482523831,0.9131103074141049,0.9118832273663473,0.9102914389799636,0.9091651542649728,0.9041530649256438,0.9077543702375617,0.9067796610169492,0.9037437899219305,0.9025254360465116,0.8982188295165394,0.8929935174496049,0.9043735436458147,0.8949388556636615,0.8901058780576853,0.8953175457481163
0.9106390606793942,0.9095754130396163,0.9157979870596693,0.9112759113652609,0.9107223374515285,0.9154165913609253,0.9135869076521895,0.9172339663203153,0.9173441734417345,0.9132648503796338,0.9212049936674507,0.922497308934338,0.9199213513271963,0.9222061220793335,0.9299653474375342,0.925672675606074,0.9284242587118158,0.9301827909050379,0.9290031574199369,0.9324917181484466,0.9330615942028986,0.9326712827988338,0.9354378455502051,0.936609558160505,0.9349761669214858,0.9355189277304836,0.9346953341065215,0.9312483149096792,0.936318407960199,0.9371392496392497,0.9306096566718,0.930211534984632,0.9287442860984135,0.9328088261891843,0.9276202554579219,0.9246846846846847,0.9270355375618533,0.9187375294757845,0.923145427019325,0.9214743589743589,0.9216954022988506,0.9146341463414634,0.9160889529125776,0.9137216011539848,0.9156615661566156,0.9146473779385171,0.9132958299848201,0.9174555427762541,0.9091070320120599,0.90711123158941,0.9073943039094287,0.9128575247260091,0.9128607964925101,0.9076895818568391,0.9180222993968196,0.916569793436466,0.9095382963493199,0.9149721072521144,0.9223371438940301,0.9182132459970888,0.9169701383831027,0.9207630878438332,0.925086473693792,0.9218478955537296,0.9236599891716297,0.9255549539794261,0.9308328836121604,0.9330247753879662,0.9272792727927279,0.9313059033989266,0.9356604450825556,0.9326410835214447,0.9355248819469669,0.9319390606688903,0.9365765765765766,0.9312001450326324,0.9356881634109356,0.9321605773567885,0.9318771819890789,0.9285136955545576,0.9380956703276754,0.9309045226130653,0.9286427598729006,0.9235708552572907,0.927919790443501,0.9282335088815495,0.9230700340318825,0.9241595696996863,0.9236324246253836,0.918970189701897,0.9196916733889038,0.9172067549064354,0.9187578985376422,0.9176138946985541,0.9118711545421643,0.9125782171034733,0.9155639571518589,0.9132362254591514,0.9032374425105961,0.9110792398709214
0.9267524520831458,0.9248800796452168,0.9224750427196691,0.9227757034878427,0.924791591156216,0.9232219827586207,0.9233246846202022,0.9296413980935089,0.9256596906278435,0.9275945293644409,0.9315500315230117,0.9313805261730405,0.929468340903019,0.932436045993404,0.9302073940486926,0.9341997637008088,0.9394541839869872,0.9346387453540024,0.934260429835651,0.9410288582183187,0.9360354654844838,0.9392290249433106,0.935403840852706,0.943939393939394,0.9370749841327409,0.9427036705461056,0.9408386508659982,0.9391631574231699,0.9383184322225232,0.9394352129301734,0.9393692224034802,0.9366552531987745,0.936388384754991,0.940365329512894,0.9327648991917578,0.9323890967397114,0.930841121495327,0.9280787271222294,0.9302262443438915,0.9321625958281333,0.9314512492107874,0.9287591770144114,0.9322551662174303,0.9250358680057389,0.9234034865865776,0.924257560621197,0.9262729844413012,0.9242233794217992,0.925952616881362,0.9215775571545678,0.9232690935046396,0.9258087836616664,0.9187439013572253,0.9212873563218391,0.9240870660190682,0.9265921686199691,0.929359031824294,0.9295903438185809,0.9278050554646299,0.9258312020460358,0.9280152118797537,0.9267962042476277,0.9309012489891275,0.933560782905369,0.9332481051958725,0.9336936936936937,0.9366639366639367,0.9375783628873365,0.9382473674817062,0.9367996414164051,0.9391459074733096,0.9356462340463778,0.9358663433036917,0.9389993757246053,0.9404912407440853,0.9410334893770256,0.9404687079105684,0.9431538671768243,0.944424652654079,0.9364403018197959,0.9407460933971638,0.9423164407242289,0.9377262853005068,0.9360208764510033,0.9328452639190167,0.9322792908060683,0.9367236723672367,0.9309841153916377,0.9311219865869131,0.9295390490044549,0.9276091252020837,0.925652869070883,0.9296190305848685,0.9296405843864838,0.9237333812432627,0.9236228155770425,0.9243110949963742,0.9220158672917418,0.9210644207508287,0.9248234557969072
0.9342566777587913,0.9315665275004538,0.9372358600845248,0.929810224280396,0.9315637414228963,0.9346523870030858,0.9391563007030828,0.9337279167787642,0.9384366867091447,0.937940379403794,0.9376128566269412,0.9379285456513894,0.9372197309417041,0.9385705317908708,0.9393120835584369,0.9441780512078168,0.938577390673199,0.9432267337405678,0.9439612660270779,0.9409505092013579,0.9415284199075333,0.9426384511481315,0.9428443248093316,0.9460775633079511,0.9475145544111061,0.9466233883328825,0.9404224589276042,0.9450859169015365,0.9453089453089453,0.9446394815014852,0.9475792096831612,0.9435382685069009,0.9409062246644446,0.9390739236393176,0.9428209535872614,0.93983174835406,0.9364810690423162,0.9405304045004018,0.9349373704604849,0.9354099862574439,0.939593086064098,0.9321499369255721,0.9358035714285714,0.9319935402835098,0.9344642857142857,0.9355890386818222,0.9331109708825386,0.9336446080632127,0.9360539260338859,0.9372233763887634,0.9310128285637391,0.9307636097917428,0.9342105263157895,0.9354487760652765,0.933796667557694,0.9310563507881863,0.9346509971509972,0.9311127246324197,0.9385124854560101,0.9388143582306019,0.9419816879702656,0.9388319215336602,0.938497192263125,0.9440654843110505,0.9400989192159737,0.9429812652728754,0.947083746506806,0.9435345217627364,0.940117064385412,0.9397233201581028,0.9453315290933694,0.9455325999463375,0.9452722839338933,0.9476271337921173,0.943823288791928,0.9474908310224528,0.9482493440694834,0.9487294603573674,0.9446728637826243,0.9462511291779584,0.9429246569117513,0.9434758671315838,0.9413596725395978,0.9441021519778552,0.9411445128576603,0.9384670744872257,0.9417276459039801,0.9347666971637695,0.9355591455753006,0.9407709750566894,0.9326257083745615,0.9368211440984794,0.935630511864715,0.9299391553328561,0.9284433285509326,0.9346098265895953,0.9366261122208098,0.9323757694709608,0.9306426688482865,0.9356453342867358
0.9435440302539168,0.9385163530056642,0.9446074508757891,0.9427827180454504,0.9434738863989756,0.9393551922550004,0.9395678292836008,0.9448163560702009,0.9456396635679504,0.9432803468208093,0.9434030281182408,0.9415913200723327,0.9482666190135811,0.9493165276051837,0.9487710452867562,0.9455458867856823,0.9478689995513683,0.9459483526268923,0.9471516213847502,0.9465068431881206,0.9516507306512719,0.9479557221924656,0.9457621050747337,0.9487065516934838,0.9520129403306974,0.9461315979754158,0.9503923514025435,0.9491124260355029,0.9485444671948723,0.9483344039643938,0.9486671469740634,0.9496725576388266,0.9490302210193956,0.9504708438971388,0.940635978740654,0.9436757140322867,0.947306366769454,0.9442575247794853,0.9430959366942295,0.9473301852524518,0.9429836450709316,0.9419739696312365,0.9392186526653021,0.9427802690582959,0.9383766175006787,0.9392455567645992,0.9415331704226627,0.9390959126590274,0.9439083776715664,0.941721974724975,0.937036018696728,0.940809687330562,0.9395792123718756,0.9418844875595078,0.9407361747094047,0.9472965592572364,0.9420907718269829,0.9444050363539634,0.9405420103326384,0.946539465394654,0.9434350666786002,0.949297052154195,0.9463962332488229,0.9486563445452928,0.9458026244831925,0.9470497876569983,0.9453292770221904,0.9469750889679716,0.943384223918575,0.9470946915351507,0.9446902654867256,0.9487708595011664,0.952578061729506,0.9514027149321267,0.9511905848006569,0.9512543522899741,0.9501458257382428,0.9445684191734357,0.9479185277827408,0.9473255498235135,0.9491601143674053,0.9483969740634006,0.9476290929102082,0.9507305773342837,0.9441574634841468,0.94659101143835,0.9424850786760717,0.944343562738333,0.9404825737265415,0.9457211839399088,0.9418996448410891,0.9432999088422972,0.9486652977412731,0.9413674905285946,0.9437068507700478,0.9432805781721709,0.9412345235959089,0.9428187919463087,0.9415167095115681,0.9421109316101238
0.9510540124852981,0.9494895217624932,0.9495956873315364,0.9455284552845529,0.9491160369738849,0.9472585330428468,0.9507323568575233,0.9500360100828232,0.9506382219048469,0.9470913876032307,0.9506903353057199,0.9507144149032375,0.952562358276644,0.9520334608881375,0.9473636528356586,0.9518449030644153,0.953822379783656,0.9499865313818803,0.9512195121951219,0.9484892610120131,0.954232779968816,0.954248366013072,0.9515865820489574,0.95329373650108,0.9550480333514592,0.9500748437087259,0.9547905806219665,0.9533886709842196,0.9553026854802003,0.9557664756446992,0.9511997843084389,0.9489169675090253,0.9518449030644153,0.9533833227933869,0.9529594446474242,0.9501515962190119,0.9515666965085049,0.9521501032408655,0.9536752754199025,0.9480333303467431,0.9521440202641578,0.9498614710876754,0.9525426758423452,0.9478643216080402,0.9503596483438416,0.9508459483526269,0.9478541349341457,0.944578961528114,0.9457515759566723,0.9458322141642045,0.9497961033076574,0.9486832611832612,0.9448101722427631,0.9451191671993425,0.9465758336321262,0.9515517863587153,0.9516157989228007,0.9487851142624876,0.9455294750044795,0.948516815435939,0.9462111575504271,0.9497560093981565,0.9516230554806222,0.949606577667757,0.9489486813970064,0.9574013011318064,0.950354609929078,0.9497313541571806,0.9552809388335705,0.953373461503908,0.9524193548387097,0.9502881844380403,0.9538308637513553,0.9545169103794743,0.952977209260427,0.9555356342447333,0.9544429409111412,0.9537593300564354,0.9541575889615105,0.9496018820123054,0.9536275911365261,0.9542641915523271,0.9547470359308534,0.9481494725549794,0.9510514865844815,0.9497065462753951,0.952282344467453,0.9518837948252383,0.9489869105253721,0.9488677210639828,0.9488376267839512,0.9493252301367414,0.945996775926921,0.9463044851547694,0.9472135532768613,0.9497046715589762,0.9464852607709751,0.9470636141525653,0.9489814314043628,0.9484978540772532
0.9511139172003247,0.9507555070089204,0.9508601676224084,0.9538060573380066,0.9505994771477508,0.9502212389380531,0.949737366419127,0.9542033191257822,0.9552346570397112,0.9542996214169821,0.9558145838980754,0.9560874651309278,0.9542583904727535,0.9521905108162152,0.9538120567375886,0.9542924915609889,0.9531715239556077,0.953967401038868,0.9517736865738662,0.9567181711394235,0.9558070600916195,0.9591724642987917,0.9568918674153233,0.955135564779652,0.9477361160240537,0.9549033643521833,0.957247592968819,0.9569542412732863,0.9562115401765807,0.9543684925305568,0.9508688365528799,0.9524371425978034,0.9537546200306499,0.9521271791166109,0.9498828195420949,0.9523117449359615,0.9508944543828265,0.9560578661844484,0.9544680469660303,0.9491004429979206,0.9515883668903803,0.9553450608930988,0.9506239826370049,0.9551101840935885,0.9500717102904267,0.9550254916241806,0.9507318814709033,0.9515985790408525,0.9558481103349453,0.9539087211929508,0.9515583259127337,0.9534530510140267,0.9525800711743773,0.9527186761229315,0.9517757346313322,0.9554714259960339,0.9558797207803831,0.9475386273805246,0.9512260846133118,0.9539162275609538,0.9554831704668838,0.9569335239456754,0.9499686744831289,0.9529845379359942,0.9540010887316277,0.9505774912704807,0.955791575889615,0.9553001277139208,0.9555435077256709,0.9536565764800429,0.9529853414372542,0.9544388307470227,0.9558476881233001,0.9538737124944021,0.9559634686680532,0.9537665119600143,0.9546230568784257,0.9550919377652051,0.95333212275286,0.9539910313901345,0.9559309913292214,0.9565256444803737,0.9567713004484305,0.9514851485148514,0.9545824662987424,0.9516814159292035,0.9530628480509149,0.9530073482717953,0.9533381191672649,0.953482070273688,0.9492708240135993,0.9519927536231884,0.9503706382209366,0.9517696353748775,0.9524065609034686,0.9517842549713974,0.9527219315156522,0.9526737967914438,0.9517060841307096,0.9533351385504106
0.9508896797153025,0.9521449170872387,0.9524747158328113,0.9549007276974216,0.9559309585016526,0.9552293243366463,0.9555396199354608,0.9551194694285454,0.954836961430765,0.955301735767605,0.9505239179954442,0.95748748293127,0.9567416237695295,0.9538335458022218,0.9549664063918649,0.9546236753917218,0.9530231716147719,0.9557917299276592,0.9536944921769015,0.9533985813055581,0.9560379918588874,0.955431508063087,0.9545783568584871,0.9524106585865787,0.9561179898033503,0.959767545820295,0.9554163261599927,0.9585665282541975,0.9541375872382851,0.9586182079884851,0.9554561717352416,0.9575229357798165,0.9569300225733635,0.9545454545454546,0.9616746889474163,0.955480064366172,0.9558532638014745,0.9537677466326903,0.9568022943179781,0.9567951136261564,0.9552683896620279,0.9538808664259928,0.9539899352983465,0.957977207977208,0.9544883303411131,0.9548329621380847,0.9520610132558562,0.95740857219876,0.9536777345517055,0.9551805479949192,0.9536878216123499,0.9544680469660303,0.9543715846994536,0.9572280862781092,0.9533833227933869,0.9549614211376278,0.9568052159739201,0.9548456184187043,0.9585670345576262,0.955531453362256,0.9578006258381762,0.9537190082644628,0.9581180310035355,0.955298616168973,0.9558993509380279,0.9578519855595667,0.9545661476827825,0.9560201874549387,0.9564864132887966,0.9521422060164084,0.9560003606527815,0.9572312382318658,0.9520947340091505,0.9593562465902892,0.9556892778993435,0.9542600896860987,0.9568849366747507,0.9589151450053706,0.9541292720514912,0.9567692581391212,0.9565953654188948,0.9565336249316566,0.9579090909090909,0.9540032532080246,0.9587168260209097,0.9529872673849168,0.9548510174418605,0.956007226738934,0.955185892191619,0.9575327706949183,0.9550307636626855,0.9529696318194034,0.9537788312517094,0.9561970676623258,0.9561678146524734,0.9546520014424811,0.9498572448251249,0.9571287926250783,0.9539771215748869,0.9553611687257643
0.9552225331768529,0.9526616486805115,0.9526658926498169,0.9545739068228561,0.9562369211172778,0.9544317369549679,0.9579839429081177,0.9515113350125944,0.9571843251088534,0.9574312597058555,0.958397395315185,0.9554362416107383,0.9554203740693663,0.9538475515580994,0.9575136980149106,0.9531635168447001,0.957726209749955,0.9591487059247903,0.956140350877193,0.9592203359382018,0.9561229994605287,0.957553172150518,0.9602595296025953,0.957473533106047,0.9587155963302753,0.9584529791816224,0.9606557377049181,0.9569551427276847,0.9568810636004312,0.9576547231270358,0.9576102675343456,0.9614965492190338,0.9547314123087869,0.9535259285842455,0.9545208933717579,0.9564361749709276,0.9542969800161305,0.9579921680313279,0.9573625978231537,0.955721886554243,0.955128788568308,0.9549428979300499,0.9550231563947275,0.9547041446602811,0.9545984746523104,0.9578900312919089,0.9544847243252873,0.9565990750622554,0.9554856115107914,0.9527214228259898,0.9537268188302425,0.9533296943231441,0.9611884368308351,0.955053167724064,0.9529380005399082,0.958110992529349,0.9543815362423368,0.95603517186251,0.9532299973120688,0.9578024758290413,0.9562968248305387,0.9571656615821214,0.956029011786038,0.9552626860319168,0.9563913872989915,0.9555535357207781,0.9561348874455022,0.9582846354400791,0.9560676989557076,0.9582806573957017,0.9553237025147138,0.9575157515751576,0.9566621803499327,0.9575854987052416,0.961700979951452,0.9573891847973278,0.9545981625189546,0.951577273128921,0.959391771019678,0.9593038821954485,0.9575604017735951,0.954553717505908,0.9588942739185066,0.9553077690145952,0.9583070688878883,0.9547807137019886,0.9545004945598418,0.9589053307184882,0.9577764008143755,0.9536611248673506,0.9559380068480807,0.9567176044519036,0.9518959716286259,0.957919240755663,0.9557238307349666,0.9516903833952688,0.9533405954974582,0.9563172650809442,0.954226618705036,0.9559240865555162
