0.9238095238095239,0.9612068965517241,0.9684684684684685,0.9346733668341709,0.9656862745098039,0.9577464788732394,0.9514563106796117,0.9483568075117371,0.95,0.9348837209302325,0.978448275862069,0.9620253164556962,0.9400921658986175,0.9763779527559056,0.970873786407767,0.966824644549763,0.9567307692307693,0.9644444444444444,0.9680365296803652,0.9764150943396226,0.9794871794871794,0.9572649572649573,0.9409090909090909,0.9271844660194175,0.9547511312217195,0.9551569506726457,0.9597989949748744,0.96,0.9626556016597511,0.9739583333333334,0.9424778761061947,0.9732824427480916,0.9552238805970149,0.9601593625498008,0.9401709401709402,0.9419642857142857,0.9627906976744186,0.9377777777777778,0.965,0.9547325102880658,0.9449152542372882,0.9714285714285714,0.9726027397260274,0.9644444444444444,0.961038961038961,0.9861111111111112,0.9457013574660633,0.9684684684684685,0.9702127659574468,0.961864406779661,0.9575471698113207,0.9658119658119658,0.9724770642201835,0.971830985915493,0.9398148148148148,0.9375,0.9663461538461539,0.956989247311828,0.966183574879227,0.9769585253456221,0.9369369369369369,0.9609756097560975,0.9595141700404858,0.9601769911504425,0.9802955665024631,0.943089430894309,0.9529914529914529,0.9512195121951219,0.9710144927536232,0.9342105263157895,0.9362745098039216,0.971830985915493,0.9556451612903226,0.9556650246305419,0.9631336405529954,0.9534883720930233,0.9680365296803652,0.9658119658119658,0.9767441860465116,0.9568965517241379,0.9398148148148148,0.9313304721030042,0.9299065420560748,0.9907407407407407,0.975,0.9543568464730291,0.9741379310344828,0.9417040358744395,0.9533898305084746,0.9669811320754716,0.9446808510638298,0.9354838709677419,0.9333333333333333,0.9647577092511013,0.9541666666666667,0.9547511312217195,0.9506172839506173,0.958904109589041,0.9736842105263158,0.9691629955947136
0.9660194174757282,0.9647577092511013,0.9408866995073891,0.9319148936170213,0.9647577092511013,0.967741935483871,0.9726027397260274,0.9634703196347032,0.943127962085308,0.9631336405529954,0.9516908212560387,0.9384615384615385,0.9724770642201835,0.9532710280373832,0.9910714285714286,0.9527896995708155,0.9575471698113207,0.9612068965517241,0.9399141630901288,0.9672131147540983,0.9605263157894737,0.9623430962343096,0.9324324324324325,0.9663461538461539,0.9439252336448598,0.9398148148148148,0.9184549356223176,0.9768518518518519,0.9649122807017544,0.9469026548672567,0.9759615384615384,0.9595141700404858,0.9551020408163265,0.9555555555555556,0.9571428571428572,0.9455445544554455,0.9559471365638766,0.9559471365638766,0.957345971563981,0.9636363636363636,0.963963963963964,0.918918918918919,0.9752475247524752,0.9393939393939394,0.9710144927536232,0.9533898305084746,0.9634146341463414,0.9596412556053812,0.9363636363636364,0.9627659574468085,0.9661016949152542,0.9724770642201835,0.9572649572649573,0.948936170212766,0.9378238341968912,0.9634703196347032,0.9519650655021834,0.9269406392694064,0.9694323144104804,0.9681818181818181,0.957983193277311,0.9595141700404858,0.9403669724770642,0.96,0.9678714859437751,0.9483568075117371,0.9576271186440678,0.9400921658986175,0.9585253456221198,0.9447004608294931,0.9082969432314411,0.9659574468085106,0.9380530973451328,0.946078431372549,0.9346733668341709,0.9583333333333334,0.958974358974359,0.9509803921568627,0.9539170506912442,0.9747899159663865,0.9662447257383966,0.9590163934426229,0.9400921658986175,0.9539170506912442,0.9597989949748744,0.9525862068965517,0.9578059071729957,0.9601769911504425,0.9547738693467337,0.9473684210526315,0.9282700421940928,0.9766355140186916,0.9320754716981132,0.9406392694063926,0.9594594594594594,0.9364406779661016,0.9624413145539906,0.9457013574660633,0.9336283185840708,0.9638009049773756
0.9414225941422594,0.9609756097560975,0.9433962264150944,0.9534883720930233,0.9504504504504504,0.9581589958158996,0.9669811320754716,0.9551569506726457,0.9690721649484536,0.9669811320754716,0.9427480916030534,0.9617224880382775,0.9512195121951219,0.9712918660287081,0.95,0.9398148148148148,0.9585492227979274,0.9627906976744186,0.9611650485436893,0.9592760180995475,0.9689119170984456,0.9659574468085106,0.9904761904761905,0.948936170212766,0.9537037037037037,0.95,0.9079497907949791,0.9364406779661016,0.9493087557603687,0.9369369369369369,0.9502262443438914,0.9365079365079365,0.9626556016597511,0.9282511210762332,0.9353233830845771,0.9406392694063926,0.9612068965517241,0.9772727272727273,0.9571984435797666,0.9478672985781991,0.9541284403669725,0.9506726457399103,0.9644444444444444,0.9452054794520548,0.9402985074626866,0.9746835443037974,0.9748953974895398,0.9516908212560387,0.9485981308411215,0.957345971563981,0.9642857142857143,0.9506172839506173,0.9601769911504425,0.966824644549763,0.9761904761904762,0.9608695652173913,0.9594594594594594,0.9745762711864406,0.9572649572649573,0.9644670050761421,0.9592760180995475,0.9387755102040817,0.9728506787330317,0.9363636363636364,0.9819004524886877,0.9521739130434783,0.9409090909090909,0.9730941704035875,0.9516908212560387,0.954337899543379,0.9620853080568721,0.9436619718309859,0.9688888888888889,0.9634146341463414,0.9559471365638766,0.9429824561403509,0.9571428571428572,0.9234449760765551,0.9484978540772532,0.9509803921568627,0.9295774647887324,0.9441624365482234,0.9760765550239234,0.9462809917355371,0.9442231075697212,0.9345794392523364,0.9399141630901288,0.9495412844036697,0.9523809523809523,0.954954954954955,0.9559471365638766,0.9354838709677419,0.963963963963964,0.9774774774774775,0.968609865470852,0.9391304347826087,0.9555555555555556,0.9444444444444444,0.9534883720930233,0.9658536585365853
0.9369747899159664,0.987012987012987,0.9613733905579399,0.9743589743589743,0.9710743801652892,0.9694323144104804,0.9339622641509434,0.9423076923076923,0.9746835443037974,0.9680365296803652,0.9449152542372882,0.9419642857142857,0.9767441860465116,0.9276595744680851,0.9531914893617022,0.9688888888888889,0.9333333333333333,0.927536231884058,0.9629629629629629,0.9691629955947136,0.9459459459459459,0.9638009049773756,0.9414414414414415,0.947136563876652,0.9330143540669856,0.9344978165938864,0.9552238805970149,0.933649289099526,0.9475806451612904,0.9454545454545454,0.9621848739495799,0.960352422907489,0.9613733905579399,0.9649122807017544,0.9422222222222222,0.9596412556053812,0.9471153846153846,0.9444444444444444,0.9543568464730291,0.9688888888888889,0.963302752293578,0.9707112970711297,0.9583333333333334,0.9736842105263158,0.9591836734693877,0.9663865546218487,0.9549180327868853,0.9824561403508771,0.9772727272727273,0.9650655021834061,0.9775784753363229,0.966824644549763,0.9605911330049262,0.9525862068965517,0.96875,0.9720930232558139,0.9484978540772532,0.9649122807017544,0.923728813559322,0.9491525423728814,0.944954128440367,0.9488372093023256,0.9642857142857143,0.9459459459459459,0.9316239316239316,0.9559471365638766,0.9429824561403509,0.9726027397260274,0.9748953974895398,0.9375,0.9583333333333334,0.9243027888446215,0.9317073170731708,0.95,0.9406392694063926,0.9444444444444444,0.9352226720647774,0.9282511210762332,0.9521739130434783,0.9637096774193549,0.9390243902439024,0.9539748953974896,0.9646017699115044,0.9815668202764977,0.9414414414414415,0.9675925925925926,0.9675925925925926,0.9495412844036697,0.9514563106796117,0.9587155963302753,0.9414414414414415,0.9694323144104804,0.9234449760765551,0.9736842105263158,0.9754901960784313,0.9631336405529954,0.9481132075471698,0.9511111111111111,0.9244444444444444,0.9416666666666667
0.9466666666666667,0.9576923076923077,0.9650655021834061,0.9567099567099567,0.9444444444444444,0.9585253456221198,0.9615384615384616,0.958139534883721,0.9565217391304348,0.9736842105263158,0.946058091286307,0.9629629629629629,0.95260663507109,0.9775784753363229,0.9419642857142857,0.9409090909090909,0.9800995024875622,0.9482071713147411,0.9278350515463918,0.9659574468085106,0.95260663507109,0.9578059071729957,0.958139534883721,0.944,0.9736842105263158,0.9567099567099567,0.9344978165938864,0.9411764705882353,0.9583333333333334,0.9188034188034188,0.9353448275862069,0.9457013574660633,0.96,0.9620253164556962,0.9298245614035088,0.968609865470852,0.9626556016597511,0.9744897959183674,0.9577464788732394,0.9406392694063926,0.9590909090909091,0.9558823529411765,0.9666666666666667,0.9441860465116279,0.9568965517241379,0.9344978165938864,0.9530516431924883,0.9504950495049505,0.9603960396039604,0.9607843137254902,0.944954128440367,0.9411764705882353,0.9734513274336283,0.9692982456140351,0.9385964912280702,0.9707317073170731,0.9543568464730291,0.9722222222222222,0.9491525423728814,0.9303482587064676,0.9611650485436893,0.9326923076923077,0.9733333333333334,0.943127962085308,0.9482071713147411,0.9166666666666666,0.9545454545454546,0.9527896995708155,0.9392712550607287,0.965,0.9521739130434783,0.9396551724137931,0.9509803921568627,0.9583333333333334,0.9715639810426541,0.9575471698113207,0.974025974025974,0.9330357142857143,0.9278846153846154,0.9598214285714286,0.945,0.9434782608695652,0.9418604651162791,0.9305555555555556,0.9527896995708155,0.9512195121951219,0.9619771863117871,0.9704641350210971,0.9409090909090909,0.9547511312217195,0.9585062240663901,0.9691629955947136,0.9641255605381166,0.9537815126050421,0.9775784753363229,0.9811320754716981,0.974025974025974,0.9420289855072463,0.9655172413793104,0.9669811320754716
0.9458333333333333,0.9493670886075949,0.9419642857142857,0.9523809523809523,0.9783549783549783,0.9525862068965517,0.960352422907489,0.9247787610619469,0.9695652173913043,0.958904109589041,0.9493087557603687,0.935064935064935,0.9399141630901288,0.9446808510638298,0.9452054794520548,0.9627906976744186,0.9647577092511013,0.9533678756476683,0.941747572815534,0.9493087557603687,0.9354838709677419,0.9377777777777778,0.946078431372549,0.926605504587156,0.95,0.9631336405529954,0.9576271186440678,0.9427312775330396,0.9551569506726457,0.9262672811059908,0.9642857142857143,0.9579439252336449,0.9285714285714286,0.9292929292929293,0.971830985915493,0.9478260869565217,0.9354838709677419,0.9366515837104072,0.9691629955947136,0.9461883408071748,0.9461883408071748,0.9680365296803652,0.9386792452830188,0.9362745098039216,0.9720930232558139,0.9333333333333333,0.947136563876652,0.9715639810426541,0.9619047619047619,0.9469026548672567,0.9428571428571428,0.9620853080568721,0.96875,0.9726027397260274,0.9681818181818181,0.9523809523809523,0.9457013574660633,0.96,0.9620253164556962,0.9259259259259259,0.95260663507109,0.970873786407767,0.9547511312217195,0.9519230769230769,0.9523809523809523,0.9399141630901288,0.9783549783549783,0.9485981308411215,0.9629629629629629,0.9659574468085106,0.9595141700404858,0.9398148148148148,0.9488372093023256,0.9555555555555556,0.9389671361502347,0.93717277486911,0.9691629955947136,0.92018779342723,0.9559471365638766,0.9490740740740741,0.958904109589041,0.925764192139738,0.9594594594594594,0.9545454545454546,0.9345794392523364,0.9551020408163265,0.9439655172413793,0.9414634146341463,0.9637096774193549,0.9639175257731959,0.9508928571428571,0.9541666666666667,0.9590163934426229,0.9620853080568721,0.982532751091703,0.961864406779661,0.9420289855072463,0.9495412844036697,0.9615384615384616,0.9815668202764977
0.9561752988047809,0.9452054794520548,0.9768518518518519,0.9656652360515021,0.9764150943396226,0.9451476793248945,0.9752475247524752,0.9366515837104072,0.9684684684684685,0.9655172413793104,0.943127962085308,0.9491525423728814,0.9462809917355371,0.9538461538461539,0.9557522123893806,0.9510204081632653,0.9137931034482759,0.9342723004694836,0.9436619718309859,0.9529914529914529,0.9519650655021834,0.9497907949790795,0.9736842105263158,0.9377777777777778,0.9521531100478469,0.9514563106796117,0.9696969696969697,0.9330357142857143,0.9181818181818182,0.9559471365638766,0.9264705882352942,0.910377358490566,0.9427312775330396,0.927536231884058,0.9388646288209607,0.9554455445544554,0.96,0.9389671361502347,0.9429824561403509,0.9432989690721649,0.9596774193548387,0.9656652360515021,0.9638009049773756,0.9595959595959596,0.960352422907489,0.9497716894977168,0.9651741293532339,0.9769585253456221,0.9690265486725663,0.9488372093023256,0.9813953488372092,0.9411764705882353,0.9644444444444444,0.9466019417475728,0.958139534883721,0.9506172839506173,0.9566929133858267,0.970954356846473,0.9611650485436893,0.9655172413793104,0.961864406779661,0.9591836734693877,0.9634703196347032,0.9737991266375546,0.9424778761061947,0.9826086956521739,0.9596412556053812,0.9439252336448598,0.9406392694063926,0.9411764705882353,0.9411764705882353,0.9699570815450643,0.93,0.9629629629629629,0.9348837209302325,0.9327354260089686,0.9471544715447154,0.9493670886075949,0.9383259911894273,0.9439655172413793,0.9517543859649122,0.9491525423728814,0.9372549019607843,0.9608695652173913,0.9631147540983607,0.9502262443438914,0.9398148148148148,0.9636363636363636,0.9605263157894737,0.9577464788732394,0.9464285714285714,0.949748743718593,0.9389671361502347,0.9366515837104072,0.95,0.9659574468085106,0.9534883720930233,0.9417040358744395,0.9558823529411765,0.9439655172413793
0.9424778761061947,0.9307359307359307,0.967741935483871,0.9622641509433962,0.9607843137254902,0.9652173913043478,0.9822222222222222,0.9380165289256198,0.9690265486725663,0.9393939393939394,0.918918918918919,0.9545454545454546,0.9596412556053812,0.9401709401709402,0.9400921658986175,0.9447004608294931,0.9396551724137931,0.9385964912280702,0.9572649572649573,0.9276595744680851,0.9385964912280702,0.9553571428571429,0.9372197309417041,0.9464285714285714,0.9629629629629629,0.935064935064935,0.9601769911504425,0.9392523364485982,0.9469026548672567,0.9482758620689655,0.9557522123893806,0.9409090909090909,0.9357798165137615,0.925,0.9624413145539906,0.9259259259259259,0.9620853080568721,0.9403669724770642,0.9512195121951219,0.9399141630901288,0.9622641509433962,0.954337899543379,0.9456066945606695,0.9525862068965517,0.982532751091703,0.9523809523809523,0.96,0.9641255605381166,0.967741935483871,0.9675925925925926,0.9698275862068966,0.9447004608294931,0.9641255605381166,0.9703389830508474,0.9523809523809523,0.9403669724770642,0.9565217391304348,0.9529914529914529,0.958904109589041,0.9396551724137931,0.95,0.948936170212766,0.9134199134199135,0.9361702127659575,0.9493087557603687,0.9478672985781991,0.9382716049382716,0.9358974358974359,0.9273504273504274,0.9162790697674419,0.948051948051948,0.9307359307359307,0.9166666666666666,0.919047619047619,0.9563106796116505,0.9295154185022027,0.9213973799126638,0.9408866995073891,0.9259259259259259,0.92,0.946078431372549,0.9301310043668122,0.9515418502202643,0.9597989949748744,0.9452054794520548,0.9778761061946902,0.9377777777777778,0.9421052631578948,0.9402985074626866,0.919047619047619,0.9463414634146341,0.9278846153846154,0.9134615384615384,0.9608695652173913,0.9619047619047619,0.9739130434782609,0.9469387755102041,0.9768518518518519,0.9617021276595744,0.9692307692307692
0.9622641509433962,0.9515418502202643,0.9612068965517241,0.9530516431924883,0.9641255605381166,0.9663461538461539,0.9417040358744395,0.9574468085106383,0.9553571428571429,0.9695652173913043,0.9333333333333333,0.9274193548387096,0.9644444444444444,0.9192825112107623,0.9646017699115044,0.9428571428571428,0.9507389162561576,0.9641255605381166,0.9375,0.9295774647887324,0.9504504504504504,0.9226804123711341,0.9336734693877551,0.9444444444444444,0.8737373737373737,0.9508928571428571,0.8990384615384616,0.9380530973451328,0.8733624454148472,0.9411764705882353,0.9282296650717703,0.9220183486238532,0.9223744292237442,0.9646017699115044,0.9454545454545454,0.9565217391304348,0.9722222222222222,0.9292929292929293,0.961864406779661,0.9660194174757282,0.9458128078817734,0.9601769911504425,0.9528301886792453,0.9417040358744395,0.9637096774193549,0.9360730593607306,0.9476190476190476,0.9482758620689655,0.9873417721518988,0.967741935483871,0.9521531100478469,0.9666666666666667,0.9663865546218487,0.9642857142857143,0.9671361502347418,0.9674418604651163,0.9348837209302325,0.9529914529914529,0.9806763285024155,0.9306930693069307,0.9348837209302325,0.9459459459459459,0.8991228070175439,0.9285714285714286,0.9244444444444444,0.9436619718309859,0.9333333333333333,0.9502262443438914,0.9733333333333334,0.9363636363636364,0.9414634146341463,0.9411764705882353,0.949748743718593,0.943127962085308,0.9363636363636364,0.9090909090909091,0.9194915254237288,0.9510204081632653,0.9095022624434389,0.9386792452830188,0.92018779342723,0.9396551724137931,0.9512195121951219,0.9310344827586207,0.9224137931034483,0.9241071428571429,0.963265306122449,0.9419642857142857,0.9621848739495799,0.9569377990430622,0.9525691699604744,0.9302325581395349,0.9523809523809523,0.9463414634146341,0.9545454545454546,0.9759615384615384,0.9665271966527197,0.9671361502347418,0.9705882352941176,0.9282051282051282
0.9414414414414415,0.956140350877193,0.9606986899563319,0.9575471698113207,0.9497716894977168,0.9545454545454546,0.9118942731277533,0.9636363636363636,0.9342723004694836,0.9634146341463414,0.9552238805970149,0.967741935483871,0.9032258064516129,0.9592760180995475,0.9241071428571429,0.9382716049382716,0.9315068493150684,0.908675799086758,0.9237668161434978,0.9491525423728814,0.9137931034482759,0.9067796610169492,0.9276018099547512,0.9122807017543859,0.8893805309734514,0.92,0.9154929577464789,0.956,0.9207920792079208,0.9017094017094017,0.9311926605504587,0.9209302325581395,0.9308755760368663,0.922077922077922,0.9342105263157895,0.9401709401709402,0.9464285714285714,0.9519650655021834,0.9393939393939394,0.9365853658536586,0.954337899543379,0.9466666666666667,0.9490740740740741,0.9385964912280702,0.9423076923076923,0.9604743083003953,0.9521531100478469,0.9653679653679653,0.958904109589041,0.9361702127659575,0.9782608695652174,0.9669421487603306,0.9511111111111111,0.9444444444444444,0.9497716894977168,0.9587628865979382,0.9692307692307692,0.9424778761061947,0.9428571428571428,0.9434782608695652,0.9595959595959596,0.944,0.9690265486725663,0.9493670886075949,0.95,0.9454545454545454,0.9282511210762332,0.9392523364485982,0.9311926605504587,0.9429824561403509,0.9411764705882353,0.9233870967741935,0.9311926605504587,0.9130434782608695,0.919831223628692,0.9156118143459916,0.8883495145631068,0.9382716049382716,0.9404255319148936,0.9227272727272727,0.9449152542372882,0.9166666666666666,0.9244444444444444,0.948051948051948,0.9178743961352657,0.9311740890688259,0.9478672985781991,0.948936170212766,0.9386973180076629,0.9361702127659575,0.9386792452830188,0.9587155963302753,0.952,0.9533678756476683,0.9683257918552036,0.9639175257731959,0.9579439252336449,0.967479674796748,0.9457013574660633,0.9369369369369369
0.9513274336283186,0.9901960784313726,0.9481132075471698,0.9678899082568807,0.9375,0.964824120603015,0.9543147208121827,0.9344978165938864,0.952,0.9551569506726457,0.9424778761061947,0.9447004608294931,0.9504132231404959,0.8952380952380953,0.9273504273504274,0.9389671361502347,0.9380530973451328,0.933649289099526,0.9289099526066351,0.9198113207547169,0.9142857142857143,0.9241071428571429,0.9311926605504587,0.9399141630901288,0.9246231155778895,0.8994974874371859,0.9166666666666666,0.9063829787234042,0.933649289099526,0.904,0.9174311926605505,0.9642857142857143,0.8927038626609443,0.926605504587156,0.9145299145299145,0.9347826086956522,0.9409090909090909,0.9531914893617022,0.9468599033816425,0.9444444444444444,0.9308755760368663,0.9555555555555556,0.9285714285714286,0.9563106796116505,0.9831223628691983,0.9481132075471698,0.9626168224299065,0.9666666666666667,0.9534883720930233,0.9608695652173913,0.9469026548672567,0.9644444444444444,0.970954356846473,0.9760765550239234,0.9674418604651163,0.9675925925925926,0.9324324324324325,0.9559471365638766,0.9545454545454546,0.9671361502347418,0.9528301886792453,0.9615384615384616,0.9444444444444444,0.9126637554585153,0.9253112033195021,0.9519650655021834,0.9203539823008849,0.8914027149321267,0.9269406392694064,0.9330357142857143,0.8995433789954338,0.9246861924686193,0.9128440366972477,0.9345794392523364,0.8743961352657005,0.9227272727272727,0.8949771689497716,0.9063829787234042,0.8986784140969163,0.9491525423728814,0.9259259259259259,0.9322916666666666,0.9446808510638298,0.9244444444444444,0.8956521739130435,0.9383886255924171,0.9454545454545454,0.9285714285714286,0.9348837209302325,0.9351851851851852,0.967479674796748,0.919047619047619,0.9778761061946902,0.9482758620689655,0.9570815450643777,0.9642857142857143,0.9508928571428571,0.9828326180257511,0.972972972972973,0.9780701754385965
0.9620853080568721,0.9641255605381166,0.9455445544554455,0.9626168224299065,0.9831932773109243,0.9506726457399103,0.9429824561403509,0.9321266968325792,0.9512195121951219,0.9406392694063926,0.9339622641509434,0.9402985074626866,0.944,0.9158878504672897,0.9177489177489178,0.9295774647887324,0.9170506912442397,0.9429824561403509,0.9104477611940298,0.9054054054054054,0.9230769230769231,0.8614718614718615,0.919831223628692,0.9043062200956937,0.9041666666666667,0.8620689655172413,0.9057377049180327,0.9070796460176991,0.8829268292682927,0.9354838709677419,0.9008620689655172,0.8756218905472637,0.9251101321585903,0.8726415094339622,0.9186602870813397,0.9295154185022027,0.9377777777777778,0.9110169491525424,0.9392523364485982,0.9282511210762332,0.960352422907489,0.9411764705882353,0.9342723004694836,0.9893048128342246,0.9859154929577465,0.9626556016597511,0.972972972972973,0.9545454545454546,0.9551569506726457,0.9469026548672567,0.96875,0.9567307692307693,0.9631147540983607,0.9606986899563319,0.9688888888888889,0.9519230769230769,0.9362745098039216,0.961352657004831,0.9577464788732394,0.9383259911894273,0.9342105263157895,0.9279279279279279,0.9398148148148148,0.9333333333333333,0.8936170212765957,0.937799043062201,0.9447236180904522,0.9047619047619048,0.921161825726141,0.8790697674418605,0.90625,0.902542372881356,0.9279661016949152,0.9066666666666666,0.926829268292683,0.8687782805429864,0.9047619047619048,0.8867924528301887,0.8837209302325582,0.92018779342723,0.9008620689655172,0.8589743589743589,0.946058091286307,0.9145299145299145,0.9141414141414141,0.9027777777777778,0.9419642857142857,0.9178743961352657,0.9533898305084746,0.9260869565217391,0.9642857142857143,0.9700854700854701,0.9414414414414415,0.9545454545454546,0.9620253164556962,0.9692982456140351,0.9695652173913043,0.9702127659574468,0.9267241379310345,0.9439655172413793
0.9252336448598131,0.9627906976744186,0.9585253456221198,0.95260663507109,0.954954954954955,0.9624413145539906,0.9388646288209607,0.9396551724137931,0.9389671361502347,0.9541284403669725,0.9441860465116279,0.9357798165137615,0.9389671361502347,0.9292035398230089,0.933920704845815,0.9217391304347826,0.9196428571428571,0.9154929577464789,0.8941798941798942,0.8905472636815921,0.8878923766816144,0.8833333333333333,0.8995215311004785,0.92018779342723,0.9019607843137255,0.902542372881356,0.8834080717488789,0.8716814159292036,0.9190283400809717,0.9038461538461539,0.908256880733945,0.9207920792079208,0.9453781512605042,0.9273504273504274,0.9159663865546218,0.9174311926605505,0.8820960698689956,0.9295154185022027,0.9013452914798207,0.940677966101695,0.9570815450643777,0.9285714285714286,0.914572864321608,0.9380952380952381,0.9502262443438914,0.9543568464730291,0.9634703196347032,0.9606986899563319,0.9557522123893806,0.9549180327868853,0.9345794392523364,0.9615384615384616,0.9642857142857143,0.9484978540772532,0.9530516431924883,0.9270833333333334,0.9622641509433962,0.9441860465116279,0.9516129032258065,0.9539748953974896,0.9389671361502347,0.904,0.9269406392694064,0.9409282700421941,0.9298245614035088,0.9473684210526315,0.9126637554585153,0.9372197309417041,0.9338842975206612,0.8930232558139535,0.8952380952380953,0.9107981220657277,0.8935185185185185,0.8854625550660793,0.9201680672268907,0.9045454545454545,0.8846153846153846,0.9049773755656109,0.8931623931623932,0.8951965065502183,0.908695652173913,0.8884462151394422,0.8733624454148472,0.9181034482758621,0.8951965065502183,0.9151785714285714,0.9305555555555556,0.9444444444444444,0.9288888888888889,0.9103139013452914,0.9458128078817734,0.9224137931034483,0.95260663507109,0.9383259911894273,0.9689119170984456,0.9567099567099567,0.948936170212766,0.937799043062201,0.970873786407767,0.9572649572649573
0.9427312775330396,0.9832635983263598,0.9439252336448598,0.9453781512605042,0.950207468879668,0.968609865470852,0.9506726457399103,0.9419642857142857,0.9429824561403509,0.9523809523809523,0.9130434782608695,0.9429824561403509,0.8794642857142857,0.919047619047619,0.9004739336492891,0.9029126213592233,0.9124423963133641,0.899581589958159,0.8927038626609443,0.8936170212765957,0.883177570093458,0.875,0.8878923766816144,0.9192825112107623,0.8987341772151899,0.8636363636363636,0.8546255506607929,0.9024390243902439,0.8732394366197183,0.8764940239043825,0.8855721393034826,0.8935185185185185,0.8926829268292683,0.8974358974358975,0.9308755760368663,0.9330143540669856,0.98046875,0.9541666666666667,0.9327731092436975,0.9565217391304348,0.9393939393939394,0.9322709163346613,0.9484978540772532,0.9525862068965517,0.9380165289256198,0.9764705882352941,0.9780701754385965,0.9647577092511013,0.9485981308411215,0.968609865470852,0.9238578680203046,0.9712918660287081,0.9307359307359307,0.9782608695652174,0.9420289855072463,0.9608695652173913,0.9656652360515021,0.9342723004694836,0.9482758620689655,0.9613733905579399,0.8883495145631068,0.9098360655737705,0.9285714285714286,0.9082125603864735,0.9074074074074074,0.926530612244898,0.8539823008849557,0.898989898989899,0.933920704845815,0.9055793991416309,0.8826086956521739,0.8968609865470852,0.869198312236287,0.9126637554585153,0.8818565400843882,0.8755364806866953,0.881578947368421,0.9230769230769231,0.8709677419354839,0.9123711340206185,0.9107142857142857,0.8974358974358975,0.8873239436619719,0.8935185185185185,0.9176954732510288,0.9158415841584159,0.9393939393939394,0.9112903225806451,0.9066666666666666,0.9644444444444444,0.9324324324324325,0.9583333333333334,0.9347826086956522,0.9587155963302753,0.9565217391304348,0.9571428571428572,0.9469026548672567,0.9698275862068966,0.9741379310344828,0.9710144927536232
0.9700854700854701,0.9446808510638298,0.9836734693877551,0.9534883720930233,0.9690265486725663,0.9514563106796117,0.9288702928870293,0.954954954954955,0.9565217391304348,0.9368421052631579,0.946078431372549,0.9482758620689655,0.9325396825396826,0.9052631578947369,0.9345794392523364,0.8798283261802575,0.899581589958159,0.9032258064516129,0.8677685950413223,0.8846153846153846,0.8642533936651584,0.8938053097345132,0.8981481481481481,0.8815165876777251,0.864406779661017,0.8547717842323651,0.8444444444444444,0.8454545454545455,0.8432203389830508,0.8957345971563981,0.881578947368421,0.8995215311004785,0.8729508196721312,0.9102564102564102,0.8873873873873874,0.8857142857142857,0.8925619834710744,0.9078947368421053,0.9027777777777778,0.926605504587156,0.9388646288209607,0.9262295081967213,0.9299065420560748,0.9259259259259259,0.9453125,0.9411764705882353,0.9579439252336449,0.9466666666666667,0.9368932038834952,0.9592760180995475,0.9519650655021834,0.9567307692307693,0.9248826291079812,0.9385964912280702,0.9495412844036697,0.9553571428571429,0.9622641509433962,0.9396551724137931,0.9112149532710281,0.9276018099547512,0.918918918918919,0.8960396039603961,0.8546255506607929,0.919431279620853,0.8898678414096917,0.9162790697674419,0.8869565217391304,0.9054054054054054,0.8672566371681416,0.8977777777777778,0.9017094017094017,0.8502415458937198,0.8522167487684729,0.8823529411764706,0.875,0.8783783783783784,0.8851674641148325,0.8818181818181818,0.8922413793103449,0.8686440677966102,0.883248730964467,0.8520408163265306,0.8651162790697674,0.8739495798319328,0.9217391304347826,0.910377358490566,0.875,0.8925233644859814,0.9322033898305084,0.9321266968325792,0.9259259259259259,0.9532710280373832,0.9416666666666667,0.9416666666666667,0.9656652360515021,0.9493087557603687,0.9471153846153846,0.981042654028436,0.95,0.96
0.9586776859504132,0.9678899082568807,0.9765258215962441,0.9674418604651163,0.9690265486725663,0.9351851851851852,0.9383259911894273,0.966824644549763,0.9417040358744395,0.9403669724770642,0.926829268292683,0.9090909090909091,0.9395348837209302,0.8882978723404256,0.9095022624434389,0.8492462311557789,0.9118942731277533,0.8571428571428571,0.9063829787234042,0.8552036199095022,0.8815165876777251,0.9004329004329005,0.8760683760683761,0.8409090909090909,0.9090909090909091,0.8544600938967136,0.8605769230769231,0.8145161290322581,0.8511627906976744,0.8516949152542372,0.8705357142857143,0.8762376237623762,0.8609865470852018,0.9120370370370371,0.8863636363636364,0.8914027149321267,0.8831168831168831,0.9159663865546218,0.9409090909090909,0.9135802469135802,0.9073170731707317,0.9454545454545454,0.9576271186440678,0.9507389162561576,0.974025974025974,0.945,0.9607843137254902,0.9449152542372882,0.9518072289156626,0.9555555555555556,0.9772727272727273,0.9578059071729957,0.9529914529914529,0.9594594594594594,0.9491525423728814,0.93,0.9466019417475728,0.9532710280373832,0.9324894514767933,0.9078341013824884,0.8951612903225806,0.9560975609756097,0.9030837004405287,0.9176954732510288,0.8622222222222222,0.9057377049180327,0.9181034482758621,0.8744186046511628,0.8607594936708861,0.9049586776859504,0.8526785714285714,0.8412017167381974,0.8849557522123894,0.9037656903765691,0.8767772511848341,0.8617511520737328,0.9227467811158798,0.881578947368421,0.8619246861924686,0.8433179723502304,0.8873873873873874,0.8878504672897196,0.9409282700421941,0.9162790697674419,0.8727272727272727,0.9081632653061225,0.9653465346534653,0.9045226130653267,0.9012345679012346,0.908256880733945,0.9385245901639344,0.8935185185185185,0.9348837209302325,0.9383886255924171,0.954954954954955,0.9588477366255144,0.9596412556053812,0.96,0.9422222222222222,0.9461883408071748
0.9716981132075472,0.9724770642201835,0.9491525423728814,0.9627906976744186,0.9747899159663865,0.941747572815534,0.9150943396226415,0.9310344827586207,0.9186602870813397,0.9227642276422764,0.921161825726141,0.9333333333333333,0.9298245614035088,0.9055793991416309,0.8910891089108911,0.8511627906976744,0.8848167539267016,0.88,0.8585365853658536,0.8761061946902655,0.8356807511737089,0.864,0.825,0.8217391304347826,0.8448275862068966,0.8669527896995708,0.831858407079646,0.8768472906403941,0.8484848484848485,0.8530805687203792,0.8864628820960698,0.8796296296296297,0.863849765258216,0.9090909090909091,0.9210526315789473,0.8860759493670886,0.8847736625514403,0.8894009216589862,0.9177489177489178,0.8958333333333334,0.9292035398230089,0.9342723004694836,0.9364406779661016,0.9234234234234234,0.9563318777292577,0.9567307692307693,0.9506726457399103,0.9780701754385965,0.9523809523809523,0.9487179487179487,0.947136563876652,0.9458333333333333,0.9382239382239382,0.9493087557603687,0.9656652360515021,0.9506726457399103,0.9360730593607306,0.918918918918919,0.9369747899159664,0.9173913043478261,0.9013452914798207,0.9184549356223176,0.9213973799126638,0.9241071428571429,0.9247787610619469,0.8836206896551724,0.8647540983606558,0.8951612903225806,0.8645833333333334,0.863849765258216,0.8705357142857143,0.8227272727272728,0.8693693693693694,0.8189655172413793,0.827906976744186,0.8285714285714286,0.8214285714285714,0.8468468468468469,0.834061135371179,0.8878504672897196,0.8586956521739131,0.8936170212765957,0.8862559241706162,0.8614718614718615,0.8995633187772926,0.8918918918918919,0.8882978723404256,0.9136363636363637,0.8990825688073395,0.8986784140969163,0.9244444444444444,0.9282511210762332,0.9303482587064676,0.916,0.9409090909090909,0.9434782608695652,0.9174757281553398,0.9823788546255506,0.9733333333333334,0.9711538461538461
0.9611650485436893,0.9624413145539906,0.9601769911504425,0.9631336405529954,0.974025974025974,0.9519650655021834,0.9304347826086956,0.9385964912280702,0.9264069264069265,0.8985507246376812,0.9036144578313253,0.9013452914798207,0.9319148936170213,0.9135802469135802,0.8834080717488789,0.8616071428571429,0.8488888888888889,0.8070175438596491,0.868995633187773,0.8294930875576036,0.8277310924369747,0.84688995215311,0.8584070796460177,0.832579185520362,0.8382978723404255,0.8284518828451883,0.84,0.8448275862068966,0.8482142857142857,0.8590308370044053,0.8053097345132744,0.8879310344827587,0.8229665071770335,0.8689320388349514,0.9121338912133892,0.8564356435643564,0.8968609865470852,0.9039301310043668,0.9030837004405287,0.9147982062780269,0.948051948051948,0.9519650655021834,0.9674418604651163,0.9327354260089686,0.946236559139785,0.9404255319148936,0.9466666666666667,0.9469387755102041,0.9622641509433962,0.9399141630901288,0.9597989949748744,0.9516908212560387,0.9598214285714286,0.9558823529411765,0.9468599033816425,0.9656652360515021,0.9409282700421941,0.8644859813084113,0.9004149377593361,0.9347826086956522,0.9148936170212766,0.8647342995169082,0.8898678414096917,0.8925619834710744,0.8564814814814815,0.8837209302325582,0.8495934959349594,0.8070175438596491,0.86,0.8341968911917098,0.8141592920353983,0.8778280542986425,0.8099547511312217,0.865979381443299,0.8559322033898306,0.832579185520362,0.847457627118644,0.8589211618257261,0.8773584905660378,0.852017937219731,0.8564814814814815,0.8221343873517787,0.8421052631578947,0.8888888888888888,0.8909090909090909,0.8942731277533039,0.905982905982906,0.915,0.9018691588785047,0.9120370370370371,0.9466019417475728,0.9302325581395349,0.9695652173913043,0.9336099585062241,0.9515418502202643,0.9513274336283186,0.9866666666666667,0.9622641509433962,0.9555555555555556,0.958904109589041
0.948936170212766,0.9380952380952381,0.9441860465116279,0.9468085106382979,0.9653679653679653,0.9594594594594594,0.9254385964912281,0.9587155963302753,0.9306930693069307,0.9473684210526315,0.9078947368421053,0.9118942731277533,0.9429824561403509,0.8739495798319328,0.885593220338983,0.8909952606635071,0.8577777777777778,0.8247863247863247,0.8577235772357723,0.8190045248868778,0.8080357142857143,0.8333333333333334,0.8634146341463415,0.8235294117647058,0.8363636363636363,0.7706422018348624,0.8476190476190476,0.8164251207729468,0.8697674418604651,0.8348623853211009,0.8787878787878788,0.8275862068965517,0.8761061946902655,0.8721461187214612,0.891213389121339,0.8940092165898618,0.8831168831168831,0.8530805687203792,0.9128440366972477,0.9146341463414634,0.9137931034482759,0.9272727272727272,0.927038626609442,0.9345794392523364,0.953307392996109,0.9469026548672567,0.9214876033057852,0.9780701754385965,0.9789029535864979,0.9532710280373832,0.9656652360515021,0.9773755656108597,0.963963963963964,0.9669811320754716,0.9241071428571429,0.9439252336448598,0.9471153846153846,0.9311926605504587,0.943127962085308,0.8793103448275862,0.9090909090909091,0.9012875536480687,0.8794642857142857,0.8864628820960698,0.9035087719298246,0.8765957446808511,0.868020304568528,0.8425925925925926,0.7808219178082192,0.8584905660377359,0.876984126984127,0.8044444444444444,0.8761467889908257,0.8277511961722488,0.8416666666666667,0.8356164383561644,0.759825327510917,0.8347826086956521,0.8290598290598291,0.8962655601659751,0.8959276018099548,0.8589211618257261,0.8634538152610441,0.8127659574468085,0.8558951965065502,0.8849557522123894,0.8812785388127854,0.8968609865470852,0.9301310043668122,0.9215686274509803,0.9466666666666667,0.9333333333333333,0.9305555555555556,0.9525691699604744,0.95,0.9299065420560748,0.9611650485436893,0.9385964912280702,0.9758454106280193,0.9458128078817734
0.9734513274336283,0.9625,0.9818181818181818,0.9375,0.9549180327868853,0.9402985074626866,0.9547511312217195,0.9205607476635514,0.8951965065502183,0.919831223628692,0.8987341772151899,0.8792270531400966,0.9014084507042254,0.8767772511848341,0.9019607843137255,0.8547008547008547,0.8099547511312217,0.8857142857142857,0.8508771929824561,0.7991071428571429,0.8198198198198198,0.8391304347826087,0.8073394495412844,0.7941176470588235,0.8086124401913876,0.7927927927927928,0.8351063829787234,0.7866666666666666,0.8103448275862069,0.8294930875576036,0.7829787234042553,0.863849765258216,0.8706467661691543,0.8968609865470852,0.8691588785046729,0.820627802690583,0.8465116279069768,0.8648648648648649,0.8533333333333334,0.9,0.9301310043668122,0.9307359307359307,0.926530612244898,0.9030837004405287,0.941908713692946,0.9754098360655737,0.9690265486725663,0.9593908629441624,0.9446808510638298,0.9656652360515021,0.9641255605381166,0.9553571428571429,0.9429824561403509,0.9601769911504425,0.9631336405529954,0.9234042553191489,0.9095022624434389,0.9347826086956522,0.9008620689655172,0.9104477611940298,0.8792270531400966,0.8982300884955752,0.8744186046511628,0.874439461883408,0.8597285067873304,0.8526785714285714,0.8658008658008658,0.8281938325991189,0.8584474885844748,0.8292682926829268,0.8354978354978355,0.831858407079646,0.8348214285714286,0.7913043478260869,0.8157894736842105,0.8269230769230769,0.7841409691629956,0.8125,0.8307692307692308,0.762114537444934,0.8289473684210527,0.8564593301435407,0.8518518518518519,0.8475336322869955,0.8647342995169082,0.8654708520179372,0.9276018099547512,0.8703703703703703,0.8622222222222222,0.8963963963963963,0.9307359307359307,0.9464285714285714,0.9620853080568721,0.9659574468085106,0.9209302325581395,0.9298245614035088,0.9534883720930233,0.9774774774774775,0.973568281938326,0.971830985915493
0.9578059071729957,0.9675925925925926,0.9402390438247012,0.9605263157894737,0.9457013574660633,0.9380952380952381,0.9318181818181818,0.9248826291079812,0.9427312775330396,0.8974358974358975,0.95,0.9317073170731708,0.8603603603603603,0.8767772511848341,0.8922413793103449,0.8497652582159625,0.8775510204081632,0.8818181818181818,0.8826291079812206,0.8469387755102041,0.8018018018018018,0.8326180257510729,0.7793427230046949,0.7835051546391752,0.7633928571428571,0.8410041841004184,0.8398268398268398,0.7882882882882883,0.8087649402390438,0.7733333333333333,0.8584905660377359,0.8433179723502304,0.7894736842105263,0.8391304347826087,0.8325358851674641,0.8796680497925311,0.8433179723502304,0.8904109589041096,0.8663967611336032,0.9047619047619048,0.9035087719298246,0.918918918918919,0.9279279279279279,0.9414414414414415,0.9241706161137441,0.9497716894977168,0.9802955665024631,0.9741379310344828,0.9476190476190476,0.9455445544554455,0.9772727272727273,0.9609756097560975,0.975103734439834,0.9650655021834061,0.9305555555555556,0.9436619718309859,0.9033613445378151,0.9269406392694064,0.9041095890410958,0.9195979899497487,0.8663366336633663,0.8986175115207373,0.8699551569506726,0.8976744186046511,0.8075117370892019,0.8815165876777251,0.8495575221238938,0.8243243243243243,0.8577777777777778,0.8101851851851852,0.8143459915611815,0.8529411764705882,0.8454106280193237,0.8032786885245902,0.7889908256880734,0.826271186440678,0.8090909090909091,0.8065843621399177,0.7569721115537849,0.7792207792207793,0.825,0.7795698924731183,0.8144796380090498,0.8407079646017699,0.845771144278607,0.8504672897196262,0.8975409836065574,0.8602620087336245,0.868421052631579,0.9162995594713657,0.9267241379310345,0.9036144578313253,0.9361702127659575,0.9523809523809523,0.944206008583691,0.9237668161434978,0.9482758620689655,0.950207468879668,0.9694323144104804,0.9552238805970149
0.9441860465116279,0.9634146341463414,0.9461883408071748,0.9617224880382775,0.9187817258883249,0.9428571428571428,0.9254385964912281,0.90625,0.9032258064516129,0.8957345971563981,0.8994974874371859,0.8657407407407407,0.892018779342723,0.8571428571428571,0.8817733990147784,0.8769230769230769,0.8348623853211009,0.8603603603603603,0.8141592920353983,0.8264840182648402,0.7982062780269058,0.7625,0.8017241379310345,0.7446808510638298,0.832579185520362,0.7748917748917749,0.7589285714285714,0.7909836065573771,0.8018867924528302,0.7737556561085973,0.815668202764977,0.7990196078431373,0.8142857142857143,0.7894736842105263,0.8310502283105022,0.8711111111111111,0.8497854077253219,0.8725490196078431,0.8744186046511628,0.8796296296296297,0.927038626609442,0.9336283185840708,0.9090909090909091,0.9424778761061947,0.9478260869565217,0.9468599033816425,0.9537815126050421,0.9285714285714286,0.9414414414414415,0.9557522123893806,0.9545454545454546,0.9186602870813397,0.9473684210526315,0.9495798319327731,0.9276018099547512,0.9289340101522843,0.9052132701421801,0.9289099526066351,0.8977777777777778,0.8849557522123894,0.8888888888888888,0.8894230769230769,0.9120370370370371,0.855,0.8305084745762712,0.8529411764705882,0.8432203389830508,0.7892376681614349,0.7963800904977375,0.8078602620087336,0.7657657657657657,0.8310502283105022,0.7777777777777778,0.7660550458715596,0.7831858407079646,0.7983193277310925,0.7571428571428571,0.7477477477477478,0.8043478260869565,0.8130434782608695,0.7592592592592593,0.8028846153846154,0.8169642857142857,0.8942731277533039,0.863013698630137,0.8590909090909091,0.8766519823788547,0.8554216867469879,0.8803827751196173,0.8672566371681416,0.9234449760765551,0.9122807017543859,0.9587155963302753,0.9428571428571428,0.9575471698113207,0.9620253164556962,0.9481132075471698,0.9344978165938864,0.926605504587156,0.9488372093023256
0.9690265486725663,0.9627906976744186,0.9422222222222222,0.9491525423728814,0.9166666666666666,0.9535864978902954,0.9641255605381166,0.9220183486238532,0.9260869565217391,0.9251101321585903,0.9356435643564357,0.90625,0.8738738738738738,0.8977777777777778,0.8326180257510729,0.8269230769230769,0.7835497835497836,0.8089430894308943,0.8232558139534883,0.7887931034482759,0.7788461538461539,0.7608695652173914,0.7811158798283262,0.8225108225108225,0.7713004484304933,0.8243243243243243,0.7746478873239436,0.8019323671497585,0.8008849557522124,0.7782608695652173,0.8252032520325203,0.8155737704918032,0.8009049773755657,0.8571428571428571,0.7906976744186046,0.8571428571428571,0.8557692307692307,0.8831168831168831,0.8995433789954338,0.8988326848249028,0.925,0.8956521739130435,0.9178743961352657,0.9396984924623115,0.9619047619047619,0.9404255319148936,0.9535864978902954,0.9537037037037037,0.9486166007905138,0.9719626168224299,0.9490740740740741,0.9625668449197861,0.9806763285024155,0.9382716049382716,0.9318181818181818,0.9367588932806324,0.9571428571428572,0.9444444444444444,0.8778280542986425,0.8807339449541285,0.8893805309734514,0.8260869565217391,0.8714285714285714,0.8777292576419214,0.8602620087336245,0.8054298642533937,0.8064516129032258,0.8492462311557789,0.8060344827586207,0.8034934497816594,0.7740585774058577,0.7894736842105263,0.7428571428571429,0.7708333333333334,0.7699530516431925,0.7635467980295566,0.7973568281938326,0.8073394495412844,0.8165137614678899,0.7805907172995781,0.8026905829596412,0.7963800904977375,0.8110599078341014,0.782608695652174,0.8405797101449275,0.8202764976958525,0.8781725888324873,0.8697478991596639,0.8622222222222222,0.8860759493670886,0.9170305676855895,0.8940677966101694,0.911504424778761,0.9155555555555556,0.9330143540669856,0.9495798319327731,0.9620853080568721,0.9834710743801653,0.946058091286307,0.9360730593607306
0.958139534883721,0.9698492462311558,0.956140350877193,0.958139534883721,0.9621848739495799,0.9444444444444444,0.9327354260089686,0.8987341772151899,0.8906882591093117,0.8888888888888888,0.9012875536480687,0.8861788617886179,0.8409090909090909,0.8836206896551724,0.8423423423423423,0.8240740740740741,0.8058252427184466,0.7816593886462883,0.8268398268398268,0.755868544600939,0.7413793103448276,0.8185840707964602,0.7777777777777778,0.7703349282296651,0.7255813953488373,0.7264150943396226,0.8,0.8035714285714286,0.7631578947368421,0.7782608695652173,0.7568807339449541,0.7829787234042553,0.8181818181818182,0.7660550458715596,0.8378378378378378,0.8589211618257261,0.8097560975609757,0.8414096916299559,0.8761904761904762,0.8603603603603603,0.88,0.9067796610169492,0.8865546218487395,0.9174757281553398,0.9547511312217195,0.948051948051948,0.950207468879668,0.9576271186440678,0.958139534883721,0.9615384615384616,0.9511111111111111,0.9551569506726457,0.9351851851851852,0.9551569506726457,0.9294605809128631,0.9437229437229437,0.9108910891089109,0.91,0.9094827586206896,0.881578947368421,0.8591549295774648,0.853448275862069,0.8409090909090909,0.8373205741626795,0.8546255506607929,0.7636363636363637,0.8215767634854771,0.7922705314009661,0.8071748878923767,0.7655502392344498,0.7733333333333333,0.7960199004975125,0.7522522522522522,0.7321428571428571,0.8240740740740741,0.7024793388429752,0.794392523364486,0.7375565610859729,0.7166666666666667,0.8051948051948052,0.7732793522267206,0.7612612612612613,0.8333333333333334,0.782608695652174,0.7932692307692307,0.7875,0.8442211055276382,0.8264462809917356,0.9032258064516129,0.8858447488584474,0.8995433789954338,0.9369369369369369,0.9213973799126638,0.8958333333333334,0.9782608695652174,0.9238578680203046,0.9366515837104072,0.9744897959183674,0.9521739130434783,0.9565217391304348
0.9515418502202643,0.9715639810426541,0.9539748953974896,0.945,0.9345794392523364,0.9592760180995475,0.9292452830188679,0.9055793991416309,0.920704845814978,0.8942731277533039,0.9124423963133641,0.8899082568807339,0.8202764976958525,0.780373831775701,0.825531914893617,0.8433179723502304,0.7882882882882883,0.7421052631578947,0.7521739130434782,0.7555555555555555,0.7991266375545851,0.75,0.7533632286995515,0.7247706422018348,0.726457399103139,0.6727272727272727,0.6901408450704225,0.8209606986899564,0.7705627705627706,0.780952380952381,0.7551020408163265,0.8127853881278538,0.8019323671497585,0.8025210084033614,0.7922077922077922,0.8433734939759037,0.8045454545454546,0.8828828828828829,0.8864628820960698,0.8577981651376146,0.8928571428571429,0.9045454545454545,0.8893805309734514,0.95260663507109,0.9462809917355371,0.9411764705882353,0.9238578680203046,0.9728506787330317,0.9508928571428571,0.9696969696969697,0.9626556016597511,0.9533898305084746,0.954337899543379,0.9585253456221198,0.9212962962962963,0.9402985074626866,0.9013452914798207,0.8831168831168831,0.8949771689497716,0.875,0.822429906542056,0.8922413793103449,0.8915094339622641,0.8165137614678899,0.8779342723004695,0.8348623853211009,0.7906976744186046,0.7837837837837838,0.7872340425531915,0.7702702702702703,0.6995515695067265,0.6948356807511737,0.7911111111111111,0.7272727272727273,0.6824644549763034,0.7037037037037037,0.6954545454545454,0.7004405286343612,0.7689075630252101,0.7547169811320755,0.7783018867924528,0.7183673469387755,0.759090909090909,0.8227848101265823,0.8148148148148148,0.8553719008264463,0.8070866141732284,0.8545454545454545,0.8651162790697674,0.9013452914798207,0.8817733990147784,0.9150943396226415,0.9013452914798207,0.9595141700404858,0.9215686274509803,0.9333333333333333,0.9592760180995475,0.9360730593607306,0.9641255605381166,0.9383886255924171
0.9356223175965666,0.9656652360515021,0.9831932773109243,0.9663865546218487,0.9411764705882353,0.9528301886792453,0.927038626609442,0.9403669724770642,0.8981481481481481,0.8855721393034826,0.8607594936708861,0.8903508771929824,0.8623853211009175,0.8280542986425339,0.7932692307692307,0.7899543378995434,0.8116591928251121,0.7725118483412322,0.7477477477477478,0.7079646017699115,0.7294685990338164,0.7251184834123223,0.7739130434782608,0.6710526315789473,0.7251184834123223,0.7327586206896551,0.7168141592920354,0.7363636363636363,0.720164609053498,0.7660550458715596,0.7247706422018348,0.7581395348837209,0.7644230769230769,0.8235294117647058,0.7614678899082569,0.7918552036199095,0.7877358490566038,0.803921568627451,0.8623853211009175,0.9128440366972477,0.9198113207547169,0.9121951219512195,0.897196261682243,0.9128205128205128,0.9252336448598131,0.9241071428571429,0.9782608695652174,0.9447004608294931,0.9644670050761421,0.966183574879227,0.963963963963964,0.9497907949790795,0.975609756097561,0.9510204081632653,0.9565217391304348,0.9333333333333333,0.9304347826086956,0.885593220338983,0.8641975308641975,0.8638297872340426,0.8253275109170306,0.861244019138756,0.874439461883408,0.8009049773755657,0.7965367965367965,0.7478632478632479,0.8203883495145631,0.7807486631016043,0.7260869565217392,0.7407407407407407,0.7443946188340808,0.7668161434977578,0.7289719626168224,0.7077625570776256,0.7236180904522613,0.6465116279069767,0.6741071428571429,0.7123287671232876,0.7523364485981309,0.7601626016260162,0.7175925925925926,0.7772727272727272,0.7954545454545454,0.8387096774193549,0.8214285714285714,0.7652173913043478,0.8379629629629629,0.87,0.8240343347639485,0.8653846153846154,0.8921161825726142,0.8956521739130435,0.9158415841584159,0.9285714285714286,0.9345794392523364,0.9473684210526315,0.910377358490566,0.9605911330049262,0.9556451612903226,0.9507389162561576
0.9495412844036697,0.970873786407767,0.9567307692307693,0.9653679653679653,0.963302752293578,0.9162790697674419,0.9354838709677419,0.9086538461538461,0.897196261682243,0.8844444444444445,0.8785046728971962,0.8083333333333333,0.8713692946058091,0.782051282051282,0.7636363636363637,0.8248847926267281,0.8086124401913876,0.7883817427385892,0.7136363636363636,0.7827868852459017,0.7142857142857143,0.6591928251121076,0.6940639269406392,0.6755555555555556,0.7079646017699115,0.7033898305084746,0.7025862068965517,0.672645739910314,0.7339055793991416,0.7129629629629629,0.7663551401869159,0.7876106194690266,0.8138528138528138,0.7296137339055794,0.7906976744186046,0.7575757575757576,0.8564593301435407,0.8264840182648402,0.8506787330316742,0.8925233644859814,0.8928571428571429,0.9,0.9004329004329005,0.9308755760368663,0.9433962264150944,0.9362549800796812,0.9478672985781991,0.9531914893617022,0.963302752293578,0.9672897196261683,0.9669811320754716,0.9571428571428572,0.9462809917355371,0.9357798165137615,0.9279661016949152,0.9319148936170213,0.8980582524271845,0.9216589861751152,0.9121951219512195,0.8893617021276595,0.8601694915254238,0.8457943925233645,0.8283261802575107,0.793859649122807,0.7802690582959642,0.7828054298642534,0.7587939698492462,0.7709251101321586,0.7149122807017544,0.7366071428571429,0.7212389380530974,0.7564102564102564,0.7233009708737864,0.7117117117117117,0.7123287671232876,0.7336448598130841,0.7766497461928934,0.7236842105263158,0.6764705882352942,0.7661691542288557,0.7841409691629956,0.7837837837837838,0.7242990654205608,0.7681818181818182,0.7661691542288557,0.8571428571428571,0.8440366972477065,0.8523809523809524,0.8373205741626795,0.8512396694214877,0.9295774647887324,0.9149797570850202,0.9444444444444444,0.9323671497584541,0.925,0.9473684210526315,0.9466019417475728,0.96,0.9497716894977168,0.960352422907489
0.9553571428571429,0.9409090909090909,0.9752475247524752,0.9321266968325792,0.9240506329113924,0.8985507246376812,0.9236947791164659,0.918918918918919,0.8798076923076923,0.8737373737373737,0.8465608465608465,0.9223300970873787,0.8242677824267782,0.8270042194092827,0.8373205741626795,0.7755102040816326,0.8392857142857143,0.7533632286995515,0.7615062761506276,0.7547169811320755,0.7433628318584071,0.7377049180327869,0.6960352422907489,0.7115384615384616,0.695067264573991,0.6411290322580645,0.6811594202898551,0.6891891891891891,0.6186046511627907,0.7307692307692307,0.7038834951456311,0.7454545454545455,0.7440944881889764,0.7522935779816514,0.7882882882882883,0.772093023255814,0.8170212765957446,0.8434782608695652,0.8379629629629629,0.8584070796460177,0.8780487804878049,0.9030837004405287,0.8795180722891566,0.922077922077922,0.9223744292237442,0.9414225941422594,0.9369369369369369,0.9605263157894737,0.954954954954955,0.9488188976377953,0.9494949494949495,0.9700854700854701,0.9405940594059405,0.9553571428571429,0.9433962264150944,0.9399141630901288,0.8974358974358975,0.9047619047619048,0.8927038626609443,0.9017094017094017,0.8348623853211009,0.819672131147541,0.8415841584158416,0.8044444444444444,0.8349514563106796,0.7536231884057971,0.8008658008658008,0.7428571428571429,0.7605633802816901,0.6995305164319249,0.7314814814814815,0.7679324894514767,0.7068965517241379,0.7085201793721974,0.6536585365853659,0.7129186602870813,0.6694214876033058,0.6741071428571429,0.7090909090909091,0.75,0.6919642857142857,0.7198275862068966,0.7272727272727273,0.7263681592039801,0.7695473251028807,0.8185840707964602,0.8461538461538461,0.8068669527896996,0.8468085106382979,0.8385650224215246,0.8918918918918919,0.8716814159292036,0.9174311926605505,0.9141630901287554,0.9276018099547512,0.9321266968325792,0.9557522123893806,0.9435897435897436,0.9488372093023256,0.9457013574660633
0.9737991266375546,0.9759615384615384,0.9615384615384616,0.95,0.9567307692307693,0.9454545454545454,0.921161825726141,0.9260869565217391,0.9090909090909091,0.900990099009901,0.8731707317073171,0.8558558558558559,0.8326180257510729,0.7531914893617021,0.7959183673469388,0.7892156862745098,0.7110091743119266,0.7511520737327189,0.7489177489177489,0.7035398230088495,0.7156398104265402,0.6911764705882353,0.695067264573991,0.6743119266055045,0.6880733944954128,0.6933962264150944,0.6824034334763949,0.7185929648241206,0.7219512195121951,0.7224669603524229,0.6650485436893204,0.6739130434782609,0.7465437788018433,0.7723214285714286,0.7345971563981043,0.7773109243697479,0.8121827411167513,0.8411214953271028,0.7783505154639175,0.8761061946902655,0.9090909090909091,0.8565400843881856,0.9004524886877828,0.9414414414414415,0.9461883408071748,0.9134615384615384,0.9537815126050421,0.9672897196261683,0.9658119658119658,0.9572649572649573,0.9558823529411765,0.9497716894977168,0.9673469387755103,0.9365079365079365,0.919431279620853,0.9188034188034188,0.9403669724770642,0.9387755102040817,0.8691588785046729,0.8933333333333333,0.9130434782608695,0.8803827751196173,0.8035714285714286,0.8592233009708737,0.7654320987654321,0.7389380530973452,0.7156862745098039,0.7761904761904762,0.7511520737327189,0.7619047619047619,0.6933333333333334,0.6502463054187192,0.693069306930693,0.6438356164383562,0.6511627906976745,0.6347826086956522,0.7215189873417721,0.7136150234741784,0.6820276497695853,0.663594470046083,0.6782178217821783,0.690677966101695,0.7191489361702128,0.7067307692307693,0.7475247524752475,0.8181818181818182,0.8223350253807107,0.8372093023255814,0.8502202643171806,0.84375,0.8595744680851064,0.8844444444444445,0.8981481481481481,0.91,0.9497907949790795,0.9497716894977168,0.9491525423728814,0.9629629629629629,0.9583333333333334,0.9665071770334929
0.9408866995073891,0.9594594594594594,0.9772727272727273,0.9482758620689655,0.9234449760765551,0.9424778761061947,0.8909090909090909,0.8613445378151261,0.8949771689497716,0.8759398496240601,0.8624338624338624,0.8592233009708737,0.8355555555555556,0.7880184331797235,0.776255707762557,0.7428571428571429,0.7619047619047619,0.7276422764227642,0.7103174603174603,0.757847533632287,0.7112068965517241,0.7023255813953488,0.7464788732394366,0.7021276595744681,0.6514522821576764,0.6577777777777778,0.6862745098039216,0.645933014354067,0.7008928571428571,0.7761904761904762,0.6666666666666666,0.7319148936170212,0.7155172413793104,0.7568807339449541,0.7918367346938775,0.75,0.7835497835497836,0.819047619047619,0.8502202643171806,0.8782608695652174,0.8804780876494024,0.8872549019607843,0.9147982062780269,0.9033816425120773,0.9,0.9254385964912281,0.940677966101695,0.9778761061946902,0.9339622641509434,0.957983193277311,0.9641255605381166,0.9404255319148936,0.961352657004831,0.9638009049773756,0.9324324324324325,0.9302325581395349,0.9111111111111111,0.8823529411764706,0.8744186046511628,0.8649789029535865,0.9230769230769231,0.8271028037383178,0.8341232227488151,0.8457943925233645,0.8235294117647058,0.7427385892116183,0.759656652360515,0.7519685039370079,0.7336244541484717,0.7212389380530974,0.675,0.6964285714285714,0.6531531531531531,0.6908212560386473,0.6605504587155964,0.6553398058252428,0.6754385964912281,0.6583333333333333,0.6863636363636364,0.7375565610859729,0.6986899563318777,0.7285067873303167,0.7596153846153846,0.7685185185185185,0.7219730941704036,0.7752293577981652,0.7796610169491526,0.813953488372093,0.8208955223880597,0.8518518518518519,0.8853754940711462,0.8805309734513275,0.9055793991416309,0.8951965065502183,0.9117647058823529,0.9704641350210971,0.9493087557603687,0.954337899543379,0.9626168224299065,0.9555555555555556
0.9203539823008849,0.9318181818181818,0.9634703196347032,0.9399141630901288,0.9491525423728814,0.9147982062780269,0.9549180327868853,0.8849557522123894,0.8717948717948718,0.9103139013452914,0.8564356435643564,0.8268398268398268,0.8755555555555555,0.8209606986899564,0.7447698744769874,0.7757847533632287,0.7766990291262136,0.6837606837606838,0.7489711934156379,0.7535545023696683,0.6744186046511628,0.6438356164383562,0.680327868852459,0.7069767441860465,0.6650717703349283,0.6866359447004609,0.614406779661017,0.6317991631799164,0.6625514403292181,0.6981981981981982,0.6563876651982379,0.7183098591549296,0.6864406779661016,0.7023255813953488,0.7634854771784232,0.7422222222222222,0.7786561264822134,0.8207547169811321,0.8410041841004184,0.796812749003984,0.8585858585858586,0.8937007874015748,0.8738317757009346,0.9205607476635514,0.9344978165938864,0.9497716894977168,0.9622641509433962,0.948936170212766,0.9535864978902954,0.9868421052631579,0.9441624365482234,0.9691629955947136,0.9342723004694836,0.9184549356223176,0.9166666666666666,0.9213973799126638,0.9065040650406504,0.8986175115207373,0.8872549019607843,0.8697674418604651,0.8225108225108225,0.8626609442060086,0.7741935483870968,0.7952380952380952,0.8086124401913876,0.7510729613733905,0.6829268292682927,0.7020408163265306,0.6962025316455697,0.693069306930693,0.7488372093023256,0.639269406392694,0.6724890829694323,0.7268292682926829,0.6521739130434783,0.6527777777777778,0.6774193548387096,0.648068669527897,0.7085427135678392,0.6777251184834123,0.6535087719298246,0.6574074074074074,0.7782608695652173,0.7565217391304347,0.6926829268292682,0.7647058823529411,0.84375,0.8603603603603603,0.8722466960352423,0.8356807511737089,0.8778280542986425,0.9073170731707317,0.9216589861751152,0.9209486166007905,0.9247787610619469,0.9619047619047619,0.9409282700421941,0.9457013574660633,0.9497716894977168,0.9732142857142857
0.9577464788732394,0.9638009049773756,0.9596412556053812,0.9344978165938864,0.9371980676328503,0.9120370370370371,0.874439461883408,0.8893805309734514,0.8652173913043478,0.9078341013824884,0.875,0.8813559322033898,0.7958333333333333,0.8051948051948052,0.7589285714285714,0.803347280334728,0.7428571428571429,0.7046413502109705,0.7247706422018348,0.7227272727272728,0.6724890829694323,0.690677966101695,0.6265060240963856,0.6172248803827751,0.6606334841628959,0.7050691244239631,0.6538461538461539,0.624390243902439,0.6651376146788991,0.6544715447154471,0.5951219512195122,0.6923076923076923,0.6745283018867925,0.7655502392344498,0.7004608294930875,0.7768924302788844,0.7466666666666667,0.8157894736842105,0.8409090909090909,0.7663934426229508,0.8651162790697674,0.9,0.8875,0.8851063829787233,0.9047619047619048,0.926605504587156,0.9368932038834952,0.9490740740740741,0.9571428571428572,0.9736842105263158,0.9491525423728814,0.9380530973451328,0.967741935483871,0.9646017699115044,0.9606986899563319,0.9130434782608695,0.8926829268292683,0.9276018099547512,0.8288288288288288,0.8612244897959184,0.8497652582159625,0.8186046511627907,0.7536231884057971,0.757847533632287,0.8062015503875969,0.729064039408867,0.7156398104265402,0.6757990867579908,0.68,0.6582278481012658,0.6934673366834171,0.6451612903225806,0.6504424778761062,0.6729857819905213,0.65,0.6376146788990825,0.6844444444444444,0.6842105263157895,0.6296296296296297,0.6700507614213198,0.6902654867256637,0.7155172413793104,0.7116279069767442,0.7116279069767442,0.7522522522522522,0.7913043478260869,0.7818181818181819,0.8461538461538461,0.8878923766816144,0.9120370370370371,0.8034934497816594,0.8505154639175257,0.8796296296296297,0.8858447488584474,0.9227053140096618,0.9684684684684685,0.9493670886075949,0.9444444444444444,0.9504504504504504,0.961864406779661
0.9558823529411765,0.9541284403669725,0.9713114754098361,0.978448275862069,0.9414634146341463,0.9255813953488372,0.9045643153526971,0.9170305676855895,0.8719211822660099,0.8558139534883721,0.8227848101265823,0.8530805687203792,0.8009049773755657,0.7788018433179723,0.7183098591549296,0.7244444444444444,0.7112068965517241,0.7731958762886598,0.669683257918552,0.6606334841628959,0.6610169491525424,0.6543778801843319,0.6470588235294118,0.6122448979591837,0.6308411214953271,0.6208530805687204,0.6528925619834711,0.6161616161616161,0.6124401913875598,0.6115702479338843,0.6266666666666667,0.6328502415458938,0.7252252252252253,0.6787330316742082,0.7788018433179723,0.7477064220183486,0.7847533632286996,0.8379629629629629,0.7892156862745098,0.7882882882882883,0.8716814159292036,0.8871794871794871,0.8553719008264463,0.9315068493150684,0.9066666666666666,0.8642533936651584,0.9302325581395349,0.9531914893617022,0.9754098360655737,0.9504132231404959,0.9758064516129032,0.9864253393665159,0.9181034482758621,0.961352657004831,0.9389671361502347,0.91324200913242,0.8773584905660378,0.8781725888324873,0.9014778325123153,0.8557692307692307,0.84375,0.8177777777777778,0.7782608695652173,0.7587719298245614,0.7232142857142857,0.7175925925925926,0.6467889908256881,0.6932773109243697,0.6846473029045643,0.6694560669456067,0.6533333333333333,0.6129032258064516,0.6153846153846154,0.6363636363636364,0.6473429951690821,0.6273584905660378,0.6477732793522267,0.6299559471365639,0.6322869955156951,0.6681222707423581,0.6991150442477876,0.6611111111111111,0.6681818181818182,0.668141592920354,0.7543859649122807,0.7791666666666667,0.7476190476190476,0.7531914893617021,0.7990654205607477,0.8808510638297873,0.8559322033898306,0.8602620087336245,0.8916256157635468,0.9444444444444444,0.9272030651340997,0.9409282700421941,0.9650655021834061,0.958139534883721,0.9162790697674419,0.963963963963964
0.9439252336448598,0.94,0.9504504504504504,0.9142857142857143,0.9523809523809523,0.8969957081545065,0.9151785714285714,0.8780487804878049,0.9069767441860465,0.84375,0.8181818181818182,0.7973568281938326,0.8017241379310345,0.8214285714285714,0.7802690582959642,0.7276995305164319,0.7107843137254902,0.6761904761904762,0.6635071090047393,0.6512605042016807,0.6923076923076923,0.6495726495726496,0.6926829268292682,0.5802469135802469,0.6384976525821596,0.6238938053097345,0.5956521739130435,0.5825688073394495,0.5666666666666667,0.5780590717299579,0.6180257510729614,0.6559633027522935,0.6888888888888889,0.7098214285714286,0.7024390243902439,0.7521367521367521,0.7389162561576355,0.7594339622641509,0.7635467980295566,0.8378378378378378,0.8189655172413793,0.8407079646017699,0.9166666666666666,0.9245283018867925,0.9403669724770642,0.9441860465116279,0.9385964912280702,0.9471153846153846,0.9365853658536586,0.9541284403669725,0.9669811320754716,0.9259259259259259,0.9380952380952381,0.9227272727272727,0.9243243243243243,0.9279661016949152,0.8761904761904762,0.8857142857142857,0.8644859813084113,0.8232558139534883,0.8521739130434782,0.7956521739130434,0.7845528455284553,0.7400881057268722,0.7777777777777778,0.6964285714285714,0.6858407079646017,0.7212389380530974,0.6933962264150944,0.6208333333333333,0.6173913043478261,0.5983606557377049,0.623015873015873,0.587378640776699,0.6406926406926406,0.5821596244131455,0.65,0.5787234042553191,0.6060606060606061,0.647887323943662,0.6093023255813953,0.7008928571428571,0.7004405286343612,0.69140625,0.7112068965517241,0.7455357142857143,0.7899543378995434,0.8142857142857143,0.8604651162790697,0.8571428571428571,0.8445378151260504,0.8767123287671232,0.8861386138613861,0.8883928571428571,0.8903508771929824,0.9318181818181818,0.9641255605381166,0.9446640316205533,0.9611650485436893,0.9780701754385965
0.9744680851063829,0.9665071770334929,0.9307359307359307,0.9377777777777778,0.9346938775510204,0.9403669724770642,0.9406392694063926,0.8987341772151899,0.8908296943231441,0.8214285714285714,0.8205128205128205,0.7818181818181819,0.7963800904977375,0.8075313807531381,0.757847533632287,0.7155172413793104,0.7021276595744681,0.6814159292035398,0.6298076923076923,0.6490566037735849,0.6824034334763949,0.6037735849056604,0.6116071428571429,0.5614035087719298,0.6223175965665236,0.6681818181818182,0.6090909090909091,0.518348623853211,0.6473214285714286,0.6548672566371682,0.6416666666666667,0.624031007751938,0.6962025316455697,0.6513761467889908,0.7312775330396476,0.7222222222222222,0.7035398230088495,0.8,0.7981220657276995,0.8600823045267489,0.8442622950819673,0.8888888888888888,0.8506787330316742,0.924,0.945273631840796,0.9521531100478469,0.9178082191780822,0.9541284403669725,0.9485981308411215,0.9712918660287081,0.961864406779661,0.981042654028436,0.9620853080568721,0.9461883408071748,0.9563318777292577,0.8894009216589862,0.8918918918918919,0.9126637554585153,0.8793103448275862,0.8375634517766497,0.8868778280542986,0.7835497835497836,0.7407407407407407,0.7671232876712328,0.7361111111111112,0.7081545064377682,0.6909871244635193,0.7008547008547008,0.5973451327433629,0.6096491228070176,0.6727272727272727,0.6621621621621622,0.6150442477876106,0.6355140186915887,0.591304347826087,0.6255924170616114,0.6708333333333333,0.6,0.6338028169014085,0.7008547008547008,0.6635071090047393,0.6880733944954128,0.6763285024154589,0.7142857142857143,0.6869158878504673,0.7477876106194691,0.7522935779816514,0.8071748878923767,0.7641509433962265,0.8205128205128205,0.8629441624365483,0.8847926267281107,0.8732394366197183,0.8927038626609443,0.9170305676855895,0.9411764705882353,0.9547738693467337,0.9655172413793104,0.9733333333333334,0.9692307692307692
0.9411764705882353,0.9596774193548387,0.9422222222222222,0.9159663865546218,0.9547511312217195,0.9136363636363637,0.9107142857142857,0.8772727272727273,0.9068627450980392,0.8401639344262295,0.8553191489361702,0.7564102564102564,0.8235294117647058,0.7619047619047619,0.7888446215139442,0.7074468085106383,0.6894977168949772,0.6747572815533981,0.6260162601626016,0.6540284360189573,0.6292682926829268,0.591743119266055,0.6199095022624435,0.6077586206896551,0.616822429906542,0.6086956521739131,0.6210045662100456,0.5877192982456141,0.6853448275862069,0.6355555555555555,0.6756756756756757,0.6682027649769585,0.6383928571428571,0.6805555555555556,0.6601941747572816,0.7162790697674418,0.7442922374429224,0.7349397590361446,0.7946428571428571,0.8115942028985508,0.8508771929824561,0.8478260869565217,0.8854625550660793,0.8942731277533039,0.8942731277533039,0.9297520661157025,0.9419642857142857,0.9262672811059908,0.9863013698630136,0.97,0.9527896995708155,0.9521531100478469,0.9575471698113207,0.9221311475409836,0.9145299145299145,0.9461883408071748,0.8976744186046511,0.9022222222222223,0.8558951965065502,0.7990867579908676,0.7804878048780488,0.7829787234042553,0.8105726872246696,0.7665198237885462,0.75,0.6919642857142857,0.7050691244239631,0.7103174603174603,0.6682027649769585,0.5955555555555555,0.6008230452674898,0.5973451327433629,0.6284403669724771,0.602803738317757,0.6077586206896551,0.5619469026548672,0.6473684210526316,0.6090909090909091,0.6153846153846154,0.5982532751091703,0.6261261261261262,0.6099585062240664,0.6681614349775785,0.7657657657657657,0.7235023041474654,0.7487684729064039,0.7906976744186046,0.7677725118483413,0.7824267782426778,0.7958115183246073,0.8405797101449275,0.8932038834951457,0.8663594470046083,0.9324324324324325,0.9216589861751152,0.9333333333333333,0.9511111111111111,0.9507389162561576,0.96,0.9516908212560387
0.9508928571428571,0.9724770642201835,0.9594594594594594,0.943127962085308,0.9166666666666666,0.9385245901639344,0.8940677966101694,0.8936170212765957,0.8812785388127854,0.8146341463414634,0.8532110091743119,0.8280542986425339,0.8300970873786407,0.7626262626262627,0.7339449541284404,0.7058823529411765,0.7142857142857143,0.6923076923076923,0.6265060240963856,0.59375,0.5636363636363636,0.603448275862069,0.5964125560538116,0.5897435897435898,0.5622119815668203,0.5661157024793388,0.5895196506550219,0.6380090497737556,0.6129032258064516,0.589041095890411,0.6060606060606061,0.677570093457944,0.704225352112676,0.6481481481481481,0.6981981981981982,0.6875,0.7652173913043478,0.777292576419214,0.8,0.8398058252427184,0.8669724770642202,0.8551401869158879,0.9145299145299145,0.8857142857142857,0.9178082191780822,0.919047619047619,0.9476190476190476,0.9397590361445783,0.9603960396039604,0.9448818897637795,0.9694323144104804,0.9478260869565217,0.9655172413793104,0.9194915254237288,0.9278846153846154,0.9257425742574258,0.908256880733945,0.865546218487395,0.8390243902439024,0.824390243902439,0.8034188034188035,0.8113207547169812,0.7743362831858407,0.6970954356846473,0.7389380530973452,0.6638297872340425,0.7093596059113301,0.7216981132075472,0.6063348416289592,0.675,0.5947136563876652,0.6085106382978723,0.5070422535211268,0.6015037593984962,0.6035242290748899,0.5847457627118644,0.575107296137339,0.5826771653543307,0.5895196506550219,0.5577689243027888,0.6036866359447005,0.6363636363636364,0.6695652173913044,0.6318407960199005,0.7574257425742574,0.7184873949579832,0.7698744769874477,0.8018018018018018,0.7413793103448276,0.8163265306122449,0.8348214285714286,0.8854625550660793,0.900990099009901,0.8921161825726142,0.9240506329113924,0.954954954954955,0.9688888888888889,0.9220183486238532,0.95,0.9484978540772532
0.957983193277311,0.9512195121951219,0.9535864978902954,0.961038961038961,0.9434782608695652,0.9360730593607306,0.915929203539823,0.897196261682243,0.889795918367347,0.8488888888888889,0.8,0.8318181818181818,0.7333333333333333,0.7393162393162394,0.7589285714285714,0.6869565217391305,0.6225490196078431,0.6518218623481782,0.6336206896551724,0.6283185840707964,0.6570048309178744,0.5948275862068966,0.5971563981042654,0.5754716981132075,0.5911111111111111,0.5357142857142857,0.5666666666666667,0.6244343891402715,0.5956521739130435,0.6008403361344538,0.6,0.6504424778761062,0.6473214285714286,0.6755555555555556,0.695067264573991,0.7916666666666666,0.7467248908296943,0.7125,0.7989949748743719,0.8387096774193549,0.8626609442060086,0.8697674418604651,0.861244019138756,0.9217391304347826,0.9276018099547512,0.9152542372881356,0.9333333333333333,0.9523809523809523,0.9459459459459459,0.9422222222222222,0.9650655021834061,0.9674418604651163,0.9555555555555556,0.9571984435797666,0.946078431372549,0.9264705882352942,0.9030837004405287,0.8863636363636364,0.867579908675799,0.8521739130434782,0.8472222222222222,0.8086124401913876,0.780373831775701,0.6891891891891891,0.7908163265306123,0.6923076923076923,0.6490384615384616,0.6431718061674009,0.5509259259259259,0.6172248803827751,0.6548223350253807,0.5265700483091788,0.5240384615384616,0.5693069306930693,0.543778801843318,0.5360824742268041,0.5242718446601942,0.591743119266055,0.6559633027522935,0.5509259259259259,0.6208333333333333,0.6363636363636364,0.673469387755102,0.6587677725118484,0.6971153846153846,0.7623318385650224,0.7703349282296651,0.8295964125560538,0.780373831775701,0.8285714285714286,0.8787878787878788,0.8949771689497716,0.891213389121339,0.9157894736842105,0.9262672811059908,0.9230769230769231,0.9409282700421941,0.9567099567099567,0.9575471698113207,0.982532751091703
0.975609756097561,0.9473684210526315,0.9302325581395349,0.9619047619047619,0.9246861924686193,0.9372197309417041,0.8995633187772926,0.9026548672566371,0.8842592592592593,0.8287037037037037,0.8558558558558559,0.8,0.76,0.7574468085106383,0.7248062015503876,0.6810344827586207,0.6811594202898551,0.6139534883720931,0.6,0.5462962962962963,0.5720524017467249,0.625,0.5573770491803278,0.5422222222222223,0.6,0.5574468085106383,0.5728155339805825,0.5446009389671361,0.589622641509434,0.6069651741293532,0.5799086757990868,0.631336405529954,0.6912442396313364,0.7010309278350515,0.6653061224489796,0.6614173228346457,0.8008474576271186,0.7432432432432432,0.8018867924528302,0.8361344537815126,0.8161434977578476,0.8767123287671232,0.8584474885844748,0.9252336448598131,0.871244635193133,0.9348837209302325,0.9254901960784314,0.9571428571428572,0.9553571428571429,0.9680365296803652,0.9577464788732394,0.954337899543379,0.9605911330049262,0.9353233830845771,0.9313304721030042,0.92,0.8826086956521739,0.8538812785388128,0.9117647058823529,0.8425925925925926,0.8300970873786407,0.815,0.7317073170731707,0.7154471544715447,0.7350427350427351,0.7,0.6696428571428571,0.6456310679611651,0.6259541984732825,0.6136363636363636,0.6454545454545455,0.5911111111111111,0.6130434782608696,0.5902439024390244,0.5256410256410257,0.551219512195122,0.5875486381322957,0.5675675675675675,0.5539906103286385,0.5491803278688525,0.6163793103448276,0.6059113300492611,0.6875,0.7211155378486056,0.6742081447963801,0.7621359223300971,0.7906976744186046,0.7677725118483413,0.776824034334764,0.8127853881278538,0.844,0.8666666666666667,0.9142857142857143,0.908695652173913,0.8973214285714286,0.9393939393939394,0.9313725490196079,0.9475982532751092,0.9636363636363636,0.967741935483871
0.9487179487179487,0.9585253456221198,0.957345971563981,0.945,0.907563025210084,0.9238578680203046,0.8858447488584474,0.8791666666666667,0.8846153846153846,0.8539823008849557,0.8305084745762712,0.7336244541484717,0.75,0.6947791164658634,0.7230046948356808,0.7136150234741784,0.6390243902439025,0.6467889908256881,0.6280193236714976,0.6036866359447005,0.5919282511210763,0.575107296137339,0.5416666666666666,0.6009615384615384,0.4881516587677725,0.5603448275862069,0.5483870967741935,0.5283842794759825,0.5306122448979592,0.5488372093023256,0.6111111111111112,0.6294642857142857,0.6605504587155964,0.6666666666666666,0.7083333333333334,0.7566371681415929,0.6837606837606838,0.7394957983193278,0.7596153846153846,0.7647058823529411,0.8448275862068966,0.8482142857142857,0.8755555555555555,0.8318181818181818,0.9061032863849765,0.9353233830845771,0.9315068493150684,0.9383886255924171,0.9338842975206612,0.9530516431924883,0.9612068965517241,0.9401709401709402,0.9504504504504504,0.9375,0.9419642857142857,0.9203539823008849,0.8739495798319328,0.8703703703703703,0.8271604938271605,0.8272727272727273,0.7677725118483413,0.7745098039215687,0.725,0.7477064220183486,0.6901408450704225,0.6108786610878661,0.6666666666666666,0.7066115702479339,0.5633187772925764,0.595,0.5833333333333334,0.5799086757990868,0.6098654708520179,0.5,0.5594713656387665,0.5307017543859649,0.5210084033613446,0.5069767441860465,0.6509433962264151,0.5714285714285714,0.6052631578947368,0.631578947368421,0.6414141414141414,0.6709401709401709,0.6398104265402843,0.7543859649122807,0.7543103448275862,0.6825396825396826,0.8009259259259259,0.8387096774193549,0.8398268398268398,0.8516949152542372,0.8724279835390947,0.9318181818181818,0.93048128342246,0.9478260869565217,0.9601769911504425,0.9581589958158996,0.9473684210526315,0.961352657004831
0.9491525423728814,0.9772727272727273,0.9234042553191489,0.9532710280373832,0.92018779342723,0.8807339449541285,0.9218106995884774,0.8294930875576036,0.861244019138756,0.8214285714285714,0.7675438596491229,0.796875,0.7732793522267206,0.6548672566371682,0.6877828054298643,0.6683168316831684,0.6638297872340425,0.6094420600858369,0.6025641025641025,0.6111111111111112,0.6190476190476191,0.5644444444444444,0.5188679245283019,0.5388127853881278,0.5368421052631579,0.5700483091787439,0.5321100917431193,0.5847457627118644,0.5806451612903226,0.584070796460177,0.5662100456621004,0.6473429951690821,0.6103896103896104,0.6597510373443983,0.7048458149779736,0.7106382978723405,0.6976744186046512,0.7268722466960352,0.784037558685446,0.7545454545454545,0.8373205741626795,0.8916256157635468,0.8377192982456141,0.900398406374502,0.9276595744680851,0.927536231884058,0.9372197309417041,0.9537037037037037,0.950381679389313,0.9684684684684685,0.9454545454545454,1.0,0.9372197309417041,0.9364406779661016,0.9403669724770642,0.8623853211009175,0.8947368421052632,0.8543689320388349,0.8708133971291866,0.8256880733944955,0.8508771929824561,0.7313432835820896,0.7798165137614679,0.676056338028169,0.7163461538461539,0.6574074074074074,0.690677966101695,0.5965665236051502,0.5659574468085107,0.6376146788990825,0.5970873786407767,0.5714285714285714,0.5756097560975609,0.5370370370370371,0.5564853556485355,0.5566502463054187,0.5588235294117647,0.5932203389830508,0.6192660550458715,0.5981308411214953,0.5231481481481481,0.6571428571428571,0.6239316239316239,0.6525821596244131,0.6171171171171171,0.7090163934426229,0.7428571428571429,0.7441860465116279,0.8,0.8227272727272728,0.8297872340425532,0.826271186440678,0.8565022421524664,0.8977777777777778,0.8916256157635468,0.9372197309417041,0.9617021276595744,0.9457013574660633,0.9397590361445783,0.9563106796116505
0.9660194174757282,0.9424778761061947,0.9585062240663901,0.9694323144104804,0.9209302325581395,0.8914027149321267,0.916256157635468,0.8679245283018868,0.8317757009345794,0.8711111111111111,0.8,0.847457627118644,0.7962962962962963,0.7106598984771574,0.7433628318584071,0.6179245283018868,0.6065573770491803,0.6698564593301436,0.5656108597285068,0.6244725738396625,0.5345622119815668,0.5353982300884956,0.532,0.4977168949771689,0.5648148148148148,0.5396039603960396,0.547085201793722,0.5714285714285714,0.5525114155251142,0.536697247706422,0.6106194690265486,0.5619469026548672,0.6811594202898551,0.6283185840707964,0.6255506607929515,0.6615384615384615,0.7094017094017094,0.7008928571428571,0.7579908675799086,0.8159203980099502,0.8461538461538461,0.8851063829787233,0.8990384615384616,0.8888888888888888,0.9361702127659575,0.9240506329113924,0.9459459459459459,0.9458128078817734,0.9506726457399103,0.9491525423728814,0.975609756097561,0.9311926605504587,0.9454545454545454,0.9513274336283186,0.9061032863849765,0.9255813953488372,0.8733624454148472,0.868421052631579,0.8384279475982532,0.8034188034188035,0.7972350230414746,0.7522522522522522,0.7352941176470589,0.7238095238095238,0.7004405286343612,0.6764705882352942,0.6040609137055838,0.6217391304347826,0.5877192982456141,0.6371681415929203,0.518348623853211,0.5509259259259259,0.5595854922279793,0.5701357466063348,0.5478260869565217,0.49740932642487046,0.5683760683760684,0.4479638009049774,0.5583333333333333,0.5186915887850467,0.5944700460829493,0.5822222222222222,0.6,0.6820276497695853,0.7222222222222222,0.6728110599078341,0.7488372093023256,0.7772727272727272,0.8025751072961373,0.8411214953271028,0.8349056603773585,0.8663101604278075,0.8976744186046511,0.9267241379310345,0.9247787610619469,0.9224137931034483,0.9389671361502347,0.9785407725321889,0.9247787610619469,0.941747572815534
0.9223300970873787,0.9592760180995475,0.957345971563981,0.9464285714285714,0.9508928571428571,0.9282511210762332,0.9269406392694064,0.8888888888888888,0.8558951965065502,0.8073394495412844,0.7751196172248804,0.7566371681415929,0.7559808612440191,0.7394957983193278,0.7303921568627451,0.6696035242290749,0.6301369863013698,0.6710526315789473,0.555045871559633,0.5194805194805194,0.5847457627118644,0.5601851851851852,0.5152838427947598,0.46153846153846156,0.4444444444444444,0.5492227979274611,0.5286343612334802,0.5432692307692307,0.5145631067961165,0.5572139303482587,0.5374449339207048,0.59375,0.6548223350253807,0.5990783410138248,0.6624472573839663,0.6510638297872341,0.6721311475409836,0.7340425531914894,0.7632850241545893,0.7808219178082192,0.8600823045267489,0.8357487922705314,0.8638297872340426,0.8787878787878788,0.9305555555555556,0.8842592592592593,0.9547511312217195,0.9495412844036697,0.9523809523809523,0.9649805447470817,0.9221311475409836,0.9498069498069498,0.9396984924623115,0.9454545454545454,0.9134199134199135,0.905940594059406,0.9144144144144144,0.8532110091743119,0.845360824742268,0.8027522935779816,0.8043478260869565,0.7882882882882883,0.7403846153846154,0.7419354838709677,0.7652582159624414,0.7302325581395349,0.62,0.6794258373205742,0.6017699115044248,0.6211453744493393,0.5410628019323671,0.5127118644067796,0.5520361990950227,0.5473251028806584,0.49282296650717705,0.5371900826446281,0.5844748858447488,0.5370370370370371,0.4975124378109453,0.5637860082304527,0.5982905982905983,0.6244343891402715,0.6523605150214592,0.5938864628820961,0.6607929515418502,0.7464114832535885,0.7533632286995515,0.7740384615384616,0.8078817733990148,0.813953488372093,0.8333333333333334,0.8356164383561644,0.8858447488584474,0.8883720930232558,0.8938053097345132,0.92,0.9166666666666666,0.967391304347826,0.9707112970711297,0.9519650655021834
0.9621848739495799,0.9822222222222222,0.9680365296803652,0.9428571428571428,0.9457013574660633,0.9347826086956522,0.9047619047619048,0.8865979381443299,0.7937219730941704,0.8356807511737089,0.7981651376146789,0.7866108786610879,0.7327935222672065,0.7488789237668162,0.7246376811594203,0.6666666666666666,0.6451612903225806,0.65625,0.6327433628318584,0.6379310344827587,0.5495867768595041,0.5535714285714286,0.5374449339207048,0.5765765765765766,0.45622119815668205,0.5104602510460251,0.5844748858447488,0.5627705627705628,0.5203619909502263,0.5213270142180095,0.5388127853881278,0.6086956521739131,0.6194690265486725,0.5927601809954751,0.6456310679611651,0.6211453744493393,0.7476190476190476,0.7219730941704036,0.7737556561085973,0.7804878048780488,0.8229665071770335,0.8654708520179372,0.8565217391304348,0.8806584362139918,0.8340248962655602,0.9360730593607306,0.9508928571428571,0.926605504587156,0.9384615384615385,0.934010152284264,0.9514563106796117,0.9598214285714286,0.9619047619047619,0.9449152542372882,0.9203539823008849,0.9147982062780269,0.8602620087336245,0.8910891089108911,0.8541666666666666,0.8181818181818182,0.771551724137931,0.7551020408163265,0.7338403041825095,0.7188940092165899,0.6822033898305084,0.698744769874477,0.6363636363636364,0.5625,0.5594713656387665,0.5169082125603864,0.5787234042553191,0.5900900900900901,0.4481132075471698,0.48292682926829267,0.5324675324675324,0.5377777777777778,0.4818181818181818,0.5603448275862069,0.5165876777251185,0.541871921182266,0.6111111111111112,0.601593625498008,0.6,0.6351351351351351,0.6767241379310345,0.7238493723849372,0.7333333333333333,0.8058252427184466,0.7522123893805309,0.7913043478260869,0.7959183673469388,0.865979381443299,0.8564814814814815,0.8977777777777778,0.9360730593607306,0.9420289855072463,0.9641255605381166,0.9490196078431372,0.9747474747474747,0.9728506787330317
0.9497716894977168,0.9631336405529954,0.9484978540772532,0.9081632653061225,0.933649289099526,0.8877551020408163,0.9241706161137441,0.8551401869158879,0.8502202643171806,0.8302752293577982,0.8348623853211009,0.7702127659574468,0.7787610619469026,0.6666666666666666,0.6807511737089202,0.6311111111111111,0.6781115879828327,0.6517857142857143,0.5875,0.5515695067264574,0.5789473684210527,0.5777777777777777,0.5487804878048781,0.5523012552301255,0.5394736842105263,0.47417840375586856,0.5739910313901345,0.4406779661016949,0.5265700483091788,0.5517241379310345,0.5342465753424658,0.6153846153846154,0.5882352941176471,0.5799086757990868,0.6182795698924731,0.6798245614035088,0.6846846846846847,0.7489177489177489,0.819327731092437,0.7671232876712328,0.8220338983050848,0.8865546218487395,0.8571428571428571,0.8987341772151899,0.8864628820960698,0.9278846153846154,0.9482758620689655,0.9619047619047619,0.954954954954955,0.9649122807017544,0.9742489270386266,0.9620253164556962,0.9473684210526315,0.9360730593607306,0.933649289099526,0.9018691588785047,0.9220183486238532,0.8341013824884793,0.8577981651376146,0.7990430622009569,0.8306878306878307,0.7072072072072072,0.7566371681415929,0.6756756756756757,0.6801801801801802,0.6943231441048034,0.6375545851528385,0.6218487394957983,0.5953488372093023,0.5576036866359447,0.5555555555555556,0.5336538461538461,0.5,0.5313807531380753,0.47619047619047616,0.5181818181818182,0.5169082125603864,0.5118483412322274,0.5446009389671361,0.51440329218107,0.5972222222222222,0.6350710900473934,0.6055045871559633,0.672645739910314,0.6574074074074074,0.6774193548387096,0.7254901960784313,0.7105263157894737,0.7685185185185185,0.7761904761904762,0.8177966101694916,0.8652173913043478,0.8826291079812206,0.9272727272727272,0.9223744292237442,0.9377777777777778,0.9547511312217195,0.9529914529914529,0.9545454545454546,0.943127962085308
0.9523809523809523,0.9585062240663901,0.9712918660287081,0.9579439252336449,0.898989898989899,0.9400921658986175,0.889795918367347,0.8854625550660793,0.8493723849372385,0.8703703703703703,0.7882882882882883,0.8070175438596491,0.7227722772277227,0.7383177570093458,0.6877828054298643,0.6859903381642513,0.6470588235294118,0.5774647887323944,0.5707317073170731,0.5829787234042553,0.5570175438596491,0.5570776255707762,0.5258215962441315,0.47706422018348627,0.5120772946859904,0.43333333333333335,0.5643564356435643,0.5133928571428571,0.5185185185185185,0.4792626728110599,0.5089285714285714,0.5708502024291497,0.5964125560538116,0.61,0.6274509803921569,0.6239669421487604,0.6743119266055045,0.6956521739130435,0.8019323671497585,0.7828054298642534,0.7810945273631841,0.8290598290598291,0.7991266375545851,0.8341232227488151,0.8831168831168831,0.8942731277533039,0.9478260869565217,0.946058091286307,0.9730941704035875,0.9304347826086956,0.961038961038961,0.944206008583691,0.9742268041237113,0.9336734693877551,0.9184549356223176,0.9205607476635514,0.9145299145299145,0.9112149532710281,0.8268398268398268,0.8181818181818182,0.7216981132075472,0.7681159420289855,0.7731481481481481,0.7235023041474654,0.665,0.6514522821576764,0.6403940886699507,0.6061946902654868,0.6028708133971292,0.568075117370892,0.5021645021645021,0.5534883720930233,0.48372093023255813,0.5071090047393365,0.4336283185840708,0.5020746887966805,0.5176991150442478,0.5388127853881278,0.5924170616113744,0.5277777777777778,0.5814977973568282,0.5991189427312775,0.6322869955156951,0.5887445887445888,0.6416666666666667,0.6444444444444445,0.7155555555555555,0.7043478260869566,0.7748917748917749,0.7964601769911505,0.8130841121495327,0.8571428571428571,0.8709677419354839,0.8849557522123894,0.9045454545454545,0.9454545454545454,0.9264705882352942,0.9719626168224299,0.9545454545454546,0.9631147540983607
0.9423076923076923,0.926605504587156,0.9617224880382775,0.9623430962343096,0.9301310043668122,0.9279661016949152,0.9023255813953488,0.8730964467005076,0.8675213675213675,0.8090909090909091,0.8019323671497585,0.7531380753138075,0.780952380952381,0.7047619047619048,0.7333333333333333,0.6699507389162561,0.6,0.5879828326180258,0.5972850678733032,0.5990783410138248,0.5166666666666667,0.5321100917431193,0.48704663212435234,0.4392523364485981,0.47257383966244726,0.5509259259259259,0.4782608695652174,0.4666666666666667,0.502127659574468,0.5796460176991151,0.5209302325581395,0.6787330316742082,0.5825688073394495,0.62882096069869,0.6371681415929203,0.676595744680851,0.7142857142857143,0.7695473251028807,0.75,0.771551724137931,0.7642276422764228,0.8119266055045872,0.845771144278607,0.8940677966101694,0.912621359223301,0.9439655172413793,0.9243697478991597,0.9220183486238532,0.961038961038961,0.9408866995073891,0.9773755656108597,0.9827586206896551,0.9537037037037037,0.9369369369369369,0.9323671497584541,0.9151785714285714,0.8817733990147784,0.8565573770491803,0.8739495798319328,0.7914691943127962,0.7729257641921398,0.8009478672985783,0.7416267942583732,0.7224669603524229,0.631336405529954,0.6029411764705882,0.6085106382978723,0.5412844036697247,0.5981735159817352,0.5575221238938053,0.5205479452054794,0.5813953488372093,0.507177033492823,0.47297297297297297,0.4697674418604651,0.538135593220339,0.5158371040723982,0.5180180180180181,0.5867768595041323,0.5198412698412699,0.5887096774193549,0.547945205479452,0.6025641025641025,0.6479591836734694,0.6596858638743456,0.6619047619047619,0.6943231441048034,0.7723214285714286,0.7560975609756098,0.7981651376146789,0.8177777777777778,0.8390243902439024,0.864406779661017,0.9178082191780822,0.9227467811158798,0.9102564102564102,0.940677966101695,0.9488372093023256,0.9463414634146341,0.9777777777777777
0.9444444444444444,0.9547511312217195,0.9641025641025641,0.9485981308411215,0.9221311475409836,0.9110169491525424,0.9416666666666667,0.8839285714285714,0.8545454545454545,0.8113207547169812,0.8051282051282052,0.8198198198198198,0.745,0.7252252252252253,0.6509433962264151,0.668141592920354,0.6045454545454545,0.5844155844155844,0.5130890052356021,0.5894308943089431,0.5318181818181819,0.5173913043478261,0.549407114624506,0.4956896551724138,0.5087719298245614,0.527363184079602,0.4977168949771689,0.5109170305676856,0.5045045045045045,0.5523012552301255,0.5565610859728507,0.5514018691588785,0.6224066390041494,0.5948275862068966,0.5948275862068966,0.6616161616161617,0.6567796610169492,0.7180616740088106,0.812206572769953,0.777292576419214,0.7863636363636364,0.8738738738738738,0.8669724770642202,0.8942731277533039,0.910377358490566,0.9111111111111111,0.923469387755102,0.9495412844036697,0.9769585253456221,0.9372197309417041,0.9547511312217195,0.9651162790697675,0.9375,0.9078341013824884,0.9289099526066351,0.9120370370370371,0.8595744680851064,0.8868778280542986,0.8436018957345972,0.8201754385964912,0.7901234567901234,0.7008196721311475,0.6968085106382979,0.7135922330097088,0.6864406779661016,0.6376811594202898,0.6382113821138211,0.5478260869565217,0.5581395348837209,0.5789473684210527,0.5384615384615384,0.541871921182266,0.5280373831775701,0.5721649484536082,0.547945205479452,0.4957627118644068,0.516260162601626,0.5307017543859649,0.5442477876106194,0.5799086757990868,0.5550847457627118,0.5352112676056338,0.641860465116279,0.6484018264840182,0.6173913043478261,0.6833333333333333,0.7268722466960352,0.7705627705627706,0.7567567567567568,0.8008298755186722,0.8362831858407079,0.8190954773869347,0.8857142857142857,0.8705357142857143,0.9238095238095239,0.8990825688073395,0.9476190476190476,0.9521531100478469,0.9619047619047619,0.9318181818181818
0.9523809523809523,0.9539170506912442,0.9419642857142857,0.9591836734693877,0.9495412844036697,0.910377358490566,0.9324324324324325,0.8852459016393442,0.8507462686567164,0.8318965517241379,0.788546255506608,0.7958333333333333,0.7533039647577092,0.7465437788018433,0.7219512195121951,0.6161137440758294,0.6217391304347826,0.6103896103896104,0.596244131455399,0.5267489711934157,0.5603448275862069,0.5172413793103449,0.5316455696202531,0.5283842794759825,0.5244444444444445,0.4608294930875576,0.4977578475336323,0.5263157894736842,0.581081081081081,0.5913461538461539,0.5699481865284974,0.6262626262626263,0.5740740740740741,0.6076555023923444,0.7028301886792453,0.6103286384976526,0.7389162561576355,0.7418032786885246,0.7740384615384616,0.8232558139534883,0.7892376681614349,0.8509615384615384,0.8380952380952381,0.8949579831932774,0.8808510638297873,0.940677966101695,0.9364406779661016,0.9559471365638766,0.9454545454545454,0.9767441860465116,0.9476190476190476,0.9658119658119658,0.9488372093023256,0.9476190476190476,0.9466666666666667,0.9004739336492891,0.8706467661691543,0.8713692946058091,0.8426395939086294,0.7860696517412935,0.8232758620689655,0.7083333333333334,0.7601626016260162,0.6009389671361502,0.611336032388664,0.6095238095238096,0.603448275862069,0.5570776255707762,0.6126126126126126,0.5753968253968254,0.5227272727272727,0.5112107623318386,0.5616438356164384,0.48660714285714285,0.4719626168224299,0.48058252427184467,0.5787037037037037,0.5466666666666666,0.5167464114832536,0.48148148148148145,0.551219512195122,0.5539906103286385,0.6108597285067874,0.6683417085427136,0.634020618556701,0.6438356164383562,0.6666666666666666,0.6995305164319249,0.7511961722488039,0.786046511627907,0.7878787878787878,0.8546255506607929,0.8909952606635071,0.8899082568807339,0.8840579710144928,0.9279279279279279,0.9424778761061947,0.9532710280373832,0.9715639810426541,0.961038961038961
0.9466019417475728,0.953307392996109,0.95,0.9743589743589743,0.9416342412451362,0.9395348837209302,0.8878504672897196,0.8478260869565217,0.8425925925925926,0.8106995884773662,0.751131221719457,0.759090909090909,0.7354260089686099,0.7598039215686274,0.6916666666666667,0.6635071090047393,0.6049382716049383,0.6380090497737556,0.5862068965517241,0.5911111111111111,0.5113122171945701,0.5847457627118644,0.467005076142132,0.49767441860465117,0.4908256880733945,0.4933920704845815,0.4976958525345622,0.5265486725663717,0.5909090909090909,0.5165876777251185,0.5347826086956522,0.5534883720930233,0.5258215962441315,0.625,0.6375545851528385,0.6491228070175439,0.68,0.7248908296943232,0.7081339712918661,0.7364016736401674,0.8117647058823529,0.8063063063063063,0.8538812785388128,0.9319148936170213,0.867579908675799,0.9469026548672567,0.9575471698113207,0.95260663507109,0.9829787234042553,0.9724770642201835,0.960352422907489,0.9567307692307693,0.9793388429752066,0.9367088607594937,0.9391304347826087,0.9055793991416309,0.851063829787234,0.8493150684931506,0.8565217391304348,0.8240343347639485,0.7991266375545851,0.8067226890756303,0.7258883248730964,0.6569037656903766,0.6818181818181818,0.6854460093896714,0.6551724137931034,0.5959595959595959,0.5458937198067633,0.5652173913043478,0.5135135135135135,0.5129533678756477,0.5311203319502075,0.4951923076923077,0.504424778761062,0.5223880597014925,0.5321888412017167,0.5565610859728507,0.5099009900990099,0.5113122171945701,0.5720338983050848,0.5414634146341464,0.6339285714285714,0.6285714285714286,0.6696035242290749,0.6681614349775785,0.6979166666666666,0.731404958677686,0.7692307692307693,0.7477064220183486,0.8949579831932774,0.8558139534883721,0.905982905982906,0.8814229249011858,0.8940092165898618,0.9238095238095239,0.9590909090909091,0.948051948051948,0.9530516431924883,0.9532710280373832
0.9684684684684685,0.9375,0.9358974358974359,0.9579439252336449,0.9491525423728814,0.8844444444444445,0.8986784140969163,0.9289099526066351,0.8125,0.8679245283018868,0.8148148148148148,0.7535545023696683,0.7399103139013453,0.7381974248927039,0.6842105263157895,0.6916299559471366,0.6456692913385826,0.6217391304347826,0.5695652173913044,0.6020408163265306,0.5294117647058824,0.547945205479452,0.5609756097560976,0.4835680751173709,0.5215686274509804,0.53125,0.5,0.5619047619047619,0.5023255813953489,0.5458333333333333,0.5418502202643172,0.5887850467289719,0.6085106382978723,0.6009615384615384,0.6095617529880478,0.6586538461538461,0.7161016949152542,0.7291666666666666,0.7739130434782608,0.8177339901477833,0.8533333333333334,0.8687782805429864,0.8915094339622641,0.8544600938967136,0.9017094017094017,0.9065420560747663,0.9294605809128631,0.9662447257383966,0.9695652173913043,0.9502262443438914,0.9490740740740741,0.9635627530364372,0.9528301886792453,0.933649289099526,0.9032258064516129,0.92018779342723,0.9279279279279279,0.891213389121339,0.8458149779735683,0.7982062780269058,0.7731481481481481,0.7453703703703703,0.669683257918552,0.69377990430622,0.6612244897959184,0.5836909871244635,0.6027397260273972,0.586046511627907,0.5466101694915254,0.5652173913043478,0.5526315789473685,0.5317073170731708,0.5150375939849624,0.5155555555555555,0.4824561403508772,0.5365853658536586,0.4751131221719457,0.4977168949771689,0.49019607843137253,0.5368852459016393,0.5728155339805825,0.6142131979695431,0.5661157024793388,0.6604651162790698,0.6694214876033058,0.7023255813953488,0.7035175879396985,0.7048458149779736,0.7633928571428571,0.804,0.7741935483870968,0.8340807174887892,0.8620689655172413,0.8967391304347826,0.9301310043668122,0.9487179487179487,0.9586776859504132,0.9663865546218487,0.9587155963302753,0.9622641509433962
0.9651741293532339,0.9452054794520548,0.9344978165938864,0.9367088607594937,0.9247787610619469,0.9122807017543859,0.9475982532751092,0.9024390243902439,0.8425531914893617,0.8409090909090909,0.7807017543859649,0.75,0.7419354838709677,0.7649769585253456,0.7191489361702128,0.6638655462184874,0.6238532110091743,0.5676855895196506,0.59375,0.5666666666666667,0.5739910313901345,0.5236051502145923,0.4698275862068966,0.5979381443298969,0.5581395348837209,0.484,0.5627906976744186,0.4798206278026906,0.5343137254901961,0.5560747663551402,0.5260869565217391,0.5333333333333333,0.6228813559322034,0.669683257918552,0.6547085201793722,0.7268292682926829,0.6977777777777778,0.7264957264957265,0.7408906882591093,0.8009259259259259,0.8133971291866029,0.8451327433628318,0.8362831858407079,0.902542372881356,0.9061224489795918,0.9246231155778895,0.9271255060728745,0.9786324786324786,0.9598214285714286,0.966804979253112,0.949748743718593,0.978448275862069,0.9502487562189055,0.9563318777292577,0.9302325581395349,0.8973214285714286,0.8697478991596639,0.8648648648648649,0.8053097345132744,0.8064516129032258,0.7853881278538812,0.7377777777777778,0.7524271844660194,0.6714975845410628,0.6487603305785123,0.6788990825688074,0.5991189427312775,0.5619047619047619,0.6082474226804123,0.5826086956521739,0.5590909090909091,0.4827586206896552,0.5025641025641026,0.4826086956521739,0.42727272727272725,0.4745762711864407,0.5128205128205128,0.5164319248826291,0.4956140350877193,0.5339366515837104,0.5348837209302325,0.5639810426540285,0.591743119266055,0.6431718061674009,0.6602870813397129,0.6990740740740741,0.6401869158878505,0.7619047619047619,0.7330508474576272,0.8084112149532711,0.8511627906976744,0.8987341772151899,0.8796296296296297,0.9017857142857143,0.8915094339622641,0.9333333333333333,0.9188034188034188,0.9453781512605042,0.9554455445544554,0.9953917050691244
0.9620853080568721,0.9769585253456221,0.9561752988047809,0.9502262443438914,0.9282868525896414,0.8858447488584474,0.9029126213592233,0.8165938864628821,0.8461538461538461,0.8009049773755657,0.7831858407079646,0.8281938325991189,0.6891891891891891,0.6986899563318777,0.6536796536796536,0.6791666666666667,0.6517857142857143,0.6313559322033898,0.6160714285714286,0.5043859649122807,0.5594059405940595,0.5514018691588785,0.5265700483091788,0.5518672199170125,0.5185185185185185,0.46153846153846156,0.49765258215962443,0.515,0.5172413793103449,0.5044642857142857,0.536036036036036,0.5872340425531914,0.6141078838174274,0.6025641025641025,0.6359223300970874,0.6558139534883721,0.7252252252252253,0.6261261261261262,0.7217391304347827,0.7633928571428571,0.7949790794979079,0.868995633187773,0.8478260869565217,0.8782608695652174,0.9484978540772532,0.9061032863849765,0.9346733668341709,0.9420289855072463,0.9485981308411215,0.9276018099547512,0.9521739130434783,0.9704433497536946,0.9585253456221198,0.920704845814978,0.9417040358744395,0.8849557522123894,0.8868778280542986,0.8607594936708861,0.8538812785388128,0.8398268398268398,0.7647058823529411,0.7777777777777778,0.7772727272727272,0.6855895196506551,0.6932773109243697,0.6336206896551724,0.6753246753246753,0.5974025974025974,0.5565217391304348,0.5677966101694916,0.5122950819672131,0.509090909090909,0.4686192468619247,0.5394736842105263,0.49099099099099097,0.46153846153846156,0.5441860465116279,0.5265486725663717,0.4841628959276018,0.5507246376811594,0.5887445887445888,0.6153846153846154,0.5627705627705628,0.6081081081081081,0.6555023923444976,0.6652892561983471,0.6516393442622951,0.7174887892376681,0.7822222222222223,0.7737556561085973,0.8438818565400844,0.8619246861924686,0.8689320388349514,0.875,0.9132231404958677,0.9042145593869731,0.920704845814978,0.9732142857142857,0.9192825112107623,0.957983193277311
0.9377777777777778,0.9527896995708155,0.9311926605504587,0.9327354260089686,0.95260663507109,0.9305555555555556,0.9166666666666666,0.9094827586206896,0.8699551569506726,0.8310502283105022,0.7804878048780488,0.7378640776699029,0.7752293577981652,0.6885964912280702,0.6585365853658537,0.6593886462882096,0.6866359447004609,0.6199095022624435,0.5833333333333334,0.5545023696682464,0.48756218905472637,0.5877192982456141,0.5491071428571429,0.57,0.5427350427350427,0.44594594594594594,0.5111111111111111,0.4794520547945205,0.5627705627705628,0.5398230088495575,0.5619469026548672,0.5898617511520737,0.5906976744186047,0.628099173553719,0.6205128205128205,0.6422413793103449,0.6985645933014354,0.7370892018779343,0.7358490566037735,0.7878787878787878,0.8232558139534883,0.8258928571428571,0.8622448979591837,0.8489795918367347,0.8861788617886179,0.9297520661157025,0.9170305676855895,0.9572649572649573,0.9497716894977168,0.9819819819819819,0.95,0.9441860465116279,0.9545454545454546,0.9408866995073891,0.9090909090909091,0.9049586776859504,0.8969957081545065,0.8472222222222222,0.8293838862559242,0.8066037735849056,0.7844827586206896,0.7326732673267327,0.7489878542510121,0.6933962264150944,0.7256637168141593,0.6698113207547169,0.6255506607929515,0.6061946902654868,0.6217391304347826,0.5511111111111111,0.547945205479452,0.582995951417004,0.4380952380952381,0.5288461538461539,0.5518672199170125,0.5196850393700787,0.5223214285714286,0.5462962962962963,0.4778761061946903,0.5205479452054794,0.6016949152542372,0.6262626262626263,0.6574074074074074,0.5650224215246636,0.6666666666666666,0.7149122807017544,0.7535545023696683,0.7649769585253456,0.7705627705627706,0.8433734939759037,0.83399209486166,0.860655737704918,0.8613445378151261,0.908256880733945,0.9112903225806451,0.9192825112107623,0.9292452830188679,0.973568281938326,0.9741379310344828,0.9629629629629629
0.9557522123893806,0.9563318777292577,0.9466666666666667,0.9606986899563319,0.9555555555555556,0.9209302325581395,0.9074889867841409,0.8818565400843882,0.8697674418604651,0.8232758620689655,0.7710280373831776,0.7424242424242424,0.7327586206896551,0.7186147186147186,0.7061611374407583,0.6623376623376623,0.669683257918552,0.6213592233009708,0.5405405405405406,0.5859030837004405,0.5776892430278885,0.548936170212766,0.5180180180180181,0.5350877192982456,0.42276422764227645,0.5108225108225108,0.45081967213114754,0.5361702127659574,0.5,0.5506072874493927,0.579185520361991,0.5633187772925764,0.5478260869565217,0.6284403669724771,0.6565217391304348,0.7676767676767676,0.6619047619047619,0.7436974789915967,0.7733990147783252,0.7549019607843137,0.8080357142857143,0.8571428571428571,0.8733624454148472,0.8973214285714286,0.9036697247706422,0.94,0.926530612244898,0.9295154185022027,0.9647577092511013,0.9547511312217195,0.9511111111111111,0.9380165289256198,0.9590909090909091,0.9348837209302325,0.9425837320574163,0.8564593301435407,0.8778280542986425,0.868421052631579,0.8341463414634146,0.7929515418502202,0.7842323651452282,0.751004016064257,0.7432432432432432,0.6532258064516129,0.7248908296943232,0.581081081081081,0.5892857142857143,0.6271186440677966,0.5470085470085471,0.5158371040723982,0.5233644859813084,0.5434782608695652,0.4792626728110599,0.49557522123893805,0.4784688995215311,0.512396694214876,0.49295774647887325,0.4930232558139535,0.5488372093023256,0.5581395348837209,0.5108225108225108,0.5475113122171946,0.6915887850467289,0.603448275862069,0.6882591093117408,0.6714975845410628,0.6859903381642513,0.7323943661971831,0.7636363636363637,0.8348623853211009,0.84375,0.8583690987124464,0.881578947368421,0.8869565217391304,0.9078947368421053,0.9364406779661016,0.9267241379310345,0.9434782608695652,0.9813084112149533,0.9634703196347032
0.9641255605381166,0.954954954954955,0.9023255813953488,0.9631336405529954,0.9497716894977168,0.9348837209302325,0.8975609756097561,0.8488888888888889,0.8441558441558441,0.8325581395348837,0.8375,0.7956521739130434,0.6965174129353234,0.6851063829787234,0.6682027649769585,0.6872037914691943,0.5964125560538116,0.6018957345971564,0.6216216216216216,0.5630630630630631,0.5172413793103449,0.494949494949495,0.5043859649122807,0.5514018691588785,0.5406698564593302,0.5281385281385281,0.5066666666666667,0.4824120603015075,0.5876777251184834,0.5825688073394495,0.5670995670995671,0.581081081081081,0.6157407407407407,0.5895196506550219,0.584070796460177,0.7155555555555555,0.7272727272727273,0.7092511013215859,0.7154471544715447,0.762114537444934,0.8154506437768241,0.834061135371179,0.8173913043478261,0.8666666666666667,0.8942731277533039,0.9259259259259259,0.9473684210526315,0.9170506912442397,0.9466666666666667,0.9644444444444444,0.9734513274336283,0.9508196721311475,0.9473684210526315,0.9380530973451328,0.9651741293532339,0.9051724137931034,0.8728070175438597,0.8669527896995708,0.8642533936651584,0.8669724770642202,0.7211538461538461,0.7850877192982456,0.7272727272727273,0.7447698744769874,0.6919431279620853,0.5746606334841629,0.6585365853658537,0.6327433628318584,0.5647668393782384,0.5517241379310345,0.5622317596566524,0.5580357142857143,0.5,0.5426008968609866,0.5234042553191489,0.5276595744680851,0.4976303317535545,0.5321100917431193,0.4883720930232558,0.5481171548117155,0.588495575221239,0.6222222222222222,0.5938864628820961,0.6296296296296297,0.6757990867579908,0.6696428571428571,0.7449392712550608,0.7349397590361446,0.7627118644067796,0.7929292929292929,0.7824074074074074,0.8214285714285714,0.9010416666666666,0.9251101321585903,0.9366515837104072,0.9454545454545454,0.935064935064935,0.9452054794520548,0.9521739130434783,0.9572649572649573
0.9285714285714286,0.968609865470852,0.9375,0.9583333333333334,0.907563025210084,0.9444444444444444,0.9234449760765551,0.8744588744588745,0.8411214953271028,0.8230088495575221,0.7792207792207793,0.7427385892116183,0.7319148936170212,0.708502024291498,0.6683417085427136,0.6772727272727272,0.6536796536796536,0.5879828326180258,0.6425531914893617,0.5707547169811321,0.5980392156862745,0.5990566037735849,0.6176470588235294,0.5135135135135135,0.49572649572649574,0.4752475247524752,0.5025380710659898,0.48497854077253216,0.4880382775119617,0.5431034482758621,0.5458515283842795,0.5913461538461539,0.592274678111588,0.6383928571428571,0.5822784810126582,0.6607929515418502,0.7051282051282052,0.7174887892376681,0.7410714285714286,0.8063063063063063,0.8028169014084507,0.9,0.8762376237623762,0.9,0.889344262295082,0.9269406392694064,0.9386792452830188,0.9147982062780269,0.9703389830508474,0.9674418604651163,0.9724770642201835,0.9627906976744186,0.9525862068965517,0.9479166666666666,0.9348837209302325,0.9033613445378151,0.8942731277533039,0.8699551569506726,0.8114035087719298,0.8024691358024691,0.8059071729957806,0.8019323671497585,0.6650717703349283,0.7777777777777778,0.6936936936936937,0.6995515695067265,0.5902439024390244,0.6039603960396039,0.5825688073394495,0.5764192139737991,0.5203619909502263,0.6033755274261603,0.5152838427947598,0.5231481481481481,0.520618556701031,0.5341880341880342,0.5108225108225108,0.5849056603773585,0.5934579439252337,0.6118721461187214,0.5727272727272728,0.5450236966824644,0.6446280991735537,0.6695278969957081,0.7156862745098039,0.6884422110552764,0.7330508474576272,0.7476635514018691,0.817351598173516,0.7523809523809524,0.8619246861924686,0.8616071428571429,0.8917748917748918,0.9026548672566371,0.9074889867841409,0.9311926605504587,0.9532710280373832,0.948051948051948,0.9457013574660633,0.956140350877193
0.9475982532751092,0.9487179487179487,0.9453781512605042,0.9758454106280193,0.945273631840796,0.9049773755656109,0.8967136150234741,0.8849557522123894,0.8391304347826087,0.8601694915254238,0.8173913043478261,0.7773279352226721,0.8159203980099502,0.7777777777777778,0.6911764705882353,0.6607142857142857,0.6387665198237885,0.5885416666666666,0.5740740740740741,0.588495575221239,0.5964125560538116,0.5960591133004927,0.49122807017543857,0.5423728813559322,0.5127118644067796,0.5064935064935064,0.5,0.5427350427350427,0.5321100917431193,0.5769230769230769,0.5982532751091703,0.6173913043478261,0.6457399103139013,0.6150627615062761,0.6160714285714286,0.6929824561403509,0.7322175732217573,0.76,0.7747747747747747,0.8149779735682819,0.8034188034188035,0.8235294117647058,0.8530612244897959,0.8913043478260869,0.9191919191919192,0.9279279279279279,0.9409282700421941,0.9596412556053812,0.9733333333333334,0.9636363636363636,0.9708333333333333,0.9767441860465116,0.9523809523809523,0.9201680672268907,0.9439252336448598,0.8879668049792531,0.9162995594713657,0.8349056603773585,0.8177777777777778,0.861244019138756,0.8423423423423423,0.7735849056603774,0.7918552036199095,0.7429906542056075,0.690677966101695,0.6445497630331753,0.6173913043478261,0.6164383561643836,0.6018518518518519,0.5380952380952381,0.5759162303664922,0.5627705627705628,0.594059405940594,0.5560344827586207,0.5258620689655172,0.5395348837209303,0.5238095238095238,0.5047619047619047,0.5694444444444444,0.5733333333333334,0.5779816513761468,0.6264591439688716,0.6355140186915887,0.6244897959183674,0.6582914572864321,0.7090909090909091,0.6763485477178424,0.7594339622641509,0.8067632850241546,0.8297872340425532,0.8530612244897959,0.8940092165898618,0.8547008547008547,0.8794642857142857,0.9294605809128631,0.9333333333333333,0.9238095238095239,0.9567099567099567,0.958904109589041,0.9494163424124513
0.9615384615384616,0.9411764705882353,0.96,0.9256198347107438,0.9262672811059908,0.9090909090909091,0.9024390243902439,0.8818181818181818,0.8544600938967136,0.7768924302788844,0.8291457286432161,0.8108108108108109,0.7689075630252101,0.722488038277512,0.7312775330396476,0.7077625570776256,0.5918367346938775,0.569620253164557,0.6324786324786325,0.5528846153846154,0.5822222222222222,0.5601851851851852,0.48523206751054854,0.5097087378640777,0.5596330275229358,0.5,0.5321100917431193,0.5566037735849056,0.5423728813559322,0.5531914893617021,0.6200873362445415,0.5257731958762887,0.6125,0.5420560747663551,0.6139534883720931,0.7522935779816514,0.7149122807017544,0.7235023041474654,0.7136150234741784,0.8,0.8583333333333333,0.8577586206896551,0.8644859813084113,0.8687782805429864,0.9320388349514563,0.9169960474308301,0.9224137931034483,0.9473684210526315,0.9651741293532339,0.9775784753363229,0.9733333333333334,0.9116279069767442,0.960352422907489,0.9209302325581395,0.9404255319148936,0.9188034188034188,0.8738317757009346,0.8663366336633663,0.8734693877551021,0.8252427184466019,0.7511520737327189,0.8190045248868778,0.776255707762557,0.7231404958677686,0.7177033492822966,0.6596638655462185,0.6711711711711712,0.6350710900473934,0.5736842105263158,0.6607929515418502,0.5954545454545455,0.5405405405405406,0.4957627118644068,0.5281385281385281,0.5131578947368421,0.5668202764976958,0.5381165919282511,0.5565610859728507,0.5564516129032258,0.4297520661157025,0.595,0.646551724137931,0.6277056277056277,0.6421568627450981,0.6405529953917051,0.7003891050583657,0.711864406779661,0.7459677419354839,0.8371040723981901,0.8405172413793104,0.8026905829596412,0.8761467889908257,0.9012345679012346,0.8794642857142857,0.9224489795918367,0.915929203539823,0.9519230769230769,0.9356223175965666,0.954954954954955,0.9585492227979274
0.9575471698113207,0.9482758620689655,0.9473684210526315,0.9310344827586207,0.9399141630901288,0.8931623931623932,0.9315068493150684,0.8864628820960698,0.8873873873873874,0.8325991189427313,0.7939914163090128,0.7889908256880734,0.7857142857142857,0.75,0.7351598173515982,0.7024390243902439,0.6470588235294118,0.6712328767123288,0.5534883720930233,0.5526315789473685,0.5974025974025974,0.6044444444444445,0.5344129554655871,0.5412844036697247,0.6130653266331658,0.47161572052401746,0.49019607843137253,0.5158371040723982,0.5341365461847389,0.5355648535564853,0.5806451612903226,0.6019417475728155,0.6351351351351351,0.631578947368421,0.6523605150214592,0.6694214876033058,0.7660377358490567,0.7522123893805309,0.7954545454545454,0.796078431372549,0.8066037735849056,0.8705357142857143,0.8601694915254238,0.8675213675213675,0.922077922077922,0.9174311926605505,0.9565217391304348,0.9523809523809523,0.9485981308411215,0.9772727272727273,0.9587628865979382,0.9473684210526315,0.946058091286307,0.9365853658536586,0.922077922077922,0.905829596412556,0.9278846153846154,0.871244635193133,0.8565400843881856,0.8559322033898306,0.8603603603603603,0.7777777777777778,0.7594339622641509,0.7535545023696683,0.6757990867579908,0.6580310880829016,0.5862068965517241,0.66,0.5395348837209303,0.5686274509803921,0.5781990521327014,0.5560538116591929,0.5305164319248826,0.5272727272727272,0.5142857142857142,0.5189873417721519,0.4977973568281938,0.47619047619047616,0.6073059360730594,0.5517241379310345,0.615,0.6492146596858639,0.6529680365296804,0.6958333333333333,0.6547085201793722,0.6941747572815534,0.7783251231527094,0.8008849557522124,0.8656716417910447,0.8285714285714286,0.8291666666666667,0.8571428571428571,0.8938053097345132,0.8838174273858921,0.9230769230769231,0.9417040358744395,0.9545454545454546,0.9675925925925926,0.974025974025974,0.9534883720930233
0.9803921568627451,0.9453781512605042,0.9469026548672567,0.953125,0.9241706161137441,0.911504424778761,0.8936170212765957,0.9251101321585903,0.8174273858921162,0.8506787330316742,0.8198198198198198,0.8110599078341014,0.8119266055045872,0.7,0.7339449541284404,0.6747572815533981,0.6490384615384616,0.6363636363636364,0.6465116279069767,0.5796460176991151,0.547085201793722,0.5693069306930693,0.5269709543568465,0.5265486725663717,0.5677083333333334,0.5507246376811594,0.5882352941176471,0.542016806722689,0.5374449339207048,0.5675675675675675,0.6076555023923444,0.6907216494845361,0.6271929824561403,0.6088888888888889,0.6785714285714286,0.7256637168141593,0.7431192660550459,0.7725321888412017,0.8254716981132075,0.7280334728033473,0.7918781725888325,0.8457943925233645,0.8544600938967136,0.9205607476635514,0.9212962962962963,0.9138755980861244,0.9271844660194175,0.941747572815534,0.9382716049382716,0.9666666666666667,0.971830985915493,0.9864253393665159,0.9423076923076923,0.9626556016597511,0.9289099526066351,0.9183673469387755,0.9125,0.8613861386138614,0.8838174273858921,0.8571428571428571,0.7991266375545851,0.7808219178082192,0.7887931034482759,0.7319148936170212,0.6883116883116883,0.6764705882352942,0.5933014354066986,0.6153846153846154,0.5757575757575758,0.5232067510548524,0.5462555066079295,0.5490196078431373,0.575,0.5796460176991151,0.5752212389380531,0.6223175965665236,0.552,0.5390625,0.5158371040723982,0.672566371681416,0.6027397260273972,0.6782178217821783,0.5982905982905983,0.6708860759493671,0.6776859504132231,0.6834862385321101,0.6542553191489362,0.7532467532467533,0.8240740740740741,0.8125,0.8181818181818182,0.8786407766990292,0.883495145631068,0.8708133971291866,0.905940594059406,0.9473684210526315,0.9514563106796117,0.9581589958158996,0.9698275862068966,0.9770642201834863
0.9636363636363636,0.9646017699115044,0.9429824561403509,0.937799043062201,0.9401709401709402,0.9130434782608695,0.8884462151394422,0.883177570093458,0.8433179723502304,0.8071748878923767,0.8053097345132744,0.8019323671497585,0.7748917748917749,0.7345971563981043,0.6807511737089202,0.7161572052401747,0.6123348017621145,0.67,0.6428571428571429,0.5648535564853556,0.591304347826087,0.5422885572139303,0.558974358974359,0.5660377358490566,0.5254237288135594,0.5576036866359447,0.6057692307692307,0.5511111111111111,0.6271929824561403,0.5333333333333333,0.5991189427312775,0.5758928571428571,0.6262135922330098,0.7061224489795919,0.6952380952380952,0.7031963470319634,0.717391304347826,0.7660550458715596,0.7568807339449541,0.8068669527896996,0.8398268398268398,0.817351598173516,0.8954545454545455,0.9212962962962963,0.9027777777777778,0.9205020920502092,0.941908713692946,0.9681818181818181,0.96,0.9578059071729957,0.9117647058823529,0.9541284403669725,0.9351851851851852,0.94,0.9308755760368663,0.9427312775330396,0.9104477611940298,0.8525345622119815,0.8838174273858921,0.8221153846153846,0.7719298245614035,0.7307692307692307,0.7685589519650655,0.7112068965517241,0.7464788732394366,0.6210045662100456,0.6538461538461539,0.6483050847457628,0.61,0.6140350877192983,0.5622119815668203,0.5689655172413793,0.5297029702970297,0.5747663551401869,0.5263157894736842,0.5446428571428571,0.5398230088495575,0.5461847389558233,0.5652173913043478,0.5739910313901345,0.6042553191489362,0.6265560165975104,0.6532258064516129,0.7013574660633484,0.7021276595744681,0.7389380530973452,0.7409326424870466,0.7635467980295566,0.8125,0.805,0.8571428571428571,0.8434782608695652,0.896551724137931,0.915929203539823,0.8962264150943396,0.9234234234234234,0.9466666666666667,0.952191235059761,0.9455445544554455,0.9579439252336449
0.9647058823529412,0.9678714859437751,0.9377777777777778,0.945,0.9128440366972477,0.9320388349514563,0.934010152284264,0.8558558558558559,0.9057591623036649,0.8687782805429864,0.8455284552845529,0.812206572769953,0.7675438596491229,0.7207207207207207,0.6637168141592921,0.7196652719665272,0.6126126126126126,0.711864406779661,0.6163793103448276,0.6550218340611353,0.6146788990825688,0.6222222222222222,0.6285714285714286,0.591743119266055,0.5158371040723982,0.5336322869955157,0.5666666666666667,0.574468085106383,0.5491071428571429,0.5659574468085107,0.5720930232558139,0.6211453744493393,0.6865671641791045,0.6728971962616822,0.6888888888888889,0.7293577981651376,0.7387387387387387,0.7073170731707317,0.8113207547169812,0.8476190476190476,0.8403361344537815,0.8356643356643356,0.8476190476190476,0.8794642857142857,0.8991935483870968,0.9212962962962963,0.9366515837104072,0.9444444444444444,0.9511111111111111,0.9592760180995475,0.9594594594594594,0.9396551724137931,0.9449152542372882,0.9583333333333334,0.8973214285714286,0.9140271493212669,0.8883928571428571,0.8681818181818182,0.8778280542986425,0.8108108108108109,0.8258928571428571,0.7813953488372093,0.6822429906542056,0.7348837209302326,0.6784140969162996,0.6753246753246753,0.64,0.6333333333333333,0.603448275862069,0.5944700460829493,0.5836909871244635,0.6270491803278688,0.5025125628140703,0.5721153846153846,0.5787234042553191,0.5681818181818182,0.5756097560975609,0.5942028985507246,0.6367924528301887,0.625,0.5701754385964912,0.6681818181818182,0.670995670995671,0.7320574162679426,0.7149321266968326,0.7478260869565218,0.7772277227722773,0.7792792792792793,0.8108108108108109,0.8192771084337349,0.8362831858407079,0.8685258964143426,0.8701923076923077,0.9118942731277533,0.9336283185840708,0.95,0.9267241379310345,0.958139534883721,0.9531914893617022,0.967741935483871
0.9776785714285714,0.9466666666666667,0.9547738693467337,0.9504504504504504,0.9304347826086956,0.9269406392694064,0.9308943089430894,0.8760683760683761,0.8695652173913043,0.8291666666666667,0.8053097345132744,0.7916666666666666,0.8333333333333334,0.7318181818181818,0.7268722466960352,0.7074235807860262,0.7130801687763713,0.6812227074235808,0.5779816513761468,0.6323529411764706,0.6192468619246861,0.5735294117647058,0.591743119266055,0.5920398009950248,0.5615763546798029,0.5904761904761905,0.5515873015873016,0.6355555555555555,0.5545851528384279,0.5959183673469388,0.6940639269406392,0.6038461538461538,0.65625,0.6666666666666666,0.7142857142857143,0.7195121951219512,0.7123287671232876,0.730593607305936,0.8373015873015873,0.7792207792207793,0.863849765258216,0.8468468468468469,0.8636363636363636,0.8944954128440367,0.8842592592592593,0.9324324324324325,0.9541284403669725,0.9720930232558139,0.9359605911330049,0.9497907949790795,0.9594594594594594,0.9375,0.9458128078817734,0.9529914529914529,0.9117647058823529,0.9090909090909091,0.9148936170212766,0.8909090909090909,0.8744588744588745,0.812206572769953,0.8366336633663366,0.7932489451476793,0.7965367965367965,0.7196652719665272,0.7373271889400922,0.7168949771689498,0.6875,0.6680497925311203,0.6376146788990825,0.6502242152466368,0.6098654708520179,0.569672131147541,0.6123348017621145,0.5851528384279476,0.625531914893617,0.5229357798165137,0.5773195876288659,0.6055045871559633,0.605,0.5963302752293578,0.6772727272727272,0.6652542372881356,0.6593886462882096,0.7288888888888889,0.7381974248927039,0.7298578199052133,0.706140350877193,0.7963800904977375,0.8445378151260504,0.8264840182648402,0.7984496124031008,0.8354978354978355,0.9241071428571429,0.9184549356223176,0.918552036199095,0.9433962264150944,0.9737991266375546,0.9605263157894737,0.9673469387755103,0.9555555555555556
0.9682539682539683,0.9656862745098039,0.98,0.9237668161434978,0.9587155963302753,0.9148936170212766,0.9186602870813397,0.9173913043478261,0.8852459016393442,0.8212765957446808,0.8229665071770335,0.7660550458715596,0.75,0.7641509433962265,0.7435897435897436,0.6818181818181818,0.6210045662100456,0.6529680365296804,0.6411483253588517,0.665158371040724,0.6056338028169014,0.6742081447963801,0.589041095890411,0.6037735849056604,0.5454545454545454,0.5876777251184834,0.5652173913043478,0.6216216216216216,0.6061946902654868,0.5767634854771784,0.6141732283464567,0.6666666666666666,0.6909090909090909,0.723404255319149,0.7531380753138075,0.7257383966244726,0.7251184834123223,0.7443946188340808,0.8214285714285714,0.8118811881188119,0.8227272727272728,0.8592233009708737,0.8812785388127854,0.8986784140969163,0.8883720930232558,0.9310344827586207,0.9683257918552036,0.9369369369369369,0.9672131147540983,0.9444444444444444,0.9576719576719577,0.9491525423728814,0.9683794466403162,0.9719626168224299,0.897196261682243,0.9102040816326531,0.8608695652173913,0.8693693693693694,0.875,0.8377192982456141,0.861244019138756,0.7913043478260869,0.8026315789473685,0.7264957264957265,0.7162162162162162,0.6666666666666666,0.6485148514851485,0.6933962264150944,0.6830357142857143,0.6317991631799164,0.6527777777777778,0.6271929824561403,0.5605381165919282,0.5579399141630901,0.5694444444444444,0.6507177033492823,0.6146788990825688,0.5947136563876652,0.5911111111111111,0.6330275229357798,0.6214953271028038,0.6142857142857143,0.6740088105726872,0.7169811320754716,0.7170731707317073,0.7272727272727273,0.7293577981651376,0.8186046511627907,0.8082191780821918,0.8468085106382979,0.8681818181818182,0.9210526315789473,0.8703703703703703,0.8976744186046511,0.9289340101522843,0.9246861924686193,0.9504504504504504,0.9768518518518519,0.9322916666666666,0.9682539682539683
0.9775784753363229,0.9541284403669725,0.9533898305084746,0.9353448275862069,0.9330357142857143,0.9107981220657277,0.9116279069767442,0.8697674418604651,0.8523206751054853,0.8536585365853658,0.8345864661654135,0.7792207792207793,0.7312252964426877,0.7758620689655172,0.7008547008547008,0.6875,0.6666666666666666,0.6954314720812182,0.6909090909090909,0.6277056277056277,0.6481481481481481,0.6715686274509803,0.6442307692307693,0.6224066390041494,0.5801886792452831,0.6255707762557078,0.6061946902654868,0.5674418604651162,0.6895161290322581,0.6274509803921569,0.62,0.6744186046511628,0.65,0.6822429906542056,0.6606334841628959,0.729957805907173,0.7420814479638009,0.7990867579908676,0.8577405857740585,0.8878504672897196,0.883248730964467,0.8705357142857143,0.8975609756097561,0.9181818181818182,0.9336099585062241,0.9629629629629629,0.9385964912280702,0.9457364341085271,0.9396551724137931,0.9519230769230769,0.9390862944162437,0.9473684210526315,0.9466666666666667,0.9273504273504274,0.9330543933054394,0.94,0.9285714285714286,0.8408163265306122,0.8702928870292888,0.8,0.8019323671497585,0.8194444444444444,0.7272727272727273,0.7309417040358744,0.7625570776255708,0.6866359447004609,0.7629310344827587,0.6769911504424779,0.654639175257732,0.6179245283018868,0.5870646766169154,0.6199095022624435,0.5650224215246636,0.5545851528384279,0.5695652173913044,0.6198347107438017,0.5807860262008734,0.6282051282051282,0.6527196652719666,0.6401869158878505,0.6680851063829787,0.6854460093896714,0.6903765690376569,0.689119170984456,0.7439613526570048,0.76,0.7777777777777778,0.7606837606837606,0.8050847457627118,0.85,0.8434782608695652,0.8863636363636364,0.9112149532710281,0.8878504672897196,0.9276595744680851,0.9285714285714286,0.9543568464730291,0.9537037037037037,0.9569377990430622,0.9692982456140351
0.954337899543379,0.9638009049773756,0.9396551724137931,0.9541284403669725,0.9383259911894273,0.9195979899497487,0.8829268292682927,0.8899082568807339,0.853448275862069,0.8796296296296297,0.8826086956521739,0.8201754385964912,0.8317307692307693,0.7678571428571429,0.719626168224299,0.6881188118811881,0.7589285714285714,0.6889952153110048,0.635,0.6542056074766355,0.7160493827160493,0.6457399103139013,0.5933609958506224,0.680365296803653,0.6051282051282051,0.5589519650655022,0.5644444444444444,0.6208530805687204,0.688034188034188,0.6538461538461539,0.6778242677824268,0.7112970711297071,0.7092511013215859,0.6978723404255319,0.7136363636363636,0.7264150943396226,0.7754237288135594,0.7562189054726368,0.8254716981132075,0.8341013824884793,0.8450704225352113,0.8703703703703703,0.9170305676855895,0.8739495798319328,0.9153225806451613,0.9069767441860465,0.9539170506912442,0.9521739130434783,0.9646464646464646,0.9539170506912442,0.9508928571428571,0.9563106796116505,0.9417040358744395,0.96,0.9364406779661016,0.9203187250996016,0.875,0.8976744186046511,0.8630705394190872,0.8341232227488151,0.8146551724137931,0.8271028037383178,0.8303571428571429,0.7644230769230769,0.7451923076923077,0.717948717948718,0.73568281938326,0.6929824561403509,0.7168949771689498,0.652542372881356,0.6060606060606061,0.5990338164251208,0.5689655172413793,0.6936936936936937,0.7117117117117117,0.583732057416268,0.5540540540540541,0.6085106382978723,0.579185520361991,0.6150234741784038,0.7310924369747899,0.6911764705882353,0.7309644670050761,0.7186147186147186,0.7233009708737864,0.7276422764227642,0.7901785714285714,0.7177033492822966,0.8260869565217391,0.8304347826086956,0.8801652892561983,0.8669354838709677,0.8995983935742972,0.918918918918919,0.9259259259259259,0.9358974358974359,0.9444444444444444,0.9592760180995475,0.9594594594594594,0.9652173913043478
0.9579439252336449,0.970954356846473,0.9227272727272727,0.9424778761061947,0.9183673469387755,0.897196261682243,0.9095022624434389,0.8990384615384616,0.875,0.8294930875576036,0.805,0.7972350230414746,0.7603686635944701,0.7824074074074074,0.7747747747747747,0.7162162162162162,0.7523809523809524,0.6898148148148148,0.6386138613861386,0.6244343891402715,0.615,0.6367713004484304,0.6435185185185185,0.6194690265486725,0.610655737704918,0.6519823788546255,0.638095238095238,0.5566502463054187,0.6171171171171171,0.606694560669456,0.6431718061674009,0.721030042918455,0.7207207207207207,0.7345132743362832,0.7841409691629956,0.7440758293838863,0.7782805429864253,0.7467248908296943,0.7773109243697479,0.8520408163265306,0.8526785714285714,0.8798076923076923,0.8844444444444445,0.9552238805970149,0.9357798165137615,0.9590909090909091,0.9452054794520548,0.9516908212560387,0.9455445544554455,0.966824644549763,0.974025974025974,0.9427083333333334,0.9428571428571428,0.9297520661157025,0.9577464788732394,0.911504424778761,0.8642533936651584,0.8922413793103449,0.8407960199004975,0.8363636363636363,0.7850877192982456,0.8008474576271186,0.7920353982300885,0.7463414634146341,0.7702702702702703,0.7045454545454546,0.7180616740088106,0.7092511013215859,0.64,0.6099585062240664,0.6303317535545023,0.6177777777777778,0.6448979591836734,0.6620370370370371,0.6271929824561403,0.6359223300970874,0.586046511627907,0.6619718309859155,0.6255924170616114,0.6105769230769231,0.6535087719298246,0.6067961165048543,0.7557603686635944,0.7355371900826446,0.7405660377358491,0.76,0.7654867256637168,0.7971698113207547,0.8325581395348837,0.8185840707964602,0.8190954773869347,0.8681818181818182,0.9049773755656109,0.9511111111111111,0.9298245614035088,0.9420289855072463,0.9521531100478469,0.9380530973451328,0.946078431372549,0.9468599033816425
0.9401709401709402,0.960352422907489,0.946058091286307,0.9375,0.9212962962962963,0.9227053140096618,0.9029126213592233,0.9071729957805907,0.8355555555555556,0.8418803418803419,0.8926829268292683,0.7990867579908676,0.8095238095238095,0.7713004484304933,0.7819905213270142,0.7854077253218884,0.7354260089686099,0.7327188940092166,0.730593607305936,0.6255707762557078,0.6571428571428571,0.7023255813953488,0.6108374384236454,0.6596638655462185,0.6550218340611353,0.6334841628959276,0.6440677966101694,0.6108597285067874,0.6460176991150443,0.7076271186440678,0.7336244541484717,0.7110091743119266,0.7327188940092166,0.7116279069767442,0.6724137931034483,0.7350427350427351,0.8529411764705882,0.8,0.8837209302325582,0.839622641509434,0.841025641025641,0.8493150684931506,0.9036697247706422,0.908695652173913,0.9262672811059908,0.9301310043668122,0.9271844660194175,0.9508928571428571,0.9653679653679653,0.9411764705882353,0.9424778761061947,0.96,0.9467213114754098,0.9565217391304348,0.9439252336448598,0.9473684210526315,0.9346938775510204,0.8894230769230769,0.8475336322869955,0.8733624454148472,0.8318965517241379,0.8246445497630331,0.8209606986899564,0.7280701754385965,0.7454545454545455,0.6968325791855203,0.717948717948718,0.6834170854271356,0.7048458149779736,0.6869158878504673,0.7422222222222222,0.6182572614107884,0.6869918699186992,0.6096256684491979,0.6502242152466368,0.6226415094339622,0.6713615023474179,0.6238938053097345,0.6170212765957447,0.6506550218340611,0.6146788990825688,0.6694214876033058,0.6813725490196079,0.7086956521739131,0.7614678899082569,0.7975708502024291,0.7819905213270142,0.7289719626168224,0.7782608695652173,0.8127853881278538,0.892,0.9055793991416309,0.9023255813953488,0.9049773755656109,0.9344978165938864,0.9441860465116279,0.9563318777292577,0.9575471698113207,0.9559471365638766,0.9663865546218487
0.9515418502202643,0.9581589958158996,0.9490740740740741,0.9669811320754716,0.9348837209302325,0.8860759493670886,0.9348837209302325,0.8728070175438597,0.8899521531100478,0.8958333333333334,0.8893805309734514,0.8305785123966942,0.8050847457627118,0.8195121951219512,0.7154150197628458,0.7725118483412322,0.785,0.7083333333333334,0.7030567685589519,0.7047244094488189,0.7376237623762376,0.6857142857142857,0.6289592760180995,0.6531531531531531,0.6832579185520362,0.6585365853658537,0.6197183098591549,0.6741071428571429,0.6962616822429907,0.6846846846846847,0.6709401709401709,0.7180616740088106,0.673728813559322,0.7017543859649122,0.7149321266968326,0.7798165137614679,0.8,0.7822222222222223,0.8454935622317596,0.868995633187773,0.8292682926829268,0.8955223880597015,0.9128440366972477,0.9159663865546218,0.917098445595855,0.9369747899159664,0.9466666666666667,0.9191919191919192,0.926530612244898,0.9454545454545454,0.9372197309417041,0.9695652173913043,0.9294605809128631,0.9386792452830188,0.9260869565217391,0.9163179916317992,0.8949771689497716,0.8493723849372385,0.8951965065502183,0.8155339805825242,0.8266666666666667,0.7844827586206896,0.8418604651162791,0.792,0.7456140350877193,0.755868544600939,0.7559808612440191,0.6986301369863014,0.694560669456067,0.676056338028169,0.6527777777777778,0.719626168224299,0.6377952755905512,0.6026785714285714,0.6407766990291263,0.6488888888888888,0.7142857142857143,0.6805555555555556,0.6589861751152074,0.6847290640394089,0.6578947368421053,0.7009803921568627,0.7327586206896551,0.7747747747747747,0.7621359223300971,0.8024691358024691,0.7268518518518519,0.8529411764705882,0.8398268398268398,0.8362831858407079,0.8544600938967136,0.9134615384615384,0.9004329004329005,0.9159663865546218,0.9469026548672567,0.9219512195121952,0.9375,0.9449152542372882,0.9730941704035875,0.9732142857142857
0.9517543859649122,0.9530516431924883,0.9806763285024155,0.9948186528497409,0.9326923076923077,0.9166666666666666,0.8985507246376812,0.9036697247706422,0.8782608695652174,0.8658008658008658,0.8371040723981901,0.8195121951219512,0.8493150684931506,0.8016528925619835,0.7523809523809524,0.7407407407407407,0.7896995708154506,0.7156862745098039,0.6619047619047619,0.7016129032258065,0.6844444444444444,0.6981981981981982,0.6681222707423581,0.7013574660633484,0.6180904522613065,0.7081339712918661,0.6866359447004609,0.6604651162790698,0.6836734693877551,0.6623931623931624,0.7192982456140351,0.7104072398190046,0.7081339712918661,0.762114537444934,0.7821782178217822,0.8034934497816594,0.7403846153846154,0.8268398268398268,0.853448275862069,0.839622641509434,0.8533333333333334,0.8482142857142857,0.9029126213592233,0.9205607476635514,0.924901185770751,0.9433962264150944,0.9396551724137931,0.968609865470852,0.9403669724770642,0.9653679653679653,0.9519650655021834,0.957983193277311,0.9495412844036697,0.918918918918919,0.950207468879668,0.9400921658986175,0.918918918918919,0.8894230769230769,0.9058823529411765,0.8909090909090909,0.871244635193133,0.8197424892703863,0.7619047619047619,0.7616822429906542,0.7788018433179723,0.7703349282296651,0.8245614035087719,0.7889447236180904,0.730593607305936,0.6933333333333334,0.6094420600858369,0.6729857819905213,0.7095435684647303,0.6767241379310345,0.6637168141592921,0.7136929460580913,0.6341463414634146,0.6777251184834123,0.6893617021276596,0.6724890829694323,0.7394957983193278,0.74,0.7183098591549296,0.75,0.771551724137931,0.7411167512690355,0.8073394495412844,0.8240343347639485,0.7980769230769231,0.8141592920353983,0.8981481481481481,0.8616071428571429,0.8939393939393939,0.9395348837209302,0.9383259911894273,0.9620853080568721,0.9452054794520548,0.9696969696969697,0.9722222222222222,0.9478260869565217
0.9555555555555556,0.9242424242424242,0.9444444444444444,0.9541284403669725,0.9696969696969697,0.9661016949152542,0.9116279069767442,0.9074889867841409,0.9047619047619048,0.9090909090909091,0.8760683760683761,0.8362831858407079,0.7990867579908676,0.8104265402843602,0.8035714285714286,0.7688679245283019,0.7605042016806722,0.71900826446281,0.7467248908296943,0.690677966101695,0.7124463519313304,0.7089201877934272,0.7419354838709677,0.7130801687763713,0.6682926829268293,0.6909090909090909,0.7,0.6561085972850679,0.6923076923076923,0.6824644549763034,0.6304347826086957,0.7573221757322176,0.721030042918455,0.6842105263157895,0.8047619047619048,0.8380952380952381,0.7873303167420814,0.8371040723981901,0.8294930875576036,0.801762114537445,0.8879668049792531,0.8778280542986425,0.9116279069767442,0.8858447488584474,0.932,0.9216589861751152,0.9487179487179487,0.9592760180995475,0.9748953974895398,0.9583333333333334,0.9574468085106383,0.9557522123893806,0.9631147540983607,0.9423868312757202,0.9318181818181818,0.9439252336448598,0.8975609756097561,0.933920704845815,0.861244019138756,0.8565400843881856,0.8284313725490197,0.8151658767772512,0.7608695652173914,0.8181818181818182,0.8138528138528138,0.7563025210084033,0.7606837606837606,0.7649769585253456,0.7264150943396226,0.6551724137931034,0.652542372881356,0.7168141592920354,0.7051792828685259,0.7066666666666667,0.6899563318777293,0.6621621621621622,0.6728110599078341,0.6794258373205742,0.7064220183486238,0.6923076923076923,0.7117903930131004,0.7389162561576355,0.7661290322580645,0.7567567567567568,0.8285714285714286,0.8317307692307693,0.7714285714285715,0.8193832599118943,0.8464912280701754,0.8240740740740741,0.8513513513513513,0.8879310344827587,0.9033613445378151,0.9052132701421801,0.9365853658536586,0.9406392694063926,0.9605263157894737,0.9519230769230769,0.9534883720930233,0.9385245901639344
0.9539170506912442,0.9710144927536232,0.9371980676328503,0.9529914529914529,0.9388646288209607,0.9672897196261683,0.9198113207547169,0.9104477611940298,0.923469387755102,0.9162995594713657,0.8820754716981132,0.8823529411764706,0.8149779735682819,0.8382978723404255,0.8051948051948052,0.7830188679245284,0.6860986547085202,0.7427184466019418,0.7699115044247787,0.7142857142857143,0.6473429951690821,0.7298578199052133,0.6926605504587156,0.7487437185929648,0.6784140969162996,0.7149532710280374,0.6731707317073171,0.673469387755102,0.6711111111111111,0.7142857142857143,0.6916299559471366,0.7378640776699029,0.7379679144385026,0.7607655502392344,0.7560975609756098,0.7805907172995781,0.8333333333333334,0.8526785714285714,0.8532110091743119,0.8590308370044053,0.8622222222222222,0.8571428571428571,0.8973214285714286,0.9107981220657277,0.9247787610619469,0.9279279279279279,0.9565217391304348,0.9427312775330396,0.9420289855072463,0.9478672985781991,0.9541284403669725,0.947136563876652,0.9545454545454546,0.9652173913043478,0.9311926605504587,0.9353233830845771,0.9409090909090909,0.9223300970873787,0.8721461187214612,0.859504132231405,0.8502202643171806,0.8471615720524017,0.8168316831683168,0.7818181818181819,0.7575757575757576,0.7766497461928934,0.7475247524752475,0.7983193277310925,0.7468879668049793,0.7168141592920354,0.7056451612903226,0.683982683982684,0.7101449275362319,0.7333333333333333,0.7522123893805309,0.6794258373205742,0.7201834862385321,0.7172995780590717,0.7236842105263158,0.6727272727272727,0.7846153846153846,0.7090909090909091,0.7477064220183486,0.7058823529411765,0.7844827586206896,0.7931034482758621,0.7828054298642534,0.8050847457627118,0.8495145631067961,0.8744588744588745,0.8810572687224669,0.8987341772151899,0.9422222222222222,0.9295154185022027,0.96,0.9531914893617022,0.9622641509433962,0.9629629629629629,0.9485981308411215,0.972972972972973
0.9692982456140351,0.9588014981273408,0.9658536585365853,0.9302325581395349,0.9396551724137931,0.9212598425196851,0.9305555555555556,0.8733031674208145,0.8973214285714286,0.8961038961038961,0.8444444444444444,0.8691588785046729,0.8372093023255814,0.8044444444444444,0.7960199004975125,0.7877358490566038,0.8060344827586207,0.7572815533980582,0.7845528455284553,0.7451923076923077,0.7763157894736842,0.7086956521739131,0.7314814814814815,0.7737556561085973,0.7095238095238096,0.7022222222222222,0.6666666666666666,0.7098214285714286,0.7167381974248928,0.6754385964912281,0.7242798353909465,0.7577092511013216,0.7777777777777778,0.7303921568627451,0.8325991189427313,0.8195121951219512,0.8,0.810126582278481,0.8433179723502304,0.8348214285714286,0.8729508196721312,0.8954545454545455,0.9052132701421801,0.9521739130434783,0.9512195121951219,0.9533898305084746,0.961038961038961,0.9669421487603306,0.9733333333333334,0.958904109589041,0.9535864978902954,0.96,0.9537037037037037,0.9414414414414415,0.960352422907489,0.9289099526066351,0.9128630705394191,0.8942731277533039,0.8958333333333334,0.8794642857142857,0.8657407407407407,0.8258706467661692,0.7897196261682243,0.8481012658227848,0.8605769230769231,0.7843137254901961,0.7321428571428571,0.7040358744394619,0.7363636363636363,0.7669902912621359,0.7008928571428571,0.7321428571428571,0.7033898305084746,0.7443946188340808,0.7375565610859729,0.6875,0.6487804878048781,0.7467811158798283,0.6846846846846847,0.7980295566502463,0.7178217821782178,0.7916666666666666,0.7966101694915254,0.775,0.820627802690583,0.813953488372093,0.8341708542713567,0.7964601769911505,0.8596491228070176,0.8733031674208145,0.8803827751196173,0.8935185185185185,0.9400921658986175,0.955,0.9383259911894273,0.9166666666666666,0.944954128440367,0.9576271186440678,0.9590909090909091,0.9653679653679653
0.9655172413793104,0.979253112033195,0.9402390438247012,0.9220183486238532,0.9252336448598131,0.9464285714285714,0.944954128440367,0.8883928571428571,0.9035087719298246,0.895,0.8866995073891626,0.8497652582159625,0.7964601769911505,0.8539823008849557,0.8347457627118644,0.8221153846153846,0.7798165137614679,0.7818181818181819,0.8047808764940239,0.7660550458715596,0.7601809954751131,0.7718446601941747,0.7477477477477478,0.7614678899082569,0.7247706422018348,0.7079207920792079,0.7679324894514767,0.6556603773584906,0.6844262295081968,0.751269035532995,0.7391304347826086,0.762114537444934,0.8,0.8232758620689655,0.8516949152542372,0.8106995884773662,0.8017241379310345,0.8197424892703863,0.8608247422680413,0.8552036199095022,0.8837209302325582,0.8620689655172413,0.8823529411764706,0.9095477386934674,0.9244444444444444,0.9359605911330049,0.9529914529914529,0.9587628865979382,0.9635627530364372,0.9414414414414415,0.961864406779661,0.9292035398230089,0.9423076923076923,0.9469026548672567,0.9237668161434978,0.911504424778761,0.9488372093023256,0.9098712446351931,0.9147982062780269,0.8815165876777251,0.8303571428571429,0.8778280542986425,0.8483412322274881,0.8461538461538461,0.8493150684931506,0.7635467980295566,0.8173913043478261,0.7860262008733624,0.7309644670050761,0.7972972972972973,0.7246376811594203,0.7689075630252101,0.6968325791855203,0.7813953488372093,0.7107843137254902,0.7330508474576272,0.7709251101321586,0.7321428571428571,0.7092511013215859,0.7391304347826086,0.759825327510917,0.7990654205607477,0.8215962441314554,0.7922077922077922,0.85,0.7802690582959642,0.84,0.8535564853556485,0.9052132701421801,0.8628318584070797,0.88,0.9178082191780822,0.9210526315789473,0.9248826291079812,0.9446808510638298,0.9529914529914529,0.9723502304147466,0.9541666666666667,0.9772727272727273,0.9724770642201835
0.9658119658119658,0.9608695652173913,0.954337899543379,0.9196428571428571,0.9606986899563319,0.954954954954955,0.9170305676855895,0.9279279279279279,0.9259259259259259,0.8888888888888888,0.8632075471698113,0.8617511520737328,0.863849765258216,0.8642533936651584,0.8354430379746836,0.8122270742358079,0.8149779735682819,0.7601809954751131,0.8251121076233184,0.7746478873239436,0.7192982456140351,0.801762114537445,0.7303921568627451,0.7747747747747747,0.7544642857142857,0.7363636363636363,0.7319148936170212,0.7368421052631579,0.7400881057268722,0.7404255319148936,0.7477064220183486,0.7584541062801933,0.7722007722007722,0.821256038647343,0.8220338983050848,0.8086124401913876,0.7883817427385892,0.8883720930232558,0.8703703703703703,0.8857142857142857,0.8777292576419214,0.892018779342723,0.9254385964912281,0.9671361502347418,0.9248826291079812,0.96875,0.9567099567099567,0.9587628865979382,0.9699570815450643,0.975609756097561,0.948051948051948,0.9502262443438914,0.9483568075117371,0.9351851851851852,0.9178082191780822,0.9223744292237442,0.9428571428571428,0.9224137931034483,0.8918918918918919,0.874439461883408,0.8553191489361702,0.8484848484848485,0.8080808080808081,0.806930693069307,0.8133333333333334,0.7788461538461539,0.7947598253275109,0.8113207547169812,0.8,0.6929460580912863,0.7525773195876289,0.7710280373831776,0.7692307692307693,0.7867298578199052,0.7336683417085427,0.704225352112676,0.7488789237668162,0.7224669603524229,0.8,0.7297297297297297,0.8158995815899581,0.7927927927927928,0.8018867924528302,0.8303571428571429,0.8106796116504854,0.8067226890756303,0.8727272727272727,0.8495145631067961,0.8826530612244898,0.8584905660377359,0.9178082191780822,0.9123505976095617,0.9366515837104072,0.9481132075471698,0.9403669724770642,0.9351851851851852,0.9509803921568627,0.9612068965517241,0.9684684684684685,0.9587155963302753
0.960352422907489,0.9577464788732394,0.9454545454545454,0.9575471698113207,0.9458333333333333,0.943089430894309,0.9279661016949152,0.9217391304347826,0.9414414414414415,0.8794642857142857,0.9032258064516129,0.8798283261802575,0.8867924528301887,0.8577777777777778,0.7972350230414746,0.8369098712446352,0.8325581395348837,0.8341013824884793,0.808695652173913,0.7947598253275109,0.7570093457943925,0.8238095238095238,0.7681159420289855,0.780373831775701,0.7571428571428571,0.7264150943396226,0.7180616740088106,0.7521367521367521,0.7733333333333333,0.7476190476190476,0.7869565217391304,0.8041666666666667,0.8270042194092827,0.8350515463917526,0.8148148148148148,0.8375634517766497,0.8518518518518519,0.8619246861924686,0.8786610878661087,0.8898678414096917,0.892,0.9124423963133641,0.8828828828828829,0.9095477386934674,0.9411764705882353,0.9504504504504504,0.9590909090909091,0.9811320754716981,0.9534883720930233,0.9519230769230769,0.9502262443438914,0.9324324324324325,0.9473684210526315,0.9411764705882353,0.9483568075117371,0.9384615384615385,0.9666666666666667,0.9145299145299145,0.8629441624365483,0.9023255813953488,0.8760683760683761,0.8957345971563981,0.8653061224489796,0.7937219730941704,0.845771144278607,0.7757009345794392,0.7901234567901234,0.8070175438596491,0.7668161434977578,0.7837837837837838,0.8237885462555066,0.7652582159624414,0.755656108597285,0.7524752475247525,0.7761904761904762,0.7635467980295566,0.7276785714285714,0.7699530516431925,0.7522935779816514,0.835,0.7644444444444445,0.810126582278481,0.8086124401913876,0.8037383177570093,0.8379629629629629,0.8440366972477065,0.8732394366197183,0.8534031413612565,0.8428571428571429,0.8888888888888888,0.9095238095238095,0.8940677966101694,0.9482758620689655,0.9343434343434344,0.9272727272727272,0.950207468879668,0.9261083743842364,0.9698275862068966,0.9656652360515021,0.956140350877193
0.9727272727272728,0.947136563876652,0.9453781512605042,0.9577464788732394,0.9419642857142857,0.958904109589041,0.9495798319327731,0.9278846153846154,0.897196261682243,0.9074074074074074,0.8739130434782608,0.8544600938967136,0.8430493273542601,0.851528384279476,0.827906976744186,0.8258928571428571,0.8341232227488151,0.8755364806866953,0.8333333333333334,0.8193832599118943,0.7982832618025751,0.7555555555555555,0.75,0.7511737089201878,0.7148936170212766,0.7672413793103449,0.7567567567567568,0.7729468599033816,0.775,0.776255707762557,0.746938775510204,0.759493670886076,0.8076923076923077,0.8141592920353983,0.8325123152709359,0.8208333333333333,0.8495934959349594,0.9086538461538461,0.8616071428571429,0.8898678414096917,0.9136363636363637,0.9055793991416309,0.9004524886877828,0.9433962264150944,0.9269406392694064,0.9111111111111111,0.9247787610619469,0.9534883720930233,0.9587155963302753,0.9591836734693877,0.9714285714285714,0.9428571428571428,0.9773755656108597,0.9137055837563451,0.9388646288209607,0.9029535864978903,0.9339622641509434,0.91324200913242,0.8691588785046729,0.8828451882845189,0.88,0.9055793991416309,0.8738317757009346,0.8445378151260504,0.8354430379746836,0.8325358851674641,0.7857142857142857,0.8520408163265306,0.8097560975609757,0.7896995708154506,0.7702702702702703,0.8109243697478992,0.8105726872246696,0.7816593886462883,0.7554585152838428,0.782608695652174,0.8009708737864077,0.8046511627906977,0.7983870967741935,0.7710280373831776,0.7615062761506276,0.8113207547169812,0.8355555555555556,0.7853881278538812,0.8898305084745762,0.812206572769953,0.867579908675799,0.847926267281106,0.9162995594713657,0.9103139013452914,0.926605504587156,0.9086538461538461,0.9267241379310345,0.9170506912442397,0.9574468085106383,0.9583333333333334,0.940677966101695,0.9497716894977168,0.9569377990430622,0.956140350877193
0.9393939393939394,0.9624413145539906,0.9365853658536586,0.9508928571428571,0.9565217391304348,0.9383259911894273,0.9223744292237442,0.9203539823008849,0.9327354260089686,0.8928571428571429,0.9004329004329005,0.9047619047619048,0.905940594059406,0.8823529411764706,0.8790322580645161,0.8634361233480177,0.8349056603773585,0.8173913043478261,0.7892376681614349,0.7767441860465116,0.731404958677686,0.7323943661971831,0.8068669527896996,0.827433628318584,0.7751196172248804,0.7631578947368421,0.7764227642276422,0.7589285714285714,0.8009049773755657,0.8,0.7951219512195122,0.8130434782608695,0.8144796380090498,0.8571428571428571,0.8215962441314554,0.8571428571428571,0.8733624454148472,0.8590909090909091,0.8703703703703703,0.8888888888888888,0.9095022624434389,0.8981481481481481,0.95260663507109,0.9255813953488372,0.9644444444444444,0.9166666666666666,0.9565217391304348,0.9351851851851852,0.9446808510638298,0.9525862068965517,0.949748743718593,0.960352422907489,0.9464285714285714,0.9321266968325792,0.9621848739495799,0.948051948051948,0.9409090909090909,0.935,0.8913043478260869,0.8903508771929824,0.8786610878661087,0.9078341013824884,0.8820754716981132,0.8304347826086956,0.8513513513513513,0.8153153153153153,0.7869565217391304,0.824,0.7982456140350878,0.7336448598130841,0.7649769585253456,0.7901785714285714,0.7788461538461539,0.7963800904977375,0.7627906976744186,0.8229665071770335,0.8125,0.7939914163090128,0.8082191780821918,0.7939914163090128,0.8115942028985508,0.8559322033898306,0.8298755186721992,0.8017241379310345,0.863013698630137,0.8607594936708861,0.8229665071770335,0.8801652892561983,0.8733031674208145,0.9248826291079812,0.8909952606635071,0.8755555555555555,0.9386792452830188,0.9532710280373832,0.9324324324324325,0.9385964912280702,0.9555555555555556,0.9551569506726457,0.9624413145539906,0.9775784753363229
0.950207468879668,0.9493087557603687,0.9494949494949495,0.95260663507109,0.948051948051948,0.9392523364485982,0.9391304347826087,0.9178082191780822,0.9128440366972477,0.8809523809523809,0.8783783783783784,0.863013698630137,0.8723404255319149,0.8614718614718615,0.8826291079812206,0.8715596330275229,0.8389830508474576,0.8301886792452831,0.8411214953271028,0.7974137931034483,0.8256880733944955,0.825,0.7673267326732673,0.7916666666666666,0.8392857142857143,0.8448275862068966,0.7889908256880734,0.7777777777777778,0.8211009174311926,0.8325123152709359,0.7848101265822784,0.780952380952381,0.8277310924369747,0.7853881278538812,0.8246445497630331,0.8382978723404255,0.8835978835978836,0.8844444444444445,0.8938053097345132,0.9116279069767442,0.9090909090909091,0.9155555555555556,0.9288888888888889,0.9396551724137931,0.9358974358974359,0.9681818181818181,0.961038961038961,0.9704641350210971,0.9587155963302753,0.9800995024875622,0.9576271186440678,0.9369369369369369,0.9416666666666667,0.9765258215962441,0.9626168224299065,0.9346733668341709,0.9344262295081968,0.9192825112107623,0.8888888888888888,0.9117647058823529,0.9023255813953488,0.8283261802575107,0.8789237668161435,0.8558139534883721,0.8679245283018868,0.8525345622119815,0.8433179723502304,0.8246445497630331,0.8035714285714286,0.7828282828282829,0.7918552036199095,0.8333333333333334,0.8202764976958525,0.8009708737864077,0.7476635514018691,0.7823834196891192,0.8289473684210527,0.8281938325991189,0.797979797979798,0.7831858407079646,0.8258928571428571,0.8701923076923077,0.8717948717948718,0.8601694915254238,0.8638297872340426,0.8601694915254238,0.871244635193133,0.9116465863453815,0.8925233644859814,0.9366515837104072,0.9074889867841409,0.9011406844106464,0.9469387755102041,0.9036697247706422,0.9535864978902954,0.9812206572769953,0.9246231155778895,0.9661016949152542,0.9619047619047619,0.9570815450643777
0.9439252336448598,0.9656652360515021,0.961038961038961,0.978448275862069,0.9713114754098361,0.954954954954955,0.9354838709677419,0.9166666666666666,0.9356435643564357,0.8904109589041096,0.9169960474308301,0.9319148936170213,0.9022222222222223,0.86328125,0.8810572687224669,0.8553191489361702,0.868995633187773,0.8455284552845529,0.8181818181818182,0.8076923076923077,0.8287037037037037,0.8356807511737089,0.8235294117647058,0.8530805687203792,0.8245614035087719,0.8245614035087719,0.7916666666666666,0.8302752293577982,0.8653846153846154,0.8121827411167513,0.8240343347639485,0.8190045248868778,0.8271028037383178,0.8392857142857143,0.8391304347826087,0.8632075471698113,0.8577981651376146,0.8869565217391304,0.9043478260869565,0.9170731707317074,0.9210526315789473,0.960352422907489,0.91324200913242,0.9400921658986175,0.9234234234234234,0.9732142857142857,0.9511111111111111,0.9534883720930233,0.950207468879668,0.9464285714285714,0.9624413145539906,0.9537037037037037,0.9861111111111112,0.9318181818181818,0.9656652360515021,0.9497907949790795,0.9238095238095239,0.900398406374502,0.9285714285714286,0.9220183486238532,0.8873873873873874,0.8727272727272727,0.8518518518518519,0.8960396039603961,0.8378378378378378,0.88,0.8577235772357723,0.8403755868544601,0.8304347826086956,0.811965811965812,0.8008298755186722,0.8451882845188284,0.7863636363636364,0.8530612244897959,0.8372093023255814,0.8116591928251121,0.7616822429906542,0.7880184331797235,0.8495575221238938,0.8296943231441049,0.7946428571428571,0.8468468468468469,0.8738738738738738,0.8526785714285714,0.88,0.8578947368421053,0.8762376237623762,0.9078947368421053,0.8956521739130435,0.9310344827586207,0.9473684210526315,0.9047619047619048,0.9441624365482234,0.975,0.9623430962343096,0.9572649572649573,0.9426229508196722,0.9732620320855615,0.9818181818181818,0.9675925925925926
0.9646017699115044,0.9631336405529954,0.9583333333333334,0.9304347826086956,0.9279279279279279,0.9333333333333333,0.9590909090909091,0.9154929577464789,0.927710843373494,0.9375,0.8975409836065574,0.9336283185840708,0.9372384937238494,0.8493150684931506,0.851528384279476,0.8798076923076923,0.8240740740740741,0.855072463768116,0.8436018957345972,0.820627802690583,0.8119266055045872,0.8486238532110092,0.8051948051948052,0.8153153153153153,0.7723214285714286,0.8672199170124482,0.7954545454545454,0.8545454545454545,0.8258928571428571,0.8571428571428571,0.8663594470046083,0.8826086956521739,0.8490566037735849,0.8918918918918919,0.8057851239669421,0.8109452736318408,0.8755364806866953,0.9103139013452914,0.8760683760683761,0.8894472361809045,0.919047619047619,0.8974358974358975,0.9106382978723404,0.9372197309417041,0.9747899159663865,0.9307359307359307,0.9570815450643777,0.9230769230769231,0.9638009049773756,0.9596412556053812,0.9684684684684685,0.9624413145539906,0.9707112970711297,0.9569377990430622,0.9609756097560975,0.9449152542372882,0.9230769230769231,0.9570815450643777,0.9439252336448598,0.9212962962962963,0.8995633187772926,0.9120370370370371,0.8596491228070176,0.8583690987124464,0.8691588785046729,0.885593220338983,0.8333333333333334,0.8526785714285714,0.8646288209606987,0.8553191489361702,0.8362831858407079,0.7918552036199095,0.8628318584070797,0.8486238532110092,0.8266666666666667,0.7983539094650206,0.793859649122807,0.8208333333333333,0.8436213991769548,0.8771186440677966,0.8450704225352113,0.8532110091743119,0.8292682926829268,0.8161434977578476,0.8571428571428571,0.9137055837563451,0.8614718614718615,0.8978723404255319,0.8849557522123894,0.918918918918919,0.9065420560747663,0.9395348837209302,0.9166666666666666,0.9629629629629629,0.9484978540772532,0.9371980676328503,0.9556650246305419,0.9527896995708155,0.9563318777292577,0.9424778761061947
0.9583333333333334,0.9619047619047619,0.948936170212766,0.9586776859504132,0.9364406779661016,0.9513274336283186,0.9121338912133892,0.9652173913043478,0.9747474747474747,0.9493087557603687,0.9192825112107623,0.9130434782608695,0.907258064516129,0.8868778280542986,0.8936170212765957,0.8936170212765957,0.9078947368421053,0.8693693693693694,0.8373983739837398,0.8818181818181818,0.8149779735682819,0.8708333333333333,0.8095238095238095,0.7982456140350878,0.8973214285714286,0.8028169014084507,0.8669527896995708,0.8490566037735849,0.8431372549019608,0.8888888888888888,0.8303571428571429,0.8672566371681416,0.8528138528138528,0.8578199052132701,0.8831168831168831,0.8970588235294118,0.8893617021276595,0.9311926605504587,0.9095238095238095,0.9234449760765551,0.9173913043478261,0.9386792452830188,0.9124423963133641,0.9692982456140351,0.9158878504672897,0.9414414414414415,0.9339622641509434,0.9537037037037037,0.9493087557603687,0.9674418604651163,0.9624413145539906,0.9468599033816425,0.9675925925925926,0.9601769911504425,0.9673469387755103,0.9248826291079812,0.9324324324324325,0.9453781512605042,0.9743589743589743,0.8962264150943396,0.8859649122807017,0.9347826086956522,0.907563025210084,0.8888888888888888,0.915929203539823,0.8584905660377359,0.8652173913043478,0.867579908675799,0.8787878787878788,0.8507462686567164,0.8041666666666667,0.8056872037914692,0.8235294117647058,0.8142292490118577,0.8317307692307693,0.8090909090909091,0.8697674418604651,0.88,0.8127853881278538,0.8535353535353535,0.8020833333333334,0.8727272727272727,0.8995633187772926,0.8923076923076924,0.8198198198198198,0.8699551569506726,0.898936170212766,0.8725099601593626,0.9282700421940928,0.8909952606635071,0.9026548672566371,0.9514563106796117,0.9406392694063926,0.9527896995708155,0.9592760180995475,0.9760765550239234,0.9552238805970149,0.9594594594594594,0.9644444444444444,0.9682539682539683
0.9555555555555556,0.9344978165938864,0.9624413145539906,0.9753086419753086,0.9420289855072463,0.9615384615384616,0.9429824561403509,0.954954954954955,0.9302325581395349,0.9490740740740741,0.9333333333333333,0.9336099585062241,0.9022222222222223,0.9032258064516129,0.8836206896551724,0.8623853211009175,0.8706896551724138,0.8902439024390244,0.8651162790697674,0.895397489539749,0.8546255506607929,0.8551401869158879,0.8776595744680851,0.8018018018018018,0.861904761904762,0.8414634146341463,0.8898305084745762,0.85,0.8091286307053942,0.8571428571428571,0.8721461187214612,0.8949771689497716,0.8846153846153846,0.8761467889908257,0.8430493273542601,0.897196261682243,0.9102564102564102,0.9107981220657277,0.8772727272727273,0.880184331797235,0.926829268292683,0.8975609756097561,0.960352422907489,0.9424778761061947,0.9590909090909091,0.9324894514767933,0.9620253164556962,0.9504504504504504,0.9594594594594594,0.9539170506912442,0.9767441860465116,0.9423076923076923,0.9556650246305419,0.9343434343434344,0.9411764705882353,0.9315789473684211,0.9663461538461539,0.9158878504672897,0.9247787610619469,0.9652173913043478,0.8869565217391304,0.908256880733945,0.8970588235294118,0.8708133971291866,0.8733031674208145,0.8839285714285714,0.8669724770642202,0.8640776699029126,0.8541666666666666,0.8401639344262295,0.8686440677966102,0.8427947598253275,0.84,0.8973214285714286,0.8940092165898618,0.8625592417061612,0.8297872340425532,0.8616071428571429,0.8341013824884793,0.8795180722891566,0.8976744186046511,0.8807339449541285,0.8995633187772926,0.8626609442060086,0.9071729957805907,0.9012875536480687,0.897196261682243,0.8533333333333334,0.9049586776859504,0.9196428571428571,0.9212962962962963,0.9186991869918699,0.9477911646586346,0.9623430962343096,0.9560975609756097,0.966824644549763,0.9642857142857143,0.9573643410852714,0.9537815126050421,0.9475982532751092
0.9537815126050421,0.9621848739495799,0.963963963963964,0.9666666666666667,0.9295154185022027,0.9590909090909091,0.9732142857142857,0.9264705882352942,0.9437229437229437,0.9539748953974896,0.9170506912442397,0.9,0.9154929577464789,0.8959276018099548,0.9116279069767442,0.8805309734513275,0.8591549295774648,0.8488888888888889,0.8725490196078431,0.8672566371681416,0.8904109589041096,0.8695652173913043,0.8717948717948718,0.8341463414634146,0.8348623853211009,0.8934426229508197,0.890295358649789,0.8565737051792829,0.863849765258216,0.8571428571428571,0.8908296943231441,0.9223744292237442,0.8663793103448276,0.9047619047619048,0.92018779342723,0.8781512605042017,0.9070796460176991,0.8811881188118812,0.8829268292682927,0.9144144144144144,0.940677966101695,0.9041095890410958,0.9364406779661016,0.9512195121951219,0.9383886255924171,0.9558823529411765,0.948936170212766,0.9772727272727273,0.9733333333333334,0.9666666666666667,0.9725490196078431,0.9703389830508474,0.944,0.9454545454545454,0.9551569506726457,0.9317073170731708,0.9369747899159664,0.9414893617021277,0.9419642857142857,0.9609756097560975,0.9,0.8991228070175439,0.9039301310043668,0.8979591836734694,0.8811475409836066,0.8909090909090909,0.8983050847457628,0.8737864077669902,0.865979381443299,0.8484848484848485,0.8995433789954338,0.8828828828828829,0.8934010152284264,0.8878504672897196,0.8673469387755102,0.8771186440677966,0.8552036199095022,0.8719211822660099,0.863849765258216,0.9065420560747663,0.8770491803278688,0.8699551569506726,0.897196261682243,0.8842975206611571,0.9205607476635514,0.8908296943231441,0.8898678414096917,0.9273504273504274,0.9282511210762332,0.9454545454545454,0.92018779342723,0.9517543859649122,0.9207920792079208,0.9354838709677419,0.9644444444444444,0.9411764705882353,0.9441860465116279,0.9571428571428572,0.9723502304147466,0.9502262443438914
0.9805825242718447,0.961864406779661,0.9826086956521739,0.9601769911504425,0.9827586206896551,0.9527896995708155,0.9428571428571428,0.9444444444444444,0.9295154185022027,0.9452054794520548,0.9344978165938864,0.9051383399209486,0.9162995594713657,0.9136363636363637,0.8991228070175439,0.9043478260869565,0.9130434782608695,0.847926267281106,0.8826291079812206,0.9038461538461539,0.8917748917748918,0.8538812785388128,0.8644859813084113,0.8598130841121495,0.8796680497925311,0.861904761904762,0.8620689655172413,0.8401826484018264,0.8357487922705314,0.8899082568807339,0.905829596412556,0.8853211009174312,0.8761061946902655,0.8552036199095022,0.9195979899497487,0.9227272727272727,0.9151785714285714,0.937799043062201,0.9567307692307693,0.908695652173913,0.9077669902912622,0.9269406392694064,0.9295774647887324,0.9665071770334929,0.9598214285714286,0.9805825242718447,0.9601990049751243,0.9587155963302753,0.9592760180995475,0.9617021276595744,0.960352422907489,0.9872340425531915,0.950207468879668,0.9568965517241379,0.9555555555555556,0.9203539823008849,0.941908713692946,0.9656652360515021,0.9276018099547512,0.9110169491525424,0.9313304721030042,0.9315068493150684,0.8894230769230769,0.8936170212765957,0.9447004608294931,0.8883720930232558,0.9108910891089109,0.8730964467005076,0.8505747126436781,0.892018779342723,0.897119341563786,0.8847736625514403,0.8421052631578947,0.8858447488584474,0.8695652173913043,0.8947368421052632,0.9026548672566371,0.8409090909090909,0.8620689655172413,0.8739130434782608,0.8616071428571429,0.87,0.8602620087336245,0.8923766816143498,0.8894009216589862,0.9122807017543859,0.9116279069767442,0.8995433789954338,0.9622641509433962,0.9211822660098522,0.9203539823008849,0.9552238805970149,0.9273504273504274,0.954954954954955,0.9223300970873787,0.9483568075117371,0.9764150943396226,0.9457013574660633,0.9807692307692307,0.961038961038961
0.9426229508196722,0.9534883720930233,0.9504504504504504,0.9601769911504425,0.9698275862068966,0.9461883408071748,0.9615384615384616,0.954337899543379,0.9423076923076923,0.9383259911894273,0.9288702928870293,0.9112149532710281,0.9130434782608695,0.9214659685863874,0.9074889867841409,0.9436619718309859,0.9074074074074074,0.9267241379310345,0.9142857142857143,0.9134199134199135,0.9067796610169492,0.8755186721991701,0.8863636363636364,0.896551724137931,0.8853211009174312,0.9012875536480687,0.875,0.8947368421052632,0.8980582524271845,0.9012875536480687,0.899581589958159,0.9301310043668122,0.925764192139738,0.875,0.922077922077922,0.8917748917748918,0.9301310043668122,0.9154929577464789,0.8846153846153846,0.9299065420560748,0.9094827586206896,0.9313304721030042,0.9476190476190476,0.9541284403669725,0.9473684210526315,0.9223300970873787,0.9656652360515021,0.9455445544554455,0.9533898305084746,0.9724770642201835,0.9563318777292577,0.9626168224299065,0.9478260869565217,0.9626168224299065,0.9539170506912442,0.971830985915493,0.9571428571428572,0.9211822660098522,0.9347826086956522,0.9476190476190476,0.9234234234234234,0.9313304721030042,0.9358974358974359,0.9128630705394191,0.8893617021276595,0.9033816425120773,0.8985507246376812,0.9009433962264151,0.9126637554585153,0.8820960698689956,0.8958333333333334,0.885593220338983,0.9113924050632911,0.8831168831168831,0.883177570093458,0.8975609756097561,0.8842592592592593,0.9045226130653267,0.8942307692307693,0.8789237668161435,0.9117647058823529,0.9211822660098522,0.9230769230769231,0.9019607843137255,0.9027777777777778,0.9385245901639344,0.9061032863849765,0.9321266968325792,0.9130434782608695,0.8991228070175439,0.9326923076923077,0.9206349206349206,0.9606986899563319,0.9850746268656716,0.9669811320754716,0.9343434343434344,0.9724770642201835,0.9623430962343096,0.9417040358744395,0.9747899159663865
0.944206008583691,0.9437229437229437,0.9539748953974896,0.9478260869565217,0.9485981308411215,0.9411764705882353,0.9428571428571428,0.9570815450643777,0.9464285714285714,0.9252336448598131,0.9463414634146341,0.9627906976744186,0.9230769230769231,0.9429824561403509,0.9082969432314411,0.9120370370370371,0.9107981220657277,0.9174757281553398,0.8760683760683761,0.8899082568807339,0.9237668161434978,0.8888888888888888,0.8628318584070797,0.9111111111111111,0.8661087866108786,0.8849557522123894,0.9074889867841409,0.9026548672566371,0.8868778280542986,0.9004739336492891,0.9142857142857143,0.8975609756097561,0.9220183486238532,0.8409090909090909,0.9195979899497487,0.9124423963133641,0.9288702928870293,0.9155555555555556,0.947136563876652,0.927038626609442,0.9606986899563319,0.9065420560747663,0.9380530973451328,0.9483568075117371,0.9804878048780488,0.9466019417475728,0.9545454545454546,0.9525862068965517,0.9665071770334929,0.9723502304147466,0.9629629629629629,0.9856459330143541,0.9574468085106383,0.9672897196261683,0.9405940594059405,0.9282868525896414,0.9214876033057852,0.9353233830845771,0.9247787610619469,0.95260663507109,0.9205607476635514,0.9294605809128631,0.9417040358744395,0.9303482587064676,0.9364406779661016,0.92,0.9037656903765691,0.8739130434782608,0.9099099099099099,0.9071729957805907,0.8868778280542986,0.9170506912442397,0.9142857142857143,0.9061032863849765,0.8995215311004785,0.9307359307359307,0.8584070796460177,0.9181034482758621,0.8930232558139535,0.9144144144144144,0.8771186440677966,0.9327354260089686,0.9040404040404041,0.8755186721991701,0.9361702127659575,0.9388646288209607,0.9117647058823529,0.9279661016949152,0.948936170212766,0.9543568464730291,0.9107981220657277,0.9391304347826087,0.9302325581395349,0.9563106796116505,0.946078431372549,0.973568281938326,0.963302752293578,0.9490740740740741,0.978448275862069,0.9691629955947136
0.9608695652173913,0.972972972972973,0.968609865470852,0.9702127659574468,0.9409090909090909,0.9661016949152542,0.9363636363636364,0.9585253456221198,0.9607843137254902,0.9345794392523364,0.918552036199095,0.9405405405405406,0.9532710280373832,0.9188034188034188,0.9192825112107623,0.9227467811158798,0.935064935064935,0.8767123287671232,0.9213973799126638,0.93,0.8930232558139535,0.9481132075471698,0.8878048780487805,0.9004739336492891,0.9004524886877828,0.9154929577464789,0.9074889867841409,0.9186602870813397,0.905829596412556,0.8903508771929824,0.9203539823008849,0.9154929577464789,0.9282511210762332,0.9103139013452914,0.9590909090909091,0.9067796610169492,0.9551569506726457,0.9294605809128631,0.9285714285714286,0.92018779342723,0.9549180327868853,0.9588477366255144,0.9531914893617022,0.9447236180904522,0.9681818181818181,0.9327354260089686,0.965,0.9666666666666667,0.9591836734693877,0.9676113360323887,0.9601769911504425,0.958139534883721,0.9601769911504425,0.9646017699115044,0.9405405405405406,0.9534883720930233,0.9529914529914529,0.9471153846153846,0.956140350877193,0.946058091286307,0.976303317535545,0.9459459459459459,0.9209302325581395,0.9126637554585153,0.9047619047619048,0.926829268292683,0.9395348837209302,0.9313304721030042,0.9137055837563451,0.8879310344827587,0.9128630705394191,0.897196261682243,0.8917525773195877,0.9019607843137255,0.8893805309734514,0.9082125603864735,0.8847926267281107,0.8733031674208145,0.8859649122807017,0.9238095238095239,0.90625,0.9095022624434389,0.9090909090909091,0.9383886255924171,0.9457013574660633,0.9367088607594937,0.9227272727272727,0.9211822660098522,0.9245283018867925,0.9288888888888889,0.90625,0.9476190476190476,0.9154929577464789,0.9596412556053812,0.9513274336283186,0.9514563106796117,0.9636363636363636,0.9433962264150944,0.966824644549763,0.9537037037037037
0.9383886255924171,0.9608695652173913,0.9759615384615384,0.9700854700854701,0.972972972972973,0.9574468085106383,0.9629629629629629,0.9466019417475728,0.9220183486238532,0.9662447257383966,0.9377777777777778,0.9424778761061947,0.9665271966527197,0.943089430894309,0.9262672811059908,0.9261992619926199,0.9308755760368663,0.8854625550660793,0.9068627450980392,0.9012875536480687,0.9220183486238532,0.9128205128205128,0.9107981220657277,0.9052132701421801,0.9491525423728814,0.9315068493150684,0.907563025210084,0.8873873873873874,0.9372384937238494,0.8968609865470852,0.9363636363636364,0.9310344827586207,0.9261083743842364,0.9468599033816425,0.9322033898305084,0.9019607843137255,0.9441860465116279,0.9360730593607306,0.9304347826086956,0.9504504504504504,0.9587628865979382,0.9385245901639344,0.9436619718309859,0.9641025641025641,0.9775784753363229,0.9615384615384616,0.9714285714285714,0.9545454545454546,0.963963963963964,0.944954128440367,0.9696969696969697,0.954954954954955,0.9601769911504425,0.9464285714285714,0.958904109589041,0.957983193277311,0.9531914893617022,0.9383259911894273,0.922077922077922,0.9607843137254902,0.9304347826086956,0.9462809917355371,0.935064935064935,0.9317073170731708,0.9385964912280702,0.9142857142857143,0.9369747899159664,0.9120370370370371,0.9,0.9146919431279621,0.9555555555555556,0.919431279620853,0.9333333333333333,0.8927038626609443,0.8765957446808511,0.9057377049180327,0.9545454545454546,0.9380165289256198,0.8970588235294118,0.9523809523809523,0.8966942148760331,0.9198113207547169,0.9344978165938864,0.9353233830845771,0.9292035398230089,0.9478260869565217,0.9043478260869565,0.9617021276595744,0.9163179916317992,0.96875,0.9429824561403509,0.9575471698113207,0.9590909090909091,0.9531914893617022,0.9553571428571429,0.9617224880382775,0.9451476793248945,0.9513274336283186,0.9702127659574468,0.9450980392156862
0.961864406779661,0.9557522123893806,0.9516129032258065,0.9625,0.9661016949152542,0.9565217391304348,0.96875,0.9361702127659575,0.9406392694063926,0.9170305676855895,0.961038961038961,0.9449152542372882,0.955,0.9369369369369369,0.937984496124031,0.9321266968325792,0.9556650246305419,0.9122807017543859,0.922077922077922,0.9289099526066351,0.9254385964912281,0.9411764705882353,0.9302325581395349,0.9136363636363637,0.9253112033195021,0.9022222222222223,0.9045454545454545,0.9439252336448598,0.9537815126050421,0.9230769230769231,0.9074074074074074,0.9244444444444444,0.9380952380952381,0.9240506329113924,0.9238095238095239,0.9473684210526315,0.9203539823008849,0.9255813953488372,0.9615384615384616,0.9330543933054394,0.9389671361502347,0.9655172413793104,0.9583333333333334,0.9400921658986175,0.9540229885057471,0.9702127659574468,0.9711538461538461,0.9558823529411765,0.96,0.961864406779661,0.9587155963302753,0.9626168224299065,0.9834710743801653,0.9439252336448598,0.9800995024875622,0.9646017699115044,0.9380952380952381,0.968609865470852,0.9444444444444444,0.9571984435797666,0.9658536585365853,0.9565217391304348,0.9315068493150684,0.9291666666666667,0.9191489361702128,0.9515418502202643,0.9406392694063926,0.9423076923076923,0.9223744292237442,0.9436619718309859,0.9166666666666666,0.9227272727272727,0.9282296650717703,0.8918918918918919,0.9103139013452914,0.9205607476635514,0.9285714285714286,0.8811475409836066,0.9342723004694836,0.9136363636363637,0.9262672811059908,0.9163179916317992,0.9099099099099099,0.908256880733945,0.9192825112107623,0.9244444444444444,0.923728813559322,0.9310344827586207,0.9393939393939394,0.9583333333333334,0.9338842975206612,0.9390243902439024,0.972972972972973,0.9436619718309859,0.9473684210526315,0.954954954954955,0.9678899082568807,0.9644444444444444,0.9424778761061947,0.9414634146341463
0.9775784753363229,0.9789915966386554,0.9672131147540983,0.9519230769230769,0.9625,0.9464285714285714,0.9846938775510204,0.9392523364485982,0.9645669291338582,0.9466019417475728,0.9247787610619469,0.9647577092511013,0.9690265486725663,0.9452054794520548,0.9264069264069265,0.9631336405529954,0.9416666666666667,0.919047619047619,0.94,0.9282511210762332,0.893719806763285,0.9636363636363636,0.926829268292683,0.9513513513513514,0.933649289099526,0.9255813953488372,0.9234042553191489,0.9441860465116279,0.9537815126050421,0.9259259259259259,0.9458333333333333,0.943089430894309,0.9447004608294931,0.9144144144144144,0.9629629629629629,0.9495798319327731,0.9661016949152542,0.9213973799126638,0.9357798165137615,0.9585253456221198,0.9495798319327731,0.9572649572649573,0.9567307692307693,0.9506726457399103,0.9519650655021834,0.9519230769230769,0.958904109589041,0.9271255060728745,0.9411764705882353,0.9736842105263158,0.9563318777292577,0.9737991266375546,0.9808612440191388,0.955,0.9432314410480349,0.9447004608294931,0.9487179487179487,0.9342723004694836,0.9403669724770642,0.9418604651162791,0.9601990049751243,0.9537037037037037,0.9353233830845771,0.9122807017543859,0.9344978165938864,0.963302752293578,0.9537037037037037,0.9032258064516129,0.9487179487179487,0.9230769230769231,0.9359605911330049,0.9170731707317074,0.9652173913043478,0.9154929577464789,0.9444444444444444,0.9230769230769231,0.9333333333333333,0.9069767441860465,0.9216589861751152,0.9223300970873787,0.9047619047619048,0.9227272727272727,0.9259259259259259,0.9358974358974359,0.9803149606299213,0.9478672985781991,0.9041095890410958,0.9345794392523364,0.9723502304147466,0.9375,0.9535864978902954,0.9723502304147466,0.9493670886075949,0.9449152542372882,0.9555555555555556,0.961864406779661,0.9714285714285714,0.9382716049382716,0.9680365296803652,0.9868421052631579
0.9304347826086956,0.9666666666666667,0.971830985915493,0.9464285714285714,0.9583333333333334,0.9583333333333334,0.966804979253112,0.9609756097560975,0.9285714285714286,0.9720930232558139,0.945273631840796,0.9551569506726457,0.9285714285714286,0.9428571428571428,0.9710144927536232,0.9339622641509434,0.9383259911894273,0.9547511312217195,0.916256157635468,0.9481132075471698,0.9301310043668122,0.9583333333333334,0.9267241379310345,0.9166666666666666,0.9230769230769231,0.9395348837209302,0.9574468085106383,0.9194915254237288,0.9194915254237288,0.9354838709677419,0.9464285714285714,0.9617021276595744,0.9458333333333333,0.9813084112149533,0.9360730593607306,0.9420289855072463,0.9299065420560748,0.9513274336283186,0.9644444444444444,0.9663865546218487,0.9346733668341709,0.9601990049751243,0.9608695652173913,0.9663865546218487,0.9478672985781991,0.9348837209302325,0.958904109589041,0.9605263157894737,0.9555555555555556,0.9517543859649122,0.9733333333333334,0.9605263157894737,0.971830985915493,0.972972972972973,0.961352657004831,0.9441624365482234,0.9782608695652174,0.9695431472081218,0.9674418604651163,0.9466666666666667,0.9436619718309859,0.9624413145539906,0.9358974358974359,0.9681818181818181,0.9556650246305419,0.9365853658536586,0.9473684210526315,0.9409090909090909,0.9511111111111111,0.9464285714285714,0.9506726457399103,0.9439252336448598,0.9380952380952381,0.9425837320574163,0.9437229437229437,0.9238095238095239,0.9563318777292577,0.9464285714285714,0.9380165289256198,0.9327731092436975,0.973568281938326,0.9469026548672567,0.9473684210526315,0.9251101321585903,0.9568965517241379,0.9483568075117371,0.9432989690721649,0.975609756097561,0.9423076923076923,0.9508928571428571,0.9577464788732394,0.9425837320574163,0.9642857142857143,0.9627906976744186,0.9491525423728814,0.9463414634146341,0.9615384615384616,0.9651741293532339,0.9861751152073732,0.9690721649484536
0.9620253164556962,0.9409090909090909,0.9786324786324786,0.9786324786324786,0.9601769911504425,0.9609756097560975,0.9563106796116505,0.9655172413793104,0.948051948051948,0.9575471698113207,0.9622641509433962,0.947136563876652,0.961352657004831,0.9504504504504504,0.9619047619047619,0.912621359223301,0.9507389162561576,0.9347826086956522,0.9396984924623115,0.9523809523809523,0.9261083743842364,0.9530516431924883,0.9282296650717703,0.9227272727272727,0.9621848739495799,0.935,0.9488188976377953,0.9436619718309859,0.9377593360995851,0.9170731707317074,0.9439252336448598,0.9462809917355371,0.9583333333333334,0.9365853658536586,0.9517543859649122,0.9506726457399103,0.9399141630901288,0.9590909090909091,0.9751243781094527,0.9298245614035088,0.941747572815534,0.9571428571428572,0.9475982532751092,0.9545454545454546,0.9465020576131687,0.9502487562189055,0.9478672985781991,0.9555555555555556,0.9324324324324325,0.961864406779661,0.9515418502202643,0.958139534883721,0.9570815450643777,0.9666666666666667,0.9577464788732394,0.9637096774193549,0.974025974025974,0.9406392694063926,0.9719626168224299,0.9539170506912442,0.9765258215962441,0.9357798165137615,0.9121951219512195,0.9517543859649122,0.9585062240663901,0.95,0.9470899470899471,0.9409282700421941,0.9292035398230089,0.9437229437229437,0.9326424870466321,0.9087136929460581,0.9649122807017544,0.926605504587156,0.9386792452830188,0.9423868312757202,0.960352422907489,0.9322033898305084,0.9464285714285714,0.9674418604651163,0.9565217391304348,0.9388646288209607,0.9477911646586346,0.9581589958158996,0.9220183486238532,0.9488372093023256,0.9535864978902954,0.9299065420560748,0.9302325581395349,0.9425837320574163,0.9437229437229437,0.9404255319148936,0.9565217391304348,0.9485981308411215,0.9656652360515021,0.9572649572649573,0.9762845849802372,0.9770642201834863,0.9502487562189055,0.9482758620689655
0.9530516431924883,0.9615384615384616,0.9716981132075472,0.9444444444444444,0.9758454106280193,0.9732142857142857,0.9504504504504504,0.9619047619047619,0.9730941704035875,0.9669811320754716,0.9530516431924883,0.959349593495935,0.960352422907489,0.967741935483871,0.9641434262948207,0.9642857142857143,0.9531914893617022,0.9385964912280702,0.948051948051948,0.9612068965517241,0.9497716894977168,0.9519650655021834,0.9452054794520548,0.9142857142857143,0.948051948051948,0.9396551724137931,0.9710743801652892,0.9295154185022027,0.9516908212560387,0.9223744292237442,0.9289099526066351,0.9354838709677419,0.9502487562189055,0.9495798319327731,0.9471153846153846,0.954337899543379,0.9513274336283186,0.9641255605381166,0.9170305676855895,0.9543147208121827,0.9432314410480349,0.9530516431924883,0.9684684684684685,0.9473684210526315,0.9387755102040817,0.9911111111111112,0.9592760180995475,0.9541284403669725,0.9305555555555556,0.9545454545454546,0.9541284403669725,0.9613733905579399,0.9727272727272728,0.9419642857142857,0.9255813953488372,0.9473684210526315,0.9606986899563319,0.941747572815534,0.9655172413793104,0.9711538461538461,0.957345971563981,0.9742489270386266,0.9658536585365853,0.9719626168224299,0.9484978540772532,0.9684684684684685,0.8866396761133604,0.9466666666666667,0.9663461538461539,0.950207468879668,0.9360730593607306,0.9557522123893806,0.9515418502202643,0.9380952380952381,0.9377777777777778,0.9663461538461539,0.9572649572649573,0.9338842975206612,0.9452054794520548,0.941908713692946,0.9757085020242915,0.9473684210526315,0.9669811320754716,0.9403669724770642,0.944954128440367,0.9803921568627451,0.9722222222222222,0.9594594594594594,0.944954128440367,0.9696969696969697,0.9513274336283186,0.9528301886792453,0.9574468085106383,0.9590909090909091,0.9306122448979591,0.9459459459459459,0.9383259911894273,0.9713114754098361,0.9351851851851852,0.970873786407767
0.9434782608695652,0.9734513274336283,0.9653679653679653,0.9674418604651163,0.9641025641025641,0.9635627530364372,0.9712918660287081,0.9432314410480349,0.9545454545454546,0.9437229437229437,0.9419642857142857,0.9485981308411215,0.9439655172413793,0.9227272727272727,0.935064935064935,0.9604743083003953,0.9461883408071748,0.9808612440191388,0.9714285714285714,0.9523809523809523,0.9491525423728814,0.966824644549763,0.9743589743589743,0.9452054794520548,0.9629629629629629,0.9552238805970149,0.905982905982906,0.9330357142857143,0.9414225941422594,0.9357798165137615,0.9688888888888889,0.933920704845815,0.9442231075697212,0.95,0.9427312775330396,0.9401709401709402,0.9439655172413793,0.9558232931726908,0.9432314410480349,0.9555555555555556,0.9545454545454546,0.91324200913242,0.9513274336283186,0.9663865546218487,0.946058091286307,0.9722222222222222,0.9310344827586207,0.9547511312217195,0.9489795918367347,0.972972972972973,0.9659574468085106,0.9692982456140351,0.9665071770334929,0.9746192893401016,0.9583333333333334,0.961038961038961,0.9590909090909091,0.9568965517241379,0.960352422907489,0.9567307692307693,0.9504132231404959,0.9462809917355371,0.9704433497536946,0.9578059071729957,0.9396984924623115,0.9817351598173516,0.9543147208121827,0.9553571428571429,0.9468599033816425,0.9634703196347032,0.9523809523809523,0.9504504504504504,0.9620253164556962,0.9695431472081218,0.9611650485436893,0.972972972972973,0.9369747899159664,0.9594594594594594,0.9627906976744186,0.9553571428571429,0.9468599033816425,0.9419642857142857,0.9478672985781991,0.9655172413793104,0.9392523364485982,0.9551569506726457,0.9737991266375546,0.9508196721311475,0.9778761061946902,0.9672897196261683,0.9245283018867925,0.9649122807017544,0.9519650655021834,0.9535864978902954,0.9646464646464646,0.9594594594594594,0.979381443298969,0.9495412844036697,0.9858490566037735,0.9774774774774775
0.9485981308411215,0.95260663507109,0.9567307692307693,0.9475982532751092,0.9765258215962441,0.958139534883721,0.965,0.9692982456140351,0.9576271186440678,0.9781659388646288,0.9435483870967742,0.9655172413793104,0.9444444444444444,0.9436619718309859,0.9627906976744186,0.9227053140096618,0.9363636363636364,0.9641255605381166,0.9380952380952381,0.9502262443438914,0.9690265486725663,0.9577464788732394,0.9452054794520548,0.948051948051948,0.9510204081632653,0.9541284403669725,0.9627906976744186,0.9426229508196722,0.9427312775330396,0.9611650485436893,0.960352422907489,0.9653679653679653,0.9684684684684685,0.976303317535545,0.948936170212766,0.9692982456140351,0.9417040358744395,0.9785407725321889,0.9567099567099567,0.9829787234042553,0.948051948051948,0.9694323144104804,0.9523809523809523,0.9462809917355371,0.9728506787330317,0.9583333333333334,0.9647577092511013,0.9768518518518519,0.9596412556053812,0.9716981132075472,0.9403669724770642,0.9469026548672567,0.9585253456221198,0.954337899543379,0.9469026548672567,0.9533898305084746,0.9575471698113207,0.9359605911330049,0.9715639810426541,0.9716981132075472,0.9446808510638298,0.9574468085106383,0.948936170212766,0.9790794979079498,0.9464285714285714,0.9715639810426541,0.9547511312217195,0.9380530973451328,0.9452054794520548,0.9683257918552036,0.9557522123893806,0.9578059071729957,0.9490740740740741,0.9742489270386266,0.9636363636363636,0.9608695652173913,0.9537037037037037,0.9591836734693877,0.941908713692946,0.9409282700421941,0.9617021276595744,0.9855072463768116,0.9436619718309859,0.9680365296803652,0.9650655021834061,0.9518072289156626,0.9377777777777778,0.9787234042553191,0.9606986899563319,0.963963963963964,0.9532710280373832,0.9571428571428572,0.954337899543379,0.9515418502202643,0.9455445544554455,0.9607843137254902,0.9702127659574468,0.9620253164556962,0.963265306122449,0.9702127659574468
0.96875,0.9770642201834863,0.946078431372549,0.963302752293578,0.9551569506726457,0.9429824561403509,0.9609756097560975,0.9377777777777778,0.976303317535545,0.9712918660287081,0.9619047619047619,0.9572649572649573,0.9607843137254902,0.9400921658986175,0.943127962085308,0.9515418502202643,0.9432314410480349,0.9662447257383966,0.9539170506912442,0.9478260869565217,0.9585492227979274,0.9653679653679653,0.9495798319327731,0.9644444444444444,0.9629629629629629,0.9656862745098039,0.9713114754098361,0.976303317535545,0.952,0.941747572815534,0.9532710280373832,0.9718875502008032,0.9596412556053812,0.9563318777292577,0.9634703196347032,0.9506726457399103,0.9908256880733946,0.96,0.9530516431924883,0.9357798165137615,0.9375,0.973568281938326,0.9717741935483871,0.9641434262948207,0.9676113360323887,0.9403669724770642,0.9592760180995475,0.9490740740740741,0.9587155963302753,0.9727272727272728,0.95,0.944206008583691,0.9380530973451328,0.9646017699115044,0.9902912621359223,0.9551569506726457,0.9425287356321839,0.9512195121951219,0.9626168224299065,0.9711934156378601,0.96875,0.9649122807017544,0.9734513274336283,0.954954954954955,0.9515418502202643,0.9574468085106383,0.961864406779661,0.99,0.9565217391304348,0.9571984435797666,0.9577464788732394,0.9557522123893806,0.9674418604651163,0.9508928571428571,0.9521739130434783,0.9680365296803652,0.9516908212560387,0.961352657004831,0.9411764705882353,0.9459459459459459,0.9801980198019802,0.9512195121951219,0.9605263157894737,0.9532710280373832,0.9712918660287081,0.9383886255924171,0.9813084112149533,0.9629629629629629,0.9330357142857143,0.9638009049773756,0.9414225941422594,0.9641255605381166,0.9776785714285714,0.9371980676328503,0.9698275862068966,0.9711934156378601,0.9649122807017544,0.9574468085106383,0.9587155963302753,0.9478672985781991
0.9436619718309859,0.9688888888888889,0.9698492462311558,0.9712918660287081,0.9743589743589743,0.9424778761061947,0.9567567567567568,0.9772727272727273,0.9441860465116279,0.9631147540983607,0.9671361502347418,0.951417004048583,0.9821428571428571,0.9629629629629629,0.9772727272727273,0.9478672985781991,0.9257425742574258,0.9495798319327731,0.9743589743589743,0.9360730593607306,0.9530516431924883,0.9603960396039604,0.9644670050761421,0.9832635983263598,0.9515418502202643,0.9315068493150684,0.9452054794520548,0.9585062240663901,0.9349593495934959,0.9517543859649122,0.9655172413793104,0.9716981132075472,0.9586776859504132,0.949238578680203,0.933920704845815,0.9321266968325792,0.9789029535864979,0.9578059071729957,0.9665271966527197,0.982532751091703,0.9817351598173516,0.9491525423728814,0.9354838709677419,0.9511111111111111,0.9429824561403509,0.9459459459459459,0.9559471365638766,0.9495412844036697,0.948936170212766,0.9262672811059908,0.9823788546255506,0.961038961038961,0.9565217391304348,0.9675925925925926,0.9702970297029703,0.9736842105263158,0.957345971563981,0.9506172839506173,0.9644444444444444,0.9787234042553191,0.9620853080568721,0.9444444444444444,0.960352422907489,0.9674418604651163,0.971830985915493,0.9581589958158996,0.9469026548672567,0.9490740740740741,0.933920704845815,0.9565217391304348,0.9572649572649573,0.9528301886792453,0.9528301886792453,0.9527896995708155,0.963963963963964,0.9466019417475728,0.9531914893617022,0.9656652360515021,0.9502262443438914,0.9514563106796117,0.9539170506912442,0.9642857142857143,0.9678899082568807,0.9523809523809523,0.9601990049751243,0.9452054794520548,0.9585253456221198,0.9459459459459459,0.9541284403669725,0.9569377990430622,0.946058091286307,0.98,0.9393939393939394,0.9671361502347418,0.9495798319327731,0.944954128440367,0.9392523364485982,0.9497716894977168,0.9592760180995475,0.9585062240663901
0.9795918367346939,0.9504504504504504,0.9663461538461539,0.9666666666666667,0.9629629629629629,0.9396984924623115,0.9398148148148148,0.9670781893004116,0.9666666666666667,0.9609756097560975,0.9658119658119658,0.9567307692307693,0.960352422907489,0.9568965517241379,0.9406392694063926,0.9555555555555556,0.954954954954955,0.9436619718309859,0.9426229508196722,0.9615384615384616,0.9556650246305419,0.9533898305084746,0.9669811320754716,0.9551569506726457,0.9864864864864865,0.9627906976744186,0.920704845814978,0.9617021276595744,0.9726027397260274,0.9295154185022027,0.9585253456221198,0.9678899082568807,0.9594594594594594,0.958904109589041,0.9315068493150684,0.9504504504504504,0.9768518518518519,0.9710144927536232,0.9403669724770642,0.9817351598173516,0.9823008849557522,0.96,0.9594594594594594,0.9590163934426229,0.9672897196261683,0.9829059829059829,0.9627906976744186,0.9385964912280702,0.9560975609756097,0.9743589743589743,0.9598214285714286,0.9392523364485982,0.9745762711864406,0.9574468085106383,0.9696969696969697,0.9638009049773756,0.9649122807017544,0.9672131147540983,0.9537815126050421,0.957983193277311,0.9736842105263158,0.9502487562189055,0.9615384615384616,0.9395161290322581,0.9701492537313433,0.9414414414414415,0.9196428571428571,0.9567307692307693,0.9493087557603687,0.9658119658119658,0.9554655870445344,0.9743589743589743,0.9392712550607287,0.9572649572649573,0.9476190476190476,0.9416666666666667,0.951417004048583,0.9316239316239316,0.9675925925925926,0.9653679653679653,0.9583333333333334,0.9817351598173516,0.9656652360515021,0.9617021276595744,0.949238578680203,0.9766355140186916,0.9601990049751243,0.9694323144104804,0.9574468085106383,0.9521739130434783,0.9596412556053812,0.9521531100478469,0.9459459459459459,0.9953488372093023,0.9473684210526315,0.9598393574297188,0.9694323144104804,0.9644444444444444,0.9604743083003953,0.9698492462311558
