0.9580388692579506,0.9535252777148039,0.9594835262689225,0.9591094956837801,0.9612059410330304,0.9590257227407238,0.9525718102872411,0.9521348314606741,0.9559029398040131,0.9533065236818588,0.9567652329749103,0.956343792633015,0.9560931899641577,0.9493927125506073,0.9567775514822358,0.9526920477585041,0.9511970534069981,0.9589164785553047,0.9560044893378227,0.9549071618037135,0.9567042191296664,0.9551971326164874,0.9610567069004783,0.9547727272727272,0.959040506902014,0.9620395327942498,0.9577981651376147,0.9568769859282796,0.9618577518510208,0.9552872792309413,0.9559322033898305,0.9510758776896943,0.9534358047016275,0.9579041648007165,0.9574611748818366,0.9541828128561659,0.9629713253556107,0.9505191075767616,0.957845950121386,0.9594835262689225,0.9584635998213488,0.9573951434878587,0.9534776600644864,0.9577205882352942,0.9606033318325079,0.9563386524822695,0.956298773690078,0.9570321151716501,0.9503766061143111,0.9538840385045892,0.961590909090909,0.9578354002254792,0.9580797836375929,0.952019638473555,0.9541846223633477,0.9556423810618249,0.954555993507999,0.9529914529914529,0.9536645132546224,0.9516820952811018,0.9565711687130514,0.9586363636363636,0.9618528610354223,0.9596959926301244,0.9586031452358927,0.9543057996485061,0.95141065830721,0.9592391304347826,0.9608196352172934,0.9528688524590164,0.9551907719609583,0.9549036777583187,0.9567350579839429,0.961635653572249,0.9547109695038689,0.9581765877406506,0.951471579420355,0.9543691535477983,0.9551599819738621,0.9582309582309583,0.9579626334519573,0.9561977873109054,0.9561562925942754,0.9586551567469332,0.9530607830413151,0.9564827276805743,0.9558689717925387,0.9528936742934051,0.9560735096369342,0.960152227445713,0.9545245751033532,0.9519165343615332,0.9522657281126264,0.9575824175824176,0.9559762773722628,0.9482415394824154,0.9549942594718714,0.9558134345012274,0.9558993304086816,0.9488403819918144
0.956193017567267,0.9541592128801432,0.9535040431266847,0.9566326530612245,0.9548048390778361,0.9570295284266197,0.9517853081646577,0.9592434136455753,0.958119848518601,0.94627539503386,0.9594440647072227,0.9571171980242479,0.9516307965387175,0.9539995467935645,0.9506034868126956,0.9557019536574285,0.9623859336746049,0.9578632281832834,0.9553137300300996,0.9536827835517397,0.9572993516655488,0.9572706935123042,0.9581093189964157,0.9550536162445813,0.9539252963542831,0.9568425760286225,0.9568851737791465,0.9611898675342784,0.9577559231113097,0.9526799730881363,0.9504094631483166,0.9479333181091574,0.9532110091743119,0.9549448073890516,0.95581237253569,0.9552872792309413,0.9555811277330265,0.9566876122082585,0.9532997149747863,0.9555014390081913,0.9538564422648239,0.9547370756600844,0.9570110285842899,0.9576991942703671,0.9467203940004477,0.9538840385045892,0.9528301886792453,0.959706144256456,0.9502018842530283,0.9554692852249372,0.9478999311452835,0.9538496687228696,0.95483288166215,0.9580559254327563,0.9506089309878214,0.9533655961284646,0.9558453443148021,0.9510881759030738,0.9518752824220515,0.9551839464882943,0.956394035246272,0.9512972234865726,0.9568661971830986,0.9544740973312402,0.9586569209684788,0.9622144112478032,0.9545960382817716,0.9618424023481599,0.9546377792823291,0.9566007725516928,0.9568636261514266,0.9569334836527621,0.9575361642557163,0.956021650879567,0.9521640091116174,0.9572155411655874,0.9574324324324325,0.9622939715511402,0.9559804357492219,0.9606436181778647,0.95471614755909,0.958983504235399,0.9558856129461317,0.9534308211473566,0.9573652154297315,0.9590919307709598,0.9561743894088107,0.9556106354213609,0.9508014247551202,0.9555249885373682,0.9506172839506173,0.9591649460885524,0.9540437035368327,0.9539918809201624,0.9507010402532791,0.9536140508894393,0.9551770506499327,0.9524023349797934,0.9529620590193033,0.9560612888688599
0.9517964740013389,0.9506281683932114,0.9586407332886207,0.9529489728296885,0.9503244573730141,0.9538325601943892,0.9503672379256621,0.9494216375595373,0.9516423357664233,0.9555700043346337,0.9494674824382506,0.9518400726942299,0.9542614904060687,0.95059244355019,0.9545454545454546,0.9506666666666667,0.9531425996846137,0.956029011786038,0.9522651933701658,0.956821722679724,0.9559118236472945,0.9534779691344218,0.9608154020385051,0.9570175438596491,0.9532438478747204,0.9585838343353373,0.9581081081081081,0.9561655966349347,0.9527983816587997,0.9549180327868853,0.9550587172538392,0.952794477844578,0.9585211902614968,0.9497465285430902,0.9596027984653577,0.9489887640449438,0.9522394881170019,0.9561762034514079,0.9567187854067528,0.9538080216313655,0.9540886249428963,0.958018658374056,0.9551839464882943,0.952019638473555,0.9516918967052538,0.9508009153318078,0.9542053956019043,0.9592298980747452,0.9553469200824365,0.956442417331813,0.9502332814930016,0.9486770072992701,0.9487236901030004,0.9487815884476535,0.9477066253046754,0.9520578923563998,0.9581740499212953,0.9500671742051052,0.9486830154405086,0.9557019536574285,0.9538885065381968,0.9489704565801254,0.9506978838361099,0.9483870967741935,0.9537494387067804,0.952977367611514,0.9600621255824273,0.9512139257901969,0.9568927789934355,0.9560439560439561,0.956186701893439,0.9626082991336069,0.9555902700290114,0.9553671055567954,0.9543568464730291,0.9586066500791676,0.9501683501683502,0.9517089305402425,0.9559762773722628,0.9597151123970621,0.9566292134831461,0.9583054626532888,0.9510092991608075,0.9597135183527306,0.9564734621363535,0.9633543165467626,0.9546813894639982,0.9518584863412449,0.9566795191653437,0.9501486393780014,0.9519945909398242,0.949810394824894,0.9508160071540354,0.9576213260423787,0.9501578709968426,0.9534614494095855,0.9505643340857788,0.9510953750829829,0.9543317662860981,0.9498305084745763
0.9457804984696109,0.942626624831914,0.9444075304540421,0.9452292979787003,0.9420983892033087,0.9489132870266637,0.9431616341030196,0.9511013215859031,0.9478597449908925,0.9521348314606741,0.9527771531369462,0.9488206497552292,0.9487870619946092,0.9454082812861438,0.9507214206437292,0.9530580004513654,0.9544444444444444,0.9504973398103169,0.9523274117382505,0.9575502984744638,0.9518099045081057,0.9489887640449438,0.9535931516107231,0.9622177509501453,0.9484442425618896,0.9510119595216191,0.9546076642335767,0.9526291931097008,0.9571081140835729,0.9520162198693399,0.9491220171094101,0.9538737124944021,0.9481121660410686,0.9503710575139147,0.9499214013024927,0.952262443438914,0.9481513891927368,0.9535040431266847,0.9528487229862476,0.9496386630532972,0.949809545149003,0.94979738856371,0.9476810600868174,0.947403314917127,0.9538037232820041,0.9565217391304348,0.9486773683020574,0.9424036281179138,0.9416909620991254,0.9482913669064749,0.9431640187961513,0.9465934065934066,0.941738734638143,0.9499660402988453,0.946726862302483,0.9447513812154696,0.9456375838926174,0.9518208550101787,0.9504151291512916,0.9510552312528064,0.9502611855553033,0.9450202794051374,0.9484466456551103,0.9494609164420486,0.9465802413947251,0.9528069783046298,0.9486425339366515,0.9548992673992674,0.9481582537517054,0.9540281187234992,0.9519710013593112,0.9513193812556869,0.9499886337804047,0.952537903757416,0.9546875,0.9529837251356239,0.9560018050541517,0.9587266739846323,0.9506283662477558,0.952791647753064,0.9510869565217391,0.951115116017121,0.9516407599309153,0.950620067643743,0.9470970634386908,0.9501691093573844,0.947105561861521,0.9492328519855595,0.9479031560743623,0.952901023890785,0.9520781285487168,0.9519362186788155,0.9509694673501226,0.9484793463458919,0.9400091240875912,0.95224016374801,0.948780487804878,0.9372767857142857,0.9493057086180295,0.951165371809101
0.9387572641931158,0.9462726662189389,0.9308608058608059,0.9381040036815462,0.9432749833813427,0.9405673120216119,0.9338218965134355,0.9486766398158804,0.9511415525114155,0.9325506445672191,0.9418737178025985,0.9480812641083521,0.9464742843844542,0.9419602529358627,0.941617096276713,0.9463162623539982,0.949419002050581,0.9480578139114725,0.9429203539823009,0.9483621474067334,0.951832219405393,0.9474729640256014,0.9466216216216217,0.9473089099954771,0.9502465262214254,0.9453106818710728,0.952938527358703,0.9510027347310848,0.9426360118370134,0.9531111111111111,0.9419693854238063,0.9509561304836895,0.9483973630370539,0.94880174291939,0.9522853957636567,0.9493220715714603,0.9483310470964792,0.9517348754448398,0.9453627180899908,0.9441807909604519,0.9396810723364918,0.9479284582295676,0.9505292222733548,0.9370454545454545,0.9431564868479715,0.9363949483352468,0.9417693169092946,0.9418657052726453,0.9388345195729537,0.9415599011013711,0.9413253566497929,0.9430449069003286,0.9408469639256106,0.939668859151735,0.9430167597765363,0.9443447037701975,0.9416610999777333,0.9392595876745733,0.9410456062291435,0.9419496166484118,0.9448291266473084,0.948069541657259,0.9459459459459459,0.9474504564684926,0.9458030403172505,0.9463558171118153,0.9457804984696109,0.9482053611994548,0.9453214367421643,0.9502454261490406,0.9479407681628875,0.9494279176201373,0.9465821638750566,0.9530751708428246,0.9495628782784129,0.9453383292924841,0.9506390480387836,0.9514519056261344,0.9494485294117647,0.944743935309973,0.947654656696125,0.949393176093428,0.9496080627099664,0.955293027565439,0.9493474894934749,0.9443049532070303,0.9488953358625307,0.9490646833446023,0.9454249883882954,0.9461310203149966,0.9482222222222222,0.9453551912568307,0.9438752783964365,0.9414123412786812,0.9424269264836138,0.9383348174532502,0.938700823421775,0.9404924760601915,0.9450088339222615,0.9409510930809105
0.9302325581395349,0.9322654462242563,0.9324744557974234,0.9352118926114932,0.9256012587098225,0.9338842975206612,0.9353123615418697,0.9368492530556813,0.934377838328792,0.9267580319029431,0.9393665158371041,0.9366445916114791,0.9340044742729307,0.9376989540700318,0.9454094292803971,0.936844505243958,0.9446560609455523,0.9449809117448911,0.9413087474702047,0.9423076923076923,0.9490909090909091,0.9495515695067265,0.9447066756574511,0.9487008660892738,0.9480548684506409,0.9471571906354515,0.9452234881682734,0.9469185784975259,0.9405742265746717,0.9484029484029484,0.9430212014134276,0.944858757062147,0.9396209784045835,0.9389884327511907,0.94002665482008,0.9431438127090301,0.9457364341085271,0.9354264083723002,0.9385200089425442,0.9336440301819796,0.9306839186691312,0.9372627818709534,0.941426335792533,0.9314298561151079,0.9280973451327433,0.9372877518677836,0.9323496027241771,0.9340309372156506,0.9285714285714286,0.9347434743474348,0.9276947110020085,0.93710407239819,0.9304776855797264,0.9297809889365545,0.9394074404098909,0.9322377307519135,0.9389435170363595,0.9366165070679434,0.9362843729040912,0.9332730151549423,0.9423586572438163,0.9403383793410508,0.9422342099348168,0.9397727272727273,0.9365261228230981,0.9440478931614091,0.9430451554345359,0.9417297545308557,0.9461077844311377,0.9455511288180611,0.9451714801444043,0.9415837299870186,0.9395604395604396,0.9378895814781835,0.9505084745762712,0.9438891412994094,0.9478397134542198,0.9472350230414747,0.9462053571428571,0.9466019417475728,0.9416075108770323,0.9484029484029484,0.9456179775280898,0.9412559081701553,0.9430075532158388,0.9406874859582116,0.9398326170549649,0.9291583388851876,0.9372432679141944,0.9353222500569346,0.9384580703336339,0.9277080957810718,0.9354622599374721,0.9362612612612613,0.9409858828974774,0.9316825116073403,0.9371284865112025,0.9233519553072626,0.9290336978353047,0.9244815148782687
0.9225159525979946,0.9171111111111111,0.9264542010251838,0.9218025182239894,0.921380846325167,0.9205596930715414,0.925100312082033,0.9242119382964453,0.9276285844333182,0.9290811775200714,0.9390713476783692,0.9321317311971518,0.9352941176470588,0.9346597332127515,0.9297848244620611,0.932601880877743,0.9346273984828202,0.9350766456266907,0.9373571101966164,0.9430508474576271,0.9397424103035878,0.9433252158512286,0.9464127546501329,0.9382547277284119,0.9463056447911886,0.9369127516778524,0.9385743754297502,0.9363555158552925,0.9442003514938488,0.9390896921017403,0.9430155210643015,0.9377574370709382,0.935595567867036,0.9367588932806324,0.9400089206066012,0.9362788632326821,0.933392148213498,0.9323076923076923,0.9372024484243936,0.9254644313547803,0.9366132723112128,0.9270693512304251,0.9306177260519248,0.9212148892441197,0.9226019845644984,0.9236794986571173,0.9272408503177734,0.9219666215606676,0.9165347206514364,0.9252294604880232,0.9180803571428572,0.923196448390677,0.9299707273136681,0.9244444444444444,0.9175327609579756,0.9243827160493827,0.9224544841537424,0.9223476297968397,0.9317007414064256,0.932963476652797,0.9319148936170213,0.927219468228932,0.9306000916170407,0.9349299593312246,0.9253083599817268,0.9319758335198031,0.9350940017905103,0.9374130737134909,0.9411371237458194,0.9392491467576792,0.9346882849965745,0.9388825541619156,0.9403314917127071,0.9424119241192412,0.9431345353675451,0.9413309982486865,0.946284691136974,0.9368898978433599,0.9349125525791454,0.9363143631436315,0.9415510575392313,0.9404017857142857,0.9334964412811388,0.937728102189781,0.9406548431105047,0.933468651330627,0.9327188940092166,0.9351914797190121,0.9251887439945092,0.9334379202151502,0.9332713322483144,0.9354838709677419,0.9259091935848204,0.9197195838986884,0.9294478527607362,0.928964152188256,0.9204954954954955,0.9231468849477035,0.9277904328018223,0.9208746618575293
0.9108978752570254,0.9110065007845775,0.9055135615829257,0.9096615108720018,0.9150752639856212,0.9199646252487287,0.9110663082437276,0.9161388949552304,0.9209645010046885,0.9220316328803743,0.9182445979059924,0.9281830539193475,0.9251049930004667,0.9168161434977579,0.9242086491306286,0.927737881508079,0.9327578373466606,0.9291694953609414,0.9325817860300619,0.9330516014234875,0.933692964711171,0.939203354297694,0.9357923497267759,0.932596685082873,0.9356458238247376,0.9296516956920257,0.9314399822498336,0.9329446064139941,0.9353982300884955,0.9315099457504521,0.9378684807256236,0.9338168631006346,0.9301544660846206,0.9317877842175658,0.9254893238434164,0.9303189165574487,0.9249154453213078,0.9271317829457364,0.927683615819209,0.9194706146253926,0.9113345521023766,0.918589174800355,0.9144706426259824,0.9152033271719039,0.9203637976929903,0.9161636485580148,0.9119262025038436,0.9178051001821493,0.9066390041493776,0.9080641517957985,0.9098721903922433,0.9112046058458814,0.9180035650623886,0.9135856486545614,0.904408457040036,0.9168169522091975,0.91231548799295,0.9141048824593129,0.9116599910992434,0.9253254167618178,0.9168912848158132,0.9339028776978417,0.9287652645861602,0.9246174617461747,0.9272116461366181,0.9298561151079137,0.9268894370935187,0.9253148067737733,0.9358974358974359,0.9320345361965907,0.9363212780119814,0.9306684733514001,0.9362370902559497,0.927268732146781,0.9371609403254972,0.9301454385191714,0.9310580204778157,0.9339067451335445,0.9332589285714286,0.9329942503317117,0.9297502230151651,0.9347133757961783,0.9327655759748992,0.9262220191868433,0.9299377224199288,0.9238715472715023,0.9209270620313565,0.9237057220708447,0.9230429013710747,0.9240990990990992,0.9199813910211677,0.9143302180685359,0.9177927927927928,0.9094972067039107,0.9093153759820426,0.915269596737653,0.9082384460817147,0.9092571428571429,0.9141090242785158,0.9111864406779661
0.8998190863862505,0.8997296079315007,0.9043616537937301,0.8907314856883235,0.89206206431302,0.9040723981900453,0.908944213923467,0.9002460299709237,0.9024948500801099,0.9098232266726337,0.907799819657349,0.908160996219702,0.9116719242902208,0.9087435378736795,0.9115961199294532,0.9279299506061967,0.9139592202554335,0.9165158371040724,0.9218610863757791,0.9171531207903009,0.9297567629006592,0.9183173825951481,0.9266636487098234,0.9304883413990321,0.9234333627537511,0.9311282283642954,0.9271866546438232,0.9297103076577589,0.9252796420581656,0.9253363228699552,0.9265973911120937,0.928702430077946,0.9256973022405122,0.923285811269518,0.9213585593799863,0.9203857367122673,0.9183243622747485,0.9134417220059537,0.9137508357477157,0.9030866999546073,0.9087672452158434,0.9001790510295434,0.897931348033644,0.9042693661971831,0.9029365613091235,0.8971751412429378,0.9055064581917063,0.9018952062430323,0.8966225467822911,0.8963374028856825,0.9024334773709347,0.8994565217391305,0.8924847958297133,0.9034182151869695,0.8957964601769911,0.9073532718686755,0.8994919372652971,0.900794551645857,0.8975996476547016,0.9013574660633484,0.9031893236824248,0.9071098393132292,0.908868092691622,0.9182800540297164,0.9196850393700787,0.9162528216704289,0.9249003101462118,0.926605504587156,0.9284096057997281,0.9204597701149425,0.9299137740437763,0.9248994188645507,0.9345773381294964,0.9310501247448401,0.9340309372156506,0.9334524341223761,0.9263250494831757,0.9237038714059316,0.9254919301348662,0.9295015716210148,0.9257064721969006,0.9216043755697356,0.9234728127097784,0.9163489571652838,0.9212598425196851,0.9122846274334303,0.9167992725619459,0.9172661870503597,0.9169888560382079,0.9059790050205385,0.9126020745972192,0.9038676503465236,0.9030249110320284,0.9124579124579124,0.9092575618698442,0.8997995991983968,0.9017598574292716,0.8940133037694014,0.8944860449285228,0.897899910634495
0.8740268931351733,0.8847791974893522,0.8882127563669145,0.8841517857142858,0.8805329719963866,0.8858407079646018,0.8906107566089334,0.8935549068044015,0.8934684684684685,0.8824315297261189,0.8967331725498794,0.8915796489668962,0.9002272727272728,0.9029631305134584,0.9123004272543288,0.9039242219215156,0.9111774156529723,0.9157180385288967,0.9135970895861756,0.9116783374745877,0.922855242739969,0.9236347156129617,0.9130038715554544,0.9184549356223176,0.9224156931893321,0.9174659826009369,0.9209261686325907,0.9161462979482605,0.924863387978142,0.9155121508062685,0.914074737077646,0.9181365897783809,0.9128420123565755,0.9134034459610652,0.9108978752570254,0.9078330729747824,0.9028995279838166,0.8959379278868097,0.9088078291814946,0.8939532753092075,0.900158120623447,0.8917885264341957,0.894345573327326,0.8846153846153846,0.890524379024839,0.8951686417502279,0.8914017017465293,0.8739101274312542,0.8867882061670043,0.878032345013477,0.8830608537693007,0.8874006810442678,0.8849099099099099,0.8773712737127372,0.8834731353434595,0.8937686824557369,0.8884817952828028,0.8955631399317406,0.8881325164511005,0.8948571428571429,0.892946246314357,0.8988161715434443,0.908284023668639,0.9025581395348837,0.9057743957027753,0.9131999100517203,0.9065736154885187,0.9249501881779942,0.9067796610169492,0.9177355152587351,0.9143115532444043,0.915803394313423,0.9293158133212506,0.9196304849884527,0.9177616674218396,0.914888838984954,0.9291461779168529,0.9158180583842498,0.9191356649587882,0.9177706715395157,0.918320784850559,0.9164462081128748,0.9130830489192264,0.913834685376014,0.9066575154426905,0.9119229045271179,0.9086203015980193,0.8950907868190988,0.9039574172645221,0.89485559566787,0.8989853438556934,0.881624674196351,0.8838108231014097,0.8907544213118423,0.887792565396971,0.8879762719598449,0.88630667578036,0.890026714158504,0.877601253076751,0.8765320018157059
0.8679501698754247,0.8653718825866255,0.8651559344850797,0.8747743682310469,0.8746618575293057,0.8681294326241135,0.8621559633027523,0.8779882724402346,0.877248201438849,0.874632269744286,0.8768952251640643,0.8917720115324905,0.8916223404255319,0.8945672191528545,0.8900852400179453,0.9036499659941056,0.8961038961038961,0.8975353719762665,0.9019967867798945,0.9033490672061137,0.9080434300908486,0.910407844885224,0.912381372765394,0.9084880636604774,0.9144444444444444,0.9116719242902208,0.9205357142857142,0.9200445434298441,0.90625,0.9054235768713581,0.9128378378378378,0.9056859205776173,0.9039032184432778,0.8992036405005688,0.8993063325128664,0.8931730551145385,0.8942863752024057,0.8921790235081374,0.8919223826714802,0.886950611690077,0.8854615559083693,0.8826237054085155,0.8729119638826185,0.875,0.8644745612086203,0.8734787600459242,0.8756684491978609,0.8674397453387903,0.8590480570246034,0.861225422953818,0.8691099476439791,0.8683193086195133,0.8686938493434693,0.8683249657690553,0.8661190053285968,0.8743109151047409,0.8763116767135521,0.8785746709033136,0.8753873395307659,0.8785745710514739,0.884862385321101,0.8864827900615455,0.8889883616830797,0.8892587660896583,0.8960565306587646,0.8964583803293481,0.9007107952021324,0.9011330815374361,0.903606259922885,0.9069767441860465,0.9097424412094065,0.9007582515611061,0.9150414705223044,0.9126878868258178,0.9112725671510348,0.9168399168399168,0.913539609392144,0.9152883325882879,0.9117189237269291,0.9064340734028092,0.8994535519125683,0.9059674502712477,0.9080972563015838,0.9016018306636155,0.8933243121335137,0.8945546838947854,0.8908640864086409,0.8945963975983989,0.8858633991377354,0.878561736770692,0.8839791525039655,0.8725767806578087,0.8780487804878049,0.8725199543899658,0.8669310420797532,0.8744384546271339,0.8647579143389199,0.8605716779402138,0.8715702098224579,0.8694173656767173
0.8582295988934993,0.8461886451029179,0.8482576091751213,0.858173618940248,0.8476926574221414,0.850896860986547,0.8554081403193164,0.8587251356238698,0.8613154960981048,0.8646650235267758,0.878740157480315,0.8607285650821856,0.8788212007917308,0.8853474988933157,0.878519527702089,0.8826154876143718,0.8880810751266799,0.8871149089273668,0.8908561183325863,0.8933855526544822,0.9013802315227071,0.8991862567811935,0.9044808743169399,0.8985864931568319,0.9024279555253006,0.9083850931677019,0.9031332744924978,0.8995258523368707,0.9025100851636038,0.9000670690811536,0.8975889781859931,0.899257926692152,0.8901248581157776,0.8976723759332454,0.8841845878136201,0.87343165309267,0.8857463524130191,0.8819004524886878,0.8786572919029259,0.8628480146052031,0.8673059768064229,0.8545994065281899,0.8519781718963165,0.8473248265054847,0.8503541238291067,0.8575311438278596,0.8418458781362007,0.8517357222844345,0.8435097241067391,0.8433734939759037,0.8534443944169293,0.8606340819022457,0.8501880947112193,0.8475935828877005,0.8547312305641936,0.8523225241016652,0.8622891016871865,0.8587443946188341,0.8663802848745196,0.8615071283095723,0.8715575620767494,0.8760959852330411,0.881767955801105,0.87519782952747,0.8788919413919414,0.886665167528671,0.8967052537845058,0.8952445042620009,0.8932169241101411,0.897202486678508,0.9028911939969102,0.9028532608695652,0.9038547736441058,0.9055153707052441,0.9020866773675762,0.9009329187027988,0.9043285238623752,0.9003892832608198,0.8973315241971959,0.8919229004130335,0.8993078812234874,0.8886155222545292,0.9010013654984069,0.8860022396416574,0.8874067375084784,0.8803848677017275,0.882744836775483,0.873406396779244,0.8678057553956835,0.865121412803532,0.8666065795403335,0.8612873980054397,0.849005424954792,0.8525427492782589,0.8573049001814882,0.8523368706254233,0.8394618834080717,0.8559964333481944,0.8482342422887796,0.8418822479928635
0.8308479857556198,0.830588766072637,0.8299622138252946,0.8349896001848855,0.8316876122082585,0.8364950316169828,0.8418091809180918,0.8417057378879214,0.8516692807528569,0.8448925326833592,0.8519362186788155,0.8575256811076374,0.8567005749668288,0.8605541788691147,0.8687598825389654,0.8731543624161073,0.8768549280177187,0.8875483724106533,0.8818555758683729,0.8883731724297981,0.8845462713387242,0.8915223336371924,0.8882285714285715,0.8944281524926686,0.8947725729803123,0.8942242355605889,0.8913393062255915,0.8934924566539068,0.8907506702412868,0.8753072625698324,0.8846750942559326,0.8856885688568857,0.8854786990380211,0.8807526637950578,0.8737970253718286,0.8641975308641975,0.8710109350591386,0.8650077075534023,0.8629373746378427,0.8476104598737602,0.8476641841570751,0.8500231803430691,0.8389444949954504,0.8322884012539185,0.8471904979442668,0.8282347609336053,0.8219848687138407,0.8288349077822762,0.8282383989443589,0.8279790385053543,0.8252470799640611,0.826530612244898,0.8383112508421289,0.8328385476136104,0.8312072892938497,0.8280542986425339,0.8365864729913755,0.8368526339186486,0.8421413864104323,0.8332165381920112,0.8602649006622517,0.8592475067996374,0.875990042996153,0.8664868509777478,0.8655500226346763,0.8724177071509648,0.8795811518324608,0.8842443729903537,0.8899543378995434,0.8924829157175399,0.8879558011049724,0.8901270336527747,0.8902272727272728,0.891953498974242,0.8764771460423635,0.9073786838023488,0.8894495412844037,0.8938812372996162,0.8909214092140921,0.8833070511376436,0.88604755495738,0.8867378727191811,0.8779888268156425,0.8764245810055866,0.8607285650821856,0.8629889215464617,0.8655730234677603,0.8703953279424977,0.8521853722820119,0.8449043168669337,0.849355349468446,0.844066237350506,0.8356381772840625,0.8365190015740949,0.8348481489691865,0.8315813017222098,0.8331056466302368,0.8340747330960854,0.823012834947084,0.8249324932493249
0.800275482093664,0.8080229226361032,0.8145512967638283,0.8065668974759884,0.8149720670391062,0.8133180252583238,0.8203213396696085,0.8277739959155889,0.8325358851674641,0.8382647385984427,0.8342516069788797,0.8358447488584475,0.8477319352632778,0.8398318935325706,0.8496542493865715,0.8543774747030356,0.8604442450078528,0.8744384546271339,0.8705747126436781,0.875485492346356,0.882181328545781,0.8813520349505634,0.8748277446026642,0.8820627802690583,0.8904794364917065,0.8827964359150103,0.884825079509314,0.8752272727272727,0.8814716897995153,0.8829835766423357,0.8722838137472284,0.8713436928702011,0.8743060182100821,0.8738391845979615,0.8601536772777167,0.8577461658146255,0.8527815468113975,0.8363958379455391,0.8421294171638366,0.8345830493069757,0.8362664290487859,0.8126002290950745,0.8354263053536021,0.8227735932653966,0.81429540827867,0.8090826931766832,0.8063364569388666,0.8165053019824804,0.8027039413382218,0.8136813681368137,0.8092134831460674,0.8035275731189998,0.8041095890410959,0.8154085949677132,0.8137187428309245,0.8150638870208473,0.8260772989782319,0.8317987873343813,0.8246562993013298,0.8351648351648352,0.8312980551786522,0.8484982332155477,0.8447612582032133,0.8493459630130807,0.8476535932895035,0.8545210384959714,0.8548057259713702,0.8697986577181208,0.885008896797153,0.880377524143986,0.8757722859664607,0.8833445718138908,0.8837625979843226,0.8826588288491973,0.8921524663677131,0.8782287822878229,0.8914850595371826,0.8784480825297152,0.8820237295724199,0.8785298072613178,0.8759009009009009,0.8630015517623587,0.8647930958176587,0.8665203073545554,0.8640978311029073,0.850733007552199,0.8459806349921188,0.8445322793148881,0.8418079096045198,0.8326953388876379,0.8324977210574294,0.8265882884919737,0.830043113228954,0.8162583518930958,0.8260967887833559,0.8239195060599132,0.8186409550045913,0.8008541245223646,0.8006741573033708,0.8098893655452698
0.7880983750548968,0.7831024301612537,0.7854414738261065,0.7906453789071284,0.7972370766488414,0.7832957110609481,0.8023255813953488,0.8058510638297872,0.8092667566351777,0.8120805369127517,0.8254988913525498,0.8238825883922615,0.8332959892449026,0.8358477820310741,0.8334084761045988,0.8462228199955167,0.8409862022166931,0.8510968313760248,0.8703787195671776,0.8532048408785298,0.8693029490616622,0.8647321428571428,0.873029772329247,0.8672985781990521,0.8740440845704004,0.8731359893167149,0.8720178372352285,0.8740297183410956,0.8755232430050672,0.8754512635379061,0.8715370866845398,0.8616899473322647,0.8565837937384899,0.845756623259991,0.8471975088967971,0.8360215053763441,0.8280860702151756,0.8300668151447661,0.8267058291911432,0.8251561106155219,0.8146118721461187,0.8145143114717152,0.8052536231884058,0.800498753117207,0.8040099121423744,0.7915242652084757,0.7880630630630631,0.7831767132706853,0.7933212996389891,0.7974627197863343,0.7889402952192113,0.7923059308449737,0.7868668758404302,0.7906976744186046,0.8010365029292474,0.8029180695847362,0.7956349206349206,0.8046132971506106,0.8061742006615215,0.8198924731182796,0.820285908781484,0.8246593701139155,0.8291423439604849,0.8378256963162624,0.8452380952380952,0.8444198895027625,0.8452436194895592,0.8594073053066851,0.8642889187976671,0.8660394265232975,0.8686459739091318,0.8646684831970936,0.8724770642201835,0.8782924613987284,0.8657989228007181,0.8698630136986302,0.8736631016042781,0.8688524590163934,0.8688085676037484,0.8666817564508827,0.8621994657168299,0.8558201058201058,0.8512216404886562,0.8490009082652135,0.842057761732852,0.8387387387387387,0.8319497419789096,0.8210691120554686,0.8327744243237201,0.8078970718722271,0.8220591607429488,0.8105667193497403,0.8012992831541219,0.7792861834902561,0.8035071942446043,0.7908322207387628,0.7880080844374578,0.7948256467941507,0.7892608402606156,0.7811590959946296
0.7588100686498855,0.759718117754035,0.7619047619047619,0.7559337214509628,0.7725947521865889,0.7748314606741573,0.7772975432211101,0.7805763557975948,0.7816949152542373,0.8005508377323847,0.7952488687782805,0.8148907103825137,0.8069933287324592,0.8222980659840728,0.8304474926917023,0.8288367978770456,0.8398656215005599,0.8467668488160291,0.8480070083223828,0.8434411500449236,0.8392210144927537,0.849527665317139,0.8652529268831456,0.8626023657870792,0.853035143769968,0.8573629760070438,0.8562656356606777,0.8614484930274404,0.86289592760181,0.8587830080367393,0.8429450649646684,0.8505903723887375,0.8375280898876405,0.8333705108186482,0.8314910895556057,0.827704244637152,0.8235560588901473,0.8152654867256637,0.8097727272727273,0.800404131118096,0.7926369483255711,0.7944226780364139,0.7817604355716878,0.7810450124406243,0.7813296270558258,0.7588380995271335,0.7666208161393856,0.7640098236213441,0.765370705244123,0.7623873873873874,0.7791704649042844,0.7582089552238805,0.7540350079563537,0.7643884892086331,0.7721801159161836,0.7773043283247365,0.7896334851442204,0.7890784982935154,0.7880496054114995,0.7857955838834509,0.8048889885624579,0.8096924098251825,0.8034303768900926,0.8293118856121537,0.8258108414606486,0.8255736244152373,0.834868724090281,0.825683924937825,0.8518518518518519,0.8554216867469879,0.8503536693191865,0.8536585365853658,0.8511931562359297,0.8531515422440769,0.8606224627875507,0.8586106767924949,0.8571110120374499,0.8600713012477719,0.8604436229205176,0.8517364203027604,0.850314183123878,0.8358620689655173,0.8428764652840397,0.8262140287769785,0.8379661016949153,0.8296665910637333,0.8185900314324203,0.8115515288788222,0.7993227990970655,0.7973885637100405,0.7843006448743607,0.7832120109190173,0.7771274200810446,0.773841961852861,0.7682596934174932,0.7694570135746607,0.7652375434530707,0.7731958762886598,0.7555159349231112,0.7619047619047619
0.7334656084656085,0.7464342313787639,0.7465878070973613,0.7417681551646369,0.7547041487191113,0.7570114426744446,0.755683072169499,0.7534969043797294,0.7595941773268637,0.762665449566408,0.7727879057358826,0.7914837576821774,0.7993456924754635,0.805307760927743,0.8140430351075878,0.8091032608695652,0.821954484605087,0.8200583352030514,0.8359858532272325,0.8396481732070366,0.8404231375196939,0.8485598559855986,0.8473527389410955,0.8423085662349467,0.8533393501805054,0.8543324491600354,0.8411021814006888,0.8471837488457987,0.8492153741187173,0.8398463971086515,0.8401969561324978,0.8359600443951165,0.8179579041648007,0.8315550510783201,0.8217996904709264,0.8159675236806495,0.7977630677927414,0.8194094758525978,0.7927215189873418,0.7734994337485843,0.7835738068812431,0.7707077472650146,0.7544173562961306,0.7474959235965525,0.7458649977648637,0.7416213768115942,0.750445632798574,0.7327506899724011,0.7342185459294732,0.7347574543836226,0.7443054935238946,0.7283950617283951,0.740271291972426,0.7476212052560036,0.7547875852960598,0.7426953567383918,0.7460738774607387,0.7605381165919283,0.7801971120788448,0.7809870366158744,0.7749768732654949,0.7891566265060241,0.796903052064632,0.8034381361682877,0.8109783089862771,0.808151317270885,0.8233980799285555,0.8304328424810352,0.8348314606741573,0.8368432720017734,0.8427545984746523,0.8508497316636852,0.8418918918918918,0.8511796733212341,0.8527929901423877,0.8538650033415014,0.8453538322405607,0.8433895297249334,0.8497824593542478,0.842731970343743,0.8334815473543797,0.8285714285714286,0.8215169930227324,0.8150547241456333,0.818327239488117,0.7989526411657559,0.8000443360673908,0.7928603910868577,0.7865516478655165,0.7842558983666061,0.7733571747876621,0.7732766338406446,0.7571428571428571,0.7533582911253028,0.7571170356981473,0.7398739873987399,0.7436594202898551,0.7456336766681594,0.7418635755684352,0.7390042420183076
0.7141550423050538,0.7196007259528131,0.71891771019678,0.7153983088562528,0.7164995442114859,0.7344556677890012,0.7266801528433355,0.729147571035747,0.7456595264937993,0.7503367759317467,0.7760791366906474,0.7694169416941694,0.7645985401459854,0.7821826280623608,0.7896034057808649,0.7900291938019313,0.804945054945055,0.803678262796366,0.810391363022942,0.8274545046057066,0.8233280073042685,0.8377880184331797,0.8355485469700383,0.8377250768555117,0.8368730230456394,0.8304744932056137,0.8293838862559242,0.8304740406320542,0.822986954565902,0.8257403189066059,0.8303324099722992,0.8201665541300923,0.8051022753390026,0.8104233045061447,0.8065315315315316,0.7911637440218628,0.7766262403528115,0.7683815411790682,0.7620370370370371,0.7495972382048331,0.7552349930200093,0.7444295900178253,0.7304588425178695,0.728467815049864,0.7391799544419134,0.7227856659905342,0.7104972375690608,0.7083426526504137,0.7248809253799048,0.718214607754734,0.7170842824601367,0.7056689342403628,0.7182655583015053,0.7295697700887775,0.7182122905027933,0.7438468550592525,0.748006379585327,0.7529545454545454,0.7456751291844529,0.7508587130753378,0.7682315405651777,0.761311475409836,0.777052868391451,0.7812707549258358,0.7866696388765047,0.7938983050847458,0.8,0.8094703770197487,0.8229589535408209,0.8350561797752809,0.8368134362233318,0.820697412823397,0.8283031522468142,0.8416703885663243,0.8391925606713541,0.8371306113241597,0.8319101123595506,0.8299863076220904,0.8236770072992701,0.8295223002037582,0.8289112534309241,0.8097212623819396,0.8161698283649503,0.8109508787742227,0.7958814211360036,0.7915448617045199,0.8011123470522803,0.7782426778242678,0.7664737310774711,0.7677255985267035,0.7468805704099821,0.7380212954747116,0.7327898550724637,0.7378684807256236,0.718707015130674,0.7156751866093644,0.7191547375596455,0.7097419928825622,0.7191796258733378,0.7057084375710712
0.6895298660004542,0.6826225045372051,0.6829214474845543,0.6974580118020881,0.7038867670186475,0.7000449034575662,0.7030973451327434,0.708,0.7183322003172445,0.7237020316027089,0.7354280510018215,0.7371709058456046,0.7648731408573928,0.7625867084358917,0.7757575757575758,0.7743543271409152,0.7758053911900066,0.7937935686979987,0.8031567080045096,0.8039479587258861,0.8159537572254335,0.8088365896980462,0.8185880250223414,0.8287564188434918,0.8218091135796871,0.828597001566346,0.8169331231704571,0.8240656335460347,0.8210336267208305,0.8156871712782987,0.8011401008550756,0.8040540540540541,0.7924273157538878,0.7890974084003575,0.784879876570421,0.7640550914427636,0.7527733755942948,0.754884143571104,0.7545714915179556,0.7315466727231433,0.7367105860972285,0.7077338129496403,0.7227788911155645,0.7209302325581395,0.6993377483443709,0.6959787892178524,0.6999544003647971,0.6931325576089437,0.6863543788187373,0.690261595955155,0.6869775626924769,0.703576341127923,0.6953125,0.694488188976378,0.685811577752554,0.7153236459709379,0.7094356261022927,0.7262813522355507,0.7211820437626889,0.7205611775528978,0.7385577137753963,0.7601820250284415,0.7592675301473872,0.7598380930964695,0.7679180887372014,0.7779261237205163,0.7876651982378855,0.7999091528503294,0.7990250387768668,0.8069898534385569,0.8158129175946548,0.8289770166741776,0.8132911392405063,0.819043321299639,0.8172389951601752,0.8250728862973761,0.8233701782088879,0.8112701252236136,0.8204327459290653,0.8177517458887137,0.81145157682845,0.793921916592724,0.7923944284766747,0.7900179856115108,0.7757685352622061,0.7575488454706927,0.7551158084101641,0.7491517756163764,0.7486021024379333,0.7340832395950506,0.7349260523321957,0.7232323232323232,0.7206320128234486,0.7005893019038985,0.6959319696621467,0.6952146690518783,0.7016562220232766,0.6944010707115771,0.6783014673188084,0.6868343530478133
0.6587458745874587,0.64324569356301,0.6712391403749428,0.676829268292683,0.6754032258064516,0.6759964173757277,0.6893990546927752,0.6903859022975686,0.6899172814665773,0.7045557059088858,0.7178726318192193,0.736986929603302,0.7371587228135122,0.7368181818181818,0.7609133646742781,0.7621731289449954,0.7718857142857143,0.7777290661990355,0.793306196291271,0.7887773722627737,0.8079499776686021,0.7996340347666971,0.804046374175949,0.8118304611085235,0.8058929374718848,0.8130757133228488,0.8012156686177397,0.7985889849795175,0.8101788170563962,0.8073067498329249,0.7861796184271754,0.7884702678166137,0.7901430842607313,0.7817691962281096,0.7672743641683547,0.7656884875846501,0.7470204632336407,0.7432735426008968,0.7393652937204591,0.7281381447863626,0.711455249373719,0.7008086253369272,0.6903812056737588,0.694954128440367,0.6870748299319728,0.6612082319097146,0.6733076748924609,0.6680262859732609,0.6777879341864717,0.6629213483146067,0.654320987654321,0.664927158077843,0.6606572341396623,0.6772180115916183,0.6783168544492987,0.6779051472240953,0.6779776816214985,0.6932025547445255,0.699955713020372,0.7141896435776731,0.7119836586472992,0.7198237885462555,0.7378062743302038,0.7509535562037245,0.748549754573851,0.760018009905448,0.7723504369258346,0.7917777777777778,0.792540278084308,0.7952581431420341,0.8059158134243458,0.8096309630963097,0.8129991126885537,0.8150731158605174,0.7923584261996816,0.8088939566704675,0.8087802670287395,0.7963644730786931,0.8168383340797134,0.8145635459068294,0.7880483437779767,0.790625,0.7775290957923008,0.7613916947250281,0.7574082264484742,0.7582691436338922,0.7452287882271786,0.7439493327301515,0.7244324567318499,0.7124386981720909,0.6997513000226091,0.7118605703938433,0.687778768956289,0.6792704626334519,0.6791027695124743,0.6728558797524314,0.6632333184057322,0.6712049012933968,0.6544018058690745,0.6698795180722892
0.6298980747451869,0.6414838271884189,0.6302425753797325,0.6422632794457275,0.6417473541995046,0.6461366181410975,0.6660662013060121,0.6579588222271419,0.6723100913343729,0.6875707493774055,0.6882673942701227,0.697127346754128,0.7199381078691424,0.7202197802197802,0.7210884353741497,0.7502236135957067,0.7612417256334171,0.7579428571428571,0.7786191536748329,0.7756352087114338,0.784841628959276,0.7847533632286996,0.7929652715939448,0.7832026875699888,0.7968296494753293,0.8020879609062639,0.8011617515638964,0.7984909010208611,0.7793562708102109,0.7775005670220004,0.7784484685893137,0.7805869074492099,0.7655141843971631,0.7620441242683476,0.7375111507582516,0.7302764666217127,0.7302793296089386,0.7273957158962796,0.7056396148555708,0.6945635010151139,0.6878330373001776,0.6789772727272727,0.6720257234726688,0.6564252074456156,0.6608676005422504,0.6609788953749439,0.6408592526292235,0.6424670004551661,0.643222791008235,0.6331140350877194,0.6246035342093339,0.637219730941704,0.647958019621264,0.6457308895842646,0.6491854496764116,0.6579301075268817,0.669485866904073,0.6598453842655753,0.669743358847366,0.6936998854524628,0.6975992613111727,0.7006527121314428,0.7134409824880601,0.7258100066122989,0.7243824336688015,0.751742747919946,0.7616916536137839,0.7691631891060839,0.7821576763485477,0.7782195714601281,0.7869408043380027,0.7914343073834486,0.7874801542299841,0.7976320982240737,0.7970687711386697,0.7968432919954904,0.7975,0.7925155004428698,0.7828189774297559,0.784891448825875,0.7730337078651686,0.7805491990846682,0.7666220437304775,0.7540871934604905,0.7388477919748935,0.7486851131946033,0.7100271002710027,0.7107865168539326,0.7057988165680473,0.6765106769650159,0.6902334013142987,0.6754981388219838,0.6721991701244814,0.6610887996430165,0.6548490393412626,0.6565128438281428,0.644759825327511,0.6381429221665909,0.6421875,0.6258764985297444
0.6028686687584043,0.6291582942621121,0.6034838413935365,0.6122495970527285,0.6194368755676658,0.6363234644277508,0.638120926050798,0.6489602169981917,0.6365284387038296,0.6533393911858246,0.6759763851044505,0.6847826086956522,0.6875,0.7106960195686013,0.7226277372262774,0.7254813137032843,0.7415529201163571,0.7427745664739884,0.7490408485669149,0.7688360158619081,0.7693685624720108,0.7756020706729687,0.7776274244474515,0.7899178832116789,0.7900067521944631,0.7801082543978349,0.791731843575419,0.7757116620752984,0.7723889014211595,0.7742740471869328,0.7725842696629214,0.7485945581290758,0.7557823129251701,0.7483473900159562,0.7340170194195942,0.7297668038408779,0.7085201793721974,0.6863368134362233,0.6688970927549608,0.6833635539437897,0.6629316258861193,0.6456100342075256,0.6491544532130777,0.646295889206419,0.6349942062572422,0.6123518687329079,0.6154698581560284,0.6082427536231884,0.6092990978487162,0.6099557522123894,0.6111617312072893,0.5993761140819964,0.6088610427388678,0.6178285714285714,0.6232378353797181,0.6312925170068027,0.6485865318317628,0.6428571428571429,0.6467366499315381,0.6665929203539823,0.6828824732893839,0.6786848072562358,0.7021992818671454,0.7141564902758932,0.7214961694456963,0.7388293118856122,0.7377886323268206,0.7498286497601097,0.7426953567383918,0.7610738255033557,0.7689170820117807,0.7824833702882483,0.7815855608864519,0.7918531781557744,0.7760416666666666,0.7862921348314607,0.7782846715328468,0.7839310031774852,0.7652270210409745,0.7663572060123784,0.7646001796945193,0.7482342219184325,0.7463511720477665,0.7304886137519345,0.722497745716862,0.7208166888592987,0.6957422324510932,0.6844243792325057,0.6809225257501119,0.6706586826347305,0.6601793133610322,0.647576099210823,0.6446700507614214,0.6298241607672985,0.6284941388638413,0.6300616197183099,0.6110366398570152,0.6113009797220323,0.6056753688989784,0.6167114695340502
0.5810750777432252,0.5633989820756805,0.5970654627539503,0.583743842364532,0.5865450399087799,0.5999539382772916,0.5955357142857143,0.6090683510038348,0.6395847438501467,0.6436575526669654,0.6448640143852551,0.6547216587784539,0.674119241192412,0.6899016979445934,0.7131491712707182,0.6994425863991082,0.7290845886442642,0.7288551662575318,0.731168245376635,0.7524348810872027,0.7464756707594361,0.765203831588327,0.7658503089951935,0.7730337078651686,0.7589406971480308,0.7713504896378957,0.764065335753176,0.7732840305061244,0.7516399004750056,0.7485970819304153,0.7509041591320073,0.7399953735831598,0.7379991027366533,0.7269049224544841,0.7157918863167545,0.7022075055187638,0.6923955240922585,0.6624548736462094,0.6703466548907043,0.6456463195691203,0.6492702344095533,0.6237536007090627,0.6036339165545087,0.6065795403334836,0.5914579606440071,0.5944008958566629,0.5831099195710456,0.5850446428571429,0.5736760469754044,0.5824856258292791,0.5815096025011166,0.5805877114870882,0.5701973236561578,0.5788526434195725,0.5845982142857142,0.5917964465891643,0.6191016333938294,0.6142154671434957,0.624,0.6303906073605781,0.6460775473399459,0.661619637531544,0.6738631143775838,0.6896399381488845,0.708531341932564,0.717819514429684,0.7210290827740492,0.7290439510647938,0.745534729878721,0.7563733096874308,0.7602247191011235,0.7609248554913295,0.768609865470852,0.7581743869209809,0.7614269788182831,0.7660327288810261,0.7728494623655914,0.7590744101633394,0.7624828218048557,0.7482517482517482,0.7402655863155525,0.741165878910646,0.7234234234234235,0.7193022722056461,0.7009153318077803,0.7076786899756583,0.6787043116655723,0.6558991981672394,0.6635156425838398,0.6529489436619719,0.6289920724801812,0.630939226519337,0.6107566089334548,0.6097122302158273,0.5791792255970323,0.5943757030371204,0.5765745355686452,0.5744822979291917,0.5733996833295635,0.5902983375085402
0.5570634037819799,0.5444100751215201,0.5498543580551198,0.5549001814882033,0.5662811387900356,0.5764280876044254,0.5761040125532392,0.6018724921979491,0.6057779799818016,0.6101733063245555,0.6215148188803513,0.6337144138085631,0.6401231852177739,0.6674122120331022,0.6600090785292783,0.680327868852459,0.7012871726586773,0.7080259333780461,0.7225630538513974,0.7371479660259276,0.7431315613133795,0.7487855655794587,0.736518771331058,0.7474793767186068,0.7558580673956706,0.7567144136078783,0.7554711924966503,0.7444873834962491,0.7467948717948718,0.738,0.7237531314051469,0.730715935334873,0.7282392026578073,0.7002034817996835,0.684449489216799,0.6737749546279492,0.6622816965298254,0.6607742224211233,0.6291448516579407,0.6322787712058688,0.6030858676207513,0.6022676745220098,0.5851254480286738,0.5892531876138434,0.573850959393128,0.5691753041910771,0.5723981900452488,0.5501691093573844,0.5577232040394767,0.5472493345164152,0.5455353176366059,0.5544532627865961,0.5525484889490302,0.5587647189513442,0.5775922059846903,0.5790080738177624,0.5850370703212762,0.5880474452554745,0.6071829405162739,0.6211041852181657,0.6283089039597463,0.643289267308985,0.6560834813499112,0.6748768472906403,0.6755282890252216,0.6923939869867624,0.706376219650556,0.7136043606631842,0.7343369493026345,0.7377950951180381,0.7410554561717353,0.7392504023913543,0.7528656579550664,0.7613661565757374,0.7502266545784225,0.7452999104744852,0.7493421052631579,0.7459290653580192,0.7388764044943821,0.7356295620437956,0.7115213523131673,0.7210242587601078,0.7006970991679784,0.695662100456621,0.6796312949640287,0.665392399370362,0.6581889936417452,0.646174556876823,0.640139211136891,0.6226287262872628,0.6079891672308734,0.5961103573043871,0.5830863916115797,0.5713634290925672,0.5725605614670591,0.5513955071477196,0.540204353620613,0.5584239130434783,0.5456977262594739,0.5293983591613491
0.5259668508287293,0.5312705727452272,0.5204427377456516,0.5323133135419046,0.5382743362831859,0.53945321182485,0.5447593342330185,0.5531724754244861,0.5697992700729927,0.5835411471321695,0.5977349943374859,0.612171569728273,0.6284300494826811,0.6427289048473968,0.64911494510419,0.6558035714285714,0.6913892078071182,0.6879725085910653,0.689316048278945,0.7268248992386923,0.7180417044424298,0.7132075471698113,0.7325555800132071,0.7317797578249943,0.7352230279059547,0.7325028312570782,0.7347306738787469,0.7331499312242091,0.729067392784207,0.718792248760703,0.7210696173351775,0.7060531605986151,0.6984993178717599,0.6803016453382084,0.6668195368034855,0.6649769585253457,0.6464487034949267,0.6323994577496611,0.5990660440293529,0.5984,0.5873050735778608,0.5917535115541459,0.5747205110654803,0.5444621332726859,0.5454545454545454,0.5523152270703473,0.548488241881299,0.5318906605922551,0.5278503046127067,0.5292523153377005,0.5373569665694413,0.5206951749371141,0.5308669995460735,0.5208333333333334,0.516958798087867,0.5488446579730039,0.557454463683382,0.5565610859728507,0.5682331676457297,0.5832196452933152,0.5981622590766472,0.6110147441457069,0.6356103023516237,0.6413761676919572,0.6627126230975828,0.656369785794814,0.6801178871004308,0.6955727978092195,0.717391304347826,0.7058823529411765,0.7270499108734403,0.7367597765363129,0.7241000877963125,0.7370445802217697,0.7326820603907638,0.739030553641167,0.737087120372423,0.7338672768878719,0.7344306049822064,0.7283697632058288,0.7108029523596511,0.710141617176793,0.6874013973405454,0.6785796633617708,0.6689218681798341,0.6542959964012596,0.639774011299435,0.6208651399491094,0.6164639850327409,0.5793791574279379,0.5883965280950205,0.5735123871266496,0.5644213381555153,0.5594389514830995,0.54624145785877,0.5394853593611357,0.5315754487037447,0.5393566050650239,0.5274826789838337,0.5193555605280823
0.5062203121465731,0.4982809993123997,0.49387849387849386,0.502910882221227,0.5080556168616199,0.5085933966530981,0.5282142066828944,0.5296451399603262,0.5468959356855739,0.5603192702394527,0.5692375109553024,0.5891806247170666,0.5970679697912039,0.6093466424682396,0.6463609399954369,0.6445391343350527,0.6676326348640214,0.6681386619562817,0.6853290676416819,0.7007299270072993,0.7124227865477007,0.7180755395683454,0.7213416034918447,0.7167942368302567,0.729064039408867,0.7352807971014492,0.7188636363636364,0.7179429598023804,0.7055453712190651,0.7104,0.7032647584973166,0.695013357079252,0.6878330373001776,0.6596311930682071,0.6538286235186873,0.6423308774279973,0.6260635915808329,0.6046150432660307,0.593828000907647,0.5754653509755551,0.5690545699528408,0.5440708768741481,0.5333485089915775,0.529331514324693,0.5189309576837416,0.5111408199643493,0.49636858828869723,0.4994457991576147,0.4892993917548997,0.49551368326603856,0.4943820224719101,0.4929328621908127,0.5042928151830095,0.5055093321340229,0.517226148409894,0.5230029755092699,0.5449900022217286,0.5392416225749559,0.5682582380632145,0.5618766999093382,0.5875337533753375,0.6067950169875425,0.613958560523446,0.6216759776536313,0.6348640213999108,0.6514679715302492,0.6785557023337737,0.6822764956307417,0.6861905834647443,0.7014292094685127,0.7092839394623899,0.7284064665127021,0.7213041536400179,0.7205579693574206,0.7298941202973642,0.7201426024955436,0.7190935606910478,0.7108540925266904,0.7101349805536491,0.6975072984504829,0.6960091220068415,0.69754338517016,0.676865507373982,0.6625615763546798,0.6520054694621695,0.6342920353982301,0.6198291366906474,0.5931426075562349,0.5963156697748465,0.5689810640216412,0.5698829763744756,0.5348732899753308,0.5288878739438228,0.5237025387553359,0.5043575418994414,0.5021087680355161,0.4863708042351881,0.5038949476964166,0.4919774011299435,0.4893084622383985
0.46328195829555757,0.4609250398724083,0.4666519920757209,0.47742080431363737,0.4842669047087704,0.49293527803099363,0.48266485384092456,0.5066119471044231,0.5224499194105457,0.5227888086642599,0.546028880866426,0.574584377135049,0.567730417317563,0.5971499660710247,0.6164044943820225,0.6158129175946548,0.6488878801634135,0.6640750057168991,0.6668150456265302,0.6843531271167307,0.6729803742583296,0.7004743618703411,0.6953524571936847,0.7035867358448004,0.6975254087494477,0.7094760312151617,0.7062810664256666,0.7016825829922693,0.7116771866546439,0.6934174932371506,0.6913973600364133,0.6785390199637024,0.6639106145251397,0.6390254805543139,0.6339028178389172,0.6188129899216125,0.6041666666666666,0.5888336347197106,0.5861685568156548,0.5554808338937458,0.5491985752448798,0.5331678700361011,0.5215268530847759,0.5140589569160998,0.48933303390972377,0.48395006687472136,0.4702314086722085,0.46328195829555757,0.4517304189435337,0.4765310683951721,0.47044334975369456,0.4514815652567292,0.47125416204217535,0.47298494242692646,0.48156474820143885,0.49559122767352476,0.5017018379850239,0.5186182144459399,0.541095890410959,0.5451451905626135,0.5635334088335221,0.5849098597818829,0.6034878384580082,0.6212502862376917,0.6218581687612208,0.6431389741341517,0.64,0.6581196581196581,0.683194974197891,0.677564825253664,0.6966887417218544,0.6982625907191555,0.6996481970096746,0.7074265200807718,0.7056085641144985,0.7026129317980514,0.7036870503597122,0.7016587139286525,0.7048419190802565,0.699630314232902,0.6683532658693653,0.6736580965268381,0.6555912007332723,0.6527961250550418,0.6261723983921393,0.6204954954954955,0.5981245813797723,0.56875,0.5658504301786896,0.5389740173217855,0.5375735626980535,0.5303780378037803,0.5050772626931568,0.5,0.48381294964028776,0.47739801543550164,0.46155601186402007,0.4707044107965767,0.4662576687116564,0.46345811051693403
0.4398768960211035,0.43248753964657904,0.4538223596995139,0.4363107230803671,0.45745654162854527,0.4634589196550159,0.4811469857755701,0.48298253470667263,0.490999099909991,0.5029913582982495,0.525503355704698,0.5315884476534296,0.5555555555555556,0.5811287477954145,0.5900246029970924,0.6131678120150743,0.6112600536193029,0.6421267893660532,0.6596180081855388,0.683940138485593,0.6712452150416572,0.672876469283655,0.6832395950506187,0.6855373728438744,0.6922048997772828,0.6992036405005688,0.6873881932021467,0.677939529675252,0.6826106392489942,0.6873182733169313,0.67616226071103,0.6511156186612576,0.6409388399909727,0.6389261744966444,0.6022522522522522,0.6036531690140845,0.5859688195991092,0.5671608265947888,0.5423042304230423,0.5319101123595505,0.5135195530726256,0.5125560538116591,0.48908970685474984,0.480829950383401,0.4706556625401192,0.4608254248510263,0.4364416346805148,0.43528625529071063,0.43397508493771236,0.4343931930138827,0.443559399180701,0.4485042247088376,0.43726897151554683,0.4489150090415913,0.4532438478747204,0.4608812949640288,0.4704697986577181,0.47122620628596723,0.5081710320125363,0.5256468452110759,0.5230425055928412,0.5504786771105309,0.5583389754005867,0.5792201938246563,0.5958110516934046,0.6080991369772073,0.6293351005080627,0.6568627450980392,0.659348121321865,0.674460031173458,0.6684055341347245,0.6893424036281179,0.679648806843764,0.7095754290876242,0.6899702992917524,0.6930848675348001,0.6958786231884058,0.6957720588235294,0.6747822202367657,0.6702915316982878,0.6692290300700882,0.6527027027027027,0.6392519152771519,0.6203991130820399,0.6121945752073527,0.5939325842696629,0.5702259636685866,0.5507510241238052,0.5403684330225154,0.5274527452745275,0.5067397761023532,0.49290547915302335,0.48150700666207213,0.48179968347275604,0.47220331291127754,0.4229382604776927,0.44170403587443946,0.42941043596114753,0.44039809997738066,0.4350940017905103
0.4233843343229048,0.41717103788388255,0.41118347181675274,0.42464221824686943,0.42513185049300617,0.4249476378868978,0.45693563009972804,0.4593671750512178,0.4814985060905539,0.46854856634807734,0.5070615034168565,0.5233497979344409,0.5271565495207667,0.5606129917657823,0.5690348525469169,0.5864459852382018,0.6132697114292206,0.6201826687458232,0.6468200270635994,0.6453048509123276,0.6548791405550581,0.671028466483012,0.6748204667863554,0.671431713217506,0.6765037170533904,0.6905023031366527,0.6780402449693789,0.6714876033057852,0.6733588991653507,0.6709821428571429,0.6629570747217806,0.6274153216640146,0.6312985571587125,0.6168521462639109,0.604882459312839,0.585043017868961,0.5657193605683837,0.5408719346049047,0.5260485651214128,0.5095555555555555,0.4796440489432703,0.4836412196750501,0.471164805105995,0.4506855373728439,0.4304456005428636,0.4230338337441183,0.4169910693840165,0.414347137361394,0.43010018214936246,0.3891382405745063,0.4092741935483871,0.4083409715857012,0.4253079507278835,0.41131737866249163,0.4267849022282856,0.44223018360949395,0.4517857142857143,0.47146678555506016,0.47658900701198825,0.5032533094009424,0.49865107913669066,0.5330800178810907,0.5461875143976043,0.5628635346756152,0.5829977628635347,0.5986042323277803,0.6043782441886707,0.6239238785681921,0.6532640614411566,0.6569897275569451,0.6648853262079715,0.673888512751072,0.6761778367617783,0.6770499312872195,0.6780943900267141,0.6763552479815456,0.6828114440189231,0.6704621567314133,0.6650985663082437,0.6571176729836933,0.6456855115587091,0.6432082216264522,0.6228699551569506,0.5992476211551229,0.5905298759864712,0.5725952813067151,0.5537377868666212,0.5371352785145889,0.53125,0.49601094141782537,0.48627980206927574,0.4750337381916329,0.4591745177209511,0.43606337871010936,0.4330154405086285,0.43708016121809223,0.4081025406271458,0.42841163310961966,0.41252796420581656,0.4096114978666068
0.37960467205750226,0.37774725274725274,0.37626151820974113,0.38930774503084303,0.39117843617732234,0.4009280742459397,0.4275658492279746,0.4383654937570942,0.4647293700088731,0.46529968454258674,0.4730187401219237,0.5027673234447643,0.5222299009444828,0.5260889292196007,0.560106856634016,0.5642583839747918,0.5866388308977035,0.6030161898425371,0.6243858865564984,0.6452338129496403,0.6378378378378379,0.6564091210980739,0.6656215005599104,0.6677890011223344,0.6693254329990884,0.6670383586083853,0.6645614035087719,0.6630186958504332,0.6601786123196702,0.652896273013022,0.6352782158143726,0.6196291270918136,0.6168267032464564,0.5914798206278027,0.5719782707107288,0.5587837837837838,0.535371976266545,0.5246344206974128,0.5097206703910615,0.49803377284293315,0.4723394801155299,0.46498277841561425,0.44148579100469904,0.4269264836138175,0.42237699393394745,0.40193370165745856,0.3906285199369227,0.38122300522846103,0.38830146231721036,0.36922046012955106,0.38403476669716374,0.3705759888965996,0.37885853875194314,0.38913234005258546,0.4029312288613303,0.41955282770714597,0.41996361982719416,0.435088515660463,0.46819107991849673,0.4752272727272727,0.4971648899977319,0.5053428317008014,0.5248756218905473,0.5507865168539325,0.5602302922940655,0.57811080835604,0.6026429710640236,0.6142595978062158,0.6238907849829352,0.6390243902439025,0.643918918918919,0.6492335437330928,0.6511891279728199,0.676517031355741,0.6706238361266295,0.6871055004508566,0.685051778478163,0.6627634660421545,0.65447695035461,0.6328773267548777,0.6319963743485157,0.6267496111975117,0.6110863757791629,0.587917042380523,0.5617747440273038,0.5473157415832575,0.5473393227366966,0.5142986836132547,0.4926653125705258,0.4780840488025305,0.48140589569160996,0.4456742715156991,0.43574161602520817,0.40943480195816645,0.4115909090909091,0.3984878808094285,0.38671438157011856,0.3874913454881145,0.39083371718102256,0.3821468926553672
0.34132268086995116,0.36491706430356735,0.3615087480118155,0.3591549295774648,0.3795505617977528,0.3869209809264305,0.38805636322970255,0.4031922276197085,0.42824756291090454,0.4439909297052154,0.45077833808375356,0.47560975609756095,0.4875902527075812,0.5199551569506726,0.5281385281385281,0.5330756990225051,0.586153505861535,0.5880099166103223,0.608203036483118,0.6103542234332425,0.6270380434782609,0.6372549019607843,0.6422101449275363,0.6405258386219401,0.6606182795698925,0.6698961937716263,0.6452905811623246,0.6436182271593743,0.65012351223894,0.6362391602008215,0.6253135689851768,0.6022650056625142,0.5853875194314901,0.5741978609625669,0.5564220183486238,0.5245197740112995,0.5244897959183673,0.5071182053494392,0.4913122999542753,0.47017937219730943,0.44399910932977066,0.42289017341040464,0.4069948763644464,0.3975609756097561,0.4008236101578586,0.384012539184953,0.36458098034786535,0.3449068751437112,0.36222627737226276,0.35186425541415495,0.36003600360036003,0.35187261717873963,0.3546961325966851,0.36597110754414125,0.3674863387978142,0.3886531159258432,0.3907944235450321,0.413472706155633,0.4362669031256928,0.44901203724733135,0.48224462954844366,0.4822035819542054,0.501958074176457,0.5208669587272308,0.5411476868327402,0.5655219159511975,0.5752192489318642,0.6039581943517901,0.595658984112777,0.6236462093862816,0.6364877161055505,0.643242029636282,0.6634743875278396,0.65625,0.650941256520753,0.6464163822525597,0.652203086557817,0.6461608566871725,0.6377528089887641,0.6345417698716506,0.6078520885642548,0.6106728538283063,0.5792710706150341,0.5681459788240595,0.5563316809373592,0.536196590657516,0.5279558011049724,0.4924787442773054,0.4832887700534759,0.4555731404024418,0.43546951490876723,0.4235477409303361,0.41072239890958656,0.3811881188118812,0.3903107861060329,0.36509732910819376,0.36345470692717585,0.3636159208455138,0.35551029644716,0.3468104222821204
0.32407201600355634,0.3203646064917741,0.3266742338251986,0.3355855855855856,0.3521670070342637,0.34674582233948986,0.36891260840560375,0.387248322147651,0.39456398640996604,0.40245009074410165,0.4291111111111111,0.4435789005119074,0.4784560143626571,0.4945494994438265,0.5115489130434783,0.5395650161962054,0.5447247706422018,0.5762181493071077,0.5936325447711696,0.6025583482944344,0.6131154980712503,0.6171284634760705,0.6407079646017699,0.647931654676259,0.6455299126148331,0.6420250896057348,0.6421336934503714,0.6447368421052632,0.6188140882746321,0.6120879120879121,0.6039076376554174,0.5907378683802349,0.5779837251356239,0.5637477313974592,0.5513477389173536,0.5322617680826636,0.5093427126841064,0.4873142857142857,0.47077480743090167,0.45559930008748906,0.42857142857142855,0.41729409080538443,0.3935412026726058,0.36351320839918716,0.3607694028181615,0.3640223463687151,0.3381664064242695,0.31469323069956984,0.33746556473829203,0.32454128440366975,0.31824204946996465,0.324442400551851,0.3330316742081448,0.3233707865168539,0.35020152261531573,0.36286630036630035,0.37757589186793705,0.3992756903576279,0.4106077348066298,0.43442803614723385,0.42361887720867814,0.4769127816194513,0.48146463497839437,0.5134710372698698,0.5204335064348612,0.5420852868943961,0.545906829488919,0.5864003590664273,0.5988876529477197,0.5953488372093023,0.6181778169014085,0.6260419013291282,0.6279742050255726,0.6391451068616423,0.6564936511472488,0.6507394766780432,0.6328711070697886,0.6314468279324509,0.6224770642201835,0.605540293040293,0.6062176165803109,0.5996856757970364,0.565584704313028,0.557057745187901,0.5467120181405896,0.5094640820980616,0.5139171758316361,0.47333935833709895,0.46863718411552346,0.43541761752624375,0.41450068399452805,0.4006726457399103,0.39353655741462296,0.36992414100847837,0.36190689346463745,0.352608990286876,0.3393222651808051,0.3272192028985507,0.3105661242264497,0.31710709318497915
0.3031998209890356,0.30357962368058744,0.30628390596745025,0.3176549264378065,0.3208047755914216,0.32755125028159493,0.3460231135282121,0.35838537020517397,0.38189749182115595,0.40613718411552346,0.4131549609810479,0.44754464285714285,0.45464930317569113,0.48013468013468014,0.4945591827670442,0.5341246290801187,0.5416098226466576,0.5562471184877824,0.5752568110763734,0.5742725880551302,0.595707014826289,0.6086167800453515,0.6147947677041047,0.6275692582663092,0.6195378631892016,0.6248860528714676,0.6101959038290294,0.6108527131782946,0.6169925826028321,0.6101050748938073,0.5952973095184264,0.5853122251539138,0.5675857431069267,0.5390642489366465,0.5326737229636447,0.5151311365164761,0.4834123222748815,0.4660063034669068,0.447098976109215,0.41787709497206704,0.40447427293064875,0.38159981871742576,0.3811346240432238,0.3469477382520861,0.32889089676982153,0.3305372931308093,0.31018730013704887,0.3040494166094715,0.30049594229035165,0.3056501021102791,0.30572390572390573,0.29354614850798055,0.3014135886912905,0.3190348525469169,0.32656743346865136,0.33766233766233766,0.3455462922334357,0.38368923216719675,0.38710397144132086,0.4076012744651798,0.4159569699686239,0.4315115481362909,0.47615756738078785,0.48632010943912446,0.5027447392497713,0.519404332129964,0.5329571106094808,0.5605411499436302,0.5806805708013172,0.595445411922304,0.6001755540926048,0.6140586523393776,0.611366774045099,0.6340539335859149,0.6330663106364041,0.6301493888637393,0.6201602136181575,0.6168453976764968,0.6110360360360361,0.6083658928981843,0.5747800586510264,0.5692858741884934,0.5522083805209513,0.5441501103752759,0.5252732240437158,0.5013550135501355,0.4720982142857143,0.45822162645218945,0.43285586392121755,0.40350877192982454,0.3853714285714286,0.36555002263467634,0.3625,0.34549116133363167,0.3228346456692913,0.3384407390716539,0.3134628265237776,0.29081518077700425,0.2986607142857143,0.30219534050179214
0.27625056331680936,0.2776682007451238,0.27954285714285715,0.2884702678166137,0.3022618231665524,0.31091862320492364,0.3184068406840684,0.3256451244576387,0.35424688561721407,0.3718271209695861,0.39213851193261584,0.43012951601908656,0.4241679696225151,0.4610549943883277,0.4775591421622817,0.4988589685075308,0.505267877157588,0.5386727688787185,0.5492671927846674,0.5795991893717631,0.5818886861313869,0.5930927606818684,0.6117699709107183,0.6141105614110561,0.6146829810901001,0.6177076183939602,0.603918978423602,0.60431654676259,0.6026021456288518,0.5861452513966481,0.5823745973308789,0.565929203539823,0.5507214206437292,0.5336463223787168,0.502710027100271,0.49384098544232924,0.48253025804978306,0.4473507712944333,0.41958832843248134,0.41210374639769454,0.3791106993978694,0.3678031158275006,0.33796296296296297,0.3286036036036036,0.31074873679375287,0.297924570408391,0.3031053105310531,0.27333180463196516,0.26932447397563675,0.26333259570701484,0.25411334552102377,0.2744328097731239,0.27547592385218367,0.2959021960606747,0.29754116850891044,0.3101337565177964,0.3292790800530739,0.33548962748159716,0.3663210099188458,0.373732921992067,0.3977635782747604,0.4241685144124169,0.44254168544389366,0.45028312570781426,0.4823658269441402,0.5074387731746395,0.5246800731261426,0.5388251181634031,0.5639831448214682,0.5855530474040632,0.5888223552894212,0.5971111111111111,0.6063805886317681,0.6030769230769231,0.6247491638795987,0.6098109810981098,0.6109464082098062,0.6004957187922487,0.5915869129757401,0.5899148054340317,0.5895505866725703,0.5468962392387857,0.5466017268098295,0.5195926499889307,0.48479346345891966,0.4807088380439659,0.4662973222530009,0.44954128440366975,0.42507922136713444,0.3955020445252158,0.3706743566992014,0.3465638466772511,0.3322862912272829,0.30886243386243384,0.29764107308048104,0.29241472172351884,0.2878587196467991,0.2785634118967452,0.27386541471048514,0.2718039302274233
0.2388663967611336,0.24259681093394078,0.2518304859108054,0.2570840950639854,0.2746899402847956,0.28584229390681004,0.29984051036682613,0.3272606087536103,0.3247354497354497,0.35618615209988647,0.3696472154426448,0.387348154939262,0.42476105801289177,0.4408772326475243,0.45293986139056563,0.4868956168097605,0.5107054315979265,0.5203874746564542,0.5310516772438804,0.5709969788519638,0.5686274509803921,0.5873121131741822,0.5973441368444744,0.6051433773327265,0.6032104906172281,0.6077226853883282,0.5945761166818596,0.5968261269549218,0.5916312374132916,0.5775123929698062,0.5641257634019453,0.5343159834177799,0.5288028802880288,0.5107296137339056,0.5011337868480725,0.47694649847759896,0.4492099322799097,0.4259927797833935,0.4020963425512935,0.3789258079198908,0.36434453594480304,0.3454463885150292,0.31676040494938135,0.30873527450544563,0.2817125939421544,0.27522732313151477,0.2564336142108859,0.25563063063063063,0.25900400177856825,0.2469080278839667,0.25753424657534246,0.2566471383506084,0.25601258709822433,0.2655491839435377,0.27093937991670525,0.2877762742444745,0.3009145661387464,0.3188041989958923,0.3394308943089431,0.3721881390593047,0.370956641431521,0.40090600226500567,0.41881471689799515,0.4572465411657972,0.47229669347631814,0.4875200366384245,0.5059430365552815,0.5386183465458664,0.5528987141890368,0.5724217844727694,0.5751811594202898,0.5839285714285715,0.5949395942557556,0.5939799331103679,0.6048225050234427,0.6091644204851752,0.5984287317620651,0.5996922400527589,0.5919282511210763,0.5712091288128155,0.558206958073149,0.5353446377449901,0.5152935923197142,0.5142142369797589,0.475788031064413,0.4654823476501012,0.4439684329199549,0.420897552130553,0.3903985507246377,0.3675799086757991,0.35409763640379943,0.33057661382954284,0.32572848430088097,0.30089285714285713,0.2836087539079946,0.27140549273021003,0.2588693064774548,0.25392200806813087,0.25158227848101267,0.24135608441850023
0.2296045197740113,0.22087711283691183,0.2264026402640264,0.23597547126958893,0.2448471121177803,0.2533422459893048,0.2748247002940511,0.28813171735650583,0.30571363532893236,0.3205607476635514,0.34792268384803376,0.3736038294962389,0.39838150289017343,0.42912754751545684,0.4438176895306859,0.4755197853789403,0.4905119152691968,0.512735326688815,0.5318863280375923,0.5397563676633444,0.5629331544824503,0.5736971594721538,0.5794951284322409,0.5770385770385771,0.5978285455779235,0.5854148082069581,0.5811320754716981,0.5958810068649886,0.5799731182795699,0.5659035341186931,0.5611136260751471,0.5417315824616069,0.5098743267504489,0.5275714607247355,0.4779860013547076,0.4537483559842174,0.42729904252950346,0.41801841297676456,0.39226519337016574,0.3717312894499549,0.35073957866427613,0.3296903460837887,0.31607142857142856,0.2833775419982317,0.2668457577792702,0.24960290447016112,0.2377196935556557,0.2371389891696751,0.21612466124661248,0.21576198046786282,0.22339955849889626,0.225,0.23866934583612415,0.22794284418235428,0.2564444444444444,0.2623358985966501,0.27217056021773645,0.2938905291846468,0.32117938329957235,0.3513575701794754,0.3639006933571908,0.37738817711845357,0.411379543915105,0.4268888888888889,0.4449428122897511,0.4767781018622392,0.5002233139794551,0.5207624234172906,0.5386877828054298,0.5552043350643486,0.5638369736545823,0.5734702992407325,0.5733213563889513,0.5788881386450596,0.5853494623655914,0.5795909293019119,0.5777630708140304,0.5836531948521111,0.5744632768361582,0.5499779832672831,0.5471030517470146,0.5400091449474166,0.51102114260009,0.48445537910981884,0.476457399103139,0.4414295168762409,0.42379014020805067,0.403485254691689,0.3854379977246871,0.3536530703720305,0.322310405643739,0.31192865105908585,0.28678187762727697,0.27865921787709497,0.26558995065051594,0.24715592237341066,0.2285970416853429,0.2211021505376344,0.22875816993464052,0.21683212996389892
0.21,0.20725034199726403,0.22209846290933394,0.2211858760826116,0.21859130050783837,0.2385279418446161,0.2602802664828854,0.27081937932574235,0.3003748828491096,0.30641385767790263,0.3354618015963512,0.3551002026570592,0.37921666289336653,0.3903296703296703,0.4140642552235453,0.4566770879857079,0.4597156398104265,0.5005544466622311,0.5068278486680099,0.5414965986394558,0.542684293076406,0.5605512878445549,0.5771516618974246,0.5735426008968609,0.5698778833107191,0.5849767338799025,0.581822354831306,0.5767431499220317,0.5680783242258652,0.5431506849315069,0.5395064523432194,0.5290498974709501,0.4994455533377689,0.4846544491057629,0.4639782510194835,0.446273637374861,0.42186452045606976,0.40916307552733044,0.3636779505946935,0.35421965317919074,0.3232913669064748,0.3038059203204986,0.2815884476534296,0.2635225748770675,0.24127708095781072,0.2341474344611248,0.2150635208711434,0.21129285234147435,0.1960194399444573,0.20333258275163252,0.2012886025327705,0.20989304812834225,0.20914285714285713,0.2222713212549713,0.23005112247166037,0.23935091277890466,0.2522214627477785,0.2681078671718297,0.314709236031927,0.31679389312977096,0.3517532179316467,0.3713895838071412,0.3955020445252158,0.429214494710781,0.44746906636670414,0.4696703296703297,0.48011748757342976,0.5001119820828668,0.5253351511020222,0.5314259968461366,0.5561019222172553,0.5604322893692104,0.5736312849162011,0.5802861685214626,0.5720782173715325,0.5797134409824881,0.5758763837638377,0.5680142952870225,0.5477649194463354,0.5349840981372104,0.5216021602160216,0.5184331797235023,0.501109139307897,0.4714348015699956,0.45134151887221463,0.4260341726618705,0.39584713938590677,0.3829979651820032,0.3590039197602029,0.3377604762995191,0.31522707034728403,0.2927374301675978,0.27091362502833827,0.2522381378692927,0.2417506874427131,0.2313653977661272,0.21773288439955107,0.21040774949312907,0.20462713387241688,0.19877467665078286
0.18179754879709487,0.18165548098434003,0.1871476888387824,0.1935483870967742,0.1977728285077951,0.21685393258426966,0.21969355565570076,0.2447444124806373,0.26909173068233166,0.2830621132248453,0.3116216819094356,0.3407587119541244,0.36300448430493276,0.39318538444295004,0.4225922592259226,0.4402358811521887,0.4598508117595437,0.48253176043557167,0.4989984420209214,0.5141700404858299,0.5423232778027915,0.5577477277765462,0.5563474387527839,0.5676164631388512,0.5704801947333481,0.5755774068145438,0.5734702992407325,0.5720099479990957,0.5424792647388478,0.557468694096601,0.5153538050734312,0.5147123407992973,0.4947626476487631,0.47309621523027817,0.4553372041089772,0.4304192685102587,0.4043321299638989,0.37599093997734995,0.35190217391304346,0.3279742765273312,0.30623861566484517,0.2738285714285714,0.2587787966897786,0.24095281722400366,0.22341641893437,0.21274200810445745,0.19521466905187834,0.18590328467153286,0.17838078291814946,0.17985125084516565,0.17771287351157045,0.1719862227324914,0.18621892716964675,0.20186618115612198,0.2094017094017094,0.22295007906031172,0.2448291366906475,0.264679515912147,0.2753206545776205,0.2972912469218715,0.3363390441839495,0.35485287659200704,0.3808870598994056,0.40565198041833556,0.42571103526734927,0.4507829977628635,0.45695364238410596,0.500907029478458,0.5061043285238623,0.5284280936454849,0.5453534904401957,0.5672012649649876,0.566622691292876,0.5544100801832761,0.573404730031236,0.5626980534178361,0.5544466622310934,0.5559041003809096,0.5464214491469089,0.5425297487880123,0.5073496659242762,0.500672344240251,0.4891008174386921,0.46196495897094697,0.44111686557081736,0.4145279560036664,0.3891988395447445,0.37748798901853126,0.34119217081850534,0.3154423470548101,0.29423547740930334,0.270474879559532,0.26671293083506825,0.24166666666666667,0.21904336164506036,0.2006269592476489,0.19068934646374217,0.18477043673012317,0.18013698630136987,0.18109339407744876
0.16028654578016566,0.16736772193934027,0.1637599093997735,0.1775,0.19067987393066185,0.19132540730955527,0.22159475943076576,0.23280658802581794,0.2624444444444444,0.2747004295726882,0.3032952252858104,0.32362240289069555,0.3250670241286863,0.37998647734956054,0.4013114754098361,0.4111943587483473,0.45541899441340783,0.47648902821316613,0.48673946957878317,0.5087601078167115,0.5288808664259927,0.5353650216056403,0.5434062292909212,0.5665591893136803,0.5657744223289864,0.5485714285714286,0.5648574057037719,0.5415599534342258,0.5545735749005745,0.5323725055432372,0.5147942157953281,0.5035682426404996,0.47792792792792793,0.4653375623017671,0.42702583351733275,0.41297935103244837,0.3797496647295485,0.36557231588287487,0.335423197492163,0.3158255309431377,0.289485559566787,0.27014000459031445,0.25248289560803355,0.2234464521815778,0.21547973437142204,0.19243046055631555,0.1861086375779163,0.1609271523178808,0.15844444444444444,0.16144096064042696,0.16394887615689732,0.17048742488315158,0.17270504556568125,0.19564240790655885,0.19530002281542322,0.2120476610767873,0.2271901951883795,0.24385245901639344,0.271577044735653,0.2870225597498325,0.3196647032170367,0.3370337477797513,0.3678815489749431,0.39492339355133776,0.40027167760923704,0.4318906605922551,0.4592409611497867,0.47242095545811214,0.5004541326067211,0.5149524241051201,0.5293072824156305,0.5427813398187044,0.5458351696782724,0.5520145686319144,0.5691093573844419,0.5560706401766005,0.5516078255003373,0.5441241685144124,0.5358708189158016,0.5332000888296691,0.5129604365620737,0.497566628041715,0.4653555911273725,0.45403334835511494,0.4256375535996389,0.40661831368993656,0.3765607886089814,0.34742314647377937,0.3314505196565748,0.3034894398530762,0.2711864406779661,0.2511690046760187,0.24336482231219073,0.21428571428571427,0.20189061444969614,0.18929947857628657,0.17164179104477612,0.16274422735346358,0.1558118498417006,0.16707837412980014
0.1355594869526758,0.13972101532128972,0.14929270946681175,0.15372279495990837,0.16651604157252597,0.18268337975858867,0.20334821428571428,0.21266454834316842,0.24296733212341198,0.25904677846425417,0.28255528255528256,0.31040683299617894,0.326125724476148,0.37394397510004446,0.3923626619026351,0.41894353369763204,0.4411106135244066,0.464301651048639,0.4714253947075828,0.48986486486486486,0.5249496531662564,0.5255067943862776,0.5324232081911263,0.5589403973509933,0.5622182146077548,0.5621208717142215,0.5479421076436002,0.5329845313921747,0.5295486272684969,0.5163413527008625,0.5148624667258208,0.4937704918032787,0.4609833107803338,0.44209072069997696,0.42420122365737595,0.38461538461538464,0.38009861048857013,0.3608432383942588,0.3125566636446056,0.2966666666666667,0.27380952380952384,0.25096350034005893,0.22468215694870672,0.19629963898916966,0.1910913140311804,0.1714942528735632,0.1673441734417344,0.14977168949771688,0.1415889924545051,0.1422680412371134,0.13871777321469314,0.14046595792807057,0.15205603253502034,0.16370586912525298,0.17121588089330025,0.1913929784824462,0.20239439801219788,0.22061191626409019,0.24638647987547255,0.26929902395740907,0.3022985837009519,0.32169576059850374,0.35637583892617447,0.35815842924847663,0.40983240223463685,0.4369481548562373,0.4470588235294118,0.4689090506749281,0.4771415889924545,0.5038601271571299,0.5193693693693694,0.5320703035836567,0.5538636363636363,0.5524412296564195,0.5453138815207781,0.5520694259012016,0.5464616775943929,0.5455953961930058,0.5256380238819949,0.5182401061242539,0.5052059755545496,0.48515728843597694,0.46471522577717267,0.4454628780934922,0.41545025825286325,0.39036839769196624,0.36283783783783785,0.3303431262614936,0.3158593231585932,0.27924869880063363,0.25939339067451334,0.23520036429872496,0.22160356347438753,0.2016825829922692,0.18008093525179855,0.169052488070893,0.16401016401016402,0.15316117542297417,0.1392489941886455,0.14113443501563197
0.12917042380522994,0.13734713076199437,0.1293219577907499,0.13880764904386952,0.15732122587968217,0.15469225368593495,0.1822594880847308,0.1995949594959496,0.22045454545454546,0.24672440595158784,0.27077625570776254,0.3091689250225836,0.319672131147541,0.35195154777927323,0.37360637087599546,0.39356155066878257,0.4259012016021362,0.4460661345496009,0.47477064220183485,0.4822821484287943,0.4997730367680436,0.5198603230030554,0.5274186357556844,0.5370370370370371,0.535052012663953,0.5450281425891182,0.5280697830462984,0.5406989853438557,0.5269109000452284,0.5090949921401302,0.4935534946844605,0.4687568515676387,0.455120693695805,0.4332955832389581,0.4144486692015209,0.38515745430521914,0.36039470733348283,0.3422544794738036,0.3042983852626791,0.28147810218978103,0.2642440556303275,0.22815315315315315,0.21034794396746498,0.1896356641774157,0.17412602983745268,0.15692446043165467,0.13676341248900617,0.13354898336414048,0.13375651779641803,0.1262683201803833,0.12585258525852586,0.13061132415971125,0.14348025711662074,0.1471511888739345,0.1575141242937853,0.18561379623326527,0.19133735208751954,0.20478961504028648,0.23576512455516013,0.2501106684373617,0.2838565022421525,0.3134839151266256,0.3416149068322981,0.3639425235743152,0.38461538461538464,0.4139087656529517,0.4395089285714286,0.45520361990950226,0.4735772357723577,0.5105381165919283,0.5159407274360126,0.5138357705286839,0.5424528301886793,0.5388850653819683,0.5368906455862977,0.5322760777306231,0.530242825607064,0.5301094890510949,0.5276641550053821,0.5069569120287253,0.4916520210896309,0.47957330912392193,0.4487323311644604,0.4374013083690503,0.40361043013149095,0.38223508459483524,0.35286225402504473,0.3228882833787466,0.29916080743932866,0.26981218506642235,0.2434651112551307,0.22924988903683977,0.21331853496115427,0.1835088505489581,0.16860597764088525,0.15879534565366188,0.14767363452461227,0.1435632442147832,0.12009858839345731,0.11631046119235096
0.10647417099030003,0.11209842788790157,0.1117633777376383,0.13869594443199643,0.14022057168579788,0.14402173913043478,0.165404909382886,0.19153724960612198,0.21202809482001755,0.23257357822527108,0.25892857142857145,0.2812640071716719,0.3059320151077538,0.3507769652650823,0.37562076749435663,0.39456398640996604,0.4084507042253521,0.43538183461364666,0.45986736793962957,0.47953877458738414,0.5003441156228493,0.5141037306642402,0.5261394101876675,0.5130337078651686,0.537519483411267,0.5407801418439716,0.5236315673774455,0.5362676847069392,0.5296135376171964,0.5125416204217536,0.47138721888220886,0.4658886894075404,0.4506852392720737,0.42474916387959866,0.40389294403892945,0.3876957494407159,0.3571110120374498,0.3262921348314607,0.3047511312217195,0.27450980392156865,0.24221375756217792,0.21412403802625624,0.19536870503597123,0.16473988439306358,0.16227272727272726,0.14288903773163653,0.13160250671441362,0.12288231307883443,0.11038522189682361,0.11363120889090497,0.11889548151528982,0.11180124223602485,0.11935628073312472,0.12084726867335563,0.13519553072625698,0.1649854292759471,0.1727434415295687,0.19485458612975393,0.2287292817679558,0.2597461468721668,0.27205553067622035,0.29893641095270423,0.32303180690277467,0.35406698564593303,0.37181238615664847,0.4026599403806466,0.425834084761046,0.45991369520781283,0.47106145251396647,0.48927320490367776,0.5166935298180981,0.5187583742742296,0.5292529252925292,0.5404611211573237,0.53125,0.5300570425625274,0.5292127227611099,0.5219804618117229,0.5090020004445432,0.4983096686950642,0.48121156911865176,0.46739846322722284,0.4467502850627138,0.419124218051832,0.38995108937305467,0.361716621253406,0.33921302578018997,0.3162374020156775,0.28896473265073946,0.2606751620836128,0.23137254901960785,0.2014858171994597,0.18322147651006712,0.16344586728754365,0.15287330818726425,0.13800904977375567,0.127948375611927,0.11905839746491625,0.11014426379665675,0.10724835264712565
0.09465020576131687,0.09388938447814452,0.09497716894977169,0.10525108919972484,0.11191335740072202,0.13998613998613998,0.15333939118582463,0.16852215673433749,0.19811743612729718,0.2343887423043096,0.2395644283121597,0.28474881730119395,0.31159581571333184,0.32872126757420217,0.3531021897810219,0.38410153640614564,0.40925426774483376,0.42991702175375646,0.45026059370043053,0.4751725673569361,0.47825096788886357,0.5146067415730337,0.5186991869918699,0.5143868968570163,0.5323008849557522,0.5234517304189436,0.5169258920402562,0.5277838787612563,0.5179336792240018,0.4892665474060823,0.46472842010367366,0.4641708773541571,0.4370846256092158,0.4219484882418813,0.3933913820049118,0.3595152603231598,0.354176072234763,0.31288614298323036,0.2710802952359651,0.25553319919517103,0.23875278396436525,0.21847048300536673,0.18828176431863067,0.1630891790219075,0.1548791405550582,0.13671274961597543,0.11534179470051213,0.1059265811587793,0.09282984940436054,0.09384893713251923,0.0943056493360342,0.10126582278481013,0.10218652387327086,0.11872043252984907,0.13100634632819583,0.15030467163168584,0.16633132126089872,0.19091522374634584,0.2130354675264855,0.23370319001386963,0.25414867015230735,0.2855818266110338,0.3071253071253071,0.35695067264573993,0.38091985428051,0.37755102040816324,0.4295030357544412,0.43988945186549977,0.45613249776186215,0.4742578849721707,0.487324581258488,0.5179757270437371,0.5213143872113677,0.5311314438741352,0.5248630887185104,0.5285648994515539,0.5218177707438391,0.5088417329796641,0.5049459397285484,0.48879613356766255,0.46826835902085223,0.4639197732722913,0.4185210159586424,0.40231162480551236,0.4005037783375315,0.36907216494845363,0.3305748154775218,0.2968025949953661,0.2785858133810696,0.25081788440567065,0.2231593343970823,0.19664804469273742,0.168440117726964,0.1617549302016397,0.14559561843906893,0.11869031377899045,0.11750168501460347,0.09678868178755895,0.10625,0.09151785714285714
0.08053691275167785,0.08093402856495126,0.0913942628418946,0.09536723163841808,0.10586426531956951,0.12064343163538874,0.1391011235955056,0.16674087266251114,0.1775255391600454,0.2079361560629572,0.23327464788732394,0.26225820962663066,0.2934065934065934,0.3306048203728968,0.34384649316277016,0.37782754759238524,0.40432309442548353,0.4259427532939573,0.45148916967509023,0.4540295119182747,0.4832199546485261,0.4753252579632122,0.5149435466017268,0.5079865016872891,0.522911051212938,0.5120685765847056,0.5213195691202872,0.5206363845976482,0.5062259452116822,0.4856562005873052,0.46921684019918514,0.4607142857142857,0.4349330872173512,0.4170737380786229,0.388016157989228,0.3657830251726442,0.3360071301247772,0.31148292459316984,0.2635435168738899,0.2446342026309716,0.23047661669277245,0.1995505617977528,0.16967827236668137,0.16726377071204657,0.13088301210219633,0.11068093828285129,0.11012630179481497,0.08434547908232119,0.08556029642937346,0.089548802946593,0.08573342263898191,0.08267449740230404,0.09390519187358916,0.10263275323516287,0.1227242076871207,0.13099257258609048,0.16906395220181455,0.17276051188299818,0.19876768598813327,0.22520707409894783,0.25432604735883424,0.2810137839039573,0.30863921217547,0.3297825122059476,0.36511574604629843,0.3921878527884398,0.39798657718120806,0.43207377417903736,0.4438834060133119,0.4614162505674081,0.49097472924187724,0.5004434589800444,0.5201916495550992,0.5285145888594165,0.534761796216093,0.521670783741298,0.5187557182067704,0.5043208508752492,0.4885044388800364,0.4834048317904719,0.4649243466299862,0.4561637739207833,0.43481152993348116,0.3869962146515253,0.3721973094170404,0.3484360625574977,0.31151596941070625,0.2951903350809209,0.27150837988826815,0.23763250883392226,0.2083710407239819,0.19074620095259695,0.16121076233183856,0.13555904100380908,0.1178595619778731,0.11993627674101047,0.10120263217608351,0.0894854586129754,0.0832,0.09139664804469273
0.07599193006052454,0.07563025210084033,0.0786697247706422,0.08446927374301676,0.09816933638443937,0.11699227623807361,0.13132006405856783,0.15554553651938682,0.17414482452243446,0.20615796519410978,0.23374340949033393,0.2550744248985115,0.2823448591710556,0.3181818181818182,0.35766092475067995,0.36101163831692035,0.3990632318501171,0.41808952468850946,0.45487283367094306,0.46255902855857883,0.4842879429462893,0.4765659220324135,0.49039523073526164,0.5118727598566308,0.5101102941176471,0.5120805369127517,0.5113173381620643,0.49464082098061574,0.49689303151353753,0.4850574712643678,0.4661569597481448,0.4446206115515289,0.43546551331664013,0.41528606140932184,0.3854096520763187,0.34809979016087667,0.31279836326437827,0.2932670582919114,0.26776677667766774,0.24035406264185202,0.21824175824175823,0.18080357142857142,0.16394557823129252,0.1351107094441934,0.12724820143884893,0.11247443762781185,0.09528069783046299,0.08822222222222222,0.07425968109339408,0.07853170189098999,0.06573841588678384,0.06548832993428506,0.08227988467509426,0.1047335924994283,0.10607434270172257,0.1369455875628715,0.15386313465783663,0.16495306213679034,0.18239277652370203,0.21647214269984585,0.2411899313501144,0.26996197718631176,0.29508196721311475,0.32836153161175424,0.3506167199634536,0.377518315018315,0.398735606231655,0.42176258992805754,0.44368600682593856,0.46242900830056793,0.483900022517451,0.48493705035971224,0.4979693140794224,0.5148223579995475,0.5069289226642825,0.5151447161768006,0.5127914874349105,0.5048109196688297,0.4858543105368679,0.4825174825174825,0.4604966139954853,0.44948361023798833,0.41342914888838983,0.3772535054529268,0.3636980108499096,0.33683489381137244,0.3107319263583296,0.27221214868540344,0.2516945323090827,0.22868927589367552,0.2083977900552486,0.177078750549934,0.15146726862302484,0.13246226627618832,0.11674107142857143,0.09590274651058082,0.08182640144665461,0.08158135283363803,0.07242017584451643,0.07321389073213891
0.05922803904170364,0.06266786034019696,0.06593406593406594,0.07780847145488029,0.09070598748882931,0.10469890510948905,0.12124633100022579,0.14558255734726322,0.17273743016759777,0.19724137931034483,0.21624662466246625,0.2480513525905548,0.28474881730119395,0.3184855233853007,0.32398753894080995,0.35812796744291203,0.37237840249888443,0.4122767857142857,0.4332138054683998,0.45460555310709566,0.4703311867525299,0.4775293336285145,0.4939189189189189,0.5027734635012203,0.5023338519671038,0.5142541436464089,0.5203180212014135,0.4921573084791998,0.478406802416648,0.4669915817456801,0.46681564245810053,0.445970695970696,0.41955694786305664,0.4034971226206286,0.3789912077741786,0.3505338078291815,0.3171592412880459,0.291044776119403,0.2632281013783904,0.23362791751642872,0.20691213011068443,0.18770078017439193,0.15784812928935135,0.1278127812781278,0.11170688114387846,0.09700176366843033,0.0834841628959276,0.08065603235228039,0.06289167412712623,0.06594885598923284,0.06439477760566498,0.06601853945286006,0.0797408979227161,0.08547397135712662,0.10491428571428571,0.11575124829777576,0.13444800732936327,0.15772870662460567,0.18289623717217787,0.2085415720127215,0.2283922973578146,0.2601681436037264,0.28742780986228345,0.3156831949741979,0.33616260888988164,0.38131089459698847,0.4128,0.42237544483985767,0.4387685290763968,0.4565560821484992,0.481489841986456,0.4938520008942544,0.4950203712086917,0.5023858214042263,0.49520328917313844,0.5147422912446545,0.5085401958551583,0.4977210574293528,0.48975501113585745,0.4554118447923758,0.4542245753364218,0.43269017520514524,0.4084196605686577,0.3776065276518586,0.3605257194652164,0.3170731707317073,0.31509895485879474,0.2823476093360526,0.23602199816681943,0.21773444753946147,0.19012511170688115,0.1628012733060482,0.1496081143384048,0.12097495527728086,0.10267758353618057,0.08759288448547624,0.07999123383738768,0.07397563676633444,0.06651735722284434,0.06319365798414496
0.056220365771054416,0.05534478910957376,0.06418542455983954,0.07433507615367128,0.07876004592422503,0.1049966982170372,0.11699039964277741,0.1454019149409931,0.16580543698045383,0.18759972646455436,0.2195779074988774,0.24085778781038375,0.2748314606741573,0.3014807959278112,0.33002705139765554,0.3434909253865113,0.385038503850385,0.39561185252205383,0.4221824686940966,0.451459606245757,0.4653733363410783,0.4719023491478581,0.5022512381809996,0.5042227801871719,0.5052559414990859,0.5044449509915659,0.5039890585821746,0.505427408412483,0.4762984803810388,0.4810725552050473,0.4659090909090909,0.4523809523809524,0.4026003138309796,0.40268303774442926,0.3636991028295376,0.34764732754682504,0.3153396311291048,0.27492516693529817,0.2427536231884058,0.2265466816647919,0.20061864781263808,0.18912898195589217,0.15914221218961624,0.12700203022783668,0.10420560747663551,0.09202453987730061,0.08028076332529063,0.06920649233543733,0.058742857142857145,0.05639344262295082,0.057030708843223275,0.057046223224351746,0.07111012037449845,0.08566275924256087,0.09048672566371681,0.11195192521700423,0.13026556776556777,0.16004439511653717,0.17572463768115942,0.21137290439510648,0.23514851485148514,0.2616279069767442,0.28701387309529225,0.32132722113075746,0.33385196710380083,0.3729462075174432,0.3952903520804755,0.41657309678868176,0.4392130857648099,0.4528888888888889,0.4840244731475187,0.48566308243727596,0.4959456497918036,0.5190582959641256,0.5077625570776255,0.5094297260889088,0.5063601874581567,0.485654789449329,0.48566348077350524,0.46209465381244524,0.438204833141542,0.43136353184640147,0.4146829810901001,0.3778229448961156,0.3505543237250554,0.3377173428444048,0.2939846223428313,0.26465364120781526,0.23915989159891599,0.2082674497402304,0.1907514450867052,0.16103023516237402,0.1408355795148248,0.1179701230228471,0.10146892655367232,0.09041713641488162,0.08161414645205169,0.0625,0.05778561976179974,0.05682800345721694
0.04499113475177305,0.04509404033537276,0.06228293586478351,0.07224247948951687,0.07919049714034315,0.09307553956834533,0.10826901874310915,0.12894438138479,0.15842696629213482,0.17342594667264172,0.2107119241789729,0.23557802803953115,0.26318151222795605,0.27974060822898034,0.32219405392947686,0.35630893578805567,0.37485843714609285,0.41326415519963905,0.4176670441676104,0.43827578424734825,0.4736726634488811,0.4709562109025916,0.5008714596949891,0.49977106227106227,0.49816933638443933,0.5057523122039251,0.5052844614346751,0.5006778129236331,0.47510185604345856,0.47102425876010784,0.44778126400717166,0.4382425465142345,0.411101083032491,0.3963718820861678,0.36371800628648404,0.3438421410750737,0.31554947560419516,0.28107248352647124,0.25559105431309903,0.2289074869938928,0.19421675774134792,0.1606941627225603,0.14317874831157137,0.12682052431100158,0.0955458112162474,0.08265398550724638,0.06482945561328213,0.0610704483074108,0.054362722704431245,0.049206349206349205,0.05572755417956656,0.04909213180901143,0.06037151702786378,0.0713963963963964,0.09290465631929047,0.10146211785556047,0.1288174512055109,0.14081038728453102,0.16659132007233274,0.2021734208738963,0.20568636161705908,0.24269204622705642,0.2831959706959707,0.31365313653136534,0.3389563652721547,0.36496844003606854,0.39797713280562885,0.4198732458125849,0.4320792971389953,0.45194456861868576,0.47203030978381993,0.4916226761533165,0.5030467163168585,0.49332730151549425,0.51168484308925,0.5135377041843813,0.48239277652370205,0.49443207126948774,0.4868663594470046,0.477728285077951,0.4465366509751177,0.4251418594500218,0.40500670540902994,0.38266337300696157,0.3558212996389892,0.3188792528352235,0.30234128770823954,0.2686731107205624,0.24,0.2026936026936027,0.19543605964753727,0.15053035432182352,0.13782857142857144,0.11452079163887036,0.10247823174815807,0.07776510832383124,0.07179601878774323,0.058982440342188205,0.05440647482014389,0.05352363960749331
0.04989839692932942,0.05372656607224508,0.051669675090252706,0.06272563176895307,0.07732426303854875,0.09341535657325131,0.1118583277292087,0.1377179430589274,0.15192943770672546,0.17603686635944701,0.20982245792022136,0.24833997343957503,0.2625711035267349,0.2937541381593467,0.32450935645823825,0.3490460157126824,0.36735149620366236,0.4072337575351641,0.4300529567519859,0.442073870153705,0.46820420958351994,0.4793203666443103,0.49294843543411193,0.4998890614599512,0.49260089686098657,0.508724832214765,0.505823247316739,0.4892003676470588,0.48156525672924677,0.4661464310305256,0.45470973571267226,0.44148215092634435,0.4271689497716895,0.39809134287661896,0.37185816876122085,0.33995934041111364,0.30305100182149364,0.2723066754791804,0.2475584828526005,0.22154471544715448,0.1760468257541648,0.15842894969108562,0.14480446927374302,0.11865178774766567,0.09805693628558518,0.08382969335980586,0.0671864251318505,0.05784559325893874,0.05078731426036815,0.043536503683858,0.04560697518443997,0.04224058769513315,0.056954844565464034,0.07044789556605897,0.08450057405281286,0.10051145207916388,0.12433801519686852,0.14895509115162295,0.17053734061930784,0.18951965065502183,0.21825930910722297,0.25376540392514835,0.27220376522702106,0.3113854595336077,0.32594726346111236,0.3688085676037483,0.39524021352313166,0.4116740088105727,0.4458496206024373,0.45983133599644915,0.4753577106518283,0.4956829754261678,0.4848138844485042,0.5032650303985589,0.5041101977338369,0.5116174148432213,0.5083483754512635,0.4811277853569804,0.4824742268041237,0.45849802371541504,0.4328458942632171,0.42725846222819996,0.3985264567983925,0.3776239392585976,0.33486028401282636,0.3298649546158955,0.2887712839392545,0.25925925925925924,0.23048081164534628,0.20249498774782804,0.18106427090532135,0.15661304736371762,0.1282638570774164,0.1064155901029122,0.09800362976406533,0.07718657227677551,0.06747638326585695,0.0531478102189781,0.04621112571178274,0.04567035948451277
0.04814151365875504,0.04364454443194601,0.05176796856944765,0.05905511811023622,0.0790759662372279,0.09833447410449464,0.10972000910539495,0.1299080098721113,0.15315517628565012,0.1697857948139797,0.20586260908480644,0.23925275714607247,0.270917225950783,0.299931833674165,0.3368723733687237,0.3465368945224083,0.3746378426565634,0.40714928057553956,0.4239204160072349,0.44702434625789,0.46139913968757074,0.4815985549785505,0.47745535714285714,0.5020325203252033,0.4994388327721661,0.5039945217986761,0.5017825311942959,0.48971011285682675,0.4731349911190053,0.4743362831858407,0.45939312806782684,0.4287677508016491,0.4242219215155616,0.38104884087328383,0.3609205576454968,0.3324450366422385,0.31514450867052024,0.28266360505166477,0.240990990990991,0.2058955895589559,0.18664226898444647,0.16104953630400362,0.13719306150033792,0.11365195517951063,0.09613234965347642,0.0796420581655481,0.0694954128440367,0.05474452554744526,0.04839449541284404,0.0498049116364471,0.04781327894856107,0.04809397163120567,0.056045197740113,0.06590389016018307,0.07233848953594177,0.10343280233340812,0.1142347166443552,0.13861824623560673,0.17280842298008697,0.18810325476992143,0.2173719376391982,0.2531986531986532,0.27382280740906045,0.31108052305574674,0.34424025100851635,0.37025387553358796,0.3870465168039172,0.41150442477876104,0.44148579100469904,0.4555152065365411,0.4670215227956492,0.4870582939455323,0.49082467388901174,0.5003408316291752,0.4943745863666446,0.4953818427573778,0.49648765012463175,0.4949518127581459,0.4633371169125993,0.4586631486367634,0.44101186478620996,0.4217137729923733,0.4025395411004678,0.3705316223648029,0.3512497235124972,0.31256903026286725,0.2800811176205498,0.25645632158095666,0.23274514183605094,0.19807304503697065,0.18616548042704625,0.15620076524870583,0.12480739599383667,0.10695671878540676,0.08663859960115222,0.07777526565679403,0.05250332299512627,0.052912508702715244,0.04383081306158229,0.04364805881001608
0.042231255645889795,0.04850912327547842,0.053383962474871566,0.06359019651137117,0.07687090210264526,0.08702531645569621,0.10887009325525916,0.12601078167115903,0.1566050345288483,0.17479218153223994,0.20755138516532617,0.23988374692600045,0.26153846153846155,0.2874971636033583,0.324945295404814,0.34679758982370007,0.3756744604316547,0.3975493533015657,0.4166290103931315,0.4392481539494294,0.45511921458625526,0.47447045707915275,0.5003319318433281,0.5024597495527728,0.5043280182232346,0.5014636343165954,0.4923880936150875,0.4932663775393746,0.48482758620689653,0.464572192513369,0.45666666666666667,0.4296720228923619,0.40750115048320296,0.3700858563036602,0.35135135135135137,0.3438284280173397,0.31281235801908225,0.2778278503830554,0.24949244304083013,0.22155953169869672,0.19265845873233015,0.15951187622575724,0.13803263825929285,0.11506788337413755,0.09687786960514233,0.07505668934240363,0.07384341637010676,0.05718175629680054,0.04395106479383779,0.0425531914893617,0.043027708943455735,0.05136832660385823,0.05057836244046269,0.07049143873693574,0.0836322869955157,0.10733819507748404,0.12321109123434705,0.14323490524460114,0.16362015158270174,0.19598448551220626,0.23043676069153776,0.24513448502077412,0.27286960411541045,0.3089260808926081,0.33881359697844926,0.3671312949640288,0.3861136571952337,0.41368584758942456,0.43556244464127547,0.4548532731376975,0.4787714543812105,0.47375565610859727,0.4952338727554866,0.49965823650034175,0.5117109078741914,0.5010042401249721,0.4963201471941122,0.4681766704416761,0.48024112525117213,0.4689329131022062,0.44058624577226607,0.41467304625199364,0.40289396337327604,0.38178164768921635,0.34800700832238285,0.3297189643726488,0.2918552036199095,0.276268115942029,0.23068309070548712,0.20953032375740993,0.17852348993288591,0.1552709810198948,0.12541843338540504,0.10723025583982203,0.09288627095604894,0.07333181507629241,0.06335149863760219,0.05263157894736842,0.049351830793722996,0.04187303016659163
0.043820224719101124,0.047433547204399636,0.053246461469332734,0.07016769638128861,0.07503896682253396,0.08699531563685033,0.11011437542049787,0.1253968253968254,0.15504400812457683,0.18072562358276645,0.19677712210621878,0.23334071286251937,0.25480125055828495,0.31407146007940007,0.3155210643015521,0.34126093785057215,0.3736311870346036,0.4133912248628885,0.4086687306501548,0.4471197119711971,0.4650751547303271,0.4848347668628339,0.5,0.482220692819454,0.5079542908357607,0.5124117513094967,0.5113355780022447,0.5043398812243033,0.48608576642335766,0.4681465038845727,0.4664120422376994,0.44088221919054116,0.40789763953231856,0.40136804942630183,0.36502929247408744,0.33977094093869303,0.3148727110317106,0.26753484121544435,0.2502230151650312,0.22167487684729065,0.1902260790134734,0.16423275668389126,0.13855698529411764,0.1111111111111111,0.1043360433604336,0.08389412292507852,0.06509821836455003,0.0652026262168893,0.05039964476021314,0.04552555233206874,0.04757670075589151,0.05002294630564479,0.059905766210455465,0.06647398843930635,0.08205244122965642,0.09446397188049209,0.12233801540552787,0.13972101532128972,0.1761337608795236,0.19029932270045882,0.22837447187013565,0.24839779005524862,0.2719876868953386,0.3057627118644068,0.33731739707835323,0.3507841837861719,0.38732869018198157,0.4088888888888889,0.4354616444648599,0.44990766389658354,0.4696230598669623,0.47749377968785345,0.4877390326209224,0.4926207513416816,0.5072528453470208,0.494211123723042,0.5,0.48924967090829313,0.4760189146588606,0.4525530953456846,0.43449830890642616,0.42543561891830733,0.4056625141562854,0.3720825852782765,0.3581890812250333,0.31582476531068393,0.30146386093321137,0.2727476467951591,0.24219977553310887,0.2082210242587601,0.1734923492349235,0.1558731576596695,0.14087656529516995,0.10790718630322145,0.09496210432456531,0.07542026351658337,0.060082872928176795,0.04829609568946062,0.04609127880704925,0.05042942083241577
0.04608399545970488,0.05595505617977528,0.05750165234633179,0.06668194317140239,0.07798685105418272,0.08728908886389201,0.121588639893499,0.13744513744513745,0.16358024691358025,0.1925267714741399,0.2099820143884892,0.23080449232179692,0.27848101265822783,0.2857142857142857,0.3246318607764391,0.35536075522589344,0.37209821428571427,0.3998642226748133,0.41961486789072994,0.4490302210193956,0.4602068345323741,0.4714991023339318,0.4901694915254237,0.48487544483985767,0.52097030151893,0.49532923217133745,0.49573225516621744,0.4870013446884805,0.47254990925589835,0.4735887553842666,0.458342640160822,0.4262443438914027,0.40175953079178883,0.3859060402684564,0.37339635381498987,0.3330369052912405,0.31848147306205954,0.28542914171656686,0.2546337157987643,0.22237411711095922,0.19436997319034852,0.16387726638772665,0.1539867489147818,0.11828687967369136,0.10144927536231885,0.08085295424255887,0.075811471765229,0.06207521522428636,0.06051098162259077,0.05052303583351881,0.05616983635559487,0.05360320284697509,0.06461816538635337,0.0767337807606264,0.08539765319426336,0.1023482498892335,0.1304446978335234,0.1360637087599545,0.16311111111111112,0.20418041804180417,0.22437307523097227,0.24977022058823528,0.2757452574525745,0.30331969076853116,0.3376827896512936,0.3720824835712667,0.39178515007898895,0.41967871485943775,0.4387298747763864,0.46364883401920437,0.46131419600807355,0.482094897045658,0.5011343012704175,0.5103231597845601,0.5014789533560865,0.5095846645367412,0.5022999080036799,0.49284253578732107,0.4866741321388578,0.4559505409582689,0.4488031914893617,0.4368181818181818,0.3927272727272727,0.37787709497206706,0.3466757123473541,0.3154377880184332,0.30217292892711634,0.2734056987788331,0.24030832010881886,0.21770388676701866,0.1842741049857237,0.166,0.14129464285714285,0.11566484517304189,0.09805693628558518,0.07493829930446488,0.07125196673409755,0.05427594070695553,0.04856815578465063,0.050440528634361236
0.05169300225733634,0.05640107430617726,0.060308242126423946,0.06775858200583353,0.08386388583973656,0.09821630164822759,0.1150196713723675,0.14552736982643524,0.16166333110962863,0.18666666666666668,0.20986842105263157,0.23522595596755505,0.2806545617574535,0.2834272829763247,0.33467202141900937,0.35558086560364466,0.3937613019891501,0.3957759412304867,0.43064699205448354,0.43149284253578735,0.4561792766807189,0.4945054945054945,0.4975566414926699,0.4904128129934582,0.4906307129798903,0.512779552715655,0.5076378127075493,0.5089445438282647,0.49053241256404545,0.48145650708024273,0.45663437711196214,0.41653596235715884,0.4359318996415771,0.3871923427529626,0.36475972540045765,0.3408476104598738,0.30565449688334817,0.2697338746053225,0.2651122625215889,0.2346915547461871,0.19923198554325727,0.16288983621269912,0.15562913907284767,0.12343509773775532,0.11121387283236994,0.09301270417422867,0.0793111262179923,0.06360582306830907,0.06030603060306031,0.05851784907365567,0.05721507352941176,0.05941901408450704,0.06381059751972942,0.07940391459074733,0.0933302982016845,0.11602333931777378,0.12845272849764203,0.1514880286417543,0.16988416988416988,0.20894833948339483,0.2303448275862069,0.25369789332138054,0.2828507795100223,0.31745334796926455,0.3399725274725275,0.37528447883477467,0.391156462585034,0.4271931792685663,0.43525345622119815,0.4616736217878322,0.48465011286681714,0.49177777777777776,0.49712389380530975,0.5015801354401805,0.5190421892816419,0.5049085229808121,0.5031446540880503,0.4922766957689725,0.4871967654986523,0.46325016857720835,0.448993288590604,0.4170496323529412,0.406872852233677,0.37947918985087914,0.35515695067264574,0.3270440251572327,0.29064715298422134,0.2758698092031425,0.23521535371568847,0.20704845814977973,0.18149307107733573,0.151268115942029,0.1320965578900313,0.12640883977900552,0.10165380374862183,0.08631813125695217,0.07809734513274336,0.07034050179211469,0.06431159420289854,0.04684317718940937
0.06898907103825136,0.07126593806921676,0.07463021066786195,0.075696316262354,0.09439857174737781,0.1118347181675275,0.1292792792792793,0.14621059691482227,0.17145401914940994,0.20120859444941808,0.22095366017461385,0.24674742036787797,0.281680596340637,0.3023675310033822,0.3300992779783393,0.3543516873889876,0.3778131393498522,0.40112866817155757,0.44388800364215797,0.4413470115967886,0.4682415868063294,0.48999775230388853,0.5024347056219566,0.4961694456962596,0.5127683615819209,0.514454814477578,0.5016722408026756,0.5093708165997323,0.4983476536682089,0.4868067978533095,0.4466484268125855,0.446606334841629,0.42336597585971303,0.4010731052984574,0.36675700090334235,0.3316865034807995,0.3139456546148664,0.296976483762598,0.24910394265232974,0.22755976544880469,0.20987654320987653,0.18624198186241983,0.15613718411552346,0.1448229190164674,0.11497563136907399,0.10293453724604966,0.08234769024771256,0.07214428857715431,0.06569019085663559,0.06879496402877698,0.06208425720620843,0.07023037351822858,0.07279608192341941,0.08793636765355722,0.10102816271792579,0.11483146067415731,0.14616432137993646,0.15807481751824817,0.18391323994577496,0.21403671856844061,0.239372584678336,0.2578947368421053,0.28704318936877077,0.32749833813427875,0.33632891485059535,0.372737686139748,0.39869428185502026,0.43090339892665475,0.4297464016449623,0.47098111469368953,0.47074707470747074,0.5011358473421172,0.51762313601446,0.512884834663626,0.5098345999105945,0.5063178896031922,0.49866962305986695,0.4961015816440187,0.4968282736746715,0.46354396818382676,0.45977792884658963,0.42946345975948197,0.414985590778098,0.3934463276836158,0.3568272205037561,0.33779188392654724,0.30624028425494115,0.28152692569870486,0.24960998439937598,0.21231184003594697,0.1877403302420267,0.15706214689265538,0.13974387778027408,0.12527716186252771,0.11086023933167757,0.10103978300180831,0.07803468208092486,0.06693896074427048,0.0696528555431131,0.0572987721691678
0.0785410606399642,0.08264091623624523,0.07692307692307693,0.08562969710772034,0.1044574515983791,0.11045454545454546,0.127996381727725,0.16043507817811012,0.18673161679424727,0.2015294646873594,0.2311546344796174,0.25165260998404376,0.29421005385996407,0.31859410430839,0.3476287724075335,0.3587028457974851,0.37926391382405744,0.4073572556984879,0.4529585128088869,0.45135495335406484,0.4653975363941769,0.48994188645507375,0.49651136619401304,0.4968666069829902,0.5133182844243792,0.5256723716381418,0.509447004608295,0.5123042505592841,0.4997775800711744,0.48784331382260243,0.47730829420970267,0.445372460496614,0.422283356258597,0.40764904386951634,0.38053485313459007,0.35303265940902023,0.3341474245115453,0.3055432372505543,0.26751303559283607,0.24746807573756055,0.21611721611721613,0.181297272518909,0.1618181818181818,0.146260017809439,0.1308496138119037,0.11256781193490054,0.09807073954983923,0.08073394495412844,0.073868677905945,0.07581467523830636,0.07438390232873615,0.08482347546996791,0.08087578194816801,0.09405719392314567,0.10464850011449507,0.12671927846674183,0.14033898305084747,0.16674157303370787,0.19790971758950412,0.21596452328159646,0.24943207632894138,0.26581118240146656,0.29015544041450775,0.33089376801951653,0.3585237258347979,0.37862976406533577,0.40958304538124857,0.4325623998168079,0.45220264317180614,0.4635393508225878,0.4917447568049978,0.484196368527236,0.4967816091954023,0.5066396578888138,0.5183374083129584,0.5235827664399093,0.5228655102500563,0.5057550644567219,0.48370927318295737,0.47266514806378135,0.47588717015468607,0.4356085707974376,0.4241348713398403,0.39643652561247217,0.3754850490755535,0.34949944382647385,0.30631244323342416,0.2846699158174568,0.25358630263766774,0.24347628772407534,0.21125812962547658,0.17698534237584773,0.14973987785568876,0.13762681958535508,0.11610997500568053,0.09798596967639737,0.0892573245514422,0.07637178051511759,0.07150913602526505,0.07198354661791591
0.09397482014388489,0.08434004474272931,0.09122961657117673,0.09246729815065403,0.11595174262734584,0.12971376646978647,0.14259681093394078,0.15430539609644087,0.18536585365853658,0.21442930533839624,0.22914349276974416,0.26186213070725156,0.30341786108048513,0.32621535665606544,0.3498653500897666,0.36960431654676257,0.38960744270478787,0.428793256433008,0.4489295272078501,0.45569902048085487,0.4908043430090849,0.49352967425256583,0.5001140250855188,0.5125083019703343,0.5230492466831572,0.5278651685393259,0.5232662192393736,0.501100352112676,0.5,0.5015967153284672,0.4721281877679982,0.4416033172080166,0.4365114235500879,0.41293418647166363,0.38442437923250566,0.3678848283499446,0.33860900579580916,0.3086617781851512,0.2871107069788588,0.24539739559946117,0.20714446191866998,0.1937219730941704,0.1757088635856218,0.1586707746478873,0.13761467889908258,0.11755450663070353,0.09888143176733781,0.08378500451671184,0.08418480675255442,0.08545454545454545,0.08446927374301676,0.0871922295007906,0.08395396073121192,0.10189520624303233,0.12145110410094637,0.13468388245770258,0.16090122894856623,0.18006430868167203,0.19498544884710095,0.22543093798970226,0.23970889242665452,0.2747277676950998,0.29949126299491263,0.3290972830850131,0.35719033902060715,0.3968957871396896,0.4115812917594655,0.43188073394495413,0.45098931089379124,0.4778390297684675,0.49118046132971505,0.506186478126381,0.5124476756994932,0.5191960252935862,0.5154285714285715,0.5174444947893068,0.5304932735426009,0.510341726618705,0.4906284454244763,0.4838495575221239,0.45712996389891697,0.44811961939284095,0.418525261720528,0.4068748595821164,0.378739800543971,0.3507664562669071,0.3104238258877434,0.29217468410551983,0.26732673267326734,0.23965092861937792,0.2141732283464567,0.18286358511837655,0.16474245115452932,0.14742572011794058,0.12814538676607642,0.1091201470250402,0.10425146992311171,0.09907885868344192,0.07836495031616983,0.0823920265780731
0.0966584435972191,0.09699977441912926,0.09179070816418583,0.10603996366939146,0.12336490753270185,0.14359434597262732,0.14680755395683454,0.16742493175614195,0.2097203728362184,0.21934484285081896,0.24368997096269823,0.2723613595706619,0.3103218645948946,0.3357271095152603,0.3591549295774648,0.384083816317432,0.40542404045047115,0.4371162156015465,0.45658813263525305,0.4661271676300578,0.4851508120649652,0.5072065888812629,0.5096568961599637,0.5109604519774011,0.5183234081539166,0.5208429828624364,0.5332887998218659,0.5199634953228383,0.5091354723707665,0.5006805807622504,0.4886208466090123,0.4677749943065361,0.4399641577060932,0.4241001564945227,0.38269662921348313,0.36964448495897906,0.3511570433610425,0.31719345438242547,0.28979959468588157,0.257847533632287,0.22955837341495408,0.21160018340210912,0.19056261343012704,0.1603836716484497,0.14486830154405086,0.13608156028368795,0.11866666666666667,0.09990770650669129,0.09938298810048479,0.08998646820027063,0.09522747546833185,0.09715054969710568,0.10666966090276218,0.11977900552486188,0.1333628710677891,0.1396774926186691,0.15417510690974567,0.18548923896161526,0.20916201117318436,0.2395925597874225,0.25408917768317274,0.2826782449725777,0.3218778077268643,0.3459162663006177,0.3742487286176607,0.390625,0.4253181513730743,0.4504806617482674,0.472588946072947,0.4783486650213148,0.4875111507582516,0.5152654867256637,0.5192610948411804,0.526173285198556,0.5368372733532247,0.5293185419968305,0.5131549359118507,0.49977487618190003,0.4975303098338572,0.5079223387636689,0.483538633818589,0.46497530309833857,0.41806393919069973,0.408276167293649,0.383395727813257,0.3533378287255563,0.32555530625981605,0.3025606469002695,0.2621082621082621,0.2483054676909173,0.22562183579132733,0.19675456389452334,0.17878237164925034,0.16292906178489702,0.13257403189066058,0.1207903008531657,0.10952589991220368,0.09542423545642677,0.10169114374721851,0.09735712672238536
0.1099488609948861,0.10293099469189938,0.11192325262677022,0.11883802816901408,0.14671201814058957,0.15341670388566325,0.174613987284287,0.18537452767281618,0.18830305715551618,0.2353331857427496,0.26380231522707037,0.29374143444495204,0.30094679891794407,0.3361249434133092,0.3757356269805342,0.39271610355419045,0.4107789855072464,0.44004550625711036,0.47163912460920054,0.4877390326209224,0.4917299955297273,0.504941599281222,0.5236494059627886,0.542658284687921,0.5284697508896797,0.5400351957765068,0.5373705538045925,0.5423183072677092,0.5201873745259871,0.5174152153987168,0.4851223275292043,0.4752610077167499,0.45203619909502263,0.43982644439369717,0.40550375255856264,0.3704605845881311,0.34457347029924074,0.31950394588500564,0.29448537620004467,0.2695514987604237,0.24525745257452575,0.23284258210645525,0.1964325038537767,0.17788245850157022,0.1664,0.13841681574239714,0.1249438202247191,0.12113055181695828,0.11285266457680251,0.11702857142857143,0.11716989634970708,0.11740799277489275,0.11926605504587157,0.12990467745510972,0.13621113844777455,0.15369172429176892,0.1817777777777778,0.19986232216613126,0.21611395504117517,0.24811362627607633,0.2710093374833259,0.29164795689268075,0.3212516884286358,0.3440356744704571,0.38566629339305714,0.3974904772574501,0.4324766355140187,0.44828370084110025,0.4792410714285714,0.4898921832884097,0.5105999097880018,0.5089766606822262,0.5195268913189021,0.5318578135479544,0.5412719891745602,0.5422405876951332,0.5314234954474795,0.5147942157953281,0.5197157267308574,0.49121636646653327,0.49566011877569666,0.47133182844243793,0.42689410722197607,0.41556402780892576,0.4078797540423594,0.3545515245938126,0.33461975028376845,0.316008316008316,0.28818061088977426,0.25266429840142096,0.22605099931082012,0.2167894619334673,0.1832660385823239,0.17461024498886416,0.15812159709618875,0.14212175470008953,0.1399232678853532,0.1160284338454483,0.11320331764178436,0.1108560936424145
0.12712056095905905,0.14411247803163443,0.1335921443251884,0.12907608695652173,0.1566841266226372,0.15606685478619492,0.17305536875140104,0.19446335375538915,0.2256305385139741,0.24394040471425393,0.2776548672566372,0.2969298245614035,0.33096716947648624,0.3484172982612572,0.3809308630817894,0.4,0.4196796338672769,0.4500814521759367,0.48662131519274376,0.4874944171505136,0.4981322786200835,0.5206724216265334,0.5358114233907525,0.5456570155902004,0.5300632911392406,0.533678756476684,0.528195911031229,0.5280249110320284,0.5259423503325943,0.508624502432552,0.4839511754068716,0.48423373759647187,0.4489142857142857,0.43150530354321825,0.40457323975549014,0.39189495132442836,0.35166816952209196,0.33871329298363595,0.3239057239057239,0.28501988510826337,0.2614190687361419,0.23479427549194992,0.2080357142857143,0.17852348993288591,0.1701742475673229,0.15902004454342986,0.13793103448275862,0.13520690418234121,0.12039093736117282,0.12800359308331463,0.12789390874353787,0.13265531726730045,0.13139664804469273,0.1363013698630137,0.15520321572130416,0.17384615384615384,0.18850206138341732,0.22176684881602915,0.231045311799013,0.25741670470104977,0.28367210185392006,0.31639566395663954,0.32849162011173183,0.36416725064237326,0.3992230347349177,0.41220171094101754,0.4264738598442714,0.46039268788083954,0.474537565654259,0.4977608598298253,0.5209528010586678,0.5227579990986931,0.5427272727272727,0.5411128632574904,0.5313778990450204,0.542283064694193,0.5499884553220965,0.5323891339679592,0.520124527462753,0.5065819337267363,0.5009025270758123,0.47789001122334457,0.44822222222222224,0.43273389483268837,0.4122239571715369,0.36662983425414364,0.35472370766488415,0.3099401748734468,0.29572156949678563,0.2584493041749503,0.25027710042119267,0.22308718861209964,0.2050929112181693,0.1868504292815183,0.16387126019945603,0.15192998204667862,0.13572854291417166,0.13471387218882208,0.1270730614074406,0.12079340316469801
0.14024117909781153,0.14980677426687883,0.147431467403824,0.15943312666076173,0.1623912047640861,0.19304307763188205,0.20799640610961365,0.2056882821387941,0.23994638069705093,0.2713019768234492,0.2986313663899484,0.30902857142857143,0.3259028087382969,0.35974927244235505,0.3803314917127072,0.3999558303886926,0.4560848950101603,0.4595216191352346,0.4793814432989691,0.512284730195178,0.5040214477211796,0.5142921960072595,0.5330615942028986,0.5452061033933044,0.5550122249388753,0.5497661990647963,0.5474760951745609,0.5434248716231301,0.5277777777777778,0.5214506855373728,0.5102179836512262,0.48223011994669035,0.473672417656285,0.44118972510139703,0.4272543287609624,0.4125610297381269,0.3778280542986425,0.3442844284428443,0.32924613987284285,0.29708568943018704,0.2693171608265948,0.2510862108392408,0.22496632240682532,0.19402644778841768,0.18380345768880801,0.16891587944219524,0.15805330243337196,0.155125284738041,0.14940421631530706,0.13690205011389522,0.13834519572953738,0.14783789902648856,0.14986498649864988,0.16552978626648476,0.17671139413236298,0.198079499776686,0.20413669064748202,0.22234762979683972,0.25446030330062447,0.2774179137815501,0.2854849805090576,0.3216704288939052,0.34713872188822087,0.38162307176391685,0.3996836873023046,0.44010473488981017,0.44893327280980483,0.4712956659859315,0.4794124193189406,0.5136697043787508,0.5245827695083446,0.5367168201212665,0.5350404312668463,0.5515301530153015,0.5463294538943599,0.5420643729189789,0.561178587494377,0.5361995990198263,0.5231111111111111,0.5118966689326988,0.49232505643340857,0.4704954954954955,0.4571169947952025,0.4301562146253113,0.40375690607734804,0.4025229357798165,0.35619518776703396,0.3380598694575737,0.31152790484903936,0.2815989280928986,0.2719338539274231,0.24426450742240216,0.22730344672223474,0.19537863189201557,0.17064303567371053,0.16304347826086957,0.15827814569536425,0.1514384349827388,0.13675977653631285,0.1454464085925263
0.15858423350953804,0.16610549943883277,0.17182208173402574,0.17589204025617566,0.19866518353726362,0.20302278366794496,0.21655480984340045,0.22804171494785633,0.2507347953877459,0.2796250836866771,0.2982102908277405,0.3189029918404352,0.3465142857142857,0.3637574950033311,0.4102960671674768,0.4262777023971054,0.45661157024793386,0.47112323783537974,0.48879928315412186,0.49920616919936495,0.5267260579064588,0.5283103992781412,0.5418799441600745,0.5656884875846501,0.5669986419194205,0.5748382779388802,0.5625866050808314,0.5465431540894713,0.5443458980044346,0.5342218206460357,0.5181299885974915,0.4964189794091316,0.4733485193621868,0.46710377571783857,0.4406207827260459,0.4181530819598103,0.38805289557683537,0.3653631284916201,0.3387497178966373,0.3215426745778183,0.2841962468912503,0.27882507672073653,0.2501129688206055,0.22237380627557982,0.20997494875882486,0.1875,0.18745739604635311,0.15842470351309018,0.163644504141482,0.15657478535924085,0.16440714439423285,0.16248055123360747,0.16459074733096085,0.1725327812284334,0.18636465575241085,0.21527305687740766,0.21823080377189044,0.23843173011169363,0.2768722466960352,0.2942093541202673,0.31978319783197834,0.33896421426983775,0.36058653632526105,0.3968500443655723,0.41367861885790175,0.43679484227492515,0.4674285714285714,0.47450805008944547,0.4894772572980312,0.516281158769369,0.5311363636363636,0.5446770200315102,0.5445130013221684,0.5571840994892294,0.5685740236148955,0.5716275830044114,0.547271502357961,0.5402169001355626,0.532136524822695,0.5271353331806732,0.5149456521739131,0.48428916721599646,0.4641255605381166,0.4581269698334084,0.4264039855072464,0.3949674230509998,0.37180616740088107,0.3538672142368241,0.31118026228050677,0.30505050505050507,0.27785145888594165,0.2656391659111514,0.23477870141541227,0.21326692325107538,0.1921270409304406,0.18596413548815585,0.17818262608309265,0.15940084954169462,0.157543391188251,0.15985215985215986
0.1799910674408218,0.18330715728068206,0.18965134354874527,0.19424949060448268,0.20961191335740073,0.22227272727272726,0.2377924142630025,0.25700311249444197,0.2608695652173913,0.30046843631496767,0.3069936421435059,0.34681543468154347,0.3712815924849027,0.39364303178484106,0.4215885947046843,0.43849911190053287,0.46630727762803237,0.4785956964892412,0.4997744700045106,0.5148736300603892,0.5374045801526718,0.5343599172603999,0.5448804691023906,0.5558777604282846,0.5772885283893395,0.5654708520179372,0.5767597765363128,0.5548915449313856,0.5317514124293785,0.5411499436302142,0.5166435506241331,0.5051895306859205,0.4882830103650293,0.4627031841460699,0.44929165729705417,0.4268846503178928,0.40252707581227437,0.37402118839244586,0.35032857466576023,0.32791991101223583,0.3086335825968729,0.29874972581706516,0.2619641642095713,0.23885278960340578,0.22197004085338176,0.21446497832534794,0.2056331577742157,0.18800904977375565,0.1815931593159316,0.1764049955396967,0.17502278942570648,0.18578748050790822,0.19293478260869565,0.1924198250728863,0.22502793296089385,0.22234788509387016,0.24243098842386465,0.26186796202252155,0.28285968028419184,0.32683691756272404,0.3333333333333333,0.3479458342896488,0.3764813126709207,0.3939873417721519,0.4269136353492524,0.44936708860759494,0.46375169913910286,0.49242086491306286,0.5114609863394304,0.5200087950747582,0.5648127128263337,0.5401282334733584,0.5552584670231729,0.5763134057971014,0.5627822944896116,0.5557059088858818,0.5723356009070295,0.554760840411265,0.5565415244596132,0.5368023126528797,0.5203034359660865,0.516143701682583,0.4828273875470862,0.46978818283166107,0.4343115124153499,0.4111160123511248,0.39430250960886276,0.3518055870997047,0.3557347670250896,0.3171994597028366,0.2885816235504014,0.27603819675771707,0.2591273374888691,0.22639309862438797,0.2195013357079252,0.1995609220636663,0.20086738187628395,0.1943447037701975,0.17918552036199095,0.16824324324324325
0.19824196160074023,0.19846984698469847,0.21179624664879357,0.21833669580811477,0.21316614420062696,0.2359676695105523,0.2546527462551067,0.26874304783092323,0.2825990209167779,0.3060133630289532,0.33485297469797126,0.34363879003558717,0.39056859205776173,0.4122448979591837,0.41958509926388576,0.4549171019759255,0.480777728678745,0.4940962761126249,0.5183739090491503,0.5239927569035763,0.539544235924933,0.5617411225658648,0.5693577163247101,0.5840985442329227,0.5756064384493312,0.6009863259358889,0.5815806951516493,0.5778706555213374,0.550954681389464,0.561898211829436,0.5444839857651246,0.5272482619421395,0.500447828034035,0.49,0.4613641513709495,0.440218629013892,0.4118301089615299,0.4076749435665914,0.38381374722838135,0.3467193328944481,0.31967763599731364,0.30516227401437596,0.2850709299707273,0.2725828415796641,0.23995433789954337,0.2341034103410341,0.21900269541778974,0.2094933820173437,0.2030343596608657,0.20115197164377493,0.1963439404197698,0.19635004397537378,0.2222976028946178,0.22106925332731783,0.22753390025281545,0.2596197374377546,0.2639800769753226,0.2849364791288566,0.3000228675966156,0.3248730964467005,0.33567066274598506,0.3804323601515489,0.39334239130434784,0.4248351148510348,0.448447767958305,0.469299246747318,0.49350363356088967,0.5173719376391982,0.5103151212876899,0.547389648218687,0.5531914893617021,0.5585130793942176,0.5754113345521024,0.5735426008968609,0.5866030782570995,0.5895068678225625,0.572972972972973,0.5713004484304933,0.5783688722796219,0.5526493799323563,0.5337191186289784,0.5195593525179856,0.5038305543037405,0.47152466367713003,0.4620767494356659,0.4399281383337076,0.405264352167007,0.39200357382175566,0.353984238178634,0.3402591599642538,0.2997335701598579,0.2888432580424367,0.27100456621004565,0.2566585956416465,0.2460441274793849,0.23415852827617534,0.21704035874439462,0.2009657392504024,0.2051106548026466,0.20512820512820512
0.22373496709779894,0.22641509433962265,0.2249497879937514,0.2339622641509434,0.22949350067234425,0.263718820861678,0.282826038658076,0.29791572270049843,0.31084656084656087,0.33091468777484606,0.355857832382624,0.37921666289336653,0.39468394013848557,0.43799412694827194,0.45567056705670567,0.47368421052631576,0.49629296787238825,0.5097690941385435,0.5150691139814185,0.561391694725028,0.5541922290388548,0.5730183965478083,0.5691573926868044,0.5883673927689198,0.5897094699489909,0.5903246894748311,0.5820058335203051,0.5758589915216421,0.5720338983050848,0.574313592012707,0.5506100316312698,0.5336834893811373,0.5199365654734934,0.517171260732038,0.478814540402871,0.4477780284231897,0.44668911335578004,0.41073433640242535,0.4022883295194508,0.3576923076923077,0.3323569175304191,0.3255864941898706,0.3013729462075174,0.2791777188328912,0.25801984768059083,0.25451303766436373,0.23249427917620138,0.22746494547073226,0.22796081923419412,0.22357282396353376,0.2187287943904094,0.22909661510872,0.2370848708487085,0.2475090579710145,0.2562189054726368,0.26351813826146475,0.2950023137436372,0.2872743481167818,0.3312444046553268,0.33082039911308203,0.35763811227913217,0.3914949583516002,0.4051801801801802,0.43027708943455734,0.44222375373305767,0.4843608340888486,0.49824175824175826,0.5233878292461399,0.543630214205186,0.5527964205816555,0.572515666965085,0.5857366420746702,0.5956969968623935,0.590815627141878,0.585701398285972,0.5899280575539568,0.5860227019808592,0.5785029666818804,0.5671005385996409,0.5522847100175747,0.5409284592958062,0.5317276516905975,0.4960182025028441,0.49888691006233304,0.46755331346021556,0.4327701920851655,0.4192825112107623,0.3995475113122172,0.3763026733121885,0.3574710129074601,0.3337792642140468,0.3162315550510783,0.306712172923777,0.27150964812712824,0.26865671641791045,0.2483556361986845,0.2354557947778287,0.22466178753603902,0.23000898472596587,0.22911478378990266
0.24904128129934583,0.2402714932126697,0.2517657780815676,0.2652321630804077,0.2759090909090909,0.287909604519774,0.30521369433877826,0.32819043420762617,0.33045507584597433,0.3539426523297491,0.3669145819247239,0.3920441988950276,0.42146538203002465,0.4411433715957686,0.45470973571267226,0.49577777777777776,0.5144848616859072,0.5058217644424541,0.545124716553288,0.5558352402745995,0.5746968657057882,0.5751871172601497,0.5878500451671184,0.6039647577092511,0.599406528189911,0.6075920934411501,0.6113122171945702,0.5996806569343066,0.5870239149689991,0.5868063293960329,0.5601546508983398,0.5463728191000918,0.535483870967742,0.5177574268483359,0.4961328480436761,0.47891156462585033,0.44612263300270516,0.42196786264582875,0.4013010318528488,0.39082774049217,0.34808853118712274,0.34588657251737276,0.3242512947534339,0.3146067415730337,0.28431372549019607,0.2738795835219556,0.261621378845722,0.260595130748422,0.25446030330062447,0.25742574257425743,0.26030465949820786,0.26558265582655827,0.25839909808342726,0.2612653618570778,0.2720888083371092,0.2875341219290264,0.3001804239963915,0.3118421052631579,0.34399092970521544,0.36748480072055845,0.38009751773049644,0.4073907165389815,0.4275282142066829,0.44700250740825165,0.4739121021866205,0.49768411301528487,0.5252043596730245,0.5402247191011236,0.5544485634847081,0.5514144589133363,0.5840474620962426,0.5991930060524546,0.6021456288518603,0.6085688649618664,0.5992915651981403,0.6084474885844748,0.5966651644885084,0.5931698372679349,0.5846461060572443,0.5612410280157444,0.5516696750902527,0.535665914221219,0.5080128205128205,0.5065110013471037,0.4916303600091722,0.4577687443541102,0.4432299799241579,0.41801437556154536,0.3876243093922652,0.3662494204914233,0.3508426351499234,0.33393624236943253,0.306440522576209,0.29946284691136976,0.28678474114441416,0.27092811646951775,0.25,0.25624421831637373,0.2582318448353631,0.23889392565729828
0.26349792339640055,0.27737719693555657,0.2687555163283319,0.290990990990991,0.29461241191179816,0.3009341637010676,0.32275489534098584,0.3461453010442124,0.3419426048565121,0.3678443649373882,0.39768864717878993,0.4118742724097788,0.44157608695652173,0.4539891205802357,0.4933510638297872,0.5121021963245181,0.506392694063927,0.5390260173448966,0.5534635053463506,0.5650557620817844,0.5843862815884476,0.6056591062205254,0.5989280928986155,0.5968819599109132,0.6146072576940744,0.6146475017111568,0.6190254138493821,0.5986901535682023,0.6059312514041788,0.6033890542706664,0.5584562996594779,0.5565197533683489,0.5564607377234668,0.5166551803354009,0.5052320291173794,0.4933989706869546,0.4770419426048565,0.43957266859559313,0.42208808405991505,0.40447897623400364,0.3761638733705773,0.3596014492753623,0.336349242252884,0.3254237288135593,0.3168361581920904,0.3049787899084617,0.28958472129691315,0.2863818424566088,0.28008066323101055,0.27083809088833066,0.2727478497057492,0.27148392979256897,0.28096407051997324,0.2911191662890802,0.2861743731308949,0.31002017484868866,0.32372304199772983,0.3427545984746523,0.3692992213570634,0.3902327704244637,0.4011086474501109,0.41917502787068006,0.441709554710226,0.4703476482617587,0.4860765225266018,0.5067114093959731,0.5252158109950023,0.5564193691692582,0.5642420122365738,0.5788154897494305,0.5850821167883211,0.6072299844754935,0.5947562097516099,0.6129601057967821,0.617799864468037,0.6143213233627918,0.613315400134499,0.6146209386281588,0.5891928555279222,0.5786516853932584,0.5774866785079928,0.5570857396712572,0.5390054744525548,0.5144264602392681,0.495581237253569,0.4726012077834936,0.4663827879874496,0.4390681003584229,0.4233378561736771,0.39574853007688826,0.36603088101725706,0.3459009206488382,0.34195402298850575,0.32123287671232875,0.2913710231174182,0.29453791196128143,0.2796112115732369,0.2767732962447844,0.2731326644370123,0.2600403859098048
0.3057627118644068,0.30940704413731607,0.3056739179188159,0.3154034229828851,0.3132133450395083,0.3281214593247224,0.35101951326463493,0.35138171197483714,0.3752563226247437,0.3923499770957398,0.42666072224699064,0.43135498320268756,0.4562841530054645,0.47660751325190137,0.501670750723992,0.5055604982206405,0.5229872168647679,0.5606128886885985,0.5588633288227334,0.5815036593479708,0.5960933991917378,0.6168860644575579,0.614880144730891,0.6292463442069741,0.6342581976610869,0.6185824625170377,0.6314754098360655,0.6222924187725631,0.6134285076957394,0.6081454210768523,0.5947669305189094,0.5677743769129865,0.5683584819387288,0.54405784003615,0.5230500327725585,0.49400369003690037,0.48736141906873615,0.46497237569060773,0.45450520256807614,0.4187018701870187,0.3825234061524744,0.3894592744695414,0.36396396396396397,0.35316742081447966,0.3418066273263731,0.32398474310074044,0.31195138419986496,0.3,0.295379173115189,0.28093191585614113,0.2920072661217075,0.3037070120589549,0.2932146829810901,0.32344213649851633,0.3183528890856763,0.34046867958539884,0.36172591102168566,0.36674259681093396,0.3886138613861386,0.38988432751190744,0.4243924392439244,0.45589579524680074,0.46712485681557847,0.49037600716204116,0.5045537340619308,0.5322325265776974,0.5448430493273543,0.5588235294117647,0.578050443081118,0.5877653503766264,0.5949423247559894,0.6154703522068659,0.6243093922651933,0.6236776952509565,0.6267199289835774,0.6383829409151488,0.6388066499658392,0.6225195094760312,0.6071107110711071,0.6000450146297547,0.5893416927899686,0.5673385249656436,0.5604593560009007,0.5408805031446541,0.5189141076991545,0.498528412949966,0.4758914554832922,0.45137946630483944,0.4321860041030317,0.41997703788748564,0.379963486992241,0.37149372862029645,0.3696724988784208,0.36351441985244803,0.33490990990990993,0.31596676397933976,0.30145388459791006,0.2989142477287835,0.30201951440889496,0.31126728632963047
0.3181818181818182,0.3186962426437302,0.3317481884057971,0.33273300315173343,0.35391705069124424,0.36024562201501026,0.364416098526501,0.3867034736599954,0.4032039711191336,0.40428893905191876,0.43333333333333335,0.4455178611547967,0.47714932126696835,0.49019607843137253,0.5067446043165468,0.5301178039564348,0.5585094296750739,0.5616745019028431,0.5911552346570397,0.6037994964522774,0.6093959731543624,0.6161018876506709,0.6266963292547275,0.6460216998191681,0.6351504184573626,0.6415989159891599,0.6397394136807818,0.6309657181268206,0.621272808188696,0.6049781055542752,0.6094314079422383,0.5888617705790992,0.5784447476125512,0.555,0.5479180436219432,0.5254085516006268,0.5117266026356936,0.4935940660822657,0.46383928571428573,0.4370168258299227,0.42086570477247504,0.40439856373429084,0.3975363941769317,0.38874914246512693,0.37386363636363634,0.3414744459520579,0.3419041000694927,0.3362932604735883,0.33996463306808133,0.3240362811791383,0.32443347543190487,0.3210151380231523,0.338082315694256,0.34630002235636037,0.3502033438770899,0.36516476126429054,0.3637196518552451,0.3860873480414228,0.4101484600044316,0.42557036367743395,0.4476300578034682,0.47332451499118167,0.47621135715851787,0.5085324232081911,0.5234042553191489,0.5461133069828722,0.5498449268941072,0.5771246297562087,0.601476840456478,0.606637168141593,0.6215555555555555,0.6211334386994807,0.6364264333410086,0.6424555880368787,0.655693950177936,0.6430824695808923,0.6507936507936508,0.6364251861882194,0.6232174688057041,0.6073619631901841,0.6064021641118125,0.5856608753023972,0.5689540306462358,0.5434879571810883,0.5347786811201445,0.5059244355019002,0.4970465981185736,0.4712206047032475,0.45167830592475783,0.4331310406832996,0.4016885136636303,0.41913594209454874,0.3840160284951024,0.36245227936222774,0.3568021803315921,0.3393883651414118,0.3373141054529067,0.3228454172366621,0.3247653106839517,0.31929046563192903
0.34683257918552035,0.35132109270040307,0.3484406551492035,0.35145010276318794,0.37641071033414475,0.37701252236135957,0.38985005767012687,0.40298830662624513,0.4336405529953917,0.4390298675050528,0.4603386809269162,0.4792181532239946,0.49249383822540893,0.5090171325518486,0.5282005371530887,0.5405523893029373,0.565677013045434,0.5787594823739403,0.6026504941599281,0.6038975753455699,0.6255881693927852,0.6351504184573626,0.6322610506827123,0.6396375990939978,0.6607182198722186,0.6583168534388046,0.6455122393472348,0.6473323001992473,0.6314709236031927,0.6213945037474449,0.6240292370945637,0.6022905906130699,0.6008762322015334,0.5795761947700632,0.5609865470852018,0.5349260523321957,0.5182250396196514,0.499089667728721,0.4958097395243488,0.46924345981616783,0.4560925799863853,0.4302224160488443,0.4200312290876645,0.40528933092224234,0.38746053225078936,0.37201979307242466,0.3552925413130862,0.36255767963085034,0.3470471134704711,0.3507865168539326,0.3488888888888889,0.3667628134013756,0.36528850522489775,0.35902591599642536,0.37207247017233763,0.3830074173971679,0.4020828616708173,0.4161449016100179,0.4346745027124774,0.4455981941309255,0.4713804713804714,0.48178506375227687,0.5139105274872023,0.5269283432222729,0.534717416378316,0.5423093873953283,0.5832368603843482,0.5958203646064918,0.6020128087831657,0.6167381006090683,0.6376617581436859,0.6471105251593057,0.6532293986636971,0.6589478417266187,0.6465116279069767,0.6637661758143686,0.657847533632287,0.6487150837988827,0.6283340620900744,0.6298292902066487,0.6108095884215288,0.6125222816399287,0.5868063293960329,0.5638321741081445,0.5515614468658728,0.5321100917431193,0.5130733944954129,0.5007690617446715,0.4786557674841054,0.45979614949037373,0.4223463687150838,0.41703935599284436,0.4157859230942208,0.40877232647524303,0.38763026733121886,0.3642143505903724,0.3657219973009447,0.3603504928806134,0.35500562429696286,0.3550308914386584
0.38051096540809404,0.3798932384341637,0.38600503087125543,0.3943566591422122,0.39747634069400634,0.4129046967624259,0.4327485380116959,0.426510989010989,0.4525580347081361,0.45818098720292505,0.47928331466965285,0.5015534842432312,0.5141155712395236,0.5376221868606501,0.5481283422459893,0.5721110100090991,0.5950672645739911,0.6018089565409221,0.6154882154882155,0.6262124971802391,0.6416685156423342,0.6609977324263039,0.6613616268788682,0.6712419747620102,0.6694703341668561,0.6709886547811994,0.672554647825127,0.6697923643670463,0.6533571269239349,0.6538635336647085,0.6472296693476318,0.6313645621181263,0.6211277022509472,0.6008010680907877,0.5683097006527121,0.5509269855802243,0.5520070969172766,0.5271529197909566,0.5094040335372763,0.4847132336532024,0.4634687985787253,0.4547089233535626,0.4371508379888268,0.4302841918294849,0.40637000225886605,0.4229723606705936,0.3893532776066872,0.3911209766925638,0.3896567097637093,0.36900958466453676,0.37247331364978425,0.3961142857142857,0.3923878568192116,0.39954545454545454,0.4051128512206357,0.4269162210338681,0.4347438752783964,0.43110811418296247,0.4583425414364641,0.4686936936936937,0.4861928474422816,0.506843168050258,0.5339673913043478,0.5439909297052155,0.5734639358860196,0.5826437038693805,0.6002267573696145,0.6057050839659536,0.6261281588447654,0.6373552983081033,0.6357748995087092,0.6452942523471491,0.6593357271095153,0.659521094640821,0.6786684782608695,0.6705749718151071,0.6521250281088374,0.6625835189309577,0.6647893669745438,0.647945205479452,0.6256124721603563,0.618507598094806,0.6024734982332155,0.5931705110809589,0.56045197740113,0.5467756584922797,0.5341628959276018,0.5098483133348427,0.49490474080638014,0.4877560106856634,0.4575074048758259,0.44164182526943363,0.4368279569892473,0.4079705137065192,0.40151178301467316,0.40365337491646247,0.3865058087578195,0.3711060948081264,0.38233310856372216,0.37390128465179173
0.3954167602785891,0.4096906278434941,0.41988700564971754,0.4191374663072776,0.42717770034843205,0.4360231832367365,0.4527318068465201,0.4469336954062005,0.47773933102652827,0.4948291366906475,0.5030959752321982,0.5204535349044019,0.5487558843308675,0.5477124183006536,0.5785714285714286,0.5950960901259112,0.606951871657754,0.6296213309433116,0.6286615592609284,0.6395244504262001,0.6507230255839822,0.6709401709401709,0.6603687684953334,0.66264511723196,0.6747382198952879,0.6692240245506357,0.6863361005160422,0.6793343827299303,0.6785874943769681,0.6492063492063492,0.6534697508896797,0.647273556924481,0.6326893182322896,0.6063009972801451,0.5949599083619702,0.5897032374100719,0.5748283752860411,0.553674832962138,0.5320555188367482,0.5119780971937029,0.48294556132821326,0.47222862410693706,0.4670525378450579,0.44000892060660124,0.43744434550311667,0.43324432576769023,0.4105691056910569,0.4068441064638783,0.4256094782410572,0.4028874351454997,0.4173932996787517,0.4098579040852576,0.41340018231540565,0.42606181899043805,0.4235294117647059,0.4346171070309001,0.4408866995073892,0.4735899731423456,0.4796074154852781,0.49819168173598555,0.5147902869757175,0.5327441649671425,0.5518163583686204,0.5689810640216412,0.5882746321890325,0.5963553530751708,0.6272527472527473,0.6244794076816289,0.635989010989011,0.6471251409244645,0.6539230940208935,0.6614455135377042,0.6866267465069861,0.6822620940267999,0.6940919037199125,0.6854086045982245,0.6865436543654365,0.6807228915662651,0.6538289296909987,0.6475155279503105,0.6379505781002041,0.6368103640830913,0.6263858093126385,0.6044104410441045,0.599005424954792,0.5704162976085031,0.5610510046367851,0.5279799818016379,0.523329682365827,0.4934714092751013,0.4890282131661442,0.47594768344047883,0.4630002235636038,0.4461163974330604,0.43778077268643306,0.4190260475651189,0.40536277602523657,0.42766439909297055,0.4144144144144144,0.4064732142857143
0.417036379769299,0.4332138054683998,0.44187102633969116,0.45001113337786686,0.45538949275362317,0.4609820254274441,0.4637387387387387,0.4874360684901045,0.49875706214689264,0.5014518650882287,0.5202842081136833,0.5475871313672922,0.5645124971853186,0.5799180327868853,0.5900468645391653,0.6138437569552637,0.6377562514079748,0.6369725385130609,0.6603061903705347,0.6695364238410596,0.6631836371720765,0.6759090909090909,0.6771362586605081,0.6931415929203539,0.7052465660887187,0.7092997570134747,0.6949876376713868,0.6886855612586477,0.7023782559456399,0.6807725694444444,0.6828300639188891,0.6659212880143113,0.6261872455902306,0.6299069661901521,0.6215970961887477,0.6157512482977757,0.5869907720009003,0.5686806969902692,0.5479883119802202,0.5344943067649028,0.5216112242588821,0.5076606448662245,0.49630624580255206,0.4823317578212919,0.45881032547699213,0.4529049295774648,0.45292280232039267,0.43622047244094486,0.43891817556727025,0.42806707855251547,0.4337807606263982,0.42686230248307,0.44107142857142856,0.4497354497354497,0.46071667037614067,0.45877896613190733,0.4764075678139959,0.4950361010830325,0.4973753280839895,0.516892668352103,0.5300225733634312,0.5502945174444948,0.5775211017325633,0.5905845604640786,0.588903743315508,0.6178343949044586,0.6384720327421555,0.646804835924007,0.6590353411869304,0.6614334470989761,0.6804146946134776,0.6903125692751053,0.6842699164974047,0.6950338600451468,0.6945193171608266,0.7014174668495656,0.689585211902615,0.7020179372197309,0.6820317744461848,0.6740606609325487,0.6502395619438741,0.6529660075538769,0.6371422132071219,0.6311363636363636,0.6045825771324864,0.5931776556776557,0.5727252098933515,0.5567665758401453,0.5284738041002278,0.5255295429208473,0.4997720018239854,0.4856426618049225,0.48035516093229746,0.47729336966394187,0.4644484958979034,0.458876404494382,0.44584837545126355,0.4382523406152474,0.4469783352337514,0.4204571169947952
0.46591166477916196,0.46520963425512935,0.471608832807571,0.4682993820096132,0.4724076546506453,0.47342453464902445,0.47417631344612643,0.5134892086330936,0.5202112999540652,0.5335769757880311,0.5475453339230429,0.5661664392905866,0.5834292289988493,0.5953237410071942,0.6033890542706664,0.611674554879423,0.6393514460999123,0.6572855197458012,0.6655397791300428,0.6797385620915033,0.692858741884934,0.6851234156104069,0.7074313769247935,0.7120231987508365,0.712710911136108,0.7155231365397766,0.7123745819397993,0.6998875140607425,0.7002920691979331,0.6820694229493699,0.6702272727272728,0.6676365264100269,0.6703645007923931,0.6597081930415264,0.6282225237449118,0.6142595978062158,0.6114093959731544,0.5999108932947205,0.5735797399041752,0.5648106904231626,0.5327288810260946,0.5284191829484902,0.5197841726618705,0.4987704001788509,0.4813989752728893,0.4882777276825969,0.4678130511463845,0.4777098891151844,0.46471797213975796,0.45851917930419267,0.46829158203565785,0.4659893992932862,0.4718480900861117,0.4711711711711712,0.4938488576449912,0.49000444247001335,0.5207762557077625,0.5228564930634524,0.5447470817120622,0.560677966101695,0.5587079877782628,0.5681560444545248,0.594551282051282,0.6014362657091562,0.6143437077131259,0.6528150134048257,0.6432628947966371,0.6559766763848397,0.6683617068317489,0.6988753729630479,0.6921338155515371,0.703770197486535,0.7024680073126143,0.7085506917668406,0.7020941229452826,0.7171340929009641,0.7058956916099773,0.6908638625056536,0.6837682441397611,0.6987007168458781,0.6908396946564885,0.6601809954751131,0.6633944153577661,0.638567615658363,0.639266304347826,0.6117092866756393,0.5819653699123004,0.5751259734310582,0.5582919114324446,0.5715916875999086,0.5337283500455788,0.5316105214582372,0.5111262488646685,0.5055292259083728,0.49770642201834864,0.4827586206896552,0.4751964085297419,0.4575546048187345,0.4507713248638838,0.46715328467153283
0.495910949568378,0.4920494699646643,0.49966733200266134,0.4900912936985081,0.5012514220705347,0.5186342334300379,0.5227888086642599,0.539746158984636,0.5599196607900022,0.5585524837042032,0.5658426966292135,0.5960009088843444,0.6015020985199911,0.6124013528748591,0.639224629418472,0.6503267973856209,0.6539000467071462,0.6783953384132676,0.6899001109877914,0.6934322986954566,0.7070572569906791,0.7193773967967516,0.7248382057576434,0.7257592800899888,0.7195671776375113,0.735728906072322,0.7216916780354706,0.7183035714285714,0.7158555729984302,0.7212591240875912,0.7150990662719199,0.6878966455122394,0.6772676371780515,0.6750612881658123,0.6599726152441807,0.6368204659661946,0.6340415913200723,0.6125,0.5959618874773139,0.583296014330497,0.5691923774954628,0.5644757789401865,0.5438952832317762,0.5214301576726627,0.5182955071792497,0.5057445370578959,0.5082860385925085,0.49434389140271495,0.5050618672665916,0.49581731856206196,0.4955387783115992,0.492152466367713,0.4976388576568473,0.5130984643179766,0.5087483176312247,0.5239910313901345,0.532383707990207,0.5411471321695761,0.5480854853072128,0.5665854198980722,0.5782312925170068,0.596072305288998,0.6062829626232515,0.6135706340378198,0.6345596432552955,0.6516476126429052,0.6675792835957107,0.6768883878241263,0.7003803982993958,0.6993374457390907,0.7160210864084345,0.7179196002725414,0.7180838872335549,0.7188571428571429,0.7273975738155184,0.7209250112258644,0.7093449381584975,0.7202579497442739,0.7196219621962197,0.6946241356234665,0.6963921034717495,0.6865502381492402,0.6761640027797081,0.6633019291161956,0.6501464293759855,0.6420863309352518,0.62227711655064,0.5904361301748948,0.5991668595232585,0.5800776787754169,0.5641797961075069,0.5336549506087755,0.51815107102593,0.5232532015277466,0.5112270356089816,0.5026035770885217,0.49908214777420834,0.5061837455830389,0.4974965862539827,0.4960035523978686
0.5182844243792325,0.5230531656739467,0.5216508795669824,0.5252298721686477,0.5311592584319857,0.5376415722851432,0.5419847328244275,0.5661978120116097,0.5656200587305172,0.57026251930289,0.5925675675675676,0.61455463728191,0.6151241534988713,0.633566128328241,0.6515151515151515,0.6756515927823569,0.6808370044052864,0.6876524052316559,0.6972639011473963,0.6991031390134529,0.7111622554660529,0.7261217236783651,0.7546067415730338,0.7355014782806459,0.7329878323569176,0.7347302719572002,0.7503907122125475,0.7278568150527766,0.7278379000690767,0.7230495665703489,0.7275317843051293,0.7192507334687429,0.7032893264712463,0.6870105941962229,0.6700983756577442,0.6631975199291408,0.6579476861167002,0.6256756756756757,0.6114849708389413,0.6070609812012838,0.5945462673223066,0.5752930568079351,0.5621934908604548,0.5515301530153015,0.5371568846239678,0.5443210156427114,0.5434491978609626,0.5331088664421998,0.5271957200178332,0.5287049399198932,0.5300988319856245,0.5315673289183223,0.5203121413816847,0.5397441754225674,0.5401865008880995,0.5487340354021958,0.5609039548022599,0.5676211453744493,0.5872689938398358,0.594407158836689,0.6077682981589583,0.6225,0.6313901345291479,0.6393552719946273,0.6545039908779932,0.6835499775885253,0.6818801089918256,0.7007981755986317,0.6988779482482254,0.7255343082114736,0.7218868768164542,0.7354497354497355,0.7396655829075708,0.7341687178339673,0.7258503401360544,0.740429298517371,0.7409747292418772,0.7310692978430473,0.7277664630006789,0.7273348519362187,0.7047191011235955,0.7011899515204936,0.6869991095280499,0.6877398961390833,0.6748646209386282,0.6569393382352942,0.6358289979642615,0.6374538745387454,0.6125902527075813,0.5932904411764706,0.5825759255154068,0.5717171717171717,0.5692959001782532,0.5519320973866428,0.5449438202247191,0.5331065759637188,0.5345786079608628,0.51564284083124,0.5179310344827586,0.5095385980479148
0.5445431761221234,0.559371492704826,0.549015116811727,0.5609200637667957,0.5640851449275363,0.5817848130305115,0.5722411831626849,0.5914414414414414,0.6061827956989247,0.6216466234967623,0.6300046019328118,0.6374943464495704,0.654243376740009,0.6648423817863398,0.6783573806881243,0.6965734896302975,0.687244666364049,0.7124300111982083,0.7210433244916004,0.7243745849014833,0.7325214253495715,0.734006734006734,0.7597359735973598,0.7518148820326679,0.7481965734896303,0.7516208361278783,0.7353747714808044,0.7529332129963899,0.7507337999548431,0.7402071139126519,0.7334388424146507,0.7205558006175562,0.7168796234028245,0.7162071284465367,0.6784838350055742,0.6639584743850147,0.6696730552423901,0.6455667276051188,0.6398822996831145,0.6284153005464481,0.6133786848072562,0.614623172103487,0.5911395195062816,0.5896387184730743,0.5720670391061452,0.5772849462365591,0.5624281444010117,0.5554814320658217,0.5407687180626527,0.5457754246635782,0.5482416591523895,0.5459347726228755,0.5471357690572847,0.5589490231304738,0.5526255445998625,0.573489010989011,0.5863779882724403,0.5984625819579471,0.6149026627880958,0.6198817106460418,0.6324729759541142,0.642304189435337,0.6610555050045496,0.66719854114429,0.6877551020408164,0.6907836153161175,0.701095461658842,0.7252262705964261,0.727474478473147,0.7244990892531876,0.7367236723672367,0.7430278884462151,0.7642937853107344,0.7529599271402551,0.7517698104590089,0.754586129753915,0.7614446744881528,0.7440674207141273,0.7499438832772166,0.7461883408071749,0.724439461883408,0.7261717873962772,0.7103526734926052,0.7006398537477148,0.6848888888888889,0.6787683823529411,0.6524280575539568,0.6486182880251629,0.6313663899483958,0.6124347628772407,0.5915492957746479,0.601589103291714,0.5909299129638113,0.58011540168664,0.5712984054669704,0.56601607347876,0.5671742051052396,0.5526785714285715,0.5567740461503313,0.5524027459954234
0.5708342456754981,0.5873087308730873,0.5798127426353049,0.5800367985280589,0.5924398625429553,0.6128233970753656,0.6062141912736888,0.613746157224418,0.6275349256421812,0.6322447102115916,0.6395950506186726,0.678635953026197,0.6657765910102359,0.6775943929459642,0.6998203861697351,0.7033763879447088,0.7078400714764351,0.7322958953540821,0.731130993347098,0.7517506211881635,0.7497145467001598,0.7623806351321342,0.755232430050672,0.7660385823239121,0.7663804789877994,0.7752982766239505,0.7712432915921288,0.7702214188883868,0.7654686078252957,0.7505149919890135,0.7517349451533467,0.7504582951420715,0.73704200178731,0.7109270040304523,0.7212926885170754,0.7154035323049408,0.6999775432292836,0.6824462061155153,0.6669654863290004,0.6494096276112625,0.6422267481330618,0.6384546672621706,0.6139763340031257,0.5910122560145257,0.6042449701525536,0.5858494817485354,0.5915742793791574,0.5846394984326019,0.5696848646249445,0.5742596810933941,0.5744394618834081,0.575191355245385,0.5859901212393355,0.5873086310184158,0.6004474272930649,0.6012159423553254,0.6133244798583444,0.6123873873873874,0.6363425925925926,0.6316974335884736,0.6510743061772605,0.6519532112116531,0.6938221317040054,0.6820758831225469,0.7051933701657459,0.7065482796892342,0.7228778937812075,0.7336561743341404,0.7469879518072289,0.7463081331276173,0.7545271629778671,0.7594318686196183,0.7731054643579941,0.7595360249832701,0.7611225188227242,0.7709547288211565,0.765543748586932,0.7680539932508437,0.7684996605566871,0.7433970856102003,0.7471290767110703,0.7188418909748926,0.7214490832781091,0.7175537938844847,0.6975889781859931,0.6924300977494885,0.6882445493369297,0.6748868778280543,0.6476940382452193,0.6513930462813723,0.6395719489981785,0.6151095216808226,0.6127206880941602,0.6074361313868614,0.5923524150268337,0.5859602056785156,0.5949027498323273,0.5727645985401459,0.5834489135460009,0.5777576853526221
0.6175262437243267,0.6060262800181242,0.6151603498542274,0.6170693158726575,0.6202281702501097,0.6227612786216278,0.626457399103139,0.6407119021134594,0.6437118988484986,0.6619233417489098,0.6773376324274528,0.687457473349966,0.6924137931034483,0.7005775211017325,0.7180105170902716,0.7257992895204263,0.7271091113610799,0.7443826473859845,0.7584650112866818,0.7639163916391639,0.7634826325411335,0.7637723872137837,0.7771859742565468,0.774869109947644,0.7894736842105263,0.7794514388489209,0.77390527256479,0.7887583506104584,0.7724184782608695,0.7643884892086331,0.7651775486827033,0.7504492362982929,0.7409184372858122,0.7422519509476031,0.7313805631244323,0.7229759299781182,0.6958692691783931,0.6780973451327433,0.682932364956877,0.6744133059922534,0.6677792612372052,0.655852994555354,0.6401225114854517,0.6370751341681574,0.6277503367759317,0.6267799724391364,0.6137192342752963,0.6207129963898917,0.617751217352811,0.6100684477809671,0.5909496210432457,0.6215976986058862,0.5979124120717041,0.6245772266065389,0.6282279608192342,0.6307053941908713,0.6297137664697865,0.6441057821604662,0.6420111731843575,0.6589041095890411,0.6650641025641025,0.6896318048339733,0.7026845637583893,0.7069279854147675,0.7196643229757315,0.7211813973991624,0.7333485401459854,0.7413713759779107,0.7508833922261484,0.761788256227758,0.770776874435411,0.7907657657657657,0.7695527649261952,0.7842117168061524,0.7780073461891643,0.7841499209753895,0.7769022962629446,0.7773251866938221,0.7734230055658627,0.7603655818100757,0.7625227686703097,0.7475533807829181,0.7471672961564096,0.7403265488704988,0.7181208053691275,0.7096845846290537,0.6973506960035922,0.6795655125594026,0.6778975741239892,0.6721869328493648,0.6586418351124234,0.6356358645928637,0.6492858762185445,0.6374717832957111,0.6221033868092691,0.6255686988171064,0.6186421689446561,0.6211542780148215,0.6131451257168063,0.6081408140814082
0.6371111111111111,0.6304298897141571,0.6360431813174708,0.6394948335246843,0.6492052831878218,0.6391061452513966,0.6547326023718952,0.6601366742596811,0.6702775897088693,0.6778656126482213,0.693687707641196,0.6996655518394649,0.7138895308527848,0.7233377956269522,0.7393545495293591,0.7347122302158273,0.7580319029431588,0.7540983606557377,0.7752389834460247,0.7877966101694915,0.7837342497136311,0.788836583725622,0.7831463247080376,0.8012408088235294,0.7928341754708315,0.7943009795191451,0.7890625,0.789271163422363,0.7931759756952559,0.788023679417122,0.7878318584070797,0.7762772901192888,0.7606856634016028,0.7558087578194816,0.7460928652321631,0.7319564734621363,0.7214236824093087,0.72,0.7196388261851016,0.7086330935251799,0.6872364039955605,0.67451967063129,0.6757970363718007,0.6709804781750384,0.6657675882220724,0.6609793928650565,0.64937106918239,0.6204833141542002,0.6457531143827859,0.6366480446927374,0.6354713535722438,0.649908592321755,0.6257518378257964,0.6402369560264297,0.6601073345259392,0.6525211042664841,0.6577515865820489,0.6574548696233563,0.6724370503597122,0.6814360372642582,0.706133453156594,0.7070347284060552,0.7055419541509014,0.7272727272727273,0.7247974797479748,0.7447481364355094,0.7653129908009872,0.7636939791760978,0.7729910714285714,0.7834206331131861,0.7761261261261261,0.7888255416191562,0.784366576819407,0.7896762508489925,0.7913621262458472,0.7935123042505593,0.7956719817767653,0.7891513560804899,0.7927485380116959,0.7861747054901089,0.7707219251336899,0.7791218637992832,0.771383788625168,0.7462482946793997,0.7402071139126519,0.7254182901673161,0.7183920952167079,0.7094246698007611,0.7011988237955213,0.6742440962259987,0.6783625730994152,0.6579968058407484,0.6641958670260557,0.6550941683685046,0.6584315503173164,0.6460234680573663,0.6484444444444445,0.6347687400318979,0.6434823752070026,0.637677885701378
0.6624569460390356,0.6599318955732123,0.663878842676311,0.6623641304347826,0.6842458100558659,0.6721644826028016,0.6834628190899001,0.6829706080323087,0.6973069218784776,0.699097065462754,0.7082222222222222,0.7290584782117859,0.7323105106480421,0.751207174063003,0.75,0.7647447183098591,0.7679344112958324,0.7750794371311848,0.7875765132622988,0.794760820045558,0.8031638418079096,0.7893168271435121,0.7989609216173481,0.8139429606156632,0.8069419237749547,0.8074699866607381,0.805711715763436,0.8172398589065256,0.8027348128222371,0.7990877993158495,0.7941642162406696,0.7977452085682074,0.7787591079708545,0.7802512673572846,0.7680831826401446,0.760169870362092,0.7504492362982929,0.7390807226160531,0.724901915531964,0.7209302325581395,0.7166554584173952,0.7104661791590493,0.6958259325044405,0.6778660612939841,0.6723433242506812,0.6740294511378849,0.6774857142857142,0.6742961776150149,0.655477432524382,0.6665183537263626,0.6615961199294532,0.6652163956949851,0.6650323155783374,0.6632170978627672,0.6719910011248594,0.6879749664729549,0.6867151354923992,0.6796805678793256,0.7035198555956679,0.7040679481448369,0.7131868131868132,0.7328536091747245,0.7404851991987537,0.7415555555555555,0.7668221185876083,0.7699095521729539,0.768787459658829,0.7782511210762332,0.7802373345504335,0.8014888337468983,0.8060109289617486,0.8088567555354722,0.7983400628084343,0.811574994477579,0.7949009788299567,0.8212689901697945,0.8041283374467131,0.8157597651840145,0.7941904976356676,0.8043136373848573,0.7947752933362852,0.7789310954063604,0.7739446209714026,0.767591564927858,0.7613483146067416,0.7534372135655362,0.739950595104424,0.7354280510018215,0.7313601446000904,0.7175590367079728,0.7013483146067415,0.6947252747252747,0.691638795986622,0.6705383069019433,0.669356646491818,0.6627459850712508,0.6661480328961992,0.6720106880427522,0.6682851467667181,0.6690793938023072
0.6913385826771653,0.6967799642218246,0.7020316027088036,0.6891647855530474,0.6930602957906712,0.7055505415162455,0.7039767649687221,0.7253113879003559,0.7182814947415529,0.7273134662782882,0.738342541436464,0.7579847053531265,0.7585975882090219,0.7626308602639964,0.7669139132389301,0.7806959947472094,0.7821192052980133,0.7828328103989243,0.7923111919927207,0.8130006866559853,0.809228650137741,0.8103801502390167,0.8195338512763596,0.8217019360648357,0.8302469135802469,0.8267734553775744,0.8152880520062766,0.8220300409649522,0.8171163202122954,0.8098173013427251,0.8072593613599817,0.7945174444947893,0.8030905077262693,0.7970075926753015,0.7805593143888138,0.766725352112676,0.7710184552289815,0.7637725870427501,0.7520035618878005,0.7434802158273381,0.7254199328107502,0.7217830478700044,0.725123818099955,0.7006708304418228,0.7090949621043245,0.707388277565686,0.6948495897903373,0.6950011010790574,0.6807049668116274,0.690631318804763,0.686525129982669,0.6968144352862553,0.685046516904924,0.7028969234224118,0.7010169491525424,0.7045505492042143,0.7030567685589519,0.7133743449532923,0.7272518909007564,0.7336332958380203,0.7359818388195233,0.7478728168383341,0.764471939902784,0.7702367531003382,0.7728098048116205,0.7909212880143113,0.7910481331533963,0.7983614019116978,0.8100044863167339,0.7975850713501647,0.825769669327252,0.8110557317625736,0.8228740336516599,0.8230108499095841,0.8244291731323432,0.8231216457960644,0.8222764588418017,0.819268953068592,0.8236491069409902,0.8152223750573132,0.8082004555808656,0.8059232667713708,0.792609182530795,0.790405738623627,0.7833480565371025,0.7723722383396563,0.7581773065644033,0.7530293016082837,0.7541355087242239,0.7377417903733693,0.7408469342743714,0.7292377701934016,0.7111013021408078,0.7026121902210315,0.6985376827896513,0.6872586872586872,0.6840566674162357,0.6933911159263272,0.686265808741957,0.6864135407136323
0.72,0.7146678555506019,0.7166850828729282,0.7220183486238532,0.7224913494809688,0.7256774766770324,0.7421714285714286,0.7427937915742794,0.7357524487978628,0.7572007200720072,0.7665449566408032,0.7697247706422018,0.7698324022346369,0.7894854586129754,0.7842835130970724,0.7991385173430061,0.7918633400764217,0.8128245653646421,0.8216532870470818,0.8196539485359361,0.8471238938053097,0.837246409847276,0.8341539838854073,0.8422026839426192,0.8399821707154,0.8368919216376843,0.838238649326945,0.8345514950166113,0.82220692819454,0.8350351713183571,0.8298202795651209,0.8182632050134289,0.8004509582863585,0.8028953229398663,0.7880662983425414,0.7909191583610188,0.7776531299080098,0.775951362305787,0.7698504027617952,0.7576030637530975,0.7514606741573033,0.7432432432432432,0.7479728248959018,0.740153915799004,0.7185314685314685,0.7337357478202549,0.7165704131497113,0.7053001979327029,0.7152700600133363,0.721875,0.7179884802835622,0.7200811359026369,0.7198630136986301,0.7328018223234624,0.7245359891353553,0.7176444245409762,0.7440089585666293,0.740610586426532,0.7567024128686327,0.7401557285873193,0.7658298155965341,0.7736922740205734,0.7762033288349078,0.7896354852876593,0.7926041434617955,0.8077522833593228,0.8080467520791189,0.8188145487202515,0.8213144682793245,0.8202525935949482,0.8256653134866937,0.8328816621499548,0.836359509759419,0.8424133273300315,0.8334071776694727,0.8362782375307537,0.836294130874747,0.8342805182996136,0.822400713966979,0.8235159817351598,0.8203861697350696,0.8218800275798667,0.8058551617873652,0.8030199039121483,0.7937086847503989,0.8001810364335823,0.7873614190687361,0.7733540925266904,0.7706053160598615,0.7491385251550655,0.7544612604472555,0.7486058443006915,0.7277216610549944,0.7353467561521253,0.724640933572711,0.7181299885974914,0.7278466741826382,0.7280815972222222,0.7054125998225377,0.7085819183111519
0.7577343039126478,0.7322109988776655,0.7379202850144734,0.7384477344100493,0.7368421052631579,0.7438604544411292,0.7480423767848917,0.7622033139274519,0.7688028482421005,0.7735849056603774,0.7831111111111111,0.7786941580756014,0.7985825331504344,0.8065099457504521,0.7947414935925762,0.813179498557799,0.8178603006189213,0.8179158226423587,0.8352059925093633,0.8391858644598524,0.8441706593657312,0.8440872054613521,0.8505434782608695,0.8531327195149337,0.8427365615282096,0.8481781376518218,0.8449931412894376,0.8542747575005639,0.8379555351822141,0.8481125753853026,0.8382352941176471,0.8314124293785311,0.8317438692098093,0.81948109058927,0.8197777777777778,0.8074770539511976,0.8076578593819973,0.7885042166000887,0.7913260672116258,0.7779991146525012,0.7728290062667861,0.7656352863726136,0.7673085740486015,0.7610360360360361,0.7462103812586127,0.7446436379536511,0.7419427541131395,0.7389251180571171,0.7402895886003218,0.7375740994072048,0.7441437343643393,0.7409570882947653,0.7376451833295377,0.7518315018315018,0.756043468618319,0.7640399556048835,0.7593764121102575,0.7685001104484206,0.7661070780399274,0.7793008910212474,0.7916666666666666,0.8061929160169303,0.7913082842915347,0.8028387669106232,0.7970786516853933,0.8189596937626661,0.8260017421602788,0.8371246587807097,0.8271660649819494,0.8486547085201793,0.8463256645074827,0.8413234301147873,0.8488767869298843,0.8383017163504969,0.8515425655300395,0.8454181494661922,0.8491398323775915,0.8359836437982735,0.8502994011976048,0.8320767649074708,0.8274536408864767,0.8317008014247551,0.8269927536231884,0.8199452304883614,0.8190832966064345,0.8090339892665475,0.8009132420091324,0.7969140004538234,0.7876834148510449,0.7783832879200726,0.7708798570790532,0.7851536218883157,0.7593666369313113,0.7582714382174207,0.744421906693712,0.749259849692553,0.746776345042241,0.744108492663406,0.7410430839002268,0.733613817537644
0.7618403247631935,0.7709459459459459,0.7647968197879859,0.758876404494382,0.776814240073026,0.7728395061728395,0.773330335057342,0.77413560844185,0.7934560327198364,0.787431941923775,0.7898518185900314,0.8082408874801902,0.8024019941083164,0.8131744604316546,0.8196611680784663,0.8281461434370772,0.8380410022779043,0.8364379827351204,0.8497737556561086,0.8514156285390714,0.846790427197495,0.8512672298799466,0.8591234347048301,0.8499237638858637,0.8546472564389698,0.869433635970601,0.867564534231201,0.8545213353968605,0.8503779457536683,0.8434724689165186,0.8495634654130289,0.840244731475187,0.8406312513891976,0.8346684468179796,0.8357630979498861,0.8211363636363637,0.8148148148148148,0.8156312625250501,0.8127068166776968,0.7989475992106994,0.7901317258316588,0.7916759403516581,0.7791970802919708,0.7700762673844773,0.7790484903934126,0.7690735694822888,0.7653197158081705,0.7647595167540461,0.7747141896435776,0.7535353535353535,0.7620338983050847,0.7542607093505297,0.7644935709451839,0.7785920497446147,0.7716571428571428,0.7847666971637695,0.7796045323261498,0.7834776815456362,0.8036864312680435,0.7854486285448629,0.8028391167192429,0.8004504504504505,0.8114847860901395,0.8214525139664804,0.8320971004720162,0.8280693950177936,0.8377574370709382,0.8383974791807337,0.8469549467964682,0.8569153776160146,0.8540675277588942,0.862182296231376,0.8639106145251396,0.8511713367018833,0.8621867881548975,0.8607427055702918,0.8546989051094891,0.8543843707405725,0.8458732330141359,0.8511945392491468,0.8452300022660322,0.8411065386374028,0.8383699633699634,0.8290482634190347,0.8376259798432251,0.821333922261484,0.8173076923076923,0.8081357407004568,0.8009565019357777,0.7933289731850883,0.7948941741217543,0.7792474344355759,0.7983474765520322,0.7614019321500787,0.7732718894009216,0.7670299727520435,0.7613787008395935,0.7733934611048479,0.7582200789127576,0.7592762253779203
0.7893168271435121,0.7929957617666741,0.7986562150055991,0.7880018042399639,0.7966024915062287,0.7903005464480874,0.7991414369633981,0.7935351695879809,0.801893171061528,0.8056633934688285,0.8126847010684246,0.8217176258992805,0.8322315933439708,0.828310502283105,0.8399909726923945,0.8478211785956198,0.8489061075660893,0.8419077058953411,0.852513966480447,0.864680463952695,0.8640686615634423,0.8678354686446392,0.8676639815880323,0.8787117405207857,0.867420814479638,0.8692307692307693,0.8694675353853066,0.8781305903398927,0.8743853375055879,0.8748593292820167,0.8582468536100685,0.8613595706618963,0.8605179463880055,0.846984698469847,0.8535722185357222,0.8369835177240912,0.8340631481908274,0.8186886708296164,0.8293816829381683,0.8275388838060385,0.8004909618388752,0.8131744604316546,0.8067169294037012,0.7948430493273543,0.8084350721420643,0.7872243691748124,0.7863112717415858,0.7885047148630444,0.7980139923267885,0.7874971891162581,0.7786903440621532,0.7811012916383413,0.7829682610639249,0.7903880866425993,0.8036199095022625,0.780363475177305,0.8032676812891674,0.7993467102193187,0.8017691086414153,0.8159964053021793,0.8227417158420336,0.8249384374300426,0.8380566801619433,0.8374164810690423,0.8409193330328977,0.8374692600044713,0.8547312305641936,0.864293659621802,0.8619550858652576,0.8672527472527473,0.8701209769459027,0.8733021598753061,0.8719661545312848,0.8709533377986157,0.8815370623010459,0.8745519713261649,0.8758559752595538,0.873641304347826,0.8725055432372506,0.8622448979591837,0.8678057553956835,0.8561705989110708,0.8555505004549591,0.8485523385300668,0.845222072678331,0.8381555153707052,0.8319134239005296,0.8209260099863822,0.8296430185268866,0.8226381461675579,0.8074745186862967,0.8105924596050269,0.8007254590795738,0.7814317673378076,0.794163510804188,0.7939272158964055,0.7875555555555556,0.7931428571428571,0.7897413221313287,0.7960232350312779
0.8161896243291592,0.8127112914131169,0.8058757062146893,0.811613475177305,0.819515447877306,0.815742397137746,0.814687714481812,0.8291621327529923,0.831904332129964,0.838521836506159,0.8425675675675676,0.850358422939068,0.8386882339906936,0.8512039981826443,0.8506433823529411,0.8612859712230215,0.8640517049253399,0.860788334472545,0.8694395017793595,0.8691992720655141,0.8706723252177797,0.8801096140671386,0.8803149606299212,0.882858435097241,0.8777408637873754,0.8912651958577218,0.8805803571428571,0.8843011702362552,0.8726583407671722,0.873522194958733,0.8825005703855806,0.8802000454648784,0.8741434444952033,0.8734435136970795,0.8678603807796917,0.8608715388107127,0.8565620058730518,0.8431329043709784,0.8434878587196468,0.8426533846502151,0.8294804303044175,0.8270364708451627,0.8252135765412145,0.8252919145186164,0.8177601060304838,0.8114015322217215,0.7994133574007221,0.8108585301258,0.8171896316507503,0.8196531791907514,0.8071148071148071,0.8178717598908595,0.8096390845070423,0.816086760054225,0.8098285714285715,0.8160377358490566,0.8183057006586418,0.8112221717401181,0.830466274332277,0.8334474104494638,0.8412698412698413,0.8351747463359639,0.8438980374464246,0.8553445229681979,0.8698691926026162,0.8601493550577054,0.8607941579187586,0.864740944520862,0.8697868396663577,0.8726749335695305,0.8766569310267356,0.8802395209580839,0.8767645081783554,0.8890433171183693,0.8850600770800272,0.8867028493894166,0.8819932049830125,0.8840257720506554,0.8808035714285715,0.8738738738738738,0.8784591543059552,0.880336208803362,0.8648952938527359,0.8718520169378203,0.8591390579220194,0.8568552896443749,0.8469180401896591,0.8506306705023235,0.8401816118047674,0.8412770809578107,0.8420353982300885,0.8189944134078212,0.819537160658656,0.8091220068415051,0.8062330623306233,0.8161231884057971,0.803020058598152,0.820209681017176,0.8105429150709619,0.8028297581013236
0.8201375027722333,0.8256075607560756,0.8262975778546713,0.8236747529200359,0.8364050056882821,0.828184892897407,0.8401189387008234,0.8399449667507453,0.8461364151370949,0.8429472735466427,0.8405240569234245,0.8532620797149856,0.8716863443974159,0.8528451492537313,0.8591934381408065,0.8717434869739479,0.8794672586015538,0.8699690402476781,0.8842010771992819,0.8814095324147279,0.8906992532247114,0.8926477221470456,0.8944790739091718,0.8910980569362856,0.8873082907312736,0.8967209457952264,0.8971921291178422,0.9022573363431151,0.8940620782726046,0.8851727982162765,0.8884180790960452,0.8873303167420814,0.8726218097447795,0.8825221238938054,0.8725602755453502,0.8801455537866727,0.8695173021820586,0.8625374165323509,0.8577424342831897,0.8423076923076923,0.857717221353585,0.8414877130839052,0.8408153916628492,0.8432118094386043,0.8379325448970653,0.8362703546732099,0.8331454340473506,0.8250742178579584,0.8338231969251639,0.831904332129964,0.8313875168387966,0.8245732255166217,0.8282734646581692,0.8320887078524553,0.8366614314561364,0.8449295134151887,0.8439267134132549,0.8434424353398947,0.8378623188405797,0.8546836575005589,0.8517947588636864,0.8597162801170908,0.8680351906158358,0.8627840282373704,0.8641193759891477,0.8667854756070394,0.894905186200594,0.8926630434782609,0.8872516186648806,0.8846675712347354,0.8841067025330643,0.8946167883211679,0.8843283582089553,0.8920429146177917,0.8885350318471338,0.8953873317148532,0.8895374943870678,0.8931818181818182,0.8845214301576727,0.8919043238270469,0.8911534154535274,0.8749437696806118,0.8658959537572254,0.8797913359038331,0.8748320644872369,0.8628378378378379,0.8573336300912531,0.8661365142478462,0.8496257654797006,0.854632587859425,0.8443693693693693,0.8485513608428445,0.8363393453573814,0.8404713346929527,0.838673537978938,0.8391903914590747,0.8219334245326038,0.837037037037037,0.8356286095068858,0.8438752783964365
0.857207615593835,0.8496257654797006,0.8471837488457987,0.8499548736462094,0.8545576407506702,0.8497932935231971,0.8501788908765653,0.8607134742104067,0.8563938910417142,0.8608888888888889,0.8741383144318434,0.8763993602924377,0.8795718108831401,0.8778900112233445,0.882095062298108,0.8799632774845076,0.8822212270488132,0.88673213062343,0.8873759519963074,0.8976964769647696,0.9023782559456399,0.9075802412929661,0.9048900852400179,0.9119356280733125,0.898224043715847,0.906707450294953,0.8941655359565808,0.9007302601551803,0.9027809698919789,0.9055206463195691,0.8966390423572744,0.9004405286343612,0.8943740271291972,0.8946424568482403,0.8919807186678352,0.8804276674667249,0.8798161120840631,0.8816447069513857,0.8649310191366266,0.8606074342701723,0.8576504552520542,0.8768406961178046,0.859747861323728,0.8512508451656524,0.8506807202459377,0.8513053348467651,0.8463414634146341,0.8565324938160558,0.8515450067174205,0.8473123262279889,0.8518187904485606,0.8435868331441544,0.851605504587156,0.8488239324046586,0.8540762731217173,0.858165548098434,0.8580960854092526,0.862383281458426,0.8641509433962264,0.8641146183120663,0.8682222222222222,0.876706296785557,0.8685231682264323,0.8864658273381295,0.8774542992552471,0.8832281334535618,0.8930505415162455,0.9046449307726664,0.8921322690992018,0.9065958388667552,0.8983050847457628,0.901749663526245,0.9051224944320713,0.899934022432373,0.9127775260534663,0.9031973539140022,0.8985409652076318,0.9005847953216374,0.9011038522189683,0.899090707473941,0.8970927549607752,0.8995882891125343,0.8917109212652967,0.8923253150057274,0.8832197053001979,0.8807442277516252,0.8873934499775684,0.8822077630693291,0.8739248528746039,0.8598089313485892,0.8614198230891359,0.8575985418090681,0.8576544315129812,0.8491291562994797,0.8559526419644815,0.85419032477856,0.8473212232697171,0.8551519305460361,0.8522829006266786,0.849813637360228
0.8636157680108745,0.8723830734966592,0.8737579042457091,0.8745793134395333,0.8718177757927646,0.8763250883392226,0.8679245283018868,0.8809366026065827,0.8821266968325792,0.8824049513704686,0.8859570661896243,0.8931026835218452,0.8952054794520548,0.8899825021872266,0.8900896757875374,0.9050254593756918,0.9000224668613794,0.900536432722396,0.9080996884735203,0.9109403254972875,0.9149270482603816,0.9106822262118492,0.9161434977578475,0.9081818181818182,0.918233295583239,0.9080824088748018,0.9147961520842877,0.9118513482891457,0.9120492524186455,0.9020140303236026,0.9146588606169782,0.9083409715857012,0.8997826086956522,0.9016995865870464,0.9065123666893579,0.8987030411449016,0.8892448512585812,0.886919452546556,0.8805309734513275,0.8918062471706655,0.8799097065462754,0.8741367787926041,0.8826450011284135,0.8797227811312318,0.8718122320018055,0.8553105310531053,0.8679413072476656,0.8654067757547822,0.8725490196078431,0.8704845814977974,0.8701944821347807,0.8640072529465095,0.8737488626023658,0.8679867986798679,0.8706087715470217,0.8719146097398266,0.8731794756889985,0.867996414164052,0.8774252453777677,0.8805299797889063,0.8813029897367247,0.8850418646752659,0.8841845878136201,0.8941229250785105,0.8929364726788094,0.9070279797312183,0.8942799910972624,0.9031827286890719,0.9071863032214462,0.9084601611459265,0.9134328358208955,0.9117780809458845,0.915956969968624,0.9174638487208009,0.9091938405797102,0.9086463658590798,0.9109420452002686,0.9084678310855627,0.9138723013321084,0.9121366762813401,0.9141076991544281,0.900067521944632,0.8989922125515346,0.902668416447944,0.8978300180831826,0.8954233409610984,0.8888637903772306,0.8820466379895857,0.8874833555259654,0.8802422067728191,0.8767953321364452,0.8847718029823769,0.8721973094170403,0.8854875283446711,0.8677536231884058,0.8681838666065795,0.8740388964269561,0.8748043818466353,0.8732297852900868,0.8711111111111111
0.8813633384312869,0.8876429692756224,0.8788474132285528,0.8891647855530475,0.8915367483296214,0.8912901113294041,0.893450184501845,0.8957345971563981,0.8905584211706661,0.8984979517523897,0.8930733019502354,0.8992678056356779,0.9019476158495635,0.9016872890888639,0.9035068125977217,0.9067720090293454,0.9138124020595478,0.9139710942876806,0.9123630672926447,0.914712643678161,0.9104643412574983,0.9194323643854428,0.9229218014788259,0.922363060208239,0.9164983164983165,0.9242665453718445,0.9225142857142857,0.9100065688635866,0.919766081871345,0.9180686038890102,0.9186072801266109,0.908989764129951,0.9090497737556561,0.914041404140414,0.9073819348922513,0.9044995408631772,0.9035107587768969,0.9068499127399651,0.9015336741498111,0.8968814022308218,0.8995769316410599,0.8827570921985816,0.890921258086103,0.8863687401751628,0.884407390716539,0.8868778280542986,0.8878814683768245,0.8877208678148065,0.8818807339449541,0.8799463447350772,0.8808520079875749,0.8848484848484849,0.8737885958981294,0.8854190585533869,0.8899103139013453,0.8870255957634599,0.8879426266248319,0.8934240362811792,0.8970688479890934,0.896551724137931,0.9004930524428507,0.9020179372197309,0.9029169450011133,0.9008573312816004,0.9036889772476253,0.9053030303030303,0.9159758010306969,0.9146396396396397,0.9223663954255553,0.9110760918505177,0.9143835616438356,0.9147058823529411,0.9210110584518167,0.9182063992789545,0.9207358619123325,0.9237657864523536,0.9134487350199734,0.9195686362615143,0.9185219187514345,0.918065371024735,0.9080817051509769,0.9161290322580645,0.9200623469160544,0.9068541300527241,0.9121962402567629,0.9083656257123319,0.9011499336576736,0.9031602708803612,0.9016829052258636,0.8930615983512709,0.9013766644098398,0.8898668472128187,0.8915934189767861,0.8827091276070868,0.8980862347244639,0.8929840142095915,0.8813369223867205,0.8758319944916226,0.8924266545371844,0.8904202440126525
0.9042407660738714,0.9018280297901151,0.9002013873349742,0.9022026431718062,0.8914181652629183,0.9082114735658042,0.908273381294964,0.8944394213381555,0.899480460808674,0.9116987897803676,0.912324422292705,0.9111505997334518,0.9117043121149897,0.9134421829568329,0.9105782160466158,0.915073365940418,0.9166477401771519,0.9148743491057278,0.915273132664437,0.9236710586097229,0.9246606334841629,0.9197080291970803,0.9306708548350908,0.9275622336846827,0.9293628808864266,0.932257331211639,0.9244943820224719,0.9279661016949152,0.9253968253968254,0.934968496849685,0.9266014234875445,0.9195166438668491,0.9180810138040281,0.9249497431315613,0.9214894571556752,0.91638721216186,0.9172118204376268,0.9120805369127517,0.9045871559633027,0.9088483770564696,0.9015201586252478,0.9028349336991313,0.8987398739873987,0.8935281837160751,0.8989120580235721,0.8974067333939946,0.9041246160596753,0.892034233048058,0.9020618556701031,0.9035187287173666,0.8996173756470853,0.8951631046119235,0.8994638069705094,0.8999552372426142,0.9013374260030695,0.8996662958843159,0.8965056754952148,0.8976063829787234,0.9127998206680117,0.9097222222222222,0.8997950352994762,0.9089091313041546,0.9089700996677741,0.9226494776617026,0.9186046511627907,0.9171207992733879,0.918073938840712,0.9229199727952845,0.9139973672663448,0.9293134598012647,0.9204392649036307,0.9277864992150706,0.9308161881076192,0.9290555806597379,0.9221183800623053,0.9285876734136912,0.9273693534100974,0.9231292517006803,0.9298601714027965,0.9295173961840628,0.9299478576286556,0.9147321428571429,0.9195274186357557,0.9172031076581576,0.9213306360979996,0.9138952164009112,0.9116906886296042,0.9111462808048836,0.9104710872962715,0.918353576248313,0.9081081081081082,0.9030759017481744,0.8996617812852311,0.902433528616494,0.903247183565275,0.900428024329804,0.8969378427787934,0.8911595866819747,0.8958711433756806,0.9006004002668445
0.9050431621990005,0.9119511090991399,0.9138327205882353,0.9102238633741057,0.9191290824261276,0.90744920993228,0.9158157476741547,0.9156410830163347,0.9150691038787339,0.921586505584682,0.9242945629731589,0.9264573991031391,0.9129753914988814,0.9176653351087439,0.920935412026726,0.9288648648648649,0.9247967479674797,0.9344622828238399,0.9363228699551569,0.936271186440678,0.9344446947510701,0.9362096961261889,0.9407044137316094,0.9369289057276576,0.9290649470290189,0.9328844483058211,0.9372862029646523,0.9385711106165145,0.9386781739722916,0.9369307832422586,0.933288104929896,0.9305115436849253,0.9344225604297225,0.9249551971326165,0.9229688597518145,0.9295552043350643,0.9231799910674409,0.9333035913450815,0.9245325022261799,0.9249154453213078,0.9182703192211908,0.9156462585034013,0.9120463148519261,0.915956969968624,0.9111669330897465,0.9198826450011284,0.9189371763116415,0.9042222222222223,0.908395228449246,0.910915651781687,0.9097897354736604,0.9214636323070058,0.917660292463442,0.9186433163378408,0.9109792284866469,0.9071606053761012,0.9181247196052041,0.9165744633768533,0.912984974209464,0.9217234378524701,0.9210468440730152,0.9214903526280772,0.9225133214920072,0.9253093363329584,0.9240393208221627,0.9301329727293216,0.9327843311818385,0.9273127753303965,0.9363941769316909,0.9287780992655241,0.9420160570918823,0.9376827896512936,0.9307417336907954,0.9311967727476468,0.9418657052726453,0.9328979959468588,0.9323021744003587,0.933920704845815,0.9369653309320126,0.9324200913242009,0.9322638146167558,0.9297539149888143,0.933273219116321,0.9331699710403207,0.9257998638529612,0.9300699300699301,0.925684777727885,0.9186823312600784,0.919836028239581,0.918609967992684,0.9170393559928444,0.9165347206514364,0.9181247196052041,0.9227966294693691,0.9116939890710383,0.9169836652494965,0.9126526849504494,0.9111405835543767,0.91511758118701,0.9029816513761468
0.9211986681465039,0.9196134416867999,0.9241630608061945,0.9183490354419022,0.9267515923566879,0.922008068130883,0.9221246905244205,0.9240953221535746,0.9209052207035626,0.9234947940244455,0.9342194187880153,0.9211920529801324,0.9343434343434344,0.926036866359447,0.9238958097395243,0.9301587301587302,0.9413761883205071,0.933425160697888,0.9375279892521272,0.9415124514507653,0.9422992540587977,0.9386160714285714,0.9417040358744395,0.9386322463768116,0.9345836124134852,0.9412286538035041,0.9414027149321267,0.9344665622903153,0.9348498233215548,0.9382273948075202,0.9400840150342693,0.937571723663071,0.938047138047138,0.9462441314553991,0.9312288613303269,0.9350853548966757,0.9386338185890257,0.9401416495316427,0.9289408590060715,0.9313199105145414,0.9261729530818767,0.9272888494790512,0.9214838416021848,0.9240184757505774,0.9219064667710898,0.9307692307692308,0.9273435709374284,0.9181169120928158,0.9306708548350908,0.9245240761478164,0.9183105128800185,0.927158273381295,0.9323034984098137,0.9281667799682756,0.9230601092896175,0.9219889502762431,0.9310422789961564,0.9254259791989378,0.9269141531322506,0.9223785746709033,0.9187208527648234,0.933288409703504,0.930981256890849,0.9287173666288309,0.9364616075437808,0.9389920424403183,0.9379480286738351,0.9421745925429783,0.9314298561151079,0.9391054030115146,0.941738734638143,0.9368681195237025,0.9410578216046616,0.9488340502603577,0.9438868613138686,0.9424589795459654,0.938255033557047,0.9348164627363738,0.9374585635359116,0.9386378961564397,0.9422818791946309,0.9412819363514119,0.9415893140140367,0.9361654804270463,0.9362431444241316,0.9332443257676902,0.927268732146781,0.9393597835888188,0.921124828532236,0.9277591973244147,0.9301631059039742,0.9297224709042077,0.9311978344236409,0.9298284695923368,0.917931793179318,0.9297576301615799,0.9263274336283186,0.9278557114228457,0.9311195871662553,0.9288075821027111
0.9348599377501111,0.9342105263157895,0.9309349322673773,0.9397671294223018,0.929761368752814,0.9310890194306372,0.9386770785484612,0.9382213170400543,0.9333037890538445,0.9350853548966757,0.9363057324840764,0.9407458247540609,0.9408149328477122,0.9371824480369515,0.9480748074807481,0.9481761565836299,0.9469508048061664,0.9415893140140367,0.9412553048916685,0.9413113250802384,0.942643391521197,0.9410009182736455,0.941638608305275,0.9456818181818182,0.9392365032753558,0.9463963963963964,0.9434216434665469,0.9420677361853832,0.9433753594337536,0.9431022804244751,0.9469006381039198,0.9424283154121864,0.9429274843330349,0.9375140988044214,0.943078626799557,0.9422818791946309,0.9394819115676641,0.9410866244817805,0.9352617079889807,0.9331065759637188,0.9340339892665475,0.9375561545372866,0.9303325039583804,0.9403587443946189,0.932130777903044,0.9406423034330011,0.9354622599374721,0.9366836395837945,0.9303614992237746,0.9327007943512798,0.930264048747461,0.9328223624887286,0.9341330918967858,0.933408323959505,0.9385886556498437,0.931469172587669,0.9364226550257444,0.9380867232901207,0.9331355545413054,0.9365598430346632,0.9415244596131969,0.9410582719356999,0.9411495305701855,0.9403396053235429,0.9443462897526502,0.9403357531760436,0.940811350033252,0.9447757897062072,0.9468348727190808,0.9461730638201227,0.9445211786372008,0.9469884953755922,0.9481924936679714,0.9448537620004466,0.9440636745522883,0.9479861910241657,0.947626476487631,0.9446452779032987,0.9488919041157847,0.9443430656934306,0.9391264992079656,0.9464609800362976,0.942850688954145,0.9430949167791273,0.9429019256605463,0.9405803777061262,0.9396200814111262,0.9362690860809914,0.9340584636301835,0.9346525540727105,0.9297103076577589,0.938230008984726,0.9391967691272156,0.9429854096520763,0.9322718098228302,0.9402850033928976,0.9338547486033519,0.9282233052724856,0.9379619260918253,0.9363780958872984
0.941970310391363,0.9389944134078212,0.9451871657754011,0.9367229129662522,0.9438252340615247,0.942429737080689,0.9468156424581006,0.9457817772778403,0.9429785330948122,0.9388026607538803,0.9438787055894999,0.9394359685621821,0.9449398127507802,0.9468343260533862,0.9402718965901493,0.9501698754246886,0.9501329787234043,0.9449048152295633,0.9487236901030004,0.9490761604326273,0.9493387132929836,0.9480807632571555,0.9434394321044195,0.9528364849833147,0.9445821130885335,0.9484329851078017,0.9521158129175946,0.9511870423785223,0.9471664032512983,0.9542883005204797,0.9457259158751696,0.9462679856115108,0.9474036104301314,0.9492476981810015,0.9439209377154677,0.9432543299908842,0.9391421513586347,0.945970082607725,0.9517116300158694,0.9378354203935599,0.9398529739362887,0.9422566371681416,0.9392921146953405,0.9427244582043344,0.9486370804235188,0.943400498075617,0.9443693693693693,0.9372318807857304,0.9335751530265246,0.9382492648722008,0.9367205542725173,0.9412154696132596,0.9346136259716507,0.9410175596578118,0.939307624890447,0.9453354416083126,0.9399277326106594,0.9442884906067804,0.9439467034229267,0.9468770837963992,0.9453772106559212,0.9448767833981842,0.9459335624284078,0.9454342984409799,0.9409395973154362,0.9473446327683616,0.943069306930693,0.9489428699955016,0.9417365676717298,0.9432896520560325,0.9489909070747394,0.9479190357061633,0.9534010600706714,0.9489522960320999,0.9475212148280482,0.9509132420091324,0.9475094929640384,0.9470362857786793,0.9490487644872075,0.9438636363636363,0.9454586946599726,0.9459397810218978,0.9457817772778403,0.9521038495971352,0.9514060742407199,0.9469286359530262,0.9445964432284542,0.9418939897981814,0.9478834774692763,0.9457952264108855,0.9372759856630825,0.9401237295625277,0.9438526409232135,0.941541186891054,0.9361990950226244,0.9441202872531418,0.9407507914970602,0.9403854773644106,0.9309651474530831,0.9421836780075606
0.9465563506261181,0.9453697534976683,0.9447488584474886,0.9404633037453994,0.9517633674630261,0.9507651363938789,0.9485213581599123,0.9515874802972304,0.950033017829628,0.9446623093681917,0.9525431425976385,0.9546382399637106,0.9449190647482014,0.9464775846294602,0.9496106275767293,0.9414666965687374,0.9485479076149097,0.9523917479029699,0.9570060147026064,0.9513225161146922,0.9488868696047251,0.9558134345012274,0.9488445142472515,0.9605710401087696,0.9539443684450525,0.9547344110854503,0.9526077097505669,0.9513083048919226,0.9538950715421304,0.9525754481506694,0.9502724795640327,0.9495722647456101,0.9499887867234806,0.9509651652984247,0.9503868912152936,0.9493077266636891,0.9459027619265008,0.9496644295302014,0.9543540881896743,0.9465002229157379,0.9507713248638838,0.9455935251798561,0.9496598639455782,0.9493927125506073,0.9480136208853576,0.9502364332357577,0.9471316085489314,0.9498060689025781,0.9451591062965471,0.9407865665046399,0.9502787068004459,0.9424524125719345,0.9402679990915285,0.9408270504912041,0.9484724122207022,0.9488623563865736,0.9430660168365086,0.9499661933739013,0.9479717813051146,0.9512030582415111,0.949442040537463,0.9460795326892834,0.9468512728896828,0.9500993596820491,0.946234067207416,0.9537871956717764,0.9503033131124592,0.958410780669145,0.951876583007138,0.9504076086956522,0.9535201640464799,0.9497510185604345,0.9512688075454749,0.9499667921186629,0.9512302284710018,0.95110721333041,0.9528604118993135,0.96,0.9545762711864407,0.9507311586051743,0.9455872594558726,0.9497094322753687,0.9523489932885906,0.9514585232452142,0.9553894927536232,0.9500564971751413,0.9476427923844062,0.9513151822796493,0.9445964432284542,0.9442204301075269,0.9448872694147119,0.9413984461709212,0.9500787047447717,0.9459459459459459,0.9444570392201315,0.946793997271487,0.9431192660550459,0.9414752650176679,0.9471346068414038,0.946866485013624
0.9529569892473119,0.9546773833444966,0.9523595505617978,0.9508670520231214,0.9503147482014388,0.9504076086956522,0.9572824358100431,0.946894689468947,0.9494633273703041,0.9537740062527914,0.9513234634365186,0.9522742549854358,0.9559662331736254,0.9499664954210408,0.9443312966734555,0.9559847293959128,0.9549071618037135,0.957202735495257,0.9512797485406377,0.9549757561764026,0.9517714285714286,0.958408273381295,0.9570356899295295,0.9487294805486846,0.9555754992147184,0.9546355428319754,0.9535884084220059,0.9594535037461437,0.9542998649257092,0.9530037685657282,0.9516129032258065,0.9502364332357577,0.9563953488372093,0.9500924214417745,0.9580127500549571,0.9542423545642676,0.9521885521885521,0.9563571587619684,0.9480115529882248,0.9545144416647714,0.9522497704315886,0.9512683578104139,0.9521584334668447,0.9490027198549411,0.9495310406431443,0.9525823686553874,0.9586298932384342,0.9465058046892784,0.9558388345094468,0.9513254113345521,0.9572784810126582,0.9539842873176206,0.9489932885906041,0.9505356735810349,0.9522826336315668,0.9497982967279247,0.951307484220018,0.9527777777777777,0.952925353059852,0.9507466012926231,0.9517937219730942,0.9564628919467629,0.9535249214189493,0.9592932229926191,0.953636563392661,0.9577086596554039,0.9554848966613673,0.9545965385479883,0.9588316467341307,0.9533984996590135,0.9526506570004531,0.9530685920577617,0.9561247216035634,0.955086458567258,0.9551569506726457,0.9500911577028259,0.9547646383467279,0.9522278364722094,0.9575127240539942,0.9576684397163121,0.955703211517165,0.9546465095598043,0.9585610200364298,0.9534722222222223,0.953956191327671,0.9514476614699332,0.9555555555555556,0.9520578923563998,0.9520486267447096,0.9533666969972703,0.9494470774091627,0.9572494910653698,0.9559451562148797,0.9502252252252252,0.9493204330799355,0.9496674057649668,0.9500787047447717,0.9483029894358282,0.9536713286713286,0.9518814139110604
0.9540358744394619,0.9563358091379699,0.9510930809105251,0.9560706401766005,0.9588194921070693,0.9566292134831461,0.956343792633015,0.9491638795986622,0.9558423913043478,0.9575947947049585,0.958567890114839,0.9575971731448764,0.9589345172031076,0.9562237453017909,0.9579700424770847,0.9614441720525964,0.9592617600720235,0.9580727356960852,0.9555457746478874,0.95116965705201,0.954965097950912,0.9535144846171121,0.9553411131059246,0.9582000913659205,0.9579775280898877,0.9600089867445518,0.9575513851653262,0.9541694612117148,0.9558366622281402,0.9534725374489332,0.9504444444444444,0.9606986899563319,0.9554267885001114,0.9566281138790036,0.9561878952122854,0.9576949462611479,0.9579302587176602,0.9502487562189055,0.9560909705021392,0.9515499425947187,0.956452348381213,0.9615124915597569,0.9593370165745856,0.9573405945087361,0.9563139931740614,0.958670260557053,0.9571625978811608,0.9568867710460631,0.9506615833146446,0.9542895744201756,0.9495875343721356,0.953185658826216,0.9526734926052333,0.9548957388939256,0.9538770053475936,0.9549077658847643,0.9552406657669815,0.9569699686239355,0.959758551307847,0.9548618908600943,0.9521288837744534,0.95813026140895,0.9599910594546267,0.9549609810479376,0.9576648841354723,0.9519823788546256,0.9565505072783415,0.9516164504068617,0.9497342781222321,0.9566259808195292,0.952849622339208,0.956009775605421,0.9591521307131817,0.9611992945326279,0.9585337915234823,0.9568690095846646,0.9597240765465065,0.9593920145190563,0.956222782489113,0.9586758498111531,0.954083885209713,0.952485701715794,0.9556962025316456,0.9531107044830741,0.9567567567567568,0.9579043697094486,0.9541139240506329,0.9590427979751496,0.9641505232687597,0.9576731552738795,0.955193482688391,0.9533362407326647,0.9580275229357799,0.9543399638336347,0.9540386803185438,0.9537651636530099,0.9597752808988764,0.953038059203205,0.949410163339383,0.9588222271419083
0.9557640750670241,0.9538074548364966,0.9564640883977901,0.9570979335130279,0.9523070097604259,0.9591561938958707,0.9578754578754579,0.9591431095406361,0.952219968447149,0.9558049003892832,0.960431654676259,0.9580559254327563,0.9587511394712853,0.9530580004513654,0.9576003608479928,0.9554390563564875,0.9527925531914894,0.9594474153297683,0.9548199507940058,0.9571075679317315,0.9556306306306306,0.9530278609256274,0.9574178935447338,0.9595480225988701,0.9570882947652213,0.961301671064204,0.9607158446093409,0.9630047371982856,0.9559095106186519,0.9631531933899062,0.9583427156045936,0.9533945776383599,0.9574844995571302,0.9523381294964028,0.95818345323741,0.9607843137254902,0.9580674567000912,0.9584635998213488,0.951491687542701,0.9611173184357542,0.9524871737675663,0.9556111996357842,0.9580308529945554,0.9594411897251014,0.9550306609130138,0.9532374100719424,0.9581175410943481,0.9555456768170705,0.9630124777183601,0.9516745336030569,0.9622093023255814,0.9561502136271643,0.9539842873176206,0.9596774193548387,0.9574565416285453,0.955425484016209,0.956590909090909,0.9577336074937172,0.9558722132843025,0.9608019824284749,0.951829550717925,0.9587462548974418,0.9537521815008726,0.9562124916648144,0.9604026845637584,0.9595105672969967,0.9586114819759679,0.951573309529123,0.9620253164556962,0.9612263300270514,0.9566778900112234,0.9552503322995126,0.9591280653950953,0.9528596961572833,0.9586440677966102,0.9526374859708193,0.9562328139321723,0.9547085201793722,0.9572881355932203,0.9518099547511312,0.9543795620437956,0.9566007725516928,0.9585108768782238,0.9573669096531919,0.953971119133574,0.9546582449808256,0.9545047064096818,0.9570285714285715,0.9520626872551279,0.9480807632571555,0.9499661933739013,0.9515042658284688,0.961978928080623,0.9564631956912029,0.9545658012533572,0.9553911678995741,0.9532923217133743,0.9551195308976094,0.9575757575757575,0.9631241410902428
