0.9612998522895125,0.9584520773961301,0.954315499003526,0.9591218773656321,0.955902004454343,0.9562833432128038,0.9519537783183822,0.9541404994888272,0.9544032185963344,0.9598866686549359,0.959337118305969,0.9596641175588544,0.9572176514584891,0.9611275964391691,0.9517997837169783,0.9563474387527839,0.9543215405284371,0.9579718815435238,0.9571025679085646,0.9583834134615384,0.9584697826734148,0.9581777445855115,0.952668985331922,0.9584271349242083,0.9577080491132333,0.9576029962546816,0.9550726765526354,0.9550610820244329,0.9595854922279793,0.9542848743201529,0.9559404436341538,0.9617620067298868,0.9577021148942553,0.9605845881310895,0.9522401301197694,0.9591623036649215,0.9595123419626731,0.9573987656179437,0.9602063375092115,0.9526252263126131,0.9575365155850023,0.9639517345399699,0.9560260586319218,0.9555355265134445,0.9582710140592282,0.9594634873323398,0.9522102747909199,0.9577338129496403,0.9601648351648352,0.957002090176172,0.9568367038937519,0.954307116104869,0.9570996978851963,0.9557245080500895,0.9559964200477327,0.956939923054158,0.9566544566544567,0.9536731634182909,0.9598496240601504,0.9550068171489168,0.9568021598920055,0.9613772455089821,0.9592235931387301,0.9572136315868488,0.9562874251497006,0.955958934682339,0.9608389557054855,0.9527594481103779,0.9566254285288418,0.955305608998076,0.954871169385577,0.956945694569457,0.9578820697954272,0.953031465848043,0.9545663852647736,0.9599523596843829,0.9566206582739268,0.9554529201430274,0.957961972667855,0.9596700274977086,0.9570294954334482,0.9509249350252255,0.9556952322550973,0.9566128067025733,0.9545316301703163,0.9558383233532934,0.954932099686614,0.9570444216390559,0.9601605470492047,0.9582391074928388,0.9584086799276673,0.9595410628019324,0.9581167384523986,0.9599881005503496,0.9579921140430695,0.9591836734693877,0.9568550811785929,0.9608256742504143,0.9574214679172249,0.9587287242054526
0.9515912147019274,0.9577084583083383,0.9511177347242921,0.9522240527182867,0.9568270092620257,0.9533103137667017,0.9598732840549102,0.9574341419854145,0.9568527918781726,0.952638700947226,0.9562233068944478,0.9597615499254843,0.9482047364400306,0.9572649572649573,0.9536995006808897,0.9563221794492153,0.953889632604492,0.9564824574612257,0.9500959692898272,0.9558845977713326,0.9537078651685393,0.950922115531169,0.9540816326530612,0.9561536135470214,0.9543537210003012,0.9579669101207333,0.956813104988831,0.9525018670649739,0.9549724168778888,0.955522609340252,0.9568550811785929,0.9565021071643588,0.9598464718039563,0.9546603240671919,0.9595699576014537,0.9615384615384616,0.9591199643228779,0.9507678410117435,0.9558492266106022,0.9558913308913309,0.9562269712601327,0.9583890622677961,0.956860395446375,0.9577099236641221,0.9577011494252874,0.958175481133505,0.9593315587104407,0.9577692760447322,0.9574373424291858,0.9555721765145849,0.9566272368820139,0.9611985018726592,0.9573488800245474,0.9543247344461305,0.956861566210732,0.9504671511196797,0.9530221424296829,0.9587155963302753,0.9541961729697153,0.9559530968129886,0.9542269270910988,0.9549136481736207,0.9551232960637157,0.9597385232506314,0.9545454545454546,0.9590163934426229,0.9602153754113072,0.9529429565743683,0.9553869499241274,0.9552282768777615,0.9546276756104914,0.9537448307550926,0.9562817069531483,0.9580620741862226,0.9552398411243508,0.9577214063195372,0.9546120058565154,0.9579268292682926,0.9589960601196557,0.9529785303900816,0.9566982408660352,0.9556116389548693,0.9556642941874258,0.9584021624868599,0.9504747991234478,0.957995799579958,0.9583457748581666,0.9578867924528301,0.9565282566331884,0.9551368326603858,0.9604696091544063,0.9608017817371938,0.9572624028690975,0.9619794809897405,0.9579244721974428,0.9551529551529552,0.9530791788856305,0.9569249177385581,0.9598375451263538,0.9546271338724169
0.952515629651682,0.9514808751302277,0.95236664162284,0.956196740917925,0.9532738545289581,0.9521244763614602,0.9532835820895522,0.953026196928636,0.9522562759895272,0.9538371067333137,0.9555521844660194,0.9527789998533509,0.9542542095067799,0.9470159249888376,0.9520940484937546,0.9526462395543176,0.9538874794806745,0.9560656734569778,0.9526275704493526,0.9540458015267176,0.9541088580576307,0.9578304276560871,0.9510828411328184,0.9550934297769741,0.9534638554216868,0.9546268656716418,0.9574404315899895,0.9520351036465426,0.9531040643144261,0.9530293757649939,0.9537783183822411,0.958853238265003,0.956611876203169,0.9548174745661281,0.9556303997657051,0.9519488247545373,0.9580722172485825,0.9561048689138577,0.9581944865192366,0.9575739010568234,0.9575812274368231,0.9575955958934682,0.9573325376697002,0.9555589492974954,0.9610977080820265,0.9583021969810193,0.9610253335332034,0.9552482902170681,0.9549330085261876,0.9544207317073171,0.9629296112862075,0.9524582902701905,0.9562621286759218,0.9532357821692563,0.9570635039783816,0.9546203384753632,0.955944477972239,0.9547012367754433,0.9518512875209508,0.9536493604213695,0.9474080771549126,0.9524728946977573,0.9576830732292917,0.9539836187639613,0.9596981132075472,0.9528403001071811,0.9495072024260803,0.9527523623818809,0.9553089382123575,0.954749775247228,0.9535056446821153,0.954310082241852,0.9529252519175816,0.9506493506493506,0.9525650557620818,0.9538764982551965,0.9562294592172095,0.9539868105515588,0.9506415094339623,0.9579819277108433,0.9538969815287581,0.9580056388188158,0.9568574023614895,0.9567279193835211,0.9593459345934593,0.9577080491132333,0.9544408651633686,0.9580514208389715,0.951208527248161,0.9538140643623361,0.9552987684354569,0.9575079389082111,0.9620368958682726,0.9552105106001791,0.9571833507384753,0.9587367793832862,0.9574663402692778,0.9542135686035899,0.9550330639235856,0.9544757817290006
0.955827488434562,0.9525062107262896,0.955629338967703,0.9512967430639324,0.9526512322628827,0.9521959964146998,0.9522676579925651,0.9531134447566928,0.9485815602836879,0.9484645788993615,0.9477279477279478,0.9540041679071152,0.9536433873655507,0.9490941757748166,0.9486213650745818,0.9517728365384616,0.9489642749924947,0.9521870286576168,0.9570394935182394,0.9533742331288344,0.9490571776155717,0.9459782122071333,0.9531908488862131,0.9537451507012832,0.9511429852084267,0.9525745257452575,0.9493846153846154,0.9567992874109263,0.9605803048065651,0.9497032640949555,0.9534918498579333,0.9542113323124043,0.9568860450944546,0.9537425149700599,0.9544975139370198,0.9551609990972013,0.9548039509129004,0.9576271186440678,0.9544626593806922,0.9569941149841558,0.9563778580024067,0.9579768872880084,0.9601990049751243,0.9577103156622867,0.9511104486510658,0.9539473684210527,0.9553395108613094,0.9511751326762699,0.9580567290283645,0.9545250560957367,0.9492949294929492,0.9507536188628563,0.9510716925351071,0.9455298993487271,0.9504307087804141,0.9502487562189055,0.9493670886075949,0.9509540846750149,0.9494934445768772,0.9472243346007605,0.9539211342490032,0.9485740291262136,0.9502112251056125,0.9480812641083521,0.9509356121997937,0.9493825278243635,0.9514764801899391,0.9564766839378238,0.9457667972280808,0.9529728920173731,0.9555952913127701,0.9524091919940697,0.948905109489051,0.9527987897125567,0.9489780469341408,0.9518983512327939,0.9505055077712389,0.9465432283111841,0.9578096947935368,0.9525633470830878,0.955111845068308,0.9567779960707269,0.9539969834087482,0.9523312974824967,0.9563285320257432,0.9556761646313885,0.9601449275362319,0.9559085510688836,0.9556252801434334,0.9555251973284761,0.9570085087326466,0.9595663639027249,0.9605401350337585,0.9539066042012997,0.9558801156245246,0.9518853695324283,0.9540609518090377,0.9482527881040892,0.951995199519952,0.9503748125937032
0.9482578136683116,0.9501989096802711,0.9489886972040452,0.9474634954087009,0.9455612619222303,0.9491094147582697,0.9496608892238131,0.9514176018901358,0.9446033418636158,0.9473684210526315,0.9430663478780633,0.9453600593912398,0.9467990515708358,0.9416259168704156,0.9468101460415065,0.9513142174432497,0.9455519190717049,0.9456635318704284,0.9452157038363935,0.9474943904263275,0.9429635145197319,0.9467895362663495,0.9454737159210724,0.9461573168897579,0.9526331719128329,0.9500821999701091,0.952960625187857,0.9515078042127595,0.9543254688445251,0.952021323856064,0.9481097108969607,0.9564575645756458,0.9512490537471613,0.955831711334032,0.953585242487355,0.9590949955049446,0.9543399638336347,0.9505357404961103,0.9505111868424951,0.9522944116310768,0.9548872180451128,0.9511064593301436,0.9552437223042836,0.9487025648717564,0.9527487505679236,0.9497532525796322,0.955780813868077,0.9494889645978374,0.9531583765639304,0.9528116990803558,0.9501359927470535,0.9466213218985657,0.9449597080735898,0.9426118391323994,0.9462803681907349,0.9453380994935955,0.9446273570787189,0.9402295424057237,0.9461379106244451,0.944954128440367,0.9448783418443977,0.943246810382754,0.9463778939507095,0.9497716894977168,0.9449818621523579,0.9446029124756042,0.9502728926622195,0.9459418987720875,0.9475294477589108,0.9484582154029495,0.9526180775614909,0.9466165413533835,0.9482554701360142,0.9461936437546193,0.9497578692493946,0.9525147928994083,0.9461379106244451,0.9485791610284168,0.9500075976295396,0.950285370982277,0.9539335925815136,0.9574593796159527,0.9533050333535477,0.9528914389249584,0.9562824824212779,0.9557428872497366,0.9545384968620848,0.9534883720930233,0.9560830860534124,0.953988194339337,0.9519624185482649,0.9516813086943351,0.9526785714285714,0.9492234169653524,0.9514055023923444,0.9503748125937032,0.9537757437070938,0.9540507859733979,0.9521574564723694,0.9470307370934049
0.9457423916384875,0.9469133929925678,0.9443018867924529,0.9420745397395599,0.9432347199279171,0.9355716878402904,0.9416778824585016,0.9412726732084449,0.9365531723413829,0.9415760869565217,0.9433005073112504,0.9378176382660688,0.9343419062027232,0.9418622029591989,0.9375093661022029,0.9426874536005939,0.9375942116370214,0.9406729634002361,0.9395779565811446,0.9396811070998796,0.9484180536812116,0.9430436072382082,0.9459500150557061,0.9428826416778224,0.9439335508751112,0.9432634959473926,0.9498560824117558,0.9465501924785312,0.9467862481315397,0.9459499263622975,0.9493881250944252,0.9485216869278102,0.9510574018126888,0.9539364744844196,0.9486723038124907,0.9496349277305915,0.9524163568773234,0.9471175331446448,0.951750514857311,0.9518451845184518,0.9516105091286923,0.948570586501621,0.9477173421726683,0.9535444947209654,0.9502859656841179,0.9461123941493457,0.947463768115942,0.9451394122079879,0.9468569693288794,0.9450748978665456,0.945321811680572,0.9482239614689946,0.9438135968146291,0.9440364277320799,0.9380966587112172,0.9402271368798566,0.9383057090239411,0.9451394122079879,0.9412901307966707,0.939591353272135,0.9387505727814266,0.9363133502765735,0.9366956001197246,0.9358680714612918,0.9423164269492809,0.9406372107003306,0.9439097744360903,0.9456390066626287,0.9392670157068063,0.9418394950405771,0.9414796846573681,0.942415517502652,0.9393352213444627,0.9418728183335863,0.9425373134328359,0.9481470412432755,0.9403165033911077,0.9513053681431505,0.9472659176029963,0.9493059746529873,0.9508414526129318,0.9522240527182867,0.9466808445997266,0.9504653257280096,0.9511250186261362,0.9556952552013172,0.9549469964664311,0.9525751397069929,0.9557338086749851,0.9535232383808095,0.9545523867622389,0.9537903956508608,0.9566781591965222,0.951237922705314,0.9459141681363904,0.9510583996396937,0.9475909983386196,0.9474947494749475,0.9419662837535432,0.9466970387243736
0.938885560215698,0.939539780418108,0.9366934871717019,0.9413782816229117,0.9384615384615385,0.9345622119815669,0.9330136370448074,0.9344530321046374,0.9348752282410225,0.9322363500373971,0.9225609756097561,0.9298987762501888,0.9221299317709878,0.933163494680054,0.9287842669845053,0.9299820466786356,0.9351455163244201,0.9341281669150522,0.9324507296524748,0.9350341145060813,0.9388724035608309,0.9365246098439376,0.943902804859757,0.9405193236714976,0.9426167943518101,0.9420918749064792,0.9417534329259092,0.9462985436893204,0.9424996275882616,0.9472704714640199,0.9412904187155416,0.9506841076529845,0.945142506895495,0.9445188160047597,0.948861065017348,0.9467571644042232,0.950277070540662,0.9536726607741542,0.9454295322531336,0.9507285564067899,0.94910405059479,0.9504119850187266,0.9503086884505345,0.9486071800983167,0.9488282408780777,0.9491447770311545,0.9471247199402539,0.9376236117450175,0.9383871942011477,0.9436044753553069,0.938610662358643,0.9479492915734526,0.9367702805155421,0.9320560058953574,0.9345122133972726,0.9416740872662511,0.9372976155431263,0.9324040767386091,0.9307385841250383,0.93335325762104,0.9306574809045979,0.9337858220211162,0.9333234333234334,0.9333333333333333,0.9294237485448196,0.9325153374233128,0.9307333232946845,0.9270083932853717,0.9401658767772512,0.9380306867272457,0.9384982833258695,0.9384404924760602,0.9399271844660194,0.9361572451622734,0.9388947131945484,0.942429737080689,0.9453468954000304,0.9469172932330827,0.9456472369417108,0.9420441001191895,0.9474980754426482,0.9509484291641968,0.9433848016954284,0.9472484037701429,0.9455875628715135,0.94614136048399,0.9506807866868381,0.9491913335367714,0.9481873111782477,0.9538109756097561,0.9455731870087498,0.9454766981419434,0.9508787742226228,0.9463137430835951,0.9414773582067097,0.9454049135577798,0.9416080251534661,0.9485988311104451,0.9420507431316619,0.9402553967771359
0.9403295235267923,0.9327040194884287,0.9351726217397859,0.9289835774522859,0.9278505799066125,0.9251772514708101,0.9298429319371728,0.9248580818643561,0.9225882700546609,0.9213399132645431,0.9287211740041929,0.9211318482841662,0.9239634785211794,0.9226796517633171,0.9233571103354075,0.9257508766580271,0.9221619993977718,0.9294400240204174,0.9295944519825117,0.9255827854154214,0.9267234933452968,0.9329693660903852,0.9288145626757437,0.932823259372609,0.9291724032430778,0.9329927884615384,0.9340026576111029,0.9393221844013615,0.9420008945877442,0.9424224343675418,0.9497958566460003,0.9403187011425135,0.9446012178820734,0.9508793208004851,0.9499616270145818,0.9439097744360903,0.9452789699570815,0.9458120684479135,0.941425760556985,0.9443537616857101,0.9450582263362197,0.9450007472724555,0.9470579337467857,0.9473842906678728,0.9366556589612729,0.9402124430955994,0.9413120294976187,0.9420594416091264,0.9303595812471552,0.9326246444078455,0.9281553398058252,0.933698296836983,0.9371437143714372,0.9322697170379289,0.9242017308266189,0.9260310818888224,0.9196992481203008,0.9264023934181003,0.9237110311750599,0.9209780826002684,0.9291361639824305,0.9248291571753986,0.9193596205158613,0.9179981911365692,0.9190991257964143,0.9246761072612233,0.930547112462006,0.9298377403846154,0.9264661654135339,0.9273651173217755,0.9309021113243762,0.9356768885564697,0.9314864462317546,0.934516706443914,0.929600720504353,0.9340193704600485,0.9385686185504615,0.9403814386544527,0.9355887132515881,0.9438663344569838,0.9463076923076923,0.9377831470854726,0.9435920577617328,0.9490407673860911,0.9425547996976569,0.9420965558730636,0.9502779029592909,0.9493993993993994,0.9488023952095809,0.9439266163633674,0.9443507588532883,0.9450875630750964,0.9415515409139213,0.9456104049660065,0.9420095408467501,0.9462300076161463,0.9376290179887938,0.9369103773584906,0.9391149391149392,0.9372649315480668
0.9288440983356238,0.9288490284005979,0.9224582701062215,0.9204897477504057,0.926423931107418,0.9209414604707302,0.9156067634295975,0.9099625468164794,0.9163914740318223,0.920832086201736,0.9122521456052086,0.9169028793077726,0.9119029567854435,0.9139102854553692,0.916138540899042,0.9175071503838627,0.9152238805970149,0.9163322930598901,0.9213636363636364,0.9178969569147334,0.9161032575291949,0.9221737166942646,0.9215068287558157,0.9247601918465228,0.9272452830188679,0.9308147473827947,0.9304334872635186,0.9273734651093142,0.9368961352657005,0.9366481952972892,0.9364091667931401,0.9391187853527836,0.9387573964497041,0.9384867441167709,0.9406934306569343,0.941549815498155,0.9454600392808581,0.9408497222639244,0.9446412754650133,0.9448317672021824,0.9365199034981906,0.9426868408986704,0.9378995433789954,0.9462779339943762,0.9382108822625269,0.9337098692033293,0.937002065506049,0.9325033748312584,0.9319566186302184,0.9293291498580607,0.9321780699133553,0.9270771069934249,0.9225594259231574,0.9182418241824183,0.9171732522796353,0.9200822682532687,0.9169188861985472,0.9119793250228033,0.9194711538461539,0.913963963963964,0.9161270892937811,0.9121965837578664,0.9154177177622793,0.9186835891381346,0.912913808529675,0.9117212872748746,0.9174216545373534,0.9153671461014383,0.9173652694610779,0.9196295189722139,0.9181034482758621,0.9258304262096163,0.9287414459982148,0.9225330926594465,0.9257582616568583,0.9319975713418336,0.9358162814662152,0.9283676227661811,0.9353002845589337,0.9352177234530176,0.9329092836589429,0.9412466447957053,0.9401993355481728,0.9401503759398496,0.9416900991564303,0.9451993429893982,0.9467042755344418,0.9476133293305313,0.9467108234231522,0.9382972411747256,0.9496153265952633,0.9401978417266187,0.9412030755314338,0.9365912157097886,0.9384247496637274,0.9363446630888491,0.9390079424546681,0.9336917562724014,0.9281974569932685,0.9326047358834244
0.9237300759719946,0.9184568835098336,0.9230540701128936,0.9159032887820994,0.9128454296993623,0.9072472412764688,0.9074743821579264,0.9093610698365527,0.9117383512544803,0.9003779289493575,0.8969715416222798,0.9050915243808645,0.9064694456895264,0.904853223189261,0.9068110995696691,0.8976912630149388,0.9054419723391461,0.9049004594180704,0.912299303241442,0.9015287769784173,0.9113417346182358,0.9092542677448338,0.9142091152815014,0.9176400119796346,0.9210804285498717,0.9133940570404658,0.9183860614397066,0.9265219371489297,0.9330786860198624,0.9322033898305084,0.9332435264182009,0.933788914198937,0.9383757721862287,0.9354207436399217,0.9336377473363775,0.9360941456874721,0.9358062074186223,0.9412202380952381,0.9372549019607843,0.9419188079671583,0.9357453835760396,0.937405958471261,0.9379341588643915,0.9358113151216599,0.9318046456223943,0.9356346095869762,0.9321826790896593,0.9264860008983381,0.9266756635177688,0.9202546998180715,0.9198305853879897,0.9192424242424242,0.9161007997585634,0.9208505611340815,0.9127567081397092,0.9087475449463666,0.9071277559649653,0.9104660045836517,0.9040142201155384,0.9017480409885473,0.8996513566772776,0.8971299093655589,0.897428093136509,0.9072285630670178,0.9025563909774436,0.9022840720012101,0.90854119425548,0.9109671587827659,0.9065675716669195,0.9056206792906523,0.9129579170451105,0.9125018537742844,0.9195681921848867,0.9181938132238675,0.9225574065736155,0.9187612208258528,0.9224410040583195,0.9286583510800122,0.9272346159604731,0.9289576449384199,0.9346159627235834,0.9383971291866029,0.9326125592417062,0.9375471413486197,0.9391657882848968,0.9430906614197063,0.9397215639810427,0.9434222631094756,0.9391422530957415,0.9421107317797239,0.9381151207873546,0.938192158036516,0.9322619405226795,0.9320373719107896,0.927054898392478,0.9286896344215435,0.9245852187028658,0.924808644754615,0.9249962422967083,0.9261704681872749
0.9141286584459961,0.9156278504104591,0.9094362558881629,0.9036718389921647,0.900267936885978,0.8995989900490123,0.8952926976463488,0.8890701468189234,0.8849893649346703,0.8963963963963963,0.8847973972197575,0.8900255754475703,0.8912586362270952,0.881529429474635,0.8901463709068961,0.8876925377598325,0.8943870014771049,0.8850963660438429,0.8937986818454164,0.8985636013623575,0.9039715471250741,0.8995280864667377,0.9068807339449542,0.9062357760582612,0.9138264622711713,0.9168048229088169,0.9133472057074911,0.9174675819984744,0.919704730340464,0.923939393939394,0.9305998481397114,0.9350082744095081,0.9281183932346723,0.9297849947376334,0.9376227156018728,0.9306525037936267,0.9349962207105065,0.9357174523422491,0.9327240035960443,0.9306825106642291,0.9320273078064708,0.9303161996103702,0.9316482201615316,0.9345122133972726,0.9305942773294203,0.9284109630073386,0.9186490455212922,0.9242949781330116,0.9207541385652973,0.9076447193990278,0.9114363307181653,0.904690091992158,0.9083493993771319,0.903514086640412,0.8982540638169777,0.8908629441624365,0.8966251140164183,0.9023159144893111,0.8858978280819823,0.8911068076865782,0.8857703334842312,0.8912978468899522,0.8948872180451127,0.8899880095923262,0.8886205855719891,0.8946181599518942,0.8936972255729795,0.8948157027270003,0.8897708551744795,0.9032306536438768,0.9007314524555904,0.9074375277243827,0.9089123867069486,0.915267060069602,0.9129708383961118,0.9163619744058501,0.9153651643611483,0.9242468989958653,0.9200121193758521,0.9259149503630167,0.9228028503562945,0.9265268636154906,0.9272781684872063,0.935043504350435,0.9387366261175436,0.9340996168582375,0.9301107452858426,0.9390040865748449,0.9330568720379147,0.9312264860797592,0.9333536678359006,0.9301403294691886,0.9282051282051282,0.9258474576271186,0.9239652069586083,0.9280337247816922,0.9235716422375112,0.9191919191919192,0.9138475417230492,0.9185800604229607
0.9026022304832714,0.9001503759398496,0.8988481984642647,0.8943651389932382,0.8834878851331139,0.8878005342831701,0.8861689106487148,0.885062679353572,0.8740818467995802,0.8701030927835052,0.8800302571860817,0.8819000581057524,0.8721936903888481,0.8848024316109423,0.8777761216276644,0.8772617611580217,0.8745874587458746,0.8819960564234794,0.8817867348473455,0.8890751180862411,0.8846732911773563,0.8898406973249173,0.8912327947336924,0.8986496512835732,0.911886457717327,0.9092681463707258,0.9063344341038727,0.9121830550401979,0.9106344950848972,0.9162902740138512,0.9153729071537291,0.9262394195888755,0.9199698568198945,0.9316761157144934,0.9325190839694657,0.9326424870466321,0.9303198678480252,0.9340162699608315,0.9284092629029816,0.9322008190505081,0.9309107222969941,0.9291861694096331,0.9293518934291274,0.9230654317299074,0.9186918691869187,0.9135411959632475,0.9127497062279671,0.909618820726623,0.9002094554159186,0.9064694456895264,0.9079164788943969,0.901989901989902,0.9019230769230769,0.890224002373535,0.8839646653690673,0.8891871737509321,0.8785670916818458,0.8852013878413033,0.877163680534467,0.8744302308484047,0.8774639599882318,0.8806480380499405,0.8795340607490416,0.8744712990936556,0.8750187097739859,0.8816326530612245,0.8782894736842105,0.8811955542204867,0.881835791983311,0.8892702581704224,0.8793895391909913,0.8950268016676594,0.8937685459940653,0.9025617566331199,0.8975238663484487,0.9050974512743628,0.9112612612612613,0.9226386806596701,0.9148742805210542,0.9135175504107543,0.9305802249851983,0.9268148148148149,0.9257159904534606,0.923352221890844,0.9277452305843473,0.9322289156626506,0.9298375184638109,0.9326747720364742,0.9304162868429049,0.9305927911826035,0.9286245353159851,0.9326283987915408,0.9271513127940507,0.925152825406292,0.9181028133745766,0.9184717208182912,0.9201050842219132,0.9056091676718938,0.905975264491134,0.9088036117381489
0.8976377952755905,0.885871997613009,0.8888888888888888,0.8784589512306986,0.8781626506024096,0.8776218500075449,0.8637589928057554,0.8652546191978369,0.8591443205784874,0.8718223583460949,0.8635080944601218,0.8601239981853924,0.8618181818181818,0.8510859863135971,0.8561633626471904,0.8612220742713419,0.8652525560811842,0.8646020347097546,0.8708133971291866,0.8719646799116998,0.8729306487695749,0.8763728109231226,0.878001200480192,0.8864577173270254,0.8932110634521521,0.9015375517445299,0.8993942975328705,0.8987702459508098,0.9080425340721882,0.9146545178435839,0.9086597307221542,0.9182194616977226,0.9260474131504398,0.9174174174174174,0.9270411985018726,0.9223607148220454,0.9242585551330799,0.9209850430578638,0.9281006590772918,0.9279387479357454,0.9228117505995204,0.9259979070115114,0.9214573689711811,0.922890103217972,0.9157735849056604,0.9186660630752981,0.9064704999249362,0.8969483208096918,0.8991371615590598,0.8893387314439946,0.8913303437967115,0.8877922866686911,0.882788868723533,0.880623875224955,0.8847842543527631,0.8764838467317806,0.8712561466249441,0.869786055102355,0.8607967073349992,0.8588947990543735,0.8574439259370766,0.8584791792395896,0.85006753714543,0.8647484228342822,0.8614430494630162,0.8730677764565993,0.8668057210965435,0.8655500226346763,0.8693700433936855,0.8769859282796187,0.8782100568968169,0.8799159411588112,0.8846153846153846,0.8919120944834803,0.8917140293149866,0.9009827278141751,0.8982408249924173,0.9082929782082324,0.9064628424398365,0.9123201438848921,0.9230998954755861,0.9203446191051995,0.922019719151479,0.9297552075414323,0.9198501872659176,0.9225653908674449,0.9272184936614467,0.924924924924925,0.9333836858006043,0.927737881508079,0.9218094667465548,0.9250147318797879,0.9182714177407126,0.9145451838618431,0.9150452992722412,0.9116038882138517,0.9079957837675049,0.9051987767584098,0.9008014516860728,0.8963098505641964
0.8810579196217494,0.8742289754776591,0.8740652108884236,0.8634520054078414,0.8646098547251759,0.8624924196482717,0.8593538692712246,0.8481349911190054,0.8519190087639771,0.8526860447420483,0.8477119279819955,0.8452309538092382,0.8465865896305307,0.8449888641425389,0.8466430050280982,0.8520400538036168,0.8558758314855875,0.8538656338447788,0.8514362657091562,0.8594121140142518,0.8583073958796502,0.8661186142102173,0.8741425589024754,0.870187186120834,0.8824409213281483,0.8857228554289143,0.885268058267007,0.8894157234628327,0.9000607533414338,0.8996328029375765,0.9091460640072805,0.9157785671995263,0.9151911917869364,0.9157719643127173,0.9205635491606715,0.920693357876975,0.9184066340885533,0.9220278683664394,0.9133393829401089,0.9164917541229385,0.9128003627021308,0.9188311688311688,0.9138311975254088,0.913790549548215,0.9011446409989594,0.8992156282373834,0.8985223160434258,0.8932926829268293,0.8892171344165436,0.888401633146832,0.8727245598328857,0.878551029610702,0.870463941203491,0.8729588014981273,0.8672711058263971,0.8623481781376519,0.8558705655336203,0.8478228998680546,0.8469840331164991,0.8555850279988211,0.8452631578947368,0.8448967005858773,0.8453898606581678,0.8538369662585846,0.8503605769230769,0.8547175480769231,0.855857207139643,0.8545210384959714,0.8548091603053435,0.863890991672975,0.8679843089921545,0.8674446439257929,0.8702470779701139,0.8795090555306092,0.8870199464126228,0.8885727122959413,0.8899012908124525,0.8967235391816397,0.8989337738399159,0.9015567086730912,0.9073008179339594,0.9066922169811321,0.9184097314938436,0.916479232268706,0.9193307439498059,0.9267410310521556,0.923922734026746,0.920167439079085,0.9224690621738482,0.9203038879785491,0.9183157268263651,0.920263788968825,0.9167911562593367,0.9146562123039808,0.9043954417640965,0.9041604754829123,0.8975602363994545,0.8863095238095238,0.8884100354009543,0.8870652010239422
0.8698720776356418,0.8638068096595171,0.8624370901326827,0.8571643814976646,0.8578409595735229,0.8528002395926925,0.8395544852498494,0.8425302826379543,0.8384417937490564,0.834838903944595,0.8288450029922202,0.8276797829036635,0.8222735141373341,0.8271105113210376,0.82899345210903,0.8262485136741974,0.838248436103664,0.834496359223301,0.842882721575649,0.8475875544866978,0.8434547908232118,0.8488424875170223,0.8545454545454545,0.8705089820359282,0.871044776119403,0.8734876773711725,0.8808221203607867,0.8868405275779376,0.8972885352195697,0.9053110773899848,0.8990232907588279,0.9037059086173538,0.9091048436541999,0.9128704113224237,0.9205458680818802,0.9171078505521101,0.9174867524602573,0.9162584200857318,0.9131639722863741,0.9127427898763979,0.9158962123471518,0.9152439945611119,0.9109963099630997,0.9055364870914789,0.8923600829138288,0.8951845663071548,0.893256728152404,0.8898150954834798,0.8792096991468343,0.8710534080849808,0.8732520083308539,0.8606569900687547,0.8535041446872645,0.8505038351631824,0.8489230305768941,0.8373764600179695,0.8403145319824588,0.838816782372472,0.8312261995430312,0.8342000611807893,0.8271456485795882,0.8297555158020274,0.8289974136619505,0.8355282849446274,0.8325819056206792,0.8284291534631055,0.831139694884834,0.8371268105232043,0.836885865457294,0.8549437537004144,0.8520415630030733,0.8574395490283341,0.8662176641665391,0.8596250571559213,0.8706408345752608,0.8809487608332066,0.8849517490952955,0.8847730378017307,0.8961156278229448,0.8934875228241023,0.9030810649117559,0.9095776323616894,0.9134969325153375,0.9166917293233082,0.9076638965835642,0.9173627684964201,0.9137355973317162,0.918793155208646,0.9125952487673689,0.9159713945172825,0.9113196125907991,0.905289974524202,0.9028562700473499,0.8991671624033314,0.8952595936794583,0.8913946587537092,0.896175679713176,0.876874625074985,0.8807937213090479,0.867022086824067
0.8617401668653158,0.8560835351089588,0.8498288435779133,0.8392830470500373,0.841049615442618,0.8375227135069655,0.8255623417250112,0.8201845787436737,0.8137651821862348,0.812320700588857,0.8095309681298858,0.8166691427722478,0.8037983929875822,0.8209756825302104,0.8234675480769231,0.8095027298214549,0.8104663367821262,0.8265384028095892,0.8278503830554303,0.8334361505243677,0.8304682868998222,0.8416404729830864,0.8422403381642513,0.8555321707757065,0.8611530335043767,0.8679130566955464,0.8697459584295612,0.8721872187218722,0.8780009059338668,0.889764950907468,0.89075382803298,0.8993957703927492,0.898717183770883,0.9044910179640718,0.9043594306049823,0.9072598827596573,0.9093811768283412,0.9125967837998809,0.9123787121434872,0.9083545822708865,0.9069064530754118,0.90377751338489,0.8932256617317182,0.8966510077284437,0.8946668636430788,0.8837765162832387,0.8826757638682884,0.8772727272727273,0.8568579318809451,0.8661582174368178,0.8506464556397682,0.8638688327316486,0.8503605769230769,0.8397626112759644,0.8363309352517986,0.8261125847332744,0.8211056765970061,0.8254983635822671,0.823943661971831,0.8172218917311125,0.8125649784642804,0.8215162454873646,0.8180030257186082,0.8115206685569318,0.8180185573181682,0.8137342908438061,0.8218100890207715,0.8241250930752048,0.8326741709765744,0.8284531203785862,0.8344722854973424,0.8393638751094251,0.8523350630096368,0.8431073876618431,0.856709168184578,0.8714074074074074,0.8847245035090339,0.8789378937893789,0.8842453397474443,0.8950227573043605,0.8895085921012964,0.8957894736842106,0.9016344725111441,0.904889285183534,0.9105945462673223,0.9104924412513097,0.9060906090609061,0.9100060096153846,0.9113961813842482,0.9164424514200299,0.9073256840247131,0.9065420560747663,0.8929894768045057,0.8925289060183813,0.8936363636363637,0.8898019075568598,0.8821052631578947,0.8713064346782661,0.8722616933096506,0.8584084084084084
0.855085644990147,0.8457757296466973,0.8354694485842027,0.8275758032885805,0.8235739143592071,0.8163979312442957,0.8139815793447078,0.8048262255273941,0.8046616541353383,0.8041391721655669,0.7954239569313594,0.7968911917098446,0.792430159206969,0.7897582219552486,0.7976262019230769,0.7956171735241503,0.8035264483627204,0.7953398634609676,0.8015414258188824,0.8168525776303889,0.8210146018365196,0.8232648778294109,0.8273080370481027,0.8369118318867063,0.8468604125884656,0.8561366701633448,0.8545918367346939,0.8607782216304187,0.8691044776119403,0.878692927484333,0.881811320754717,0.8861850060459492,0.8938538965990545,0.8997725549658833,0.8978145304193739,0.9062268895133856,0.8978134761267291,0.9030115146147033,0.911817907747965,0.9042997909823828,0.8920777279521674,0.8980560232664931,0.8976449275362319,0.8856282919488337,0.8868064852000594,0.8845583876704208,0.8779620853080569,0.8685586258401793,0.8577560686796921,0.8531383302864107,0.8408820023837902,0.8391066545123063,0.8312557008209183,0.8360311750599521,0.8221823080377189,0.8218149038461539,0.815624064651302,0.8002958579881657,0.796506419826814,0.7986425339366516,0.8039793662490788,0.7983355624907118,0.801838456901748,0.7968888888888889,0.7996757075471698,0.7980347694633408,0.8029306220095693,0.8059634402157627,0.8190932216070627,0.8148092520276359,0.8249280630016659,0.8269632726186922,0.8353293413173652,0.8406568344229892,0.8498720072278272,0.8577211394302848,0.8584847551586079,0.8761101911786844,0.8726731198808637,0.8801134667064795,0.887125748502994,0.8889056376243594,0.897634280613004,0.894524236983842,0.8944807663068268,0.8979712720272471,0.9067745803357314,0.904507257448434,0.907565543071161,0.9075972264094061,0.9070541931577354,0.8992074173770002,0.8925184404636459,0.8893597699409717,0.8846739792809263,0.8684608406410644,0.8792504155961917,0.8634603930911257,0.8509615384615384,0.8468212415856395
0.8375772186228718,0.836767976278725,0.8212734082397004,0.8150572831423896,0.8109828300769686,0.8056850654233719,0.7918674698795181,0.7832356917530419,0.7914036669672377,0.7829181494661922,0.7803857078786066,0.782187215995153,0.7856390185157308,0.7794871794871795,0.7828047497369608,0.786377245508982,0.7818679647094615,0.7826610475617098,0.7861491628614916,0.7973481994877204,0.8083841236806898,0.8052428909952607,0.8179487179487179,0.8187575392038601,0.8307228915662651,0.8470309492077596,0.8519746759119686,0.8528392830245519,0.8568427370948379,0.8739647643427195,0.8708414872798435,0.8804545454545455,0.8851494114095986,0.8885718576362818,0.8962674261729876,0.8920327624720774,0.8926916753848453,0.895995127150906,0.8961058716154549,0.9037126471476004,0.896260017809439,0.8911081520935049,0.8872248015575858,0.8764264264264264,0.8804363850803479,0.8651519622307465,0.8642182261505639,0.8577844311377245,0.8505023241865347,0.8388989169675091,0.8328406739580254,0.821227394011266,0.8186805040770941,0.8177154066696847,0.7986768906931289,0.7980538922155689,0.7914064823074636,0.7870523003147011,0.7794339054501657,0.7728029042504916,0.7756477459937098,0.7760060744115413,0.7796483909415971,0.7738309352517986,0.7824897400820794,0.7862182855427113,0.7758908263836239,0.7906306852637962,0.7984261501210653,0.8037325990515527,0.8125378558449424,0.8102016607354685,0.8139464528815611,0.8245249406175772,0.8239927294759164,0.8444079438554577,0.8471706520124759,0.8567816775728733,0.8616333283200481,0.8676671214188267,0.872267657992565,0.8872781065088757,0.8865490137920807,0.8911839544978296,0.8906997607655502,0.8946339996993837,0.8939665471923537,0.8977697949408772,0.8992720249591443,0.8924107142857143,0.8911544227886057,0.8900029931158335,0.8857142857142857,0.8764988009592326,0.8733393719806763,0.8680926916221033,0.8588715776735744,0.8524687685901249,0.8473645137342242,0.8391349429714117
0.8215568862275449,0.8207153502235469,0.8049222406764306,0.8061102831594635,0.785990481856038,0.7768693325405084,0.7754307116104869,0.7777278177458034,0.767735233006827,0.7652029575977064,0.7577880459084811,0.7534041598084692,0.764493841994593,0.7561162079510704,0.7568633399059609,0.7678092399403875,0.7675813465287149,0.7729867788461539,0.772493961352657,0.7773205304069501,0.7848253111411007,0.796232620720586,0.8049938725490197,0.8058369877513988,0.8236267870579383,0.8256417866152248,0.8347132781355412,0.8427588270496709,0.8474830954169797,0.8640437490505848,0.8665662650602409,0.8754088611358906,0.8759736369083283,0.8814635621409133,0.8843456200567079,0.8948931116389549,0.8967059174243553,0.8848175401711968,0.8897696679629076,0.8916204467096387,0.8856194356420704,0.8847512511039152,0.8768866528558745,0.8737206502107164,0.8658220119065791,0.8650075414781297,0.8539869874413678,0.843885645861398,0.8355134566230642,0.8272631101707723,0.8196048632218845,0.8161209068010076,0.7973237107201925,0.7926884308710697,0.7798872738059923,0.7854342581423401,0.7729911396272533,0.7685875019005626,0.7636501901140684,0.7681900180396873,0.7652859960552268,0.7495440729483283,0.7600827300930714,0.7576119402985074,0.7538713519952353,0.7624102870813397,0.7600950118764845,0.7690693840851192,0.7771608643457383,0.7808446455505279,0.7940047253396337,0.8020180400550374,0.8002381661208693,0.820415013732072,0.8224648519294048,0.8369693396226415,0.8440575321725965,0.8439612106964444,0.8526046371574827,0.8662247664959325,0.8661582174368178,0.8810391978122152,0.8835269585939827,0.8866240142835887,0.8891369047619048,0.8897531787584143,0.8892386091127098,0.8917433917433918,0.8879140825896233,0.8897224306076519,0.8888211072136648,0.8827827675445273,0.8804282267792521,0.8634347759596268,0.8691944571341557,0.8615755384847116,0.8557806912991657,0.8418254319893664,0.8404769091457893,0.815068493150685
0.8082442748091603,0.7971145175834085,0.7914147521160823,0.7848004873591228,0.7837352104238431,0.7740138512496236,0.7597363690832835,0.7473954401328703,0.749925617375781,0.740072202166065,0.741711874623267,0.7329671960813419,0.7405738320564819,0.7373432068913405,0.7375558867362146,0.7381386861313869,0.7315868263473054,0.7412860576923077,0.7642983490566038,0.764268727705113,0.7771895325971865,0.775534619410797,0.7891720705775901,0.7973816410412544,0.8056637698531616,0.8124810663435322,0.822188679245283,0.8344252531268612,0.837953091684435,0.851879586640707,0.8516443002507005,0.8636295519256706,0.8667864092201766,0.8725297933323276,0.8727272727272727,0.8835439184046278,0.8810232004759072,0.8804167295787407,0.8846382852039297,0.891871398240825,0.8794906775807185,0.8782816229116945,0.8704531902206321,0.8599787846643431,0.8559436366361864,0.8508040500297797,0.8464081755335137,0.8359574149047834,0.823486076322381,0.8168100196167195,0.8056258371781515,0.7921522348428972,0.793268511593119,0.7771039787013755,0.7633941933552828,0.7599757244727658,0.7624925639500297,0.7435631843740752,0.7445610832192302,0.7479674796747967,0.733215025140491,0.7346696362286562,0.7403182227559292,0.7394440270473328,0.7412371134020619,0.7456518507507061,0.7480170835875534,0.7517347725520431,0.7593872033643737,0.7681502291882301,0.7624720774385704,0.7775436484045756,0.7869545523176809,0.8043704474505723,0.8080717488789237,0.8228931951329428,0.8272754580955242,0.8379705400981997,0.8397671568627451,0.8545103284291871,0.8616942087241328,0.8618082854550952,0.8692626591649393,0.8767673760976336,0.884477075217261,0.8845981810049203,0.8846800061096686,0.8867782300618121,0.8828988068935042,0.8805107935542719,0.8768028846153846,0.8686883776516283,0.8688623659163015,0.8644321412539279,0.8517288237958629,0.8514732411304871,0.84394564055581,0.8294784580498866,0.8240121580547113,0.8150210716435882
0.8040102517714458,0.7854383358098068,0.7750452625226313,0.7703378276018785,0.7554074074074074,0.7527757216876387,0.737992565055762,0.735618479880775,0.7276665670749926,0.7314460596786534,0.7149575242718447,0.7200356453289767,0.712881765951013,0.7152258450493568,0.7175048500223847,0.7232608029420778,0.7271065061709584,0.7281334535617674,0.7340314136125654,0.7431109772624604,0.747259348250488,0.7654650645304851,0.7649641445924191,0.7811304091845747,0.7911874533233757,0.8055176595422162,0.8125923736328702,0.8147318093530554,0.8326322115384616,0.841170163884209,0.8423476968796434,0.8518238232177993,0.8654997007779772,0.8619543875547501,0.8737047604745457,0.8781702898550725,0.8757717211263364,0.8735614778921865,0.8712132744710002,0.8728419156282841,0.88016967126193,0.8704113224237063,0.867022086824067,0.8495123780945236,0.8499700239808153,0.8313106796116505,0.8250676284941388,0.8287494301777846,0.8067755958626892,0.7900918536365005,0.7978468899521531,0.7833458364591148,0.7612538998662903,0.7564759036144578,0.7480134474327629,0.740684869512747,0.7360328817171563,0.7304693247020745,0.720344009489917,0.7143497088248469,0.7183350738475309,0.7313565604151223,0.7262503699319325,0.7164424514200299,0.7214455681142177,0.7276832756284811,0.7150274893097129,0.7329906259449652,0.7475957981949992,0.750814332247557,0.7415845950316037,0.7641080097087378,0.7816567141325984,0.7698630136986301,0.7921407980579578,0.8023845007451564,0.8117173524150268,0.8281111439550695,0.8308591992802519,0.8321428571428572,0.8592436974789915,0.8534062361460026,0.8648235833206048,0.8670180722891566,0.8763181681229286,0.8726942848503175,0.8779645752026418,0.8737864077669902,0.8735394172459695,0.8730949147427192,0.8751117734724292,0.8681580909768829,0.8615315450322194,0.849630857315052,0.8469617404351087,0.8361965039180229,0.8251778713518223,0.8183839881393625,0.8067493946731235,0.7971165279429251
0.7847004332885104,0.7707868511081363,0.7684274254578477,0.7417574220498284,0.7516636418632789,0.7228503421600714,0.732756046581069,0.713798725359419,0.694788711363297,0.6922610934423746,0.7014790220344099,0.694436090225564,0.7028385570668244,0.7033847083711091,0.6912539515279241,0.703136504196731,0.7021853805576488,0.7070799149194774,0.7090255949708127,0.7206392281019147,0.7402792373517489,0.7429164812342383,0.7517272454190448,0.7666915608663182,0.7761619190404797,0.7774232756001216,0.7918498973907945,0.8085536772142754,0.8243263814888111,0.8248834060478412,0.8395483583419997,0.8472618154538635,0.8555539077561916,0.8639202855443189,0.8670476763423071,0.8643613057087495,0.8713673906393392,0.8685121107266436,0.8688063895873391,0.8665960024227741,0.8621221468229487,0.8659294046356613,0.8558558558558559,0.8534727408513816,0.8262314898760955,0.8288778130191814,0.8183813844577784,0.811317922545782,0.7983433734939759,0.7837758544814435,0.7769981696156193,0.76132117770139,0.7554744525547445,0.739528599309413,0.7375854891465953,0.7239027283511269,0.7202228580033128,0.7187030921645151,0.7066686692700511,0.6870687068706871,0.6959761549925484,0.7039274924471299,0.6960620343621712,0.7008035062089116,0.7002749770852429,0.6985294117647058,0.7044194756554307,0.7173192771084337,0.7222387173396675,0.728744939271255,0.7353643966547192,0.749324121357765,0.7596560048280024,0.7661229986532995,0.7881241565452092,0.78904873752202,0.8070148800485879,0.8114199849737039,0.8239192649495406,0.8337990881011913,0.8520469596628537,0.8508112980769231,0.8493397358943577,0.8630625278479133,0.8649049881235155,0.861892208553017,0.8769734882335418,0.8718253378880143,0.8667574107683,0.8706482593037215,0.8657768446310737,0.8553392150897475,0.8534925914726338,0.8462238398544131,0.8344714964370546,0.8273239008063289,0.8140477262494372,0.7997569127924643,0.8000300030003,0.7754736685066388
0.7675918979744937,0.7553398058252427,0.743547418967587,0.7340905554691147,0.7189483227561196,0.7148260211800302,0.694578313253012,0.7011320754716981,0.6848530519969857,0.6865425052568339,0.682682233198623,0.6751687921980495,0.6757207890743551,0.6802147239263804,0.6736544751709783,0.6867416395383249,0.6765402843601895,0.6961758506473954,0.6906085649887302,0.7145021973026217,0.7207274913572824,0.73553595455225,0.7374268127908722,0.7617924528301887,0.7546226129130039,0.7714918759231906,0.7788672618176496,0.7951627351448194,0.8096603773584906,0.8251127819548872,0.8298032146612588,0.8358608385370205,0.8385047281323877,0.8498583569405099,0.8520300751879699,0.854477050413845,0.8578185042861366,0.8625954198473282,0.8686642814549791,0.8557102230205059,0.855933484504913,0.847211950894838,0.8459105286940805,0.8426516387364674,0.8293621429628534,0.8206271362758211,0.8201471250562978,0.7961887747506328,0.7897659063625451,0.7763706793802145,0.7705093016163465,0.7532953864589574,0.7399261765610582,0.7246550689862028,0.7183077386329418,0.7036541889483066,0.703939393939394,0.7017020005971932,0.6666666666666666,0.68122009569378,0.683808095952024,0.6798007246376812,0.6704545454545454,0.6660544842363024,0.6744779930899805,0.6772645470905819,0.6875850597308332,0.6938685487428319,0.6955802766085388,0.7117185140440955,0.710613349368611,0.7241737068326664,0.7390447308567096,0.7489962825278811,0.7751647693229479,0.7836647942917868,0.7902956785443518,0.7999401466407302,0.8108390564347566,0.8206095353047677,0.8318676404829334,0.8431462741490341,0.8482306284319707,0.8565281899109792,0.863063063063063,0.8627952459756281,0.8618677042801557,0.8712697483908719,0.8610729023383769,0.8614945978391356,0.8560411311053985,0.8543646080760094,0.8465206377589033,0.8397104446742503,0.8203285420944558,0.8160484481453444,0.8061694290976059,0.796161982472046,0.7740585774058577,0.7673667205169629
0.752529761904762,0.7475262368815592,0.7256663230746576,0.7128378378378378,0.7045151739452258,0.6844195968809769,0.6837926902336728,0.6699759326113117,0.6593809593662902,0.6543778801843319,0.6538345410628019,0.6550570342205323,0.6549370544516911,0.6518407212622088,0.653379289674809,0.6514095180357684,0.6681818181818182,0.6667653151820065,0.6735493594574228,0.6727800703041419,0.6921230307576894,0.7063887630267331,0.7191078066914498,0.7442793462109956,0.7531673870919661,0.7627731725697061,0.7717244484466457,0.7795588235294117,0.7947766730968987,0.8063932448733414,0.8200415060776757,0.8381828978622328,0.8369028006589786,0.8398496240601504,0.8418045112781954,0.8519187358916479,0.8557778441325768,0.8556174558960075,0.8543514204118443,0.8488974396921711,0.8506861575178998,0.8438249400479616,0.8431726002703921,0.8313988095238095,0.8236002408187839,0.8063788175116594,0.7993032414419873,0.780134428678118,0.7651895842850617,0.7601656069791513,0.7559451219512195,0.7298266586969516,0.7290448343079922,0.7121804511278196,0.7063810110974106,0.682088664088069,0.6722297398887386,0.6663151551672191,0.6573989668793679,0.6585843373493976,0.6487955346650999,0.660312218552987,0.6504568685147901,0.6435178165276725,0.6598360655737705,0.6558381857186638,0.6649080494422671,0.6775014979029359,0.6785606744956338,0.6913561623170915,0.712125748502994,0.7086730911786508,0.7280545670225386,0.7423638778220452,0.7502939447383892,0.7587407295292872,0.7788793750938862,0.7927531837477259,0.8048707604960407,0.8190562067929065,0.8249589980617266,0.8323291697281411,0.8333080079015347,0.8447890263903385,0.8591945513769618,0.8488634653018214,0.8561488428376948,0.8593561973525873,0.8501111934766493,0.8457845784578458,0.8458765209553853,0.8412197686645636,0.8273630343166767,0.8238202247191011,0.811060606060606,0.8063833005596732,0.7937376500987993,0.7813432835820896,0.7646172393007836,0.7559641391885732
0.7403687603058012,0.7193893129770992,0.7195305446885345,0.6922845992194536,0.6979010494752623,0.6831412977562159,0.6575567502986858,0.6444822782850952,0.6392338770013467,0.6390767421346663,0.6354643437177027,0.6328009464655427,0.6329341317365269,0.6321651321651321,0.6269974128747527,0.6263404319589186,0.6319164802386279,0.6565230491111781,0.6594148537134283,0.6645324597974985,0.6764574988874055,0.6883464801309719,0.6949812734082397,0.7111077709304073,0.7250930752047654,0.7439540507859734,0.757170746358312,0.7679738562091504,0.7935138351681047,0.7931511056511057,0.811352002408913,0.8178433124813822,0.8245772946859904,0.837890044576523,0.8416913946587538,0.8445752225743172,0.8541321692006624,0.8483856568962952,0.8533193779904307,0.8447690718607054,0.8357357357357358,0.829925925925926,0.8308856252781487,0.8237117968403956,0.8074063057703748,0.7981311183625037,0.7903008531656938,0.7720902788021832,0.7586831772878284,0.7424669734303102,0.7390646284243984,0.7144378518180435,0.709644070299808,0.6920048455481527,0.6752521334367727,0.6720454205886748,0.660494764000607,0.6530853262474166,0.6481952972892018,0.648923263572945,0.6374286572544308,0.6327354260089686,0.6372901678657075,0.6316027769393299,0.640486559543475,0.6361014118718689,0.6443470374848851,0.6588722805978985,0.6692077727952167,0.6724929640053325,0.6897374701670644,0.6874906590943057,0.7109688941806817,0.719067090716341,0.7362473981564079,0.7492911505745411,0.7584252907843722,0.7789125863622709,0.7991058122205663,0.803467344193693,0.8052142643092598,0.8270237917103097,0.8292242934455802,0.8402092675635277,0.8465875370919881,0.8487296225583786,0.8539928486293206,0.8495189416716777,0.8482706766917293,0.8401959283636921,0.8424897275909299,0.8332334432124663,0.8322869955156951,0.818291761148904,0.8054612546125461,0.7867899209780826,0.7833604255947982,0.7741304020478843,0.759155990957046,0.7333233845694672
0.7246507435781884,0.7187359592631422,0.6990364348087925,0.6828826106662638,0.6663637740421021,0.6591988130563798,0.6410256410256411,0.6410646387832699,0.6186930091185411,0.6142316426949281,0.6138389484816438,0.6118213265152654,0.6011421701232341,0.6146326561784023,0.617833433916717,0.6101720724836303,0.623688155922039,0.6282482421277896,0.6386146133981467,0.6584748287161156,0.6637496291901512,0.6713760117733628,0.6788168509112639,0.6932087781731909,0.7137231142078159,0.7270833333333333,0.7388259833134684,0.7626838787151006,0.7701098248738498,0.7914406268836649,0.7890743550834598,0.8018725460585926,0.8181544028950543,0.8292387018501668,0.8318557016202996,0.8409500901984366,0.8351959469527641,0.8449984980474617,0.8436047383415805,0.8312058867697852,0.832657353162085,0.8284638554216868,0.8210462837328509,0.8095815645845967,0.8087243291860291,0.7919916016796641,0.7800477184610797,0.767046317388003,0.7450037565740045,0.7384204275534442,0.7149096385542169,0.7031367251988594,0.6856884057971014,0.6819539886465491,0.660080225820829,0.6529845136069764,0.6331702979101823,0.6418434304898519,0.6277862595419847,0.6122230710466005,0.6020286396181385,0.61838146811071,0.5984689282497748,0.6135024920706842,0.6160780257130191,0.6173059768064229,0.625580350456792,0.6347512400420863,0.6410794602698651,0.6460589651022864,0.6679010516960451,0.6757648470305939,0.6906334434103872,0.7038999264164827,0.7310640907697026,0.7437347188264058,0.7505298213745081,0.7715948082947933,0.7876712328767124,0.79215744744297,0.8032320814005686,0.8111028867505552,0.8235121665200821,0.8287092882991556,0.8304023845007451,0.8357487922705314,0.8423963133640553,0.8387727477816213,0.8429665215433119,0.8359293873312564,0.8278515389257695,0.8272473969790292,0.8222222222222222,0.8138138138138138,0.7984254307783719,0.7852358981991368,0.7753192753192754,0.7524410395072856,0.7478156071105755,0.7289048473967684
0.7154683427870612,0.6959479443951494,0.6862507571168989,0.6653934300993124,0.6513914095583787,0.6471564338512596,0.623688155922039,0.6122265507941265,0.6089649071070481,0.601147342995169,0.6091278807049254,0.5897358490566038,0.5926148303812668,0.5902956785443518,0.59153194765204,0.606542750929368,0.5981971331461504,0.6046099290780141,0.6208301886792453,0.6306997742663657,0.6477272727272727,0.6464285714285715,0.6682641905047176,0.6726677577741408,0.7039541378803469,0.7119047619047619,0.7315134243287835,0.7472740851381628,0.7651863953661072,0.7798178832661591,0.7832630945213727,0.8019713261648745,0.8187899509439572,0.8156646779868442,0.831266268565304,0.829671983147758,0.8314590115418763,0.835770871419866,0.837809293904647,0.8357609988109393,0.8309024612579763,0.8197475872308835,0.8085823754789272,0.8088777466450376,0.7837757232329258,0.7743985474353154,0.7676934635612321,0.7425876010781671,0.7378193701723114,0.7247845153485559,0.7059967100343951,0.6871192987668994,0.6727979662030806,0.6581686528888219,0.6518873576992211,0.6328125,0.6164383561643836,0.6059403028966328,0.6038022813688213,0.605145746579417,0.6030090868464174,0.5867208672086721,0.5895455895455896,0.6026439750797751,0.5852777359626675,0.5954608188928079,0.6052670733521798,0.6119013062409289,0.6150703586019065,0.63467813705132,0.6474233036119087,0.655353656705211,0.6767676767676768,0.6941317724748611,0.7004766160262139,0.7202282625018771,0.7339339339339339,0.7569202843745273,0.7666101433636504,0.7773378007919586,0.790986674651894,0.8016328999092833,0.8092799035854173,0.8259133264310013,0.8317901234567902,0.8305261588910419,0.8367225768146059,0.8343685300207039,0.8327120918443417,0.8335588633288228,0.8204783258594918,0.8146571385129998,0.8097305389221557,0.7978915662650602,0.7802629590448844,0.7725969518635883,0.7512048192771085,0.7343162328870168,0.7335497196813219,0.7126921917395237
0.7033962264150944,0.6848024316109422,0.6571341183667228,0.6483779339213634,0.6343829279212058,0.6250555967383247,0.6021745606196008,0.5876996566651739,0.5938668661181751,0.5802047781569966,0.5661423220973782,0.5587882423515297,0.5698732289336316,0.5712332928311057,0.5723793677204659,0.5651127819548872,0.5813672111312764,0.5890715237672146,0.6029346376167185,0.6137879911045219,0.6211293260473588,0.6373309013527891,0.6593439216268369,0.6610541727672035,0.6832049763033176,0.7033116588537729,0.7184746277727134,0.7336743906108938,0.755223880597015,0.7674038889713523,0.771060900793057,0.793418916924893,0.7970356926799758,0.8068759342301943,0.8212134567357132,0.8173965752386725,0.8252884031572556,0.8245322872661436,0.8245744998507017,0.8259964306960142,0.8317799158147925,0.8109370292256703,0.806692560501942,0.8014805861912676,0.7800867095230977,0.7674244690397847,0.7456007281553398,0.7282625132315137,0.7294082664287839,0.6996249062265566,0.688378419223213,0.6759175007582651,0.6503391107761869,0.6425563909774437,0.6280579885231048,0.6233170587364995,0.6037735849056604,0.5999398857829876,0.5997888067581837,0.580006004202942,0.5717522658610272,0.5751536040761277,0.5692679975801573,0.5784387739695003,0.5706400119349545,0.5662271501348517,0.5822438431134084,0.5900223380491437,0.6037261570309035,0.6090393794749404,0.6225919439579685,0.635827664399093,0.6568686262747451,0.6763993948562783,0.7060066405070933,0.716707391569945,0.7257802100281023,0.7404375651138563,0.7644437843457597,0.7631618419079046,0.7922391665408425,0.793713163064833,0.7983601579107197,0.8081541882876204,0.828754852194685,0.823758812059397,0.8301886792452831,0.8332074331470011,0.8269289417505337,0.8193193956966275,0.8062928720548762,0.8057334553217445,0.7947504959560506,0.793267798629729,0.771559633027523,0.762575157647749,0.7451583154011682,0.7282657489151578,0.7191011235955056,0.6960145476587362
0.6757157691737131,0.6647120733724252,0.6559549192811452,0.6249259039715471,0.6209270307480496,0.6011667178385017,0.590496368038741,0.5698702830188679,0.5706798442647499,0.5513579123046579,0.5477047704770477,0.5391561806069578,0.5458137061236894,0.5509034817100044,0.5513382730984424,0.5505938956547888,0.5644379132990448,0.5708376421923474,0.5829383886255924,0.5953991880920162,0.5949901916402596,0.6189693801344287,0.638135717426352,0.6507768894252527,0.6682292454256767,0.686873290793072,0.6987683632586437,0.7238264475048127,0.7340153452685422,0.7609784851164162,0.7618413262285376,0.7910922587486744,0.7888726207906296,0.8046539202608567,0.8090173756740563,0.8178181258655177,0.8161024702653248,0.8216684077003432,0.8254982504183782,0.8175593426658552,0.8152140904949894,0.8076865335535205,0.7998193859121011,0.784742394129338,0.7708145476405169,0.7647148058252428,0.7433066101951293,0.7187918464514209,0.699984946560289,0.6906678592725104,0.6688790560471977,0.6693221103261686,0.6440476190476191,0.619625468164794,0.6174181230724042,0.6059819929803144,0.5828375966686496,0.5638851703108732,0.5526706231454006,0.5456977262594739,0.554954954954955,0.5432359144320579,0.5350810728898318,0.5453860072376358,0.5463399786942627,0.5507375949932946,0.5566570077779472,0.5758435353836966,0.5892196061009921,0.6058232338161396,0.6130705394190872,0.6275986742994878,0.632262996941896,0.6632820665969837,0.6793103448275862,0.6901718818862935,0.7108144592770361,0.7350465219317678,0.7424490403213807,0.761655708308428,0.7771012771012771,0.7912767884092967,0.7990675289517221,0.8027401296405421,0.8227661456797405,0.8241758241758241,0.8188449848024316,0.8199117065002284,0.8109792284866468,0.8131038647342995,0.8099716375578444,0.7929046563192904,0.7927847346451997,0.7792168674698795,0.7661766934383998,0.7550044816253362,0.7369516728624536,0.7185755243700015,0.708364506957953,0.6754068716094033
0.669573060733614,0.6576119402985074,0.6402439024390244,0.6088212927756654,0.601096946338571,0.5796620398310199,0.5659183365978605,0.563549873643526,0.5564419024683925,0.5325142343422236,0.5295000750638043,0.5254859941833767,0.5341558832380379,0.5198479087452471,0.5340110629391538,0.530035863717872,0.5407307577118898,0.539487486887457,0.5547293277810826,0.5773058072181791,0.5972409656620183,0.6031746031746031,0.6168890236506974,0.6369532428355957,0.6531403849022825,0.6666169673475474,0.6899924755455229,0.7040816326530612,0.72490650710546,0.7421122796622722,0.7463525835866262,0.7633564744944159,0.7808320950965825,0.800480408347095,0.8018839712918661,0.7973739182333631,0.8243038740920097,0.8076052512449072,0.8116691285081241,0.8132897279619444,0.8016353725015143,0.7998473282442748,0.7936437546193644,0.7756400545371913,0.7536670195070316,0.7377993331312519,0.7344379758172862,0.71462901772304,0.7043949428055388,0.6795563549160671,0.6623886456288691,0.6449340527577938,0.6252274105518496,0.6039250669045495,0.5743682856710546,0.5768770565360455,0.5675799086757991,0.5452227388630568,0.5373936408419167,0.5292437227484589,0.5207563894223667,0.5398507462686567,0.5242924171333434,0.5258409785932722,0.5241567912488605,0.5390401684970664,0.5365055762081784,0.5454273759713091,0.5721997300944669,0.5740628778718259,0.5900981266726137,0.6009830205540662,0.6333084391336818,0.6364846870838882,0.6454394191499017,0.6803462169825399,0.698306595365419,0.7131689717378232,0.7294657392333876,0.7561406089130754,0.7646797810974708,0.7664473684210527,0.7910068718255154,0.790013374944271,0.8073352609952823,0.8085649887302779,0.8081315669255368,0.8139946855624446,0.8093245666467423,0.8111646102919049,0.7966557181248134,0.7942146282973621,0.7810878909144805,0.7762529832935561,0.7506799637352675,0.7396306388132001,0.7174211248285323,0.7079881656804734,0.6836473247927657,0.6674270072992701
0.6565308568004793,0.6479865258000306,0.6254738438210766,0.6038951310861423,0.5866224766495932,0.5575785161583978,0.5430762291384754,0.5296660703637448,0.5376492194674013,0.5167673716012084,0.5011252813203301,0.5120048019207684,0.5057160048134778,0.5077249318388367,0.5042620008972634,0.5118003025718608,0.5159768715763846,0.5363594959769242,0.5273155647180091,0.5532229450029569,0.5621004566210046,0.571041948579161,0.6023827252419955,0.6157657657657658,0.6487303506650545,0.6560932428444969,0.6744674467446745,0.7005347593582888,0.7142857142857143,0.7321937321937322,0.7393072289156627,0.768004722550177,0.7788228155339806,0.7895602752019144,0.7958879618593564,0.7947738386308069,0.8091568449682683,0.8012218745343466,0.8082109679352713,0.8019259259259259,0.7932381667918857,0.7870928829915561,0.7777940102264427,0.774077407740774,0.7611872834111798,0.7342750929368029,0.7227944469323779,0.6937058735165991,0.6820574522484584,0.6688282310360428,0.6490066225165563,0.6196992481203007,0.6112301101591188,0.587552114353782,0.5666312110621486,0.5632911392405063,0.5442371351188685,0.5237065637065637,0.5326270535851374,0.5139781731200478,0.4865786741806318,0.5121314496314496,0.5042385709960642,0.5109118086696562,0.5075974123664811,0.5058911260253542,0.5246932515337424,0.5333034647550776,0.5482256596906279,0.5627725154112163,0.5746201966041108,0.5981823599523242,0.6106674702425795,0.6374943803386782,0.6480228537062096,0.6692157744789323,0.6943980567785031,0.710445580715851,0.7297705314009661,0.742089552238806,0.7579894973743436,0.7666765932102442,0.7744922341696535,0.7836710369487485,0.8045696877380045,0.802908875037103,0.8015153766156589,0.7992772172865532,0.8046664672449896,0.8035687282625132,0.7944978953698136,0.7742606628027939,0.7724947336743906,0.7622950819672131,0.7394670239690337,0.7318053281738354,0.7239179954441913,0.6860778443113772,0.6683960865698192,0.6569331906436324
0.634375,0.6134682168201722,0.6043725666367176,0.5860520802155044,0.5635880790793745,0.5465168539325843,0.5361464004839686,0.5264890751272074,0.49757602468047596,0.4948948948948949,0.4898423286840509,0.48717948717948717,0.47177236264567884,0.4843726407972218,0.498846331333641,0.4824390972948737,0.493605359317905,0.5058565153733529,0.5163164953062137,0.5308752997601919,0.5511218190031621,0.5677699565673207,0.5736802973977695,0.5953862498102899,0.6247395058052992,0.6520168573148706,0.6737535559215452,0.675939627108612,0.7082085080886759,0.7267808836789901,0.7395629238884702,0.7495519713261649,0.7673900118906064,0.7720455908818237,0.7875246623159812,0.7860994607549431,0.7924329213144408,0.8008742839915587,0.7984920165582495,0.7967106237961179,0.7875170016623848,0.7659414853713429,0.7685647196947462,0.76384096024006,0.7468468468468469,0.729497054825555,0.7103949160236042,0.687667161961367,0.6674609084139985,0.6663663663663664,0.6285203397407242,0.6083947645554385,0.5878287002253945,0.562964062964063,0.5536902601330913,0.5331713982085927,0.5292779126213593,0.5151203758073987,0.49564302884615385,0.49665144596651445,0.4865566758325695,0.48869119420989143,0.47957616707616707,0.4998496240601504,0.48398255376748384,0.49190497806022093,0.5147609770717818,0.5160354306658522,0.5330455492706162,0.5472524154589372,0.5646165527714503,0.5772490706319703,0.6089269878805794,0.6030708422012769,0.626141637969756,0.6434002433090025,0.6736257134274557,0.6842262795570189,0.7118234048986998,0.72437323839193,0.7444411936805149,0.7525342874180083,0.764405762304922,0.7854348480288895,0.7957102144892756,0.8036412879927776,0.7962736713500306,0.8062755798090041,0.7985108646102416,0.7881923311016433,0.7942562592047128,0.7771386430678466,0.7681159420289855,0.7520798668885191,0.7408459124196682,0.7165113792576753,0.6993318485523385,0.6787805976873404,0.6688459784096092,0.6508408989432951
0.629114302812687,0.6095094339622642,0.5758908930928288,0.5622738238841978,0.5504395768141856,0.5208049629293388,0.5161927930667478,0.4948438200567927,0.48970389298061023,0.47848587904775985,0.47378640776699027,0.4672729983599225,0.4654002713704206,0.4528694617900684,0.46876384581302616,0.4720496894409938,0.4796711509715994,0.49179829890643983,0.5014279272508643,0.5148098030371373,0.5390519187358916,0.5443554480882575,0.5759559589346823,0.5874399038461539,0.6060107655502392,0.6285372061685881,0.6470849363717076,0.6700331624962316,0.7009458039333434,0.7098599940422997,0.7213553276861346,0.741126070991432,0.7619622641509434,0.7728295096716149,0.7744655224330022,0.7938374516225067,0.7923053802224226,0.790631970260223,0.8020677255019478,0.7891402714932126,0.7788115246098439,0.7732252739006453,0.7592111297966672,0.7461584814703224,0.7350037965072134,0.7170321417843196,0.6937685459940652,0.6766928657799275,0.6536929206251916,0.6443981550364529,0.6214765100671141,0.6017685622808355,0.5653163404642695,0.5532805260798087,0.5480192076830732,0.5233044517478339,0.5000745712155108,0.4849503437738732,0.48739867354458366,0.46613724902607134,0.462089552238806,0.46218740584513407,0.46599609668217984,0.46870799103808813,0.4600743494423792,0.4704016913319239,0.4796191609639988,0.4929045893719807,0.5128243814121907,0.5214274820802196,0.5367359229147847,0.565932407966204,0.5802174884552361,0.6025891916302876,0.6269035532994924,0.6414179669747008,0.6729362591431557,0.6965465465465466,0.7115907032900695,0.7220543806646526,0.7408063801506425,0.7483822422874341,0.7662220890154353,0.7803372478169226,0.7840601503759399,0.7931960608773501,0.7953558052434457,0.78081986834231,0.7906315474408859,0.7863312623124716,0.7765237020316027,0.7669990933816863,0.7578394598649663,0.7340807174887892,0.7259045302523564,0.7097115239389821,0.68,0.6658151765589783,0.6440217391304348,0.620994309673555
0.6207411835026898,0.5961027457927369,0.566701445819049,0.5537818887065493,0.5368278355173972,0.5075712589073634,0.49931911030413073,0.4964656339299143,0.4698722764838467,0.45754716981132076,0.46092932914985807,0.4468830970888584,0.458475709404249,0.4353402746340727,0.4445937873357228,0.4482086643681607,0.4559265944645006,0.4696635816071691,0.484802661424467,0.5000733030347456,0.506896551724138,0.5473434253487682,0.5681211041852182,0.5743820224719101,0.601498127340824,0.6193895870736086,0.6397058823529411,0.6645907473309609,0.6746611053180396,0.6969013237063778,0.7129100210653024,0.7307403514041148,0.750886524822695,0.7594375668653522,0.7700444580714395,0.7709784913662526,0.7886141636141636,0.7835406985459451,0.7897505259993989,0.7884297520661157,0.7701492537313432,0.7632477363811786,0.7540665572302642,0.7423230974632844,0.7261726919629519,0.6982551143200962,0.7021498954911914,0.6687668766876688,0.6505768063145112,0.6208609271523179,0.6086571133106811,0.5831158864159631,0.5694651927098895,0.53622117090479,0.5146034099332839,0.5008291873963516,0.4883097542814594,0.46774193548387094,0.45161290322580644,0.4520672421626533,0.44995544995544995,0.4348285757438453,0.4420322629277853,0.44504181600955794,0.45420588674734796,0.4522096608427544,0.4713395164968831,0.4740785136350015,0.5044234517918729,0.5098448687350835,0.5177347242921013,0.5499095295536791,0.5705400485436893,0.5965703971119134,0.6151986704940323,0.6366492146596858,0.6501552565429544,0.6660581165373498,0.6953357100415924,0.7121625720351835,0.7238703788224555,0.7430628468576571,0.756478999106345,0.7691269126912691,0.7722517058377559,0.7822262663026994,0.7854800238521169,0.7875226039783002,0.7844427823485415,0.7728155339805826,0.7729119638826185,0.7581325301204819,0.7514916467780429,0.7332123411978222,0.7114862827856497,0.6973191553092706,0.6729323308270677,0.662109955423477,0.635314039408867,0.6167655560626807
0.6016528925619835,0.5802783181206045,0.5656967840735069,0.5320935812837433,0.518347942356262,0.4994654040018329,0.4916049009227046,0.4571087572728629,0.45212121212121215,0.4419749403341289,0.43272400359604435,0.41715312079030087,0.42575869726128796,0.4329896907216495,0.4269729971654483,0.4319284414796847,0.43181126331811265,0.4602409638554217,0.46619217081850534,0.4781099033816425,0.5052028351681496,0.5159332321699545,0.537913254473764,0.5584495173893059,0.6030626032127309,0.6052396546591248,0.6321566300800949,0.6504636553993419,0.6808032369249213,0.6940142942227516,0.7150626982927935,0.7274067521745541,0.7490881458966565,0.7593225375129996,0.7564083567935991,0.7718579234972678,0.7841986455981941,0.7768141081237352,0.7823048327137546,0.7690674753601213,0.7753363228699551,0.7537822604568377,0.7495032859544551,0.7285477303574122,0.7166070363744782,0.7104909714967915,0.6696791685494804,0.6628468033775633,0.6376875551632833,0.6184884071062933,0.5998792088177562,0.5661959399823477,0.5525690525690525,0.5315797295289048,0.49992582702863075,0.48262032085561496,0.4686286226471467,0.45425676697414186,0.4580403889304413,0.44730574575766596,0.4323481360463389,0.43462739848282017,0.43306134783922634,0.4373961637214922,0.43647966755713863,0.4433534743202417,0.44055106319257265,0.46057779115257297,0.47752073330423395,0.49292345152944755,0.5010529482551144,0.5275482093663911,0.5603026257231865,0.5736865873852175,0.6030173051323768,0.6209424083769634,0.6463104325699746,0.6589936550095913,0.6827835517397198,0.7115613825983313,0.7141141141141141,0.7360155548908166,0.752160953800298,0.76887006504311,0.7667924528301887,0.7831032913696344,0.785798467884502,0.7780907204269196,0.7799314149396154,0.7714412024756853,0.7601113716295428,0.7534946640613257,0.7459701492537314,0.7264776839565742,0.7117198024247867,0.6882826475849732,0.6733403582718651,0.6356007067137809,0.6333682791672907,0.5955827488434562
0.5893799969829537,0.573404730031236,0.5619502012822424,0.5265729089563287,0.4988662131519274,0.4907616043262731,0.4567422434367542,0.44316459533191876,0.4360981484269156,0.42496217851739787,0.419393575502852,0.40754831836858924,0.41244444444444445,0.40620741862225584,0.4232315711094564,0.41388439476393585,0.4276853252647504,0.43418116912092813,0.4541263254956201,0.46425393058439635,0.4833029751062538,0.4965986394557823,0.5306335923490735,0.5513848948085364,0.5706375336725531,0.5982116244411326,0.622491764001198,0.6342453397474443,0.663654164783853,0.6864636719927646,0.7107375435408148,0.7134670487106017,0.7330993438119945,0.748048048048048,0.7588190764572293,0.7687443541102078,0.785756942370857,0.7742908871454436,0.7724624348359399,0.7620048019207684,0.7599235518965011,0.7519066846119336,0.7432696646112197,0.7328313253012049,0.7064179104477611,0.6836734693877551,0.6643494030527429,0.6508555989192435,0.6201421442613035,0.6090225563909775,0.5717843539408145,0.5615682766845558,0.5302226935312832,0.5096589194083911,0.4857400180126088,0.472596585804133,0.46156116275638187,0.4471413949407808,0.4298582398109864,0.4149000605693519,0.4077421298388311,0.4069264069264069,0.40491165019466907,0.41226754649070185,0.4191805493021162,0.42370348228964283,0.43745261561789234,0.4456979542719615,0.4604879545803284,0.47977643771142814,0.49863595028796603,0.5159527326440178,0.5429262394195888,0.5702230259192285,0.585530257639305,0.6102831594634873,0.6361593768723787,0.6594235702429455,0.6717948717948717,0.6907557964468534,0.7186743341404358,0.7258520613186487,0.7494730502860584,0.7545727136431785,0.7521341920023963,0.7830330330330331,0.7741405082212257,0.7765346235258542,0.7752774821347119,0.7676560900716479,0.7622526636225266,0.7521778311805347,0.7277980535279805,0.7196536034052546,0.6975354742345033,0.6751506024096385,0.6605171631634659,0.6419114290062395,0.6095167286245353,0.5857696897374701
0.5747691391123027,0.5612689821079537,0.5297241481044401,0.5094539404023597,0.4936766722535426,0.4623836410804212,0.4480703322902697,0.4289985052316891,0.41725768321513,0.40289811771735884,0.3968372370580337,0.3913109524532888,0.39311400153022186,0.3874361286444244,0.3967479674796748,0.3950413223140496,0.41306622813574523,0.4104107115992177,0.4472497745716862,0.4590408102472446,0.4771945566023628,0.48317856599177955,0.5131359149582384,0.5384042869901756,0.5556378722773744,0.5878461538461538,0.6053257958940791,0.6397626112759643,0.6650216838642141,0.6824751580849142,0.7112729479593385,0.7177840824249664,0.744545049725397,0.7438969597124457,0.7509525986892241,0.770523497917906,0.7673117629271243,0.7614266446875468,0.7643062056469878,0.7668469521999708,0.7514166418133015,0.7510485320551228,0.7333333333333333,0.7126086293642323,0.7035098522167488,0.6887427119150845,0.6627735068007097,0.6345596092199665,0.613670581150256,0.5925136944613512,0.5692331335484863,0.5530256723716381,0.5208871335257481,0.5021775041297493,0.47850494903235335,0.4601318944844125,0.43617808016565596,0.4158193779904306,0.4123680689757693,0.4011949215832711,0.3968066232998226,0.39721043056397815,0.3865533464865685,0.38662704309063894,0.40243346007604563,0.3976487876561352,0.4162319729978521,0.4303002450980392,0.4501784651992861,0.45725018782870025,0.48881598568446166,0.4967468603419579,0.5201833505840603,0.5629474940334129,0.5776537997587454,0.5904630481447409,0.6128984432913269,0.6462869072472412,0.6728635682158921,0.6885069817400644,0.7044044195550174,0.7213040181956027,0.7340724316334073,0.7493961352657005,0.7621315867817803,0.7616766467065869,0.763506474177705,0.7729885057471264,0.7667572463768116,0.7624170965364775,0.7586821015138023,0.7441225542241772,0.7332333083270818,0.7144565704888624,0.6932324131789849,0.6788574882877437,0.6458053941290419,0.6410485552576706,0.5987347492092182,0.5813883901855177
0.5637544273907911,0.5424535544296023,0.5121767889356584,0.5109750634612513,0.4685123212655917,0.4557377049180328,0.4280279975654291,0.41622760800842995,0.40684353331323486,0.391461214672279,0.38129933211900424,0.37157406020667966,0.37287625920914147,0.37417910447761193,0.3730004484975333,0.38591331269349843,0.395338413267593,0.4109401188480878,0.43543451652386783,0.43213799364502953,0.4559577677224736,0.4803994634073632,0.5043697230039994,0.5261756876663709,0.5609609609609609,0.576174447534026,0.6012563565659588,0.6184763047390522,0.6502343868138515,0.6725543478260869,0.6931122067832063,0.7089698986537589,0.7183619160260201,0.7401035322777101,0.7455867082035307,0.7584484278577726,0.765556727437095,0.7656085452083646,0.7724907063197026,0.7643264326432643,0.7573628345044102,0.7431413928248417,0.7249666221628839,0.714560520864161,0.694135115070527,0.667966991747937,0.6607617360496014,0.6179674675421579,0.5965600482800242,0.5891059798697454,0.5661438295353655,0.5330541429853425,0.5090799939966982,0.4880368554019914,0.46361102508516566,0.44356796116504854,0.43503411450608126,0.4038695917123705,0.3999699157641396,0.39419335528284943,0.39040680024286584,0.3719083969465649,0.3702658547452844,0.37764124082121986,0.375468024561929,0.3939078751857355,0.4111698113207547,0.4099536691077567,0.43359027571894454,0.46366730797691286,0.47410481020439527,0.49097744360902257,0.511624373195563,0.5257195345988978,0.5742603994593782,0.5855282627996449,0.6089153046062407,0.6261754277786342,0.6554932073242764,0.681568394474974,0.698030963475124,0.7213654738733344,0.730325129140079,0.7423826934795856,0.752847721822542,0.7648128504318836,0.7573345127524694,0.7677238805970149,0.7553079355518747,0.7607268285234386,0.7408677501118235,0.7308268424206111,0.7272454190447581,0.7015738498789347,0.6828596287703016,0.6600029398794649,0.6472172351885098,0.6175406871609403,0.606775108192807,0.5622738238841978
0.5617140195621798,0.5275754422476587,0.5016281823564239,0.4907146040707176,0.4715660542432196,0.44644491913335366,0.4206762997169671,0.41404833836858007,0.39186327888687233,0.37564452532605397,0.37444013138250226,0.3668311649469119,0.3601329907813208,0.35833709896068683,0.3606705935659266,0.3706230104592997,0.38548510313216194,0.3876211782252051,0.4084844850846949,0.42491773855818127,0.4474830954169797,0.4671072394112346,0.490234375,0.5164468697892982,0.5367591329392148,0.5770996889349725,0.5888394910317338,0.6070074321249811,0.6477616454930429,0.6605518496058217,0.6966359933624982,0.7055876100819921,0.7206959706959707,0.732601276153732,0.7460388639760837,0.760752688172043,0.7588950608016815,0.7657561422249352,0.7581183611532625,0.7485808186435614,0.7375206116024584,0.7273408239700374,0.722547694156527,0.7024419656315948,0.6856323573800182,0.6785341873975868,0.651059935946317,0.6220806794055201,0.5866686957845076,0.5673149404492688,0.5476439790575917,0.5244536940686785,0.48658426288815193,0.47218473534263006,0.45812370523823615,0.43487924136909173,0.42114615726343846,0.3922926388679813,0.38885551216581554,0.370685791125056,0.36701337295690933,0.36763145931201696,0.3673469387755102,0.36659209545115584,0.3665820516649246,0.3836290442820933,0.3910717015746828,0.40374087591240876,0.40708755211435377,0.43340691685062543,0.45350957155879673,0.47427968019309097,0.5069021819801098,0.526401179941003,0.5443627083020568,0.5780565210820614,0.5954853273137698,0.6277165823161656,0.6371137113711371,0.680136681028079,0.6993819894055326,0.7026005442999698,0.7280187573270809,0.7372566503195126,0.7425474254742548,0.7640348243770639,0.7611160847508206,0.7678073138493171,0.7581917475728155,0.7561964849031095,0.7366925837320574,0.7212626563430613,0.7078736587577452,0.6977087952697709,0.6755105082724698,0.6650202065559048,0.6328959414098261,0.611801707353602,0.5883857379268843,0.5573599523241954
0.5483583419997029,0.5287389604748806,0.4996942830938551,0.47347362181387076,0.45118253486961796,0.4306049822064057,0.40253731343283583,0.3837244742456568,0.3755248950209958,0.35640714934868223,0.3585782843431314,0.3420935412026726,0.3451646864190104,0.3494103416994255,0.3610405142771715,0.36314083677077197,0.37192081003475896,0.38173162749181794,0.39878419452887537,0.4131491041603401,0.4385564184559159,0.4602768582606079,0.4813290208762129,0.5096852300242131,0.5304675716440422,0.5491642824875772,0.5877179907586824,0.6071697544810966,0.6367546722040938,0.6502032826381569,0.6808131770292328,0.6977337535644604,0.7127901684114701,0.7196833930704899,0.7372618520159504,0.7411122584451985,0.7537596840346347,0.7494675996349255,0.7537591186541611,0.7398905442383703,0.7412045319022064,0.7303387554096403,0.722617785184063,0.7079739748827356,0.6765232974910395,0.6718261646078285,0.641973445986723,0.6197798884366048,0.5896396396396396,0.5621122711454077,0.5423059395412426,0.5175842113073156,0.49040321380746915,0.46607983001972986,0.44357272178636087,0.4121911525373576,0.40431589989509964,0.3833890069845126,0.3759206373064783,0.3623603984304256,0.3423233388579177,0.3540589844937671,0.3378480060195636,0.33499020936888085,0.3495440729483283,0.360145146658603,0.36378613149618094,0.4059079322237217,0.4123989218328841,0.4232635729451016,0.4400897531787584,0.46373560640047856,0.4947776783049836,0.5191994069681245,0.5521054225992124,0.5628571428571428,0.5979774292833064,0.6302314885788748,0.6322463768115942,0.6607436165447215,0.6787730810315886,0.7079606440071556,0.7217455621301775,0.7343983278590624,0.7519181585677749,0.754780817887614,0.7462442362040755,0.7555859553123575,0.7429760665972945,0.7471663896025389,0.7376678232010861,0.7180963928463171,0.7076005961251863,0.6882123575284943,0.6759860964183164,0.6536227453378172,0.6309754281459419,0.6034638554216868,0.5838063937854795,0.5558743581999396
0.528101802757158,0.5121003884075291,0.4921497584541063,0.46496911255085127,0.4375470845261413,0.4269067796610169,0.3960454478382765,0.3899532357821693,0.3641247574988808,0.3538300418910832,0.3393043737871324,0.32593370331483423,0.3381511592893707,0.33972809667673715,0.33967635600839075,0.34593111856141423,0.34776883686905635,0.36761587397758255,0.38008249852681203,0.406094433549555,0.4160781367392938,0.450828393372853,0.4707529099749521,0.49731553919312776,0.5201432408236347,0.5501813784764208,0.5828588552592149,0.5912081339712919,0.6321612609881783,0.6486486486486487,0.6761661916904155,0.6905367020481388,0.6953612845673506,0.7220990391722099,0.7350401454325102,0.7348066298342542,0.7457168620378719,0.755855321672102,0.7478606356968215,0.7394046047807596,0.7468641378268097,0.7223813112283346,0.7124418430136575,0.7008276899924756,0.6806949228695522,0.6510369702434626,0.6371351995235259,0.6086230453924396,0.5832072617246596,0.5579138872043663,0.5335600236546422,0.495689003176524,0.4819961153443897,0.4638272164325631,0.4419542805916629,0.4108992643747185,0.3811955542204866,0.3768246802106847,0.36470763723150357,0.33897280966767374,0.3384407390716539,0.3303803268672674,0.3394563918757467,0.3350824587706147,0.3434328132101197,0.33827014218009477,0.3598868374032162,0.37903469079939667,0.39615384615384613,0.41796816897218503,0.43771704665559413,0.4555405608037187,0.4874209209945564,0.5106190691369182,0.5303595405042518,0.5654379943292046,0.5899896648457109,0.6119514752134192,0.639690568283249,0.6719940253920836,0.6786567164179105,0.7071154413935636,0.7049750491456223,0.7377705306848503,0.7403249630723782,0.7380562583717816,0.7369459623557985,0.7494376968061178,0.7385169618733113,0.7443892152432595,0.7367174781707858,0.7197510247457113,0.7090800477897252,0.6812240047534165,0.6598946576373212,0.6343056821634762,0.6156022033645973,0.601117655943211,0.5639041809254576,0.5452095808383234
0.5363078305135499,0.5014912019087384,0.4895435811326515,0.45623501199040767,0.43758409328748693,0.41695580027153417,0.3867854491462509,0.36522262334536704,0.3541760383865647,0.33685306365258777,0.3300470195662066,0.3319129508446203,0.326996780622413,0.31870634679623444,0.3287301110777544,0.33348464215463763,0.3338731046665685,0.36267927982911197,0.3724482080750038,0.39239373601789707,0.4151451661179288,0.4344974836053073,0.4696331930246542,0.49104210212003585,0.5170572530406408,0.5291817087845969,0.5717710518429727,0.5962974022096148,0.6190049305244285,0.6497386109036595,0.6590943510525519,0.676430824695809,0.7036137260856362,0.7318087318087318,0.7296489917849142,0.7313925570228091,0.7463185061484743,0.7483708530805687,0.7433258762117823,0.744983528002396,0.735742604452577,0.7120869171570846,0.695717505634861,0.7023355212944589,0.6753579502637528,0.6478164322723908,0.6332028898254064,0.5978969194312796,0.5741381905765467,0.5398507462686567,0.52604010775217,0.49809596344249807,0.4739215391552683,0.44603784742755764,0.4216451516061243,0.3973707798028085,0.3882001493651979,0.35967053081147043,0.34917541229385307,0.338677960974134,0.32141802067946823,0.3198916641588926,0.32206613988879135,0.324069989707396,0.31971082915314253,0.33044387983858914,0.35049092531984527,0.3711665664461816,0.3809451681308694,0.4055713643852029,0.4297038588094526,0.45796926785176256,0.4709735040190533,0.4921072796934866,0.5367392937640871,0.5545038167938932,0.5768647665251667,0.6109946075494308,0.6361708573159649,0.6476489967056005,0.6773811287216709,0.7002941176470588,0.7104264683563515,0.7285285285285286,0.7406245330942776,0.7437855645402816,0.7458869279090637,0.7522612294956308,0.7403135167110323,0.7341943234719928,0.7208444050782403,0.7237741456166419,0.7053718389944635,0.6860215053763441,0.6575239808153477,0.6373271889400922,0.6088455772113943,0.5824420677361853,0.5503046515083965,0.531843745250038
0.5289181899910099,0.49819873911738216,0.46339272346159605,0.4495703301673451,0.4345850999394307,0.3998803648870944,0.37595594983175284,0.35296742525658187,0.3415145166117929,0.3216171368230502,0.3221889055472264,0.312077004060761,0.30660377358490565,0.3082420924574209,0.3138618451553083,0.31982116244411324,0.3249626307922272,0.3527464258841234,0.3601881353360643,0.3837174940898345,0.4103837471783296,0.4222222222222222,0.44770998060569894,0.48441926345609065,0.5133658248412347,0.5389140271493212,0.5493983063437825,0.5954531767539898,0.6007769311220679,0.6420514363062114,0.6609911827303132,0.681239453903973,0.6922275163787969,0.7098407026946554,0.7255820985787723,0.73758651820644,0.7505984440454817,0.7427228623408126,0.7345771892867891,0.7319161499852377,0.7315326070735712,0.7203237410071942,0.7120211360634082,0.6920763794918058,0.6593688660727767,0.6430819967021436,0.6133630289532294,0.5927595012768514,0.5668911007025761,0.5425198027200717,0.508189262966333,0.49444277560829075,0.46873594242015293,0.43454871488344293,0.4144599821481702,0.3966472085017213,0.382185628742515,0.35813882994846924,0.349294506154308,0.3251164888020442,0.31588613406795224,0.3052615663743574,0.3104119850187266,0.31717929482370594,0.31906906906906907,0.32049763033175355,0.34600702397312566,0.35614400476048796,0.3730340510001527,0.40117593848937133,0.4178511386214275,0.44781043791241754,0.4551589682063587,0.4994743955548881,0.5106161841128434,0.5482430017867779,0.5785958141606056,0.5921250375713857,0.6353434086488104,0.6528814571513885,0.6604141656662665,0.6813467608597625,0.70392840891855,0.7149910233393177,0.7223292339605868,0.7388295471641342,0.7429913623276254,0.7414104882459313,0.7403089036947305,0.7275462614713405,0.7241636798088411,0.7136135984216118,0.7054135338345865,0.6798192771084337,0.6630936429953849,0.6337755254136235,0.6129323308270677,0.5884626821290514,0.5540822407628129,0.5224582701062216
0.5111640369157487,0.4922311057474732,0.4689403166869671,0.4451603236439916,0.4201346389228886,0.39952260182008054,0.37063686466625845,0.33724558015153766,0.3309776207302709,0.3226977166187812,0.3047434367541766,0.30403764420157864,0.3105421686746988,0.30211934465654594,0.3092284417549168,0.31453874538745386,0.3319538870824712,0.3397740784780024,0.35812104255632454,0.3859278272686094,0.3883495145631068,0.4214317874831157,0.44518223402685553,0.46402172273344394,0.5005998800239952,0.53499038319278,0.5502063273727648,0.5783882227955683,0.6143463754928723,0.6315554231227652,0.664890467732386,0.6709395264665963,0.7036760310818888,0.7190660321237359,0.7236577440816958,0.7285074626865672,0.7317427989525749,0.7420532319391635,0.7427536231884058,0.7265484064942874,0.719258589511754,0.7116182572614108,0.6897744360902256,0.6775472849298353,0.6575094339622641,0.6444444444444445,0.6117450174958162,0.585336717933403,0.5617927337701013,0.5325940356661172,0.4924638113714371,0.48249664829435424,0.44913484486873506,0.4222390317700454,0.4084697402012314,0.377445855115758,0.35290637479662773,0.349663928304705,0.3254814814814815,0.31797505502567863,0.30803097009260666,0.29683806146572106,0.30151811212986623,0.3046071268823617,0.31310894596988487,0.32112590799031476,0.3379739336492891,0.34937016239186525,0.35536327017753244,0.3906226214035622,0.40302267002518893,0.42734154668249963,0.46101088415088715,0.48465624077899083,0.5116385212231858,0.5449301760777171,0.5830075187969925,0.5896977817478041,0.6190260817126488,0.6446564316589656,0.6843060175385546,0.6887060583395662,0.6983796640404341,0.7234138293085346,0.729470802919708,0.7407015421832477,0.7452872869853717,0.7452133273028796,0.7395584725536993,0.7262317312038572,0.7180866965620328,0.7139591587930509,0.7006648534300393,0.6774576774576775,0.6476920808140392,0.6225185185185185,0.5970866496470941,0.5746937556020316,0.5521982172533615,0.5202074119261858
0.5148442092886537,0.487089914945322,0.4565930787589499,0.4372961755114142,0.41450007428316743,0.3822058823529412,0.36018742442563484,0.3444002447980416,0.32749773619076367,0.30743751881963266,0.3042316258351893,0.30550943396226415,0.2904608788853162,0.2946150422785937,0.29951190652270376,0.3055261165783497,0.3131174950600395,0.3367255312780605,0.3468786808009423,0.36257575757575755,0.39144786196549136,0.41082945852707364,0.4389181066867017,0.47355012737898994,0.48612341304989665,0.5276480337501883,0.5452042221202387,0.5800359712230215,0.6208452398856971,0.6392900120336944,0.6550887304717125,0.68098977626315,0.6868428957644939,0.7117753079002703,0.7249076127124907,0.725624619134674,0.7345957318905921,0.7356615986752973,0.7346938775510204,0.7302158273381295,0.7261588426335991,0.7083333333333334,0.6968521557511562,0.67726526347216,0.6518122400475341,0.6324010711097887,0.6182005292561011,0.5881731784582893,0.5562415298900768,0.528698224852071,0.504769114307343,0.4712143928035982,0.4391566265060241,0.4189148681055156,0.38930163447251115,0.3731275533363595,0.3447553493939847,0.3328360435625839,0.31720510894064613,0.2998054183505463,0.30353430353430355,0.3077635437567526,0.29332544028414975,0.2968936678614098,0.29945635759589245,0.317992254989574,0.33889389840697326,0.33699744014455657,0.35227446775922805,0.37080024434941966,0.4076159431026819,0.4255351220982816,0.4617110379898295,0.4871833308349573,0.5009835073384779,0.5295091839807287,0.5602731591448931,0.5868172108635947,0.6177131724861382,0.6429853425067305,0.6615361400331975,0.6813467608597625,0.7003437453295471,0.7137496247373161,0.7183864632119655,0.7310849126995971,0.7328573553473152,0.7389360751005811,0.7373993438711601,0.7323755924170616,0.7223993925588459,0.697910447761194,0.6849887976101569,0.6690537863781807,0.6482955398708515,0.6168196178727245,0.5968150022324751,0.5590479096734818,0.542299672326482,0.5311147589911953
0.5061949544708165,0.4947180479095373,0.44818344252531267,0.41805368121157593,0.3941274405933101,0.3842190490210511,0.3614183967267768,0.3331841909023117,0.3174531155474894,0.30960118168389955,0.30644922164566346,0.30059435364041603,0.2894776456420292,0.29214832607716557,0.2854817226579843,0.2897196261682243,0.3125378558449425,0.3265792610250298,0.3381029650390913,0.367910447761194,0.37420718816067655,0.41487627796710624,0.43614783653846156,0.4566621601321917,0.48327907664989644,0.5236486486486487,0.5498188405797102,0.5781603987313094,0.5930442637759711,0.6313100961538461,0.6490566037735849,0.6861098836352924,0.6874808223381406,0.7004398604580616,0.712673088500903,0.7272591930921543,0.7323964280486019,0.7346239761727476,0.7210510688836105,0.7204968944099379,0.7154519815941814,0.705353126405758,0.6926018532137079,0.6764882742032472,0.6480168903634445,0.643249009448339,0.6150029188558085,0.5796197266785502,0.5511158021712907,0.5201606903734564,0.4989530361950344,0.4683162341581171,0.43742568370986923,0.4205664092079358,0.3993916349809886,0.3640011890606421,0.33810507674144036,0.32429210134128167,0.31556760012044566,0.30920263788968827,0.2886998059411853,0.2870342771982116,0.2908873260511746,0.2904595783406643,0.2976242530243405,0.3054889022195561,0.31880945075176437,0.33092085001539884,0.356094639113507,0.3756848807937213,0.3953731343283582,0.42639366312957705,0.4463802943826975,0.4607538802660754,0.4995526394273785,0.5277650996500837,0.5644035061655029,0.58950384557382,0.6089847790749224,0.6389667896678967,0.6646906824745402,0.6768857186219457,0.696383390385474,0.7082279422704955,0.7278737791134485,0.7287980475899939,0.7309697601668405,0.7396849212303076,0.7275626423690205,0.7237001209189843,0.7181764357608053,0.6909975669099757,0.682648401826484,0.6597721822541966,0.6453794139744553,0.6111607142857143,0.5889469753547424,0.5635124905374717,0.5401686640035508,0.5053359386742823
0.5042321644498187,0.47738998482549316,0.4508679245283019,0.4288109756097561,0.39170161773517076,0.3720685508117859,0.3549249740008914,0.3372985996084927,0.30398105668195946,0.2987750224081267,0.29195230998509686,0.28641280189657725,0.29178082191780824,0.27805392378370236,0.292817679558011,0.29022556390977444,0.29851425106124924,0.3173848439821694,0.3360024172835776,0.36194756554307117,0.3791623501553944,0.4007513148009016,0.42744979616487994,0.4520752463421917,0.4763043803259082,0.5124662060678883,0.5424736922373037,0.5659479553903346,0.5845577211394303,0.6220765678534187,0.645264116575592,0.6685905224787363,0.6878629932985852,0.702845100105374,0.7127146730943055,0.725389384545592,0.7365817091454273,0.7375094339622642,0.7364754705795168,0.7152506754728309,0.7157513578756789,0.7060072815533981,0.6918976545842217,0.6649354503635554,0.6572890025575447,0.6286562731997031,0.6048350992389195,0.5757713938288493,0.5476332241738613,0.5365566037735849,0.4884895291846131,0.4631563020124073,0.44144144144144143,0.4097779148673658,0.38002106213329323,0.3599699021820918,0.34020463436653625,0.320392681838465,0.31051123510782686,0.30185873605947955,0.29040134289638336,0.28183590820458976,0.2729796872716645,0.29024024024024025,0.2866786678667867,0.29606750037667623,0.3109792284866469,0.32443257676902537,0.34679228353521757,0.38272157564906,0.38893911995177816,0.4214961561206387,0.4436308161708619,0.467580861529289,0.5045788920582495,0.5282258064516129,0.5600486470051688,0.5959124087591241,0.6242559523809523,0.6268879916255421,0.6652707149267125,0.6811065511475908,0.6909903201787044,0.7103448275862069,0.7204606640741849,0.7316590563165906,0.7251794258373205,0.7367395864548996,0.7300089847259659,0.7281167108753316,0.713345302214243,0.7009688784497945,0.6814546551984306,0.663427033492823,0.6412420862224902,0.6208289690258866,0.5987691383968778,0.5561660561660562,0.536570832712647,0.5063791008505468
0.5152941176470588,0.47366850663881843,0.4356391645682121,0.4214950465325728,0.38845693779904306,0.36537881074554784,0.34786503433860855,0.3257713248638838,0.30992297236067057,0.3002098321342926,0.2916666666666667,0.2831036548831636,0.2788187678009294,0.2780064686856807,0.28431226765799256,0.2892734596449351,0.2949640287769784,0.3151651651651652,0.33170225385527874,0.3591485507246377,0.3740845912419668,0.392644431209053,0.4196814053893107,0.4590339345765821,0.4727272727272727,0.5218875204036207,0.5458770614692654,0.5632393084622384,0.591870160810006,0.6101288582559184,0.636417556346382,0.6633962264150943,0.6902013025458852,0.6978385531539479,0.712259835315645,0.7184986595174263,0.7254990925589837,0.736653742916791,0.7312258830513505,0.7239921485731542,0.7173224785165083,0.6990692864529473,0.679885834459967,0.6828454421355984,0.6557547030069619,0.6237037037037036,0.5984169653524493,0.5788844025721549,0.5484306952995945,0.5201247586514184,0.4768677945800269,0.4621142682554232,0.4335466587289775,0.4083924349881797,0.3885064351990422,0.3606508434094641,0.3356560415122313,0.3116130016786205,0.30367962169351265,0.2891584085194498,0.2910581222056632,0.2738059477320517,0.27194570135746604,0.2747761194029851,0.28502994011976046,0.2895014309383943,0.30688779321679366,0.3207207207207207,0.34264150943396227,0.3623529411764706,0.39157706093189965,0.41764080765143463,0.4475341834383162,0.45718108831400533,0.49572649572649574,0.5127093301435407,0.5603692124460324,0.5803371624645681,0.6013382899628252,0.6428038777032066,0.6573699205278153,0.6757593630197581,0.6973249173429517,0.6938256839587382,0.7232169501641301,0.7263157894736842,0.7282921654796182,0.7410862043026929,0.7238320520402128,0.7224065138721351,0.7134494145902132,0.6974815261649827,0.6725379077959871,0.6735537190082644,0.6329379972977031,0.617401849325451,0.5778375953342306,0.5598368087035358,0.5370175702057366,0.5031512605042017
0.5025716385011021,0.47680186752261455,0.4443946188340807,0.4065999701358817,0.3984375,0.3612747319136082,0.3493004866180049,0.3259015412240012,0.3138424821002387,0.2873769024171889,0.28267898383371826,0.2820933353213061,0.2852254128849874,0.281207341119369,0.2827295956711258,0.2912038426898829,0.3002684964200477,0.3132197144173192,0.33238295318127253,0.34853959650707617,0.36642357493674654,0.40097763294326766,0.4299970211498362,0.44205816554809846,0.48904443091905053,0.5078621106743272,0.5351491174680463,0.5674023262749777,0.5884182464454977,0.6151902497027348,0.6457260556127703,0.6668192219679634,0.689030725842363,0.7095582803959226,0.7146978439113271,0.7171042871977451,0.7227237949502678,0.730246913580247,0.727475800446761,0.722083639031548,0.7176165803108808,0.7047823421213979,0.6872867527073134,0.6709963325183375,0.6453179541660343,0.6182302456348032,0.5964158767772512,0.5689941185341577,0.5397897897897898,0.5141731089889343,0.47621914509331725,0.470432480141218,0.43573341267479915,0.40911854103343465,0.3785983421250942,0.3480117820324006,0.33552828494462733,0.31580533373512126,0.30595908686629114,0.2963955913017575,0.28086138914164394,0.26778370144706776,0.27571832663391393,0.2696245733788396,0.2763841472465489,0.2782377291543465,0.31137813380804036,0.3186223348740122,0.3369647450446361,0.3577039274924471,0.38273098442461817,0.40794278758368835,0.4325003696584356,0.4659056773805948,0.49061743341404357,0.525243445692884,0.5515526077781128,0.5691990577149588,0.6062956884976876,0.629845831462356,0.6541364510877609,0.6804796599878568,0.6883679259369867,0.7128712871287128,0.7239097744360903,0.7180372148859544,0.7399666818112979,0.724106602059358,0.7213855421686747,0.7212257100149477,0.7073753359211705,0.7034928450530851,0.6868207561610287,0.6535849056603774,0.628972102043861,0.6067329762815609,0.599879843796936,0.5690824167545577,0.5306215722120659,0.5002215330084182
0.5034534534534535,0.4791255503264005,0.45775075987841946,0.41654313667358434,0.39205992509363297,0.36365030674846627,0.34527736131934034,0.33060109289617484,0.2998794454490657,0.3038334830787661,0.2817262713143202,0.2762512995692856,0.2706305226898308,0.26356473911104505,0.28002404930106717,0.2870699881376038,0.2976853208321125,0.3086572711785659,0.31898209794348276,0.33373712901271957,0.3669905860917097,0.40095894516032365,0.42594769321187187,0.46085897045385316,0.48093443858327056,0.5048004800480048,0.5425385672827249,0.56531431119037,0.586191470325082,0.6221590909090909,0.6293052256532067,0.6603088101725704,0.6918869644484958,0.6881943415790254,0.7143725311455484,0.7291087370115615,0.7343447865536219,0.7269525267993875,0.7264506405425772,0.7246087756980669,0.7120253164556962,0.700839054157132,0.6787611962957341,0.6592237374494231,0.6500377928949358,0.6217872086072923,0.5848434925864909,0.5661971830985916,0.5502843460041904,0.5243323442136498,0.4907560499022997,0.45578437310720776,0.42777694273260186,0.40604976903591117,0.38439524024702515,0.3569478155339806,0.3232946845354615,0.31829611004289304,0.30010430636268814,0.2808954772349115,0.28875968992248063,0.26554346205456986,0.2820009067553272,0.27947794779477947,0.27602078693392723,0.2826086956521739,0.312283867087656,0.32174309140601276,0.34528940886699505,0.35663703480488174,0.38169180715764567,0.4059732853069188,0.4342203062286309,0.461094674556213,0.48897765941707355,0.5187133623929054,0.5582347588717016,0.5725782414307005,0.6013595166163141,0.6357939782974171,0.6591388136103583,0.673582919861675,0.692959482360191,0.7025164769322948,0.7137660069848661,0.7305847076461769,0.727475800446761,0.7298650083421812,0.7252549490101979,0.7163641817909104,0.7117655852892809,0.6967541129390841,0.6910309121364397,0.6601238109617998,0.6428254109284762,0.6173507743196511,0.5982265708607246,0.5460704607046071,0.5309880239520958,0.5050398676094479
0.5003781576160944,0.46212347151804356,0.4467194739201913,0.4201503759398496,0.40011846586702204,0.3702165529516464,0.336377245508982,0.31322609472743523,0.309761834754484,0.29643612201751735,0.2757207890743551,0.2784177023340406,0.27304112879015313,0.2693920335429769,0.28262185891613684,0.28858047971036355,0.29648991784914114,0.31309665871121717,0.32891287586738627,0.35613529500985897,0.3838985640085548,0.38813559322033897,0.41718889883616833,0.4553878344044239,0.4760407307577119,0.5004433934377771,0.5371335020092276,0.5628618079263767,0.581829212801456,0.6106686701728024,0.6429304029304029,0.6588925669575685,0.6908483836697527,0.6943476284285498,0.7071311107788907,0.7177394983378664,0.7341922108692432,0.7219904648390941,0.7373446498939072,0.7238884702336097,0.7154712507409603,0.7059525585558705,0.6929811320754717,0.6747774480712166,0.6457831325301204,0.6246575342465753,0.5914231164635042,0.570802478464561,0.5448548812664907,0.5195078031212484,0.47978077321878243,0.4637528259231349,0.4344027715017322,0.4036281179138322,0.3935755028519964,0.3561518524165269,0.34884064392261116,0.32053040695016005,0.29473684210526313,0.2902198635329795,0.2710989678202793,0.27350299401197603,0.2719572001783326,0.28188427749166917,0.2715683367921731,0.29186955880182974,0.30157785055075914,0.31691938147425314,0.3283649503161698,0.3670735337898184,0.39019637235796734,0.4098876404494382,0.43911007025761123,0.4625074096028453,0.5010074841681059,0.5240910434525569,0.5571513177376369,0.5836740875359685,0.6036036036036037,0.6319193742478941,0.6510290556900726,0.6685569318012237,0.701969696969697,0.6992639327024185,0.7169276659209545,0.7288902291917974,0.7363953312111566,0.7278941893297667,0.7339323789217179,0.7193877551020408,0.7203288490284006,0.6969923686966931,0.6759039715471251,0.6531740104555639,0.6383239027374217,0.6284334440084516,0.5942969221484611,0.5569563927617918,0.5244891826923077,0.5051331647076328
0.5087902264600715,0.47538301353562396,0.4528043775649795,0.4184578385690666,0.3895357628912748,0.367816091954023,0.340625,0.3242964490938559,0.3116704805491991,0.296078431372549,0.29720124389160374,0.2841981132075472,0.27328541479484875,0.2731067382230173,0.2791870415647922,0.29270833333333335,0.30537666616744047,0.3020194465220643,0.32223903177004537,0.3516417007111515,0.3668193233860245,0.39661170775979426,0.4140916554709658,0.45863063610141186,0.473092489881577,0.5017878426698451,0.5408348457350273,0.5691705554719253,0.5935756296184588,0.6215015548645046,0.6399464604402142,0.6603635297566696,0.6920175041496907,0.6934208563329852,0.7068297047420221,0.7198608379972773,0.7296124494987282,0.7310911808669657,0.7157078026643244,0.729765590446705,0.6999851256879369,0.6931060044477391,0.684025231040047,0.6533453075886844,0.6514157973174367,0.6282605455358473,0.600149588631264,0.5809864401728505,0.532337565347274,0.5157204589479958,0.4948941838093829,0.4553423001360133,0.43162719633307867,0.40576663162637033,0.3779704080107607,0.3497118592659994,0.3405102492257779,0.3202075702075702,0.30416666666666664,0.2973448731113393,0.27770156988263983,0.26485671191553545,0.2833103870276885,0.2695573074590661,0.29629073434449615,0.2898505603985056,0.3023255813953488,0.32033257747543464,0.3482287226223725,0.3627014581734459,0.3855349671249253,0.4209655587306362,0.4387571299909937,0.4723320158102767,0.4993264481365065,0.5183169045166985,0.5584531041635797,0.5752836553204539,0.6067549471804791,0.6260333684052307,0.6493999696187148,0.6704187303016659,0.6877051626380185,0.7225632579727505,0.719751966122202,0.7252272388615706,0.7359372643643493,0.7248420743352432,0.7267956215324637,0.713686104032379,0.7105970149253731,0.6940639269406392,0.6819940476190476,0.6561557030778515,0.638154948499776,0.6054865110639588,0.5903469079939668,0.5640676941674222,0.5434007134363853,0.5026564344746163
0.5037413947919784,0.4602008694348673,0.44181845551708565,0.4188590008867869,0.39662511401641837,0.37146297411198076,0.3547481908137646,0.33636228213913305,0.3103448275862069,0.30054887998813234,0.28057988523104804,0.2766115825517344,0.28925111487006,0.2758363201911589,0.27805169580158373,0.28464194565380574,0.296488368647207,0.31610718492343937,0.33480956598759964,0.34748803827751196,0.3770197486535009,0.4054013948657071,0.4257380772142316,0.4424579326923077,0.4852282900626679,0.5148484848484849,0.5332940483205657,0.557929090639371,0.5993456276026174,0.6241529890076796,0.652291917973462,0.6733431516936672,0.6896347774656217,0.6970521541950113,0.7242976688583384,0.7113261757145017,0.7240751970891449,0.7301115241635687,0.7293210343263269,0.7266389795312963,0.7190540338272714,0.7074740383209009,0.6915859564164649,0.6852267624607095,0.6443874471937237,0.6329076329076329,0.6064334420397273,0.5768469154607768,0.5488114815368516,0.524090909090909,0.4879807692307692,0.4671837708830549,0.4332178888721578,0.40229542405723656,0.3785302156088673,0.3612690811134391,0.33462918660287083,0.3154454241410763,0.3029350104821803,0.2906610703043022,0.2777942484435221,0.27694884287454324,0.27855111510252956,0.2756046581068976,0.28695782680474263,0.2902251095331621,0.30290141272975846,0.32942942942942943,0.35546642899584074,0.36588306208559374,0.39978855157831145,0.4175774134790528,0.4414044687642499,0.46413438256658596,0.4930993099309931,0.5253127727669479,0.5396318271717633,0.5840361445783132,0.6116258218768679,0.6270019458164945,0.6607548885857207,0.6709976105137395,0.6882572924457742,0.7111441307578009,0.7194880390065519,0.7224055188962207,0.7270545890821836,0.7269311692215209,0.7288700393820055,0.7253595760787283,0.6993027740691292,0.695365231738413,0.675896977817478,0.6727272727272727,0.6418918918918919,0.610187265917603,0.5900030202355784,0.5502653525398029,0.5300135399428314,0.5058208955223881
0.508130081300813,0.48001769650494025,0.4495925143374585,0.4258168972622903,0.40672550213024955,0.3688622754491018,0.3498344869094192,0.3312004875076173,0.31513872135102533,0.30134328358208956,0.28921124206708976,0.29155475977320205,0.2835510688836104,0.28674807779285394,0.2824739150158778,0.29358490566037737,0.3009795191451469,0.3197753832144483,0.33720404162268136,0.36821530596902724,0.3878751319559644,0.4033625948519566,0.43097744360902257,0.45945117277326386,0.4900225056264066,0.5142346102250708,0.5458072217248583,0.5598328857057595,0.605110681919477,0.6196190190490476,0.6469251741896395,0.6615002193303114,0.6864038375056214,0.7073314648178197,0.7144136078782453,0.7312703583061889,0.7245249139607961,0.734728161270617,0.7341772151898734,0.7247396979029184,0.7137767220902613,0.7022844509948416,0.6976602856274688,0.6791427240254698,0.6510828976848394,0.6170276774969916,0.6015296940611877,0.579540400296516,0.5530640454615267,0.5159988038277512,0.48177044261065266,0.46211106148578235,0.43147284489243265,0.4090909090909091,0.38015522751483793,0.3502645502645503,0.3519179304192685,0.3294920394238059,0.3061835604132355,0.29183892206400247,0.29634109464771696,0.2870166152036465,0.28569310600444775,0.2763317191283293,0.2851089588377724,0.3133072994893361,0.31170212765957445,0.32813671113776044,0.35615615615615615,0.37938205585264406,0.383121846812414,0.4115077571923482,0.441532868827628,0.4747322371398401,0.5000746380056725,0.5370095124851367,0.5516882344191582,0.5804259175351155,0.6016099635479951,0.6393246675631257,0.6679805942995755,0.6684001223615784,0.6942942942942943,0.7038123167155426,0.7194857496902106,0.7409387997623291,0.7357844596606132,0.7346078578955292,0.7274404304381246,0.7267555023207067,0.7130209128377347,0.6995878491833308,0.6877229488703924,0.6666165187302543,0.6346735187424426,0.6164279183175861,0.6013725197672684,0.5707412419185085,0.5340469818614333,0.5200770484516225
0.5062888316411578,0.4753756881416456,0.4563032886723508,0.42658076116272103,0.4030830280830281,0.37331536388140163,0.36093514328808446,0.34606741573033706,0.3121057374586963,0.3106942973831493,0.2977771147247501,0.29285714285714287,0.2878742062292108,0.2869770182675309,0.2913988368533823,0.29533050333535477,0.3118119607259744,0.33586050037907506,0.3417872594360734,0.36325301204819277,0.3834643288996372,0.4138963761605271,0.43548628802637496,0.45,0.5006027727546715,0.5237451157198677,0.5388523610280932,0.575834326579261,0.6062183873847069,0.6231320980274955,0.6468824940047961,0.6632225217130877,0.6848908037438717,0.7069330911292764,0.7119687640786905,0.7232196289646918,0.7310657596371882,0.7359868813357185,0.7329732973297329,0.7269334129590923,0.7114992721979622,0.7028100183262065,0.6967384799521245,0.671858774662513,0.6573469077647774,0.6365023653288571,0.6060834211715103,0.5782442748091603,0.5586666666666666,0.5308402860548271,0.5002251238180999,0.4705357142857143,0.43548872180451126,0.41473274442281777,0.3952222558209858,0.3683045595396193,0.35044776119402987,0.33609703669583907,0.31124437781109443,0.29941114298656196,0.2881991303043935,0.29071352825329494,0.29574309185959674,0.292859294968364,0.29359562194941574,0.3108964684575913,0.32367573895229734,0.31591484293583444,0.3537835393427796,0.3692468619246862,0.40645731977001326,0.42551266586248493,0.45099218280216474,0.48048185422384876,0.4947384022528531,0.5234236888626989,0.5637755102040817,0.588314405260012,0.6182331945270673,0.6406062424969988,0.6572359650422159,0.6745996108367011,0.701441521771437,0.7103301384451545,0.7206636500754148,0.7272460364063418,0.7467571644042232,0.7268387289273459,0.7247774480712166,0.73111279333838,0.7123430962343096,0.7072437631499849,0.6866394310788319,0.6694523205491718,0.6375093773443361,0.6230618696372121,0.5908752050096914,0.564156626506024,0.5507678544803937,0.5045482110369921
0.5104276069017254,0.4791261409546611,0.470781646988492,0.4334187905293319,0.40651621581228514,0.38249739544575084,0.36692890010390383,0.3407778790641143,0.32929745889387146,0.31007523233515266,0.29445255474452553,0.2959477917741691,0.2943868212324588,0.2877729906403209,0.29848280006008715,0.3082079547147326,0.3161338289962825,0.3185998220112726,0.34987064373763505,0.3793811409297551,0.3907544044571601,0.4171979243884359,0.43033090963050896,0.46379853095487933,0.48704663212435234,0.5194431835376002,0.5455772113943028,0.576390977443609,0.6123891144188843,0.6237227898711684,0.6564360971140633,0.6789827973074046,0.6893464637421666,0.7157910582568117,0.722753060615109,0.7253026453444926,0.7472009428403065,0.739414648640618,0.7366230677764566,0.7324640287769785,0.7300222386953299,0.7138369483919222,0.6932434413014803,0.6799520527419838,0.6616462869072472,0.628287030158966,0.620525768602406,0.5742041548348528,0.5584826132771338,0.5345345345345346,0.5050685748360167,0.4786672697120458,0.44436056167899746,0.4189902034664657,0.40003004356316657,0.37558823529411767,0.35025610123531187,0.33039111246385633,0.31790930053804767,0.3129096174363664,0.2911525729762263,0.2934426229508197,0.28904604273247064,0.2939842805320435,0.28755815698634246,0.3132730015082956,0.32626353790613716,0.3359009213109802,0.3598626250559952,0.37191565724540154,0.4002730168360382,0.4317700453857791,0.4447419306857058,0.4759752974845609,0.4981845688350983,0.5341530054644809,0.5707547169811321,0.5903254702896387,0.6277611940298508,0.6434407963155548,0.6753383458646617,0.6797573919636088,0.7109515260323159,0.7105461110275312,0.7216199939777176,0.7271100507008649,0.7323648345065149,0.7375320174777761,0.7377366930073058,0.7297216402274768,0.7252020573108009,0.7104673734507989,0.6904903417533432,0.6657324089098687,0.643384013247027,0.6358535144713526,0.5942353643966547,0.5681681681681682,0.5373472159348122,0.5134485349361383
0.5202510835450606,0.48394698085419735,0.4767649687220733,0.4509980489269098,0.4094736842105263,0.38636024473959113,0.37357869539198085,0.35806354916067146,0.3306921811930034,0.3183480646144468,0.31374321880650996,0.30776255707762556,0.30690996111277297,0.3014916377881573,0.30100182149362475,0.32049168040773496,0.3210912906610703,0.3368232126832187,0.3467236902398045,0.3823574144486692,0.39437678544579763,0.4172469995554897,0.44845437065522853,0.4760843731431967,0.4930868650435828,0.5297698589458055,0.5617293347541483,0.5771107496673074,0.6028907763373565,0.6346963319302465,0.6677616843362699,0.6744671337009986,0.6918666063075298,0.7124367747694139,0.7243869414773582,0.730043109855805,0.7411642411642412,0.7396021699819169,0.7364914877868246,0.7369285927696445,0.7134563858291159,0.7160197812078526,0.7022957662492546,0.6766771253548484,0.6612879127446586,0.6430493273542601,0.6373543211745119,0.5841867469879518,0.5635987590486039,0.5396658136384164,0.515423779574723,0.47831253713606653,0.4464634329478901,0.42688749626977024,0.39876468815908406,0.3720364741641337,0.34622738638035006,0.34101451443962294,0.31454097350585336,0.3163592010977283,0.3064907491659084,0.3008130081300813,0.2996536666164734,0.30390081644995465,0.3172108635947513,0.3219402985074627,0.3356205250596659,0.35334450708517445,0.3689609038204252,0.395892669764653,0.4003516998827667,0.4235827664399093,0.45604395604395603,0.497112462006079,0.508637236084453,0.5475903614457831,0.5695593322304106,0.5994603507719982,0.6149459783913566,0.6554116558741906,0.6634600931910416,0.6934448260415111,0.7078719854391021,0.7312649880095923,0.7303728402546226,0.7283053157655611,0.7454817027632562,0.7393407922588449,0.7504132231404959,0.7338709677419355,0.7191418643299592,0.7157894736842105,0.6894847213900539,0.6737075332348597,0.656934306569343,0.6237298266586969,0.6070359281437125,0.5715784739919053,0.5606497646880219,0.526596532819677
0.5305967888518631,0.5047633449266596,0.4703134418324292,0.4430188679245283,0.4290178571428571,0.3967611336032389,0.3766586248492159,0.35668595796527564,0.3392451114142792,0.33211567732115677,0.32100991884580704,0.320666161998486,0.3006782215523738,0.326888756692445,0.31449814126394054,0.3171428571428571,0.3381872213967311,0.34478104379124175,0.36395017259492723,0.3906842664239114,0.4046225423983191,0.434265944645006,0.4474353222670854,0.4848349021365606,0.5047961630695443,0.527671474830733,0.5529692629065951,0.5876932223543401,0.6072343632253203,0.635258814703676,0.6528072837632777,0.673331328923632,0.6917704221075007,0.716544830672833,0.7161721068249258,0.7447653981354119,0.7501887932336505,0.7447531776529708,0.7441860465116279,0.736334889323897,0.7295880149812735,0.7161300121506683,0.7100751879699249,0.6855134474327629,0.6656189193234546,0.6441008706094266,0.6140223544781536,0.5922038980509745,0.5695652173913044,0.5408026256899896,0.5198496240601503,0.4904089219330855,0.463211200476616,0.4360246579461735,0.41626231436553446,0.3914740318222756,0.3556623610693902,0.3485514940087972,0.3367392937640872,0.32704212592480747,0.31654676258992803,0.3147246729540615,0.31105437068188646,0.31390406800242865,0.32117770138992674,0.3306261075014767,0.33976599301018084,0.36744464392579296,0.3676752767527675,0.39511902979487945,0.408210332103321,0.44023756495916855,0.4594348222424795,0.49776052553000893,0.5301204819277109,0.5362682818732457,0.5707214639268037,0.5953266855186784,0.6333130883692681,0.6486196319018405,0.6684444444444444,0.6885593220338984,0.7066121954909971,0.7152955331628816,0.7291730241074154,0.7380494302205121,0.7411251504211793,0.7441894892672095,0.7402129893505325,0.7334741925747057,0.7348451163480065,0.7124697336561744,0.6847335140018067,0.667314302794799,0.6566749072929543,0.6257249070631971,0.6077348066298343,0.5948999847304932,0.5474317445627025,0.5250710971411465
0.5313064419024683,0.49828178694158076,0.48396630707846905,0.4564422784038989,0.42953422195596824,0.40809368514675365,0.38927180101887926,0.3728864734299517,0.35188290898002744,0.34505032296830407,0.3327914881040343,0.3207174342605259,0.32136982204276954,0.32404338656221754,0.32504548211036993,0.3418663491591011,0.3386586284853052,0.35824703586972834,0.3813841039589,0.39365032046504694,0.42051126909695963,0.4437255492025278,0.4485638921453693,0.49448698315467077,0.5192482570475901,0.5367359229147847,0.5621196378209886,0.6017593558968242,0.6234493192133131,0.6505988466656809,0.6594782084150204,0.6865915158706615,0.6967340590979783,0.7121166109930155,0.730595667870036,0.739401126593537,0.7486255345143555,0.7435089299114513,0.7440458245402473,0.7314112291350531,0.7396248707724118,0.7140709561034275,0.7032752403846154,0.6845797880280639,0.6720557698012459,0.6484386900228485,0.6257434802501144,0.5854320615291811,0.5796053622533515,0.5414978238030917,0.516459074733096,0.4911934406316429,0.47165532879818595,0.45143027413587605,0.4198795180722892,0.39648173207036536,0.3894194330756404,0.34345095693779903,0.338665861756716,0.332933053137196,0.32935560859188545,0.31861292234736216,0.3256445047489824,0.31993424985056784,0.3404255319148936,0.34018916078666867,0.3483195754716981,0.3649962602842184,0.3848699052489096,0.40291623270346677,0.42951372909955515,0.4376564110113352,0.47509578544061304,0.4997036158861885,0.5199264255058247,0.5546552740129641,0.5739222829386764,0.6100060277275468,0.636377313073567,0.6502242152466368,0.6766124171187462,0.6927801078490113,0.7042105263157895,0.7282479141835518,0.7330350484712901,0.7382348519019696,0.74626189397372,0.7545975278866446,0.7362786489746683,0.730752113929684,0.7333233845694672,0.7147368421052631,0.6966717095310136,0.6901135005973715,0.6666666666666666,0.6386756960120391,0.6203410291232835,0.5945378151260504,0.5704194260485651,0.5327570518653321
0.5428745804089106,0.512636458800658,0.4872026498042758,0.4652609223300971,0.4390170360319614,0.430939226519337,0.39978871113794145,0.36896762370189373,0.3629182156133829,0.3616241795145779,0.33890038427431274,0.34310850439882695,0.3268219383921863,0.3296081060944718,0.3326911677534084,0.3450162673765158,0.3459845149536967,0.3607319634018299,0.3826836034457585,0.4071058475203553,0.42810698980345796,0.4549291528489599,0.46829927884615385,0.4943870678042209,0.5221413406126781,0.5567010309278351,0.5766566265060241,0.6023248699908229,0.6312014345487149,0.6365124237464663,0.6668648729002528,0.7020316027088036,0.6944069575648523,0.7187546774434965,0.7264465313541351,0.7442811695197697,0.7567126539089156,0.7511610486891386,0.7467657992565055,0.741296518607443,0.737992565055762,0.7205707491082045,0.7041017103072499,0.6958031400966184,0.6762908646501681,0.6524833434282253,0.6313184340782961,0.6034950286230792,0.5797864340502331,0.54001194386384,0.538127990430622,0.5039976310334616,0.4715447154471545,0.4505269320843091,0.4368802723101968,0.4026916679268108,0.38958680187679734,0.3670228554467201,0.36113201866626526,0.35193916349809884,0.33939213349225267,0.3417989417989418,0.3350391330523781,0.3408394607843137,0.34221813725490197,0.3388043969281735,0.35635981378585374,0.381150587185967,0.3841850619897188,0.41574754901960786,0.43386400833209343,0.4516367945489557,0.48280482358195626,0.5044798785117691,0.5352279455298994,0.56267870579383,0.5817013006428464,0.6062081558125381,0.6338383838383839,0.6592793607718981,0.6792740582583499,0.6957298021127808,0.7165590752139318,0.7298266586969516,0.7342113139778509,0.7492474413004214,0.7433522557514192,0.7493208572290975,0.7467669172932331,0.7423368740515933,0.7325721153846154,0.7178837555886736,0.7014588659948865,0.683725845410628,0.6694380292532718,0.6435150234032916,0.6152932442464737,0.5968485208859818,0.5665870409077336,0.5411782615314356
0.5501186239620404,0.5266298672236313,0.5064759036144578,0.47531692766592093,0.4478344991814258,0.4268093327388914,0.41741787624140564,0.3901391767841279,0.37941488555403974,0.3530554310473629,0.3572830188679245,0.34617107030900135,0.3453042824943651,0.34248013195381616,0.34899628252788106,0.36031841393811953,0.36614410611998793,0.37679842495835225,0.3999102333931777,0.4192434704293005,0.4309905589689795,0.4604185623293904,0.4801768607221813,0.4947400518371703,0.5352967293177445,0.5556743546662594,0.5755298361641364,0.5978423733892718,0.6233962264150943,0.6558451228592703,0.6730569178183979,0.688928465420006,0.7245769057960162,0.7284738041002278,0.7328009828009828,0.7561524609843937,0.7431988041853512,0.7523116568137032,0.7493249324932493,0.7493245271690183,0.7410633823971162,0.7323498419388831,0.7120465741155396,0.6993375489310448,0.6893321245089151,0.667721996080205,0.6378893256728152,0.6124758076522256,0.5831087151841868,0.5567748818777626,0.5392819588403185,0.5152746425884124,0.4895690574082534,0.46193122090403965,0.43568840579710144,0.41843345111896346,0.4025644848665573,0.3865814696485623,0.37936244145641335,0.3570121951219512,0.3482022974787409,0.34130205984062545,0.35401243707432634,0.35428745804089107,0.3564773068830778,0.36234939759036144,0.37008815180038845,0.3814664867296446,0.4107116216619424,0.4178678678678679,0.4474858673013984,0.467005076142132,0.4926426426426426,0.5157127675724913,0.5441132189099669,0.5745574557455746,0.5960284528749259,0.620994309673555,0.6338112305854241,0.6682867557715675,0.6808955223880597,0.7084402838592783,0.7230111467399603,0.7415662650602409,0.7530370370370371,0.7444527177959791,0.7468065693430657,0.7658837699488106,0.7449664429530202,0.7407407407407407,0.7354712436013249,0.7326940365597843,0.7070631970260223,0.6990657022302592,0.6630780894617134,0.6590493601462523,0.625019046167911,0.5926987479257807,0.5757756563245824,0.5554892601431981
0.5628431518029381,0.536399041342121,0.5085261875761267,0.49229607250755286,0.47017650639074865,0.44407696933253155,0.42145476772616136,0.4023952095808383,0.3845448992058644,0.3738095238095238,0.37713154689403167,0.36623298938238374,0.3580616212982351,0.3691707902234218,0.36642572650833455,0.37223369725582767,0.38913690476190477,0.37472085752568113,0.40860857868778955,0.4303272619576485,0.4434422593523584,0.4658132530120482,0.48107945122870494,0.5116065974343311,0.5359312490739369,0.5693672027656697,0.6017522287119582,0.5997354108481552,0.6474637139009427,0.6702255639097744,0.6858646396725625,0.7066586682663467,0.7117416239058255,0.7382190942472461,0.7386260921964447,0.7547198308412626,0.7567769956567321,0.7615024890632072,0.7531183449954366,0.7501469723691946,0.7542908762420958,0.7323773584905661,0.7264727815063385,0.7092273068267066,0.6824334374535178,0.6664130269365394,0.659009009009009,0.6279314491882141,0.59446326019732,0.5764354958985831,0.5421398684997011,0.5356129610273257,0.49148677409546976,0.4724158836010912,0.452089552238806,0.4276305942224218,0.41677984004828733,0.3923878568192116,0.39644970414201186,0.37575483091787437,0.3669501822600243,0.3581416328371673,0.36058349794864003,0.3565997566909976,0.3627920910724985,0.37359170797656605,0.3871654501216545,0.3985529092553512,0.414039262343843,0.4328025003720792,0.4789803220035778,0.46482069904675444,0.5154376498800959,0.5219885277246654,0.5501323140252867,0.5857952849895554,0.6162384065683443,0.6233766233766234,0.6514697060587883,0.6677996157824738,0.6875657795820177,0.7049006220603854,0.7257006559332141,0.7322503008423586,0.7539516850581569,0.7510466507177034,0.7501134472848283,0.7559462254395036,0.7579011038862846,0.7499241734910524,0.7512144854997792,0.728899492991351,0.7149012033873124,0.7050634847789506,0.6726618705035972,0.6505861136158702,0.6354590682948892,0.6085663295657346,0.5927370948379351,0.5711703569814731
0.5719838540888025,0.5591947115384616,0.526674570243035,0.4826817303404192,0.4711188709442747,0.46160754378087115,0.4335843373493976,0.4244593586875466,0.396309963099631,0.3945176434953809,0.3737928985291933,0.37577405225796706,0.3764303759845445,0.3671093866587077,0.3897897897897898,0.38969041178238656,0.39645858343337337,0.40184723647559006,0.4137318733353063,0.4404348482560773,0.45651524208009564,0.47102859709537354,0.5039624302905782,0.535449421536636,0.5518334087822544,0.5758636432810835,0.5924156464616304,0.6286133528980191,0.6569386539606908,0.6678258240096765,0.6985150742462877,0.7078219724974124,0.7221058929105594,0.7402422611036339,0.7506016847172082,0.7555092316855271,0.7636118194090296,0.7633313361294188,0.752204453743835,0.7611127910492894,0.7522798624607565,0.7477614205494005,0.736407329528387,0.7072099363829143,0.7056289915342344,0.6779736999402272,0.6560326579981857,0.6333383077152663,0.6089791080160024,0.5915082771305947,0.5690582959641256,0.534162444342085,0.5048048048048048,0.4922750681611633,0.4534371327849589,0.4407114624505929,0.42553823311061617,0.4264795607077486,0.39805108519120036,0.38467228880011833,0.37456629959269877,0.37900436155812905,0.37620772946859904,0.37929993964996983,0.3811761139739315,0.3836347465164542,0.38467363319703163,0.4252719415884369,0.43522297808012095,0.4456213635685514,0.46800841093421447,0.49085815393689175,0.514031382015691,0.5352852852852853,0.5720858895705522,0.5790419161676646,0.6219951923076923,0.6441197954711468,0.6483231707317073,0.6746171967020024,0.7027987561083963,0.7171794090770637,0.7302352769253252,0.7491808162049449,0.7547655068078669,0.7588173495422482,0.7566747572815534,0.7597295266716755,0.7604306864064603,0.7557217651458489,0.7431372549019608,0.7379599162428956,0.7192776391131992,0.7061285500747384,0.683697932274498,0.6625386996904025,0.6356196994494867,0.6191698113207548,0.5978048413772366,0.5611967361740707
0.5780039495670667,0.5541800397371236,0.5494723963908854,0.5105517033463973,0.48756367995205274,0.4761549925484352,0.44588217384685647,0.43108901943063715,0.42452118835771374,0.41183379826750843,0.40279429250891796,0.38960448552811033,0.3901090691767518,0.3822341857335128,0.38933691756272404,0.3958333333333333,0.4179240969364426,0.42167948138097394,0.4386356866249628,0.45381764269829505,0.47683963647024336,0.4882907542579075,0.5035928143712575,0.5305911838419578,0.5688265153777247,0.5884137094328177,0.6160407002843035,0.6375018856539448,0.6491788321167883,0.6797744472473661,0.7005291005291006,0.7046413502109705,0.731067382230173,0.7442031112415615,0.7564272072866167,0.7610137026668631,0.7720533173580949,0.7603128354546849,0.7682338758288125,0.7584752147054392,0.752562008020199,0.7400760456273764,0.7302228203977867,0.7177186311787073,0.7117293233082707,0.6869806094182825,0.6550311124601609,0.6304445442299057,0.6041666666666666,0.5937177407462026,0.5739235170129479,0.5441198501872659,0.5176646706586826,0.5046784494281895,0.4755012814714307,0.46531354135110575,0.4463052739826649,0.4270302667066227,0.4082760681207051,0.4025679758308157,0.3952851711026616,0.38181270701595904,0.386481289750037,0.3816360101689846,0.3992959902050811,0.40828053631943423,0.4158489443948855,0.42136274361686055,0.4567128594844285,0.463622754491018,0.48926085024440824,0.49353131431931785,0.5338704864219636,0.5456826568265682,0.5741074107410741,0.6053965414430531,0.6041165865384616,0.6524844248594438,0.67188676404156,0.6880761674474838,0.7115441393563625,0.7306942570100465,0.7369366671657434,0.7444628597257797,0.7572962346892484,0.7649624060150376,0.7716232227488151,0.7657442034405385,0.7624044371158747,0.7535838237513204,0.7447636146020347,0.7434769417475728,0.7263878326996198,0.7112958290040077,0.6952538299789727,0.664739004717699,0.6567931086595133,0.6315946794201166,0.6071481757259866,0.5809722636444975
0.598740440845704,0.5511355202612439,0.54911457545028,0.5178888231815494,0.5133244007741551,0.48096313017306247,0.46046863189720333,0.44980521426430925,0.42451420029895365,0.42924672156145166,0.4151000150398556,0.41237113402061853,0.40954773869346733,0.40242261103633914,0.42024448419797256,0.42565947242206237,0.4214553638409602,0.44415820578875587,0.4435133921891366,0.47237610420721665,0.49637305699481865,0.5096330275229358,0.5278703423205089,0.5387077110637001,0.5716816772478961,0.6018794749403341,0.6259541984732825,0.6392433568533253,0.6636377404210207,0.6878440708227942,0.7096334444107846,0.7168023686158401,0.7360155548908166,0.7477889600487954,0.7595196250732279,0.7681509433962264,0.7666417352281226,0.7713119709794438,0.7788259958071279,0.7745762711864407,0.7529588014981273,0.7553440702781845,0.7463443748134885,0.7146943691659139,0.7165856622114216,0.6826923076923077,0.6658144081816815,0.653474185389079,0.627123695976155,0.601779252110977,0.5710900473933649,0.5466406718656269,0.5432117003988772,0.5102923627684964,0.4939117199391172,0.47415865384615385,0.4544781643227239,0.43012331180270114,0.42749585905737086,0.4213190412386482,0.4081601927130382,0.41498252545205894,0.40093982113081705,0.41001228501228504,0.41969465648854964,0.42807962879808414,0.433323299217339,0.44579043004239854,0.46466007786762503,0.4798994974874372,0.5040390184423106,0.5291666666666667,0.5398297354819094,0.5635292340232664,0.5868916094356524,0.6067365269461078,0.6311719214753123,0.65142598460842,0.6796757730411288,0.693931787981692,0.7136892335222189,0.7288594643394523,0.7381058248110272,0.7344073307715046,0.7662978468899522,0.7564648615759051,0.7757530120481928,0.7774762550881954,0.7724639833655131,0.7745638884747279,0.7688281477173597,0.7483373639661427,0.7396187379932023,0.718564650059312,0.7018549238425577,0.6834695731153497,0.6647693229478729,0.6473220945845144,0.6189839572192514,0.5946907904493549
0.599637407463363,0.5834958739684921,0.5567041198501873,0.5331811263318113,0.5223993925588458,0.5125243737813109,0.4907920347357389,0.46682750301568154,0.4489795918367347,0.4442815249266862,0.43358913813459266,0.4246846025231798,0.4183472327520849,0.4237415477084899,0.4321509433962264,0.4370870870870871,0.4392787960065564,0.4559988047213507,0.4657975460122699,0.4930048661800487,0.5022328073831498,0.5207581227436823,0.5475870312266548,0.5697726259473919,0.5906774580335732,0.6070033062819357,0.6310477886613238,0.6437090041741205,0.6814703675918979,0.6923309178743962,0.7209058188362327,0.7314277207086497,0.7533686601059804,0.7603167351911071,0.7700332627759299,0.7638370878711025,0.7805609719514024,0.7712359550561798,0.780636322119044,0.7679160419790105,0.7769083124169497,0.7574235485300636,0.7503394177100619,0.738192243850913,0.7100197059269365,0.703283401422303,0.6797147625549993,0.6649143887053169,0.6344215435534828,0.6170025003677011,0.5946998053600838,0.5674585387718512,0.5517967222973988,0.5233560090702948,0.5072265327856382,0.4851203828323613,0.4744790093627303,0.4656579142560451,0.4477365017295834,0.4354740987579521,0.43213799364502953,0.4280806572068708,0.42633829818610824,0.440077996100195,0.4281217208814271,0.43546185348096467,0.4609571788413098,0.47765446910617876,0.4698866146370196,0.48654675189534713,0.5066427825048515,0.5304583835946924,0.5563239588135853,0.5723971673949073,0.6037878787878788,0.6182955899880811,0.6384300651613881,0.6536189069423929,0.6833056854169809,0.6987643158529234,0.7209441290708096,0.7329368029739777,0.7470753739078928,0.7566924449732302,0.7594730609828301,0.7821229050279329,0.7769017374799241,0.7859396124380351,0.7796304641730509,0.773655192966771,0.7699062360470308,0.7564064362336115,0.7453378171812901,0.7272175890826383,0.7039640987284966,0.6870093319508221,0.6632328435085593,0.6449209245742092,0.6233629384314315,0.6006331976481231
0.6187396600992631,0.588436385255648,0.5705021866988388,0.558076634109692,0.5414012738853503,0.5199940316323486,0.5047904191616767,0.48638595447106087,0.473644578313253,0.45398122918558886,0.45382189517945637,0.4394752534287418,0.4502968488354392,0.4500896592946802,0.44360675512665865,0.4527736131934033,0.46568332329921736,0.47561336092225837,0.48097502972651607,0.49667573284980354,0.5200243642454698,0.5298941404502758,0.5631363014739401,0.5885218450296849,0.5922994977933344,0.6248874211948364,0.645180998930808,0.6726094003241491,0.6954057279236276,0.6979555290255186,0.7145040501299098,0.7474553768992477,0.7467785436020378,0.7604010775217,0.768681652490887,0.7825118764845606,0.7863170584689572,0.7868088942307693,0.7794318699680997,0.7877507919746568,0.7726938355156687,0.7638448770182587,0.7569811320754717,0.7438281011886619,0.7237232779097387,0.7120411160058737,0.6882100092109303,0.6619632832650584,0.6565687319226671,0.6231489876095497,0.6044417767106842,0.5783694344163658,0.5708685162846804,0.542121801586114,0.5105118829981719,0.5071915215745647,0.4943586698337292,0.48229954614220877,0.4699355225671015,0.4572284644194757,0.4458665863574763,0.4518796992481203,0.44829683698296835,0.44314868804664725,0.4449326303456356,0.4481475970837673,0.46232303242502665,0.4792115799199261,0.4878490566037736,0.50584182144997,0.5140782454060462,0.5455650060753341,0.5633207547169812,0.5940325497287523,0.6127313101406365,0.6300978179082016,0.6496978851963746,0.6728971962616822,0.6942588092345079,0.7138839550029603,0.7342383107088989,0.7403477748305335,0.7578351933955053,0.7763725636066061,0.7747681436773148,0.7797725912627169,0.7920433996383364,0.7897443654515202,0.7804472650347537,0.7836815016651529,0.7645823961613435,0.7642706131078224,0.7512055455093429,0.7427398509958948,0.722833260008799,0.7031063321385902,0.6845759130697253,0.656320626789212,0.6427073974243785,0.6115470022205773
0.6372635933806147,0.5956963176238824,0.5786491725063366,0.5660740740740741,0.5329034149201232,0.5351190476190476,0.5128944174757282,0.5034954633348208,0.4878121284185494,0.4809745826440066,0.4706319702602231,0.4686307433979545,0.4684003628666465,0.4566071968551557,0.4737777777777778,0.4697376267143709,0.49751018560434584,0.4840745192307692,0.500377586467301,0.517027395186923,0.5286885245901639,0.5567103479439675,0.5783914290025652,0.5874062968515742,0.6177623642943305,0.6309506043874049,0.6540861812778603,0.6852698993595608,0.6865342163355408,0.7145003756574004,0.7372065021071643,0.736226801110624,0.75550195960205,0.7695324283559578,0.784707324547962,0.8012110471126864,0.791785339529306,0.7973234200743494,0.7839440474380417,0.7933796856106409,0.7710071513706794,0.7633198259042473,0.7697269726972698,0.7458377882999847,0.7217999391912435,0.7204003079291763,0.6931564037572685,0.6848376526660709,0.6662656038502031,0.6359035427210479,0.6252050708426548,0.5965824665676077,0.5791628753412192,0.5517241379310345,0.5465829220876327,0.5158635139179887,0.49954860066205237,0.49395587790873374,0.5018126888217522,0.47567729381829066,0.4603030303030303,0.46926713947990545,0.4664688427299703,0.46276037764124084,0.4624773960216998,0.47692076379491805,0.48924973688167195,0.4927105028265397,0.5154733009708737,0.5185353306097745,0.5449775112443778,0.5657524091919941,0.5845715143328831,0.604191616766467,0.6209629186602871,0.6434463794683777,0.6734477000151814,0.6863851196828785,0.7060414788097386,0.7188201826620751,0.7426526572255215,0.749512816669165,0.7684714328447503,0.770381679389313,0.789442021356595,0.7833001988071571,0.8007159904534606,0.7884701996697192,0.7881079478054567,0.7881907645722938,0.7731284236153378,0.7639780018331805,0.7500373747944387,0.7496954933008526,0.7359517505148573,0.7078158133898819,0.6865580758106257,0.6691242852843816,0.644969512195122,0.6342613722805416
0.6416245165129426,0.6168112473825905,0.5980789434188803,0.580338266384778,0.5620339994035193,0.5490870996707573,0.5278369333738971,0.5227615315043714,0.48903011045543954,0.4946284691136974,0.4850361197110423,0.4903932752927049,0.4785439479135839,0.4703217036701405,0.48938366263639044,0.4908144519289651,0.4993340239751369,0.5160627842159308,0.5046854082998661,0.5315804935370153,0.5478234212139792,0.5708257986738999,0.5981392557022809,0.6143653064297545,0.6186479475049596,0.6554307116104869,0.664015606242497,0.6851343101343101,0.7093661867299985,0.7205097806757558,0.7411399881866509,0.761203007518797,0.7623762376237624,0.7811035525321239,0.7874251497005988,0.7933772849865148,0.8027859237536656,0.7962336324849199,0.797281147296086,0.7943615257048093,0.7962877741984967,0.7761983970966279,0.775494901019796,0.7670825906120023,0.7442278860569715,0.7215074920538822,0.7084832134292566,0.6920124021851469,0.6688272535423575,0.6400719856028795,0.6278824415975885,0.6142944224321853,0.5968105912441704,0.5773257553096022,0.559780119102153,0.5218815123548676,0.5260124150162577,0.4968229954614221,0.5012213740458016,0.49843353722213934,0.478875334721809,0.4818835264779228,0.4950779948508254,0.4872365687147521,0.4956428680629873,0.4867676304115037,0.5076370170709793,0.5202913631633714,0.5259975816203144,0.5454959053685169,0.5587786259541985,0.5732718894009217,0.5874221479568585,0.612932195779075,0.6373461422996097,0.6607936037903465,0.6756715738351798,0.6948328267477204,0.7080717488789238,0.7329239065308568,0.7444191343963553,0.7561517936554996,0.7720588235294118,0.7835977252319665,0.7851498434471448,0.7944634618246763,0.7990040742417384,0.7911297572670063,0.7853929214157168,0.7945410917816437,0.7859933874361287,0.7749060856498873,0.7658303464755077,0.7519356307879156,0.7348450491307634,0.7112707678491244,0.7044977511244378,0.6811680572109654,0.6579705748521159,0.6356390977443609
0.6485291876238378,0.6434371770264284,0.620274137671336,0.6011438892233594,0.5830335731414868,0.5701430889511727,0.5523395320935813,0.5248281130634072,0.5300044451029782,0.5215757029018193,0.5060402684563758,0.5106090673179667,0.5015019525382998,0.5105554723761042,0.5048212431390001,0.5120544298180743,0.5169567827130852,0.5262531607913135,0.5421156472909394,0.5447517097829319,0.580338266384778,0.5781065088757397,0.6125592417061612,0.6238038277511961,0.6404579002861877,0.6607704991755359,0.6792032109409841,0.6879940343027592,0.7112088578795692,0.7385185185185185,0.745462934481698,0.7635125129572042,0.7787923416789396,0.7770429159318049,0.7926646706586826,0.8135822918235206,0.8141881864054615,0.8047274917193616,0.8054885404101327,0.8013605442176871,0.7972750411738284,0.7889221556886228,0.7769611519424029,0.768276070833964,0.7486808382330771,0.7271643570257785,0.7212772306774097,0.7012304921968787,0.6857314870559904,0.6656118143459916,0.6565263000149858,0.6279964486534477,0.6041511124384052,0.5788514129443938,0.566464339908953,0.5396373445227034,0.5471019919125356,0.5365122207227471,0.525974025974026,0.5120912547528517,0.5070719229611796,0.5055689343768814,0.5097835754521197,0.5105396920316938,0.4983328281297363,0.5156529516994633,0.528116990803558,0.5354330708661418,0.5421851289833081,0.5639262726740784,0.5788836787172894,0.5881116781747223,0.6204215876812678,0.6283519132268756,0.6565868263473054,0.6673349784083898,0.6949357520786092,0.7062046497852806,0.734590065828845,0.7337005061030069,0.7574593796159528,0.7761216276643315,0.7848539596507076,0.7987393726180005,0.795297993411201,0.7970863683662851,0.7984917043740574,0.8098355663824605,0.8109318996415771,0.7984984984984985,0.7872114216281896,0.7780830280830281,0.7741692978499474,0.767715948082948,0.7433654558932543,0.7337827715355805,0.718819188191882,0.699144272631737,0.6768839712918661,0.6547280083920276
0.6681118253849604,0.6612121212121213,0.6325706594885598,0.6100460692524893,0.5965073529411765,0.5846937247266737,0.5641255605381166,0.5486121644168057,0.5424612634088201,0.527313769751693,0.5402315914489311,0.533134328358209,0.5242469879518072,0.5106569343065693,0.5284528301886793,0.5373067107040985,0.5392246642246642,0.551452784503632,0.5577269993986771,0.5682226211849192,0.5939918070095584,0.6041379310344828,0.6192138412505691,0.6292690233672859,0.6356497258853163,0.6687916975537435,0.6822600243013366,0.7017886667668721,0.7243251394963053,0.7419546196055168,0.7564553990610329,0.7813705132008306,0.7874720357941835,0.7924839047761641,0.8053892215568862,0.8046011805660663,0.8182919442761962,0.8079130172153428,0.821636119803308,0.8053509694874492,0.8064898503481998,0.7949727437916414,0.7785234899328859,0.767726526347216,0.7612139156180607,0.7473875511131304,0.7231927710843373,0.7082519164286788,0.6943735933983496,0.6749774707119255,0.6627767803710353,0.6440575321725965,0.622644309244695,0.6098214285714286,0.5967310549777117,0.5843646242076668,0.5595255744996294,0.556424251364508,0.55020261143629,0.5376423605975448,0.5321309487723552,0.5276972379063024,0.520131225767969,0.5278195488721804,0.5235674676524954,0.5306702573309395,0.5429747028345017,0.5493297183310739,0.5692757188989697,0.583712465878071,0.5899594168044491,0.6121896162528216,0.6241691842900302,0.6491837968561064,0.661660777385159,0.6881278538812785,0.6987066431510875,0.7195084951456311,0.7373321123321124,0.7477043504440765,0.7671046669687358,0.7809966976883819,0.7946547884187083,0.7954476936991257,0.8039932937052279,0.8134878819810326,0.8117893476959904,0.8075815011372252,0.8149423566402156,0.8069883527454242,0.8042520880789673,0.7891776865785074,0.7799730579254602,0.7700657391836111,0.754962962962963,0.7320872274143302,0.7210073895340069,0.696604110813226,0.6865127582017011,0.6710028739978823
0.6872187218721872,0.6665167191482981,0.659375,0.6404409543944428,0.6132430398796087,0.5971514242878561,0.5914204289785511,0.5726092089728453,0.5732694036559784,0.5600545950864422,0.5503607937462417,0.5421163069544365,0.5379901960784313,0.5343614313519988,0.5551057130004499,0.5572280178837556,0.558160237388724,0.5736762481089259,0.5681954436450839,0.587905604719764,0.6072538860103627,0.6133768352365416,0.6268050541516246,0.655703393631335,0.6696134252322445,0.6923869827713149,0.7081577363034317,0.7322527390064536,0.7461687248921292,0.755913660555884,0.7661758143685855,0.787354607813898,0.7930673838338562,0.803603335318642,0.8055227406969876,0.8106847253574115,0.8203409587643887,0.8195579775961247,0.8288939051918736,0.8063063063063063,0.8087181832037799,0.8021742459041494,0.7980339588918678,0.7815253722272866,0.7727134609541173,0.7577519379844961,0.7389846013111755,0.7230039767513001,0.7074644907827138,0.6900697639899065,0.6821933962264151,0.6545239152969051,0.6485594237695078,0.6215647995194473,0.6140140739631681,0.59745377387087,0.5876071589712739,0.5663120035965833,0.5674397990840597,0.5514074966129761,0.5475473969304845,0.5491157675731907,0.5468607825295724,0.5510789195714502,0.5358580587445952,0.5505195000752898,0.5537078651685393,0.5766289385133069,0.577477753912243,0.6022438294689604,0.6149859321782911,0.6280487804878049,0.648619957537155,0.655884995507637,0.6778889899909009,0.690472572557362,0.7138162808065721,0.7315741583257507,0.7438212224359924,0.7617274758004468,0.7691963620098404,0.7967834059822636,0.7949201741654572,0.8059812527897634,0.815322700849605,0.8193226489265195,0.8222613286405631,0.8231919069907897,0.8206402572723286,0.8111229296459505,0.8043912175648703,0.8019682059046177,0.792719614921781,0.7726388265229756,0.7591583409022101,0.7448663022603044,0.7386638452237001,0.7241741741741742,0.6952904471846679,0.6803863298662705
0.6946063050948752,0.6820262885836657,0.6639369123445557,0.6485148514851485,0.6285252643948296,0.6183206106870229,0.6149653851819119,0.5863717872086073,0.5892015209125475,0.5785098987456552,0.5797381731627492,0.5646402172273345,0.5712995030868845,0.5675270108043218,0.5748835811927294,0.5698860227954409,0.575,0.590785498489426,0.595292331055429,0.6095564155998809,0.6144596422666466,0.6310079855356335,0.6536279486413855,0.6757669161896375,0.6828537170263789,0.7037596255473351,0.7158952496954933,0.7277811366384522,0.7511716461628588,0.7576576576576577,0.7718301435406698,0.7974816369359916,0.7951608055305079,0.812125748502994,0.8226982002082404,0.8164737712310236,0.8256593652212785,0.8255937074572682,0.8386275097392868,0.8267459138187221,0.8180859080633007,0.8050492978786974,0.8045700541190619,0.787593423019432,0.7902519993964087,0.771628878281623,0.7532214563979622,0.722488038277512,0.7192517307409044,0.7117480220928497,0.6899543378995434,0.669338980487067,0.6529508935275566,0.6451855190025537,0.6308161708619374,0.5983923786841322,0.6003686069728152,0.5908953873982514,0.5883402736466389,0.5783060027079886,0.571817769032844,0.5772296585952775,0.5613533834586466,0.5605047126786257,0.5717710518429727,0.5780373123009253,0.5853658536585366,0.589480141082656,0.5976077968103958,0.6125018965255652,0.6251126464403725,0.6507134363852557,0.6616586538461539,0.6779788838612368,0.6908169350029815,0.713861680023746,0.7146521804738192,0.7388830663272945,0.7579771222155328,0.772157632492828,0.7897675822517356,0.790105169604503,0.8058737151248164,0.8126016861411034,0.8160902026512266,0.8147817016838027,0.8273146084113538,0.8229291716686674,0.8284823284823285,0.8100516246583662,0.8061178587494376,0.7976618705035972,0.8026335478078707,0.7887449754354623,0.7704747774480712,0.7525788608162655,0.7585634525426287,0.7317815305035752,0.7120770128354725,0.7023560990158068
0.7064234248045378,0.6915319590686638,0.6880400181900864,0.6622761580583099,0.6615733736762481,0.6366991437850605,0.6257467144563919,0.6058989180376464,0.601147342995169,0.5984101280730163,0.5930111524163568,0.5885731559854898,0.5955535252017664,0.582819316985106,0.5915871121718377,0.5955106288092761,0.5866785608088017,0.6000590318772137,0.6173492519268551,0.631210949122285,0.6384921219260786,0.6549421193232413,0.6693548387096774,0.6818113660218923,0.6950267788829381,0.7128043282236249,0.7298712960191559,0.7437050359712231,0.7582781456953642,0.7626686656671664,0.7877052885339761,0.7996166322618696,0.8087423541697747,0.8103041039267789,0.8237766436505554,0.8209718670076727,0.8320564818987531,0.8296139927623642,0.8382488479262673,0.831810693425191,0.8332824893227577,0.8078629340676151,0.815187969924812,0.8007783265978147,0.7824095281722401,0.7850566037735849,0.7591623036649214,0.7545672356993112,0.7220899077106282,0.707605800532702,0.7139874739039666,0.6883428228948157,0.6753753753753754,0.6620990814636349,0.648345065149019,0.6311500150920616,0.6203127372096554,0.6091866320769114,0.6088709677419355,0.5976119402985075,0.5897592197500762,0.5856579745300182,0.5719188301999403,0.5823749066467513,0.5913317336532693,0.6118401431553833,0.6084758364312267,0.6096980514651197,0.6182478438492964,0.6408929627439385,0.6368092691622104,0.6555873063618589,0.6772334293948127,0.6985228951255539,0.7155840286054828,0.727868352887399,0.7312566804092228,0.7487797437461867,0.7714456213635685,0.7836169251618732,0.8015420200462606,0.8008493190803925,0.8224368499257058,0.8135490700136095,0.8293236495687698,0.8333333333333334,0.8347970926711085,0.8363447867298578,0.8338061818724802,0.8250500076934913,0.8272930648769575,0.8190206876023218,0.8061759856093539,0.7945847829375283,0.7908671723932769,0.7642226954669912,0.7504509921828022,0.7425574579669906,0.7368343195266273,0.7125093632958801
0.7319975896354324,0.7088948787061995,0.6915116976604679,0.6775528299098567,0.6748842073808456,0.6585514303104077,0.6537515375153752,0.6342959748615891,0.6318393044521061,0.6155110579796772,0.6244404655326768,0.6121545274087647,0.6196484903109509,0.6096609660966097,0.6086628433444008,0.6130250831066788,0.6270497969008575,0.6344201784066441,0.6393613846612951,0.6505896583005746,0.6656127672387835,0.6741775574583145,0.6925409338993329,0.6988097031791473,0.7208168241389821,0.7281844035324053,0.7488694603557431,0.7461286480047647,0.7667765128819652,0.7894500224786453,0.7913818722139673,0.8044910179640719,0.8118826925999089,0.8198386614878996,0.8371919342793129,0.8349085365853659,0.8352392416491122,0.8414452075246343,0.8396269683534627,0.8391755679253798,0.8381572965600849,0.8308103294746215,0.8222691611345806,0.8061852574688485,0.804318689501117,0.7943126565492854,0.7800507690010452,0.7641397690257625,0.749925705794948,0.7400181488203267,0.7147531231409875,0.7101150103214391,0.693145710394916,0.6676593210244193,0.6703001343885322,0.6521674803965084,0.6324811585636175,0.6296574519230769,0.6294385432473445,0.6263048016701461,0.6083531510107015,0.598589389757743,0.6094008109325725,0.6067585997878466,0.6125670041691483,0.611764705882353,0.6285459676221595,0.646864190103775,0.6416816277678037,0.6478325859491779,0.6587812546788442,0.6715945089757128,0.6892942583732058,0.7090386940749698,0.7315733251945674,0.7377938517179023,0.7567932742831407,0.7704256908140403,0.7745112450389534,0.7941398580274883,0.7996668685645063,0.8140936485859991,0.8207477464164327,0.8232292917166867,0.838109305760709,0.8439228584242787,0.8432029228193028,0.8432980468167586,0.8375978326309452,0.8369740507257001,0.8276272700208396,0.8224745965331739,0.8201214994814047,0.8021652083642296,0.787350219930229,0.7852491291837044,0.7724460540214275,0.7523549073230021,0.7361935189411227,0.7213649851632048
0.7385057471264368,0.7184305472038485,0.7129823511815734,0.7112920247248605,0.6848004782543715,0.6739357729648991,0.6632805497460412,0.6612974730308852,0.6401090578612542,0.6411102775693923,0.6319674600783368,0.6279957258433827,0.6228284059737885,0.6274864376130199,0.6325588322907357,0.6288150807899462,0.6384197828709288,0.6455002284148013,0.6550399054093999,0.6692997113777913,0.6702388242498469,0.6752996892111884,0.7017648818426563,0.7159879336349925,0.7221718088324259,0.7312673450508789,0.7578502415458938,0.7665012780033078,0.779226618705036,0.8021729289271163,0.8125560538116592,0.8148932949901619,0.8133472367049009,0.8315029336542801,0.8425351686582968,0.8523276904474002,0.8505885904014489,0.8509464897898346,0.8429089809495011,0.8413311543604219,0.8408715251690458,0.8332579526609377,0.8275758486031841,0.8225394440270474,0.8127045522166022,0.7998808814770697,0.7879018741429225,0.7742082825822169,0.7546345139412208,0.745594215996385,0.7386927122464313,0.7170068027210884,0.7029985007496252,0.6817704426106527,0.6773996642759041,0.6798635824436536,0.6540298507462686,0.650137741046832,0.6481234238243584,0.6347721098702083,0.6434769371289389,0.6307646533769712,0.629546137661557,0.640419559757719,0.6325328500226551,0.6288737717309146,0.6532245884307506,0.6499562809676479,0.6599756690997567,0.6675230466978993,0.6758998666864168,0.696793437733035,0.7197404165408995,0.7239591276498398,0.7369989569363731,0.7428441617446615,0.7641466032817053,0.7811845647621897,0.7911987860394537,0.803552451798998,0.8127186977027233,0.8157577583609521,0.8308943089430895,0.840276755483586,0.8438690022848438,0.8423525845081098,0.8516475324288058,0.8489314664701547,0.8456082100814971,0.8402269672987905,0.8263165836728534,0.8372727272727273,0.8302875973636908,0.8128216438759006,0.8099581339712919,0.7860541183467142,0.7843344400845156,0.7636823319452707,0.7451617668784163,0.7295315072593923
0.7504890895410082,0.7481655415321398,0.7250641315829184,0.7170783452038187,0.7009429726088909,0.7005455962587686,0.6830922242314648,0.6747881355932204,0.6597969389301409,0.6594170064944872,0.6569212410501193,0.6539455678880949,0.6570999248685199,0.6444309375474851,0.653212396069539,0.6655203349282297,0.6591788158286225,0.66473016358355,0.6742469879518073,0.6984710379300206,0.6939298087061304,0.7107153546842263,0.7188470066518847,0.7320125130344108,0.7471488595438175,0.7570290181927529,0.7720309419080843,0.7785133915136925,0.7957559681697612,0.8091414453366276,0.8186186186186186,0.8260021017865186,0.8351498637602179,0.8454558976647331,0.8559831629585087,0.8500379075056861,0.8510194969489507,0.8513595166163141,0.8522145224465201,0.8488668767822303,0.8491176470588235,0.8452326815219039,0.8413610251878038,0.8334810874704491,0.8176779026217228,0.8151993980436418,0.7977544689023489,0.7910514541387025,0.7754545454545455,0.757852228537242,0.7522576760987357,0.7373450798865163,0.7223808808056515,0.714498362607919,0.6945432977461448,0.693222891566265,0.6812509397083145,0.6645315060330702,0.6631627056672761,0.6677277550401698,0.6623492630638678,0.6411518949567293,0.6605712558561282,0.6593260419745788,0.6500970294073742,0.6597441685477803,0.6720142602495544,0.6769526059353315,0.6840851570641655,0.6967399545109931,0.7037710131758291,0.7118207961253217,0.7292008961911874,0.7298261257244761,0.7514115898959881,0.7745810470117158,0.7756826067280133,0.7916172985781991,0.8072307458605499,0.8090624534207781,0.8145247965607247,0.8335590669676448,0.8371270378345125,0.8378701764881843,0.8366121039195075,0.8519303557910674,0.8616195636257139,0.8605274921770228,0.8547629865212782,0.8515414546542951,0.8426318981200728,0.8511565034544908,0.8368879543406428,0.8309754281459419,0.8214501510574018,0.805103715863304,0.7957692893014762,0.7760495318634854,0.7633644306234266,0.7524410395072856
0.7694277108433735,0.7460890493381468,0.7526929982046678,0.7358826144953312,0.714792899408284,0.7152236982745457,0.6989439238435222,0.6925869894099849,0.6881576997183934,0.6835573940020683,0.6806748004217502,0.6722408026755853,0.6725128515270637,0.6887347308098326,0.6886183631563508,0.6726000304275065,0.6778074866310161,0.6943783462224866,0.7026000584282793,0.7083269671504966,0.7159613956941351,0.7214659685863875,0.7392024078254327,0.753687974966473,0.7498860355569062,0.772207831784245,0.785079125847777,0.7970818291215404,0.8046333185775417,0.8254843517138599,0.8221794492152799,0.8343328335832084,0.8446776611694153,0.8455580865603645,0.8620791060138215,0.8662024003556082,0.861185582365207,0.8672487790439544,0.8582665254878233,0.8582831325301205,0.8608564988730278,0.8589495610772206,0.8563845473311708,0.837427422956677,0.8287516899504281,0.8189616252821671,0.8137386380569215,0.8032159264931087,0.7811897344607625,0.7784647866083547,0.7650208209399167,0.7600120900710292,0.7336598806061534,0.7244595795084394,0.7141771767208631,0.7092081583683263,0.7104990374648305,0.6953841527589836,0.6802220888355343,0.6797701844572119,0.6766349494034134,0.6690109232380668,0.6734878122178755,0.6698226630598136,0.6798126322151707,0.6842582791471344,0.6904726181545386,0.6898869538649557,0.7055814653227019,0.7038259564891223,0.7224924012158055,0.7408353365384616,0.7460701330108828,0.7638910031968336,0.7692651661946639,0.7851885233588703,0.7893317350913994,0.8011608870367615,0.8192789259315131,0.8205632949727438,0.8356102003642987,0.8423348879193621,0.8516306844281121,0.8483618875864142,0.8598145050935077,0.8576818593419862,0.8687050359712231,0.86050344620917,0.8670588235294118,0.8659996968318933,0.8615499254843517,0.8482851580050921,0.8433151845130067,0.8382374685790329,0.8221556886227545,0.8142685129440096,0.8027355623100304,0.8035443804907604,0.7743362831858407,0.7692189421894219
0.7904450066974252,0.7699579831932774,0.7598285545373928,0.7615196826365578,0.7341246290801187,0.726150563852484,0.7307050796057619,0.7207382953181273,0.7023108291798822,0.7025143895789154,0.7007420869301833,0.701133989853775,0.6897341888175985,0.6920534775424365,0.6933668936926266,0.7017334130304842,0.6989295272078502,0.7173586040914561,0.7161407217273139,0.7261729123635291,0.7389287851585876,0.7438533750558785,0.7499256616116563,0.7592732778198334,0.7732375392905254,0.7834355828220859,0.7971805366075488,0.8067853339418835,0.8157657657657658,0.8351270553064275,0.8360065957127867,0.8430406212664278,0.85119855269109,0.8574882877436905,0.8683696468820435,0.8649214659685864,0.8764061358655953,0.8644760751059963,0.8703564445781321,0.8684565771711414,0.8631470284618787,0.8591527987897125,0.8461070559610706,0.8532165508909695,0.8381415122988156,0.8330373001776199,0.8282419886193471,0.806873977086743,0.7966830466830467,0.7914919113241462,0.7749776319713689,0.7726328287325616,0.7626126126126126,0.7349121466768526,0.7378493317132442,0.7324659787647675,0.7269372693726938,0.710960960960961,0.7124980924767282,0.7042915931804821,0.6961647515296224,0.6995890813031993,0.6940538957234915,0.6931295444427956,0.6976500523873672,0.7001365084180191,0.700923263205691,0.71477921297687,0.7079432195711266,0.7283767772511849,0.7305291319857312,0.7435435435435436,0.761384335154827,0.7664806154774476,0.7810065907729179,0.7876845087222305,0.8024217365623154,0.8151849642004774,0.8216731169991068,0.8332837153914856,0.8510380360660706,0.8526015894436947,0.8513167795334838,0.8617412630288167,0.8705530642750373,0.8681401293038641,0.8719914149931013,0.8697722875427891,0.8644986449864499,0.8624480095068331,0.8643967431532198,0.8600614439324117,0.8489497988976612,0.8452150617651436,0.835001516530179,0.8214124378858606,0.8185413005272407,0.804833836858006,0.7897388914338067,0.7895767434854647
0.791098456466357,0.7872853269056945,0.774706494278496,0.7677053824362606,0.7553493939847374,0.7457702582368655,0.7329986307622091,0.7389301634472512,0.7323035392921415,0.7291851851851852,0.7161803713527851,0.7170826483335824,0.7169696969696969,0.7194935936546675,0.7220798794272796,0.7123369809623744,0.7282445046672689,0.7233412322274881,0.729269711958103,0.7419976289270895,0.7582450832072617,0.7637830569251457,0.7698159135858816,0.7770118387531845,0.7931034482758621,0.7993079584775087,0.8092193308550186,0.8214285714285714,0.8236787100627053,0.8433589627619479,0.8478000598623167,0.8484893807956925,0.8670790585395293,0.8642675824996267,0.8756211413943683,0.8706005691178673,0.8720322532477228,0.8766915006842025,0.8781801855731817,0.8772842073986035,0.8715722120658135,0.8663734263612923,0.8590183499925407,0.8546944858420268,0.8463828520392974,0.848471356485604,0.8298755186721992,0.8230114908222653,0.810958904109589,0.8035476718403548,0.7981873111782477,0.7810251798561151,0.7693767333236023,0.761926192619262,0.7580382278856127,0.7470701676309153,0.7371920810034759,0.7273139745916516,0.7279855247285887,0.7200594353640416,0.7188838033367784,0.7210718635809987,0.7116481537075953,0.7137708364619312,0.7225712198685171,0.7320290499481251,0.7262487031273158,0.7267184880353604,0.7437892846453158,0.7461170848267622,0.7530695770804912,0.7560462670872765,0.7754725680036884,0.7711293941660434,0.7988104089219331,0.8005680968754672,0.8117086250558617,0.8290711346266901,0.8320229815542788,0.8405101275318829,0.8479366028708134,0.862880263749438,0.865149917131234,0.8710562414266118,0.8787013377423719,0.8768428890543559,0.875,0.8732605117462218,0.8707382152386599,0.8794788273615635,0.8702313006908982,0.8602673147023087,0.8529545799787331,0.8469557334944856,0.8415556900726392,0.8327520849128127,0.8340393343419062,0.8201384708007224,0.8107903883935318,0.7985729151181805
0.806131650135257,0.7987022785574166,0.789081508515815,0.780484068627451,0.7732566933898049,0.7701882210078932,0.7624475104979004,0.7612303943962235,0.7428918960012164,0.7523413111342352,0.7389989414789052,0.7354466005036291,0.7393054106424206,0.7390269305162922,0.7461234417756157,0.7409295352323838,0.751219512195122,0.7549154092363969,0.7540285801155366,0.76448228675688,0.7672619047619048,0.7815938150460898,0.7770842621489077,0.7984064942874324,0.8023009385407206,0.8106094471762777,0.8238955518445423,0.8339084771192798,0.845438175270108,0.844567329248244,0.8521018717397975,0.8599970180408528,0.8692388530250713,0.8747530019759842,0.8721668177697189,0.877742946708464,0.8897910088708465,0.884109386548411,0.8763658135009729,0.8837555886736215,0.8755822689706987,0.8728864734299517,0.8682985433248236,0.8661393821817639,0.8627508854781583,0.8406410644088298,0.8525575260149494,0.8415753627480012,0.814948764315853,0.8186497123826824,0.8059254825677091,0.7939439818319455,0.7836890243902439,0.7696350803423938,0.7606257378984652,0.7616417910447761,0.7631343283582089,0.7462885985748219,0.7439150317155923,0.744803519951449,0.7313833756155798,0.7388710417622762,0.7384898710865562,0.734023402340234,0.738622754491018,0.7422526817640047,0.7446332737030411,0.7519714328224967,0.7652370203160271,0.7621850007544893,0.7746226274099537,0.7894344127742128,0.7832890463537053,0.792548435171386,0.8135618479880775,0.8203456640388114,0.8305692514567459,0.8357153603129232,0.8433193529059317,0.8554956573824498,0.8535323677209578,0.8732499255287459,0.8754273821911699,0.871947496947497,0.8802153432032301,0.8810096153846154,0.8827001664900863,0.880983944616291,0.8854765506807867,0.879060838747785,0.8818578085074402,0.8753462603878116,0.8665865384615384,0.8586614762689025,0.8591464334187905,0.8479002819409408,0.8415886439142253,0.8306997742663657,0.8219219219219219,0.8230526789734354
0.8251665433012584,0.8149385152573251,0.8076981360812244,0.795058788510195,0.7840232167404918,0.7826542840023967,0.7759014148790506,0.7659606205250596,0.7724189902034665,0.7660695468914647,0.7559281075366259,0.7522949586155003,0.7575984428806708,0.7632689987937273,0.7594303893349492,0.7684964200477327,0.7593093093093093,0.7735150348096578,0.7759939984996249,0.7843520048055264,0.7839218632607062,0.7969337141139335,0.8075766686710764,0.7992706275642,0.8248317127898279,0.8316669153857633,0.8369162342475908,0.8366715758468336,0.8527165932452276,0.8493830875714715,0.8697555086024751,0.8753335309813223,0.8813108945969885,0.8838912133891214,0.8851466708055253,0.888441461595824,0.8863531225905936,0.8856589147286822,0.8907824540604624,0.888124439126533,0.8882025011300286,0.8872180451127819,0.8832737030411449,0.8737109550141982,0.867582666465348,0.8610987047789191,0.8537095088819227,0.8342128408091469,0.8431141256266588,0.8201297721442583,0.8214446613605646,0.806485512685783,0.805005995203837,0.7938424388771507,0.7823617339312406,0.7762940735183796,0.7683374083129584,0.7704843131282364,0.7656897345404328,0.7668479903294046,0.7560329605650382,0.7546746447270007,0.7588148148148148,0.764115620787779,0.7512026458208058,0.7539305843963215,0.7633841049615443,0.7730263157894737,0.7799879445449066,0.780863265922125,0.7903154153709463,0.7979109900090826,0.8114594270286486,0.805689343768814,0.8268799521602631,0.8297589114036386,0.8360728565082186,0.8471720818291215,0.8598031794095382,0.8604686782049319,0.866546438232642,0.8641125411553428,0.8804530843410379,0.8844471262633882,0.8888888888888888,0.8923813800329292,0.8912071535022354,0.8903138201569101,0.890007513148009,0.8937490540336007,0.8861692716012975,0.8845227341162301,0.8708609271523179,0.8711231556760012,0.8632132132132132,0.8539855606306174,0.8426666666666667,0.8408883480377244,0.8376438929585888,0.8231487055990367
0.8395689913199641,0.8377938784563064,0.8332103321033211,0.8170199969929334,0.8117559523809523,0.7960387057756274,0.7930665852168601,0.7911045218680504,0.7831734317343173,0.7889439687546943,0.7789838685361073,0.7750224081266807,0.7761748958953004,0.7768545097446744,0.7773090251619708,0.7913570887035634,0.7801078490113841,0.7846130592503023,0.7900900900900901,0.7966611520529403,0.8060892698788058,0.80622009569378,0.8163854689162486,0.8265671641791045,0.8284499772278731,0.8411729681452813,0.8459006582884501,0.8551263001485884,0.8612099644128114,0.8640660165041261,0.8652173913043478,0.8827565632458234,0.8842765417351053,0.8889548693586699,0.8997467600178758,0.8988730277986476,0.8976424947776783,0.8979988052568698,0.8913010475178381,0.8956586826347306,0.8997314234556849,0.884655454680756,0.8901760192568076,0.8794982828132,0.876293297345929,0.8745508982035928,0.8639846743295019,0.8584017923823749,0.8470309492077596,0.8384476534296029,0.8232003533048726,0.8335854765506808,0.8212962962962963,0.8152769324406574,0.8043609933373713,0.7978802806389014,0.7947877885331348,0.7816691505216096,0.7826216336854634,0.7831812060451893,0.7737475843615281,0.7794073630649506,0.7766756837992185,0.7762376237623763,0.7827209231703613,0.78053988104316,0.7829907655644921,0.7992842230838055,0.7963158689415673,0.797806107322858,0.8164172469995555,0.799850411368736,0.8198224852071005,0.8260544421178582,0.836352657004831,0.8410615774563889,0.8474295190713101,0.8506766917293233,0.8594741613780599,0.8708308952603862,0.8777344920587354,0.8867436910915172,0.8866605894864783,0.8957930726921361,0.8907404723953051,0.8959113374269881,0.8940514945250074,0.8991621783363255,0.8979249313396399,0.8936105630596448,0.8901577761081894,0.8886730424387328,0.8880407124681934,0.8808674985145574,0.8722578719594091,0.861961367013373,0.8564499014703654,0.8563227073576068,0.8513941220798794,0.8357379020138263
0.8502480829950383,0.840496368038741,0.8348227584152517,0.8335590669676448,0.8263660794266945,0.8217148041735974,0.8143523394012336,0.8093935248518012,0.7956106300388176,0.8022488755622189,0.8068165124136918,0.7964399817434962,0.7926267281105991,0.7815699658703071,0.7963383265244364,0.7940867477112412,0.8003007518796993,0.8087595620218989,0.8120492788461539,0.814939537731517,0.8236283050588415,0.813489646772229,0.8284649776453055,0.8399269628727937,0.848994296007205,0.8561757183691892,0.8536476868327402,0.8638588165504968,0.8613728129205922,0.8740829465488845,0.8776508972267537,0.8884934756820878,0.8942576002349831,0.892962308598351,0.8945166591961751,0.8990919742237844,0.9091321439371031,0.9009783575452119,0.8998809878012496,0.9054013727245598,0.8960845615602203,0.8961682945154019,0.8959761549925485,0.8859915100060642,0.8808955223880597,0.8848835484349503,0.871608306806124,0.867913148371532,0.8641083521444696,0.849841221835778,0.8419700861157274,0.8392210144927537,0.8278284262442086,0.8228944968075402,0.8169481302774427,0.815966512184183,0.8112514688601645,0.7972952890474068,0.8025073746312684,0.7979120059656972,0.8009846337460839,0.7947611251674356,0.7896735003796507,0.7890931003314251,0.79596174282678,0.79344409519533,0.8063893016344725,0.8113550340651022,0.8006924582267048,0.8202985074626866,0.8283907872948969,0.8219720024345709,0.8368625111840143,0.8430710510863183,0.8516516516516517,0.8532988750380055,0.86586284853052,0.8742587805990574,0.8754893104486601,0.8889228418640184,0.878174123337364,0.8878420816509646,0.896343306134784,0.8969516728624536,0.8973973221001956,0.9034848484848484,0.9010051781906793,0.9019164025954429,0.8974510092824517,0.8978091236494598,0.898989898989899,0.8983427049422906,0.8915590267347552,0.8859906213364596,0.8840535605599513,0.8777075812274369,0.8699584816132859,0.8652978010776176,0.852041585053488,0.8522552930346732
0.853414852371011,0.8554306007694584,0.8525534171844219,0.8369710467706013,0.8309795673076923,0.8303544831694966,0.833682948756368,0.8262176788935659,0.8192771084337349,0.8194756554307117,0.8205546492659054,0.8110022607385079,0.8189496314496314,0.8086410295694806,0.8073010173548774,0.8200692041522492,0.8138631610397371,0.8172696868349042,0.8190574985180794,0.8286734086853064,0.8265534197586053,0.832663391394968,0.8405644798078367,0.8426531826293873,0.8538681948424068,0.8682934222491664,0.8711985688729875,0.8833181403828624,0.8762683628653642,0.883912522468544,0.8899152029073288,0.8998500749625188,0.8934364104896165,0.906990699069907,0.9011514879617167,0.9067257945306726,0.9092250922509225,0.9106053845009668,0.9080650015046645,0.9073400060661208,0.9039881831610044,0.9016694746515546,0.9036327709378325,0.9003277711561383,0.892644431209053,0.8818615751789977,0.8847973972197575,0.8842654735272185,0.8641130870953032,0.8611490071244505,0.8569526627218935,0.8549767302206875,0.8569467744395303,0.8366462412195487,0.8351403534828457,0.8211829436038515,0.8253992166315155,0.8283559577677225,0.8204511278195489,0.8096442923054026,0.8174310573661702,0.8117242410647525,0.8181549379065641,0.806542750929368,0.8041298817896154,0.8215955361182326,0.8215934475055845,0.8186095931997571,0.8236072321034837,0.8330869308101715,0.8292101341281669,0.8437265214124718,0.8466736747259348,0.8581070946452677,0.8549253731343284,0.873091888656091,0.8706393172630633,0.8761933174224343,0.887662240787707,0.8946423226578869,0.8902133922001472,0.9007530120481928,0.9029862058511444,0.9057806099226218,0.9009227045832703,0.9043219076005962,0.9055729867025251,0.9055748602507931,0.910009044317154,0.9116987897803676,0.9068480861244019,0.901877649909146,0.8932038834951457,0.9050680221258783,0.8895937169611842,0.8840017891754883,0.8792895845875979,0.8685047720042418,0.862580834803057,0.8612665684830634
0.8784538728672807,0.865185407596457,0.863394620878286,0.855247465712582,0.8544131028207461,0.8424038019316266,0.8441773102930128,0.8426966292134831,0.8372865991841668,0.827013857164611,0.8311766476075835,0.8352134146341463,0.8312001204637856,0.8225563909774436,0.8402084884586746,0.8308913308913309,0.8384338433843385,0.8343862815884476,0.8434940855323021,0.8409735702553383,0.841987799434608,0.8454884414615959,0.8592581732883742,0.8541791044776119,0.8653728606356969,0.8749245624622812,0.8818957634867418,0.8809910042766553,0.8878842676311031,0.8900547445255474,0.9055762081784386,0.9039119440725867,0.9036001190121987,0.9089576308459171,0.9173750932140194,0.9191220685508118,0.9153986609860012,0.9172361427486713,0.9200528091535867,0.91579262810908,0.9142466169986316,0.9111682808716707,0.9084433892268883,0.90677338076182,0.8996013583345637,0.892584681110772,0.8915486790249598,0.8845049130763416,0.8798870224468559,0.8813357185450209,0.8704447419306857,0.8627599817822985,0.8650627615062761,0.8595271210013908,0.8534031413612565,0.8480993714456749,0.84200269824614,0.8357228195937874,0.827929422409893,0.829664490663428,0.8309730470534491,0.8395729965418735,0.8270598695909899,0.8268473983384347,0.8290124381837255,0.8381572965600849,0.8360582639714625,0.843740618432903,0.8481848184818482,0.8412289995459361,0.8437078146092696,0.8531805848658426,0.8562481359976141,0.8657027873006409,0.8727079860584938,0.8814903486458178,0.8835758835758836,0.8851851851851852,0.8931935581890003,0.8966979703120267,0.9032209512341962,0.9024833434282253,0.9111306643202816,0.9158313679245284,0.9126443588984305,0.916553493285046,0.9232456140350878,0.9174298153430416,0.9141503848431024,0.9173806609547124,0.9084359051335935,0.9091316694066657,0.9029637430419738,0.89670296430732,0.9053001374675423,0.8998952566212779,0.8868441064638783,0.8855821125674633,0.8773627703009225,0.8716577540106952
0.8813915129704604,0.8759957913723132,0.8771263669501823,0.869480906921241,0.8726975638740344,0.8630836210779163,0.8539749585156132,0.8540167865707434,0.8533333333333334,0.8422874341610234,0.8467404306220095,0.8461538461538461,0.8515992117629225,0.8557837511325883,0.8481887870133774,0.8575236966824644,0.8511976047904192,0.8464086733925613,0.8549480343425214,0.8606224627875507,0.8622862286228623,0.8661112764058316,0.8705404184856239,0.879224876070302,0.881975529692629,0.8847724179646151,0.889754343918514,0.8962906888720666,0.9006782215523738,0.8972882896530828,0.9051840721262209,0.9104635361618602,0.9127337488869101,0.9138111626515039,0.9143758449752141,0.9199054233781587,0.9175469483568075,0.9188214070956103,0.9237714624037893,0.9228286384976526,0.9197910264290104,0.9109072073405358,0.9127795054050052,0.9144401080756529,0.9101527403414196,0.9021461803992196,0.9021690351533284,0.8968058968058968,0.8872862453531598,0.8881034742066476,0.8863704145541307,0.8820817843866171,0.8697225572979493,0.8645864889427446,0.8639026588553402,0.8666167664670659,0.858165548098434,0.85470719051149,0.8500604594921403,0.8432734410388042,0.8449310137972406,0.8476362541403192,0.8524759793052475,0.8392462829383188,0.8489133670735338,0.838773043215473,0.8536837442787539,0.8568682537335502,0.8587987355110642,0.8595547587031227,0.865795010519988,0.870550654091877,0.8753355204294662,0.8755801766731547,0.883495145631068,0.8800489596083231,0.8857272589677615,0.8965569314406524,0.9029009469412295,0.9043076464450738,0.9042457091237579,0.9127924642965664,0.9156519156519156,0.9263141902157399,0.9216885441527446,0.9134399760801316,0.9201743836440168,0.9215085083550514,0.9197642792384406,0.9193742478941035,0.9244151169766047,0.9116639356472516,0.9174598453301607,0.907701619004388,0.9036494121239884,0.9006813020439062,0.8973792697290931,0.8963358778625954,0.8876287121325175,0.8871209846892825
0.8960154051251666,0.8896991795806746,0.8838866151280885,0.8877489438744719,0.8737456941740303,0.8702638950316969,0.8758651820643997,0.8771341463414634,0.8715814506539834,0.8653759567762269,0.8616352201257862,0.8520332442861384,0.8643410852713178,0.8701843801529006,0.8629874908020604,0.8600180234304596,0.8658992375541934,0.8732815301852959,0.8661687826736371,0.8697785045339675,0.8771000454063872,0.8854638863705047,0.889819105994917,0.8870895186684661,0.8913338357196684,0.8909035962526443,0.8974970202622169,0.9011940298507463,0.902622851974676,0.9071310116086235,0.9182380449539901,0.922571982694316,0.9103866565579984,0.9272592592592592,0.9188701923076923,0.9247279773438665,0.9309451219512195,0.9309570166242325,0.9265485385430865,0.925720134522591,0.9234234234234234,0.9246420497362472,0.9178629569335504,0.9190050053086607,0.9177385581812743,0.9127776949455793,0.9075275305475939,0.905640405262362,0.8950401941453057,0.8979197622585439,0.890530358989511,0.8867122247532271,0.8883989660939638,0.8706304152972811,0.8763993252568625,0.8739738522347218,0.8690047961630696,0.8586989409984871,0.8703030303030304,0.8567119155354449,0.8632941884974406,0.865158371040724,0.8638680659670165,0.8606124604012672,0.8619916267942583,0.8608130572767115,0.8596438725123448,0.8690406121247792,0.8744299179081788,0.8725782414307004,0.873771730914588,0.879700397431978,0.8847947059708227,0.890584857186036,0.8913474744391882,0.8985029940119761,0.8939162335677163,0.9058268674882093,0.9064748201438849,0.9115697499246761,0.9101672339795768,0.9211721611721612,0.9177205772950454,0.9260261614794768,0.9238237490664675,0.9285714285714286,0.9297445255474452,0.9265536723163842,0.9293093270365997,0.9263014527845036,0.9285499398315282,0.9272208883553421,0.9226796517633171,0.9172796877345744,0.9110609480812641,0.9125407648977172,0.9030446349394029,0.9022601406975004,0.9025022886786696,0.8887035633055345
0.9051301115241636,0.9095322153574581,0.8985571917298825,0.8836787172893662,0.8873239436619719,0.888656404124944,0.8852483542788749,0.8857142857142857,0.8738901429646351,0.8736360955470363,0.8793768545994065,0.875410325276037,0.8694398056778503,0.8772252915899325,0.8754567600487211,0.8732243775775165,0.8798920377867746,0.8787878787878788,0.8863504074505238,0.8870748299319728,0.8908177249885793,0.8902475395168505,0.8930295715147858,0.8994313079916193,0.90150842945874,0.904207308196244,0.9090217556671231,0.9143553794574825,0.9173141768069198,0.9184971973943342,0.9213907785336357,0.9243597379392495,0.9226038698065097,0.9288049940546967,0.9247182569496619,0.9305099910527885,0.9277827514174873,0.9271273385636692,0.931473248505289,0.9299155430434138,0.9274928987890566,0.9253820797123165,0.9270848708487085,0.9219050436325987,0.9250293427230047,0.9191643960036331,0.9184948202315661,0.9130563359455863,0.9072711215778628,0.9035837456890089,0.9019812304483837,0.8971411730032419,0.8904507257448434,0.8920615936612348,0.8874756845727967,0.8886373924852875,0.8845029239766082,0.8812175204157386,0.8767060964513194,0.8772215639810427,0.884684147794994,0.8771351513335331,0.876831091180867,0.8815037593984962,0.8771377137713772,0.8803236147153106,0.8808390360011901,0.8860549351041352,0.8826857227929135,0.8834893743498291,0.8933293269230769,0.8891548242333582,0.900484701605574,0.9047910607684065,0.9078422684980062,0.9041284403669725,0.9134238310708899,0.9129654553611485,0.918599431393087,0.9139289430652594,0.9258646616541354,0.9211630695443646,0.928635147190009,0.9279577995478523,0.9272371196143416,0.9325025960539979,0.9273164138759573,0.9283333333333333,0.9297703180212014,0.9294187425860023,0.927933293627159,0.9247840333631219,0.9237150051844171,0.9256965944272446,0.9144921126345275,0.9194610778443114,0.9137289900342109,0.9183255269320844,0.9089822149155582,0.90261210931602
0.9134399760801316,0.901602176541717,0.9028503208476347,0.9037713259503143,0.9015466983938132,0.9000738007380074,0.8891207153502235,0.8984421809466746,0.8991061960309044,0.8887058118633913,0.8930239566069007,0.8908124525436598,0.8887411347517731,0.8917400546614029,0.8891080097087378,0.8930947804228893,0.8965827338129496,0.8919902912621359,0.8959867728844131,0.9007543262830943,0.8987303506650545,0.8989021043000915,0.9031136638452237,0.9046383887702166,0.9116376098942035,0.9161261125358274,0.918047604700211,0.9197199880845993,0.9258597588209022,0.9216108207808177,0.9286252070471315,0.9287762185000754,0.9257100149476831,0.9372572452942934,0.9331589654170299,0.9360421369450714,0.9342891278375149,0.9362847741549506,0.935493504554278,0.9349581339712919,0.9355800775424993,0.9307475107742607,0.9288496105452366,0.9269746646795827,0.9273471864098286,0.9261372166341391,0.9247709133904818,0.917070952092177,0.9224459358687547,0.9078014184397163,0.9163388804841149,0.9106229310863677,0.9114391143911439,0.9036559784237339,0.9014458542342874,0.9042521109770808,0.8958206223306895,0.9005466140297601,0.8965830057453885,0.8901131625967837,0.8919650917845321,0.886769785253041,0.8881930655261953,0.889685027616062,0.8926074669046556,0.8880698059274861,0.8913471738142142,0.8995742181764792,0.89736290080911,0.9050736497545008,0.8992880450904776,0.9025563909774436,0.9011705437842643,0.9054878048780488,0.9156769596199525,0.912991478546868,0.9167791273054431,0.92023988005997,0.9206891430268825,0.9263205282112845,0.9291067146282974,0.9280190362879238,0.9289362980769231,0.9305638872225555,0.9328246558946739,0.9304007231093703,0.9334420397272458,0.9365875239640171,0.9344188150158299,0.9306634787806336,0.9330463182897862,0.9333926717104287,0.9280434454668879,0.9324863347614123,0.9269132844091658,0.9247104247104247,0.9185005311883442,0.9140237486848038,0.9136690647482014,0.9100841576849255
0.9243635287152161,0.9205108940646131,0.9174588803380112,0.9195419617296972,0.9123148286697591,0.91121704156115,0.9111678941830753,0.903694730466384,0.9040745752518419,0.9050929424210368,0.9057309591500823,0.9050221565731167,0.8950127302680845,0.8998208420424008,0.902420911926333,0.9067357512953368,0.9047967241883592,0.9051789219386984,0.9050489826676714,0.9053166069295101,0.9074680154715858,0.9164656212303981,0.9172145845786013,0.9184159595057317,0.9234800838574424,0.9221988585160709,0.9202628042407048,0.923863289594141,0.9311009038376056,0.9311372782829036,0.9320243938717835,0.9327932793279328,0.933952214274844,0.936986301369863,0.9406616229046135,0.9368671828469327,0.9380635624538064,0.9402827918170878,0.936384096024006,0.939125206673681,0.9403863567763356,0.9415135929463629,0.9315985130111524,0.9365466748017084,0.9326251896813353,0.9303057553956835,0.9244309559939302,0.9234016887816646,0.925597474823388,0.9202009753214128,0.91404833836858,0.9179070816418584,0.9151799213788933,0.9189762229289716,0.9136316337148803,0.9059803179409538,0.9043711770848873,0.9070188679245283,0.9005622965374371,0.9105580693815988,0.8990756175178057,0.8981829103468989,0.8995965934558494,0.9043055145974639,0.9060756821950852,0.9051347688601115,0.9038925769462884,0.9110740796848962,0.9078651685393259,0.9069386539606908,0.9151396815860618,0.9114832535885168,0.9147540983606557,0.917262969588551,0.92109303039607,0.9240958475963685,0.9269127716582316,0.9261483038126689,0.9301671844947478,0.9302290762090133,0.9347270266205444,0.9344384707287933,0.9361389052383755,0.9363458940099084,0.9349032548372581,0.9378261517817206,0.9411676646706587,0.9412554048009543,0.9359737939249553,0.938236182422229,0.9395124887150166,0.9400970579314528,0.9361540794661813,0.9355465829220876,0.9303694980126601,0.9240468327829481,0.921886735766862,0.9194651268804133,0.9176382660687593,0.9230425055928412
0.9304996271439224,0.9250746268656717,0.9166041697915104,0.9252171352863242,0.9202790973871734,0.9185976527234426,0.9172455451525219,0.9116022099447514,0.921036769138035,0.9087458244761616,0.9120648259303722,0.9145848915482423,0.9152593486127865,0.9133893725607926,0.9183458646616541,0.9129840546697039,0.9097980553477936,0.9142038600723763,0.9169592428636849,0.9167551175132677,0.9184911242603551,0.9232043366962807,0.9182200841852075,0.9203807221634688,0.9243572596225293,0.9337697929354446,0.9297452133273029,0.9301530688066577,0.935064935064935,0.9369099355612168,0.9389232393304178,0.9386068476977568,0.9403052064631957,0.9428528797373918,0.9397264392003607,0.9461573168897579,0.9428699284009546,0.9451869650097612,0.9375659779822048,0.9408748114630467,0.9457224477522177,0.9418951132300357,0.9357089829250186,0.9417332150251405,0.9343381584838084,0.9407429245283019,0.9323086018326929,0.9361319340329836,0.9259537398618204,0.9304073350368255,0.9277392714938799,0.9234042553191489,0.9275491949910555,0.9225594259231574,0.9215802762512996,0.9200899550224888,0.9136594094840441,0.9134995439343265,0.9153001353994283,0.9118391660461653,0.9132964794879255,0.9168831168831169,0.9088297550650136,0.9094476305463326,0.9156929448306463,0.9172424151396816,0.9132722080264543,0.9199760227783605,0.9211276053381316,0.9199334039654912,0.9234586466165413,0.9247391952309985,0.9226145755071374,0.9200825715128281,0.926829268292683,0.9306332174701526,0.9329014345210551,0.9361027190332326,0.9387475239981715,0.9339280314484427,0.940859410091331,0.9425426029256523,0.9415992812219227,0.9417949108639342,0.9450449079007459,0.9466845878136201,0.9405764966740576,0.9430967355495657,0.942230183609494,0.9452818812179681,0.9418604651162791,0.9406310752205772,0.9400479616306955,0.933552336867254,0.9391789918502867,0.9339466143869702,0.9349257387842597,0.9327969006109372,0.923007923456421,0.9330575980392157
0.9363047733775034,0.9358821779232371,0.9263675659561783,0.9280024049301068,0.9264419475655431,0.9254247481581717,0.9219101967262352,0.933037037037037,0.9247653648198607,0.9167043911272069,0.927328714395689,0.923262839879154,0.9217206262349901,0.9264297206377066,0.9233119462267033,0.9264357608052102,0.9170992139997034,0.9216793893129771,0.9266027561414021,0.9211960524377669,0.9233791748526523,0.924947463224257,0.924846854923054,0.9340543788493315,0.9305824519588858,0.936043923430776,0.934364104896165,0.9388407120036513,0.942026825633383,0.947014811421591,0.9448573127229488,0.9432054713053821,0.9491000295072293,0.9450301204819277,0.9455915599095704,0.9446107784431138,0.9484939759036145,0.9483948394839484,0.9494449444944495,0.9476833384473765,0.945823927765237,0.9433162892622352,0.9408301886792453,0.9433990895295903,0.9417232221894364,0.9428010866284334,0.9381829067504864,0.9385779122541603,0.9354265402843602,0.933471625425989,0.9307796712411401,0.9308707906838748,0.933445790522926,0.9291848726834413,0.9255109765329296,0.9238179931821551,0.9285821907488323,0.9221109283898938,0.9180892482779275,0.9242221229715647,0.9229493365500603,0.9189762229289716,0.9175923146202342,0.9259755734286566,0.9311808397756556,0.9266259860098229,0.9260257562144355,0.9227636144214814,0.923274818401937,0.9249779346866726,0.9275210084033614,0.9307437518819632,0.9326077232741912,0.9387785136129507,0.9308542413381123,0.9336256425763532,0.9372738238841978,0.9389130109297799,0.9417490266546871,0.9401296938621626,0.9405610310841547,0.9449404761904762,0.9476253883710608,0.9493633402428191,0.9482423335826478,0.9437781109445277,0.948538186157518,0.9513040856324438,0.9426664644319733,0.9469133929925678,0.940552016985138,0.941711389385808,0.9421613394216134,0.9370265854745284,0.9414251207729468,0.943030303030303,0.9396266184884071,0.9385050625372245,0.9360447535530693,0.9362693521719525
0.9443622373483279,0.9351390922401172,0.9445597391046546,0.9361123697326688,0.9326894053727739,0.9350196910027264,0.9341415955695255,0.9353986198796065,0.9290235081374322,0.9321070734260506,0.9324671400513673,0.9328358208955224,0.9361022364217252,0.934713133465226,0.9270817926342257,0.9318249479011611,0.9312240047534165,0.9365478479514865,0.9359687359086126,0.9344311377245509,0.9382808971850067,0.9358644683103917,0.9370503597122302,0.9373111782477341,0.9406741573033708,0.9455600178491744,0.9442955019362526,0.9431766661629137,0.9446190690016465,0.9454763331336129,0.9512702421631258,0.9479742861414262,0.949177438307873,0.9501864280387771,0.9443530291697831,0.9476649369903632,0.9489538507196913,0.9494964677589057,0.950095126591541,0.9485554245283019,0.9484984984984985,0.953405017921147,0.9449418084153984,0.9449554896142434,0.9478976234003657,0.9506340579710145,0.9435265845599279,0.9445360515664818,0.939791760977818,0.9437076333628058,0.9423562620710147,0.9402182035570169,0.9448686621869273,0.9382419233658903,0.9347761194029851,0.929443286692468,0.933831217326363,0.9353099730458221,0.934921816827997,0.9303625377643504,0.9380451127819549,0.9278703152885187,0.930834448906738,0.9330637915543576,0.9293111211166142,0.9382991376746952,0.9242944602060624,0.9319442362464398,0.9392174432497014,0.9363403228239553,0.9390536088649296,0.9323017408123792,0.9382532361255765,0.937867591615141,0.942514788411952,0.9415750639963861,0.9399880275366657,0.9467925659472423,0.9472287735849056,0.9470088065593684,0.9462659380692168,0.9479043683589138,0.9485609308022045,0.9475257886081626,0.9513432835820895,0.9446510935872638,0.951060606060606,0.954614681693573,0.9464418916902879,0.9450242540055858,0.944647201946472,0.9494637872778022,0.9466666666666667,0.9469448584202682,0.945035195447057,0.941026026778998,0.9447115384615384,0.938180169286578,0.9475872308834447,0.9438783045340422
0.9428823789194759,0.9452892069171139,0.9437566865352285,0.9451973194341028,0.9374441465594281,0.9445446348061316,0.9347923849497827,0.9375472554060185,0.9405253837072018,0.9401885680612846,0.9370243247276526,0.940282948622487,0.9414326475446764,0.9374135014608642,0.938700823421775,0.9441282204913122,0.9409855414576571,0.9367720465890182,0.9407834801093228,0.9439809296781884,0.944,0.9477814669483852,0.945031712473573,0.9468259895444362,0.9395620875824835,0.946897462226786,0.9425355450236966,0.9452780229479258,0.944218914448955,0.9472635290510502,0.94851070199072,0.9495709769682372,0.9499695863746959,0.9509484291641968,0.9502099580083984,0.9474481296380434,0.947399970028473,0.94984419053272,0.9515961395694135,0.9519029068025172,0.9505601194921584,0.9477299880525687,0.9500880798590722,0.9532861774241085,0.9501397264303574,0.9425066509015667,0.9517980107115531,0.9425115723458265,0.9463774664859166,0.9429130893206809,0.9396243291592129,0.9477791116446579,0.9385332131048993,0.9429166047272187,0.9456878543718293,0.9467960023515579,0.9440108075652958,0.9455578821417888,0.9391530347041737,0.9411404983947409,0.940112659353691,0.9381364949080407,0.9365318092946308,0.9401451027811366,0.9434994823250998,0.9426790329937662,0.9394923258559622,0.9403914590747331,0.9427246896964259,0.942684766214178,0.9421265141318977,0.942429737080689,0.9391097216019056,0.946262383668568,0.9432570740517761,0.9432773109243697,0.9443939393939393,0.9485535341485237,0.946252612720215,0.9528819762122598,0.9553243574051408,0.9525464712105184,0.9547090581883624,0.958154028787654,0.9469155607408488,0.9491322561340515,0.9507729251088098,0.9493115448630656,0.9522868864914147,0.9488379112586779,0.9517470881863561,0.9542934212498126,0.9497976921924172,0.954648184420672,0.9484232242852932,0.9445862742153477,0.9457329765090693,0.9465982802836024,0.9393939393939394,0.9439834024896265
0.948753250726633,0.947693699125716,0.951788730231844,0.9471484025082114,0.9428571428571428,0.9440214957456337,0.9461584996975196,0.9511937141130251,0.947569550596148,0.9467384799521245,0.9497539883703593,0.9438403098465664,0.9437013082463619,0.9510844485463775,0.9423506628928944,0.9408626733729615,0.9477424130273872,0.9484926526283897,0.946607849102525,0.9473048467461875,0.9486030180785896,0.9453632604843473,0.9492424242424242,0.9519964768056371,0.9507202426080363,0.9479427813006931,0.9468801436480623,0.950694755714926,0.9495985727029438,0.9548883524441762,0.9560024191109767,0.9464468116153509,0.9518235029266097,0.9576082106202588,0.9524024702515439,0.95176752546435,0.9494210847044485,0.9581458145814582,0.9553969669937555,0.9569974168059565,0.9524456521739131,0.9536333231985406,0.9485578352661315,0.9515820456217807,0.9541672969293602,0.9543630147168128,0.9527501462843768,0.9483273596176822,0.949992468745293,0.9451182534869618,0.948565482384421,0.9527953975512613,0.9489750112225048,0.9477104427988514,0.9517694490070181,0.951171875,0.9445457307809176,0.948861065017348,0.946566037735849,0.945487310406968,0.9416604338070307,0.9471484025082114,0.95002965599051,0.9478609625668449,0.9458521870286576,0.9484489734751985,0.9435215946843853,0.9507345303457486,0.945751249632461,0.9501273026808447,0.9442691903259727,0.9454491107457779,0.9502888415931894,0.9475689681450998,0.948725592487703,0.9484308236334168,0.9513878239533814,0.9519117647058823,0.9550136322326568,0.9539844583269846,0.9583894626552911,0.9586134767667712,0.9555822328931572,0.9541077339753236,0.9520434323631428,0.9522008773256694,0.9519245169986521,0.9518557162021165,0.9576561801103325,0.9567966280295047,0.952710843373494,0.9517334130304842,0.9531990521327014,0.9531413221907178,0.9540178571428571,0.9483350754068987,0.9461797917583223,0.949793875147232,0.9545182525433872,0.9479303788211204
0.9494531480934082,0.9473204797328071,0.9505181725295577,0.947908802657406,0.953113334328804,0.9513595166163142,0.9520262216924911,0.9471378945778584,0.9492082461906185,0.953941541186891,0.9462730627306273,0.9507564520913675,0.9504860267314702,0.9540593462870914,0.9470588235294117,0.9493595472147751,0.9466128308658591,0.9529359031824294,0.9491676575505351,0.9466019417475728,0.949692145967863,0.9484843959982081,0.9478234943351223,0.953984962406015,0.9566840926064227,0.9513348588863463,0.951194337953406,0.9587998208687863,0.9563844187095804,0.9565348172657543,0.9560042187735422,0.9537900874635569,0.9561989606533037,0.9563844187095804,0.9556457675537513,0.9572143832498862,0.9526009837531674,0.9584333733493398,0.9525249470819473,0.955034359127577,0.9560917128727708,0.9621791985592075,0.9545043687857788,0.954647507858105,0.9573225516621743,0.9539093398235473,0.9585500152951973,0.9560174725109203,0.9499167801482826,0.95483288166215,0.9511278195488722,0.9543973941368078,0.9499701314217444,0.9521252796420582,0.9511533242876526,0.9510562332639095,0.9513962264150944,0.9465352449223416,0.947736748064324,0.9551779698256921,0.9508101007152241,0.9531457197583616,0.9467526623668816,0.9499847514486124,0.9478337754199824,0.9503331314354937,0.9497036924479563,0.9530993278566094,0.9486213650745818,0.9555386949924127,0.9533532041728763,0.9525745257452575,0.9535131839658588,0.9481999088561446,0.9574468085106383,0.953508900985729,0.9539355992844365,0.9528558476881233,0.9535858661476269,0.9535973397823458,0.9556047197640118,0.958910227780259,0.9597014925373134,0.9558125741399762,0.9510694403750366,0.9582587954680978,0.9536473035210221,0.9543337839867808,0.9550007474958888,0.9514489455317857,0.952213427147464,0.9532668551867838,0.9540657053664338,0.9546285018270402,0.9561390422199015,0.9560455607476636,0.9546342196184467,0.9556505083247385,0.9549266247379455,0.9507125890736342
0.9505039867609448,0.9529680365296803,0.9575037147102526,0.9544710608540395,0.9540110135436821,0.9552306300874284,0.9547980177203784,0.9552643470402169,0.9520886360233568,0.9547572523673531,0.9532181168057211,0.9501048846269105,0.9547381168634574,0.9495973754846406,0.9555987442069068,0.9561890472618154,0.9482171918922918,0.9505634861006762,0.9527677496991577,0.9540402523280265,0.9579552329098608,0.9526965953600482,0.9513148009015777,0.9522737505628095,0.9558651026392961,0.9515340151178302,0.9543944427665358,0.950650923402967,0.953300404131118,0.9599880113891803,0.9517655897821187,0.9547074547074547,0.9570887035633056,0.9536610723303134,0.9594895385071969,0.9570867331520096,0.9528160575194727,0.9581664441477525,0.9594023543616058,0.9547209026128266,0.960702727693019,0.9549411944402016,0.9566596194503171,0.9581760531481202,0.9550193625260649,0.955608520780575,0.9536748329621381,0.9579155271953813,0.9513334337803224,0.9575202641849294,0.9566011877569667,0.951721054984354,0.9546674619743514,0.9536817102137767,0.9544150943396227,0.9540731817497364,0.9564954682779456,0.9540924192086983,0.9485054749926014,0.9506624029237094,0.9546067415730337,0.953712052900511,0.9541710348959114,0.9568663313519281,0.952997173880708,0.9544219740416541,0.955694275274056,0.9564821834723275,0.954085485576197,0.9517458414506219,0.9552150854449027,0.9511974694984184,0.9572224732640457,0.9496557000765111,0.9551901025950513,0.9596859429261664,0.9563914281432639,0.9550916191048363,0.9576711491442543,0.9568377336102046,0.9585531273549359,0.9557616296746732,0.9517498138495905,0.9568106312292359,0.9582164476598258,0.9547484370348318,0.9526492082825823,0.9552485358161886,0.9595288432497735,0.9596700274977086,0.9547436475717938,0.9545932942414674,0.9558441558441558,0.9537192607301054,0.9546410333433464,0.9549071618037135,0.9543337839867808,0.9489965293496303,0.9514157973174366,0.9579137231324215
0.9613086345981476,0.9567026194144839,0.9590054758028711,0.9557508939213349,0.9573994359507199,0.9600303951367781,0.9581676240978053,0.9591023180274619,0.9550662103853593,0.9538167377555523,0.9570932164979604,0.9517982390687957,0.9526073391769425,0.9540700318326512,0.9562734785875282,0.9538484894489145,0.9494256303147844,0.9545454545454546,0.9577570655441973,0.9598501872659176,0.9569973029667366,0.956818519068111,0.9565928348446558,0.9526165841955315,0.9570247933884297,0.955287654509385,0.9564896755162242,0.9555391432791728,0.952735947517519,0.962227238525207,0.9563918757467145,0.9543605964753727,0.9557761732851986,0.9594246782740348,0.9550511793502447,0.9593276301966082,0.9559277214631996,0.9572307692307692,0.9599644128113879,0.9578008915304607,0.954628224582701,0.9565152196731144,0.9572072072072072,0.9588857440786533,0.9574594674996282,0.9573885253386091,0.9556782569765706,0.9547723491151112,0.9590274651058082,0.9542692190823457,0.9537382480226831,0.9527547169811321,0.9553774013008622,0.9566982408660352,0.9559109251233,0.9539704313366865,0.9547410595043775,0.953896490184414,0.9556517843810661,0.9531692766592096,0.9557535263548627,0.9571385902031063,0.9519331243469175,0.9571513884741714,0.9508562918838421,0.9576078728236185,0.9563858291158083,0.9570986289252543,0.9553466509988249,0.9562638991845812,0.9572649572649573,0.9505731725472681,0.9525101763907734,0.9549429376018972,0.9556914814262271,0.9544833864360491,0.9559398496240602,0.958578099111312,0.9603622327790974,0.9526557183015238,0.9566066066066066,0.9574209245742092,0.9555146494861175,0.9603067207938656,0.958175481133505,0.9581239530988275,0.9548805662046594,0.9542375432786392,0.9557938023204582,0.9543311726576311,0.9591527987897126,0.957187922487607,0.9537709290265225,0.9620291160138076,0.95364336492891,0.9497668822379305,0.9584664536741214,0.9616021683481404,0.9554074074074074,0.9604654632254215
0.9535232383808095,0.9547158494526916,0.9551833408782254,0.9607072691552063,0.9570118743424019,0.9572471324296142,0.9592603728202045,0.9593908629441624,0.9562974203338391,0.9600538599640933,0.9540678474932452,0.9612903225806452,0.9540367109386658,0.9527641186112353,0.9569406805179163,0.9550578463363987,0.9566835367668949,0.9530120481927711,0.9531366971103459,0.9531485387164809,0.952076677316294,0.954566037735849,0.9563384522734116,0.9541055718475073,0.9579410871545703,0.958692691783931,0.9554140127388535,0.9581902344333284,0.9634237745465447,0.9536453645364537,0.955649419218585,0.9561901913875598,0.9600296076980015,0.9621695533272562,0.9605322170728061,0.9506700044176115,0.9603557431413928,0.9568516589793186,0.9591474245115453,0.9583582983822648,0.9547101449275363,0.9526016746411483,0.960354407568704,0.9529110877087408,0.9576452599388379,0.9600059692583196,0.9617289509230077,0.956875753920386,0.9559550561797753,0.9554232612167852,0.9556737588652482,0.9562417678911166,0.9569650622282201,0.9594794439514936,0.9575528700906344,0.9568257829127395,0.9575380973516793,0.9570412948116775,0.9579945799457995,0.9531843745250038,0.9591745177209511,0.953212910867634,0.9555785123966942,0.9606028950902851,0.9580091029217442,0.9518327779460769,0.9561933534743202,0.9595209217707702,0.9602510460251046,0.9532224532224532,0.9513537637607855,0.956298975286317,0.9572457245724573,0.9537789822342668,0.9574207382447542,0.9591194968553459,0.9559776873209709,0.9560238204306001,0.959994073196029,0.9610683567224989,0.96229216152019,0.9618637780086067,0.9626380275298745,0.9577358490566038,0.9622980251346499,0.9561561561561561,0.9605088004733028,0.9571972581873572,0.9519782543038356,0.9584193453258626,0.9519173157579389,0.9577314885206021,0.9545661063153112,0.9582705634227177,0.963356266826204,0.9553853086976115,0.9582230067666961,0.9595914075409343,0.9561019761653341,0.9601433049708912
