0.9548375252432532,0.9573692840225906,0.955042092065198,0.9559599636032757,0.9551681195516812,0.9593936112615051,0.9559479222400571,0.957563563197366,0.955120213713268,0.9558717579250721,0.957721246864923,0.9584077115315959,0.9584750313227134,0.9531845400108874,0.9548294947330834,0.953756201275691,0.9573699421965318,0.9581537356321839,0.9542363536114685,0.9579288025889967,0.956270328876039,0.9595756356319737,0.9558586039834919,0.9551805479949192,0.9565681737273051,0.9550742795775908,0.9528649027510075,0.9584158415841584,0.9522196469958994,0.9538679914833215,0.9553012694439478,0.9573671066714234,0.9606313176095053,0.9584693507435619,0.9578258498454827,0.9538930749910298,0.9554175041110908,0.9503127792672028,0.9566929133858267,0.9578571428571429,0.9544706527701591,0.9539402662828356,0.9503911806543386,0.9579936192839419,0.9549023187876575,0.9550501432664756,0.9549597855227882,0.9569058781103498,0.9556847075917181,0.9529390221571141,0.9544561528844436,0.9532828282828283,0.955158585490339,0.9583776124690047,0.960372534696859,0.9560185185185185,0.9567272727272728,0.9604407514450867,0.9566936208445642,0.9594498035012504,0.9587155963302753,0.9640365002683843,0.958160504959423,0.9578585639356122,0.9621701420926371,0.9527259554428545,0.9584750313227134,0.954851629346441,0.9569305999623848,0.9623801772472418,0.9537102473498233,0.9582661651441877,0.9538572458543619,0.962291515591008,0.9537360014686984,0.9619446467589221,0.9569074778200254,0.9562351217725691,0.9588001445608962,0.9567470956210903,0.954068007833363,0.9503830718715797,0.9546257062146892,0.9524152847873107,0.9529644981077672,0.9579982126899017,0.9570049189287666,0.954865499187579,0.9613249776186213,0.9514771709937332,0.9565984474241355,0.9547648846772752,0.9516129032258065,0.9560085836909872,0.9552347889640052,0.9546200109349371,0.9625562556255626,0.9518745493871665,0.9580742583052052,0.9548144163528779
0.9595089776474899,0.9580506961799358,0.9550788412174551,0.9608624750860664,0.9593262856118975,0.9617641828205584,0.9584966156038476,0.9613810286527852,0.9533807829181494,0.952223447262036,0.9579982126899017,0.960042621204049,0.9645377239008504,0.9529411764705882,0.9607807369573148,0.9589141599413059,0.9580468887713731,0.9570574379416561,0.9566484517304189,0.9541349389056136,0.9595736861447997,0.9542704626334519,0.9565836298932384,0.956350626118068,0.9513503845465927,0.9526594772436483,0.956388538475401,0.9557647894830343,0.9602051644853201,0.9571660943430327,0.954319232136509,0.95759209344115,0.9507168458781362,0.9528666901160746,0.9558168537324069,0.9546530686578036,0.958062183658713,0.9544235924932976,0.9557135046473483,0.9557650471356055,0.9581993569131833,0.9572680135884141,0.9576661144855513,0.9569951007076756,0.957046503372382,0.9567036565399308,0.9558608058608059,0.960934712807706,0.9535564088498811,0.9531502423263328,0.9631244323342416,0.9529582051745974,0.9584299732381802,0.9619771863117871,0.9572153734590283,0.9524663677130045,0.9528710725893824,0.9578626501703424,0.9632113084450888,0.9586540182566673,0.9610200364298725,0.9608125112349452,0.9557951482479784,0.9594353109363831,0.9583557709567403,0.9611320078810676,0.9573159703382167,0.9568527918781726,0.9596759992956506,0.9588351608844149,0.953779227841218,0.9570340826686005,0.9573595004460304,0.9651574106827026,0.957577955039884,0.9633291389538019,0.9552882025498294,0.9567868029406491,0.9609834313201496,0.9504560901448756,0.9556686046511628,0.9474820143884892,0.9521158129175946,0.9529667149059334,0.9545291800930898,0.9513258897418004,0.9522012578616352,0.9542764927380312,0.9545291800930898,0.9542134331017281,0.9597340229035833,0.9576776994031471,0.9532676812891674,0.9557392102846648,0.9536375297782664,0.9531221719457014,0.9613773000546547,0.9581370061616528,0.9578324062443926,0.957847533632287
0.9548804601833543,0.9493945418398698,0.9562152133580705,0.9554848966613673,0.9587318455543747,0.9549745824255628,0.9542459736456809,0.9589189189189189,0.9564674397859054,0.9538883806038426,0.9569779643231899,0.9535714285714286,0.9572972972972973,0.9597160603371784,0.9581863091037403,0.9592343140730237,0.9552756480467324,0.9595194085027726,0.9551479934628655,0.9600145401672119,0.9560780025514853,0.9624505928853755,0.9596412556053812,0.9575004502070953,0.9562899786780383,0.9554027851225101,0.9534925480337583,0.9509821589475581,0.9595229490422841,0.9533169533169533,0.95544466227054,0.9582137733142038,0.9564425004556224,0.9514580369843528,0.9543590657871278,0.9505306709839899,0.9541674367030124,0.9508644222020018,0.958939421837599,0.9530474840538625,0.9540871444004321,0.9540331102500881,0.9509682003908332,0.9518093873163741,0.9546994827893704,0.95395323933607,0.9480924431401321,0.9546263345195729,0.9501529602303401,0.9529347628566237,0.9544321822712709,0.9547390841320553,0.9510240427426536,0.9572356549981956,0.9606598984771574,0.9589311334289814,0.9592599181640278,0.9557474365893146,0.9575735692363242,0.9579741379310345,0.9570069520673253,0.9557962009586366,0.9540871444004321,0.9596888260254597,0.9612241349330551,0.9586095681777459,0.9567596187786799,0.9568240029271863,0.9572664665371711,0.9550681054307447,0.9541711421410669,0.9542471746263216,0.9567696835908757,0.9563420768954366,0.9520028870443883,0.9565772669220945,0.9573776413220155,0.9556350626118068,0.9523038156947444,0.9503025857326243,0.956665442526625,0.9488595866001426,0.9546509551865738,0.9529454678095933,0.9561658785012732,0.9574698143809696,0.9548940832724616,0.9571687840290382,0.9573280518545193,0.9532131804114328,0.9583926031294452,0.9509474057021428,0.9499186403905261,0.9603017783366266,0.9590474472307414,0.9509769094138544,0.955021676300578,0.9511747430249633,0.9531305270604882,0.9570164348925411
0.9435294117647058,0.9532163742690059,0.9548063127690101,0.954183266932271,0.9491618075801749,0.9553052325581395,0.9520523065746458,0.9543885153552608,0.9624664879356568,0.9611929572403881,0.9539026629935721,0.95858310626703,0.9548752433197664,0.9554049232964681,0.9512020093290277,0.9555792466240227,0.9551214361140443,0.9536036833717018,0.9564495294334748,0.9594521535411786,0.9576690489279824,0.9562421861046615,0.9557971014492753,0.9566443426154388,0.9458638556369484,0.9518544935805991,0.9503968253968254,0.948699805413055,0.9549114331723028,0.9539045553145337,0.9500459136822773,0.9501084598698482,0.9498315901435915,0.9534473637806383,0.9539509048557606,0.9508489722966935,0.951353328456474,0.9531899512018797,0.9492477795903571,0.9527272727272728,0.9521065898451566,0.9486410165901871,0.9514965741074648,0.9498006524102935,0.9461649261793302,0.951390134529148,0.9467837305142448,0.9538294405214557,0.9546344066892012,0.9530850675428989,0.9521487901769592,0.9570987093255772,0.953912886318453,0.9572695035460993,0.95907279971025,0.9532334672999635,0.955757026291931,0.9562277580071175,0.9516246805403432,0.9544633176725695,0.9551504102096627,0.9513034033309197,0.9506507592190889,0.9528081823075543,0.9539391783745331,0.9562899786780383,0.9572421165152325,0.9558342420937841,0.9500358166189111,0.9540291089811856,0.9471180237877401,0.9542693819221151,0.9566152742918609,0.9531778529464127,0.9516761768901569,0.9523218716767103,0.954087939254812,0.9520043142189466,0.9507415254237288,0.945950864422202,0.9420753375977257,0.9572695035460993,0.9480404327008335,0.9547128129602357,0.9535631362743348,0.9508952313419606,0.9552816901408451,0.9479978256930603,0.9493513417451572,0.9482078853046595,0.9455499276410999,0.948058950395399,0.948722594672948,0.9504310344827587,0.9513523006673692,0.9504738065438941,0.953799500535141,0.9535925461386848,0.9535430224150397,0.9583259127337489
0.9557426984411396,0.9564984845783562,0.9515865820489574,0.9523809523809523,0.9535465427907808,0.9508404120730164,0.9509057971014493,0.9546424759871932,0.9574311926605504,0.9505165851005981,0.9535299374441466,0.9549775784753364,0.9477982954545454,0.9520572450805009,0.9573417944650097,0.9523721617131253,0.9485553206483439,0.9498364231188658,0.9512108262108262,0.9507630813953488,0.9547756874095513,0.9512552684625252,0.9544231114301095,0.949146385760988,0.9535417770711888,0.948940793047257,0.9446962828649139,0.9481157837247406,0.9463000553607677,0.9496325506363148,0.9460596087036022,0.9506285297868464,0.9447774750227066,0.9484647153887592,0.9453139053786652,0.9464317494216052,0.9393993885991728,0.947606142728094,0.9500626454268838,0.9487317862924987,0.9447819871336669,0.9395109395109396,0.9444343562738333,0.9473684210526315,0.9479580773400795,0.9431143114311431,0.9463123644251626,0.9440993788819876,0.9508577555396712,0.9443028758645795,0.9438710845554952,0.9508406432748538,0.9515552377547373,0.950278226530246,0.9495111111111111,0.9548611111111112,0.9572510822510822,0.9519333096842852,0.9538159771754636,0.9516304347826087,0.956959706959707,0.9538930749910298,0.9545942080800858,0.9541217327728021,0.9550763701707098,0.9565294221593921,0.9527827648114902,0.9501450326323423,0.9499001633690325,0.9514650368506201,0.9499463711119056,0.945093871767623,0.9497267759562842,0.9505772005772006,0.9538657913931436,0.9479601087941977,0.9437275985663083,0.9489376896982682,0.9522281639928699,0.9402047046148321,0.9492222420883247,0.9402745587448743,0.9453981008035062,0.947727680977187,0.9409842019248229,0.9491586108127461,0.9438363538489144,0.9419770773638968,0.9476950354609929,0.9489575844716032,0.9462115796997855,0.9447841726618705,0.9447063089195069,0.9467771639042357,0.9478214093598709,0.9469058295964126,0.9498567335243553,0.9507630813953488,0.9495579823192928,0.9527074542897328
0.9425351071692535,0.9501529602303401,0.9422492401215805,0.9534172661870504,0.9525004481089802,0.9452969850153458,0.9526126126126127,0.9503329134425049,0.9546877878062259,0.9530659953245819,0.9497359315243125,0.9508784510577268,0.9493602450892052,0.955908604069975,0.9516187050359712,0.949990907437716,0.9499554764024933,0.9525988286969254,0.9551408577068007,0.9472172351885099,0.9466713755959739,0.9458965454213124,0.9472817133443163,0.9444543668512234,0.9420079739035883,0.9420574077375646,0.9495617957431587,0.9416225749559083,0.9435906707647803,0.9389612707478137,0.94009382894262,0.9407942238267148,0.9404172560113154,0.9370064608758076,0.9402347918890075,0.9366816143497758,0.9405904727404456,0.9371214820092626,0.9349945828819068,0.9381424706943192,0.9404033129276197,0.943042537851478,0.9426877470355731,0.9348142753095412,0.9427203404859018,0.9371792603079101,0.9445154225223581,0.9387643521049754,0.9437822451521082,0.9489011970698589,0.9398214285714286,0.9478979518505211,0.9407740774077408,0.9460176991150443,0.9531418312387792,0.9507433279598781,0.9486754966887417,0.9535302593659942,0.9501648955661415,0.9500998003992016,0.9520968908170644,0.9500897666068223,0.9508936631160859,0.9515699840340607,0.9489011970698589,0.9448763250883392,0.957932910244787,0.9501590668080594,0.9529005273686125,0.9451035948291128,0.9487770294221907,0.9475696340797378,0.9516244198500535,0.946255822285919,0.9421561604584527,0.9465566714490674,0.9408717399071097,0.9431390134529148,0.9430733201225004,0.938742611499194,0.9459651617490223,0.9398995335486185,0.9438820813354644,0.9347903977069151,0.9394933479132495,0.927020616675789,0.9341556321422093,0.9350063188301138,0.9435616438356165,0.9394927536231884,0.937849036209692,0.9416756951968219,0.9413063477460901,0.943646609707326,0.9447434517402225,0.9390287769784172,0.9443842542434092,0.943319118692253,0.9447291361639825,0.9456444759206799
0.9401832225615233,0.9452574525745258,0.9378118317890235,0.9476797929376964,0.9424253328535445,0.9437896645512239,0.9464829067478074,0.943200436919716,0.9475108225108225,0.9467833059959905,0.9484649122807017,0.9562233351882767,0.9498188405797101,0.9494788906553613,0.9525298988040478,0.9529992684711046,0.9480264332916593,0.9448127575703279,0.9478764478764479,0.943608340888486,0.9421175624662952,0.9467701190905811,0.9423179633256187,0.9409434641699675,0.9412615217784204,0.9427549194991055,0.9368097048705414,0.9430265995686556,0.9401013391241404,0.9422835633626098,0.9321097647897363,0.9365889212827988,0.9384863701578192,0.9366396046593717,0.9364338301310828,0.938228862973761,0.9349308755760368,0.9342010122921186,0.9297015462064006,0.9301986513577547,0.9326060179482668,0.9326209020105053,0.9318061674008811,0.9355013550135501,0.9317977325895267,0.9330875576036867,0.938691855284263,0.9391088230072785,0.9423568040861,0.9385238358181484,0.9456794550017927,0.9460098163970188,0.9374771480804388,0.9407164939079833,0.9495538153341833,0.9442245412018712,0.948652585579024,0.9480424442005122,0.9484177794036949,0.9507486920440195,0.9465403182549615,0.9445457862094127,0.9503699693196174,0.9467741935483871,0.947473283825394,0.9511168070303918,0.9505613908004347,0.9445541001256056,0.9477065857576299,0.9448804851944346,0.9520132377275234,0.9417667084751836,0.9458325734087178,0.9471136608103263,0.9363988724453841,0.9385709077652206,0.9412615217784204,0.9354304635761589,0.9376325088339222,0.9301903898458749,0.928826895565093,0.9344028520499109,0.9334545454545454,0.9306471741843466,0.9328005811841628,0.9310716208939149,0.934319740166005,0.9326222222222222,0.9248133988712908,0.9320741009807483,0.9361332870531066,0.9315018315018315,0.9359799713876967,0.9337006754354782,0.9369011028747062,0.9391783745331673,0.9356081452944414,0.9414573753095153,0.9357613469985359,0.9402985074626866
0.9333930170098478,0.9359230350335814,0.9388828436706566,0.9401251117068812,0.9348104742721113,0.9398995335486185,0.943208118212569,0.9409741082744885,0.9449808708325742,0.9451734675534783,0.9445761166818596,0.9492201668480232,0.9411136808397083,0.9456657730116175,0.9462404000714413,0.9493555999273915,0.9445052939028843,0.947396293027361,0.9401909565843992,0.9443147116939106,0.9450220264317181,0.9342629482071713,0.9307429393775859,0.9307513831875781,0.9335130278526504,0.9344900849858357,0.9332603938730853,0.9320227815542899,0.9255144782371153,0.9280510018214936,0.9219310839913855,0.9246221894581644,0.9184713375796179,0.9278089379410168,0.9272662763881497,0.9221902017291066,0.9201657956388538,0.927693677649154,0.9190014367816092,0.9234865968400497,0.926094890510949,0.9251982696467196,0.9226168901776006,0.9262639167731338,0.9276091252020837,0.9278277748367743,0.9279184247538678,0.9279007971656333,0.9351885098743268,0.9318264014466546,0.9405656999641963,0.9334631038754203,0.9387114639099132,0.9408759124087591,0.9444543668512234,0.9417266187050359,0.9503365472075678,0.9472645739910314,0.9479830148619958,0.9461939895627137,0.9423594900341175,0.9427150488119359,0.9489925576329642,0.9452541770351938,0.9426683336310056,0.9516761768901569,0.9466594827586207,0.9465459065885278,0.9404979860856829,0.9444344864671088,0.9409853817000542,0.9413704653719311,0.9440736063503518,0.9351933604096768,0.9331416247304097,0.9340679522497705,0.9325577167787675,0.9366261122208098,0.9366336633663367,0.9249359209080923,0.924653933765551,0.9224416517055656,0.9227642276422764,0.9267713659605552,0.9231573444851019,0.9242369838420108,0.9241103848946987,0.9257950530035336,0.9205370101596516,0.9237120804164423,0.9219116321009919,0.9355747227600775,0.9299631384939442,0.9255029907558455,0.9261048488101629,0.9384481255448998,0.9301457518663349,0.9319500615438719,0.9313367421475529,0.929035752979415
0.9289386705839148,0.9307499102978113,0.9347786147345214,0.9277504105090312,0.9328398627911175,0.9448635057471264,0.9379084967320261,0.9375557537912578,0.9448917516550367,0.9435239622305363,0.9418812589413448,0.9412715517241379,0.9402578536408208,0.9424130012365306,0.9442266571632216,0.9437367303609342,0.9413558106169297,0.9360854608002896,0.9352993744414656,0.9332976636347423,0.928388746803069,0.9343443354148082,0.9352466367713005,0.9315637414228963,0.9322095341671198,0.9307705997508453,0.9312881234302117,0.9222677839187021,0.9241379310344827,0.9152421652421653,0.922566371681416,0.9132096069868996,0.9106055177355786,0.9143268538516919,0.913154533844189,0.9150420318368807,0.9167272727272727,0.9206490727532097,0.9106467303188615,0.9123829712065006,0.9151504233471447,0.9092994529733545,0.9187669990933817,0.9200142196942765,0.9230492628550881,0.9204746723343961,0.9243331518780621,0.9317561419472248,0.9261065943992773,0.922301630932747,0.9331904251518399,0.9228984472603963,0.934554508269607,0.9291606886657102,0.9358047016274864,0.9318140712606258,0.9349229114377913,0.9416124367317426,0.9422101449275362,0.9437182280319535,0.946392509638333,0.9436900235379323,0.9416531604538088,0.9458627557486873,0.9393724516929622,0.9457627118644067,0.9402419209243545,0.9370843070285817,0.9414455626715462,0.9354037267080745,0.9357930909748599,0.9335336750928054,0.9300485524186297,0.9337641357027464,0.9291051576453435,0.9281857451403888,0.9164259927797834,0.9268774703557312,0.9266630805092344,0.9226319595083152,0.9232146053338106,0.9163525399389697,0.916154680159017,0.9216431415128483,0.9175185054635178,0.9140150160886664,0.9103636363636364,0.9177180471749863,0.9126521969295924,0.9155206286836935,0.9139823008849558,0.9125488801990758,0.9144654088050315,0.9143114311431143,0.9164579606440072,0.9218863801893663,0.926815947569634,0.9287121619201146,0.9259259259259259,0.9292114695340502
0.9232029117379436,0.91964767211936,0.9229520028870444,0.9255839217816404,0.9295349662761804,0.9334069168506255,0.9349828426946,0.9346416996759093,0.9397483608009923,0.9395433789954338,0.9413971770591388,0.937984496124031,0.9382581930110447,0.9388849177984274,0.9412948061448427,0.9395465994962217,0.9362780593772628,0.9368654236662359,0.9388089601165543,0.932092004381161,0.933852140077821,0.9316332067281606,0.925818708159942,0.9242450997704397,0.9219616967961339,0.9223423423423424,0.9184557099043839,0.9124087591240876,0.9128683873329673,0.9095014450867052,0.9075311540545422,0.9054127938764353,0.9059486992905221,0.9071028375203326,0.9017140773158279,0.9009468317552805,0.898498281165189,0.8972030512168543,0.9019679300291545,0.9055937886006705,0.9030893710923134,0.8989989274222381,0.9073038773669972,0.9121323529411764,0.9084931506849315,0.9049263770223596,0.9109723461195361,0.90792928408892,0.9152088539807212,0.9184273378651479,0.9230909422270822,0.9249416412282276,0.9320214669051878,0.9254267744833783,0.9335347432024169,0.92797587369168,0.9357617082361386,0.9361663977048592,0.9328438395415473,0.931918008784773,0.9373330959586968,0.937297879985627,0.9449492250133619,0.9408533235671123,0.9357666845589551,0.9359481827995682,0.9400072280448138,0.9313655761024182,0.9331776540326927,0.9387268391120895,0.9294613411506046,0.9251278305332359,0.9306107697867727,0.9233820082927708,0.9209640262271841,0.9160610465116279,0.9223122238586157,0.9164430130613705,0.9080500894454383,0.9077288507217248,0.916219119226638,0.9078600316511342,0.9017550208069477,0.9051475881929446,0.8999645264278113,0.9012256669069935,0.9043193001640241,0.8990597835728225,0.8991581259150805,0.8992571117956152,0.901884798308966,0.9066259651643024,0.9052820053715309,0.905667018655403,0.9090909090909091,0.9092864826102546,0.9182787922617971,0.9147851420247632,0.9176151761517615,0.9280511636169835
0.918293564714389,0.9204991087344029,0.9170590365809489,0.91674047829938,0.9221824686940966,0.933104940497656,0.9275309541150765,0.9288516405135521,0.9315624423538093,0.9333569029520947,0.936216609122297,0.9415351506456241,0.9381155918974169,0.9381136044880786,0.938481197517342,0.9360915492957746,0.9355828220858896,0.9280459357617082,0.925751539297356,0.9289303661162958,0.9261505529789511,0.9264784230154501,0.9208838203848895,0.9132379248658319,0.9136460554371002,0.9140918021075192,0.9075555555555556,0.9077457069784436,0.8999278759466282,0.8975044563279857,0.8920704845814978,0.8951136567030606,0.8919702736994743,0.8919548468016485,0.893963818735447,0.8921080696765019,0.8845800404337438,0.8855400071761751,0.8875997099347354,0.8856115107913669,0.8886704789135097,0.8945163053379486,0.898353614889048,0.8979033728350045,0.8881106321839081,0.9030035335689046,0.9004850008981498,0.9081002542680712,0.9134897360703812,0.910118406889128,0.9178205358748427,0.9083528775031572,0.9207831866355308,0.9227018240924688,0.9258266309204647,0.9212812160694897,0.9341274138242195,0.9309841153916377,0.934429190751445,0.9381992541289291,0.9263982510475497,0.9395298761887673,0.9362007168458781,0.9340639597556594,0.9311393310677876,0.9304332194858889,0.9282209703797928,0.9298149166208539,0.9301008671031675,0.925853831180322,0.9281426553672316,0.9219494967331803,0.925098319628173,0.9157875916323976,0.9186361176258344,0.9053708439897699,0.9084429824561403,0.9089439655172413,0.8979517190929042,0.8981481481481481,0.8917431192660551,0.8912028725314183,0.8923354373309288,0.8897907647907648,0.8914348063284233,0.8930343686822275,0.8919742027946972,0.888572951839346,0.8913589100035855,0.8850281971984719,0.8882448831733382,0.8933016105417276,0.8912370194935325,0.8997656390841896,0.8921293042867182,0.9032656663724625,0.9009040950186137,0.9115952466690673,0.9110445657917915,0.9146319729103547
0.8990298239310097,0.9057354803690971,0.9129726795730052,0.9182837813779597,0.9180387190157409,0.9183093589060558,0.9134494523253726,0.92644672796106,0.9263081658518921,0.9329120981230254,0.932425068119891,0.9354548723480762,0.9341361065498996,0.9332393870001762,0.931015752308528,0.9284022590635818,0.9318387271741095,0.9224482382855067,0.9263271939328277,0.9206490727532097,0.9259191512712639,0.9126955256456893,0.9120370370370371,0.9039746746394653,0.9084189652064178,0.8976686243103755,0.8984861976847729,0.8911954187544738,0.8850124599501602,0.8906816533720087,0.8828224197351714,0.8862286228622862,0.8788321167883212,0.8771454381210478,0.8789482971589907,0.8727074632286181,0.8801960428389908,0.8835227272727273,0.873340509508432,0.8844914040114613,0.8820244956772334,0.8750448833034111,0.8834792122538293,0.8801818181818182,0.8912089840322863,0.8911964712369049,0.8874350241978849,0.8992584554168928,0.8946131597975415,0.8959154424937299,0.9108520179372197,0.9090577729178058,0.9164275466284074,0.9133984028393967,0.9159693786718889,0.922841726618705,0.9207350027022159,0.9249281609195402,0.924727337743608,0.9310040585847892,0.9330773450356555,0.9289488067043177,0.9339344865660655,0.9321218599679316,0.9372847562080842,0.9265284233106901,0.9293091168091168,0.9209863210943124,0.9214183891660727,0.9212384573601303,0.9239308462238398,0.9193577485116363,0.9118918918918919,0.9115391474942037,0.9019364007816664,0.9046519886363636,0.9023694993764475,0.8908803373748023,0.8935789661956716,0.8888098203166697,0.8895904744723074,0.8817184643510055,0.8783930510314875,0.871471155532176,0.880707453528244,0.872613737734166,0.8821094312455003,0.8721697272241041,0.8740199572344975,0.8747967479674796,0.8863219655298863,0.8789657069503026,0.8799201886450209,0.882279608192342,0.888054232319531,0.8860261227410986,0.8970276008492569,0.893563915136388,0.8982777179763186,0.90150842945874
0.8917287894923678,0.8967787862609005,0.9008498583569405,0.9004194783877439,0.9047877145438121,0.9073873873873873,0.9155682223013893,0.9221796974667396,0.9218378180486912,0.9208999824222183,0.9259592866150244,0.9324469996406756,0.9329477679378276,0.9330461317537246,0.9243167484232656,0.9200286892594585,0.9175614194722475,0.9184472934472935,0.9222103004291845,0.9111800109429145,0.9069767441860465,0.9076038108934028,0.9043399638336347,0.8967060508413892,0.9035608308605341,0.899856938483548,0.8872954587240302,0.8821849339521599,0.8824270795822831,0.8806480648064806,0.8739721129781909,0.8674402250351617,0.866907123534716,0.8687930409568684,0.8720569446979376,0.8578395953757225,0.8641254787525078,0.858796702332924,0.860050432276657,0.8714699493120927,0.8576833003062512,0.8699437692726283,0.876925932801188,0.8631616215259338,0.8656244183882374,0.8791727140783745,0.878341516639389,0.8772743489118802,0.8902549267763514,0.8945652173913043,0.8988577745025792,0.9029998203700377,0.8991971454058876,0.9088616714697406,0.9151198414128672,0.9161440602042644,0.916015269950918,0.9305733650851804,0.9184533626534725,0.9215302491103203,0.9288785381583662,0.9279523293607801,0.9266353451391398,0.9307057745187901,0.926123802505527,0.9211946743432889,0.9231311706629055,0.9162176255866504,0.9186904119445943,0.9079765825100622,0.9171683999270206,0.9083063646170443,0.9030303030303031,0.9015192135835568,0.8909289220141793,0.8857455740098558,0.8849235251274581,0.8854601561081866,0.8826958105646631,0.8825112107623319,0.8697691197691197,0.8766974470396524,0.8666545718432511,0.8668025194516488,0.8616095221176052,0.8619157632841656,0.8624178945499734,0.8683679089407013,0.8563705172103082,0.8620999640417116,0.8714666666666666,0.8721899927483684,0.8691099476439791,0.8721899927483684,0.8701872129989403,0.8814556147766954,0.8852935829849118,0.8782392616258431,0.8876909254267745,0.8893892992253648
0.8758169934640523,0.8835003579098067,0.894708901079455,0.8993824918270977,0.9034975279252884,0.8999281351060007,0.9074920858248329,0.9147079772079773,0.9169049320943531,0.912589928057554,0.9224518636283342,0.9201928227102303,0.9172089660159074,0.9253812636165577,0.9234250543084721,0.9150009004141906,0.9168761220825853,0.9193370165745857,0.9134562716815775,0.9057553956834532,0.907236960837394,0.8998024780032322,0.8972982644480229,0.8925383791503034,0.8775182742021751,0.8818181818181818,0.8717015468607825,0.870979082439796,0.8698140200286123,0.8621373220400073,0.857372654155496,0.8482983345401882,0.8526504941599281,0.8556305895236357,0.8469424460431655,0.8497644073939833,0.8463055954088953,0.8429645936525408,0.8365556749015396,0.8457756737072105,0.8465015367926234,0.8517041334300217,0.8533120227313088,0.8480028917404663,0.8572204125950055,0.868492653727553,0.8684867951463241,0.8706350642301429,0.8725420092956739,0.8906810035842294,0.8771543821048772,0.8943045884663453,0.8963503649635036,0.8952519028633563,0.9024435054198052,0.9089592760180996,0.9087294415326225,0.9149512459371615,0.9168949771689497,0.9140214039542899,0.9172462992687712,0.9171827995045124,0.9134383688600556,0.9186446820076101,0.9143576826196473,0.920249776984835,0.9134253450439147,0.9221082928584278,0.9145546705286025,0.9158406920165796,0.8965139624018982,0.9026532479414455,0.893491124260355,0.8874586244942994,0.8885275519421861,0.8807768386980759,0.876950998185118,0.8666666666666667,0.8609176932690591,0.8617710583153347,0.8617668097281831,0.8596971355592046,0.859045904590459,0.855523569629363,0.851871562888061,0.8342391304347826,0.8386093321134492,0.8469259723964868,0.8471820809248555,0.8441071428571428,0.8545093077896259,0.852618542108988,0.8494041170097508,0.8578242524307467,0.8639394485492882,0.8592005761613252,0.8734177215189873,0.8719587995027526,0.8835415135929464,0.8935978358881875
0.8687589158345221,0.8754423213021939,0.8945043293868175,0.8863154172560113,0.896283185840708,0.8967848008768725,0.900711743772242,0.8988907074013457,0.9107523066004258,0.9107972495818621,0.9120879120879121,0.9188211896582896,0.9204962432290756,0.9045620437956204,0.913412870571222,0.9098606456165108,0.9110358352647531,0.91137637909206,0.9034582132564841,0.8991039426523297,0.8999093381686311,0.8946881362206182,0.8861671469740634,0.8853628097700125,0.8770521707406056,0.8700997861724875,0.8648697214734951,0.8666430218123781,0.8636280431997071,0.8487978628673197,0.8475344452501813,0.8407826243044336,0.8356867779204108,0.8355770956740262,0.8309248554913294,0.8292467807373435,0.8309506790564689,0.8239814152966405,0.8297948902482908,0.8371212121212122,0.8301886792452831,0.8289617486338798,0.8419744318181818,0.8429842076601924,0.8404351767905711,0.8569909622541202,0.8507194244604317,0.8646589259796807,0.871142393069843,0.8712204007285974,0.8696204830216089,0.8732394366197183,0.8932785126921702,0.8887479615872441,0.9002145922746781,0.9019038984587489,0.9022703086200781,0.9059352517985612,0.9175997200839748,0.915972473741398,0.9202975557917109,0.9085117678287029,0.9192995125473912,0.9226072903573352,0.9104994531534816,0.9149087041304733,0.9079699785561115,0.9118541033434651,0.9038807042759612,0.9016014234875445,0.8948494029584744,0.892255288633919,0.8778985507246376,0.8883046237533998,0.8686433063791554,0.8696438257096366,0.8623135685703892,0.8556993440879277,0.8491949910554561,0.8536672629695885,0.8425942469179918,0.8345674553007043,0.8421052631578947,0.837978780794821,0.833182884997292,0.8306218365871294,0.8260010773927097,0.8258467023172905,0.8326141675656239,0.8286694349160498,0.8316132536664856,0.8375773008366679,0.8397287167588792,0.8436760691537761,0.8526068915749594,0.8524327214400285,0.8608633606849804,0.857117903930131,0.873124887041388,0.8711229946524064
0.8611505681818182,0.8615002660046107,0.8664618720636068,0.8857850070721358,0.8857564031693385,0.8926615553121577,0.8945474176714054,0.9045145109279829,0.9022447501810282,0.9079018097115212,0.9054054054054054,0.9032661074424415,0.9108875314408911,0.9135364989369241,0.9023451813851228,0.9008636200071969,0.9010226442658875,0.9061024337086815,0.8906137184115523,0.8981252210824195,0.8898046944991936,0.8858520900321544,0.8818827708703375,0.87286596440247,0.8684782608695653,0.868346344925479,0.8389414651244305,0.8406165004533092,0.8471008028545941,0.8347635566916195,0.8270513976555456,0.8341552511415525,0.8203347578347578,0.8186584704393419,0.8222380867392468,0.8131634819532909,0.8041958041958042,0.8098389982110913,0.8134022455890215,0.8125112673517216,0.8162033650329188,0.8145408623489085,0.8238605411294716,0.8283568746647595,0.825812274368231,0.827895302975977,0.8362468783446307,0.8489951113525258,0.847350334599385,0.8568810701850834,0.8679653679653679,0.8658250676284941,0.8712299078923604,0.8813067150635209,0.8930299229528759,0.8872234118486795,0.8937974907227425,0.904226859283039,0.9063852813852814,0.9019572634225175,0.9140354079211535,0.9091396887855482,0.9124932200325439,0.9086591158202412,0.9044336810730254,0.9119405689436492,0.9063223508459484,0.8992637816484108,0.8902092940759134,0.886285817264372,0.8899164147252356,0.8819631022747627,0.8801801801801802,0.8653289949385394,0.8550620392015824,0.8521456905878111,0.8477951635846372,0.8494719885448362,0.8371843095110156,0.8282394995531724,0.8282628262826283,0.8251307012799711,0.8190045248868778,0.823380840699982,0.8065910318746623,0.8071877807726864,0.8193231441048034,0.796316758747698,0.803372802296376,0.8175419599350298,0.8096355106459762,0.8177331218050414,0.818214542836573,0.827053850395148,0.8350367581136812,0.8358701632129103,0.8432240921169176,0.8569340398319021,0.8466761972837741,0.8597252349963846
0.8429167422456013,0.8455210237659964,0.8705299834953236,0.8705923836389281,0.8751371115173675,0.8809438684304612,0.8918623702894594,0.8906932076130609,0.8942342342342342,0.8958518782268114,0.899440332189926,0.8954817637452368,0.9069808962685235,0.9059798906332687,0.8941645523740486,0.8993347338935574,0.8979444644789037,0.8891121666057727,0.8925410872313527,0.8805570433851098,0.8805809575040344,0.875112147855733,0.8705588287805749,0.8613628126132656,0.8584674597620714,0.8441558441558441,0.8331270991691709,0.8473268747757445,0.8209351753453773,0.8201058201058201,0.8144613690585428,0.802496328928047,0.7970988855474969,0.8047994269340975,0.7968997710058129,0.7949146250927989,0.7973391652997995,0.7876724601325927,0.7911278735632183,0.8025512037369745,0.8012752391073327,0.8108010801080108,0.805783648696894,0.8152074575031987,0.8214417065097462,0.8236963462220646,0.8273657289002557,0.8371551415263346,0.8427455965135282,0.8388760448159346,0.8559685489635454,0.8635645302897278,0.8612267052650624,0.8783687943262412,0.8804627249357326,0.8877532396422705,0.8885859687386405,0.8952430919902064,0.8957405097130636,0.898444647758463,0.9024478694469629,0.9076392669207041,0.903744259978806,0.9039381670960618,0.899736147757256,0.9021238938053098,0.8945326278659612,0.8911945146156622,0.8836915297092288,0.8850553840566552,0.8786633309506791,0.8720636067943621,0.8681239921161082,0.8596675415573053,0.8560703167917963,0.8433518751121478,0.8316705967712679,0.831729896532946,0.8323761665470208,0.8163412870571222,0.8123098944354983,0.8140221402214022,0.808075221238938,0.806692125841062,0.8106210621062107,0.7946157960420752,0.7930121757543674,0.7946332737030412,0.7975583090379009,0.7979025950942055,0.7963609630582613,0.8096005731685474,0.8068552774755169,0.8088944454366851,0.8204334365325078,0.8256086564472498,0.8300409325502759,0.8296164139161463,0.8427751882395124,0.8412363891815947
0.837891327815761,0.841617673258507,0.8494642857142857,0.8501425516749822,0.8692881849626798,0.8723518850987433,0.8774535809018568,0.8834829443447038,0.877108001435235,0.8928314121037464,0.8946052161486245,0.8982004234297812,0.8951201747997086,0.8973708068902991,0.8950726692662176,0.8920353982300885,0.893462028774358,0.8770698344132469,0.8878438331854481,0.8710554951033732,0.8640794223826714,0.8642895156998404,0.8599424667385832,0.8493700931166697,0.8460708505664449,0.8400209351011864,0.8108831400535237,0.8207020702070207,0.8131710808876164,0.7969869557229469,0.7945305378304467,0.7826239887442842,0.7810063784549964,0.7807255008121278,0.785688857244571,0.7744034707158352,0.7837196568716919,0.767696730147323,0.7748815165876777,0.774715178243293,0.7827681026581118,0.7753493371551415,0.7935904399782727,0.7938728528422171,0.8030028943560058,0.7958059356673183,0.8128939312083558,0.8169263456090652,0.8256221198156682,0.8372093023255814,0.838601447995762,0.8472622478386167,0.861393194370212,0.8683127572016461,0.8691420331651045,0.8823529411764706,0.8899309856662537,0.8842009132420091,0.8986815965324183,0.8946047678795483,0.8885542168674698,0.9022013713460845,0.9026272276318207,0.8931600794080491,0.8961318051575932,0.8890678117731258,0.8870938790163346,0.8848730606488011,0.8831379621280433,0.8714779131067079,0.8669968813061824,0.8646751844520425,0.8498669032830524,0.8421337177869886,0.8412017167381974,0.8276107454189646,0.8263462233465847,0.814434845212383,0.8108252947481244,0.7946444405036354,0.7880782592795758,0.790237706405371,0.7858176555716353,0.7858815054925266,0.7836119186046512,0.7786357786357786,0.7727769679300291,0.7727679370191447,0.7769822802935386,0.7873860996962658,0.7734360996594372,0.7961182336182336,0.7982039091389329,0.797518431936702,0.8086661911554922,0.8079566003616636,0.8099013389711064,0.822480902146235,0.8314244810307803,0.8394069310468024
0.8249370277078085,0.8330930064888248,0.8341525578008374,0.8437217705510388,0.8488245931283906,0.8633540372670807,0.868898678414097,0.8729329852045257,0.8823107283817725,0.8832790445168295,0.8942940746159473,0.8953277797899312,0.8902002861230329,0.8853980721171011,0.8939015691868759,0.8896721889319704,0.8807588075880759,0.8838978445933707,0.8728395061728395,0.8711265038279257,0.8512857399748247,0.8550617739258712,0.8559867574029796,0.8403406067056945,0.8306230586515622,0.8244452397995705,0.8075817463169241,0.8093098490294752,0.796976241900648,0.79016509852654,0.7774841437632135,0.7828982898289829,0.7666786873422287,0.7644136952279581,0.7614222222222222,0.7604609929078014,0.7576943604340864,0.7509386733416771,0.7665119600142806,0.7699375229694965,0.7464890169247389,0.7624309392265194,0.7759179265658748,0.7759262542102464,0.7786177105831533,0.7829078399420605,0.795899854862119,0.8040128986026513,0.8213323756509248,0.8225746956842493,0.8301165331391115,0.8343237889429137,0.8442256042972247,0.8536585365853658,0.8676207513416816,0.861484619635292,0.8747539810341742,0.8810580507722351,0.883876811594203,0.8818018018018018,0.8989675516224189,0.8897737556561086,0.8928444286222855,0.8887470362939996,0.889561809761311,0.8813372520205731,0.8860874297115908,0.8724443640311199,0.873987398739874,0.860852435530086,0.8594830724426648,0.8551971326164874,0.8380625338875836,0.846660730186999,0.8202940642584862,0.8152610441767069,0.8158275986961246,0.8055506137697919,0.7883093525179856,0.7885544407283538,0.7795120200932902,0.7723458591754834,0.775680968488517,0.7588526912181303,0.7655222790357925,0.7613107428784212,0.7530196502614026,0.7556293835363603,0.7622126436781609,0.7565998876614866,0.7587506731287023,0.7674501424501424,0.7760809567617295,0.7810007251631617,0.7829103523826912,0.7905937052932761,0.7990430622009569,0.8115600652292082,0.816793893129771,0.8186783178590934
0.8129367496864361,0.8168146403333937,0.8392530208714757,0.8321678321678322,0.84151217739004,0.8546669073840043,0.8579412294934199,0.8711566617862372,0.8757173601147776,0.8791994281629736,0.8821937578928378,0.8823008849557522,0.8891292590589508,0.8804004214963119,0.8864126527677929,0.8759342301943199,0.8786053304125593,0.8713068696755483,0.8629727352682498,0.8668954307386671,0.8485232832034789,0.8452275544536922,0.8336340671237821,0.828039041703638,0.8076379066478077,0.8078665941634946,0.8022793053545586,0.7918291550603528,0.7733501622791201,0.7741585233441911,0.7770016120365395,0.7489400921658986,0.75,0.7508178844056707,0.7401140007125044,0.7431556195965417,0.7301645338208409,0.7406222222222222,0.720558882235529,0.737761601455869,0.7470704885523707,0.7587267136914451,0.7461718609259593,0.7515594368205311,0.7570428853400323,0.76526751936588,0.7823573293547184,0.789736279401283,0.7967982535928688,0.7997505790130055,0.8262217359591539,0.8219227313566936,0.8264433978719693,0.8410034289839379,0.8488669590643275,0.8559685489635454,0.8621259408848908,0.8731962481962482,0.8720765414599575,0.8783759289468914,0.8835398230088496,0.8764388489208633,0.8911685994647636,0.8856115107913669,0.8790469261549655,0.8733795063043864,0.8731812466319382,0.8730917785543498,0.8606469960895841,0.8533192463461877,0.8449891852919971,0.8256520185780636,0.8303956834532374,0.8173216885007278,0.8098791755508173,0.800641940085592,0.799570123589468,0.7894736842105263,0.7707617152162113,0.7638764947349634,0.761185885776646,0.7430406852248393,0.7552308802308803,0.7541563494870888,0.7412288512911843,0.7442392260334213,0.7353045956537229,0.7518531591951995,0.733296419342931,0.7310137760508654,0.7364409783764623,0.7531861425237839,0.7525519183386131,0.7622702123862216,0.7628607277289837,0.7720536344389556,0.7861499820595622,0.782220635487326,0.7959552184904297,0.8087066473988439
0.7954097184866415,0.8128654970760234,0.8137495615573483,0.8218234547761465,0.8355322609795771,0.8376775121337408,0.8427089022392136,0.8584716396133504,0.8660130718954249,0.8718993621545004,0.8817025981205086,0.8848778735632183,0.8713924963924964,0.8768359582374801,0.8808964395445509,0.878400584261457,0.8727534148094895,0.8636115657392253,0.851858438555931,0.8447901591895803,0.8424682395644283,0.8251923421005547,0.8392014519056261,0.8232916972814107,0.8090679190751445,0.7852131678359417,0.7775145772594753,0.7678148350646984,0.7701357466063349,0.753876314382463,0.7528818443804035,0.739029195772882,0.7270444763271162,0.72560867247201,0.7257476294675419,0.7262728401632074,0.7184257602862254,0.7199499910698339,0.7129177958446251,0.723400365630713,0.7293819104585826,0.7220919747520289,0.7271279419571757,0.7361633530360021,0.7489645236808932,0.7522393407380867,0.7653097982708934,0.7779162956366874,0.7780544193491019,0.7873440285204991,0.7968582649053909,0.8000355808574987,0.8216594827586207,0.8295536357091433,0.8411754101316027,0.8567625133120341,0.854384698664742,0.8568570389232448,0.8723443223443224,0.8762323943661972,0.8740646103303522,0.8837715321849501,0.8765342960288809,0.8781504986400726,0.8732319660537482,0.8773987206823027,0.8699318263365626,0.8564066109827617,0.8518252112929329,0.8524561092392268,0.8333333333333334,0.8338384738812623,0.819419562880688,0.813206858810653,0.8013304566702625,0.7950864422202002,0.7847549909255899,0.7700486574157506,0.7494565217391305,0.7410934744268077,0.7395048439181916,0.7302063128196086,0.7347345533611161,0.7267555555555556,0.7302608074312255,0.7246715853877992,0.7287622439893143,0.7181219989329539,0.7224348459996355,0.7188286022278118,0.7238180196253345,0.739833066950808,0.7412225984672964,0.7406124681006198,0.7429398986241854,0.7591227754808556,0.7704858593183467,0.7792605951307484,0.7872767043383158,0.8007406101216716
0.785727223329107,0.7934169849063466,0.8026243849097867,0.8157800143781452,0.8307526107310047,0.8334881992194759,0.8318393689494442,0.8546669073840043,0.8659177387207827,0.865218951902369,0.8626393383674937,0.8712710178991141,0.8730101949561796,0.8703769559032717,0.8608367750044892,0.864912904372556,0.8623771224307417,0.8586350974930362,0.8455696202531645,0.8335414808206958,0.8315188291986436,0.8289381153305204,0.8151947148817803,0.7971543232396936,0.8003552397868561,0.781867145421903,0.7689393939393939,0.7603978300180831,0.7535897890444957,0.7318623124448367,0.7299416484318016,0.7115002708070048,0.6979555555555556,0.7027409372236958,0.6917857142857143,0.7011617515638964,0.6988727858293076,0.7039473684210527,0.6916008086748759,0.6982605608803691,0.6944002826355767,0.7111711711711711,0.7154471544715447,0.7135714285714285,0.7263139077583125,0.7417374029257721,0.7409994626544868,0.7514635444385311,0.753947135000887,0.7740021574973032,0.7828070815842307,0.8079004329004329,0.8068608182955155,0.826423936553713,0.8317535545023697,0.8460449477968501,0.839173405211141,0.8562019758507134,0.8573968705547653,0.8701582105837425,0.8705061706313718,0.8700126376602275,0.8722038870553722,0.877573328475132,0.8642221818841895,0.8712244528847893,0.860185690879301,0.8574545454545455,0.8451263537906137,0.8414326853851691,0.8257548199345216,0.8097173144876325,0.7982456140350878,0.8057040998217468,0.7867660102891609,0.7764939519768911,0.7624057513589338,0.7598559855985598,0.7547169811320755,0.7349376114081997,0.7234004633755123,0.7009428927237147,0.71222502704652,0.7086557495051287,0.6924187725631769,0.6921279654924515,0.6924050632911393,0.6943192064923355,0.70620239390642,0.7097009482129832,0.6980062191329797,0.7072520440810522,0.7207403375068046,0.7315139221832934,0.7356342609324178,0.7388604821037253,0.7448642699926632,0.7529054174861434,0.7760269121813032,0.7752973467520585
0.7680635838150289,0.7789642285104111,0.8063747939183,0.8016682113067656,0.8259166963332146,0.8161805173362686,0.8212941387345403,0.8476464247215235,0.8479814219364059,0.8515268515268515,0.855474969042986,0.8606027987082885,0.8614372109569548,0.859209080922739,0.8662737152330079,0.8666304741223309,0.848589626933576,0.8523971987789549,0.8335446477087484,0.8275544079675397,0.8246436947501353,0.8074847067290393,0.8019262220606942,0.7841129744042366,0.7770355659866401,0.7694488747120326,0.7443850267379679,0.7397510980966325,0.7259805685498381,0.7135212272565109,0.7095945698037057,0.6976913288493001,0.6878935060262638,0.6943115364167995,0.6597563193307874,0.6772620552645837,0.6719220549158548,0.668467495047722,0.6701729363522909,0.6816932380428807,0.6691339748334567,0.6824179743223966,0.693200663349917,0.6958567034557627,0.7076557646628906,0.7224374779852061,0.7324145337390371,0.7349375791568663,0.7523139577934098,0.7695745441544511,0.7832850940665702,0.7856632105827672,0.7911231884057971,0.8166040436571838,0.8244165170556553,0.8320248311119226,0.8330965909090909,0.8552943320575906,0.854463480613165,0.8613391716839993,0.8578249336870026,0.8696354821332376,0.8662522202486679,0.8695496142113763,0.8577046835895602,0.8551068883610451,0.853454415954416,0.8462220645619014,0.8299804165924871,0.8193443804034583,0.817882008061561,0.8089160524896638,0.7983327421071302,0.792757953946212,0.7809975412715139,0.7541569819417129,0.7509157509157509,0.7368983957219252,0.7316117542297418,0.7094387294712146,0.6908798857754774,0.6961709706144257,0.69035352638124,0.6907493725349587,0.6826785714285715,0.6826055575604475,0.6673901247965274,0.6605720492396814,0.6661296097386323,0.6813970064148254,0.6848604151753758,0.6867295141406816,0.7079820627802691,0.6996068620443173,0.7090713902308106,0.7268059490084986,0.743151314579886,0.7425512934879572,0.7534296028880867,0.7767573295655246
0.7639717851329354,0.7636163579680909,0.783407671721677,0.7913708356089568,0.7972828030032177,0.8159498207885305,0.8273106954784819,0.8241817206224289,0.8459992692729266,0.8472627737226277,0.855391272989542,0.8554044380816035,0.8533675903835566,0.8560716898317483,0.8554324517512509,0.8426986724859066,0.8476689555475244,0.8425569176882662,0.8342696629213483,0.8183787687308178,0.8083636363636364,0.7989456462461371,0.7857398141529665,0.7839450370638221,0.766206535034073,0.7511822480902146,0.7340054995417049,0.7258928571428571,0.7181719260065288,0.6967998553606942,0.6892825509300265,0.6881545684362586,0.6717557251908397,0.6710080285459411,0.660390891160122,0.6667870036101083,0.6489935298346513,0.6587998536406879,0.6454812637766348,0.6501258540093492,0.6666666666666666,0.6619718309859155,0.6827986224397318,0.6831432192648923,0.6889613920609027,0.6893469536665451,0.7137486573576799,0.7104329311568488,0.7285895346731849,0.75,0.7546600390555654,0.7783655600145932,0.7858039075103065,0.7983459440436389,0.8184566145092461,0.823076923076923,0.8331277533039647,0.8372178381354377,0.8455328310010765,0.8459045904590459,0.850187265917603,0.851994851994852,0.8600896860986547,0.852191091954023,0.8681958856726744,0.8554736652885134,0.8478574000720202,0.8381073241479333,0.8227825140576819,0.8260639237153452,0.8123065720007282,0.7989437260972501,0.7783684692942254,0.7702873667088379,0.7556593604024434,0.7399603817756167,0.7330606437844567,0.7164420485175202,0.717944061024337,0.6888969652916591,0.6911896644536156,0.6707585196042506,0.6710074154458311,0.6546568185912448,0.6516400631468163,0.6546005706134094,0.6511838062533888,0.6638580136249552,0.6527128997484729,0.6515151515151515,0.668120683387859,0.6685734715766893,0.6701766910583616,0.6891867415323311,0.6954529432499119,0.698890082348729,0.7183959719474915,0.7246795450442318,0.7373737373737373,0.7482907520690896
0.7458453757225434,0.7545008183306056,0.7690670450514366,0.7795874049945711,0.7949317038102085,0.7961552412042074,0.8107573304551178,0.8149748020158387,0.8319464544138929,0.8400437238112589,0.8401751505199782,0.8493175614194722,0.8569894397708967,0.8486005089058524,0.8493922846573895,0.8369807121661721,0.8433345310815666,0.8332445391582313,0.8212099387828592,0.8181983290955321,0.8109190172884441,0.7928230510871487,0.7797316896301668,0.7535701208348591,0.7479052823315119,0.7190245651784113,0.7282529239766082,0.7064883426712453,0.6945999638793571,0.6855182644168366,0.6740391588107324,0.6621160409556314,0.6483876844598288,0.6430976430976431,0.6425470332850941,0.64388748647674,0.6438450899031812,0.6212230215827338,0.622,0.6379742304939156,0.638144885852957,0.63996399639964,0.6595481821390752,0.6709511568123393,0.6726817938181169,0.6790613718411552,0.6954231747184889,0.7108655616942909,0.7301357466063348,0.729572338489536,0.7488042515500443,0.7587993567982848,0.7770065848015661,0.7918120066091426,0.7927415050702722,0.8187919463087249,0.8290862759373863,0.8285220397579948,0.8334218445742609,0.8451647953639986,0.8489001081860801,0.8471191233651467,0.8517462580185318,0.8487137974455837,0.8471796720129753,0.8415575094204198,0.836489439184268,0.8283857368698402,0.8220795000867905,0.8128867855842737,0.785675626916832,0.7793877920666545,0.7686040195545899,0.756717501815541,0.7421888948402071,0.7319496185914494,0.7140575079872205,0.7019282753649306,0.6874546773023931,0.6812822402358143,0.6682944474588534,0.6570397111913358,0.6471983938674941,0.6338505439629035,0.6384211479268513,0.6440314510364546,0.6262844780962683,0.6370880115900036,0.6263537906137184,0.641602634467618,0.6351255748142908,0.6461593172119487,0.6635446685878963,0.656816182937555,0.6676091182187666,0.6870699022093444,0.6997141836370132,0.7109836946783731,0.7268004299534218,0.7419996384017357
0.7242385555352909,0.7423740630991807,0.75177304964539,0.779366515837104,0.7840071877807727,0.7925668253387038,0.8121937942297224,0.8204424940574145,0.8259219088937093,0.8276611151339609,0.8411147303655447,0.8429661941112323,0.8420189504373178,0.8439805650530862,0.8344226579520697,0.8422667388558022,0.8291936645068394,0.8313620071684588,0.8245521601685986,0.8093550673281361,0.8027506333695259,0.7676081515909904,0.7671207658321061,0.7597775718257646,0.7359174062669807,0.7137912188012389,0.7121933357744415,0.6892494205740773,0.6866317878405196,0.6710386387805742,0.6639581076200795,0.6466233297219213,0.6396185678301547,0.6252494104843098,0.6172641341180667,0.6246423462088698,0.603906673901248,0.6078186362013567,0.6235143536295483,0.6110808356039964,0.6182814710042432,0.6135537790697675,0.6311461067366579,0.6460875807609476,0.6497553904692879,0.6665476615494467,0.6778691455130497,0.682454251883746,0.7166212534059946,0.719017094017094,0.7342133428469497,0.751897361763643,0.7724945135332846,0.7748559077809798,0.7839840925524223,0.7931716082659479,0.8116254036598493,0.8241738177834581,0.830104851608317,0.8430052756048754,0.8387565897109617,0.8414372542009295,0.8476513663154135,0.8457968945207924,0.841616602949208,0.8288335980236456,0.8260481712756468,0.8232642019837692,0.8070901565592946,0.783687310369445,0.7876074498567335,0.779478767997084,0.7530908439347788,0.7462713068181818,0.7316765712227624,0.7153625269203159,0.6985241180705544,0.6685201793721973,0.6733605829038564,0.6632543103448276,0.6453193033381712,0.6339989008976002,0.632073766045923,0.6252236135957067,0.6050955414012739,0.6158252774794128,0.6077158824589869,0.6197286395306197,0.6054471843945528,0.6224183583406885,0.6172928276110012,0.6192100538599641,0.631004366812227,0.6459527220630372,0.6582510062202708,0.6696511844805074,0.6908396946564885,0.6933621933621934,0.7123485807268125,0.7200143215180809
0.7108734402852049,0.723819666311679,0.7411958914159942,0.7608459869848156,0.7704287284719677,0.7932692307692307,0.7988836560265131,0.8023593466424682,0.8128783709411117,0.8282608695652174,0.8368628858578607,0.8356164383561644,0.833803810868031,0.830423940149626,0.825399676666068,0.8309032716927454,0.8266354298071724,0.8150521882439113,0.8100761145342515,0.7893007120686507,0.7768376520359598,0.7708143559846967,0.7521320994374887,0.737386343376716,0.7218460441910193,0.7072112777878186,0.6962395034684191,0.6842963231298678,0.6526946107784432,0.6453976764968722,0.6272961058045555,0.626770538243626,0.6234400434074878,0.5982484948002189,0.5955734406438632,0.5986430994465274,0.6083499005964215,0.5976907811654338,0.5791257805530776,0.5878026905829596,0.6027944111776448,0.5962331838565023,0.6117183300483784,0.6134284668862057,0.6201067615658363,0.6437890974084004,0.6584813653779171,0.6671535512141683,0.6899088997897688,0.6997808619430241,0.72045579856644,0.7289113193943764,0.7476979742173112,0.7628437047756874,0.7701620081894249,0.7936166397704859,0.7993009565857248,0.8123219373219374,0.814033189033189,0.8227141828653708,0.8283636363636364,0.8304177079614423,0.8316108339272986,0.8425054308472122,0.8280232353458898,0.8119949721673551,0.8194971965997467,0.819164265129683,0.8052136133236785,0.7802755620014503,0.7756167837205115,0.7642971672902191,0.7512907245860779,0.7384027651446243,0.7145441389290883,0.6914684314076194,0.6925465838509317,0.6612557973599714,0.6660018132366273,0.6420537010159652,0.6243692767706971,0.6176043557168784,0.5996444444444444,0.6083903492978033,0.591869918699187,0.5968678514868907,0.5933404179950408,0.5885642135642135,0.5925071022727273,0.5909338168631006,0.6005011634150706,0.613242905586293,0.6162873399715505,0.6259842519685039,0.641675656238763,0.6476984414642987,0.6659316427783903,0.6779691424470757,0.6905501736428441,0.705261207854761
0.6931859369336716,0.7045659628225952,0.7343864805290228,0.7483660130718954,0.7749496429225416,0.7727844688117922,0.780311063980205,0.7983651226158038,0.8095238095238095,0.8233592478756102,0.8274800868935553,0.8184782608695652,0.8217484772482981,0.8306744017403916,0.8166158263054011,0.8115501519756839,0.8169115012540308,0.807168458781362,0.8014745549361626,0.7748700483957699,0.7698790765848296,0.7631817358217068,0.724182523554406,0.7220821325648416,0.7189316860465116,0.7006139400505598,0.6862464183381088,0.6522053506869125,0.6486681065514759,0.6271890232894024,0.6254358597907873,0.6039515841936632,0.5946284691136974,0.5846453210684592,0.5606060606060606,0.5790914066776136,0.5867009551800147,0.5848619768477293,0.5568058076225045,0.5758576407998532,0.5837691614066727,0.5746962115796997,0.5846570397111913,0.6108030763727419,0.6124170105867576,0.6217460598547901,0.6392485865402152,0.6524345930232558,0.6603672668924943,0.6798135532448907,0.6942478679005625,0.7228894383610032,0.7431624705669263,0.7486716259298618,0.7677801724137931,0.7773584905660378,0.7908544361450173,0.8013444188926234,0.8073183666254198,0.8122493620123952,0.821751719145856,0.8233410425191248,0.8261259644715593,0.8350644699140402,0.8211382113821138,0.8127829078399421,0.8045285689014683,0.8008467101781619,0.7989208633093525,0.7801276207839563,0.7681931132410366,0.7413978494623656,0.7323842133717787,0.7136690647482015,0.7088607594936709,0.6851173020527859,0.6772581220992503,0.6466809421841542,0.6476224272533712,0.6132243156772129,0.5993199713672155,0.5889243876464324,0.5888437384558551,0.5863826688512652,0.57194374323837,0.5650709219858157,0.5726292709665631,0.5748470672903923,0.560265852344171,0.5653357531760436,0.5807459121807826,0.5997474747474747,0.5842152466367713,0.6022001419446416,0.6123836793128131,0.632952691680261,0.652926021347074,0.6649233543733093,0.6769839841641173,0.7011432654519472
0.6868527295067579,0.7014049439800818,0.7164975974372664,0.7292405961674947,0.7486003250857866,0.7680635838150289,0.7825537294563844,0.785971871619185,0.797999642793356,0.8120926864590876,0.8212858699600436,0.8311181995392521,0.821285140562249,0.8182144137683758,0.8155579021471313,0.8022460080715915,0.8115496017378712,0.7941389290882779,0.7991266375545851,0.7623261694058154,0.7620783956244302,0.7341134113411341,0.7314831832383752,0.7126151665485472,0.684859474161378,0.6855918585966791,0.6603843311160384,0.6449494052902539,0.6218016123378899,0.5974899963623136,0.5892987582176772,0.5918734268248831,0.5707169542785981,0.5584045584045584,0.5620820531357311,0.5395090485576062,0.5486918604651163,0.5341895803183792,0.5432563138097797,0.546917374796601,0.5629414961057779,0.56,0.5688557394942696,0.5910659161067732,0.593949334791325,0.6133501259445844,0.6262021411722011,0.633542600896861,0.6623141095393543,0.6747599202754122,0.6907051282051282,0.6896184560780834,0.724253665430136,0.7334054834054834,0.7561019707105406,0.7788479348027413,0.7845462713387241,0.7997783524196528,0.8023657870791628,0.8130740140464614,0.832556471853711,0.8179367361610352,0.8158462091268416,0.816014558689718,0.828683134885374,0.8082142857142857,0.7999291157185894,0.8046327886514635,0.7834118073161898,0.7695636494771007,0.7563662633194871,0.7411807055435565,0.7216308858019124,0.7026730135481508,0.6878066509176812,0.6764495347172512,0.6529494878134935,0.6449487554904831,0.6134969325153374,0.5951947579177285,0.5899447316812266,0.5766071428571429,0.5626755617977528,0.5550161812297735,0.5413171515259683,0.5492430988423864,0.5387688396586163,0.5429039897977773,0.5629090909090909,0.5488803932277444,0.561913357400722,0.5592769803296119,0.5938494167550371,0.5888603884206669,0.6117086933521425,0.618926296633303,0.6186590989712664,0.6527151362078297,0.6722826086956522,0.6854358419057932
0.6806463326071169,0.6892883345561261,0.7101370851370852,0.7205673758865249,0.7324592487597449,0.7474621549421193,0.7785367607406076,0.7792875504957767,0.7988207968554583,0.8045527298595057,0.815254542183846,0.8139788860575173,0.8185397279885469,0.8140839971035482,0.8105112620664998,0.8068140630663284,0.8037682189832919,0.7849519743863393,0.7784473590925204,0.7593189964157706,0.7460402206798362,0.7328532853285329,0.7259030677073879,0.6994177583697234,0.6840584943130529,0.6670287887017925,0.6431670281995662,0.6356082036775106,0.6143825838686653,0.6062545720555962,0.5811411633938496,0.5682723650851141,0.5480996544826332,0.5380307136404697,0.5322319985634764,0.5334649201507268,0.5182164219684611,0.5198363280555062,0.5139039364391477,0.5253256150506512,0.5383910573575225,0.5337667027807873,0.5474185280117173,0.5582386363636364,0.576130198915009,0.5840297121634169,0.6113105924596051,0.6183136899365367,0.6406964474147028,0.665414878397711,0.6820466786355476,0.7,0.7111880466472303,0.7331440738112136,0.7484761563284331,0.7641937239252675,0.7735644637053087,0.7964362850971922,0.7956111715632934,0.8025936599423631,0.8102686786897313,0.8153273017562533,0.8051617593602326,0.812049062049062,0.8067272727272727,0.8056256761630004,0.7983193277310925,0.785649244217811,0.767056705670567,0.7513283740701382,0.7405797101449275,0.7287157287157288,0.7094656210103958,0.6836250911743253,0.6670231729055258,0.6551786034823192,0.6343147946201382,0.6223260830487147,0.5966921119592875,0.5846905537459284,0.5761421319796954,0.5682405016599041,0.5447839831401475,0.5430738667148275,0.5268702017496876,0.5276813447834825,0.5259404528436441,0.5177130831287268,0.5209527220630372,0.5339058865628914,0.531222043299338,0.5561334289813487,0.556002192581765,0.5631172562398994,0.589021564783461,0.6013289036544851,0.6103756708407871,0.6406615135718138,0.6536612426035503,0.660985889682976
0.6478339350180505,0.6718443135154437,0.6860946213347724,0.7067560224596994,0.7299230906814523,0.7467544015650008,0.7519503546099291,0.7618542108987969,0.7814989138305576,0.7998554913294798,0.8039950062421972,0.8080808080808081,0.809498111171074,0.7965793304221251,0.8131730078966259,0.7917421224194132,0.7945667613636364,0.7811051693404635,0.7724347515194852,0.7453613712670083,0.7378605984590575,0.7184448783951713,0.7044878754976475,0.6836970019513926,0.6703158650394831,0.6447988401594781,0.6294842048902374,0.6186381186381187,0.6023564064801178,0.5741347905282331,0.5725204408105226,0.5485008818342152,0.5292748433303491,0.5254450638374393,0.5108976727004063,0.5139675004564542,0.5005494505494505,0.5114248560282371,0.5077505407354002,0.5026435733819508,0.5182893539581438,0.5183123877917415,0.5175173394984883,0.5366964123110545,0.5562001450326324,0.5733646548608602,0.5877889535909653,0.596886741814278,0.6230809952355744,0.6368069351634459,0.6689407540394973,0.6808321479374111,0.7100431965442765,0.7155603140613848,0.7397260273972602,0.7519985465116279,0.761531449407475,0.7704238052299369,0.7917424518006548,0.8068990691732068,0.796877771864467,0.8071492403932082,0.8090591051371755,0.7998929909042268,0.802310886441596,0.7925764192139738,0.7920330163287278,0.7761055369751022,0.751183970856102,0.7449725776965265,0.7321045096635648,0.7075183922483402,0.698568062352728,0.6832701678397402,0.659413774500989,0.6440708934770693,0.624711930508775,0.6010889292196008,0.5857763300760044,0.5725908515639125,0.5442493729845933,0.541807808878588,0.5095541401273885,0.5068014705882353,0.5047988187523071,0.5052763369701305,0.5048877624909486,0.5129672688248972,0.49592894152479644,0.49825078254465105,0.5208858480374505,0.5295521292217328,0.5333093266114513,0.5523485120114736,0.5596098265895953,0.5778061224489796,0.5888333927934356,0.6254054054054055,0.6447415329768271,0.6487221315932572
0.6465627864344637,0.676130198915009,0.6755643138659978,0.7096481682988756,0.7068813019635591,0.7452194500091058,0.7469260414755001,0.7565683646112601,0.7835311039194535,0.7876202577600291,0.7888869226685542,0.7921089879688605,0.8061807788495892,0.7969515514425695,0.7968721585742863,0.7966886238205447,0.7786467806475081,0.7780918727915195,0.7611994880234046,0.7529432750624331,0.729563168388617,0.7203175748827139,0.6867641812343918,0.6792214813479907,0.6499372647427855,0.6442582025677603,0.6138144705667943,0.5905427189682966,0.5787143616079334,0.5571377072819034,0.5499014513528041,0.5186533212010919,0.5037433155080214,0.5103121007483117,0.5019164081036686,0.4888888888888889,0.4818379949146386,0.48794964028776977,0.48252252252252253,0.4898989898989899,0.4905558553696708,0.49472918938567795,0.49919079302283764,0.520402660435017,0.5380521554018095,0.5606139891854177,0.5773591806876371,0.5945072697899838,0.6303834272215155,0.6302816901408451,0.650189428107523,0.6757868383404864,0.6888888888888889,0.7191111111111111,0.7202007528230866,0.7492831541218637,0.7589743589743589,0.7759403961475558,0.7891081871345029,0.7963842220598978,0.7960755547405098,0.7960763138948884,0.801148600143575,0.7993821551880792,0.7944505293902884,0.781289279942539,0.7821621621621622,0.7575590984057174,0.7509474824038982,0.7410190615835777,0.7169573817658694,0.7104461566027593,0.6846153846153846,0.6702432045779685,0.6407555394115511,0.6125113327289211,0.6007898043439239,0.5739268680445151,0.5604002859185132,0.5505957673839588,0.5359838026872814,0.5197870452528838,0.5043509789702683,0.490819209039548,0.4939046253137325,0.48385933273219117,0.4770874841514218,0.4815423976608187,0.48339878614780435,0.47907569141193596,0.4947994056463596,0.4983777937995674,0.5310271041369472,0.5310987632192149,0.5506043658668591,0.5610632183908046,0.5721770551038844,0.6022109459949258,0.6232827187274042,0.6344470251920672
0.6284153005464481,0.6531418312387792,0.6744186046511628,0.6941835260115607,0.7088699437692726,0.730665709671631,0.7422382671480144,0.7513274336283186,0.7711985688729874,0.7790697674418605,0.7836529844058074,0.7960550126673905,0.7925597874224978,0.7941875342716139,0.7848146815401223,0.7768860353130016,0.7761220825852783,0.7687601223681843,0.7532817838518252,0.7369659666908037,0.7241501416430595,0.7045495740438644,0.680184987548915,0.6643176349260914,0.6463034305631994,0.6184804186969861,0.6007092198581561,0.5817257102770957,0.5702658708627238,0.5432797662527392,0.5304458137006162,0.5200143600789804,0.508730447435431,0.4792349726775956,0.471629264732713,0.4795311091073039,0.4638938053097345,0.46631750045150805,0.4516772438803264,0.4646661931818182,0.4857904085257549,0.4858644436389996,0.4981226533166458,0.5044642857142857,0.5238095238095238,0.5414058307994992,0.5523005032350827,0.5783174938401971,0.5946676274545127,0.6131270010672358,0.6304737975592247,0.6587186021113942,0.6847264302263412,0.7075971731448764,0.7180227313729027,0.7360304789550073,0.7517495395948435,0.7682993946064942,0.7725250278086763,0.7826720058245359,0.7879978567601358,0.8017042428546067,0.7971790751651491,0.7897996357012751,0.7819931021964058,0.7768459434822242,0.7618876727076979,0.7657417289220918,0.7441444662971571,0.7439596105301118,0.7063906390639064,0.7021390374331551,0.6760691537761602,0.6529400853273976,0.6316828130606387,0.615662215806568,0.5908050026422407,0.578127796670843,0.5471231909636428,0.5491833030852995,0.5142960550126674,0.5033148181329511,0.48978860623432463,0.46655850009013883,0.46734031035727175,0.47547708221865526,0.47953529937444145,0.4639971269527743,0.4653284671532847,0.44924406047516197,0.46905016008537886,0.4752191805331902,0.4965303140978817,0.5171054988357514,0.5215034333212866,0.5381468966743731,0.5676942491436813,0.5949480472948764,0.6077268643306379,0.6181494661921708
0.6080309449254007,0.644229043259738,0.6613045783984444,0.6773434672457473,0.7000916590284143,0.7169414240617328,0.728128962144539,0.7538206591787885,0.7551537070524412,0.7761487573752905,0.7700036536353672,0.7826647037173353,0.7839595375722543,0.7870886531199425,0.7788944723618091,0.7759699624530664,0.7618706325031357,0.7591344448385953,0.7510448846083955,0.7388739946380697,0.7118613138686132,0.6943509828227378,0.6684434968017058,0.6486437613019892,0.6266309204647006,0.6158242543311305,0.5790980672870437,0.5686523792226662,0.5482826829706887,0.5295679886685553,0.514967925873129,0.49067431850789095,0.47832343946753014,0.4694134580784455,0.4563247553461399,0.43768168604651164,0.4423491379310345,0.4465274058203892,0.44511652730830814,0.43799230628320207,0.4520596590909091,0.47130999639119453,0.474169741697417,0.4888888888888889,0.514441416893733,0.5188104621999283,0.5411949137780875,0.5685997171145686,0.5914270211611503,0.6032410779315368,0.6262066499821237,0.6538738738738739,0.6691946551101481,0.6883306025851084,0.6995975118916941,0.7172926873525676,0.7341480694296847,0.7495946676274545,0.7653832313781936,0.7678923766816144,0.7846099164741426,0.7894831299353913,0.7844874344603145,0.7915064662705348,0.7763157894736842,0.7686632706832953,0.7624750499001997,0.7533845590925723,0.7311220889202541,0.7191668189292892,0.7043990428860666,0.6916904422253923,0.6680408675389855,0.6320219579139982,0.6155389385372971,0.6099173553719008,0.5845988922637128,0.5553941155103523,0.5425173087164921,0.5205355527410892,0.4998236953455571,0.48178718822896105,0.47035358114233905,0.4504798116965417,0.45756392045454547,0.45232896652110627,0.4414173789173789,0.4407738638437671,0.44273972602739725,0.45302865433442147,0.45749279538904897,0.46708185053380785,0.49183599419448476,0.5006330258636281,0.5165106833833657,0.5441549040897575,0.5454545454545454,0.5680473372781065,0.5952639190166306,0.6180668473351401
0.6025687409551375,0.6305956996827635,0.6407834907310248,0.6731680641633249,0.6950146627565983,0.7149256405662068,0.7337958736534599,0.7412863816025871,0.7533831908831908,0.7684569786240345,0.7741017431519033,0.765061311533677,0.7814688453941462,0.7701519213583556,0.7779185520361991,0.775306884895926,0.7585779978776088,0.7546362339514978,0.7395198853457542,0.7179209528965891,0.7024026210411358,0.6736880334120211,0.6591800356506239,0.6524860886734877,0.6188517259881953,0.6003623188405797,0.5777173913043478,0.5506908307913153,0.5451618672867108,0.5022739676187011,0.4993760028525584,0.48928052325581395,0.459963436928702,0.43907793633369924,0.43619909502262444,0.4406261245052177,0.4302919708029197,0.42098609355246525,0.419906407487401,0.4444444444444444,0.4356453342867358,0.45313059033989267,0.45664739884393063,0.47581512002866355,0.49596122778675283,0.5133846718005134,0.538147391869315,0.55500177999288,0.5601126562224961,0.5968034871049764,0.6150529908388719,0.640481245576787,0.6614678899082569,0.6919778452742541,0.7063506423014293,0.732880386197032,0.7365728900255755,0.7462022971470915,0.7556431386599785,0.7680102133868321,0.7738774055595153,0.77207615593835,0.7858027969552133,0.787117903930131,0.7775204845030281,0.7631817358217068,0.7685251798561151,0.7524412296564196,0.7334669338677354,0.7171663097787295,0.7016245487364621,0.6734130634774609,0.6477975973789588,0.6333092485549133,0.6087493385076733,0.5893143365983972,0.5793976118338977,0.5430117222723174,0.52611603108621,0.5069834935606747,0.4723074147573516,0.47716105550500454,0.4574920297555792,0.4389148401006108,0.42885590152063724,0.40837324818165693,0.4223846016752807,0.42168674698795183,0.4388027792624265,0.4415370539798719,0.43532836092414046,0.4629106322854115,0.45715316615551144,0.477280795172169,0.4793016558675306,0.5076241134751773,0.533198081888602,0.5490055545601147,0.5922840065205579,0.6036135693215339
0.5938958707360862,0.6060445387062566,0.6373169408786837,0.6672604203776273,0.6759746146872166,0.6984357948344853,0.7176704648218485,0.7499120028159099,0.7406345223158272,0.7504462691895751,0.7649819494584837,0.7693723541321553,0.7784524635669674,0.7761274158911954,0.7750044891362902,0.7629357798165137,0.7505728891239203,0.7354099534550662,0.738863841298467,0.7186428442519401,0.7003047141064707,0.6755809664330505,0.6606465595087593,0.6210601719197708,0.6166696285765061,0.589117859725235,0.5638623671410556,0.5261538461538462,0.5166130760986066,0.5080497621661179,0.4725175707334655,0.4483818477671307,0.4466968325791855,0.42967486976827735,0.410446412434484,0.42610927759442613,0.39964570416297607,0.4196204797708557,0.4045487106017192,0.4187282389591351,0.41231209735146745,0.42981501632208924,0.43338741662159724,0.4582513856606472,0.471089360159507,0.49134199134199136,0.5013545241105292,0.5370403587443946,0.5625925925925926,0.5832155477031802,0.6016129032258064,0.6247963800904978,0.6494677972217211,0.6709409427487809,0.6908621960206337,0.7051351841771003,0.7309384164222874,0.7438647518632976,0.7554990001817852,0.7637809506596783,0.7773192176565584,0.7784377249820015,0.7742842086773231,0.7751521661296097,0.7713978108738561,0.7677639863284763,0.7386527377521613,0.7379162191192267,0.7246841074924364,0.6979599205632786,0.6784306700107489,0.6670881502890174,0.6303724928366762,0.6157024793388429,0.5887110954809214,0.5897714907508161,0.5390554857245466,0.5396153167460738,0.5025143678160919,0.48635634028892455,0.4765304301267178,0.4406658313943082,0.4499640028797696,0.42078671959581376,0.4129576453697057,0.41430354913500983,0.4182081973159231,0.40355652331700237,0.41087668242997455,0.41970138383102695,0.4188557034904642,0.4312611012433393,0.4564352856109906,0.4692209914654077,0.48644818423383523,0.5,0.5263921639760566,0.5389811940843527,0.5654836966312377,0.5949865711727842
0.5920961002785515,0.6151053013798112,0.6301785714285715,0.6397282317182192,0.66738894907909,0.6923494302767227,0.7112211221122112,0.7258494929727807,0.7529887805775244,0.748442228947837,0.7531714389271476,0.7668549241087187,0.7670733928246221,0.7626593806921675,0.7635874439461884,0.7706226716338478,0.7575974258133714,0.7376609442060086,0.7287319422150883,0.7005066956207021,0.6875453885257807,0.6713956375243838,0.6362484157160964,0.6178493845039826,0.5986345670140136,0.57006603081438,0.5506568292244016,0.5135766948390578,0.5121288921071687,0.48244496998362746,0.4713768115942029,0.4445243661212012,0.42158273381294964,0.4184499190793023,0.4055855855855856,0.4032316630355846,0.40032125646974837,0.3959418207936793,0.38647430117222725,0.40423203210507114,0.4040587062873709,0.40353982300884955,0.4238690371413484,0.4462886982469228,0.46149604852049253,0.4804964539007092,0.5014635931211123,0.5281019931765129,0.5502503576537912,0.5671587388372517,0.594706517824991,0.6099893730074389,0.6282620273388958,0.652491103202847,0.6938294010889292,0.6870686523792227,0.7142857142857143,0.725471874415997,0.7650224215246637,0.7484964461454346,0.759927797833935,0.7664845173041894,0.761396526772793,0.7650008955758553,0.7614926987560844,0.7571325388226796,0.7397708674304418,0.730817837154721,0.7041420118343196,0.6904109589041096,0.6803175175897529,0.6617358759579398,0.6411174785100286,0.6045787545787545,0.5938461538461538,0.56,0.5467164975974372,0.5032051282051282,0.488252046991812,0.4733664772727273,0.4441696113074205,0.43833660538996966,0.42334588488434644,0.4030666196686641,0.38982152323732105,0.4028751123090746,0.40106382978723404,0.38640429338103754,0.37727027513037226,0.3959481073396126,0.4030594094628246,0.4212773527842021,0.42534595775673706,0.44041910850648197,0.47158989066140883,0.48946395563770795,0.5128297795446332,0.5451001240474924,0.5510645976181884,0.5762987012987013
0.5645190076744601,0.5919927206551411,0.6210622710622711,0.6400144717800289,0.656414762741652,0.6850838803792852,0.7086165717435238,0.7210884353741497,0.7298628209637706,0.74663556432801,0.7617413294797688,0.7688594923131927,0.7596805000868206,0.7636459989401165,0.7558075727089811,0.7513731233980228,0.7416457060725835,0.7238455988455988,0.7184253690541279,0.7077666428060129,0.6776140600035505,0.6534904805077063,0.6399633363886342,0.6126093945347384,0.5828973480064947,0.5655929458340831,0.5425742574257426,0.515004492362983,0.49741025183068405,0.4695022624434389,0.45288753799392095,0.43164827340690637,0.4139765223771093,0.40386319333687754,0.38422205989773556,0.38626994084961463,0.3741214633267255,0.3821736011477762,0.3780175566934894,0.376399502399147,0.3929989173583544,0.3849090909090909,0.4074277350896451,0.41738973246565436,0.4561777777777778,0.47066326530612246,0.4900529293666728,0.5073409461663948,0.5242544017247575,0.5497212731523108,0.5775800711743773,0.599572877736252,0.6259870782483847,0.6578043045758727,0.6801137373378354,0.6845904005774088,0.7063304915653909,0.7232524964336662,0.7426921688920968,0.7478901059436165,0.7545936395759717,0.7575649059982095,0.7665002773155851,0.7476923076923077,0.7527207850133809,0.7534097108565194,0.7419642857142857,0.7320285348454363,0.7109471094710947,0.6837866857551896,0.6616270698344132,0.6546685673556665,0.6247123384669853,0.5973702914001422,0.5850206056262318,0.5350170159412502,0.5243924392439244,0.494199535962877,0.47212638460141637,0.4571845901040716,0.4469964664310954,0.42824032804421464,0.4074803149606299,0.3865075058780973,0.38219227967953384,0.3743913435527502,0.37687366167023556,0.37980856059237855,0.373340509508432,0.39256049115204045,0.40232142857142855,0.40867538985481267,0.42184386886433617,0.42831412103746397,0.44841620952043887,0.4608460846084608,0.49011576135351737,0.5233912887614268,0.541921554516013,0.5665782493368701
0.5667623833452979,0.5843946188340807,0.6012511170688114,0.627958172812328,0.6635718186783178,0.680635838150289,0.6930391101542878,0.7140053523639608,0.7283485745024206,0.7282142857142857,0.7569721115537849,0.7565078802904197,0.7605195755579949,0.7545126353790613,0.7500453802868035,0.7558181818181818,0.7390283547047137,0.7194837784549203,0.7051033021366767,0.6937262701139034,0.6721570001752234,0.6465149359886202,0.6337854500616523,0.598939929328622,0.5962889569446946,0.5583348222261926,0.5318843183042932,0.4937388193202147,0.4742673338098642,0.4540501271340356,0.43431734317343174,0.4112716247547708,0.4064228367528992,0.37717076700434155,0.3744,0.38231098430813126,0.3561990950226244,0.3583424607520993,0.3618135838150289,0.36778499278499277,0.3677049767275331,0.3893980233602875,0.4008628437893223,0.4174917491749175,0.4244721169463996,0.4487087517934003,0.4820194862710363,0.49296028880866427,0.5173352695589036,0.5438627836340897,0.5744951791886483,0.5961642844219287,0.6229070181688635,0.6440769369045479,0.6708860759493671,0.6888528138528138,0.7068996905152012,0.7250317201377561,0.7404071338497568,0.7490018148820327,0.7550796265788029,0.7568592057761733,0.7612237509051412,0.7453695378529042,0.7505895156901868,0.7448545067423705,0.7274678111587983,0.7170046246887228,0.6992250856010092,0.6761800219538968,0.6692515779981966,0.6415945165945166,0.6086029150373267,0.5837451949478308,0.578434908041832,0.5449264839353785,0.5135326375375907,0.47956403269754766,0.4663287472845764,0.44271948608137046,0.4219001610305958,0.411436791943895,0.3917657822506862,0.3806509945750452,0.37522155264090745,0.36034420939404804,0.360328219764538,0.362729378229111,0.3624408206207259,0.37354988399071926,0.37718984626385416,0.39761646803900325,0.4021365200072424,0.409850640113798,0.4394732094533646,0.4595411701938467,0.4840970350404313,0.49874326750448833,0.5386560693641619,0.5620347394540943
0.5555555555555556,0.5800510576221736,0.6017300414489097,0.6317300789662599,0.6494565217391305,0.6705461056401074,0.6864835561980485,0.7061921191211186,0.7285034760336626,0.7333571301088703,0.744165008141849,0.7505022831050229,0.7633423180592992,0.7471056439942113,0.7610108303249098,0.74637943519189,0.7325708061002179,0.7217136580007323,0.6995606005126327,0.6916817359855335,0.6667871340802313,0.6380677721701514,0.6096797938903202,0.5949884485516261,0.5726634251755808,0.548838858358447,0.5187032418952618,0.5017901897601146,0.4662698412698413,0.44983008406367375,0.4160298560511818,0.40414137807925743,0.39596136962247586,0.3799892607839628,0.3624333762176071,0.36286231884057973,0.3466150156797639,0.3516639971525182,0.34782608695652173,0.35215643274853803,0.35698924731182796,0.3698705088455225,0.3792550347531634,0.3980441868888084,0.42148319402454204,0.43208118212568986,0.46370235934664245,0.4861809045226131,0.5156806842480399,0.5458160130128321,0.5637852593266606,0.5706144256455922,0.6142241379310345,0.6309782608695652,0.6542379046926154,0.6951994352276738,0.6965617609605239,0.7241316931982634,0.736328125,0.7286947141316074,0.7601793721973095,0.7430107526881721,0.7627333695849193,0.7615632843313015,0.7571913525102734,0.7402319357716325,0.7188281529117542,0.7160759040458289,0.6945652173913044,0.6701308009317327,0.6652802893309222,0.6362147406733394,0.6159641255605381,0.5924145299145299,0.5793886462882096,0.5248051027639972,0.5053162732023788,0.4857247437774524,0.4608994040093914,0.4261463073153658,0.4090664755420176,0.38443773316752533,0.38814358230601886,0.36829537105069804,0.36713665943600865,0.35743764579221243,0.3528991971454059,0.3444363103953148,0.3445554971067859,0.3558802308802309,0.3657767890248424,0.37979906709723715,0.39481216457960644,0.41321869962385815,0.4258111556689756,0.4527087430716968,0.4617169373549884,0.4898618338417369,0.5196271733285535,0.5566413318856316
0.5392350511761537,0.5687399175479476,0.5892857142857143,0.6111913357400722,0.6278155166249553,0.666366258111031,0.6923632424625383,0.7007233273056058,0.7195518612215396,0.7319401909565844,0.7473088852399197,0.7533405561574575,0.7506417308397506,0.7473167182099327,0.7345388788426763,0.7412587412587412,0.724629830263633,0.6995571302037201,0.6959495949594959,0.6822760204983213,0.663739480424442,0.632518293771194,0.6107465862741621,0.5905141202027516,0.5698983297022513,0.5332369942196532,0.5092828540225701,0.47512301804264623,0.45350295645941585,0.4169227987705659,0.421344297461566,0.3879653053848934,0.3801713140149444,0.35297307066690764,0.3484090096531999,0.3261674008810573,0.33501078360891445,0.3214222222222222,0.34616775126536514,0.34752155172413796,0.3449285975833028,0.3689697826471108,0.37575974258133715,0.38302463585686025,0.4027220380387367,0.4122340425531915,0.4585793522991591,0.4859053126129382,0.4878531581788735,0.5331041968162084,0.5587453482190324,0.584629294755877,0.614544151889665,0.63510101010101,0.6524873828406633,0.6792799412196914,0.6964884418563614,0.7144430170673518,0.7251059322033898,0.7456172388604821,0.7363799283154122,0.751770538243626,0.7493883257602237,0.7512773722627737,0.7383040935672515,0.7342951059167275,0.7266787658802177,0.7064568638090071,0.6823613340467273,0.6568292244016556,0.6396819660281894,0.6264378309293409,0.5960457101396699,0.562748643761302,0.5550645218313593,0.5176618253541331,0.4859293780247356,0.46420901932712955,0.44599928238249015,0.4283185840707965,0.3906585540443808,0.3932442196531792,0.37262289199856474,0.35510857956568176,0.33475783475783477,0.3374580166165812,0.32798702468913316,0.3369162342475908,0.3355643994211288,0.33815028901734107,0.34472161966738973,0.3663754679978606,0.3691716950082282,0.40945454545454546,0.41224635101459595,0.43437443581873986,0.4554813075672747,0.4830508474576271,0.5084169054441261,0.5449601160261058
0.5453085979307885,0.5663764961915125,0.5827182718271827,0.612082957619477,0.6347699050401753,0.6675031367628608,0.6783928902055175,0.6975197699496765,0.7152999645012424,0.7182750088370449,0.7420284633399388,0.7349945434703529,0.740880503144654,0.7467381590705987,0.7365312332199749,0.7300845171731702,0.7253381424706943,0.7161842344802476,0.6936888888888889,0.666196189131969,0.6605633802816901,0.6440314510364546,0.6051533297042279,0.5896336014298481,0.5585020605626232,0.5281486827859978,0.5000895575855275,0.48226442135435327,0.43519683623943917,0.4238095238095238,0.3965392934390771,0.3811520233321181,0.3651889534883721,0.3466618418671974,0.3452359590884622,0.33285560730920816,0.32366799565059806,0.322180916976456,0.31983876621100593,0.3270167839740119,0.340086052348512,0.3462013044244668,0.35516052965717393,0.3808229110023564,0.4029178674351585,0.40903410105338334,0.43992073500270223,0.46946564885496184,0.4890853328522461,0.5190743084433195,0.5467229667706994,0.5791477787851315,0.5907195939822367,0.6252902303982855,0.6567406605305901,0.6668466522678186,0.6676694390373386,0.7084468664850136,0.718135469774217,0.728740581270183,0.7413701540095592,0.7472112270600936,0.7481135465325188,0.7337168305808127,0.7454284689852994,0.727321143262915,0.7209429824561403,0.7026244343891402,0.6858293665324057,0.6593800394194589,0.6362807657247037,0.6138757718852161,0.5937899543378995,0.5614160557840158,0.5544768069039914,0.5064608758076095,0.4894927536231884,0.4572764885770822,0.4343761236965121,0.4127896533141728,0.392946205913787,0.3782109673893241,0.35397428933550606,0.34490238611713664,0.3338203067932798,0.32618876080691644,0.3190249072602014,0.31886146640245,0.32984200248535417,0.33864613180515757,0.33657909241227263,0.3630338733431517,0.36739400390278515,0.3861702127659574,0.40665598861007296,0.4382267441860465,0.46780269058295965,0.47806862398302086,0.496284212434294,0.5309287646528404
0.5178571428571429,0.5546448087431693,0.5770392749244713,0.6146359048305696,0.6397605659350626,0.655483870967742,0.6782012998419111,0.6962294211364843,0.7167087693973295,0.7317251461988304,0.7272563825961884,0.733152664859982,0.7475485826350509,0.7371171171171171,0.7327386262265834,0.7209049773755656,0.7149859943977591,0.7090156559294584,0.69718051995606,0.670554458998744,0.6505537001230445,0.6194979992724627,0.6076469537252099,0.5756741882223445,0.5536294691224268,0.5154944289693594,0.5023976392475101,0.4664045746962116,0.4470484581497797,0.41881420075689313,0.3944787504540501,0.38176895306859204,0.3418349273822175,0.3368099262722532,0.32871037463976943,0.3148311826056214,0.29878820763248326,0.31128475377067055,0.3078037298569618,0.30736803519061584,0.3220765223639303,0.33880939763292706,0.34977578475336324,0.3615040286481647,0.38676337262012694,0.41363799928031664,0.44058769513314966,0.45038032902883424,0.4891837847664061,0.5185860058309038,0.5552953890489913,0.5662993245645218,0.6013833272661084,0.6099060014461316,0.647877145438121,0.6564438929267861,0.6791071428571429,0.7009893733968486,0.722072798995876,0.7243116789634695,0.7389579953127817,0.7410888455399893,0.7276704338315713,0.74598694655142,0.734475374732334,0.7300503235082675,0.7225592939878654,0.7082357181474139,0.6738656987295826,0.6586417535034136,0.6409564904710536,0.6108365367014461,0.601063829787234,0.5627369561292652,0.5301377213378644,0.5040533237254549,0.48493051795704745,0.4460457575211674,0.4289961525008744,0.41373656403716524,0.38344502807462416,0.36068840579710143,0.34412385643912735,0.32993744414655946,0.32385952208544533,0.3189932167083185,0.30450258053034346,0.31002661934338954,0.31568228105906315,0.31389891696750905,0.33046749059645353,0.33785450061652283,0.3595890410958904,0.3758639021796917,0.399964176965789,0.426264800861141,0.4478339350180505,0.47973713033953996,0.5135725997449444,0.5173873045078197
0.5102220655622136,0.5443819204937376,0.5712725286728564,0.6020999275887038,0.6325258282864268,0.6481880157875852,0.6776589961949628,0.6804141804141804,0.7020415670406475,0.7044343891402715,0.7284195350513606,0.7316550615961436,0.7412458532989311,0.7499089916272297,0.7358318098720292,0.724653537563822,0.7176621473067057,0.7051792828685259,0.6940192239231043,0.6628875110717449,0.6545618789521228,0.6114468538926413,0.5998921057363783,0.5594417947359124,0.5360028730472257,0.5215700796148861,0.47368421052631576,0.46494992846924177,0.42451999295402504,0.3956899674031148,0.3894080996884735,0.35926976249556897,0.3502722323049002,0.3323918799646955,0.32161078717201164,0.3148247978436658,0.31462071415882037,0.3067133898930284,0.3055258467023173,0.3023516237402016,0.31553667097727695,0.33734061930783243,0.3523654159869494,0.3627822944896116,0.3702565955908927,0.40445402298850575,0.416045115517555,0.44880485194434533,0.4861988093090384,0.5156813266041816,0.5422849991060253,0.5680926916221034,0.5901907356948229,0.6172971053098917,0.6458295475195348,0.6603122730573711,0.6852021218218401,0.701308273447577,0.7056066342166937,0.7222222222222222,0.7329048384217104,0.732642675390767,0.7459517812162648,0.7324408582431688,0.735122307411464,0.7283666607680057,0.7097058305443016,0.6924899744804958,0.6680140597539543,0.6567028985507246,0.6319141193595342,0.5952809798270894,0.5785843920145191,0.5457063711911357,0.5260209613299602,0.49630697171680777,0.4741149261697207,0.45428209306536305,0.4238386748289521,0.3980862971655533,0.3678527172950965,0.3448706512042819,0.3354792560801145,0.3211743772241993,0.3121768586200749,0.31625131625131625,0.29709885386819485,0.3104143747708104,0.30632267441860467,0.3135532448906418,0.3073002002548698,0.3247924936845904,0.35403502437263046,0.36631656532154044,0.3849874596918667,0.4301036825169825,0.4441484638607707,0.4628480226990601,0.5017107869620026,0.5173592372728908
0.5128809869375908,0.5423942394239424,0.5737122557726465,0.590407841764397,0.6349911190053286,0.6455403240163788,0.6632265073329712,0.6767640123344821,0.6907730673316709,0.7152121549008709,0.720735481521937,0.7378988884904983,0.7315970338216675,0.7381889763779528,0.7364174287251211,0.7335633853977479,0.7111465532518164,0.6950316169828364,0.6909901873327386,0.6741472172351886,0.6418931077919741,0.6167909123180688,0.5903196347031964,0.5566325614790881,0.5291614961886191,0.5122973219165604,0.48685403445149594,0.4570868945868946,0.4322278298485941,0.401155443220798,0.3816821097647897,0.3657028550645572,0.330216969483154,0.31584640346133047,0.3093027489532132,0.29795326933526534,0.30655504096900604,0.2899911426040744,0.2918781725888325,0.2984888888888889,0.3245848955543653,0.3187466234467855,0.32909806728704366,0.34517676319062,0.371536523929471,0.3936246418338109,0.42071843251088537,0.44495412844036697,0.4755449716065213,0.4993593263774483,0.5195550771438823,0.5529518619436875,0.5811811450243815,0.6101874778917581,0.6388837553132508,0.6577696526508227,0.6814239248283339,0.6926794344012887,0.7151580459770115,0.7254061774683093,0.7259518116608423,0.7324680007211105,0.7353205243311187,0.7506750675067507,0.7342619392185239,0.7075981274756932,0.7104587155963302,0.6857554475058527,0.6768456978624035,0.655693950177936,0.6224562656194217,0.6011498383039885,0.5739644970414202,0.5570127504553734,0.5293493635077794,0.49255054984036895,0.46337926033357507,0.44517066085693535,0.4251755807671529,0.38024602026049203,0.37990552325581395,0.3468727534148095,0.33016499282639883,0.31295620437956206,0.30678990401706363,0.29486500794070936,0.29542097488921715,0.2937701396348013,0.29768367716250455,0.2966366476750597,0.3005464480874317,0.3223469757334299,0.3427599785215679,0.3610408384531984,0.39595887982984757,0.41040878804249953,0.4127949852507375,0.4429688921229762,0.48121978430643364,0.5029692280007199
0.5114719378750441,0.539227895392279,0.5717102904266762,0.5911801915778059,0.6189447145687016,0.6465132869627251,0.6617490223960185,0.6736672051696284,0.6938258193011044,0.7185448092280391,0.7322249734701096,0.7315592070012502,0.7409156976744186,0.7308934337997847,0.7301760116131374,0.7308104248482685,0.7104322972490175,0.684060042887777,0.6902045989498461,0.6488288288288289,0.6397868561278863,0.614273127753304,0.5845019777058612,0.558055152394775,0.5274607703281027,0.5075837742504409,0.48212351029252437,0.4500544860152561,0.42127965492451475,0.3887685084868183,0.36822125813449025,0.35663082437275984,0.33517956047882796,0.3244452397995705,0.3092691622103387,0.3021621621621622,0.28149216074968464,0.2731574158325751,0.2911775168979011,0.29597135183527307,0.30654338549075394,0.30666190391141274,0.33048846922099145,0.339546783625731,0.37086814384308026,0.3969867489562534,0.40990171095740807,0.4467893217893218,0.47128499641062455,0.5101559666303953,0.5249776186213071,0.5465748459586807,0.5843516323180741,0.6048179477749173,0.6278195488721805,0.6644061583577713,0.6707796852646638,0.6934056007226739,0.707321493294672,0.7233000906618313,0.7302821997105644,0.7426364942528736,0.7330140145467448,0.7413671599718111,0.7342269883824843,0.727918411946822,0.7028622540250448,0.6916726489590811,0.6737143881024906,0.6286751361161524,0.628068303094984,0.6000724506429994,0.5706275999276542,0.554143547521031,0.5290102389078498,0.4827156094084106,0.45037620924399857,0.4306795408999818,0.4,0.3908726702665041,0.35571302037201064,0.34037515935166635,0.3239130434782609,0.30036887405585805,0.30787415893798875,0.2994786985439511,0.2859450726978998,0.2843084630524244,0.29723461195361284,0.304097771387491,0.3068916008614501,0.3215467688556001,0.33126142595978064,0.348340395480226,0.37376146788990827,0.39911816578483245,0.4193842229914374,0.4624977408277607,0.4711023902961113,0.5158007498660954
0.519449972860503,0.5338159985873212,0.570091743119266,0.5900925421883506,0.627404718693285,0.6359412748559747,0.653832313781936,0.6742188927462086,0.707942238267148,0.7101343988376316,0.7255889228556015,0.7164478482859227,0.7396239801347996,0.7199148029818956,0.7335479256080114,0.7211691762621789,0.6948356807511737,0.6974037600716204,0.674422832212325,0.6537286612758311,0.622338505954529,0.6214750542299349,0.5800539083557952,0.5440806045340051,0.5259670487106017,0.5024,0.46955887714181554,0.449137311286844,0.4119364847599927,0.3901827302042279,0.3608452230449702,0.3460157932519742,0.3289018393735203,0.3133214920071048,0.29738445001791475,0.29549582273883035,0.2861794500723589,0.28722050536266136,0.289544718373223,0.2971501179887457,0.28543342269883826,0.3161077515118197,0.31141746200070697,0.32963889882016445,0.36839332748024584,0.38575293056807936,0.40483929216323583,0.4434217650243638,0.4703058321479374,0.4942238267148014,0.5231156682856629,0.5427267941744166,0.5722395165720564,0.6033149171270719,0.6254493170381021,0.6485003657644477,0.6636893911775429,0.6880318667390911,0.7119458785828734,0.7199413489736071,0.7344663742690059,0.7210602235845655,0.7328028293545535,0.7324545778411115,0.7197920401577627,0.7165932452276065,0.7043124779073878,0.6929445644348452,0.6671482752392992,0.6360957642725599,0.6252217098261795,0.6047721564406171,0.5739506395244101,0.5573115349682107,0.5092343553882015,0.49484352773826457,0.4501864677677144,0.4238757449882608,0.40370303140315844,0.3782764811490126,0.3683164739884393,0.3340429306368636,0.3098441926345609,0.31332383327395796,0.28914798206278025,0.2859203172886245,0.293335728399497,0.2729069349622709,0.28084415584415584,0.2934881189914747,0.28665014164305946,0.31653888280394304,0.33398264565255886,0.34501878018243604,0.38094377146989694,0.39191176470588235,0.42412451361867703,0.4434117003827228,0.476801760498808,0.5079763398458506
0.5039240737360833,0.5305357142857143,0.5585537918871252,0.5770673334524022,0.6122264423946464,0.6333887964503605,0.6563405797101449,0.6784156976744186,0.6901535682023487,0.7124773960216998,0.726911976911977,0.7258783663278046,0.728160607704829,0.7354364581466213,0.7292385971288388,0.7234545454545455,0.7124555160142348,0.6972673691730666,0.6737588652482269,0.661544024588682,0.6321530758226037,0.609000900090009,0.5834960070984916,0.5455535390199637,0.5203353549768106,0.49973352282821104,0.46898173268222104,0.44217810963394644,0.402555910543131,0.3888987409115091,0.37581872897858026,0.3476464247215235,0.32649018548532327,0.31521739130434784,0.2934024673699267,0.2912448943349316,0.2708638360175695,0.26933575978161967,0.2725282743524261,0.2896017300414489,0.2985781990521327,0.3004213225865543,0.3083756345177665,0.322202486678508,0.37239307175680453,0.385502471169687,0.417939960452993,0.4274481772694782,0.45721048798252,0.49179144867400326,0.5240931239848403,0.5472948763883912,0.5648854961832062,0.6058248914616498,0.6177578475336323,0.6528376436781609,0.6717693129227483,0.6886260236578708,0.7133655394524959,0.7048290830168205,0.726526240628347,0.7235830502413731,0.7208454810495627,0.7330935251798562,0.7262032085561497,0.7163988312636961,0.7002527988443481,0.692225392296719,0.6681112314915132,0.6418097281831188,0.6252699784017278,0.5999275231020113,0.5609154929577465,0.5349887133182845,0.5117967332123412,0.4908700322234157,0.4579669363348575,0.42629193109700814,0.4049168474331164,0.37771239426259656,0.3447529751172016,0.3291689299293862,0.3245502453207341,0.30634181297026153,0.2883578871721164,0.2934208128303262,0.28195017028141245,0.27972283005105764,0.27744119743406986,0.28267096312209095,0.2890978123305008,0.30416816385195833,0.3525258011950027,0.35280289330922243,0.3685067873303167,0.40207122093023256,0.41418365568914445,0.45244589925440987,0.46276978417266185,0.4957404386441907
0.5092943512001443,0.5305826999638075,0.5485559566787004,0.5823235923022095,0.6121888726207906,0.6323342415985468,0.6616391059422133,0.6810283687943263,0.6882863724968988,0.7217934582873944,0.7286793810723282,0.7270898115968538,0.7285586392121755,0.7298983776074166,0.7285180572851806,0.7223796033994334,0.7078530259365994,0.6914306075182611,0.6817937219730942,0.6541027953110911,0.635106000718649,0.6049625133880757,0.5808714918759232,0.5651474530831099,0.5175517551755175,0.49229653797353634,0.46776800143652364,0.4338577046835896,0.41500711237553345,0.3682323413409824,0.3697703400391668,0.34071519332002176,0.3199641897940913,0.3106970077047124,0.28802880288028804,0.29209069808962684,0.27347460723419803,0.28299469156141316,0.2842085798816568,0.2857922503183555,0.289016305321627,0.2990838871923837,0.31500716332378226,0.34280967325087686,0.3597816196542311,0.38311688311688313,0.406266980619453,0.4248471772743617,0.46306664258623803,0.4830944505696435,0.5196309028406007,0.5468722310827574,0.5667026249550522,0.6042075236227491,0.6198288159771754,0.6501915010031005,0.6768846907859561,0.6948818897637795,0.6952535059331176,0.7119671838772962,0.7167327803822575,0.7219664886761186,0.7275669843553317,0.7307623638635958,0.7284127552848442,0.7059242127735278,0.6895025668259869,0.6895863570391872,0.6627354339024819,0.6439393939393939,0.6237281976744186,0.5758862629246676,0.5821545157780196,0.5492700729927007,0.5163014430785676,0.4844063468903885,0.45121951219512196,0.4230022931733992,0.4101449275362319,0.37797246558197745,0.359964253798034,0.3260632497273719,0.30749448934606904,0.28812330009066184,0.28059487547034584,0.2866508832635221,0.2735814962052765,0.2819358469330332,0.2849609019821786,0.27708671353884984,0.2992410552945428,0.3136838378474066,0.3291026099392206,0.3470512584971523,0.37281795511221943,0.38759831717578197,0.41159627773801,0.44942196531791906,0.4806076854334227,0.4971212666426772
0.5060068136991214,0.5266787658802178,0.5642517186673718,0.5952207223641007,0.6168527187612531,0.6222578919208133,0.6640726329442282,0.6741593567251462,0.6946753935963206,0.7200866269626421,0.7263138752500454,0.7285662824207493,0.7318515863057896,0.737349836184929,0.7390374331550802,0.7254575707154742,0.7113640405477503,0.685971685971686,0.675199709513435,0.6555316091954023,0.6313528990694345,0.6062544420753376,0.5705423608649415,0.547739602169982,0.5290040131338928,0.49136069114470843,0.4680122544602631,0.43454742156509196,0.41073014745070174,0.3798337549692808,0.3549846209516917,0.33716056132677236,0.3099361896080219,0.30700017995321216,0.30077165906699405,0.29282655246252676,0.2712623097582811,0.27266276388149724,0.2587312900926586,0.2836119186046512,0.2934208128303262,0.2942133815551537,0.3078857553439914,0.3501605422761327,0.36045446215869525,0.37691187181354696,0.40400638184719023,0.43184690377324425,0.4677505806682151,0.49230211918130773,0.5201576778355134,0.546515870120394,0.5740906647554201,0.6065189987394202,0.6251996450754215,0.6476582052198785,0.6733416770963705,0.686436024162548,0.6947711235751765,0.7103582830791061,0.7274527452745274,0.7315374748030053,0.7308112040742089,0.7269971469329529,0.7131782945736435,0.712866015971606,0.7030935383488925,0.6807250538406318,0.6581272084805654,0.6542192934285191,0.6350312779267203,0.5926197907104829,0.5700596637136142,0.5390909090909091,0.5193409742120344,0.4915072411943501,0.4556350626118068,0.42755302085189806,0.3907010272121103,0.37105886641151814,0.34383390012529086,0.33601539268847297,0.310252281266774,0.2955043859649123,0.2891522988505747,0.27467811158798283,0.27067933826117563,0.2670157068062827,0.28397711015736765,0.27086007702182285,0.2927831368345838,0.3032816444284169,0.31681190994916486,0.3493150684931507,0.3591259179652517,0.3937409024745269,0.41686267414510586,0.4535070497947528,0.46522131887985546,0.5143165856293895
0.4983564645726808,0.5179817498658078,0.5560838175735164,0.5789947757160872,0.6024968337253482,0.6316725978647687,0.6551286698079014,0.6758290477034935,0.6998765649797214,0.7106986899563319,0.713874392657909,0.7347657625924622,0.7186366932559826,0.7284327821711,0.7179674648144764,0.7181586608442504,0.7013864201919658,0.6967857142857142,0.6694868493654589,0.6653543307086615,0.6459854014598541,0.6050850557892812,0.579476139217797,0.5506810543074474,0.5329949238578681,0.4993604969852001,0.4553396327331075,0.4278084386683283,0.4220021223912275,0.3735663571818678,0.3678832116788321,0.33206452782309226,0.32512138104657434,0.30135256988277725,0.28870443883074703,0.28216216216216217,0.2756062251176258,0.26896305550597893,0.2778783490224475,0.275599128540305,0.27381397086290626,0.301309271054494,0.32417878298330643,0.33423180592991913,0.3506587258617578,0.3796781775447478,0.4102425876010782,0.43951466859833394,0.4636891793754539,0.4785688339992735,0.5069456972758434,0.5373134328358209,0.5737355811889974,0.6017126878713737,0.62085734870317,0.6447951764497252,0.6613747068374527,0.685993839463671,0.7096136567834681,0.7177694100771024,0.71987087517934,0.7374342224641626,0.7327106161307706,0.7247311827956989,0.7298125450612833,0.7194522471910112,0.7040670709953621,0.6812647646738142,0.6643636363636364,0.6332618792425866,0.6241198772341577,0.6002867897472666,0.5706853247219232,0.5333213580025148,0.5189338235294118,0.47706258890469416,0.4609598853868195,0.4146957934645243,0.4019642230796212,0.36126961483594866,0.35230741605315136,0.3305416963649323,0.3166876234955991,0.30697002527988443,0.2781373606616325,0.2796005706134094,0.28054619613406634,0.2805628847845207,0.2730239303843365,0.28012912482066,0.29140611041629444,0.30801229878820763,0.3183856502242152,0.341059012301658,0.367003367003367,0.3787210584343991,0.41123156211124934,0.44772560528246513,0.46562556094058516,0.5075512405609492
0.4986415504437602,0.5390222222222222,0.5670753696357735,0.5769159398775283,0.6090454057919199,0.6453022578295703,0.6516549104720565,0.6883234073271972,0.6904247660187185,0.701120797011208,0.7303785780240074,0.7413948459181835,0.73,0.7269258720930233,0.7271088680605624,0.718682505399568,0.7126293257224402,0.6906501095690285,0.6824995484919631,0.6406730595259634,0.630073305918112,0.6090527468516153,0.5678227710187035,0.5460775473399458,0.5194734944103858,0.47782002534854245,0.4508802816901408,0.4447825308752461,0.3982884649670173,0.3912886318452919,0.3576100406575924,0.34064937420642116,0.3155730377257286,0.29618237741993847,0.28963029756537423,0.278809042455431,0.28231771750616413,0.2735523688509711,0.281317494600432,0.2813867974085099,0.28859060402684567,0.30430879712746856,0.31181074350764854,0.3463887890765361,0.36054913294797686,0.385958595859586,0.40213960014030165,0.4139344262295082,0.45557963163596965,0.4945074734377814,0.5127974044700793,0.5481012658227848,0.5839854413102821,0.6037291817523533,0.6339431262452454,0.6487018800358102,0.6735959153902261,0.6797824116047144,0.6981973942530787,0.7132662397072278,0.7226905829596413,0.7321266968325791,0.7289836888331243,0.7292230034252749,0.7244897959183674,0.7069150841992118,0.7070361705956452,0.678494623655914,0.6511503477795613,0.643840579710145,0.624103299856528,0.6013370865587614,0.5647706422018348,0.540873663222766,0.5094976034084857,0.4829956584659913,0.46074047576462174,0.42293777134587557,0.3870967741935484,0.3853615520282187,0.35757464737131345,0.32788357887172115,0.31810099573257467,0.30848787446504994,0.2854830005396654,0.28227688992637817,0.27967625899280574,0.2732191163210099,0.2790363178712693,0.27571351642434033,0.306910937783421,0.31755132235990385,0.3393592267764453,0.3484491202612008,0.3699620459063799,0.391810737033667,0.40878136200716847,0.45104895104895104,0.48652559233134385,0.5058552164655784
0.5073703366696998,0.5260126012601261,0.5446509110589933,0.5769930833636695,0.6087357169185403,0.6454529018260713,0.6670865574950513,0.6775153431281383,0.702667654686921,0.7176323319027181,0.727160275667079,0.7326839826839827,0.735946089732222,0.7283195394026628,0.7287826245665268,0.7168523176428315,0.7098246895544192,0.7001065340909091,0.6775244299674267,0.6561061946902654,0.6406530319339792,0.6071558300036324,0.5878353546490261,0.5515800944424264,0.5283687943262412,0.4939587775408671,0.46828122176034703,0.4477100613054454,0.4147053457398285,0.3911095178347374,0.3514525040099804,0.35389080355523306,0.3264477401129944,0.3067671872195297,0.29620980779594036,0.2824828085414405,0.2782993799822852,0.27529286474973375,0.2739775606225118,0.28358744394618834,0.28758287045332376,0.3064400715563506,0.32415955408465424,0.3426193921852388,0.35658082975679545,0.37266291522962425,0.4108388481488106,0.42511644571838053,0.45732368896925857,0.4878531581788735,0.5220303137116673,0.5355292376017765,0.5709348854128774,0.6033928571428572,0.6284143313231643,0.6471337579617834,0.6674524025385313,0.6898258478460129,0.7069994574064026,0.7219812002892263,0.7300494350282486,0.7316032705296837,0.713667508113956,0.7305565794323627,0.7217749150116299,0.7017730496453901,0.6899376669634907,0.6782091640433718,0.6621549421193232,0.6420454545454546,0.6230423042304231,0.5940217391304348,0.5746174617461746,0.5513918629550322,0.5050793085011585,0.4846058017440826,0.4587122590032739,0.4305555555555556,0.4040219378427788,0.36810595065312046,0.3595238095238095,0.343170171408376,0.32391816042006155,0.3066498012287676,0.2880405283155419,0.2797277936962751,0.27586206896551724,0.2787418655097614,0.28060850439882695,0.29012797074954294,0.29400214209210995,0.3083645443196005,0.3333333333333333,0.3470922766464869,0.3700984780662489,0.3906669050598963,0.42422058028473597,0.44484694801666363,0.4837538573243783,0.5006220010662875
0.5158216468896081,0.538235294117647,0.5584040440512728,0.5895346731848633,0.616537281097671,0.6294725193655478,0.6573157315731574,0.6880434782608695,0.7047896558004006,0.7170014347202296,0.7325581395348837,0.737760370304433,0.7373938189047533,0.736455463728191,0.7193446088794926,0.7160826594788859,0.7083551369265655,0.6956757734756649,0.6685432793807178,0.6552156020755054,0.6245727648857708,0.6185205681608559,0.5889070146818923,0.553587565515995,0.5341372583791453,0.5034308414590105,0.4678564924421781,0.4497999272462714,0.41489171290495797,0.37446043165467624,0.3667081629023653,0.3394251242015614,0.3280555061376979,0.3086397391776852,0.28850678733031676,0.2920738327904452,0.2909385696270942,0.2803738317757009,0.28133039323778025,0.28969309916622316,0.2976991150442478,0.3079262837716944,0.3236088600756348,0.3503675811368119,0.3535083020889127,0.38457379708055506,0.40235720761559385,0.42900681247759054,0.465036850620169,0.5055079559363526,0.5294223179045568,0.55278938760676,0.5717427157778999,0.6091135635457459,0.6311270125223614,0.65149359886202,0.6704938946601057,0.6869830996044588,0.7119199272065514,0.717059891107078,0.7322236294554008,0.7261343012704174,0.7340540540540541,0.7311923349893541,0.7199568888090534,0.7130085750775406,0.6901790558871406,0.6992320057153063,0.6645744877238324,0.6574923547400612,0.6306355241716458,0.5909512330799184,0.5776430736316635,0.543178519593614,0.4986571172784244,0.4910682386566631,0.4544157002676182,0.4298323036187114,0.39927338782924615,0.38964044143823423,0.35172158459829694,0.3334518307856381,0.31272530641672674,0.3077058409570725,0.29825498575498577,0.2982836495031617,0.2778669520242554,0.28754976474846183,0.2853794844059852,0.2920527441197434,0.29377608419524587,0.308759913482336,0.3293150684931507,0.34744525547445254,0.3619239209948793,0.3971413063144563,0.4314748201438849,0.43745557924662404,0.4821977227543828,0.526567481402763
0.5147404593959125,0.5324981844589688,0.5666786484543493,0.5851197982345523,0.6314558214864135,0.6409474250852324,0.6669673462024175,0.6844484629294756,0.7085152838427947,0.708348134991119,0.725297176820208,0.7327115959880345,0.7369843271482616,0.731086279538377,0.7342541436464088,0.7144390767579173,0.7095608169166817,0.708905315029919,0.6824175824175824,0.668904593639576,0.6478949262324577,0.6058287795992714,0.585400934915498,0.5575757575757576,0.523405823811279,0.4928545254672041,0.4881673087506879,0.44821364128473473,0.4244420051225759,0.38497233624843835,0.3843573446327684,0.3606467021862943,0.3419975075663165,0.3086799276672694,0.2980665950590763,0.29524485450674237,0.28333634883300163,0.27686540521242414,0.29805309734513274,0.28938386922938747,0.30802919708029197,0.32168850072780203,0.333981612446959,0.34658385093167704,0.35725908515639127,0.37982677733670156,0.41418439716312055,0.440057173485796,0.46349837368991686,0.49727668845315903,0.5207650273224044,0.5559612926784736,0.5780294857964761,0.6052205220522052,0.6312932809283174,0.6487065120428189,0.6836279235850741,0.6873743833363786,0.7002851033499644,0.7247789207724238,0.7177536231884057,0.733226266952177,0.7566980448950036,0.735934664246824,0.7326261887344551,0.7204845416742,0.7026833631484795,0.6856627592425608,0.6863135056951727,0.6423146473779385,0.634199527530438,0.609049773755656,0.5611101227539583,0.5394760614272809,0.5099079971691437,0.5064840182648401,0.4571991404011461,0.42893172401369123,0.4035181236673774,0.3784313725490196,0.3733573357335734,0.34332129963898916,0.33004307250538406,0.3031698246856738,0.3062305865156221,0.29881184607199857,0.29425451942008235,0.28,0.291146019278829,0.29918032786885246,0.3098818474758324,0.3121606948968513,0.3278717099529371,0.36170970614425646,0.3748854262144821,0.3943155243748876,0.42900302114803623,0.46238499007757533,0.48867137937284755,0.5019059720457433
0.5159258592765881,0.5398960014344629,0.5631960403040481,0.5883306320907618,0.6233303650934996,0.6550445103857567,0.6706074936340487,0.6753059755219583,0.7028097982708934,0.7145187601957586,0.719804134929271,0.7358222222222223,0.7383396362326671,0.7359479486716067,0.7275664034458005,0.72265625,0.7206951587160844,0.6969971056439942,0.6891694109037687,0.6605878186968839,0.6533842794759825,0.6121898597626753,0.5833636694575901,0.5678011885467315,0.5435413642960812,0.5063066263990051,0.4770879526977088,0.44280114041339985,0.4270833333333333,0.4130590339892665,0.36706597532630075,0.3601200989049806,0.33893405600722676,0.305108714866537,0.31181244364292154,0.3136864943048273,0.2910228108903606,0.2972536348949919,0.29479978256930606,0.3048069919883467,0.31310246340592646,0.32526392428103384,0.33125915080527085,0.34410137426378723,0.3738762559492332,0.39355767500449884,0.4238854657484596,0.4448669201520912,0.4691336373202385,0.5014781966001478,0.5286486486486487,0.5512380263871317,0.5888767720828789,0.6007529580494801,0.6287479556605488,0.6659638024951678,0.6914687774846087,0.687043307788273,0.710974284679464,0.7256297918948521,0.7190707725553754,0.7330569574621485,0.7469102632993014,0.734413096482062,0.7222425127830533,0.724323355440043,0.709347442680776,0.6976661321931231,0.6599086757990867,0.647677793904209,0.6450090744101633,0.612062812276945,0.5894215460817265,0.5691614066726781,0.5280733944954128,0.4959113210975831,0.4736745213549337,0.4388930163447251,0.4089762076423937,0.3933982683982684,0.3700534759358289,0.34614690489081396,0.32775800711743774,0.3170557832828373,0.3118473172488297,0.30545062061521855,0.28845808651947585,0.2951314854299929,0.2979744136460554,0.30186313149408817,0.31651705565529625,0.3318321023239056,0.343859004956857,0.3701170117011701,0.371480472297911,0.41090449539628093,0.4277393520203859,0.4494441503440974,0.4841084575327707,0.5040518638573744
0.5185317815577439,0.5431065194157464,0.5811395600432744,0.6102783725910065,0.6205477000178987,0.6572450805008945,0.6775650289017341,0.6758409785932722,0.7084319796029867,0.7287486318861729,0.7301644031451037,0.743466172381835,0.7323943661971831,0.7400438436244063,0.7415891195418755,0.732301672002846,0.7290392227419935,0.6979555555555556,0.677155329210622,0.6635345139139862,0.6444685074896228,0.6110207768744355,0.5932142212597005,0.5793593010556971,0.5468970380818053,0.5085601009190845,0.48769819573537454,0.45216606498194944,0.43414026343894624,0.41113490364025695,0.38410714285714287,0.3600366636113657,0.3567684800289174,0.337928532559405,0.3133598841419261,0.3104816886162728,0.3123884327026062,0.3017601161313736,0.29698046181172294,0.3089171974522293,0.3128440366972477,0.33162985946340573,0.34877384196185285,0.3616482920657871,0.37995634776282283,0.4021423384168482,0.41976186244890706,0.45820816398657005,0.47725196418783117,0.5003656307129799,0.5285198555956678,0.5544125609095831,0.5857524487978628,0.6201493896884679,0.6377234585917548,0.6650155934690882,0.6721830985915493,0.7004856988667026,0.7205748590140076,0.7194051245296542,0.7228437387224829,0.747653429602888,0.738670965430772,0.7347517730496453,0.7393884892086331,0.7123510292524377,0.7131852382658546,0.7086092715231788,0.6757553426676493,0.6697858556775238,0.6268332428028246,0.6070322463108034,0.5902841429880843,0.5609973285841496,0.5278776978417267,0.5044754744002864,0.4760371959942775,0.44713852736673204,0.4180649767940021,0.4012556053811659,0.38245062052088796,0.35333094555873923,0.333920704845815,0.3288661611708693,0.3113761794552252,0.3114372650796492,0.30128205128205127,0.3041599135602377,0.3036321345500089,0.3139194139194139,0.32375513117972515,0.331643736422882,0.35910224438902744,0.37338899981847884,0.39400505597688695,0.4196826528793011,0.43361404766170936,0.46182795698924733,0.5044626918957515,0.5299206921413122
0.531087618706325,0.553824108902024,0.569578090303479,0.6062322946175638,0.6373390557939914,0.6579419146647544,0.6753638622648207,0.7040889526542324,0.7123611869652284,0.713983797111659,0.7249455337690632,0.7331299353912419,0.7311846998406233,0.7419647721082259,0.7489161849710982,0.7380352644836272,0.716317228805834,0.7046825115289109,0.6868524473026081,0.6657397107897665,0.652362846279196,0.6244139920663542,0.61662100456621,0.5804878048780487,0.5465637897003409,0.5175942549371634,0.499546690843155,0.46398453970484893,0.4408542246982358,0.41737891737891736,0.40401505646173147,0.37247474747474746,0.3502475247524752,0.3290460878885316,0.32251121076233186,0.3170688114387846,0.3138914443422263,0.3130038555906064,0.31993392070484583,0.32057929554800646,0.3205699020480855,0.3192470935596974,0.35152958417292546,0.36498353457738747,0.388141592920354,0.4122273864855202,0.4505415162454874,0.4593817397555715,0.4937032305165176,0.5050576752440107,0.5482752327066983,0.5711444585065991,0.5885652252578252,0.6261187214611872,0.6571125265392781,0.6639914392723382,0.6763345195729538,0.702247191011236,0.7240447007930786,0.7256304775532105,0.7345319936541512,0.7437929212889594,0.73209453364604,0.7419121633833363,0.7271418286537077,0.7314983594604447,0.7071032385042046,0.6785391430121135,0.6762953601733165,0.6841145358380448,0.6291028446389497,0.6213768115942029,0.5951438848920864,0.5513830371862979,0.53220696937698,0.502144388849178,0.4693545470981739,0.46754655577653226,0.4206463195691203,0.40347349177330893,0.3771178721078521,0.36522054819386457,0.3430307494015835,0.3275217932752179,0.3209985835694051,0.31449720166094963,0.31179321486268174,0.3133406034169393,0.3160631050555755,0.30465241602299264,0.3317281968967362,0.3434452871072589,0.3684210526315789,0.3691430607518261,0.4030852994555354,0.4264033644176266,0.4596903363587827,0.47807486631016044,0.49342825848849947,0.5295163584637269
0.5425283222442007,0.5690548508129355,0.5938942137025204,0.6062455132806892,0.6259625962596259,0.6429230485329397,0.6766499282639885,0.6974142673757565,0.7121830111721936,0.7255889228556015,0.7431969724274644,0.7424379641369317,0.7449494949494949,0.7590448625180898,0.7324444444444445,0.7251356238698011,0.7199200290803345,0.7137713771377138,0.6968251055239494,0.661723163841808,0.6589869855786141,0.6274438812454743,0.6008013112365689,0.5778293466619064,0.5570245020271462,0.5272563176895307,0.5001819505094615,0.47430758017492713,0.445203018325548,0.4231820667031165,0.39766190387827055,0.3866595327269485,0.3545059717698154,0.35097096027079994,0.344043321299639,0.3337524699119813,0.32687129779213786,0.32732414280664546,0.3308529945553539,0.3316717108776927,0.325771003190358,0.35058400718778077,0.36214499911801024,0.3764642277887908,0.40510684534588914,0.431789511623716,0.4453068592057762,0.4726112391419961,0.4890169247389269,0.5181671737963128,0.5646590703563031,0.5737973760932945,0.5999630791951265,0.6200143729787999,0.6487640049795483,0.6713299418604651,0.691402069211559,0.7049871653832049,0.7274713271436374,0.7371945701357466,0.7286258849155927,0.7482555018786903,0.7441732427968435,0.7369557394746311,0.7286151629749685,0.7217423267781657,0.7311167329237441,0.7035445757250268,0.6863169280692266,0.6542204919483278,0.6440094254123618,0.6185305826999639,0.6057417974322397,0.566340160284951,0.5428318584070796,0.5126227208976157,0.49184782608695654,0.46577083711639733,0.4367857142857143,0.4044642857142857,0.39081486776268765,0.3728936401522015,0.36893203883495146,0.3381908654700551,0.3404753330932661,0.32790150280644575,0.32125263898662915,0.3256773730486273,0.31628334866605334,0.3260750228728271,0.33654188948306596,0.350195938724617,0.36161112101229725,0.37413024085637825,0.41538739389561136,0.43084345961401,0.45043936731107204,0.4740132166458296,0.5103734439834025,0.528461124079727
0.5314722617354196,0.5643001284168042,0.5922522522522522,0.6251142387132151,0.6370938298649143,0.6717585015457356,0.6837637709951238,0.6977503628447025,0.7252786767349874,0.7320296940068803,0.7386834986474301,0.7449450159631075,0.7566702241195304,0.7464661109097499,0.7396354538956398,0.7421647230320699,0.7256478999106345,0.7076866897936827,0.6867647058823529,0.6772323854374207,0.6599075062255425,0.6390710866867577,0.6135950563431479,0.5899912203687445,0.5628494138863841,0.5382944052145573,0.5019025185722051,0.4908957145484642,0.46269740424759487,0.42681159420289855,0.4095812762845127,0.37891268533772654,0.3854597804570812,0.36623748211731044,0.341034298915941,0.3408969090584242,0.3322660974742085,0.33115823817292006,0.3382113821138211,0.3335787923416789,0.3455107233733188,0.35646062353577224,0.3782785371259697,0.4017330383480826,0.39546041705111645,0.4308349652839594,0.442631767658659,0.46469207151887304,0.4923497267759563,0.5343305100018021,0.5554555275477133,0.5739666424945613,0.604876299749014,0.6279524063221452,0.6487830875821637,0.6739170506912442,0.6952727272727273,0.7157913865164456,0.727756114852889,0.7465815861440291,0.7364327062228654,0.7577750133285943,0.7524394651246837,0.7445045045045044,0.7364987314244291,0.7238283354282636,0.7179763186221744,0.7081614349775784,0.6967227955821111,0.6685302073940487,0.6458072590738423,0.6127115592365863,0.6054980364155659,0.568537744149217,0.5429033998920669,0.5248046520079956,0.4878579195360638,0.4772277227722772,0.4497072911122938,0.4242091790089596,0.4017062987838083,0.3834169054441261,0.3606287698775361,0.35549235691432635,0.34141522988505746,0.3438971387178559,0.3279374317933794,0.3371966678739587,0.3200720072007201,0.3460714285714286,0.35572272971520685,0.3759870782483848,0.3694945848375451,0.39198985139543313,0.41097582495147345,0.434971098265896,0.4647175600072189,0.48666186012977647,0.505730659025788,0.5377155172413793
0.5518418688230009,0.5660550458715596,0.594135526551046,0.6236618678479143,0.6543385490753911,0.6675022381378692,0.6971728887277999,0.7005048683736026,0.7213114754098361,0.7324897522723223,0.7483801295896328,0.7484898407468424,0.7598773227494137,0.7509306860485729,0.7453271028037384,0.7397729320598306,0.7372881355932204,0.7170046246887228,0.7008211353088183,0.6743686190220312,0.6685004436557231,0.6450107681263461,0.6140039097209881,0.5944910616563298,0.5743045387994143,0.5425895912119575,0.5318494390155628,0.4911520404478151,0.4672457473760405,0.446917183509668,0.42621763534311063,0.4012556053811659,0.38086576937068023,0.36943568173852087,0.37006346967559944,0.35976373724718097,0.35615711252653925,0.3467140319715808,0.35807781961628116,0.35881065304633347,0.36235754985754987,0.37134189864382583,0.37742504409171074,0.38440567066521264,0.41457286432160806,0.4427304964539007,0.4661477190441709,0.4908108108108108,0.5118194842406877,0.537117903930131,0.5686738220847735,0.583805811481219,0.6167792392463562,0.6354279523293608,0.661756876663709,0.677860696517413,0.6949827929722876,0.7180316091954023,0.731489903583773,0.7419704077950199,0.741686140571634,0.7541839121828324,0.7594869053981828,0.7488519957612151,0.7625268432355047,0.7269795772124686,0.7259563818376832,0.7083407118824154,0.6875,0.6879093644892902,0.6640525259894219,0.6402890695573622,0.6105021216407355,0.5871854363733714,0.5602506714413608,0.5306595365418895,0.5163759344962621,0.4827524254401725,0.4642155987863644,0.4230492628550881,0.41439828080229224,0.39964317573595004,0.3860885275519422,0.3660223443873027,0.36555006406736223,0.3449389806173726,0.3438074237412716,0.34603631134280066,0.35056220529561116,0.3584939650513421,0.3579795021961933,0.3782514450867052,0.39838274932614554,0.41573240213196105,0.4298181818181818,0.44476122594440487,0.4762247838616715,0.4995448752958311,0.5296594653972904,0.5363935625457206
0.5626464755723815,0.5855758880516685,0.6162642947903431,0.6406507037104734,0.6530759516507306,0.6768335684062059,0.7029883381924198,0.7188675864540405,0.7325456498388829,0.7504547108039287,0.7573328475132083,0.7585196042506412,0.7550027041644132,0.7645137880986937,0.7590599210620739,0.7510838150289018,0.7332980786180152,0.7254194479523723,0.7213235294117647,0.6834820615552722,0.672652181720237,0.6382596188421431,0.6338303159389421,0.6081274615109201,0.5646743978590544,0.5517180616740088,0.5146177592155439,0.49791930522887645,0.4706513958482462,0.45972423802612483,0.4370329870603244,0.42584249414308883,0.4031677465802736,0.3797282409107602,0.3817300789662599,0.38700201946025337,0.36468261104117966,0.35359417652411285,0.3713927227101631,0.3667334669338677,0.38106402164111813,0.3918529199711608,0.40286186020913595,0.4140025004465083,0.4326727171698463,0.4403470715835141,0.47002700270027004,0.5064285714285715,0.527073837739289,0.5397696105320899,0.5730357142857143,0.6056438649758885,0.6305340829234013,0.646677471636953,0.6663621414215238,0.6887546633505063,0.7031879809454012,0.7317676143386898,0.727322206095791,0.7420042643923241,0.7590576476887382,0.7537670625775572,0.7664627563871896,0.7505403458213257,0.7419586702605571,0.7470713525026624,0.729382363441628,0.724006532389766,0.7018240924688459,0.6853394788158128,0.6598614655486693,0.6537108688005628,0.6202960584983057,0.5903415350716122,0.574913526306208,0.5360328219764539,0.5215827338129496,0.48070113314447593,0.4736652236652237,0.4388888888888889,0.42981029810298105,0.4127659574468085,0.3899393506956832,0.37581344902386116,0.3833211411850768,0.36824142266930127,0.36114120621162876,0.3649754500818331,0.3641908862576247,0.3676789587852495,0.37369260769367135,0.39237106017191975,0.406323396567299,0.4200285612281328,0.42996281211262616,0.4561911658218682,0.4767762070864696,0.5116568784481225,0.5263628239499554,0.5653517542265043
0.5734018062688153,0.596620528491821,0.6261398176291794,0.6294634846581734,0.6692885234179478,0.6876396128071481,0.6909221902017291,0.7206664303438497,0.7319441991877097,0.7481765134938001,0.7555236213400395,0.7600928903179707,0.7686928456159225,0.7710144927536232,0.74981765134938,0.7577084473636198,0.7418408507517419,0.7321074454660177,0.7144432194046306,0.6980645161290323,0.6754116157047223,0.6604625948680882,0.6465673810388667,0.6163870046411996,0.5760228693943183,0.5676306807975571,0.5381611643592474,0.5081042988019733,0.4864125478752508,0.45647864480086503,0.44690740078655705,0.44040331292761975,0.4090497737556561,0.40417558886509636,0.3932038834951456,0.3786338505439629,0.3706194690265487,0.3800764887998543,0.3706896551724138,0.37915543575920935,0.39035323650708265,0.3912020275162925,0.40528064992614476,0.4372785258681786,0.4449549715125896,0.4718048435566555,0.4809368191721133,0.5070169125584743,0.5357722112092269,0.5477207977207977,0.5888463641334062,0.6087596613912404,0.6264653641207816,0.6458036984352774,0.6705139765554554,0.6936147379717403,0.7082271568984346,0.7240944314290864,0.751281112737921,0.7561450044208665,0.7565602836879433,0.7551056968828377,0.7697957721246865,0.7632398753894081,0.7495008168451625,0.7506412605349945,0.7398068669527897,0.7351254480286739,0.7089771891096395,0.6904465397616083,0.6791271686639242,0.6464555595537963,0.6265789005515033,0.5889207601290786,0.5708915145005371,0.5513869132290184,0.5251457725947521,0.49955697324118375,0.47048138056312444,0.45088479595521846,0.4472316789105895,0.4215632436390262,0.4052090715804394,0.3906959840087225,0.3948162613172377,0.37119266055045874,0.3704435266654696,0.3740774077407741,0.3726522731262068,0.38533627342888643,0.393705035971223,0.40960401361763127,0.42005469462169553,0.4338776242598242,0.45118449389806176,0.4709915611814346,0.496284212434294,0.5224489795918368,0.558436880965244,0.5713772024451637
0.5735588288779778,0.6127628716461204,0.6344827586206897,0.6549194991055456,0.6819577388477515,0.698150833937636,0.6983038614218694,0.7271235873131607,0.7345084499363983,0.7570784490532011,0.7512455516014235,0.7607801037752728,0.7687786960514233,0.7547940340909091,0.7637231503579952,0.7694709772226305,0.7476877543470218,0.7286405158516926,0.7317116794848865,0.7175301632363378,0.6878890272096746,0.6633840644583706,0.6428180324876802,0.6245238527117721,0.6038890889449046,0.5815515108676445,0.5517491390248324,0.5353829361469893,0.5085361423901199,0.48628294782140935,0.46393236193559995,0.447270140494398,0.432076492873895,0.4189903408055404,0.4029453513129879,0.3965332380271623,0.39139746564340533,0.387431693989071,0.38619703200429106,0.4007272727272727,0.40561817856503846,0.41922587679447576,0.4193078324225865,0.4441835260115607,0.4627919608908202,0.4678850248403123,0.49255583126550867,0.5279525435915873,0.5480093676814989,0.570029563932003,0.5968653180244213,0.6176260278870218,0.6379215035931454,0.6684859154929578,0.676056338028169,0.7044760021571095,0.7244879786286732,0.7458710708577517,0.748015873015873,0.7459517812162648,0.7678441369264385,0.772461456671983,0.7710648978128362,0.7613656783468105,0.777878022374594,0.7534345625451916,0.7407674292920194,0.7164967225054625,0.7052170740605619,0.7029104887424492,0.6805481402384767,0.6584784601283227,0.6273482658959537,0.6102276834116371,0.5826371231383944,0.5626927962257303,0.5401195435609492,0.5166813768755516,0.4925640566206773,0.46788824383164007,0.4535637149028078,0.4228007181328546,0.4218009478672986,0.4152173913043478,0.39695613249776185,0.40138787436084733,0.3994633273703041,0.3870373780150985,0.38881987577639754,0.3841757456688694,0.40512820512820513,0.42841937200638636,0.4291954859847106,0.44940152339499456,0.46498298405874977,0.49235198848299444,0.5061857466457571,0.5174009626064421,0.5688237397211298,0.582855093256815
0.5965391621129326,0.6170520231213873,0.6398582816651904,0.665033569225186,0.6823149973123096,0.7079549582273883,0.7226330027051397,0.7401273885350318,0.738944365192582,0.7651850540109792,0.7760841952458719,0.7671333824613117,0.7774345930232558,0.7778171509567683,0.782963620230701,0.7636036036036036,0.7495984294128145,0.7424379641369317,0.7207321493294672,0.7129815592477634,0.6874000355429181,0.6753554502369669,0.6573352232459249,0.6452202522390788,0.6061422413793104,0.5872495446265938,0.5717348579596212,0.5289330922242315,0.5158558558558558,0.4883468834688347,0.4668608885651857,0.45803571428571427,0.4592328278322926,0.4291139240506329,0.42646530025170803,0.4167870036101083,0.41010725322668606,0.4085235378031384,0.4065834689817327,0.4079509567155861,0.41891405969075873,0.4413817791301235,0.4417598269022719,0.46106483158275985,0.4685430463576159,0.49751975013779165,0.5091668179342893,0.5234947293192782,0.5633442862358525,0.5775401069518716,0.6025917926565875,0.6243171806167401,0.6493411420204978,0.6666058394160584,0.6873462214411248,0.7077534791252486,0.7268161434977578,0.742749054224464,0.7473380256271431,0.7640285139828185,0.7784387957454479,0.7802547770700637,0.7835820895522388,0.7712718910313108,0.7649794312287606,0.762097516099356,0.7527688460164345,0.7328448892065761,0.7315338318438811,0.7014658562745799,0.6753176043557169,0.6568079350766456,0.6342269555637164,0.6158242543311305,0.5996026729275781,0.5579230080572963,0.5541140927670162,0.5370794433679761,0.5036258158085569,0.49765003615328995,0.4639120411420465,0.44379119900231606,0.44294699011680144,0.43554376657824934,0.4212812160694897,0.4006433166547534,0.4103275957801222,0.41316501352569884,0.4136297376093295,0.40939236422297903,0.4216021602160216,0.4373077618961462,0.44932493249324934,0.46539080665355037,0.48054716645940665,0.5001790830945558,0.5258683068017366,0.5462412114656571,0.5685926976249557,0.5910140294796661
0.5891672807663965,0.6307887120115774,0.6530793876824492,0.678227002967359,0.6829443447037702,0.713903743315508,0.7201989696216025,0.7367849384503983,0.7400501972032987,0.7753775904460836,0.7653390742734123,0.7853168192425058,0.7870933142652843,0.7809168443496801,0.7770986877584037,0.7733761598857959,0.7735341581495427,0.7498218104062723,0.7392933618843683,0.7264663287472846,0.6949244060475162,0.6846336561300932,0.6698513800424628,0.6492564381574175,0.617237687366167,0.588666085440279,0.5621757022723206,0.5549143372407574,0.5383640969960188,0.5121518538229555,0.49208917655519596,0.4765401146131805,0.46490114275349176,0.4436697247706422,0.43141153081510936,0.42519823788546257,0.4275911881545684,0.43535714285714283,0.4185919592505003,0.42424242424242425,0.43565265283642374,0.44763971785132933,0.46411311974225883,0.4625887493173129,0.4906810035842294,0.5061043285238623,0.5288533134772897,0.5462019660411082,0.5601531170251549,0.589827429609446,0.6140193617784152,0.6439985795454546,0.6557114940486765,0.6860994716706139,0.6935892792466498,0.7170220455366824,0.7270145544905928,0.7545322697606962,0.7584471603163192,0.767559992993519,0.7667788206127147,0.7825228781625695,0.7776354319180088,0.7796972395369546,0.7781928139452152,0.7639190166305134,0.7523895401262398,0.7367292225201072,0.7344086021505376,0.7125134843581445,0.6853323699421965,0.6768171107485953,0.6537908731584621,0.6276785714285714,0.6073018699910953,0.5754891103728313,0.5673316708229427,0.5482995658465991,0.5166461159062885,0.5049435028248588,0.48907201719813687,0.45506015569709835,0.45999275887038377,0.4504050405040504,0.43896838014485073,0.4236295902075572,0.4058471036862175,0.42171850289931473,0.4367856514858449,0.4435131195335277,0.43695224467894833,0.4506861848124428,0.4743846855059253,0.4885618017378968,0.4877824729009737,0.510504578919016,0.5457173834477774,0.5668666196189132,0.5801512968299711,0.6016634224031145
0.6204312865497076,0.6350626118067979,0.657209136331192,0.6795128158516633,0.6919310970081596,0.717948717948718,0.7366926898509581,0.7541748967498654,0.7654015887025596,0.7764474624731952,0.7853364946197338,0.7878511492156147,0.7857142857142857,0.7825289043861259,0.7859200576161325,0.7765541740674956,0.7667457565249133,0.7595851083533988,0.7407932011331445,0.7290206648697215,0.7035247808194668,0.7002657218777679,0.6676269355419517,0.6533166458072591,0.6339057362075264,0.6181592039800995,0.5907287157287158,0.5718459010407158,0.5516870064608758,0.5174523209787694,0.5130450321658327,0.5059622087690332,0.49378042184964843,0.45887918486171764,0.456575682382134,0.4511736247984232,0.4418855703490464,0.4419618528610354,0.43875520173692784,0.44881319079543397,0.45106922798115257,0.46431814054839293,0.4735899731423456,0.5005380200860832,0.5069381870607317,0.5303658316813841,0.5335801163405606,0.5585000901388137,0.5873504893077202,0.6080392870134594,0.6203041964449331,0.6397648316408338,0.6599464763603925,0.6901636396331595,0.707361186471333,0.7205989773557341,0.7468035296236268,0.7485829219235692,0.7588056499195422,0.7799572039942939,0.7784664423587746,0.7817560273479669,0.7762148337595908,0.7861261261261261,0.7780792186652198,0.7754625471528651,0.7612156295224313,0.762901479610249,0.7351664254703328,0.7204836415362731,0.7091561938958707,0.684132568042955,0.6714717921338317,0.6467371491068173,0.6117452135493373,0.6033145275035261,0.5724388032638259,0.5424034644532659,0.5334307636097917,0.518890750046529,0.5003619254433587,0.4768593553034396,0.46514552641034856,0.4643632416787265,0.4631578947368421,0.45586182833217026,0.44110275689223055,0.4442634817227651,0.4467293033150151,0.45232097876934146,0.4690935303658317,0.4709281328999639,0.4764065335753176,0.4971139971139971,0.5106536655832431,0.5399815327793167,0.5452279202279202,0.56875,0.5871757925072046,0.6102033405954974
0.6310888252148997,0.6502347417840375,0.6749142134729998,0.6921521779084727,0.7083709998192008,0.7267473361025826,0.7420955882352941,0.7562477363274176,0.7821569329989251,0.7878070973612374,0.7796123474515434,0.7893601725377426,0.7921076233183857,0.8048957388939256,0.7835740072202166,0.7835847701149425,0.768790264853257,0.7655122655122655,0.7448776065276519,0.7463084860345134,0.7156845291080648,0.6973850315599639,0.6837420526793824,0.6543545174723882,0.6354653251886453,0.6259679452548172,0.5974660633484163,0.5738327904451683,0.559705611775529,0.5393518518518519,0.5203880007185199,0.5056320400500626,0.49454545454545457,0.47494513533284566,0.4757509952949692,0.46539080665355037,0.46633416458852867,0.460999281092739,0.46137184115523466,0.47076867556838686,0.4690565364722668,0.4834680382072006,0.49460819554277496,0.514689880304679,0.5115481775532299,0.5239570049189287,0.5566378066378066,0.5706316357746986,0.5969186671443927,0.6162960262486329,0.6464829586656998,0.6625611302300308,0.6802794196668458,0.6947179946284691,0.7199490816512093,0.7435195326761592,0.7512142471667567,0.7703541438481197,0.7722895863052782,0.7859610838334242,0.7860199714693296,0.7960262486328837,0.7892086330935252,0.7831496622822609,0.7832485465116279,0.7671480144404332,0.7765403269265313,0.7695480631276901,0.7437645792212453,0.7429182255478354,0.7087119187600214,0.6979771328056289,0.6830935251798561,0.6527828971618135,0.6434345248787497,0.6216998191681736,0.5861571737563086,0.5601294265683984,0.5510566506837151,0.5360585505176723,0.5214723926380368,0.5049701789264414,0.4949006977992485,0.4698034973859744,0.4747801112906121,0.4585544373284538,0.4663305725603169,0.4625801853171775,0.4619893753434695,0.4688715953307393,0.48122619263558863,0.48951911220715166,0.4981678270428728,0.5157894736842106,0.5303867403314917,0.5516998414655628,0.5646123260437376,0.5874049945711184,0.6033709879863726,0.6249329279198712
0.6403240324032403,0.6642322439291583,0.6744186046511628,0.6994614003590665,0.7217720151269584,0.7396351575456053,0.7517998560115191,0.773343097766386,0.7705192629815746,0.788666305720989,0.7912224591329069,0.7956363636363636,0.8084797970646856,0.7880782592795758,0.7942541042112776,0.7894261999278239,0.7795462861324551,0.773016161249319,0.7596032461677187,0.7461084272678475,0.7255955579437579,0.7160956459671663,0.6968440036068531,0.6779970760233918,0.6514515245572393,0.6329506105339894,0.6205799151343706,0.5988045007032349,0.5849751426993187,0.5540466140576252,0.546247501362893,0.5277676950998185,0.5098354792560801,0.5052045944005743,0.5026378024376933,0.4929679047962495,0.4931759498340096,0.4772727272727273,0.4821300929235168,0.49851521900519674,0.48920221310012496,0.501810282404055,0.5020754376466342,0.525162925416365,0.5423913043478261,0.5511768901569187,0.5834999091404688,0.5940010712372791,0.6176470588235294,0.6376138596177889,0.6514454060025778,0.6720867208672087,0.6941049604601006,0.7095601599418393,0.7315340909090909,0.7463992707383774,0.7589670014347202,0.7837837837837838,0.7804270462633452,0.7893223081071364,0.8101080388207288,0.8102059086839749,0.794335197546455,0.7990196078431373,0.7996485061511424,0.7909798949465676,0.7770848182466144,0.7675540468107915,0.7625594923320994,0.7361111111111112,0.7093924643951686,0.7023399238164338,0.6848724398131513,0.6645615301335258,0.6500174641983933,0.6161814609751741,0.6016438356164383,0.582879941965905,0.5666726010325797,0.5628913938092682,0.5267712276906436,0.5229440345510168,0.5026232948583421,0.5061930783242259,0.4973060344827586,0.4771194165907019,0.4711711711711712,0.4781420765027322,0.48956459157970494,0.4973981697469944,0.5051896921975663,0.5127560186848724,0.5237226277372263,0.5238180837677512,0.5405117270788913,0.5732624243535669,0.5876682429974536,0.6158038147138964,0.6169304641650365,0.6455990001785396
0.6525636428827537,0.6752503576537912,0.6931838405410216,0.7165999271933018,0.736388140161725,0.7438825448613376,0.7603686635944701,0.7637976929902396,0.7788719785138765,0.7884897360703812,0.7935364727608495,0.8084837545126354,0.8106700197592959,0.8009066183136899,0.8087392550143266,0.8008224566422314,0.7892280071813286,0.7806475081847944,0.7665574963609898,0.7548164303889495,0.74568655643422,0.718783542039356,0.6967288856034005,0.687051649928264,0.6749677181331858,0.6567626686110098,0.6485325697924124,0.6037117903930131,0.5865017282153903,0.5781863620135665,0.5591048547193648,0.5504856148066704,0.5335149863760218,0.5240087304474355,0.5092157571376943,0.5088133745229875,0.5105319528739736,0.5018135654697135,0.5050305425799497,0.5093457943925234,0.506808980493191,0.5257981018119068,0.5386710239651417,0.5411978221415608,0.5495138638818869,0.5693210095982937,0.5918038654259127,0.6004350978970269,0.6321234119782214,0.6447805237919587,0.6562003880754983,0.681385747621612,0.7070798054404612,0.7375022080904434,0.7414228963524738,0.7520435967302452,0.7686434659090909,0.7884441224415867,0.7939127246057939,0.8033819032200036,0.804939606994772,0.8043120774712224,0.8033923034834944,0.7998201438848921,0.8024135446685879,0.7978704525288376,0.7844278697471349,0.7816901408450704,0.759898752485988,0.7505380200860832,0.7204759367785474,0.7130310091414231,0.6903795233892321,0.6677960057061341,0.6558240959476649,0.6486486486486487,0.6224674384949349,0.6107142857142858,0.5829081632653061,0.5494128274616079,0.5634354953670706,0.5446103423160962,0.5292509568069984,0.5159535895576505,0.5025532664201444,0.5119608553823849,0.501729473875842,0.5087250712250713,0.5096049293222182,0.5098215894755812,0.5185983827493261,0.5177655677655678,0.5378059836808704,0.5447538973550534,0.5594555873925502,0.5867975022301517,0.5960635608522933,0.6266834261088167,0.631055900621118,0.6547829156371338
0.6564428312159709,0.6912475389296582,0.7136698401293335,0.7150324441240087,0.7338666666666667,0.7549270072992701,0.7722503617945007,0.7766506495817761,0.7991788646911817,0.7961200585651538,0.8015647226173542,0.8197570560914612,0.8104961490238223,0.8145863570391872,0.8107091690544412,0.8006738783472247,0.7992083483267363,0.780505032668197,0.7716319824753559,0.7674376905146136,0.7468581687612208,0.7322198275862069,0.7263308324401572,0.6910976045763317,0.6712971315172289,0.6707907477138246,0.6508812533380808,0.6275325615050651,0.6088724584103512,0.5992582126457082,0.5802336028751123,0.5634150643852531,0.5529758614335729,0.5440917107583775,0.535307928481127,0.5375690607734807,0.5215171407731582,0.5158915424672293,0.5170834800986263,0.525624887610142,0.5461990386327221,0.5554571226080793,0.538942479456949,0.5589807555238774,0.562592867756315,0.5856675154601674,0.6095152603231598,0.6252755326965467,0.6469945355191257,0.6629976151164924,0.6760893050054015,0.6967799642218246,0.7145390070921985,0.7347873900293255,0.7445958219800182,0.7703193033381712,0.7695073714491191,0.7869090909090909,0.7970651395848246,0.7938401281823038,0.80281948004394,0.8218933856302372,0.8169699153305711,0.8038112522686025,0.8105895196506551,0.8002177463255308,0.7904278462654097,0.7855852601156069,0.7867145421903052,0.7533166009322337,0.7335383502170767,0.7214868540344515,0.7131560028756291,0.6954941860465116,0.6866178309808826,0.6552032957191474,0.6331424481030781,0.6246443812233285,0.6060385594761731,0.5821161382258639,0.5687533440342429,0.5520173692780894,0.5413669064748201,0.5293365015536465,0.527176876931467,0.5289636846767051,0.5367554999105706,0.5243147656940761,0.5207924326253792,0.5386135057471264,0.5292213630641971,0.5455032119914347,0.5577025350115228,0.5665158371040724,0.5930743862220593,0.5959265320967448,0.6086878798712907,0.628254141634808,0.6556912727916445,0.6611260053619303
0.6819089094538197,0.696267468600743,0.714670981661273,0.7263399964620555,0.7454020915975478,0.7689828080229226,0.7689285714285714,0.7806067172264355,0.8002173519289983,0.8034095030830612,0.8154093097913323,0.8189639720379996,0.8192616959064327,0.8197278911564626,0.8210641399416909,0.8061188189256492,0.8025210084033614,0.7904385334291877,0.7952286282306164,0.7703211914588193,0.7579177284310157,0.7481387325222444,0.7398431931575196,0.7084776663628076,0.6910627584966733,0.6778706395348837,0.6615160879840029,0.641675656238763,0.6238482384823848,0.6084003574620197,0.6027823540179389,0.5799964406478021,0.571453775582216,0.55293482175009,0.5493059311339463,0.5429246998908694,0.5489307720188474,0.5474279460051076,0.5392895586652314,0.5540564530445589,0.5449659620207811,0.554690329590728,0.5703900709219858,0.600362647325476,0.6036067892503536,0.6127012522361359,0.6276135544340303,0.6248420292471565,0.6679849002336868,0.6815866084425036,0.6935657800143782,0.7153917050691244,0.717907516514908,0.7511561721807186,0.7543859649122807,0.7644500815365103,0.7825930588023736,0.79245960502693,0.8041329739442947,0.8107283817725153,0.8140703517587939,0.8194986072423398,0.8165680473372781,0.8258226037195995,0.8148080438756855,0.812331959132461,0.8061168760240306,0.7938144329896907,0.7763689819919147,0.7750759878419453,0.7517992249492527,0.7448313384113167,0.725068870523416,0.7016025050653896,0.691852946610013,0.6695529245449726,0.6459259259259259,0.6369690424766019,0.6111817026683609,0.6132397913293758,0.5815808556925308,0.5703380588876772,0.5761871013465627,0.5512465373961218,0.5388426827110246,0.5519325883861513,0.5368192509498824,0.5526500526500526,0.5390252839868084,0.5518545192653943,0.5576052906369648,0.5690376569037657,0.5794871794871795,0.5782300563329094,0.605253490080823,0.6215837421163279,0.6442413162705667,0.6486965774073418,0.6685495626822158,0.6788085411806927
0.6890156918687589,0.7144932800581184,0.7368515205724508,0.7442441549170088,0.7632209323751612,0.7755507403394727,0.7910100286532952,0.7938237965485921,0.8084137679839738,0.8136232925952552,0.8284488920657612,0.8246376811594203,0.8191371681415929,0.8210714285714286,0.8277929155313352,0.817754474778521,0.8185541310541311,0.8123234463276836,0.7992599444958371,0.7875113122171946,0.7826401446654612,0.7580790756454233,0.7369442484121383,0.7243116789634695,0.7115418815578872,0.6978769733260751,0.6715248679176535,0.6592079559580891,0.6585582386363636,0.6192483959670028,0.607921511627907,0.5965672990063234,0.5919217533055606,0.5958295557570263,0.5709483368719037,0.5598490294751977,0.5743243243243243,0.5726051924798568,0.5659613615455382,0.5658789831722163,0.571969696969697,0.5805886475122635,0.5963155070649258,0.609936766034327,0.6183233749773673,0.6234069287381081,0.6395848246241947,0.6487769258853596,0.6707621082621082,0.6898860141125385,0.702785265049416,0.7268847795163584,0.7368516833484986,0.7571171171171172,0.7900492072170585,0.7798908258496214,0.782905369007003,0.8015800110233328,0.805168986083499,0.8206708975521305,0.8287584075622614,0.8251710478934101,0.8232033992240901,0.8371335504885994,0.8309834332040889,0.8148080438756855,0.8185238265854532,0.7953936797000536,0.7890935355724088,0.7806334841628959,0.7630109850531245,0.7558076715289033,0.7412042074718898,0.7154646573376391,0.6964095271951654,0.6752511415525114,0.6722353368440167,0.6440497335701598,0.633279191481682,0.6247762262799856,0.6092346388789076,0.6014917421417155,0.5934988390784068,0.5854222222222222,0.561274068742127,0.5674715909090909,0.575663877773736,0.5629364368845121,0.5593250762879196,0.5820284697508897,0.574295010845987,0.6017763277143375,0.5940078937926085,0.6050117180457906,0.6170977011494253,0.6359885181198421,0.6461055933089388,0.6607690918938437,0.6826633610766779,0.6830873199359773
0.7024434389140272,0.7305820868624977,0.7560050568900126,0.7675993584031366,0.7718542451983486,0.789860396767083,0.7942505875971795,0.8115702479338843,0.8110909090909091,0.8190358029067707,0.8317705460562603,0.8309884559884559,0.8430274566473989,0.8298755186721992,0.8322649572649573,0.8289235230155854,0.8190085592011412,0.8198133524766691,0.793400286944046,0.7804355587290254,0.7943185904350953,0.7646840837502316,0.7600426590828298,0.7291817523533671,0.7174879914605942,0.7105357784969435,0.7006876583423814,0.6844492832516784,0.661067892503536,0.6475618631732168,0.6410488245931284,0.6327744726879394,0.6118113071660065,0.6136322545651781,0.6067314614830813,0.5933406113537117,0.5844905320108206,0.5929302325581395,0.5850497159090909,0.5927338782924614,0.5946849700809574,0.6162475122127736,0.6057204923968139,0.6034788782392616,0.6252978918423465,0.6379063951411218,0.6651187712091445,0.6712378862680564,0.6823995676454693,0.7115006260060812,0.7178235088943146,0.7291184327693677,0.7476517341040463,0.7604735883424408,0.7734545454545455,0.7880483841848709,0.7996013770610618,0.8083484573502723,0.8333333333333334,0.8271965001822822,0.8327246165084002,0.8332738944365192,0.8251186564439577,0.8359598853868195,0.8253228120516499,0.8261586371130244,0.8231718219202575,0.8093512142080463,0.8019783843194724,0.7832477421639809,0.7761844254855691,0.7582180707742051,0.7449342339139708,0.7299426934097422,0.707742639040349,0.6942452656738372,0.6918115033148181,0.66836271124841,0.6619918338363217,0.661727954302035,0.6281051677243881,0.6193759071117562,0.6164261535720649,0.5983120847548932,0.5782374100719424,0.5840313669577616,0.5954184370958803,0.5956723891273248,0.5935799782372143,0.5934915498022294,0.5985978788423513,0.6134795683707766,0.6252512333272429,0.607797340998922,0.6448380747897656,0.6565008025682183,0.6615384615384615,0.680371111515372,0.6842580878366167,0.7155203456967951
0.724567967218956,0.7419528861715519,0.757132667617689,0.7758164165931156,0.7795765877957659,0.7922242314647377,0.8044293623861404,0.8176524112829845,0.8205128205128205,0.8259246088193457,0.8333035235199427,0.8444444444444444,0.8391558787018975,0.8432316746923488,0.8451029098651526,0.8367156954012288,0.8305702313718346,0.8213541666666667,0.8147133990507485,0.7997896213183731,0.790999099909991,0.7894166516163987,0.7641290782670708,0.7526476395620176,0.7355889724310777,0.7306927111593416,0.7020174968755579,0.6836107091172214,0.6743598990263253,0.6691309051568698,0.6328906676368928,0.6411743385284523,0.6313620071684588,0.6218051831992851,0.6238020561073357,0.6115523465703971,0.6120499632623071,0.6130553037171351,0.6086247508606631,0.6185475258098968,0.6173214285714286,0.6214788732394366,0.6185138311336106,0.6497185400399491,0.6642400568181818,0.6657787249156455,0.673469387755102,0.686409307244844,0.6959191043698086,0.722131593257205,0.7432675044883303,0.7411149197185639,0.7664103022715077,0.7802837395416515,0.7804606240713224,0.796090387374462,0.8181654676258993,0.8335199701381112,0.8336637231933681,0.8258969222363868,0.8312397596941562,0.833092485549133,0.8442462087421945,0.8419280524543682,0.8320942883046237,0.8355143584151218,0.8260869565217391,0.8161845477846943,0.7990106266031514,0.7983056957462149,0.7805682859761687,0.7770123277737491,0.7556275886907977,0.7403489235337788,0.7379432624113476,0.7026880750496122,0.7037567084078712,0.688605287146764,0.6678088367899008,0.6572412543048758,0.6489169675090253,0.6381854618327564,0.6352709006099749,0.6134407617652444,0.6269196025293586,0.6090731880205564,0.6087191497027563,0.611728837876614,0.6047706422018349,0.6173802612481858,0.6174617461746175,0.6202783300198808,0.6324275362318841,0.6615661566156615,0.6550559800959659,0.6720251293422025,0.6798333031346259,0.6960661038261182,0.7050601556970983,0.7317511686443725
0.7356716687759899,0.7532231705102597,0.7645569620253164,0.776178481468154,0.799140708915145,0.7979151426481346,0.8265213442325159,0.8169650931452342,0.8327939590075513,0.8330076390122579,0.8435714285714285,0.8473254759746147,0.8593029688364374,0.8472022955523673,0.8546700324558241,0.8506803322141722,0.8446030330062444,0.8297140788997467,0.8233506168424817,0.8106227106227106,0.7918772563176896,0.7875571820677035,0.7789645184648806,0.7553655874863586,0.7554097197587797,0.7368993653671804,0.7218458157846548,0.7051814406932659,0.6953796561604585,0.6881542699724518,0.6735101744186046,0.6616568259080337,0.6496791934005499,0.6424640511272857,0.6413780465457211,0.6413237924865832,0.6375923589836007,0.6333034914950761,0.6269626421223606,0.6464737793851718,0.6390235146293305,0.6479400749063671,0.6480578139114724,0.6617674076795884,0.6627048442283451,0.671267252195734,0.6956995100707676,0.7004691447131,0.7235210768685795,0.7367753623188406,0.7582260371959942,0.754720406681191,0.7685317177476836,0.7844440452667505,0.7954040029651593,0.8152682751170328,0.8196030212541718,0.8354612479769825,0.8437279774489077,0.8444286222855109,0.8438514244500541,0.8508882110174053,0.852920100322465,0.8504388321690847,0.8514741331355461,0.832882151236239,0.8334246575342465,0.8239626369678462,0.8174327046328511,0.8080732573350775,0.796236559139785,0.7918880623450231,0.7860045944513165,0.7633189344852411,0.7374446085672083,0.7282704903522748,0.7075063154095994,0.7038170687792582,0.6987470492100962,0.678727495193148,0.6690647482014388,0.6693347563144788,0.6428439519852263,0.6359992712698124,0.6307172094678768,0.6249556265530707,0.6343163538873995,0.6299527444565612,0.6340140972347732,0.6325564457392571,0.64352856109906,0.655511811023622,0.6574008498583569,0.6629213483146067,0.6772880155779784,0.6846292947558771,0.6873971099323212,0.7120475418692599,0.7228369308906222,0.7394453276806218
0.758018018018018,0.7675929267412487,0.7876489707475623,0.7880699225085601,0.8022702306847309,0.8158863755917938,0.8269914651493598,0.8341071428571428,0.8422265555752526,0.8446842384574562,0.8575264005727582,0.8534667619728378,0.8487287360526797,0.8521114106019766,0.8422097851597762,0.8496308301818837,0.849345380785543,0.8404273953406901,0.8358477011494253,0.8228723404255319,0.820134716912434,0.7932830459770115,0.7940205429200293,0.762796504369538,0.7747600941517291,0.7405242649663478,0.730525935297307,0.7262076423936553,0.710126582278481,0.7004856988667026,0.6904080171796707,0.6797833935018051,0.6757483419967736,0.6696412311054453,0.6621142249024476,0.6593525179856116,0.6422067487948581,0.6572710951526032,0.6484517304189436,0.6432169845268082,0.6553620531622365,0.6703433552748621,0.6837404301859278,0.6833872707659115,0.6743011722272317,0.6962776479050531,0.6935368043087972,0.719684461566685,0.7397841853882894,0.7519927536231884,0.7592292454529084,0.7751119068934647,0.7899675207506316,0.8082142210964357,0.8043018335684062,0.8177769861061631,0.825676411839477,0.8396960376334358,0.84,0.8519790348816194,0.8533381320856577,0.8558754300199167,0.8621679827709978,0.8469877376932646,0.8484355217941761,0.8483760990489861,0.8455197132616488,0.8342991669684897,0.8345051379123851,0.821180246033161,0.8118883653497644,0.8001792114695341,0.7792418772563177,0.776313446126447,0.7582339327042905,0.744045503021685,0.7311769005847953,0.7197947992216522,0.7127161383285303,0.6981501245108502,0.6840408382590005,0.6702451243514046,0.6616352201257861,0.6553539019963702,0.6596646397641422,0.6506416049159588,0.6621499548328816,0.6437306077751415,0.6472186990396811,0.6536415336635479,0.6699711607786589,0.6645660785019806,0.676747555233611,0.6800366300366301,0.7038233710285406,0.7060089686098655,0.7243739866690686,0.729121278140886,0.7446885127835794,0.7535310734463276
0.7676005747126436,0.7882032667876588,0.7981618946624249,0.8040675503904122,0.814416637292915,0.8229166666666666,0.8322522522522523,0.8425419240953221,0.8524531024531025,0.8572195383789587,0.8546883567903492,0.8629515338536939,0.8613059902860226,0.8630187293426368,0.8634217217580821,0.8608947654410433,0.8477470930232558,0.8487831066571224,0.841911086515403,0.8418696275071633,0.8264554163596168,0.8124232321459905,0.7908614773342966,0.7808878587983598,0.7736813287096186,0.7607843137254902,0.7621026011560693,0.7410174315190323,0.7262097499550279,0.7245831091984938,0.7059139784946237,0.7115898166280933,0.689007549254281,0.6959287531806616,0.6746923488496522,0.6898173268222102,0.6709606183290394,0.6710645219591541,0.6842010448567826,0.6797374024130589,0.6834829443447038,0.674314393260441,0.6956134094151213,0.6984184040258806,0.714,0.7179159049360146,0.7258434905493729,0.7453954496208017,0.7586998763469351,0.7606791778373548,0.775809626051172,0.7785675232367414,0.7952380952380952,0.8062277580071174,0.8260179799048123,0.8272058823529411,0.8275425262395947,0.8479033404406539,0.8538878842676311,0.8514408448183283,0.8637691745799854,0.8585009140767824,0.8558114035087719,0.8689407540394973,0.8566522053506869,0.8474361297336473,0.8484629294755877,0.8424155797748794,0.8391093553600287,0.8334528504840445,0.8143959791778855,0.8189300411522634,0.8014575186633487,0.7823646568893717,0.7774345930232558,0.7675636626331949,0.7450009172628875,0.7327818737637115,0.7266071428571429,0.7057152999645012,0.6999818610556866,0.7000364033491081,0.7077781778898091,0.6790416971470373,0.6856314549737271,0.6757299270072993,0.6778326926597108,0.6845364472753008,0.6661175178473366,0.6763026409707352,0.6770518070144205,0.6826888326707625,0.6894766044017014,0.7069563629724301,0.7123185708969111,0.7205035971223022,0.7449197860962566,0.7389758179231863,0.7529495888451913,0.7594483252731506
0.7921872250571881,0.7950422130411353,0.8086013861738048,0.8225397973950795,0.8276173285198556,0.828003613369467,0.8423609861436027,0.8478934889658946,0.8528200537153089,0.8644655235315578,0.8587113030957524,0.8726103269608719,0.8633506913269887,0.8659738398136535,0.8717348225544946,0.868020304568528,0.8616808858231984,0.8600793364587089,0.8489025938690368,0.8434860736747529,0.8362625538020086,0.8317117117117118,0.8159609120521173,0.8075675675675675,0.793665324057122,0.7811490125673249,0.7650419567934298,0.757818052594172,0.7507209805335257,0.7307340289218378,0.7266212826943748,0.7163435888315846,0.7106200997861725,0.7188521612786052,0.6983260553129549,0.6969530102790015,0.7040261153427638,0.6974656810982048,0.6991810737033667,0.6959898843930635,0.6836942439385526,0.7037373004354136,0.7136485280999108,0.7093499554764024,0.7258357558139535,0.7468127132339738,0.7519869942196532,0.7602233831742028,0.7712183743046833,0.7778179190751445,0.7863921217547001,0.8039461883408072,0.8085714285714286,0.8161738510865693,0.823422440443717,0.8324209782800636,0.8508614501076812,0.850990990990991,0.8578815977175464,0.8658734451054624,0.872425009035056,0.8686394803320101,0.8759538598047915,0.8686078252957233,0.8658032020147508,0.8638903912024518,0.8648600143575018,0.8547695605573419,0.8521848588383384,0.8397690364489354,0.8317993142032124,0.8173216885007278,0.8039715795226817,0.7971851317214003,0.7903856903297932,0.7706222865412445,0.7668955547524394,0.7498172514619883,0.747488986784141,0.7286413930709232,0.7191854233654876,0.7204165918477285,0.70393228707459,0.7042611060743427,0.6976911976911977,0.6976661951909476,0.6975432211101001,0.7011704462326261,0.6987996306555864,0.7121771217712177,0.6965641952983725,0.6984068851858634,0.7196380090497737,0.7246272678282738,0.7310332369942196,0.7377226119805721,0.7540453074433657,0.7558552164655784,0.7759659695143566,0.785165326184093
0.7974752028854825,0.8058994901675164,0.8266143417766678,0.8292106220443798,0.836036036036036,0.8463587921847247,0.861184792219275,0.8595305832147937,0.8690975387420237,0.86309414571481,0.8748216833095578,0.8742160903063967,0.8831683168316832,0.8656635242929659,0.8747103903047585,0.8758833121942381,0.864986498649865,0.8577785688857245,0.8601083032490975,0.8443586594139323,0.8428882438316401,0.8379323031640913,0.829620388522545,0.8200943054044251,0.8005459508644222,0.7880250223413763,0.7858549686660699,0.7752301859541434,0.7636968317871521,0.7511987213638786,0.7314430196857504,0.7468081280345261,0.7334542157751587,0.7299082568807339,0.7179165920887776,0.7175572519083969,0.7193840579710145,0.7109907391228377,0.7134871979805265,0.7176278563656148,0.7306863097376931,0.7286340394448503,0.7306397306397306,0.7387160582629023,0.7347086500180963,0.753477724951576,0.7613019891500904,0.7717804745517116,0.7812729948491538,0.7988241778431012,0.8026647461289161,0.8081187410586552,0.8208767517067912,0.8384303610906412,0.8386508659981768,0.8438185808339429,0.8620627479264334,0.8643859649122807,0.8653429602888086,0.8772639352910145,0.8697850821744627,0.8890258939580764,0.8827461607949413,0.8800794654144843,0.8835940341942524,0.8676705048715677,0.8665941634946529,0.8652143110166489,0.8521802062601773,0.8474698361246173,0.8390596745027125,0.8337835404285971,0.8181653700018093,0.8130890052356021,0.800145216917771,0.7894183601962158,0.7711576310610126,0.7643801357627724,0.7653208363374189,0.7412817235712982,0.7357664233576642,0.7363508277562522,0.7317337182031391,0.7262931034482759,0.7143629482789692,0.7181318681318681,0.7266485998193315,0.7184238934868658,0.7185132992777875,0.7268990169794459,0.7245630174793009,0.7300469483568075,0.7374400852121428,0.7425138963600502,0.7446120689655172,0.7553516819571865,0.7700336104723156,0.7870668095748482,0.789087656529517,0.7909502262443439
0.8128,0.8255395683453237,0.8209910404095813,0.850677903994137,0.8476950354609929,0.8550698349356067,0.8581165919282511,0.862529745561047,0.8733225979602791,0.8627836340896909,0.8734042553191489,0.8866512208162538,0.8822277403334515,0.8760573740345715,0.8906334596643205,0.8780003609456777,0.8788365453247681,0.8788417125599574,0.8624521770814356,0.8596302279662538,0.8489001081860801,0.8407791279485347,0.8345336694274397,0.8160102115244348,0.8168754605747973,0.8014440433212996,0.8000360945677676,0.792917490562646,0.7776962582538518,0.7749064337907682,0.761277517141826,0.7599130907115698,0.7542543458371455,0.7500442243056784,0.740036563071298,0.7509686509334272,0.7424725469358838,0.7394003902785169,0.733774590917448,0.7457687511134865,0.733453561767358,0.7480970083200567,0.748523357794881,0.7639603232916973,0.7634234234234234,0.7687443541102078,0.781317885590152,0.7900323857502699,0.7963922128951598,0.8043633762517882,0.818597840014644,0.8207872301832033,0.8326771653543307,0.8379637927944076,0.8425485170267302,0.8588364034287799,0.8694948768650009,0.8706405693950178,0.8764265335235378,0.8789277472039766,0.8837964633706243,0.8894765639248586,0.8929680365296804,0.8896437752478884,0.8803109745073223,0.8765298776097912,0.879730713245997,0.8684258750229064,0.8646602991530006,0.8545388918967696,0.8550098938658032,0.8442192871358785,0.8349426124977227,0.8228438228438228,0.8149620527647271,0.8097587719298246,0.794269442961381,0.7866618208250046,0.7727680977186995,0.7634929173390712,0.7487437185929648,0.7486995515695067,0.740301724137931,0.7418822234452394,0.7375157742924103,0.7305496074232691,0.741899852724595,0.7410968660968661,0.7337604555970814,0.7429039301310044,0.7562610229276896,0.743806104129264,0.748620259925227,0.7592526690391459,0.780287848424121,0.7783312577833126,0.7824175824175824,0.7932910244786945,0.8017613227893602,0.804982206405694
0.8224231464737793,0.8419642857142857,0.8391373519533322,0.8496227093065037,0.8635285531837256,0.8659498207885304,0.8727142344926497,0.8811364862434814,0.8885030159020288,0.8846925743477467,0.8888683773306258,0.8904925130795598,0.8924963924963925,0.8864090001814553,0.8899427344309234,0.8908382066276803,0.8878268710550045,0.8792946736956917,0.8670840787119857,0.874749681412707,0.8686850591185955,0.8422396498267372,0.8439588224670399,0.8412842372573917,0.8281649033199562,0.8130183916336098,0.8140794223826715,0.8053097345132744,0.7891891891891892,0.784381228483421,0.7777173913043478,0.7774098601913172,0.7754517802826981,0.7620945823518753,0.7610828488372093,0.7585575691012264,0.7524752475247525,0.7505322924059616,0.7614431879375336,0.7562592047128129,0.7581337146943153,0.7627302275189599,0.7705945558739254,0.7673586256263422,0.7728645000887941,0.7919331911869225,0.7916666666666666,0.800918565624448,0.8139827462257369,0.8231884057971014,0.8234141126158232,0.843590677348871,0.8496921405287939,0.8525329006670272,0.8662098809953119,0.8643793784803305,0.874,0.8768323203432249,0.8842826243691421,0.8882909630729263,0.8825022665457842,0.886672710788758,0.8906444168293982,0.8912965616045845,0.8987318507627274,0.8836575168151245,0.8756891339142806,0.8762997490139836,0.8778966131907309,0.8687815428983418,0.8664869721473495,0.8516789369725265,0.846375247346645,0.8335761107064822,0.8281221429877491,0.8169737774627923,0.8085569253081943,0.7965616045845272,0.7870518994114499,0.7777979981801638,0.7793394237526353,0.7665721375398795,0.7655382410890202,0.7648755860079336,0.7446884484913409,0.7679340028694405,0.75,0.7606354810238305,0.7514750581083497,0.7688738175977156,0.7592458303118201,0.7659612949900525,0.7780589192120008,0.7796368814524742,0.7827742520398913,0.7946091644204851,0.802223417608033,0.8098181818181818,0.8210545002662879,0.8261416756562387
0.8305732484076433,0.8430461208437612,0.8505395683453237,0.8590726542533772,0.8652775282917191,0.8721804511278195,0.8802917111348275,0.8831590335376848,0.8943276197207988,0.8882300089847259,0.8880528537346302,0.9021526418786693,0.9030106363800252,0.899698741804005,0.900054220133743,0.8929802285506984,0.8853146853146853,0.8861305990286023,0.8806451612903226,0.8760660497187444,0.8646562556094058,0.872317006053935,0.8552819414703783,0.8544224951058907,0.8529358298491183,0.834230555039911,0.824641104851899,0.8185920577617328,0.7986858915860559,0.8070019548604941,0.7950581395348837,0.7960755547405098,0.7839702760084926,0.7809798270893372,0.7773444424747386,0.7677699403147042,0.773921028466483,0.7771356330142677,0.7812387468491178,0.779088471849866,0.7778585711688784,0.7743485492515246,0.7781408859840232,0.7898589537582574,0.8031368307193077,0.8040237111550207,0.8097418055301226,0.8240143369175628,0.8291674159323863,0.8300760043431054,0.8455140683064944,0.8461947844598191,0.8590616045845272,0.8643977191732003,0.8730043541364296,0.8705776173285199,0.8870077291129923,0.8900904095018614,0.8858655953250548,0.8900306471966829,0.9031446540880503,0.9024566473988439,0.8938738738738738,0.9051693404634581,0.8939967550027041,0.8937014979245623,0.8842798646964571,0.8801034546462221,0.875970391767467,0.8688732139627419,0.8652673125224255,0.8550935173415652,0.8503537094141121,0.8471600071671743,0.8424308588064047,0.8316884032428622,0.8217391304347826,0.8210967389324103,0.8032698526769673,0.8175195451314854,0.7933070866141733,0.800248800426515,0.7883171580296648,0.7845263919016631,0.7746908048037283,0.7812095431847605,0.787150738565581,0.7697155203456968,0.785031261493196,0.7766224453209035,0.7872187218721872,0.7932649018548532,0.789771721819147,0.7912126537785589,0.8044260525368838,0.8095679584646764,0.8142327388310083,0.8214030064423765,0.8238902923132443,0.8331499816648331
0.8503401360544217,0.8567034557626199,0.8578881093721893,0.8687050359712231,0.875783067836048,0.8826512133285042,0.8850738302793097,0.895625340352151,0.8933284457478006,0.8977373953322644,0.9055386269940849,0.9014134275618375,0.9100738871868805,0.9036672140120416,0.9012190749372535,0.8991490132174543,0.8948685857321652,0.8985427042981,0.895378000716589,0.8879481174563142,0.8824683431425004,0.8741912293314162,0.87511071744907,0.8618304363249379,0.8541438481197517,0.8532846715328467,0.8402463321861982,0.8344563831724641,0.8274811895378,0.8168831168831169,0.8122230428360414,0.8076442221825326,0.8067165541157145,0.8001805054151625,0.7953068592057762,0.7996721908577673,0.7997474291899693,0.7999638923993501,0.8043595748513781,0.793921956482647,0.7997862486640541,0.799496945742005,0.8075812274368231,0.8079279279279279,0.8170841593079834,0.821062271062271,0.8274193548387097,0.8451033243486074,0.8387384176764077,0.8494180841539839,0.8610765677740274,0.8568298027757487,0.8690135811293781,0.8772628530050688,0.8792948372009354,0.8815977175463623,0.8897229669347632,0.8979996395746982,0.9012761432116271,0.898702235039654,0.9077799537119459,0.9051833122629582,0.8957495189784852,0.9027499544709525,0.903989797777373,0.8958371538602604,0.8948959630090699,0.8907517577068685,0.8858725761772853,0.8901515151515151,0.8735320686540199,0.8813590449954086,0.8593582887700535,0.85373350207919,0.8554455445544554,0.8457418318157471,0.8356435643564356,0.8362331838565022,0.8259516837481699,0.8319434372733865,0.8099836035707779,0.8045977011494253,0.807226738934056,0.8108504398826979,0.8044077134986226,0.7935377875136911,0.7928406875775297,0.7848032069970845,0.7823431426985008,0.794917362715479,0.7999640869096786,0.8075253256150506,0.8101335284433876,0.808684819362876,0.8197486535008977,0.820228734810579,0.8328212542924273,0.8319297616914532,0.831686791072082,0.8396412556053812
0.8603301287865046,0.8623820544774791,0.871998555695974,0.8719424460431655,0.8857953537861323,0.8863836533380306,0.8960618593778098,0.8970405812511075,0.8979591836734694,0.9033450704225352,0.9116524268314852,0.9048209854661468,0.9101022788444285,0.9034284688565787,0.901513802315227,0.9036340625564997,0.9113361762615494,0.8982100885915748,0.8972112978190919,0.8948409131763437,0.88491921005386,0.884574841883345,0.8785856034638283,0.8716987865810135,0.8686587908269632,0.8720701377706208,0.8509215757137695,0.8523417947801215,0.8493076784750944,0.8268646038275801,0.8316778999645265,0.8211861379063952,0.821208830980818,0.8199294532627865,0.8170861396667848,0.8087606837606838,0.8052811208909646,0.816918747801618,0.8156537753222836,0.806873977086743,0.8103078024337866,0.8083303281644428,0.8176972281449894,0.823049645390071,0.8237940964722822,0.8319252202049254,0.8367779544250132,0.8466447848285923,0.8560984308131241,0.859002566923359,0.8715882029675764,0.8717902675525229,0.8786699681641316,0.8820669787540512,0.888010297903641,0.8923903312444047,0.8887679187080385,0.8997338065661047,0.9073205914172376,0.9092892201417924,0.9132771904676581,0.9123347219706575,0.9059245960502693,0.9098767702777267,0.9075323727886194,0.9091553037010802,0.8995563442768412,0.893578315444788,0.9038496294957528,0.8946318462096482,0.8878170775276885,0.8794788273615635,0.8708005718370264,0.867461044912924,0.8624348138823953,0.8576525151623261,0.8547176554681916,0.8515569709837226,0.8302932761087267,0.824165915238954,0.8300875469001251,0.8260481712756468,0.8284579270494763,0.8075396825396826,0.8143905494898872,0.8106330014224751,0.8052640939000534,0.811660007264802,0.8141545110750945,0.8082993438552935,0.8183936894944425,0.8138385502471169,0.8326537847899309,0.8247667825132614,0.835700508504296,0.8411047345767575,0.84105244188142,0.843952483801296,0.8597141344626786,0.8663909368818558
0.8666544722882751,0.8796329614969414,0.8856320805610501,0.8880226789510985,0.8834163438479985,0.8974358974358975,0.8982656892544252,0.9078757225433526,0.9080689029918404,0.912842404838136,0.9112597144406289,0.9131518063712404,0.9151471384726485,0.9094530967040927,0.9168299198575245,0.9148629148629148,0.9189726894555977,0.9054127938764353,0.8998390270076909,0.8998746193802615,0.8926749271137027,0.8880175086631407,0.882689556509299,0.87918410041841,0.8795115819716287,0.8728767123287671,0.8673357664233576,0.8607985480943738,0.8567839195979899,0.8475945648182152,0.8475499092558983,0.836423118865867,0.8362313697657914,0.8379503892811878,0.8419618528610354,0.8350496506068408,0.8404599353215954,0.8293084522502744,0.8182632050134289,0.8358535252322827,0.8377893414677912,0.8412926391382406,0.8397937411095305,0.8420866489832007,0.8412612612612612,0.8537070524412297,0.8562294483010595,0.8539061083922421,0.8595433789954338,0.8740115025161754,0.8680341259756762,0.8812859195402298,0.8901059436164482,0.8921832884097035,0.8964592274678111,0.8956879584898909,0.9079353550027238,0.9042844120328167,0.906896551724138,0.9135535101967154,0.9242314647377938,0.9150208371081717,0.9200797390358826,0.9186991869918699,0.9137591697978171,0.911506013283073,0.9095860566448801,0.9112688553682342,0.8950473806543894,0.895189606741573,0.8947840114715899,0.884990253411306,0.8804904831625183,0.8829634931997137,0.8736363636363637,0.8645777057446425,0.8631111111111112,0.8588593974175036,0.8530951091860675,0.846563763322308,0.8467941905773999,0.8482847184002935,0.8339705079191698,0.8326678765880218,0.8421242774566474,0.8296028880866426,0.8274223034734918,0.8345945945945946,0.8337879614475359,0.831128827686175,0.8375915669108451,0.8366857353755306,0.8322869955156951,0.8376220053238687,0.8446444644464447,0.852802037845706,0.8528620132783061,0.8612201212986086,0.8640933572710952,0.8706369197553077
0.8875363372093024,0.8838248436103664,0.8987341772151899,0.8948593945907218,0.9006751954513148,0.9031328772056175,0.9104450825556353,0.9071979895889427,0.9160346695557963,0.9124734231041814,0.9189481268011528,0.9178545972915182,0.9182837813779597,0.9153747948203538,0.9155255201849547,0.9168338500820719,0.9148592937802473,0.9149827052612416,0.9149442107188586,0.9074675324675324,0.9130748422001803,0.9033659066232356,0.8983783783783784,0.8944121915820029,0.889880421202927,0.882320843943252,0.8785843920145191,0.8728238959135056,0.8661756781031076,0.862432915921288,0.8574762161191887,0.8493150684931506,0.8604181951577403,0.8450959102424901,0.8477440230091677,0.8458800498309308,0.8421337177869886,0.8420209927059242,0.8389008620689655,0.8463631416651551,0.8506714413607879,0.8446092619392185,0.852178610010803,0.8607232366630863,0.8545487894350697,0.8639626704953338,0.8760088041085841,0.8770553064275037,0.8819607136420977,0.8859773371104815,0.8891071428571429,0.8927085218020626,0.8982896652110626,0.8986425339366516,0.9037356321839081,0.9096045197740112,0.9130824372759857,0.9135692690734484,0.9133357558139535,0.9182900432900433,0.9127822286962856,0.9190423976608187,0.9257017061089708,0.9139727011494253,0.918097993129633,0.9123428369045511,0.9092062341428053,0.9123916184971098,0.9149917020099576,0.9045650611071172,0.8996034607065609,0.8900399854598328,0.8966077228437387,0.8960189056535175,0.8924538447750493,0.8679415478982501,0.8693848096698539,0.8731019522776573,0.8659942363112392,0.8620996441281139,0.8645851917930419,0.8600178094390026,0.8542045868219876,0.8360157367668097,0.8546852122986823,0.8440975959813419,0.847373107747106,0.8433840237720678,0.8467179395456984,0.8448622011315934,0.842831541218638,0.8538434414668548,0.8523550724637681,0.8545001778726432,0.863799928031666,0.859780621572212,0.8683043960103436,0.8782497253753204,0.8832790445168295,0.8834829443447038
0.8958183129055516,0.8987158618194971,0.9036472509526402,0.9073842302878599,0.9131747159090909,0.9150116299874754,0.9149090909090909,0.9129586952667966,0.9206465833945628,0.9209715425049846,0.9221030420256726,0.9303211758301578,0.9248834707780567,0.9255111111111111,0.9238440616500453,0.9285456513893902,0.9182183278568821,0.91867415323311,0.9207008670520231,0.9152115211521152,0.9099765469962114,0.9077386222773154,0.9093221878975104,0.9074669524830297,0.9015712479682139,0.902795311091073,0.888809946714032,0.8907172241101771,0.874933569530558,0.8760136961614705,0.8805888767720829,0.8751560549313359,0.870269286754003,0.8700564971751412,0.8745928338762216,0.8666071428571429,0.8618645590084426,0.8561830397675686,0.8571945046999276,0.8612143742255266,0.8710782545979084,0.8687511361570623,0.871914970275626,0.8711404604676066,0.8724480578139114,0.873821609862219,0.8859440687260098,0.8831239759694156,0.893531976744186,0.8917322834645669,0.8943044906900328,0.9064316860465116,0.9080377829263946,0.8934441033050389,0.9113623928506293,0.9197066911090742,0.9168154230631917,0.9168320404113296,0.9168793292016041,0.9230354252832225,0.9199929353585306,0.9277808020322991,0.9241792127698168,0.9235507246376812,0.9219832948285054,0.9201177986379533,0.9242560865644724,0.9251737039016569,0.9186704384724187,0.9082834874025738,0.9103090941575844,0.9009365994236311,0.8996577193298505,0.8935792834338417,0.8971338139616669,0.8993086332210601,0.8935193684597026,0.8826566951566952,0.876993583868011,0.8757460661964189,0.8721560130010835,0.8615078647622492,0.8720825040709246,0.8610656482996909,0.8581547402833273,0.8588298443370908,0.8648357565966612,0.8687649549052089,0.8674439461883408,0.8650082312054143,0.8617495100659184,0.8682979489024829,0.8694479410178025,0.871998555695974,0.8781864530225783,0.8742138364779874,0.8718502519798416,0.8906845832576721,0.8850554165176975,0.8938797423049392
0.9044091073364655,0.9068983862386948,0.916651793681956,0.9089427950760318,0.9208606856309264,0.9190179552949799,0.9291479820627803,0.9216109313196692,0.928,0.9272662763881497,0.9361972086278775,0.9315617036767383,0.9245554158433626,0.9299317283507007,0.9308979665287025,0.929584959205392,0.9257703081232493,0.9262885645667837,0.9235081374321881,0.9253541590991645,0.9210144927536232,0.9148525280898876,0.9057354803690971,0.9028466483011938,0.8984735534256301,0.9035733524869815,0.8974219317356572,0.8960780769925899,0.8828796561604585,0.8881399161960284,0.8832340732719726,0.8816952209197475,0.8773826979472141,0.8772751847179672,0.8784177907400657,0.8732727272727273,0.8801339679182091,0.8757153075822603,0.874079528718704,0.8724068294474022,0.8699469544539967,0.8811703464369054,0.8800364630811304,0.8779080252479712,0.8801437556154538,0.8986866791744841,0.8944255242875068,0.8932212484349848,0.8954925481643039,0.8982500451019304,0.9070685324721923,0.9064579960424537,0.9138119533527697,0.9140738060781476,0.919015340706386,0.9203730272596844,0.9226459425266582,0.9273832945805759,0.9278036546040845,0.9298758217677137,0.9284815813117699,0.9269318380935693,0.9314387211367673,0.929510783798001,0.9313902968863143,0.928685754935088,0.9179253867151956,0.9258398856325947,0.9168005713265488,0.920365296803653,0.9170705438879914,0.9113588110403397,0.913361914969632,0.9067197971381996,0.8982363315696649,0.9018438177874186,0.899708773207135,0.8971236986059643,0.8917897011163126,0.8891129032258065,0.8754730582086863,0.886833123765044,0.8874028555937105,0.8851217312894499,0.874977416440831,0.8801412180052957,0.8833935018050542,0.8697478991596639,0.8739599929191008,0.886003912502223,0.8804618117229129,0.8853400322985825,0.8835040234089246,0.8856215046003969,0.885310431204151,0.8867751966343516,0.8942272561198392,0.8994115483633689,0.8973947180585297,0.8990727532097005
0.9103171709806781,0.9132824968966129,0.9196379087382228,0.9268645908761767,0.9264839353784716,0.9200929567393636,0.9318547665891611,0.9261144261144261,0.9320475847152127,0.9365739067582219,0.9354383489151525,0.9361016645784858,0.9357235742151216,0.9387495456197746,0.9349651599070931,0.9338813438170122,0.9393238434163701,0.928609865470852,0.9274264576360753,0.9344320396951976,0.9263496603503754,0.9235999284308463,0.9197002141327623,0.9144490087515628,0.918947184939864,0.9203301632872779,0.9100145137880987,0.9020183486238532,0.9038767923526287,0.9086782861292665,0.8964650995872959,0.8935060262637164,0.8968311127115592,0.8960755813953488,0.8885067873303167,0.8894454382826475,0.8929413899473779,0.8855863921217547,0.8906633906633906,0.8922112802148613,0.8957741477272727,0.8882809742322626,0.8963480128893663,0.8931866572036906,0.9009510138166158,0.89937106918239,0.9049023221525986,0.9042320321050712,0.9064579960424537,0.9189914163090128,0.9164556962025316,0.9118333632609086,0.9160965070219661,0.9205615781055625,0.9219143576826196,0.9202554744525547,0.932964877874844,0.9341988262493331,0.9348820837733193,0.9374551971326165,0.9369747899159664,0.9377973568281939,0.9389056136001417,0.935564257742969,0.9387056066342166,0.9312159709618875,0.9335154826958105,0.9254489388717576,0.9355128435423029,0.9261343012704174,0.922082650646277,0.9199285075960679,0.9188087218578266,0.9193548387096774,0.9201801801801802,0.9091403699673558,0.9107402031930334,0.9034262382389491,0.9038002570222141,0.895021645021645,0.9012704174228675,0.8861730597680643,0.8909025659429392,0.8956710740807825,0.882751247327156,0.8818132757690232,0.8876054272093876,0.8826102807145462,0.888283378746594,0.8944887599709934,0.895806392019213,0.8851278357940223,0.8967625899280576,0.9025393419170243,0.9031853972798854,0.8954747116237799,0.8948486457780138,0.9105121293800539,0.9163819456932206,0.9100247963159759
0.9232708933717579,0.921844400925761,0.9298531810766721,0.9240014139271827,0.932241250930752,0.9313142239048134,0.9334049409237379,0.9326729040543019,0.9341623994147769,0.9314850785802579,0.9395024163236084,0.9403527914166212,0.9406294706723891,0.9373401534526854,0.9380097879282219,0.9417582417582417,0.9327913279132791,0.9404719342152306,0.9265073135925794,0.9303626195201155,0.9345661450924608,0.9315360056757716,0.9253541590991645,0.924032403240324,0.9230217118248699,0.9179793590439979,0.9160538116591929,0.9157115147240346,0.9087329992841804,0.9060184348454726,0.9110161950525004,0.9080192891587784,0.9046752774240495,0.9003059204606803,0.9078492077945729,0.8998017660839791,0.8989477503628447,0.9034569228013613,0.9022876396524206,0.9051787016776076,0.9099620321822455,0.9043760129659644,0.9113558404044051,0.9103671706263499,0.9171240395170143,0.9104668125455871,0.9089433826181031,0.9118428040361126,0.9195628806879255,0.924018725243068,0.9196298984034833,0.9249779346866726,0.9248037963131959,0.9299709724238027,0.9342267677658261,0.9289412604891983,0.9378915339180239,0.9361320416218156,0.9292674124864669,0.93823370055987,0.9394659839063643,0.9392354850342589,0.9392902179787426,0.9337328163553049,0.9374092888243831,0.9371171171171171,0.9320822162645219,0.9379096868171887,0.9284936479128857,0.9248946693533614,0.9357487060503302,0.923905240488155,0.9240828187431892,0.9232165547286258,0.9181966915106344,0.9154513568395791,0.9117435158501441,0.9144103216427403,0.9191015339663988,0.9054249547920434,0.9119451461566221,0.91144242859709,0.907518660112871,0.8983783783783784,0.9054796949813797,0.9007466763795301,0.8948905109489051,0.9016714082503556,0.908334839992768,0.89352856109906,0.9047276649289951,0.913074972835929,0.9050339164584077,0.9060783271309587,0.9085592769803296,0.9094789258402988,0.911135096240331,0.9166515013648772,0.9149507609668756,0.916210295728368
0.9259786476868327,0.9300462798148807,0.9335832886984468,0.9360936093609361,0.9334164144561153,0.9363438520130577,0.9389704581638069,0.9401709401709402,0.9404183787822189,0.9447136959253276,0.9424697691462074,0.9446043165467626,0.9395030608570399,0.9422799422799423,0.9407179115300943,0.9421695402298851,0.9436191158045463,0.9407150674936154,0.9411551692920515,0.9326126126126126,0.9376005721437511,0.9310788458004043,0.9259459459459459,0.9347091264899484,0.9301570113697889,0.927825773938085,0.9261404779145547,0.9250949882395513,0.9199491740787802,0.920617816091954,0.920421511627907,0.9161172161172161,0.9122964023626275,0.9145329330743422,0.9112479623256656,0.9158636026686434,0.915876141041704,0.9109638122536725,0.9097387173396675,0.915954156812807,0.9042707202316322,0.9098920863309352,0.9142705005324814,0.9253459577567371,0.9202166064981949,0.9207008670520231,0.9233016800584368,0.9253948084951897,0.9245487364620939,0.92579185520362,0.9317533856022808,0.9306647605432452,0.9312026002166848,0.9333449965010497,0.937942008486563,0.9355406833392039,0.9389799635701275,0.9392414165018874,0.9414134016843647,0.9456754824874911,0.9476573938506588,0.9439218523878437,0.9464478903714388,0.9465923395072828,0.9454480414952603,0.9394991774812649,0.9390779363336992,0.9395240651279299,0.9322308107136437,0.9415407029684939,0.9346146937309143,0.9340974212034384,0.9360422740524781,0.927643450018044,0.9239557300963941,0.9281233195913247,0.9292196007259528,0.9228860131182415,0.9186385147433563,0.9217674755523361,0.9159828754905458,0.9240953221535746,0.9158140369772034,0.9136363636363637,0.9091241543243738,0.9146385760988013,0.9098524858859952,0.9097434057060829,0.9106686152721958,0.9152088539807212,0.9160701503221188,0.9089768858627486,0.9151097406130964,0.9071506749361546,0.9174695509907289,0.9243880326382593,0.9240438139701921,0.9234904139043182,0.9292984369320247,0.9240088105726872
0.9333095577746077,0.9349622709306504,0.9370729953254225,0.9408786837823179,0.94303683737646,0.9475587703435805,0.9469343850842596,0.9426728771049803,0.9459655485040798,0.9445731598645518,0.9479913916786227,0.9444243955250812,0.9491649844008074,0.9477182896155228,0.9452005730659025,0.9448777029422191,0.9411552346570398,0.9453766511960014,0.9486258307885755,0.941008732846195,0.9472093849982225,0.9436670254754216,0.9361625606905233,0.9311587673454677,0.9314969191736137,0.9443649373881932,0.9307901907356948,0.93270960777258,0.9288573508005823,0.9329440905874027,0.9284442862228551,0.9259392414165019,0.9301530153015302,0.9233006179571065,0.9236846830669779,0.929837121890102,0.9235347159603247,0.9207630227439472,0.9159062444086599,0.9218188353702372,0.926454644018793,0.9182169828697735,0.9265858873841768,0.9241167988464312,0.92668673632017,0.9259059921062074,0.9299590090892889,0.9278314310798946,0.9330566582461205,0.9428413894504687,0.9392498679344955,0.9371954520844613,0.9362806515124396,0.9431432147327016,0.9393182223808674,0.9381882770870338,0.9400321256469748,0.9447029348604151,0.9485633203263568,0.9440203562340967,0.9440099537859936,0.9450491573033708,0.9486587315686623,0.9462654486835035,0.9503762092439986,0.9485173731126069,0.9493054302724157,0.9423531551191126,0.9449440264268674,0.9376806358381503,0.9393994540491356,0.9377495462794918,0.9423942394239424,0.9350071225071225,0.9285206258890469,0.9301511242167343,0.9303636363636364,0.928277588982293,0.9294789173264593,0.9232464193903782,0.9233468784632435,0.9254346657107009,0.924450794784783,0.9237484411188313,0.9125359195402298,0.9222985182508131,0.9218608031982555,0.9194449450351415,0.9238873751135331,0.9227428984982812,0.9249054565099946,0.9257847940482671,0.9230220955096222,0.9265809217577706,0.9326319675156884,0.9246711119120562,0.9302075876879027,0.9324902030637692,0.9225516621743037,0.9365765765765766
0.941025641025641,0.9403863845446182,0.9429720343630049,0.9411973078285512,0.9486055078056481,0.9443748882131998,0.9493138151875572,0.9494661921708185,0.9528182964163515,0.9490790899241603,0.9473019310593755,0.9539319776858017,0.9463894967177243,0.9518203224053613,0.9463995668651868,0.9510603588907015,0.9512674044983934,0.9503559043621099,0.9522117605258483,0.9462707670554966,0.9432611419366387,0.9444245889921372,0.9389119826495572,0.93881245474294,0.9447209384998223,0.9383009886488466,0.9379297864639884,0.9412604891983575,0.9351868900754925,0.939540724793685,0.939415287072913,0.9349955476402493,0.9333333333333333,0.9338976945244957,0.9334874622087853,0.9280432822362489,0.9347398533881638,0.9319419237749547,0.9327427228349304,0.9274640088593576,0.9332491430633231,0.928470505121865,0.939443535188216,0.933028362305581,0.9364452423698384,0.932260947274352,0.9397074562968248,0.9348452123830093,0.9343182627269491,0.9417138680796638,0.9421043197705682,0.9394755747126436,0.940072202166065,0.940631808278867,0.9433793227020247,0.9483526268922529,0.9518658734451054,0.9477516839614054,0.9456891916113999,0.9452328966521106,0.9496559217674756,0.9542412732863086,0.9461013295005389,0.9465162816081499,0.9459898843930635,0.9458972046889089,0.9494931209268646,0.9476495726495726,0.9481481481481482,0.9492805755395683,0.9452252252252252,0.9441330681612728,0.9371643394199786,0.9430706280021348,0.942448552493896,0.9371746544605996,0.9349478522184904,0.9392902179787426,0.9322331460674157,0.9348972540461902,0.9384338433843384,0.9334637964774951,0.9302283436027546,0.9302537885703852,0.9329508784510577,0.9323497661029148,0.9352004393190555,0.9311463590483057,0.9317561419472248,0.9319240415621641,0.9333093654502966,0.933970773949125,0.9317697228144989,0.9349771689497717,0.9348220769789397,0.9358132749817651,0.9341071428571428,0.9375447387258411,0.9430070562692238,0.9384807417974322
0.9418352601156069,0.9446906576848076,0.9479373085930463,0.9523809523809523,0.943859011627907,0.9466571834992887,0.9519316361046822,0.9514112182922473,0.9520936185774365,0.9549224666426254,0.9538936286077327,0.9552,0.9501424501424501,0.9524932003626473,0.9494931209268646,0.9513749772354763,0.9553314121037464,0.9485956544780074,0.9469187420469005,0.9507241257506182,0.95,0.9496650371175086,0.9435616438356165,0.9485386408463331,0.9462952849080648,0.9398779612347452,0.9461400359066428,0.9442841687702849,0.9436569172797417,0.943257317292153,0.9400879443019421,0.9388998387385773,0.9447181171319102,0.9409620991253644,0.9369450987497735,0.9415513474144209,0.9345711759504863,0.9432148040638607,0.9325761672976384,0.9391891891891891,0.9394765539803708,0.9406794578419292,0.9428622604334587,0.9393078970718722,0.9403459230497706,0.9390289103039289,0.9414225941422594,0.9467889908256881,0.9434790561551125,0.9482665708640201,0.9467893217893217,0.94391515369405,0.9460714285714286,0.9469601298935595,0.9473968654296523,0.950514719162001,0.9481481481481482,0.9490400143549256,0.948169626676332,0.9531700288184438,0.948936170212766,0.9496644295302014,0.9584308079899226,0.9529582051745974,0.9490181949198343,0.9485930735930735,0.9527161162245082,0.9500635554748502,0.9524666906733885,0.9449901768172888,0.9486158856522526,0.9462719298245614,0.9480730957119595,0.9472099202834366,0.9502118644067796,0.9434485307706524,0.9445244956772334,0.9394327538883807,0.9443644220381707,0.9411869860564891,0.9420184816089872,0.940884890765559,0.9368515205724508,0.9391675560298826,0.9420419881571864,0.9392844235634261,0.9350927246790299,0.9377107364685004,0.9364536453645365,0.9401648154783232,0.943157132512672,0.9378983791659079,0.9403120464441219,0.9395985077278379,0.944,0.9423007573025604,0.9394482264421354,0.9459700427960057,0.9389423950572415,0.9444740109987582
0.9490238611713666,0.9565295169946333,0.9528673835125449,0.9489439853076217,0.9568294409058741,0.9496729651162791,0.9531136857349747,0.9542215888849306,0.9554545454545454,0.9536532170119957,0.9565295491287947,0.9523895077254761,0.9535185185185185,0.9535733869493694,0.951926475786497,0.950969630442737,0.9531560860915175,0.954683861723088,0.9488840892728582,0.9554969217238346,0.9537448852517346,0.9522690291086603,0.9470377019748654,0.948796263025512,0.9541105598866052,0.9548052876027152,0.952994555353902,0.9442521406449262,0.9454512504530627,0.9387905604719764,0.9472543352601156,0.948851399856425,0.9458029197080292,0.9428113308391235,0.9426334001092697,0.9501546297980716,0.9444444444444444,0.943308216720488,0.9481800251031021,0.9514632405424697,0.9403093721565059,0.9446348061316502,0.9442857142857143,0.94233907524932,0.94473541629041,0.9429746156596354,0.9445454545454546,0.9483882651213329,0.9451461566221581,0.9457608293224732,0.9529163738580464,0.9450629676948348,0.9536563876651982,0.9532174224771465,0.9491341991341992,0.9564363506516693,0.9509235784136183,0.9534673184863299,0.9523289665211062,0.9570845894662174,0.9568319004938723,0.9523202911737944,0.9564660691421255,0.956907253059053,0.9542177361211247,0.9517340007150519,0.956270328876039,0.9466192170818505,0.9537822711680809,0.9486856319769535,0.9526477498644497,0.9515928101085602,0.9527545016937066,0.9480264332916593,0.9450706745392736,0.9498111171073934,0.950711743772242,0.9497533345514343,0.9558613295210865,0.9497067709258931,0.9430413756045137,0.9462019660411082,0.9530608602534356,0.9449705199213865,0.9488564739780299,0.9470545717383447,0.9461315979754158,0.9435645366830512,0.9431271171331789,0.9373406193078324,0.9481629683521281,0.9457886119701655,0.9479832086147107,0.945125199786894,0.9461990451707676,0.94035023713973,0.9517901453385325,0.9503802969938429,0.946893063583815,0.948759732029694
0.9531590413943355,0.9571198856530284,0.9559534467323187,0.9557853449812801,0.9534800500984076,0.9510388437217705,0.9561122956645345,0.9543010752688172,0.9573553126679807,0.9556197005231823,0.9555994966744562,0.9551212450235251,0.9492330168005844,0.9586879432624114,0.9547413793103449,0.9567804024496938,0.9523378035520116,0.9553539019963703,0.9557221924656312,0.956989247311828,0.9551840654454917,0.955092509430573,0.9515951595159516,0.9563218390804598,0.9546599496221663,0.9552687411598303,0.9530225782957028,0.9468667255075022,0.9493898061737258,0.9480894015861572,0.9497749774977498,0.9510918606749684,0.9489942528735632,0.9473590925203829,0.953125,0.9535997053949549,0.9509978617248752,0.9500983723841889,0.9474944731024318,0.9514597886440982,0.9537237888647867,0.9514440433212996,0.9450629676948348,0.9488880918220947,0.9502172338884866,0.953887399463807,0.952764555108019,0.9572231285118724,0.9488997999636297,0.9531449407474931,0.9534760304263223,0.951128487648836,0.9561499272197962,0.9526431718061674,0.951293487957181,0.9550745725718444,0.9540717187776011,0.9546191247974068,0.956065457132693,0.9551886792452831,0.9589644240929905,0.9583183614804168,0.9557443795362011,0.9593481375358166,0.9612021857923497,0.9575240515520058,0.9496681415929203,0.9496172333986114,0.9521152115211521,0.9514001806684733,0.9561262707330123,0.9511291460832745,0.9577817531305903,0.9528907922912205,0.9508984166518413,0.9482820329277022,0.9486258307885755,0.9545865749954767,0.9459033613445378,0.9498661909009812,0.9481468282252317,0.9495706194043486,0.9521933751119069,0.9515695067264573,0.9489630297565375,0.949009009009009,0.9428877387114046,0.9490909090909091,0.9492051891101773,0.9482093663911846,0.9490049751243781,0.9510107448552176,0.9461771520228124,0.9563098032135765,0.9548912082080311,0.9512023872213445,0.9528767123287671,0.9513395297977036,0.9508778152154638,0.9532278143339854
0.9553763440860215,0.9534296028880866,0.9554208273894437,0.9553474972992438,0.9556197005231823,0.9611510791366906,0.9569298729983434,0.959927797833935,0.9550438596491229,0.9557761732851986,0.957397087902211,0.9546018797659159,0.9595549275874249,0.9590867579908676,0.9546690843155031,0.9533490651660919,0.9501845018450185,0.9612807148175726,0.9556036816459123,0.9590950226244344,0.9586133710647329,0.9576576576576576,0.956350626118068,0.9540687160940325,0.9553001277139208,0.9546844092789066,0.9555959963603275,0.9545042595613558,0.9521810549370323,0.9482022071911712,0.9514368861404147,0.9543583318417755,0.9530396796505278,0.9525991189427313,0.9525634008392629,0.9480962643678161,0.953144486014609,0.9499638728323699,0.9521746977079949,0.9520990312163616,0.9547108039287013,0.9534673184863299,0.950784207679827,0.9533890766767479,0.9556357078449054,0.9559815406460774,0.952701473531017,0.9552130553037171,0.9556916426512968,0.9556197005231823,0.9562355452766411,0.9525955299206922,0.9583408802753124,0.9544724156400642,0.9633526850507983,0.9598386209426004,0.9615734838827171,0.9559805159660834,0.960230340111571,0.9535008976660683,0.956140350877193,0.9556112403794523,0.9561605091037653,0.9561450044208665,0.9598286020353508,0.9585798816568047,0.9555515239477503,0.9530541961210803,0.9608192341941229,0.9563435495367071,0.9554267077369089,0.9594129371262909,0.9599572877736252,0.9567076429716729,0.9527516292541637,0.9577922077922078,0.9544781643227239,0.9518332135154565,0.9560380405526646,0.9536315884803478,0.9492792311799253,0.9535302593659942,0.9542317471848892,0.954140127388535,0.9509366636931311,0.9546530686578036,0.9541218637992831,0.949829779609389,0.9521810549370323,0.95392708144386,0.9530653083500091,0.9530541961210803,0.9542846898529939,0.9593817397555715,0.9523809523809523,0.9579861726644212,0.9567801188546732,0.9552744119743407,0.9533697632058288,0.9563655952594721
0.9521802858189813,0.9561054913294798,0.9578606158833063,0.9571146599677014,0.9561846375766319,0.9547347456092703,0.95995670995671,0.9602407441181835,0.9546914020692115,0.9538981844072624,0.9585303746817024,0.9584653291094685,0.9573247265554958,0.9608471258231002,0.9570462438311095,0.9495674581262654,0.9568592057761733,0.9567844717084782,0.9549062049062049,0.9581708613966679,0.9596380090497738,0.9578677413445686,0.9574891461649783,0.9582073626178197,0.954447245228664,0.9586157688191224,0.9542815674891146,0.9552077711818673,0.955025981006988,0.9552,0.9567307692307693,0.9567652721862419,0.9501450326323423,0.9554670528602462,0.9560180995475113,0.9575984322109389,0.9537234042553191,0.9596626329299597,0.9516070783676418,0.9528673835125449,0.9541153365470452,0.9568828414914295,0.9547756874095513,0.9542732716385411,0.9529774872912128,0.95451197053407,0.9535296204327776,0.9607452966714906,0.955806964822344,0.9626892573900505,0.9545126353790614,0.9569815379100197,0.959949026033133,0.9567890074127644,0.9545936395759718,0.9576796789492886,0.9552962298025135,0.9572804944555535,0.9570269273330875,0.9547729710404004,0.958295557570263,0.9599503810030126,0.9561324977618622,0.9557799442896936,0.9591761677087164,0.9542012261089073,0.958498023715415,0.955858310626703,0.9577109951412632,0.9531868923298523,0.963254113345521,0.958886894075404,0.9503455802109858,0.9566607460035524,0.9590884622286022,0.9524403277520485,0.9558561765752936,0.9528201489890032,0.9558143834350157,0.9536354056902002,0.9592911037024039,0.9521754764473211,0.9534510433386838,0.9532453245324533,0.9606087735004476,0.9549815498154982,0.9578717995278736,0.9566463633106413,0.9587832973362131,0.9520115460941728,0.9582885785893305,0.9576888888888889,0.9534094966083542,0.9610227069551225,0.9506520972858653,0.9576149425287356,0.9567665758401454,0.955648841029385,0.9599565138612067,0.9588014981273408
0.9546200109349371,0.9547631718999467,0.9563715688056716,0.9587422755361686,0.957378223495702,0.9609248969349345,0.9549224666426254,0.9565610859728507,0.9512592861025548,0.9591359135913592,0.9621993127147767,0.9525892232330301,0.9582132564841499,0.9553202942759734,0.9541480820695807,0.952221602528351,0.9625386433897072,0.9606299212598425,0.9613170205109751,0.9603273438889878,0.9567091790910723,0.9505078485687904,0.958941605839416,0.9586988304093568,0.9572758809567281,0.9614626277110593,0.9551497961354369,0.9567210709701082,0.9545949872865964,0.956049822064057,0.9560737527114967,0.9584870848708487,0.9538735529830811,0.9566093006224826,0.959290754478017,0.9581782739677477,0.9536611248673506,0.9577898550724637,0.958030523255814,0.958667152221413,0.9581462187892941,0.9543212132285767,0.9513590844062947,0.9576377670077185,0.9502692998204668,0.9609961545504486,0.9628099173553719,0.9563969136910102,0.9586439474618388,0.9570346892058461,0.9571403477955384,0.9578399712952996,0.956172388604821,0.952816648726229,0.958541815582559,0.9587573647562935,0.9590643274853801,0.9546676222899122,0.9572192513368984,0.9585152838427947,0.9560896277556921,0.9600568080951536,0.9644204851752022,0.9526175687666371,0.9539688292859732,0.9559815406460774,0.9554046614057625,0.9588675213675214,0.958273381294964,0.9517426273458445,0.9569230769230769,0.9573553126679807,0.9570046578287352,0.9585767392458843,0.9595736861447997,0.9569377990430622,0.956211066324661,0.9607807369573148,0.9556532893531244,0.9548209366391185,0.9585969987344061,0.9503968253968254,0.9583408476104599,0.9594666666666667,0.9598487576521426,0.9605946623679026,0.9536589729826445,0.9534966276180333,0.9574931880108992,0.9544231114301095,0.9579755161702905,0.9553716033831204,0.955070371706965,0.9535631362743348,0.9554455445544554,0.9566557852738484,0.9539719210947218,0.9554633970429138,0.9619723435225619,0.9583482944344703
