0.9561656302138631,0.9572417946401687,0.9579502637528259,0.9556245151280062,0.9593962264150944,0.9577548887893715,0.9578331332533013,0.9598484848484848,0.9599165549098495,0.9585302637597195,0.957899434692056,0.9552127022168964,0.9571321882001493,0.9593532789362346,0.9541022948852558,0.9492940640655837,0.9634072274521712,0.9547169811320755,0.9554004854368932,0.9579404280796288,0.9561324977618622,0.9590739357729648,0.957077083023912,0.9537903956508608,0.959563834620627,0.9558052434456928,0.9578304276560871,0.9578630549285176,0.9596081386586285,0.9557652609849602,0.9567615923661846,0.955841086988628,0.9543468434533675,0.9559265944645006,0.9525387976495404,0.9577088588811397,0.9614750412232049,0.9611227859501651,0.9578457845784578,0.9607698001480385,0.957058912159108,0.9570524412296564,0.9619589636064101,0.9552919708029197,0.9547828682286226,0.956752655538695,0.9563279857397504,0.9605263157894737,0.9565217391304348,0.953306220816388,0.9605183845690175,0.9535896665665365,0.9624526873580621,0.9574087862993299,0.9614308847342853,0.9576894223555888,0.9590004489001945,0.961178247734139,0.9578572488499777,0.9560206248104337,0.9546910755148741,0.9551656920077972,0.9593810444874274,0.9563962321482832,0.9563824919932896,0.9581634194230478,0.9570543093270366,0.9535585042219542,0.9515686871763631,0.9568505338078291,0.9575371549893843,0.9594168044491207,0.9589881754228409,0.9584640669356044,0.9605625191073066,0.9575478927203065,0.9578422484134179,0.9590943396226415,0.9551630434782609,0.9593544530783025,0.9571450128263166,0.9602609727164887,0.9560975609756097,0.9568505338078291,0.957890004495729,0.958863569103285,0.956495739273434,0.957347400150716,0.9546468401486989,0.9571364114904497,0.957568462232922,0.9568236714975845,0.9567864567864568,0.957748581666169,0.9555152065365411,0.9559438470728794,0.9614817001180638,0.9540536534756188,0.9567157518964748,0.9614167294649586
0.95903911302741,0.9591413767579571,0.9572168763878608,0.9574146783449109,0.9586392926719617,0.9539622641509434,0.9602747909199522,0.9538943598925694,0.9580009032063826,0.9534568459105287,0.9591836734693877,0.9579695130975285,0.9572442967215592,0.9552127022168964,0.9591346153846154,0.9563055597408467,0.9568047337278106,0.9544219740416541,0.9562947494033412,0.9569715142428785,0.9586488942744623,0.9582894142448426,0.9555087930257027,0.9545861965939647,0.9592581775700935,0.957277998169057,0.9597936580185101,0.9542279684945757,0.9532111458798986,0.9548782309875989,0.9559306841948013,0.9543599818648935,0.9608460846084609,0.955632949727438,0.9536443583246386,0.957161784189607,0.9557574854759422,0.9557746899746004,0.9576003608479928,0.9577276772471077,0.9601373544341595,0.9581714968628623,0.9586789099526066,0.9575600851840584,0.9569377990430622,0.9585507678544803,0.9620214858526253,0.9567983429501405,0.9622528460155781,0.9591651542649727,0.9549848942598187,0.955744164898454,0.9607963246554364,0.9568585751177274,0.961757648470306,0.9599879663056559,0.9577817005001471,0.9549848942598187,0.9605163249810175,0.9554433387791474,0.9572200540378265,0.958358942839582,0.9585727245237375,0.9616766467065868,0.9565282566331884,0.9575173244953299,0.9570626612046731,0.9546322125972692,0.9555522957312601,0.9551901025950513,0.9525423728813559,0.9560423404880918,0.9570718481699051,0.9583083383323335,0.9567543468568881,0.9511606873681037,0.9551596139569414,0.9546607009694258,0.957216808769793,0.9606616003576218,0.9543002697033264,0.9572739581766211,0.9568773234200744,0.9601599753884018,0.9586322698824606,0.9573770491803278,0.955054502015828,0.9574087862993299,0.9564164648910412,0.9598747016706444,0.9557283876757403,0.9604630186410102,0.9590288315629742,0.9537998495109105,0.9535622447436092,0.9605516832270503,0.9608351112465712,0.9609828741623232,0.954035035184908,0.9598327609377333
0.9597839135654261,0.9610622109503207,0.9576142900393582,0.954406364749082,0.956665167191483,0.9627189699056745,0.9559597174207125,0.9644693075294829,0.9537232438950859,0.9541132075471698,0.9583271097834205,0.9554825216611891,0.9547114682249818,0.9535200605601817,0.9519618081456065,0.9571025679085646,0.9562997447064123,0.9549324721080447,0.9545042321644498,0.9578127296780832,0.9530495169082126,0.959417273673257,0.9516177804656789,0.9577443832762982,0.9536592681463707,0.9575266396518085,0.9543562295569432,0.9568849768760257,0.9523390526470157,0.9606953892668179,0.9581113084665482,0.9544300014940983,0.9550126619991062,0.9575656901238296,0.9543086768864414,0.9542157751586582,0.9581222056631893,0.9551330798479087,0.9567343310120018,0.9590127809607757,0.953585242487355,0.9562866155926093,0.9522673031026253,0.96,0.9599645442458266,0.9574247144340602,0.9551990313304072,0.9555884529977794,0.9566137566137566,0.9601031553398058,0.9566261443794086,0.9586030407948216,0.9614329268292683,0.9539198084979055,0.9600475271053023,0.9551944106925881,0.9553105913898406,0.9582816377171216,0.9583830548926014,0.9575987841945289,0.9533866344848393,0.9592233009708738,0.9552038226071375,0.9573068094873757,0.9554004854368932,0.9564293304994687,0.9546772470624142,0.9552238805970149,0.9519029068025172,0.9580367734282325,0.9597203222374221,0.9555056179775281,0.9539279385705848,0.9556840077071291,0.9539611360239163,0.9558670046220367,0.9528189910979229,0.9535543608124253,0.9543969102792632,0.9541381928625664,0.9561068702290076,0.9553531431984471,0.9523303476544709,0.9511537308960144,0.9588483569490504,0.9581771848298606,0.9519938650306748,0.9557977596124735,0.9587183308494784,0.9594250636322803,0.9589652096342551,0.9562792100105533,0.9600360576923077,0.9566203143893591,0.9557287836446536,0.9571603427172583,0.9584574151280524,0.9600600600600601,0.9589591078066915,0.9597457627118644
0.9593991671624034,0.9596446318325553,0.9549984898822108,0.9602550793415394,0.9570873205741627,0.9603162536110689,0.9612587204987383,0.9540127577510755,0.955790413813635,0.9550880334228589,0.9528032466556441,0.9594432804549536,0.9543931225411627,0.9583270873931944,0.954704362365101,0.9530593881223756,0.9537361132247756,0.953364727327966,0.9502283105022831,0.9547282204020849,0.9491318915625951,0.9479150986000301,0.9519143804642749,0.9512885446149263,0.9543365455893255,0.9513641755634639,0.9562131964366601,0.9513046116504854,0.9548224104621786,0.9548039509129004,0.9576421800947867,0.9531762600656128,0.9529213310841895,0.9544146600030289,0.9516674012046423,0.9543817527010804,0.9582582582582583,0.9536144578313253,0.9569327731092437,0.9548309901286269,0.9586638194020745,0.9595899569157629,0.9558823529411765,0.9542746499851057,0.9613605848127704,0.9538415275898361,0.9569973029667366,0.9573403942335981,0.9568011958146487,0.9534324770917831,0.9581646423751687,0.9571869942621745,0.9571842145360353,0.9569069069069069,0.9600294985250738,0.9580693815987934,0.958587814687919,0.9561801148383198,0.9592297276967052,0.9548201873677848,0.9556650246305419,0.9564433763893061,0.956738768718802,0.9545454545454546,0.9536570920935742,0.9523453839259038,0.9447678758023585,0.9567714631197098,0.9557548579970104,0.9530948493394686,0.9562444378522693,0.9484939759036145,0.9542696462927335,0.9580630562679137,0.9532809192621712,0.949414033526183,0.9522036926742108,0.9584712609088173,0.9546603240671919,0.9550527442287112,0.956140350877193,0.9543441746831577,0.9553937187073281,0.9554711246200608,0.9585561497326203,0.9544364508393285,0.9552485358161886,0.9554631828978623,0.9528457726385343,0.962249962400361,0.9577978971962616,0.9547491039426523,0.9563575958924796,0.9558913308913309,0.9538254632396892,0.9599820143884892,0.9547538978905533,0.957277998169057,0.9588673621460506,0.9582226158842634
0.9593618302227573,0.9587829736211031,0.9555688982287601,0.956006006006006,0.9591471596839123,0.9562651331719129,0.9606028950902851,0.960422556167237,0.9571025679085646,0.9578122645773693,0.9596127666011194,0.9534707487117309,0.9536021345982805,0.9559291231258519,0.9464475886201126,0.9524818401937046,0.9485799701046338,0.9521706016755521,0.9529218353011508,0.9543864984035274,0.9529110877087408,0.9519832985386222,0.9495192307692307,0.9491274770777877,0.9457611668185961,0.9478559689227551,0.9500076207895138,0.9446195407474111,0.954449472096531,0.9516056083220262,0.9440337909186906,0.9527630582891748,0.9467795585122467,0.9547387606318347,0.952089552238806,0.9500680889695869,0.955294816575078,0.9500812287697533,0.9603092017243943,0.9522680106729914,0.9522058823529411,0.9548482605477424,0.9565085158150851,0.9548549437537004,0.9521502119927316,0.9559389924510862,0.9595154117466647,0.9573696145124716,0.9593290782247291,0.961044843726408,0.9630586804499848,0.9549124143183549,0.954833836858006,0.9558287795992714,0.9574660633484163,0.9565021071643588,0.9578033817147987,0.9535677199228602,0.9574596470055815,0.9521012200632626,0.9528498955535661,0.9475513905683193,0.9528920691711389,0.9545319022063208,0.954132539091586,0.9499848896947718,0.9533510481251846,0.9540754257907542,0.9491879004619281,0.9514503816793893,0.9513497478493029,0.9518341783477483,0.9526618269812462,0.9506915213469633,0.9492030388797855,0.94995544995545,0.9458974742191003,0.953002223869533,0.9494979769219242,0.950428120775124,0.9527150701647346,0.9549372448208076,0.9496171516079632,0.9528316058284513,0.9499699519230769,0.9495009682705199,0.9536801079298456,0.9536939907088267,0.9556857443292774,0.9523737066342057,0.9570878958271678,0.9584702718852703,0.9526546664649826,0.9543304759089566,0.9586652637907711,0.9583026373950199,0.9608433734939759,0.9609281437125748,0.9617066184230363,0.9584388499925518
0.9567901234567902,0.953169703357928,0.9609528116990803,0.9547417001637636,0.9583520599250936,0.9588341346153846,0.9556053811659193,0.9594697546853573,0.9509937793961463,0.9582585278276481,0.9576181072459365,0.9515887290167866,0.952006056018168,0.9526799387442573,0.9505528255528255,0.9504169148302561,0.9532696100743439,0.9507418397626113,0.9449228028503563,0.9482423335826478,0.9444527623895793,0.9505386132605067,0.9481965266439067,0.9476770410464592,0.944327731092437,0.9374714046057648,0.9492430988423864,0.9421561338289963,0.9462154403988517,0.9467094212856925,0.9451754385964912,0.9493670886075949,0.9482345900658289,0.9481358989777511,0.9466787166741979,0.9477351916376306,0.9537589498806682,0.9539773562711366,0.9523311416616856,0.9550126619991062,0.951376421304608,0.9522292993630573,0.9549925484351713,0.9559066967644846,0.9540870088815294,0.9592391304347826,0.9608759124087591,0.959079283887468,0.9624889673433362,0.956007780936705,0.9618342765926571,0.9620903186829785,0.9590039477679927,0.9564102564102565,0.9530724549067563,0.958706543191134,0.960065563999404,0.9544137825888093,0.9533313325330132,0.9543944427665358,0.9529780564263323,0.9536167039522744,0.9508520998174071,0.9493388798098351,0.9505692031156381,0.9514097180563887,0.9473526772360156,0.9510069131349564,0.9509540846750149,0.944578313253012,0.9442729010439641,0.9447779111644657,0.9470756277251541,0.9433590792064214,0.9460986410138953,0.9475626633861295,0.9469742360695027,0.9437583692902842,0.9473211613289434,0.943933685003768,0.9460020768431984,0.9496077248038624,0.9539060161628256,0.9540057117090035,0.9513971462544589,0.9520904627287606,0.954403683350661,0.9510596127458454,0.9530809205642168,0.9540468425733768,0.9611286207414078,0.9560472870566838,0.9551812302601895,0.9552827042595119,0.9559270516717325,0.9556088782243551,0.9555189456342669,0.9555021046301864,0.9577025823686554,0.9622356495468278
0.9568887548990052,0.9571025679085646,0.9581254724111867,0.9583579444772593,0.9594168044491207,0.9543709391612523,0.9567762269248087,0.9552194099146323,0.9527711561382598,0.9533173221254878,0.9528301886792453,0.9510902483343429,0.9547017491403798,0.9476621417797888,0.9524097295663998,0.9476904252064852,0.9428185502026114,0.947673531655225,0.940755406640268,0.9403413381664402,0.9420048455481527,0.9415971394517283,0.9399816737935247,0.9374906535068043,0.9360974884826869,0.9387101692331148,0.9439182077883025,0.9461433135554541,0.9399122143181474,0.93519882179676,0.9399493369095515,0.9459418987720875,0.9415744157441575,0.9437816880405607,0.947841726618705,0.9452660466534533,0.950128846445354,0.9512304250559284,0.950453172205438,0.9545661063153112,0.9554447968584806,0.9529991047448523,0.9569448540253612,0.956060606060606,0.9597295266716754,0.9581546650894573,0.952854345533966,0.9577316486161251,0.9611491515331944,0.9589185923576499,0.9590536851683349,0.9621874058451341,0.9578931706591282,0.9540572792362768,0.9569650622282201,0.9517530716212167,0.9527903469079939,0.9594293357111012,0.9510603588907015,0.9580048514251062,0.9532085561497327,0.9511289364230541,0.9493101379724055,0.9516443910497072,0.9496013239055213,0.946082061916753,0.9462540716612378,0.9420160570918823,0.9419790104947526,0.9395377315169141,0.944016900558322,0.9406483031502054,0.9469013237063778,0.936147993435775,0.9465032875074716,0.9368231046931408,0.9358684170816357,0.9371275327771156,0.9401538461538461,0.9415012684673929,0.9384068700029612,0.9446599045346062,0.9470474490554812,0.9468369468369469,0.9451754385964912,0.9500670740795946,0.9486142322097378,0.9507220485335716,0.9507329605561433,0.9522312069481881,0.954904342544792,0.9562249591927585,0.9523880374944205,0.9558335845643654,0.9538204466048914,0.9596666170561096,0.9588374151667158,0.9542211652794292,0.9576435495898583,0.9578622816032888
0.9560731132075472,0.961092961092961,0.9624660838106723,0.9592504461629983,0.9574372759856631,0.9605125912680673,0.9577106993424985,0.9576743485464678,0.9508245431585203,0.9530544688534457,0.9523880597014925,0.9463187884240516,0.9438335809806835,0.9438085327783559,0.9432057848749623,0.9390407888839085,0.9400060295447694,0.9426459719142646,0.9386003846722888,0.9369316515107069,0.9371973587674248,0.9326440626425422,0.931916803830615,0.9308518464028248,0.9377730902516197,0.9311412562665881,0.9334738109572547,0.9360751005811354,0.9341845265237878,0.9390045783488407,0.9416047322918246,0.9390171699230314,0.9376779026217228,0.9423220973782771,0.9437714969343503,0.9462778204144282,0.9418013165769,0.945287840072148,0.9530120481927711,0.9483667017913593,0.9480578139114725,0.950817236255572,0.9542375432786392,0.9517304189435337,0.9543365455893255,0.9555984555984556,0.9598858173076923,0.9547069271758437,0.9560357675111774,0.9596896866443566,0.9543731999393664,0.9582253392285409,0.956958174904943,0.9597275688480901,0.9581034739824065,0.9556981362664222,0.9533663217873745,0.9556195092396244,0.948438200567927,0.9506999391357274,0.9463007159904535,0.9491094147582697,0.94831013916501,0.949281867145422,0.9415692821368948,0.9430667644900954,0.9412832929782082,0.9376495215311005,0.9349581111957349,0.9397338118737849,0.9345379146919431,0.935868754660701,0.9373892498523332,0.9368293788726009,0.9381176828341189,0.935164340387213,0.9373081981587024,0.9382923476401405,0.9388980633538507,0.9387662534018748,0.9367088607594937,0.9374163817452059,0.9416217790071335,0.9425252677628602,0.9406316428788339,0.9477133919261135,0.944081874814595,0.9457435427174079,0.9473997913872746,0.9517418187302066,0.9546737999702779,0.9517781796262809,0.9538161643424802,0.9541148608644168,0.9577274771398591,0.9572507552870091,0.9575528700906344,0.9550629119233074,0.9587225067791504,0.9541729893778452
0.958926453143535,0.9539054394545724,0.9587948604342047,0.9571514785757392,0.9578787878787879,0.9539424653450589,0.9521791767554479,0.9520733173076923,0.9500074615728996,0.9484018264840183,0.9430604982206405,0.9472735466426319,0.9445190156599552,0.9428227505266326,0.9392657501133101,0.9415029248537573,0.9353383458646617,0.9296654275092937,0.9356003611194703,0.9315480667970513,0.9234342223554091,0.930776146239137,0.9278288383305711,0.9292353823088456,0.9249660991411782,0.9273445812433501,0.9269254093389934,0.9259090909090909,0.9291326684799033,0.9312312312312312,0.9322908983625904,0.9331103678929766,0.9395765951190826,0.9422437254309042,0.9333432746793916,0.9418483904465212,0.9377167847986729,0.9396474454735584,0.9411939854101533,0.9465039180229053,0.9453380994935955,0.9492861392028554,0.9535515005278239,0.957205504309693,0.9547511312217195,0.9592448306862451,0.9541270559830994,0.9573806190698397,0.9569377990430622,0.9588588588588589,0.9602834785176436,0.9589368373898761,0.9562389118864577,0.9586911459875629,0.9598034836980796,0.9534532265377059,0.9507485029940119,0.954667063020214,0.9482132041187159,0.950259067357513,0.9497374343585896,0.9432709716354858,0.9413720157147174,0.9396024464831805,0.9387662534018748,0.939344746162928,0.9385978081369164,0.935856992639327,0.9351464435146444,0.9315444427504193,0.9351591413767579,0.9280735577636067,0.9235574063057703,0.9312130177514792,0.9280437352245863,0.9287096294091383,0.9283201407211962,0.9303806843430603,0.9329850746268656,0.9308109737714803,0.926865671641791,0.9319646335980818,0.9352985638699924,0.9363431151241535,0.9382530120481928,0.9350240096038416,0.944578313253012,0.940543000151676,0.9469604863221884,0.949119373776908,0.9445689526370835,0.95088199513382,0.955871353777113,0.95305725818508,0.9532724277370076,0.9560603796144074,0.9540954095409541,0.9556530952020584,0.9596249810978376,0.9548714883442917
0.9613227044582227,0.9572368421052632,0.9614403600900225,0.9554351099066546,0.9569974168059565,0.9592142750037487,0.9532347228447632,0.9471465140792049,0.9504007258430365,0.9464012251148545,0.9404459075265599,0.9432571849668386,0.9384181629321858,0.9445851333234023,0.9407418576598311,0.9369396748214557,0.928743961352657,0.9300834824090638,0.9258423586040915,0.9243406179351922,0.9292223572296476,0.9222255459168411,0.9245056920311564,0.9188047087232116,0.92241639047906,0.9238997555012225,0.9191964959975835,0.9207107660146334,0.9248109150229868,0.9295669114341376,0.9233407904548844,0.930465081048326,0.9290455819442396,0.936632200886263,0.9299524092801904,0.9386440181578563,0.9387908940147746,0.9382089552238806,0.938470640437805,0.9472732750828563,0.9463259752041124,0.9501430938394336,0.9503944174757282,0.9517356881851401,0.9559861799609434,0.9606097192876547,0.9553853086976115,0.9553039332538736,0.9574115876598946,0.9623069936421436,0.9590888655777012,0.9595464296659516,0.9600704638872578,0.9589943130799162,0.9518250332495937,0.9527250828063836,0.9487369985141159,0.9449933638106474,0.9487295825771325,0.9492025989367986,0.9462641509433962,0.9462965756524363,0.9373611728120835,0.9337066747389132,0.9333727286157483,0.9300150829562595,0.931865516215412,0.9228441754916793,0.9258409785932722,0.9289976133651552,0.9178678678678679,0.9218119300343848,0.924392851687796,0.9176874813265611,0.9187679299411143,0.9211399276236429,0.9216929656392863,0.9263033525328608,0.921028880866426,0.9234534935469515,0.9228432563791008,0.9294047262937482,0.9241855577240654,0.9332014607425442,0.9338695263628239,0.9368140017798873,0.9416359616801768,0.9353188929001204,0.9414074297795229,0.9436112777444511,0.9516922618160131,0.9543765789864764,0.957624589674724,0.9581839904420549,0.9545386570958576,0.9563962321482832,0.957818620066285,0.9617296971523278,0.9623623011015912,0.9534636956192208
0.9601148209699351,0.9608812949640287,0.9586740002973093,0.9588434872400059,0.9562076749435666,0.9567543468568881,0.955860423501342,0.9443611277744451,0.9470747889022919,0.9456048084147257,0.9430398572278406,0.9372932330827067,0.9302394764242153,0.93201428146385,0.9293713603105869,0.9298218435321456,0.9308259587020649,0.9216923076923077,0.9239031770045386,0.9256324291374581,0.9195861049519586,0.9143026882518936,0.9196793223415519,0.9180131657690006,0.9131349564171927,0.9129514885899954,0.9161676646706587,0.918898919638893,0.9125452352231604,0.9164901664145234,0.9149000605693519,0.9177959791511542,0.9160545645330536,0.9236412636622249,0.9246880570409982,0.9270494229061853,0.9311440677966102,0.9315498430727843,0.9344237695078031,0.9443622373483279,0.9392621475704859,0.9479415274463007,0.9505337543226583,0.951468127186977,0.9559224477431082,0.9538346984363366,0.9563128659360456,0.9603365384615384,0.9562833206397563,0.9599088838268792,0.9567782858828736,0.9577868234584652,0.9594955489614243,0.9564254062038404,0.9558250973345312,0.9564635958395246,0.9498946734878122,0.951615304451392,0.9484460156134924,0.9402740542150729,0.9439085917791957,0.937583395107487,0.9354207436399217,0.9317838816782372,0.9241763201444261,0.927231807951988,0.9205678042887345,0.925075075075075,0.9212175470008953,0.9154654654654655,0.9210091605346148,0.9125764583022528,0.9174271415955254,0.9105040748566254,0.907618476304739,0.9109445277361319,0.9091986372389276,0.9115907746895329,0.9090637152258451,0.916552040348464,0.9156067634295975,0.923365326934613,0.9292088942671305,0.9242108397855867,0.923326452373931,0.9311475409836065,0.9354789505796217,0.9372460496613996,0.9326624241527305,0.9418795756760795,0.9404743919021,0.9480403800475059,0.9488962806168733,0.9506450645064507,0.9539553140096618,0.9599633251833741,0.9576837416481069,0.9554606467358145,0.9570056411038268,0.9602589191630287
0.9595478881618085,0.9542814594192107,0.9577380952380953,0.9531672170519364,0.9569147333534197,0.9520412809227501,0.9514577697625488,0.9482628966761919,0.9463458376924226,0.9419889502762431,0.9408118081180812,0.9398395721925134,0.9362513344517309,0.9313047487321346,0.9271771771771772,0.918052800244163,0.9196093163035312,0.9168587674811741,0.9082844685009773,0.9148142622706251,0.9139430284857571,0.9103766562453476,0.9063207120229295,0.8988478228340565,0.9020979020979021,0.8992341192371227,0.9034277198211624,0.9053890402664244,0.9080943084547229,0.9067719404798057,0.9080390683696469,0.9107946026986506,0.9090640248410469,0.9238631313879425,0.921302578018996,0.9197885196374622,0.9265818952467454,0.9273962264150943,0.9309981960312688,0.9318493672815978,0.9391691394658753,0.9425634824667473,0.9427879521719389,0.9517857142857142,0.9566272368820139,0.9557772483621203,0.9544288516674212,0.9614465032875075,0.9588958895889589,0.9592050209205021,0.9574719432959244,0.9580324909747292,0.9522480164560682,0.9557680812910938,0.9552036199095023,0.9501875468867217,0.949359365466748,0.9470335848498298,0.9488365155131265,0.9380234505862647,0.9389916467780429,0.92843122452061,0.9315315315315316,0.9329481526531853,0.9223996418445009,0.9251874062968516,0.9183365978604792,0.9121871760698949,0.9103354896945991,0.9040825618455001,0.9025265361040514,0.9035192365046227,0.9041240216736905,0.8979069417256438,0.9047979415771151,0.9043690803544149,0.9054280066899802,0.9052820589555589,0.910188679245283,0.9094470393249963,0.9085765336509827,0.914703250820161,0.9197530864197531,0.9217443249701314,0.9219657483246463,0.9281609195402298,0.9268111638954869,0.933587786259542,0.9372496662216289,0.9353264185478951,0.9407529623518824,0.9467429577464789,0.9449275362318841,0.9493690132279154,0.9500376222723853,0.955769819406183,0.9547565543071161,0.9596486003573556,0.959627795287408,0.9599636032757052
0.9572560155432671,0.9567380162797708,0.9573189059212504,0.9552305626025966,0.9554692169754931,0.9512638111094294,0.9484862178038861,0.9492581602373887,0.9431187152934114,0.9402896837126811,0.9345372460496614,0.9244248057290874,0.9267132451315594,0.9234947940244455,0.9184477792936183,0.919041157847128,0.9163503871261576,0.9114095985511621,0.9061986557132188,0.9080389768574909,0.90460672492964,0.8899448191293685,0.9004497751124437,0.894776684330053,0.890881913303438,0.9032453745829542,0.8986830290332236,0.8943452380952381,0.8992827256425583,0.896407810403935,0.900088809946714,0.904505313575812,0.9096726190476191,0.9125395152792413,0.914333032219211,0.9215920993565764,0.9207920792079208,0.9212680458401548,0.9249141662934767,0.9319615500150196,0.9393534994068802,0.9422875131164743,0.9470794570687815,0.9474311243484735,0.952009421463271,0.953204172876304,0.9544300014940983,0.9578693951248871,0.9566627358490566,0.9551782163071746,0.9592997156965435,0.9576347305389221,0.9564223678195947,0.955237515225335,0.954079358002675,0.9517189835575486,0.9459823432590154,0.9454865181711606,0.9410640799529688,0.939062733942207,0.9342441074913677,0.9310654877866027,0.9253910950661853,0.9188903965023368,0.9193279854699561,0.9099208764455264,0.9025194961007799,0.9078791469194313,0.9026774969915764,0.8991672975018925,0.9074402125775022,0.9009447888987304,0.8881755747984473,0.8938854259424162,0.891827282235171,0.8965256797583081,0.8986690865093769,0.8857486470234516,0.8932661475034357,0.899702823179792,0.8998365284589092,0.9110112359550562,0.9067342073897497,0.9183303085299456,0.9147102526002971,0.9236629817747236,0.9273892947666617,0.9324447137231142,0.9245767835550182,0.9336831365690133,0.9358896635344044,0.9437583692902842,0.9412117576484703,0.9507116104868913,0.9532384987893463,0.9516973231643487,0.9552894816611094,0.959483793517407,0.9574435862486749,0.9576807228915662
0.9600477042337507,0.9559853792263174,0.9557326250553342,0.9547294258731824,0.955632949727438,0.952262044653349,0.9481371087928465,0.9460111597044186,0.9361572451622734,0.9365127582017011,0.9290100344466078,0.9255112703388565,0.9229723606705935,0.9175443876015649,0.9115124153498871,0.9169524377516028,0.9087118391660461,0.8993055555555556,0.8966451030540094,0.8953505982129335,0.8859215807347947,0.8930998037143288,0.8851291184327693,0.8839886380624906,0.8791766109785203,0.8827337046515129,0.8800655542312277,0.8870005963029219,0.8907004830917874,0.885871997613009,0.8876055086628165,0.8977908689248896,0.8957288341693267,0.906489133761861,0.9063484916704188,0.9099925980754996,0.918526284259398,0.9157657657657657,0.9304283604135893,0.9331103678929766,0.9380009073037956,0.9372705018359853,0.9439988116458705,0.9471025260029717,0.9476353871400865,0.9546550165712564,0.9577797460879834,0.9579137231324215,0.9601856009579405,0.9575079389082111,0.9572535001489425,0.9607872596153846,0.9554225878833209,0.9537694515787883,0.9528443113772455,0.9502184769038702,0.9452488687782805,0.9481046931407943,0.9371489297100349,0.9313984168865436,0.934848947207812,0.9201446436643061,0.9233006736068585,0.9171946368056578,0.9141212926073484,0.9059051595586043,0.9036108173440097,0.8966696402022004,0.8874002709619148,0.8951433239269271,0.8904191616766467,0.8894479798727246,0.8825483091787439,0.8887545344619106,0.8881978379979268,0.8830400709744196,0.8863636363636364,0.8883509833585477,0.8893146647015475,0.8930441286462228,0.8936527311565456,0.8920787614609951,0.8957147138148037,0.9012084592145015,0.9128003627021308,0.9209245742092458,0.9199111769059956,0.9193846153846154,0.9255463451394123,0.9312471791785768,0.9352232667450059,0.945742275810098,0.9487483335802104,0.9461229349605597,0.9508344609833108,0.9533471563981043,0.9581892013836667,0.9558118633912522,0.95789631405454,0.9581159636309435
0.9526752072343633,0.9584084084084085,0.959672619047619,0.9579106737320212,0.9493896993152724,0.9524096385542169,0.9403883787445432,0.9400270554637006,0.933195082210043,0.9348121321865097,0.928668993777508,0.9188905547226387,0.9236401673640168,0.9119819140919367,0.9048679133273968,0.9038461538461539,0.8992943251984711,0.8874734607218684,0.8876675199518145,0.8897777777777778,0.8761035463115368,0.8762855414398064,0.8751133958270335,0.8761115297663904,0.8688892211092839,0.8699863780838505,0.8726331360946745,0.8739124023005457,0.8811585547924754,0.880030372057707,0.8760293457104357,0.8804556887113478,0.8840388007054674,0.9,0.8990096038415366,0.9070012019230769,0.9057809481349384,0.9174489643868275,0.912498155526044,0.925037037037037,0.9296436694465504,0.9319531131070178,0.9426904084991771,0.9460680927990358,0.9487874679921675,0.9522158577027434,0.9568226267489093,0.9541766826923077,0.9595141700404858,0.9574531835205993,0.9597579425113465,0.9562800480769231,0.9573654807409585,0.9517964071856287,0.9563609467455622,0.943492636008416,0.950863213811421,0.9418005456198848,0.9307269213616768,0.9354207436399217,0.9215832710978342,0.9181008902077151,0.9162769648514104,0.9104522312069482,0.904399701715138,0.8999695493300852,0.8921092564491654,0.8914880772713553,0.8833211944646759,0.8781254678844138,0.8786598249320857,0.875701927454849,0.8748702742772424,0.8780487804878049,0.8749623380536307,0.8792643132601602,0.8736702127659575,0.8731851851851852,0.8749809189436727,0.8786648624267027,0.8793768545994065,0.8872527145619515,0.8882034306349684,0.901073967629708,0.9027736355502535,0.9063057703747769,0.9020190023752969,0.9192359753346367,0.9243583971184152,0.9276179175318896,0.9296178824950914,0.9365737996443391,0.9457095460714824,0.9465130023640662,0.9491649575153823,0.9518675979350136,0.9526362823949955,0.9574753804834378,0.9567022538552787,0.9561138014527845
0.9617140332793404,0.955736224028907,0.9531061519903499,0.9548553249507651,0.9513601419278533,0.9492039423805914,0.9453302961275627,0.9395039322444041,0.9341929746554024,0.9330316742081448,0.926023008591816,0.9199642963403749,0.9099059376837154,0.9058242251834107,0.9053850782190133,0.8970924037144162,0.8844544095665172,0.8771472392638037,0.8824144628716569,0.8746844840386043,0.8695389266817838,0.8703342827162345,0.870420017873101,0.8682216609716238,0.8544720311097816,0.8561643835616438,0.8604894061474186,0.8587437334119729,0.8704004728831092,0.8616031221855299,0.8747002398081535,0.8772987639433223,0.8881371222372576,0.8868886888688869,0.8851006308200661,0.8971437028266982,0.9014792899408284,0.9108251324753974,0.9134416543574594,0.9172320217096337,0.9317147192716236,0.9336901575973833,0.9353038757351833,0.9438490566037736,0.9502688172043011,0.9508588498879761,0.9486523113988857,0.9545319465081724,0.9568862275449102,0.9615212527964205,0.9575982209043736,0.9569305429178041,0.958710066305003,0.9518145776151266,0.9460104399701715,0.9483610237988325,0.9452892069171139,0.9361861861861862,0.9292745721641678,0.9265760952526332,0.9196084247997627,0.9092136854741897,0.9088592414930295,0.9063659296631548,0.8927881040892194,0.891871625674865,0.8848845867460908,0.8828981924918894,0.8831887526174095,0.8715376553376254,0.8674680914217869,0.8616618737702437,0.8560606060606061,0.8670876559915802,0.8658573596358118,0.8521897810218978,0.8636022232236743,0.858878224355129,0.8589186760521192,0.8729705351773902,0.8766879358955335,0.8757580239609525,0.8815382348607632,0.8828747556758382,0.8977087952697709,0.8985595147839273,0.9095201827875096,0.9109060656481621,0.9165785098987457,0.9260269819614977,0.9334332833583209,0.936510307738273,0.9442183024272577,0.9441908408187307,0.9499396863691194,0.9518507372855853,0.9560126107191113,0.9607783520826999,0.9563652721547459,0.9591959195919592
0.9603352791498279,0.9590176284465873,0.9601922788042662,0.9516520157623523,0.9504799634313577,0.9423047414454504,0.9454027298635068,0.9362357080035181,0.942142534277535,0.9344755034565675,0.9223050022806751,0.916867107636801,0.9128810520023909,0.8995797057940559,0.894327538883806,0.8904519604908709,0.8762576963508034,0.8668589646272962,0.8695781342840166,0.8601860186018602,0.8583913494297141,0.8583991653003428,0.8474807081252838,0.8519077062283216,0.8402991641003079,0.8431728731456252,0.8482727814175104,0.8491875923190546,0.8572301114673996,0.8554289142171566,0.8583110318168302,0.8635536688902365,0.8733343314867495,0.8759550561797753,0.8855063855063855,0.8876800940899735,0.8955882352941177,0.9039780521262003,0.9073112857778437,0.9166792452830189,0.9219730941704036,0.9273643640675956,0.9411499096929561,0.9402501839587932,0.9486238532110092,0.9498432601880877,0.9545387235302828,0.9537658463832961,0.9633891213389121,0.9583521274996241,0.9593841642228739,0.9580088563139411,0.9528539659006672,0.958018098205014,0.9503068402933692,0.9453067257945307,0.9380558111008893,0.9283470456245325,0.9341867469879518,0.9276187621759329,0.9140694568121104,0.914281432638993,0.9010611268868629,0.8944723618090452,0.8895861347676677,0.8841370943281771,0.8812981624184943,0.8655946601941747,0.8628798289815239,0.8595757394681804,0.8594287423358756,0.859709026128266,0.8513614045528939,0.8491793582729558,0.8471805638872225,0.8519981765689105,0.8543791241751649,0.842745569240012,0.8546827794561933,0.8583333333333333,0.8671777221526908,0.8692020879940343,0.8721849366144668,0.8790943396226415,0.890421226202968,0.8971879184645142,0.8942589338019918,0.9085310904175428,0.9146940598481464,0.9154950643134909,0.9236079153244363,0.92864685472922,0.9398898973367058,0.9460769463798849,0.9508661887694145,0.9527096489939786,0.955092936802974,0.959672619047619,0.9536167039522744,0.9554784183519469
0.9585406301824212,0.9602849780203122,0.9608433734939759,0.9587273000150083,0.9515279241306639,0.9515959838153754,0.9426179604261796,0.9415613382899628,0.9298011279311368,0.9221754807692307,0.9157019887206886,0.9067412333736397,0.9076299188945629,0.8920194943649101,0.8899642644431209,0.8846785021632105,0.8683699387419692,0.8637250487768272,0.8537663921927416,0.8594329820394835,0.8512496236073472,0.8458036120807406,0.840012006603632,0.8323820967257435,0.8377120552469599,0.840254622612913,0.8332325370426368,0.833258020786263,0.8355421686746988,0.849908480780964,0.8462819930334696,0.857313790008974,0.8584528915840852,0.8656338447787875,0.8746223564954683,0.8797912005965697,0.8892765053844988,0.8945192896509492,0.9015252480379091,0.9100779935769996,0.9196768785246151,0.9264905660377358,0.9356681196452729,0.940483293556086,0.9428269723940262,0.9486337165895177,0.9496349277305915,0.9572353561210661,0.9585050029429076,0.960124518233027,0.9562398703403565,0.9568021598920055,0.9523031203566121,0.9525667967577304,0.9474472226381194,0.945689271405253,0.9362715902322811,0.9347826086956522,0.9259203831188267,0.9244744744744745,0.9141270079567633,0.9023952095808383,0.8967003567181926,0.8911131331513497,0.8762442430545239,0.8786084381939304,0.870914294321434,0.86003600360036,0.8482594465932758,0.8486969471332837,0.8399291199054932,0.8404790065050266,0.8409599046057534,0.8374758148534008,0.8377448781217287,0.8377804730139479,0.8311708136162418,0.8389478541762806,0.8390667065510021,0.844338213325366,0.853647620468447,0.8535323677209578,0.8611111111111112,0.8709772226304188,0.8796579108124618,0.8833827893175075,0.896850276160621,0.899063475546306,0.9065958388667552,0.9114173228346457,0.9240076730116571,0.9342027267338471,0.9387013773270774,0.9401619676064787,0.950945094509451,0.9486712224753227,0.9542950722048533,0.9586165231838091,0.9603590127150337,0.9567632487614472
0.9554062309102016,0.9595349539483617,0.9574120789434635,0.9565797273266153,0.9469106178764247,0.9423509983485963,0.9402581807265086,0.9328269288054811,0.9266221952698606,0.9172225591267434,0.9122516556291391,0.9020335460887635,0.8923944520652339,0.8895010713192532,0.8745884465728824,0.868547418967587,0.857251213592233,0.8631024096385542,0.839622641509434,0.8415342298288508,0.8392617949099569,0.8332826285366596,0.8259091572951658,0.8293817527010804,0.8207885304659498,0.8200598802395209,0.8178455164249778,0.8249926405652046,0.8292079207920792,0.828778253804107,0.8314573015158337,0.8408508070598883,0.854698242933537,0.8610816542948038,0.8621057443242419,0.8728991596638656,0.8839976204640095,0.8897545200646774,0.8966238422467881,0.9010585122022935,0.9182577565632458,0.9234771962044689,0.9312129051894689,0.9358087793144919,0.9428487258801002,0.9497976921924172,0.9518983512327939,0.9572815533980582,0.9585585585585585,0.9584029148322454,0.9596666170561096,0.9542770628311885,0.955425484016209,0.9478208415020359,0.9466830090393749,0.944732824427481,0.9342243580117134,0.9285714285714286,0.9246772968868641,0.9199518507372856,0.9114676173499703,0.9011671972108534,0.8857057147142643,0.8775326429536245,0.8776989056492162,0.8560469314079422,0.8646854729220094,0.8471976401179941,0.8407990314769975,0.8363854698288802,0.8309068850470125,0.8294724256463907,0.8312787761770385,0.8210862619808307,0.8234857482185273,0.8283605044601661,0.8369990961132872,0.8311707905853953,0.8337866424901783,0.8378172974616203,0.8345086271567892,0.8494191242180519,0.8536511310156368,0.8677321156773211,0.8684012633478718,0.868511081362487,0.8884780357935217,0.8961370810160829,0.9015801354401806,0.9121143717080512,0.920035804863494,0.922881861575179,0.9354354354354354,0.940327380952381,0.9438543247344461,0.9531509747619767,0.9514592469378497,0.9523456057007126,0.9579767726161369,0.9557709784913663
0.9577887937509388,0.9557802595834591,0.9590625927024622,0.9487793919424892,0.9452653799758746,0.943800178412132,0.936328473668551,0.9293832398848311,0.9229246001523229,0.9090773141917152,0.9032016756433273,0.8897732392251089,0.8877932167936651,0.8782254413761883,0.8756666158768855,0.8582415925199819,0.853494623655914,0.8458253570902665,0.8414998506124888,0.8339003106049401,0.8212139423076923,0.8117218341937443,0.8124170476330924,0.8196245994201129,0.8186244674376141,0.8064805136628341,0.8168972185036442,0.8212746991531719,0.8121453764760006,0.8191743942566557,0.8261470001534449,0.8330365093499554,0.8350813193494452,0.851353372214745,0.8510284331518452,0.8575485799701046,0.876835480970932,0.8868409125245506,0.8913427561837456,0.8994223078062509,0.9077590073254597,0.9194305618658186,0.9275841346153846,0.9332237824917837,0.9407865665046399,0.9456703698067265,0.948939393939394,0.9540334855403348,0.9577632361689471,0.9591593382024146,0.9565152864351439,0.9562310030395137,0.9533293697978596,0.9497366440933033,0.9515617926663649,0.9455608878224355,0.9381643958676449,0.9316584417526544,0.9166413604615852,0.9139688249400479,0.9071439269132844,0.8995351626930574,0.8861776521350989,0.8774212627532161,0.8661929241003931,0.8550103458468815,0.8516475324288058,0.8342591202522144,0.836958174904943,0.8247359559161181,0.8238619003971891,0.8112949749506604,0.8103239479261277,0.8182923123670617,0.8157022302591923,0.814050822122571,0.8188633978107662,0.8211072136647857,0.825621703089676,0.8227792436235708,0.8173277661795407,0.8389982110912343,0.8468428123600538,0.8513853904282116,0.8535882263692914,0.8694252873563219,0.8823793154984307,0.8817920387467837,0.8994860943168077,0.9025726899071396,0.9111111111111111,0.9231466102974483,0.9292474087426769,0.935041716328963,0.9442854991718115,0.948051948051948,0.9463561232156273,0.9601515151515152,0.9573717477583419,0.95949177877429
0.9614978106598219,0.9599329677026204,0.9565217391304348,0.949925705794948,0.9406550480769231,0.9387724550898203,0.9365660709053618,0.9273611315750699,0.9206870799103809,0.9115574876330386,0.9020456921009408,0.8951164537941397,0.8749429484253766,0.8757557436517533,0.859152821433917,0.8436885865457294,0.8430629264594389,0.8308125741399762,0.8282190574071355,0.8179906892926866,0.8120210368144253,0.8082480433473811,0.8075153374233128,0.7951167728237792,0.8046441947565544,0.8040208488458674,0.7990437770805319,0.7903249962558035,0.8032189492863651,0.8106745737583395,0.8147651006711409,0.8215407629020195,0.8310157194679565,0.8349134687735139,0.8492822966507177,0.8589211618257261,0.8651568975725281,0.8707280832095097,0.8910114023397009,0.8873113137049768,0.9078174423859015,0.9169581749049429,0.9302152932442465,0.9329718331073957,0.9383992805755396,0.9371987951807229,0.9451540195341849,0.9550884621200665,0.9583703703703703,0.9582102776137035,0.9538092381523695,0.958804889090086,0.957259775689603,0.9490672194255256,0.9446024854020063,0.9440507824033068,0.9288908765652951,0.9259981987391174,0.9177811550151975,0.9016217870257038,0.8970741125798307,0.8835299387785576,0.8852657004830918,0.8649331352154532,0.862742153476498,0.8392424242424242,0.8316008316008316,0.8278614457831325,0.8249102870813397,0.8210494842278367,0.808488764870025,0.7943815266951022,0.8028233151183971,0.798502994011976,0.7963462114405511,0.8060042669917709,0.7980475899938987,0.7977358490566038,0.8073134328358209,0.8045994288290996,0.818236173393124,0.8176176782200696,0.8343248066627008,0.8389830508474576,0.8522592152199763,0.8604930847865304,0.8737516768519898,0.8786204837264855,0.8912332838038634,0.9023988005997001,0.9121288975085783,0.9203606311044328,0.9239503959360525,0.9404351087771943,0.9432966370079927,0.9448419797257006,0.954882664647994,0.9550476767065234,0.9557057057057057,0.9561207794139521
0.955498566903002,0.9575400423088546,0.9553813687066627,0.9518961192267965,0.9533609712762807,0.9374716810149524,0.9320639756283321,0.9316882335239242,0.9103139013452914,0.9070493753718025,0.89585225552528,0.8895585354828989,0.8785638859556494,0.865222623345367,0.8528925619834711,0.8446251129177959,0.8202485601697485,0.8210995542347697,0.8143973549744514,0.8088752869166029,0.8047489413188142,0.7939466229312658,0.7915981462101959,0.7770151869158879,0.7865844487892916,0.7792521109770808,0.7854025583145222,0.793560036111947,0.7913811481650678,0.7981277366752227,0.8038431975403536,0.8037792894935752,0.8223822382238224,0.8229430144323762,0.8340840840840841,0.8451038575667655,0.864606657710106,0.8688549387384662,0.8794336810730253,0.8909768829231917,0.9041157172681181,0.9102315160567588,0.9189392797950882,0.9351947097722263,0.9349520383693045,0.9424977538185085,0.9513119975731836,0.9551744885679904,0.9576245443499393,0.9594777127420081,0.9562208515119602,0.9537771129394166,0.9574917093759421,0.949857805717707,0.9447789690116023,0.9357229280096794,0.924348844015218,0.9217885449379393,0.9063742087442956,0.8980958048199941,0.8901378896882494,0.8790621753969432,0.8638868205510052,0.8583775587566338,0.8451788139429606,0.8366616989567809,0.8269346130773845,0.8189603365384616,0.8055216595485052,0.7948950309620904,0.7992418498862774,0.7939000452966933,0.7892444043863602,0.7884988797610157,0.7720277610138805,0.776021881173074,0.7852963240810202,0.792942942942943,0.8012694574580626,0.7890358044867033,0.8062347188264058,0.8184166540039508,0.8200455580865603,0.8258401792382375,0.8511438892233594,0.8462116656644618,0.8582478060389707,0.8732586311326469,0.8863737900223381,0.901410610242257,0.9106458271896196,0.9108747753145596,0.9238903783139708,0.9379362670713202,0.9347759829320329,0.947682217916232,0.9512340172465061,0.9504403642334677,0.9605125912680673,0.9557000302388872
0.9557680812910938,0.9580514208389715,0.9565943238731218,0.9473203410475031,0.9504905660377359,0.9379949200657404,0.9298826361721336,0.9230315541138308,0.9107696853301817,0.9023770369262969,0.8952569169960475,0.877772815244901,0.865742810311429,0.858862473668372,0.8365114560236512,0.8314538250533374,0.8197314828782621,0.8086289837642814,0.800700365408039,0.7854681647940075,0.7889756683688796,0.7789569436021831,0.7696145124716554,0.7695035460992907,0.7605633802816901,0.7655968806238752,0.7858002406738869,0.7769806136467715,0.7759915865384616,0.7750375939849624,0.7853418739758677,0.8029586701235321,0.805006786306741,0.8144194208832992,0.8323326328429901,0.842016549187864,0.847745200178598,0.8632543926661573,0.881226626776365,0.8929943836831215,0.9032209737827716,0.9106843468983387,0.9170299331589654,0.9200415368639667,0.9400743494423792,0.9443770839648379,0.9492603550295858,0.952118138424821,0.9511289364230541,0.9545319465081724,0.959489872468117,0.9530221882172915,0.9508246330761083,0.9551698113207547,0.9458766772199608,0.9368374558303887,0.9248440590293625,0.924599010643082,0.9038922155688622,0.8959528843249773,0.8916062801932367,0.8754739875625663,0.8625599520383693,0.8499326044630823,0.84576144036009,0.8224648519294048,0.8144796380090498,0.807808260476334,0.8037707390648567,0.7934847579199044,0.7793258426966292,0.764845959220122,0.7653782523687772,0.7628176549264378,0.771157037260522,0.7657953696788649,0.7630317555422409,0.7819639885005296,0.7761059283779718,0.790584662110858,0.7950217423901634,0.798043112673903,0.8157058556513844,0.820554892601432,0.8256191037735849,0.8503855278766311,0.8550313526425799,0.8699558173784978,0.8776119402985074,0.8875112040633403,0.904004799760012,0.9122336462524214,0.9275340619853272,0.9255730872283418,0.9355376914909753,0.9478885893980233,0.9545730780917654,0.9552815332045759,0.9595959595959596,0.9578033817147987
0.9590226134466535,0.9592235931387301,0.9592603728202045,0.950552733791455,0.9461187214611873,0.9394263045468416,0.9304595974767197,0.9224410040583195,0.915314251991738,0.8988578298767659,0.8857404021937842,0.8745343465951423,0.8617873884772418,0.8487738419618529,0.8340929808568824,0.8242451554754394,0.812432847275518,0.7959396924914166,0.7936932916852596,0.7808776956718444,0.7782906491959499,0.7784791103095882,0.7542728635682159,0.7540443379269023,0.7514174873172187,0.7569882777276826,0.7531123443827809,0.7665880271306399,0.7659542891065598,0.7680961070559611,0.7731755424063116,0.7891440501043842,0.7975460122699386,0.8053681211575948,0.8132033008252063,0.8267530936947555,0.849342306515754,0.8577810871183916,0.8668744434550312,0.8736494597839136,0.8980380499405469,0.9002549872506375,0.9161985729467133,0.9249146757679181,0.933800506933055,0.9448244414044688,0.9506136762127411,0.9539135690540949,0.9631664933907619,0.9588979223125564,0.9548124717577948,0.9580462410044404,0.9489368074273735,0.9472283813747229,0.9399938612645795,0.9353629274145171,0.9268652314951342,0.9168160095579451,0.8978454120837728,0.8930317848410758,0.880338078291815,0.8669633266840571,0.8520186102356296,0.8431572804201926,0.8319101123595506,0.8196549137284321,0.806403574087863,0.7901253208515778,0.7853569804456572,0.7837281153450052,0.7637687756030951,0.7674245801753604,0.7594705613874942,0.7478677240760138,0.7547679831806577,0.7614403600900225,0.7583832335329341,0.759963768115942,0.7769633507853403,0.7677147585376862,0.7790381125226861,0.7913385826771654,0.7972729997003296,0.8138980017894423,0.8265444160529085,0.8342780429594272,0.8401492537313433,0.8593024996258045,0.8837174940898345,0.8856847086660751,0.9021175773730195,0.9173480005946187,0.9189270193316349,0.9273902585688515,0.9417067307692307,0.9426031937330521,0.9487062404870624,0.9569746376811594,0.9539315726290516,0.9569327731092437
0.9554216867469879,0.9608081421844143,0.9565545331120833,0.9485468564650059,0.9404925806945081,0.9350943396226415,0.9206490993002828,0.9131020041878553,0.9122861106829042,0.8956627236882014,0.8787695105318988,0.8681676788623908,0.8578914919852034,0.8456716417910448,0.8328272092317036,0.8035794183445191,0.803582179409994,0.793743451579105,0.7753449310137972,0.7679382379654859,0.7560231777981091,0.7480995677448203,0.7428057553956835,0.7437088076692631,0.7383686690223793,0.7414568345323741,0.7351584585627139,0.7481729598051157,0.7514294312368341,0.7595391291336226,0.7642117894105295,0.7707024974441361,0.7874295879039431,0.7942649066909422,0.8063558063558064,0.817687074829932,0.8322794339054501,0.8517854474824443,0.8559233188557736,0.8751677852348994,0.8844122529047834,0.9034657147106946,0.9175916071157062,0.9184670020716188,0.9355515587529976,0.9448358566931494,0.9460023866348448,0.9525093632958801,0.9539075195745309,0.95467255334805,0.9565346829413516,0.9572457245724573,0.9573946360153257,0.9483427888922066,0.94203333833909,0.9335247016165584,0.9275276752767527,0.9121408154054461,0.8971765061150536,0.8979683972911964,0.8717188195165356,0.8613325312077004,0.853205421044617,0.835641454877492,0.8137951898351233,0.8056771855654538,0.7890963405526512,0.7805750037241174,0.7705365262200667,0.7675864160097029,0.7490686931902846,0.7536102426678577,0.7481191694252182,0.7453216374269006,0.7413947919784496,0.7347059694860021,0.74083572182833,0.7431588340273647,0.7475957981949992,0.7642717276698298,0.7801375095492743,0.7740448937119072,0.7805392378370236,0.7944393801276208,0.8201385817484889,0.8288153362288453,0.8391997593261131,0.8530514319988004,0.873419626730885,0.8778043673347293,0.8960130913418626,0.9087514934289128,0.9176646706586826,0.9287520452179087,0.9373227876436353,0.9466666666666667,0.9460431654676259,0.9555588585017836,0.9554054054054054,0.9578806369995535
0.9614643545279383,0.9546324937398734,0.954441566356849,0.9482288828337875,0.9417607223476298,0.9390959788670384,0.921665914900015,0.9156043956043955,0.8988005997001499,0.8916988991371616,0.8715554886312302,0.8663328781671977,0.8450331125827815,0.8272673031026253,0.8143676426199818,0.7997565429093122,0.7866319975527685,0.7763315380011969,0.7616426127064425,0.7564835164835165,0.7433760047633224,0.7433114202721296,0.7324404761904761,0.7291760131598625,0.7213636363636363,0.7249210407580087,0.7183288409703504,0.7359795519470756,0.7287042591481704,0.738336101464593,0.7552447552447552,0.7677183356195701,0.7676540993417116,0.7754765120816449,0.8044769301050708,0.8113487819370172,0.8315200967059535,0.84,0.8533473431401981,0.8674807779285392,0.8819016097487589,0.8995200959808038,0.9084072792901188,0.9221957750669444,0.93483746474692,0.9435062023613809,0.9534635337198657,0.9526564165017507,0.9560887279311906,0.9580892293826048,0.9574970484061394,0.9544575085578211,0.9551744885679904,0.9487102127017649,0.93595166163142,0.924668750930475,0.9230421004979629,0.9118263473053893,0.9023219814241487,0.8857440786533591,0.8682679397284798,0.8483398145378402,0.8406520781318843,0.8317156935941467,0.809773647129366,0.7972017451481872,0.7814687918963206,0.7775130305286672,0.759009009009009,0.7507206797147625,0.7440334128878282,0.7345159350571256,0.7391047422071207,0.7323670053795577,0.7289085545722714,0.7262380805905875,0.7310527867885579,0.7360515021459227,0.7391107761868877,0.7356597274224951,0.7643600180913613,0.765625,0.7862709832134293,0.7921273772666961,0.8033428700496913,0.8161564110336466,0.8355165227746353,0.8457667258732978,0.8604581524180267,0.8787833827893176,0.8839050131926122,0.9051955807703792,0.9151225343693963,0.9291000592066312,0.9280465401102266,0.9407254497198466,0.9495535714285714,0.9554018251398293,0.9570145738259973,0.9558027660853878
0.9630190966959685,0.9628844114528102,0.9555588807421816,0.9481436945738765,0.9391187853527836,0.9374529012810852,0.9233174508636093,0.90984950081955,0.9015128593040848,0.8863568215892054,0.8709293680297397,0.8547899667573285,0.8405134257893184,0.8298125557869681,0.8175807663410969,0.7951699463327371,0.779013097776424,0.7624108091695765,0.7548915516456848,0.749925306244398,0.7288187063467962,0.7284469810753981,0.7201855454137364,0.7208269525267994,0.7096679400528945,0.7077063383492932,0.7082950719314356,0.7196728759654702,0.7129332722553061,0.7355813243820568,0.7285500747384156,0.7546802456192901,0.7501488095238096,0.773539570506082,0.7971535580524345,0.8021781291958825,0.8175107042669423,0.8267752148349163,0.8478945002247864,0.8592160383004189,0.8894002147568646,0.8916940543770541,0.9099369558691084,0.9235574063057703,0.9265119030016264,0.9417360285374554,0.9429306690887073,0.953547805171377,0.9506989328122651,0.953495394836177,0.9594614809274495,0.9551754644647596,0.955681988321605,0.9441655256351742,0.9387207395258685,0.9213262999246421,0.9174032307223408,0.8993107581660174,0.898457391043882,0.8715245951726245,0.8543154761904762,0.8546195652173914,0.8333085501858736,0.8059364170558988,0.8053949903660886,0.7862903225806451,0.7721783211570001,0.7517719800935002,0.7514685946678716,0.7429934406678592,0.7266958755098958,0.7188051795173631,0.6966810537282334,0.7171260732037957,0.7101796407185629,0.7185808779314492,0.7186987016863154,0.7121011615938833,0.7437574316290131,0.7233224948270766,0.7474459134615384,0.7607206670637284,0.7632245566979585,0.7664159676019671,0.7931708784596871,0.8082461725026527,0.8215862383924494,0.8394836750189826,0.8527340823970038,0.865507504829841,0.879102679915688,0.9035808401798171,0.9081429228645913,0.9275903254702896,0.9321081409477521,0.9452905515303859,0.9522522522522523,0.9541521178078033,0.9568668563726225,0.9624740433105903
0.9591466182478439,0.9599099099099099,0.9484066767830045,0.9428232854391942,0.9418798244286363,0.9329394387001477,0.9156806949228695,0.9043583535108959,0.9048117154811716,0.8888394842152068,0.8689665607504917,0.8455621301775148,0.839787171149867,0.8283041641520821,0.7975063842571729,0.7784331518451301,0.7635276532137518,0.7451944568618686,0.7392788247514468,0.7308224442736356,0.7214361783051879,0.7116902457185406,0.7079964061096137,0.7009262025694651,0.6945275119617225,0.6979053529868114,0.70201643017177,0.7005235602094241,0.703452345824727,0.7126350540216086,0.7345633090313941,0.7294773309233318,0.7445644135482917,0.7570844067282921,0.7705855788047569,0.7995190862639014,0.8059230306674684,0.8265198370794992,0.8427862193470739,0.8566661610799332,0.8784348864994026,0.8863307269041413,0.9074764960453664,0.9201655824955648,0.9237107110161733,0.9430513595166163,0.9443436176648518,0.9556163550691594,0.959676210463199,0.9594413905808944,0.9616959064327485,0.9587217043941412,0.9491885332928864,0.94590970049173,0.9383227333234728,0.9266041162227603,0.9168529280286097,0.9012420478642835,0.8830675778283978,0.8724435691561885,0.8626739261947973,0.8375,0.8233358264771877,0.800997945406516,0.7884732360097324,0.7691506767811989,0.7591074681238615,0.7501842299189388,0.7373313343328336,0.7248516207578755,0.7247610513739546,0.7029398183777128,0.6959795211564523,0.6948898546380938,0.7008585630366019,0.6911291558143098,0.7035923643469112,0.7009906934854399,0.7042760690172543,0.7214509628302732,0.7269100044332791,0.7486000589448866,0.7547775569484788,0.7623867069486405,0.7826873774694616,0.805664356733956,0.8173291648057168,0.8306838632273545,0.8456097185914193,0.8677859391395593,0.8799880436407114,0.8945282731290962,0.9056971514242879,0.9239739512342875,0.9314605088983674,0.9421835110376934,0.9507976740718652,0.9530609144766824,0.956071964017991,0.9569811320754718
0.9596580683863227,0.9536857781087118,0.9480734497290789,0.9480246357217966,0.9404462834343136,0.9271036448177591,0.927765237020316,0.9087061668681983,0.8916380980772097,0.8783945091017606,0.8549493142516398,0.8414273023393545,0.8358052434456928,0.8129474940334129,0.7898715041572184,0.7738059020383328,0.754688672168042,0.7378934624697336,0.7229739776951672,0.7202712886209495,0.6958985831469053,0.7015014122194143,0.6846995354413308,0.685179728933412,0.6807738814993954,0.6864090705654184,0.6788266825491364,0.68725753506416,0.6988913525498891,0.704119850187266,0.7211466306468558,0.7199880400657797,0.7274257728803183,0.7561299852289513,0.7581973349303788,0.7941350710900474,0.8115832451232421,0.8159748239172786,0.83298755186722,0.8469065181393949,0.8714285714285714,0.8851127819548872,0.9012401015986852,0.9123451124368976,0.9352914180816888,0.9376599909652161,0.9416090601559053,0.9538092381523695,0.9573855019714892,0.9586196593964744,0.9593005728067531,0.9562997447064123,0.9470110701107011,0.9447780870074703,0.9386540515794293,0.9282275052663256,0.9150120336943441,0.9007060237344149,0.8884563557418775,0.8713938657758883,0.8488200589970502,0.8355381840048106,0.8189349112426035,0.802883900698677,0.7821121328982498,0.7625,0.7572366457773799,0.7356182998641099,0.7240749200548195,0.7003351614868982,0.7017413305551421,0.6900863352188151,0.6920415224913494,0.6828069129916567,0.6841630320348925,0.6820861678004535,0.6792048929663609,0.6989441930618401,0.7060133630289532,0.6971240263630917,0.7070180815200735,0.7239940387481371,0.7475594874923734,0.7601296596434359,0.77544128933231,0.7944808659856686,0.80657952709649,0.8230128014289967,0.8374362053437406,0.8601137043686415,0.8771295039951756,0.8966778421213045,0.9088050314465409,0.9214738749622471,0.9319331595891461,0.9460518384569018,0.9542925875808149,0.9563091964558509,0.9543828264758497,0.9633819589163441
0.9584143605086013,0.9566367778921064,0.9537259615384616,0.9479933864422065,0.9382660687593423,0.9312193627450981,0.9185701572233759,0.909618820726623,0.8899956056833163,0.8707179028894847,0.8567759480284031,0.8404733373277412,0.8202230259192285,0.8081141998497371,0.7839859216893973,0.7604702424687729,0.750524423134552,0.7339107062863969,0.7228714524207012,0.7124723247232473,0.6907124870389572,0.6818181818181818,0.688129983451181,0.6763169676167736,0.6704063068526379,0.6708037825059102,0.6667683391795028,0.6797200714711138,0.6751944943147815,0.6846504559270516,0.7039542925875808,0.7173880259387724,0.727366255144033,0.7520874449673599,0.7558294965097282,0.7755971398143922,0.8004484304932735,0.8080131069407209,0.8302588515322821,0.8421909696521096,0.8647841027939639,0.8754556500607533,0.8975471133712235,0.914332784184514,0.9235080278703424,0.9348698884758364,0.9496948950736717,0.9526331719128329,0.9518661137440758,0.9571493693967482,0.9577898285211783,0.95703125,0.9547118023787741,0.9457627118644067,0.93999399939994,0.9196228109564436,0.9137543122843858,0.9024205748865356,0.8833853934255541,0.8638490566037735,0.8438893844781445,0.8314590115418763,0.8105641179111177,0.7902139757593895,0.7696229913473424,0.7593828808782079,0.7332036510549155,0.7281844035324053,0.7140027426481792,0.7064220183486238,0.6880239520958084,0.6876904326630103,0.6725729600952948,0.6718541574032904,0.6640340218712029,0.6745473589705222,0.6796632698272043,0.6770474621949394,0.6885195444752231,0.6948512758568625,0.7153740667377724,0.721477509681263,0.7311000452693527,0.7427055702917772,0.7670428893905192,0.7840531561461794,0.8009965272535104,0.8136023916292975,0.8375111906893464,0.8548530721282279,0.8751124437781109,0.8942844216558589,0.9047619047619048,0.9203647416413374,0.9271542789458099,0.9371995192307693,0.9470899470899471,0.9591775476512082,0.9576348674184699,0.9581081081081081
0.9591961023142509,0.9553702077846064,0.9510586069346425,0.9511216758282574,0.9342869915064819,0.9256285973947289,0.9127407407407407,0.9054398321594486,0.8871849377467355,0.8716060745513116,0.8539461747807681,0.8435057125676488,0.8152027532545264,0.7966227225596207,0.7867657992565056,0.753687974966473,0.7499240352476451,0.7193221364805568,0.701777976990886,0.6854085016581248,0.6722443966840651,0.6602906287069988,0.6625703286941071,0.6620741862225586,0.6606904726626167,0.6494573188618363,0.651259877739675,0.6574257425742575,0.6690433749257279,0.6790887145443573,0.6934306569343066,0.6981075398017422,0.7241741741741742,0.7405876951331497,0.7475814853400804,0.7635225748770675,0.7779115257297623,0.8077448747152619,0.8207519242155121,0.8384292565947242,0.8649253731343284,0.8764329313681704,0.8953383458646617,0.9101733232856066,0.9207126948775056,0.9321327578508707,0.9368880855550534,0.9523880820482108,0.9540023894862605,0.9608319417033551,0.9571471835251363,0.9576413225658997,0.9491423412578995,0.941274154589372,0.9303400954653938,0.92187967674349,0.9129390573401381,0.8903881140084899,0.8756923076923077,0.8605769230769231,0.8405841192576817,0.8262660158633313,0.8008243780362138,0.7884558606436375,0.7617708024874149,0.7388715200238202,0.7336988737403675,0.7205549690846026,0.6985475896168108,0.6872836719337848,0.6833804493378961,0.6552250190694127,0.6625514403292181,0.6549210206561361,0.6637488680953818,0.6530643435732845,0.6602073005858495,0.6696291756052712,0.6804387019230769,0.6787751425998199,0.7041704170417041,0.7058823529411765,0.7172112633639512,0.7293783622235505,0.7539322444041138,0.7724947336743906,0.7959306706857574,0.8105875152998776,0.8290496114763897,0.8481620405101276,0.8709677419354839,0.8915284625728372,0.9061566049013747,0.9173228346456693,0.9282868525896414,0.9375839928326116,0.9483967188665176,0.9542226922495846,0.9591445427728613,0.9609970674486803
0.9603975304923957,0.9594211547068476,0.9547655068078669,0.9478260869565217,0.939067571555031,0.9260908281389136,0.91486205873628,0.8973672467648371,0.8798179059180576,0.8627159023228111,0.8503063904289466,0.8226174190606476,0.808416220351951,0.7800922481773546,0.7704089219330855,0.7572960095294818,0.7134546539379475,0.7078986587183308,0.6923076923076923,0.6929982046678635,0.6622715013485166,0.6539489311163895,0.6476799524092802,0.6451955137920582,0.6377834509686139,0.63460081805787,0.6302533532041729,0.6495410127331951,0.654968094804011,0.6700507614213198,0.675768942235559,0.6895464103334334,0.7064684014869889,0.7157701711491442,0.7309389742809314,0.7566585956416465,0.7762522631261316,0.7962229667986598,0.8204320432043204,0.8421991084695394,0.862968515742129,0.8776474173396313,0.8854073410922113,0.9060273159144893,0.9164179104477612,0.9406089840217063,0.9467753891771683,0.9483305635292341,0.9563707729468599,0.9563351095322676,0.9574850299401197,0.9533579335793358,0.9524592614740619,0.9420505200594353,0.9353640416047548,0.921442465958402,0.9123386370459321,0.8968966024415356,0.8741731809981961,0.8482567961910613,0.840620802865244,0.8135208711433757,0.7946614971667164,0.7867744305657605,0.7542513167795335,0.7358032189492864,0.7249962286921104,0.6978119455943229,0.6908763505402161,0.679267748176812,0.6609396381328874,0.6451564152939399,0.6513909224011714,0.6381578947368421,0.6371827601742003,0.6562218890554723,0.6354549463471998,0.6517501107665042,0.6551155115511551,0.6709054695878658,0.6861481822365394,0.7025563909774436,0.7113882211538461,0.7341979725700656,0.7487565938206481,0.7637011733254121,0.7820324005891016,0.8034493012191496,0.8240698900436813,0.8458574181117534,0.858991521642124,0.8817091454272864,0.89598073159717,0.9119257681776696,0.9289967934035731,0.9369678864824496,0.9477826547601029,0.9538002980625931,0.9596943362301469,0.9573971403559965
0.9556186491332935,0.9598418010343779,0.9549270879363676,0.9421246545901136,0.9374620522161505,0.9277836531198066,0.908466477527251,0.9024498886414254,0.8854213779586914,0.865347418538908,0.8404012767897857,0.8220714074948362,0.8018152060705253,0.7867391632683884,0.7707273271475606,0.7400841346153846,0.7279831680192366,0.6966004813477737,0.6804453935326419,0.6616176916086035,0.6506530550968324,0.649030512550729,0.6376484739136972,0.6212708830548926,0.6344102407802499,0.638809986545074,0.6303389572883417,0.6295399515738499,0.6505455617811855,0.6442089326267979,0.6645493042952209,0.6797693124905145,0.6999094749547374,0.7049985123475156,0.7320891029500302,0.7540209532241404,0.77431906614786,0.7885101949694895,0.8132674453429171,0.8328877005347594,0.8571214392803598,0.8654803197104509,0.8812283606804154,0.90853839312185,0.9172165566886623,0.9341067975606128,0.9407306351371836,0.9534082397003746,0.9568485941963615,0.957077083023912,0.9527570789865872,0.9557587376493143,0.9521699266503667,0.9413072476656291,0.9333630157316711,0.9216867469879518,0.9152846257283729,0.8966722382616623,0.8731003039513677,0.8563877982482634,0.8308325978228891,0.8039186581564495,0.7884441769485405,0.777016969336112,0.7460861786193529,0.7281072417310214,0.7092028223990392,0.6799156880457693,0.6832129963898917,0.6633588933994888,0.65262524447119,0.6496296296296297,0.6331485089165293,0.6238352870453863,0.6231623162316232,0.6182795698924731,0.6355269213069489,0.6434178743961353,0.6585403016912997,0.6568198944988697,0.671430743500076,0.680359820089955,0.696162998215348,0.7227414330218068,0.7398756256635826,0.7531292414417131,0.7782544378698225,0.795912233243162,0.8205475330926595,0.8357326867707229,0.8671648619795638,0.8796364169476616,0.8994920732645837,0.9141650324332479,0.9240391861341372,0.9399020626205669,0.9467366841710427,0.9528930627082702,0.9577995478522984,0.9605554734820505
0.9598200899550224,0.9578386605783866,0.9505985755417488,0.94463615903976,0.9357227488151659,0.9310242307120559,0.91413989792855,0.8940626883664858,0.8785315002266203,0.8564807893556585,0.8350545883741517,0.8166996800243791,0.8002952029520295,0.7758125472411187,0.7569149714620226,0.7283290016817,0.7109629629629629,0.7021212121212121,0.6797153024911032,0.6659710836190192,0.6467516510520658,0.6334583645911478,0.6303431667670079,0.6294126483400931,0.623603984304256,0.6176823776643651,0.6303421941547951,0.6302279933564849,0.6301328953262655,0.644687546830511,0.6561889005865543,0.6636663666366637,0.6801131289074129,0.7020285499624342,0.7102649006622517,0.7339614176760879,0.7617484708339549,0.7851762579090087,0.8064224332881049,0.8185641333733854,0.8464317976513098,0.8679047476411562,0.8864142538975501,0.8998357963875205,0.9226626776364997,0.9303099017384732,0.9390152085529287,0.9496978851963747,0.9522383590357838,0.9603044321743024,0.9572584338268967,0.9569069069069069,0.9503920386007237,0.9401605817300409,0.933126660761736,0.9198318570785168,0.8990068754774637,0.8878728826262929,0.867171267438409,0.8528296161432256,0.8258035172832019,0.7993984962406016,0.78493812254754,0.7677380230442693,0.73293142426526,0.7170479704797048,0.6942430072517389,0.6838446425872752,0.6629046629046629,0.6620795107033639,0.6349039615846338,0.6213650745818894,0.6209714026327735,0.6330135526115426,0.6192313399614187,0.609260642270351,0.6152469043711771,0.6267574367322777,0.6341606697018651,0.649865390367933,0.6542521109770808,0.6762917933130699,0.6893793512072286,0.7048736462093863,0.7296441495778045,0.7561970979443773,0.7744462859725779,0.7941397445529677,0.8136431784107946,0.8341913991520291,0.8584558823529411,0.8776302044470975,0.8962021485852625,0.9022747680335229,0.9192301863918776,0.9370906321401371,0.9432581753023742,0.9514635603345281,0.9592452830188679,0.9587025078840666
0.9567365269461078,0.9547524607022183,0.9536323818154357,0.9463509665817473,0.9352269311692215,0.9222845023481291,0.9098409840984099,0.8992409584759636,0.8727409638554217,0.8445684177901751,0.832427536231884,0.8142685129440096,0.7880299251870324,0.7691841067637246,0.7444993264481365,0.7316421895861148,0.6921791951404708,0.6738641475483581,0.6752301752301753,0.6563196197831576,0.6360837438423645,0.62348360041935,0.6153497507176311,0.6092023611321326,0.6082601325319772,0.6081258191349934,0.6047832585949178,0.6101875857861827,0.625262211567276,0.6334191009535342,0.6335440246949875,0.6517450682852808,0.6752615293944305,0.6834110392540231,0.7171368547418968,0.7341222288795686,0.7621065375302664,0.7777447630366959,0.7994592158630014,0.8268561923484047,0.8450103032087136,0.865874855156431,0.8796531619076096,0.9030757689422355,0.9159879336349924,0.9304166044497536,0.9366415595923793,0.9469536223097909,0.9537271239398899,0.9615034859048196,0.9556368960468521,0.9542899408284023,0.947392428158735,0.9372460496613996,0.9305412181094234,0.918027918027918,0.903158209848825,0.8824701195219123,0.85793165199224,0.8474498391790474,0.8282133577869479,0.7997041420118344,0.7776268115942029,0.7535928143712575,0.7371641791044776,0.7061212212362762,0.6855298709096368,0.6766917293233082,0.6681268882175226,0.6473715298287065,0.6190616701091768,0.6073885731379001,0.6108610861086109,0.6126813219679976,0.5949670461354104,0.598644578313253,0.6020071899340923,0.6162274207876813,0.6191194209891435,0.6276563903023047,0.6464121230129253,0.6743940990516333,0.6933726067746686,0.7010091881307425,0.7293640054127198,0.7484370348317951,0.7704477611940298,0.7928507328746635,0.8103499850433742,0.8287176399759181,0.8603692965054174,0.8768038888044964,0.8907269691910761,0.9135078219013237,0.9257270693512304,0.9347793342370839,0.9449706811005864,0.9507307518457134,0.9531953195319532,0.9599821481701875
0.9592609419960624,0.961116949406996,0.9565217391304348,0.9439784301977232,0.9355615778380006,0.9184159595057317,0.9014440970671431,0.8902530318910017,0.8787563225230586,0.8565573770491803,0.8316801464977873,0.8041453890057074,0.7878378378378378,0.7605698529411765,0.7395739573957396,0.709478324761205,0.6848355663824605,0.6758863080684596,0.6604873673194798,0.6434481721077178,0.6195346079739144,0.617590539541759,0.6220809932013006,0.5990467679475723,0.5823829531812725,0.5887010811633927,0.5919867947178872,0.587680608365019,0.6103606946712187,0.6161202185792349,0.6382533273515777,0.6440575321725965,0.6571130019405882,0.6895894428152493,0.698053417836125,0.7335771985977747,0.7470684280837168,0.7650611282957726,0.789680738387048,0.8160335028417589,0.841400304414003,0.8632847366855103,0.8772294887039239,0.8993409227082085,0.9149511645379415,0.9294046356612634,0.944268715167947,0.9460442558351015,0.953083109919571,0.9586505448574414,0.957002090176172,0.953083109919571,0.948649052097328,0.9411057692307693,0.9278396436525612,0.9141598298389547,0.904126213592233,0.8862194016319129,0.859654263111632,0.8394988946204863,0.818343458290117,0.7867111650485437,0.7675757575757576,0.7483523067705212,0.7305335525332536,0.7017701770177017,0.6854874283193648,0.6614490161001789,0.6429099512050865,0.6346808825707093,0.6229113352401023,0.5998801138918027,0.5966742252456538,0.5969683459652252,0.5994643654218123,0.5927147354219757,0.5909638554216867,0.6010685663401603,0.6069934249850568,0.6098179647866309,0.6381521422325852,0.65648628613788,0.6747389132738005,0.6944816302246021,0.7168154987134857,0.7439324116743472,0.7487625618719064,0.7775765806548967,0.804403948367502,0.8352800239592693,0.8511764705882353,0.8664666166541636,0.8957664233576642,0.9051030852463811,0.9212858645035301,0.9348117279357048,0.9384524337919811,0.9512231503579952,0.9579919559064501,0.9543406428356864
0.9578141420207176,0.957910447761194,0.9503845573819937,0.9455985652368853,0.932411907654921,0.9266320927394753,0.8990977443609023,0.8856252781486427,0.8736670616113744,0.8455816721213925,0.8284387174108481,0.8002941176470588,0.7819728398746456,0.7533303397694956,0.7312862816987473,0.7024361082050515,0.6925936942296252,0.6625991458206223,0.6478425435276306,0.6277121053419124,0.6173042438732815,0.5986075374602694,0.5910136482134641,0.579468707789284,0.583729216152019,0.5800599700149925,0.5707025411061285,0.5903304031524704,0.600330429558426,0.6128166915052161,0.6162507608034083,0.6474520873570049,0.6532879146919431,0.6764173703256936,0.7039030955585465,0.7163716814159292,0.7342502218278616,0.7606719063029742,0.7881215052138432,0.8147243012066595,0.8378953771289538,0.8523823884197829,0.8747734138972809,0.8935007385524372,0.9153158612331465,0.9350513928199017,0.9447086801426873,0.9533709533709533,0.9551858513189448,0.9567177637511272,0.9556537640963121,0.9551556276736982,0.95260663507109,0.9395761310686909,0.9252165982672138,0.9155395250976857,0.90187265917603,0.8775479390004529,0.8599731863548339,0.8375873594652081,0.8111195734958111,0.7870467094463512,0.7639458884328926,0.7460438222763238,0.7191178661898375,0.6918813660874775,0.67942302031204,0.6612779060816012,0.631918404079796,0.6275800179479509,0.5980041703902294,0.6060229742316051,0.5839524517087668,0.5951472607965818,0.5773755656108597,0.5781389800178944,0.58815571922441,0.594434306569343,0.5976977567886659,0.6134083307996352,0.6274918179113359,0.6408311845897163,0.6612348632082523,0.6847365233192004,0.7068443367655967,0.7281467238574175,0.7555859553123575,0.7742857142857142,0.7997598318823176,0.8279521674140509,0.8503279666070364,0.8675078864353313,0.8890036900369004,0.9072476925404751,0.922377830750894,0.9367461017946455,0.9441123729826658,0.9491499696417729,0.9548918012800975,0.9601476014760147
0.9588898783021668,0.9578514911746805,0.951947855085645,0.9479689639434048,0.9326634673065387,0.9249694376528117,0.9059486723038125,0.8862184362640706,0.868511593118923,0.8498262577428615,0.8253111411006148,0.7993664202745512,0.7725818735719726,0.7515369620632778,0.7179756720228263,0.6933590848313772,0.6760687527545174,0.6561988391129633,0.6203537170263789,0.6174213931096736,0.5973124630832841,0.5894894894894895,0.5777545847621888,0.5748530076888286,0.5714500601684718,0.5641917435354604,0.5727120450738541,0.5794518496330687,0.5826229998504561,0.5994052044609666,0.6058514628657165,0.6247564813427244,0.6508691130589809,0.6704103024857742,0.6892973613993477,0.7066748315982854,0.7344177561568865,0.7646796491749666,0.7846059302504225,0.8028571428571428,0.8352513628104179,0.8623000761614623,0.8804965599760693,0.8938215102974828,0.9123612139156181,0.9247246945240609,0.9390100176782558,0.9488414083659344,0.955106959927689,0.955741802676077,0.9601100412654745,0.9576807228915662,0.9523309848598411,0.9395488721804511,0.933848016954284,0.912464031500833,0.8969010727056019,0.8797592174567344,0.8557449962935508,0.8331104175954822,0.8091625762308493,0.7972598746538405,0.7579011038862846,0.7391104997707474,0.7115703726052195,0.6859925093632959,0.6677955665024631,0.6433763536567275,0.6316897173782321,0.6020839625490788,0.6020886938095958,0.5840881642512077,0.5803692030616839,0.5759770635279915,0.5634563456345635,0.5649803089972736,0.5741590214067278,0.5754369825206992,0.5946894552113535,0.6134190077704722,0.638386855862584,0.6369341102644555,0.666868015705225,0.6806020066889632,0.7045792447219744,0.7286484866646689,0.7463429347006485,0.7729198184568835,0.795030097237228,0.8283141423088278,0.855423522242535,0.8642289824666567,0.8847772456827746,0.9042457091237579,0.9131472914490375,0.9314803804994055,0.9406365655070318,0.9490958820847896,0.9596493879401542,0.9598034836980796
0.9568378009995456,0.9572725919309215,0.9579288025889967,0.9477733392513685,0.9315425940138142,0.9226626776364997,0.8980292624664079,0.8806289116165471,0.8679357525282569,0.8438347904733192,0.816409179541023,0.7909637670529558,0.7688787185354691,0.743765206812652,0.7130292188431724,0.6963171963171964,0.676084000604321,0.6496718058311708,0.6196992481203007,0.6123951126159282,0.6039028750186206,0.5805349182763745,0.5683051869722557,0.5672652340300265,0.5562972852692479,0.5525525525525525,0.5675836431226766,0.5671015144699355,0.5744426155918001,0.5949720670391061,0.6053496712492529,0.6086365695304243,0.6337878787878788,0.6558783682071353,0.681449188214071,0.6975253428741801,0.7332326283987916,0.7583902583902584,0.7723915050784856,0.7954580328371951,0.8322018890200709,0.851779252110977,0.8752787275159803,0.8898356664637858,0.9081277433025579,0.9281365998515219,0.9387877876372387,0.953061531517978,0.9532004830917874,0.9608195005234036,0.9586751747189304,0.9544851966416261,0.9458809380637402,0.9376513317191283,0.9268771717782143,0.9125204218030596,0.8975975975975976,0.8703788224554998,0.8527561414020371,0.8312379825469605,0.8133293124246079,0.7778112298660244,0.7531287246722288,0.7249590712903706,0.7160897340662605,0.6777428528663374,0.6699130955948457,0.6271286835480527,0.6188381616866373,0.6062622901225231,0.5943480861244019,0.5712822014051522,0.5641667894504199,0.5656519763743753,0.5613460393091125,0.5659815311289842,0.5663348685187937,0.5778551953953347,0.5840507476212052,0.5943340255117175,0.5992708491569193,0.6302373278640492,0.6622032866707243,0.6669169544976723,0.6882627693234895,0.7114754098360656,0.7439891123544533,0.7719010727056019,0.7883408071748879,0.8151795182548098,0.8417664670658682,0.8727910033591354,0.8840341164147838,0.9013452914798207,0.9184985793330342,0.9320648134383827,0.9414619350925083,0.9481680071492404,0.9554614485981309,0.9611592470869436
0.9557535263548627,0.9542121801586114,0.9508704632634996,0.9418077388149939,0.937231043181481,0.9188982402448355,0.8997369190295236,0.8812301166489925,0.864069006543724,0.8399406087602078,0.8169496574322311,0.7959273366539701,0.7542168674698795,0.7455630126771067,0.7183630323165207,0.6918569711538461,0.6576362012503721,0.6309774436090225,0.6128935080584426,0.6065181641500972,0.5817042232502612,0.5655994043186895,0.5633129017790403,0.5584435324517404,0.5571513177376369,0.5372619583145899,0.5497809336757818,0.5602063375092114,0.5749924857228734,0.5846713117237201,0.5992229527794382,0.601728320194057,0.6241358581304478,0.6435122537964216,0.6740563211503895,0.7060830860534124,0.73149137536254,0.7614988978692138,0.7693129770992366,0.7936366339577758,0.828978978978979,0.8559762435040832,0.8719686699804188,0.8921895377481525,0.906871609403255,0.9322366435255056,0.9410330641474935,0.9440108075652958,0.9551609990972013,0.9577338129496403,0.9549359457422758,0.9518345160803261,0.9491220171094101,0.942861473173689,0.9208364451082898,0.9068813610815738,0.8860087918750947,0.8627217170964376,0.8540167425466295,0.8228358208955224,0.8109205776173285,0.7729526671675432,0.7584102411431973,0.7272589906316108,0.6982629529799341,0.6890363444427688,0.6493447808404881,0.6330935251798561,0.6027315914489311,0.600980100980101,0.5883940620782726,0.5645869947275922,0.562677849333533,0.54981718464351,0.5411729413529324,0.558090345973712,0.5489245683126326,0.5622447436091362,0.5754333082140166,0.5835429924522717,0.5997899159663865,0.6261598323855133,0.635364936042137,0.6555389221556887,0.6736621196222455,0.7202274087372831,0.7388092775890087,0.7589949449895926,0.7933551847437426,0.8069365882703186,0.838855421686747,0.8486851990984222,0.8816576900059845,0.8991735537190083,0.9177774449603116,0.9317943336831059,0.9417431883185308,0.950419527078566,0.9564892344497608,0.9562890276538805
0.9532918149466192,0.9555125725338491,0.9521075691192022,0.9445116419715754,0.9328269288054811,0.9170444242973708,0.8994038748137109,0.8807837226827431,0.8648808642888856,0.8356737376755303,0.8187988785598347,0.7830230826507818,0.7630161579892281,0.7258039932937053,0.700105916174913,0.6786358173076923,0.6582658265826583,0.6408260999700689,0.6102154587916228,0.5780285929270128,0.5911396181384249,0.5724127372933252,0.54632972322503,0.5462767561049141,0.5366499852811304,0.546607009694258,0.5438569682151589,0.5589874943498568,0.5681272509003601,0.573790201382627,0.5845697329376854,0.6037735849056604,0.6173079802365624,0.6405857121727555,0.6751852411915923,0.7010613207547169,0.7195830230826508,0.74380537618261,0.7682554231591812,0.7965945697192821,0.8260550996483002,0.8541666666666666,0.8732032077470117,0.8996405032953865,0.9081724969843185,0.9229048613182225,0.9360207665292412,0.9488165680473373,0.9555179313529322,0.954833836858006,0.9577189286789046,0.9537865235539654,0.9476526173691315,0.9378292939936775,0.9306079348317997,0.912931556632344,0.8952637083520095,0.862934362934363,0.8462349397590362,0.8253424657534246,0.7899925317401045,0.7628988965105875,0.7489693082913422,0.7257966616084978,0.6904797713941946,0.6641486629400212,0.6488651535380507,0.6279211852756988,0.6045910611128003,0.5932381667918858,0.5758651286601597,0.5618417092988264,0.54995499549955,0.5412010132618089,0.5477485645210033,0.5385883410759779,0.5455748309320788,0.5492063492063493,0.5723920863309353,0.562082777036048,0.5984620024125452,0.6209472583295981,0.6266548984995587,0.6616833607415159,0.6678179906892927,0.7078066914498141,0.7292923348536119,0.7619261253177808,0.7890682861798252,0.8172234595397179,0.8385074626865672,0.8562865277985914,0.8839231238560098,0.906591737545565,0.918613301592025,0.9326417080138325,0.9453919808497906,0.9494672754946728,0.9543304759089566,0.9559154295996402
0.9553197848176928,0.9582718961958124,0.9521244763614602,0.9429479418886199,0.9305472932778108,0.9192026780279976,0.8980611935777038,0.884021384021384,0.8629911848199612,0.8310770156438027,0.8055225653206651,0.7892201144233665,0.7579151732377539,0.733015494636472,0.7003112494441974,0.6806345405567196,0.6535491535491535,0.6261343012704175,0.6085594989561587,0.5975665399239544,0.5758928571428571,0.5535495716034272,0.5544987922705314,0.5436281859070464,0.5328185328185329,0.5278875713658322,0.5402177199879045,0.5520566521018533,0.5465361445783132,0.5666916729182295,0.5831435079726651,0.5986617100371747,0.6121858339680122,0.6339204372912238,0.6638922518159807,0.692434456928839,0.7048319327731093,0.7482559902942069,0.773789521918436,0.7934523809523809,0.8173978819969743,0.8432407966203983,0.8659593544530783,0.8911533816425121,0.9091184489548622,0.9273768268796143,0.9363784665579119,0.9470562064363043,0.9551944106925881,0.9594798911400061,0.9599879663056559,0.9539799130565133,0.9495722647456101,0.9397142006549568,0.9246149289099526,0.9097973487734268,0.8839232153569286,0.8650635625670088,0.8430059523809523,0.8205820582058205,0.7969678953626635,0.7683633038707711,0.7489489489489489,0.7187880633373934,0.6848612786489746,0.6617358490566038,0.636038186157518,0.615958240119314,0.5990486420131963,0.5841539160733222,0.5671422267980586,0.5509099112648519,0.546101393418322,0.5266524520255863,0.5335020845741513,0.5350955794504182,0.5430762291384754,0.5590043484780327,0.5730420567692079,0.5785585042219542,0.589070370935735,0.6173522812266268,0.6327053504144687,0.6562639322336157,0.6783434763247737,0.697583081570997,0.7328438717410848,0.7566646919431279,0.786222558667676,0.8120615017166741,0.838719420114769,0.8542008655424563,0.8851012022523208,0.9039151225343693,0.921727395411606,0.930117222723174,0.9420918749064792,0.9524460650258281,0.9538233110616184,0.9533483822422875
0.9593301435406698,0.9551396316102199,0.9503971227334033,0.938443149559241,0.929959331224582,0.9124109713592968,0.895431622663898,0.8785498489425981,0.8623295791345584,0.8271041789287816,0.808094186902134,0.7809266756635178,0.7559368775854144,0.7294398092967819,0.6951605608322027,0.6750864531649376,0.6516417910447762,0.6228743416102333,0.6065766294773929,0.5913326431001331,0.5659902236705673,0.542743830787309,0.5413579313473461,0.5319627851140456,0.5158129175946548,0.5277076214529788,0.5288606829857964,0.5450457202818169,0.5403056637698531,0.5546607009694258,0.5685770452139725,0.5957063503978381,0.5987525987525988,0.6297657326596233,0.6601675552170602,0.685103803606607,0.70906105388864,0.7412838545563369,0.7564121793910304,0.793015587529976,0.8206990467544257,0.8420193021529324,0.8671066446677667,0.8874907475943745,0.90954169797145,0.9236983842010772,0.935349940688019,0.9512991833704528,0.9555923528526268,0.9541202672605791,0.9563085153811859,0.9575168287210172,0.9479418886198547,0.9435146443514645,0.9312528267752148,0.9073324336482231,0.8905174992521687,0.8694864048338369,0.8441323062981423,0.8213800392571342,0.7942958474951973,0.772038776128446,0.7407735459108356,0.7122101555620781,0.6865156742162892,0.6603633114949374,0.6330710998960962,0.6203470265460478,0.6011499470419125,0.5625741399762753,0.5620847482651705,0.537945430147607,0.5447761194029851,0.5227546714888487,0.531816830211121,0.5297843462524506,0.5344853493613824,0.5431985294117647,0.5600305110602594,0.566939687267312,0.5843212803793717,0.6046442833900311,0.6230608591885441,0.6480951663906038,0.6701306413301663,0.7127627627627627,0.7248413417951043,0.7606007067137809,0.7786398904609767,0.8025073746312684,0.8339190221543162,0.8584341964148919,0.8748504784688995,0.8917043740573153,0.9159046619697196,0.9351220251629528,0.9427674835624626,0.9531044558071585,0.9551990313304072,0.9556761646313885
0.9577486272117145,0.9555757026291931,0.9540332147093713,0.9404673314481322,0.9251515151515152,0.9136363636363637,0.9014911884319927,0.8724659606656581,0.8580006004202942,0.8240561110282048,0.8055636896046852,0.7762640024220405,0.75,0.7084539223153085,0.6983532934131736,0.6676833917950282,0.640249467599635,0.6203001931936395,0.5997278088613337,0.5758157389635317,0.5539806996381182,0.5490838671234918,0.5257134363852557,0.5123345367027677,0.5212157688835389,0.5325693606755126,0.5349085365853659,0.5247659317426759,0.5365147126086294,0.5429371041390485,0.5707441233717623,0.5830773955773956,0.6074629058322315,0.617485527682945,0.6478744476611306,0.6723257211538461,0.715849452691558,0.7344763670064874,0.7645466847090663,0.7857997010463378,0.813963963963964,0.839176488139639,0.863980611935777,0.8874212870526801,0.9071641791044777,0.9200477326968973,0.9357798165137615,0.9503059244888823,0.9553331341499851,0.9562353629976581,0.9561878952122854,0.9553948161543099,0.9432813659985152,0.9329567414895198,0.9224944320712695,0.9111542481708228,0.8908497701319887,0.8686988847583643,0.8328628732729163,0.8167396887747393,0.7936885977969634,0.7639563106796117,0.7390051562026084,0.7118945341430899,0.6788059701492537,0.6563963147560792,0.6409833608154699,0.6077073611320186,0.5839108165109973,0.5739504524551253,0.5535144982541369,0.5444143330322192,0.5364499634769905,0.5296208530805687,0.5116763349695077,0.524390243902439,0.528014343343792,0.5362040996903111,0.5546509874868084,0.558832290735776,0.5765048246285802,0.5943136655457046,0.6197141155449672,0.6447368421052632,0.6685757347400151,0.7005699254712845,0.7195287720888084,0.7425950984814313,0.7786224722517865,0.802962962962963,0.8323435358611238,0.8564723694171082,0.8735597331716192,0.8951672862453531,0.9210957272591931,0.9292883895131087,0.9419529023548823,0.9514058679706602,0.9547988549043243,0.958706022659511
0.9567502628022225,0.9574149047833258,0.9473053892215569,0.9428400418973515,0.9342223554090501,0.9079590929301912,0.897715394952964,0.8720023980815348,0.8490286222749518,0.8322207387627948,0.8063985648078935,0.7729101475189987,0.7509875640087783,0.7125883591517521,0.692042042042042,0.6705361234153048,0.6341209689404071,0.613754261153105,0.6005734118002113,0.5755289243971001,0.5605578293163559,0.5420363964505941,0.5350119189511323,0.5244457941087155,0.5117795228922803,0.5051840721262209,0.5105554723761042,0.5196612220205686,0.5413397706698854,0.5512956508561904,0.5609574784418674,0.5868014268727705,0.6059417885688433,0.6309101654846335,0.655347036044087,0.6801301967746708,0.7131355300432384,0.737640871525169,0.7648123021257349,0.7833333333333333,0.8226832222895215,0.8365514144589133,0.8644194756554308,0.8895612708018155,0.9071385359951604,0.9250610500610501,0.9373758973575683,0.9507587027670337,0.9590064004876562,0.9603151010701546,0.9580547112462006,0.9540528163639139,0.9456161494426032,0.9349802970597151,0.9260211800302572,0.9114797416324134,0.8803639120545869,0.8630240653851975,0.8367840411062415,0.81939448441247,0.7822289156626506,0.7536493604213694,0.731350114416476,0.7027466036621383,0.6793191745744841,0.6615867324069924,0.637149672033393,0.6073066114480107,0.5827695083446098,0.5675105485232067,0.5471417965850037,0.5338110165696373,0.5223125287532587,0.5108499095840868,0.507487271638215,0.5215902322811197,0.5135215897206036,0.5343992958779522,0.5282674772036474,0.551516043567854,0.576543771810044,0.5871150126469276,0.6161266013564431,0.6410883521858759,0.6644144144144144,0.6909851995814023,0.7169352386743691,0.7433204633204633,0.776254331776405,0.802410741531889,0.8234497290788682,0.855997579791257,0.8787699586043761,0.8979407785961221,0.9147345942647956,0.9284557632857353,0.943019093078759,0.9520333680917622,0.9549007817197835,0.9619119878603946
0.9605263157894737,0.9551443375277572,0.9535903250188964,0.9424504013327275,0.9273927392739274,0.9152441739646727,0.8958207147183526,0.8732499255287459,0.857313790008974,0.8298094103633115,0.7929224771330035,0.7723808100433418,0.746036494166916,0.7144804604665252,0.6894504490790074,0.6606280193236715,0.6443609022556391,0.6107222635889799,0.5919188907111973,0.5657933908901459,0.5625,0.5429210134128167,0.5052600385242259,0.5202277494755768,0.5117363827866386,0.5210870210870211,0.5026303923042237,0.5154992548435171,0.5343122565178304,0.5432375822860562,0.5595008171148418,0.5850819421044571,0.6076404494382023,0.631712033318459,0.6584559927906278,0.6725582812738077,0.706704325851048,0.7337046515128707,0.755138784696174,0.7907186982070212,0.8160166716284608,0.8396492792391143,0.8629410873845221,0.8887043189368771,0.9053369111508647,0.9292179848642231,0.9382899628252788,0.9479863278347451,0.9562528284809172,0.9649851632047478,0.9585508136321769,0.9505822633621976,0.9500824464098336,0.9391606280193237,0.9279080053073862,0.9093831317924383,0.8873427091043672,0.8631310096153846,0.849406753878917,0.8104445797807551,0.7808095952023988,0.759075907590759,0.7333833458364591,0.7122663018695851,0.677453823843688,0.639904134212103,0.6163265306122448,0.5998208152904285,0.5788595693054291,0.5617620345140781,0.5414406268836649,0.5267630833457582,0.5267152398299939,0.5136595616931853,0.5170688640376692,0.513372956909361,0.5138447571493419,0.5229260935143288,0.5466903073286052,0.5587146453428106,0.5772333432925008,0.5794126460893018,0.6049107142857143,0.6356612634449326,0.6727574750830565,0.6750652942080196,0.7081903625242428,0.7510787085255171,0.779788838612368,0.7980783444198079,0.8355143031040779,0.8543176328502415,0.8783400507538438,0.8940201302545885,0.9120059656972409,0.9308510638297872,0.9433234421364985,0.9504244996967859,0.9576208178438662,0.9593592405814299
0.9582481751824817,0.9564312267657993,0.952113508720071,0.9440739618066081,0.9300405344542861,0.918717375093214,0.8967079432195711,0.8791704238052299,0.8397847855328052,0.8268826882688269,0.7951116475558238,0.776481424623887,0.7409831075939736,0.7085935176925364,0.693954470073873,0.6623048327137546,0.6386999244142101,0.6016417910447761,0.5985988970040245,0.5544018058690745,0.5509377344336084,0.5217977528089888,0.5275003726337755,0.5029169783096484,0.4953850809502194,0.5109457092819615,0.5085552745127213,0.518711793648427,0.5268591949723178,0.5485916531485032,0.5520956316410862,0.5780660733142253,0.6012601260126013,0.6130007558578987,0.6470145886599489,0.6630190376255434,0.7015550239234449,0.7276523352922982,0.7664951573849879,0.7927858787413661,0.8131653921127605,0.8412389645368846,0.8695520581113801,0.8881140084899939,0.9092275323113916,0.9236142748671222,0.9344780840488025,0.9468763911559579,0.9510819871990247,0.9595741397932418,0.9630134909807488,0.9536592681463707,0.9419259259259259,0.9388489208633094,0.9212192607863349,0.8983305760264702,0.8844094019637013,0.8588450962419798,0.8399820035992801,0.8147545830869308,0.786486075178816,0.7514285714285714,0.7372549019607844,0.7023290758827949,0.6678635547576302,0.6486969471332837,0.6133863080684596,0.5904279111376174,0.5786686838124054,0.5492412972329663,0.543082886106142,0.5181050090525046,0.5088168801808591,0.5094057927739624,0.5062557216966738,0.498415572657311,0.5136893057026168,0.5161338962605548,0.5374529012810851,0.5466929014681399,0.5709672684573609,0.5859643872512345,0.6104258443465492,0.6404309441867425,0.6615057680631451,0.689767995240928,0.7142424701074618,0.7344286781179985,0.7693917202211926,0.7935874704491725,0.823904028436019,0.8495654779742283,0.8725359419001038,0.8994944989592626,0.915776808542638,0.9248109150229868,0.9418708906156605,0.9524958528125471,0.955860423501342,0.9565674782085963
0.9601915594133493,0.9560192134494145,0.9512158054711246,0.9429680501642281,0.9261876127480457,0.9181111775254035,0.8968361073624231,0.8824754537340077,0.8444743532226708,0.8249027237354085,0.8002669039145908,0.7671111111111111,0.7438877150618775,0.7084007650434015,0.6884544899205864,0.6584448789291623,0.6261543044384867,0.594049043062201,0.5762788592123133,0.5633148508916529,0.5490870996707573,0.5301620648259304,0.5148323939483833,0.5125538552963899,0.5031065312926201,0.49306280769804567,0.517981263221517,0.5055928411633109,0.5150445194964691,0.5330809992429977,0.5473684210526316,0.5806597379123362,0.5933098591549296,0.6168486279138389,0.6445490434254479,0.6676039662572147,0.6912110523221634,0.7325109071761697,0.7610697062691801,0.7873764258555133,0.8141713249735609,0.8487029539661118,0.8686580606424498,0.8825543316463234,0.9042457091237579,0.9258050155809467,0.933055017146265,0.9423247559893523,0.956180606957809,0.9611127729584206,0.9569781194559432,0.9597232897770945,0.9499701314217444,0.9352269311692215,0.9204647006255585,0.9073230021270131,0.8819913030439346,0.8556638246041413,0.8498926709598282,0.8103186646433991,0.7848739495798319,0.7612647013899496,0.7284986514833683,0.7001808863430811,0.670002987750224,0.64400476048795,0.6176381299332119,0.5895500296033156,0.5802633525669477,0.5497237569060773,0.5250263039230423,0.5215562565720294,0.519916455318514,0.5029248537573121,0.4979805534779357,0.5108728480821504,0.5077269317329333,0.5100803395482795,0.5373838666863294,0.526307762696355,0.5629307761462391,0.5669172932330827,0.6023321871729705,0.6272575504628927,0.6529111644657863,0.6751933372992267,0.7113122171945702,0.7457474032816499,0.7718556545372188,0.8014445754716981,0.8287681484807663,0.8527340823970038,0.8758268190018039,0.8940838250870026,0.9190600522193212,0.9292459901064308,0.9424051604976195,0.9514739229024943,0.9576029962546816,0.9617461746174617
0.959009009009009,0.9554004854368932,0.9503059244888823,0.9373669808452417,0.9307450157397692,0.9164428528797374,0.8950170042880379,0.8742317493629141,0.8464226036761355,0.8254910918227502,0.7998220640569395,0.7704966641957005,0.7383107088989442,0.7169128730780826,0.6830699774266366,0.6469087635054022,0.6275127512751275,0.5955106288092761,0.590422276621787,0.5609829639680386,0.545223501270743,0.520469596628537,0.5230238488075596,0.5083370887787292,0.5017316669176329,0.5035069392627965,0.5109675480769231,0.5111043504715546,0.5215004574565416,0.5272145144076841,0.5590868397493286,0.5782353825341952,0.5853109041754281,0.6156926727973895,0.6333938294010889,0.6756715738351798,0.7029850746268657,0.7207286616718084,0.7651320754716981,0.7787692307692308,0.8109287972301671,0.8407026946553521,0.8611817501869858,0.8822043969102793,0.9046840148698885,0.9253276440109722,0.9369342632438047,0.9504007258430365,0.9541033434650456,0.9579905992949471,0.9573619631901841,0.9566776217508216,0.9454299458809381,0.9378230465186987,0.9251410275956701,0.9052475979305248,0.885371342835709,0.8637256383139447,0.8487018800358102,0.8167157698868042,0.7872372148501565,0.7552447552447552,0.7360511828596935,0.7034101106790308,0.6690766681729176,0.6301390121265897,0.6180979312397679,0.6084418500224518,0.5664399092970521,0.5581395348837209,0.532967032967033,0.5115070527097253,0.5118846802637632,0.5029585798816568,0.49616483681756657,0.5038999264164827,0.5031702898550725,0.5152141802067947,0.5311209439528024,0.5322795095287339,0.5674597083653108,0.5721949038891372,0.5990039239360097,0.6266469282013324,0.6539952295766249,0.6869385951995288,0.7224623639886719,0.738863976083707,0.7644695729802112,0.7956875753920386,0.8345443536179231,0.8508328375966686,0.8716827503015682,0.892734596449351,0.9128251939753537,0.9297483523067706,0.9412030755314338,0.954070981210856,0.9576561801103325,0.9573272589217919
0.9583771600300526,0.9553022348882556,0.9467359050445104,0.9420507431316619,0.9253281037863931,0.9139092678544692,0.8926174496644296,0.8716840536512668,0.8533834586466166,0.8306222951798239,0.7938236610472923,0.7695067264573991,0.7302395209580839,0.7238694219826295,0.6829195333532755,0.6540014958863126,0.6237262357414448,0.6095081477051876,0.5771360167589406,0.5573602575358502,0.5384387936132466,0.5308092056421678,0.5174962292609352,0.5029469548133595,0.5065515187611673,0.5133142771174967,0.5057610673135233,0.5029478458049886,0.5282098200670936,0.52110798400237,0.5553201150295142,0.5820097966453911,0.5836320191158901,0.6171042760690173,0.6422182468694096,0.668,0.6948265550239234,0.727971079981925,0.7467366841710428,0.7857901928040079,0.805181347150259,0.8435486288026375,0.8650125535371437,0.8785088370711421,0.9098934550989346,0.9252252252252252,0.932478759874795,0.9469026548672567,0.9565992865636147,0.9610562029797906,0.9597003745318352,0.957028942705257,0.946578631452581,0.9292247713300344,0.9256161314413741,0.9044528301886793,0.8885701343801903,0.8608323494687131,0.8435990338164251,0.818510158013544,0.7749770852428964,0.7645009844010299,0.72610513739546,0.6987695579523013,0.6715425531914894,0.644812030075188,0.6131590541929799,0.5889221556886227,0.5670538542766631,0.5561408789885611,0.5271152969770622,0.5112468345002235,0.5068246587670616,0.5137149672033393,0.49620919077827635,0.4904334828101644,0.511178247734139,0.5070209874679148,0.5247334123222749,0.5557231186849646,0.551896056806164,0.5770329174808357,0.5999107275703021,0.6230319388214125,0.6584814703223862,0.6807532621589562,0.707338508861872,0.7374351371386212,0.7633765855080915,0.790452951044685,0.8255587220638968,0.854019001658875,0.8695586227817382,0.8959940652818991,0.9178041097945103,0.9212622088655147,0.9352528718484261,0.9503171247357294,0.9560896009494141,0.9552663076002393
0.9545721846515731,0.955343852337005,0.9526804432464809,0.9425304425304425,0.931390134529148,0.9145972138098122,0.8954517704517705,0.8732372777437155,0.8499770607126472,0.8308032424465733,0.7922309867539813,0.7724803862401931,0.7437396911081121,0.7140937593311436,0.671929033228086,0.660467192382086,0.6237593984962406,0.60080225820829,0.575340459803778,0.5650479616306955,0.5334525406049769,0.5253982566877067,0.5222853724199821,0.5165712564025309,0.49620366234926305,0.5049591598599766,0.5069857312722948,0.5145067698259188,0.5267580716497126,0.530424279027631,0.5522910640889024,0.5781862006628502,0.5931774169521823,0.6222355050806934,0.6382089552238805,0.6679865976241243,0.7017205576980124,0.7276235713225472,0.7628195431855997,0.7819912373470312,0.8085803664531506,0.8314234016887817,0.864109426107642,0.8818073010173548,0.9048917158867181,0.9206136431337504,0.9304519859990869,0.94816253361219,0.9539287311763829,0.9590581883623275,0.956133716533051,0.9578486176159541,0.9450465577774385,0.9321551595027707,0.9212727815954587,0.9063009636767976,0.8801603801603801,0.8627509293680298,0.8373530298462466,0.8062168309325246,0.7874075192510946,0.7638086776247593,0.7287194114997748,0.6978406552494415,0.662656107219007,0.6430916144434498,0.6184944938904812,0.5934753463429168,0.5754039497307002,0.5604247681723004,0.5353109471465141,0.5344492602002691,0.5034251566826993,0.48877581562406464,0.5126553841545605,0.5090443171540548,0.5165033911077619,0.5078581050740907,0.5285607755406413,0.5455904334828101,0.55949177877429,0.5828174543258342,0.6052944675788221,0.6304412641621944,0.6534487997569128,0.6816041318547774,0.7052144031077245,0.7372650090964221,0.7595108695652174,0.7959485435457637,0.8248110271231659,0.8486851990984222,0.876741051370376,0.8937839468919735,0.915377751338489,0.9250415596191628,0.9420685471640886,0.9456293181135476,0.957835877285779,0.96269445703066
0.9593818984547461,0.9565861609127279,0.9568091670339357,0.9443517816527672,0.9303712539138214,0.9137879243015921,0.8947913583900562,0.8801885358065987,0.8559745570195366,0.8284600389863548,0.7890345649582837,0.760962645799498,0.7412649270234409,0.7185430463576159,0.6826177698270721,0.6684906520747834,0.6300119688809096,0.6016559337626495,0.5822053231939164,0.5567211149408062,0.5349682107175295,0.5394203333833909,0.5155995859825521,0.5149276236429433,0.502465999103273,0.4942528735632184,0.5012768514345801,0.5165762507534659,0.5130027214998488,0.5353277209861695,0.5483055885850179,0.5684746778543602,0.5854449027695934,0.6151501295534217,0.6326992753623188,0.6582316613947884,0.6982392228293868,0.7279210925644917,0.768906297077433,0.7893175074183977,0.8172362555720654,0.8362146050670641,0.8641509433962264,0.8845757976768123,0.9075135553834237,0.9234442620504403,0.9315931593159316,0.9473044798785117,0.955244122965642,0.9577907498877414,0.9624791128664743,0.9526926509967272,0.9459177592371871,0.9396044088781519,0.9219675117655989,0.9094762337269149,0.88245904103412,0.8633503146538807,0.8417222559126744,0.815049864007253,0.7870710784313726,0.755117513267627,0.731505198131686,0.7008016941461201,0.6656778404034411,0.6369762672135951,0.6179537554783134,0.5876770111479361,0.5670118565210865,0.5446789402784015,0.517982390687957,0.5300104774734321,0.5056598153112899,0.49205397301349324,0.49954723815273167,0.5108354506052907,0.49705795822300675,0.5183238209672575,0.5199573430834857,0.5490136570561457,0.5527698543762198,0.5891753354439921,0.5993861444022216,0.6265275707898659,0.6644498186215235,0.6920378279438683,0.7082461906184643,0.7320041049699457,0.7738776739981922,0.8045523520485585,0.8283448069440288,0.8489862850327966,0.8698040380047506,0.8966435014047021,0.9086401202103681,0.9357229280096794,0.9428527887839073,0.9539017776438686,0.9568474677854361,0.9598435855015792
0.9573666767098523,0.9550784224151059,0.9557295588013853,0.943433127726794,0.9303284725290911,0.9180278735201558,0.901810687472398,0.8712433257055683,0.8556101922217255,0.8256349324223972,0.7965038099506948,0.7687687687687688,0.7357699221090473,0.711791730474732,0.684377838328792,0.6565417098829456,0.6416055114572413,0.6002411817907748,0.5877805856994203,0.577593984962406,0.5511338038744557,0.5387260765550239,0.5080142475512022,0.5137628111273792,0.5132075471698113,0.5036571094207138,0.5005275056518462,0.5062983760813476,0.5240342081981716,0.5299436703231545,0.5490605427974948,0.5744838853408585,0.6007276034561164,0.6161390994204191,0.6395555555555555,0.671159442487364,0.7000745712155109,0.721394563047151,0.7563752276867031,0.7868141725220511,0.8171658471166742,0.8373075762149109,0.8657819333433872,0.8894736842105263,0.9023880597014925,0.9232958801498128,0.9368996601152653,0.9497914183551848,0.9572560155432671,0.95423855963991,0.9574984820886461,0.9553503859542909,0.9435495788384809,0.9363871556840664,0.9246126340882003,0.9095358149191755,0.8831754623364908,0.8603583592477417,0.8448716023426941,0.811757630431514,0.7751667677380231,0.7572859744990893,0.7277580071174378,0.6963258078795928,0.6636094674556213,0.6448696700316408,0.6236591630155612,0.5948943929493998,0.5710218759364699,0.5525314603453322,0.541869671132765,0.5186476652516677,0.5225507765830346,0.5079270116661682,0.4977020014825797,0.5117412494461675,0.5141870590001502,0.5184792487125114,0.5171784737002129,0.552898441047374,0.5564563679245284,0.5899879007864489,0.6069868995633187,0.6363909774436091,0.6521213951381549,0.6934005499541704,0.7061262091202211,0.7474413004214329,0.7709573980760421,0.7978083037505788,0.820205998182369,0.8480936655658962,0.8731131370497683,0.8970282317979198,0.9159775546367395,0.9296109296109296,0.9396992481203007,0.9495735448152027,0.9605127449535877,0.9596631205673759
0.9563829787234043,0.9615271659324522,0.9513227513227513,0.9402189997040544,0.9348607367475292,0.9131818181818182,0.8965208302224876,0.8758308157099698,0.8414615733051487,0.8260405549626467,0.8029416178898394,0.7744516893894487,0.7348677327753699,0.7120157384987893,0.6769578313253012,0.6694103561807841,0.631029789807954,0.6070133010882709,0.5822155237377543,0.5693966162599191,0.5407011289364231,0.5432172869147659,0.5232802643436467,0.509256494475963,0.5095919610231425,0.5014215172826575,0.5166666666666667,0.5252987166248709,0.5262138814417635,0.5429753332311935,0.559693802443692,0.576888756692445,0.6082162815284701,0.6189605243103186,0.6506543723973826,0.6742188656893232,0.6995766555790747,0.7196107784431137,0.7527653213751868,0.796590066716086,0.8114508393285371,0.8421677802524128,0.8628365167694391,0.8861654135338346,0.9071936056838366,0.9318046456223943,0.9322757779133618,0.9473128019323671,0.9563055597408467,0.9588020674977197,0.955599333232308,0.9582089552238806,0.9444864619573439,0.9418433451118964,0.9225163593099346,0.9021804062126643,0.8820810971973763,0.8651483368294876,0.8398571215954755,0.8225037257824143,0.7819180522565321,0.7631103074141049,0.7406199021207178,0.7003306281935677,0.66626396858955,0.6453261196272918,0.6206482593037215,0.5913404507710558,0.5588495575221238,0.5548799027059896,0.5459016393442623,0.5228904847396768,0.5167471333735667,0.5202968797334141,0.4982693754702784,0.5,0.5191068484939307,0.5164583968302346,0.5308604895629975,0.5511037193831267,0.571664167916042,0.5923344947735192,0.6025029797377831,0.6354400119527865,0.6594071385359952,0.6985052316890882,0.7189002403846154,0.7395389810600499,0.7765230312035661,0.7975386462554405,0.8331318016928658,0.854848393875713,0.8748319641523525,0.8977323922510888,0.9158737350853345,0.9317029525797793,0.9420935412026726,0.9538320889836965,0.9565018315018315,0.9574468085106383
0.9599760155898666,0.9545316301703163,0.951531370799881,0.9420689655172414,0.9306134603930911,0.9194837123540258,0.9046971756532246,0.8686899038461539,0.8507305317065823,0.830636781950423,0.7975925100312082,0.7729172887429083,0.7388732810882744,0.7189189189189189,0.6742813918305598,0.6666167664670659,0.6279173480005946,0.6127565982404692,0.5854244928625094,0.5676797627872499,0.555240370259779,0.531207495844038,0.5234106207928197,0.527467619472979,0.5166008483252889,0.5116843702579666,0.513431934802294,0.5032708890871246,0.5337939321117453,0.5455915599095704,0.5584768812330009,0.5785469192898702,0.605468175804792,0.6284632853898562,0.6511174441277936,0.6739673673379392,0.7019061583577713,0.7314716981132076,0.760011954572624,0.7840070817350251,0.8167348794906776,0.8403869407496977,0.8582911580827627,0.8767481174120179,0.908663328781672,0.918091809180918,0.9376657824933687,0.94688363524716,0.9529998488741122,0.9594155844155844,0.9568926123381569,0.9555984555984556,0.9479951763641845,0.9349273607748184,0.9284207353827607,0.8972850678733032,0.8899470899470899,0.8651135183261611,0.8403664213845923,0.8136287752314464,0.7829123328380386,0.7614251352976549,0.7284005979073244,0.7019416036757077,0.6680659670164918,0.6448723690103001,0.6232522796352583,0.5964806737855317,0.5819769162474104,0.5584535133476527,0.5349676643104226,0.5363070539419087,0.5286866534774007,0.5079125847776941,0.5073287466347592,0.5169249285391906,0.5187594553706505,0.5226558995065052,0.5412954854295636,0.5433153477218226,0.5742947654246493,0.5836125494974109,0.5986169573060733,0.6368189406586735,0.653622972771909,0.6837518463810931,0.7217107217107217,0.7421100090171325,0.7686746987951807,0.8044818769739811,0.8277827782778278,0.8476998660116123,0.874185235713203,0.8994029850746269,0.9131162507608034,0.9355704697986578,0.9457134381489173,0.9482083709725986,0.955111845068308,0.9582582582582583
0.9569605224102108,0.9572969733293377,0.9494508800962841,0.9462025316455697,0.9255223880597014,0.9124348473566641,0.8995186522262335,0.8729380294248774,0.8541482137584884,0.8248388087196807,0.8000895121587349,0.7842336208200938,0.7455138662316476,0.717545715581079,0.6901725431357839,0.6561025943396226,0.6430368506733758,0.620541660500222,0.5965632603406326,0.5568284594513114,0.5534306569343066,0.5449488875526157,0.5446130500758726,0.532434456928839,0.5126667666017088,0.5241172051089407,0.5211985018726591,0.5287027271357541,0.5181148295977894,0.5487095330449052,0.5591542959964012,0.5780945236309077,0.6081183039082542,0.6236123612361236,0.6474601971190296,0.6796043758429492,0.7042750110180697,0.7243715188920669,0.7593423019431988,0.7814638500446296,0.8198981120767156,0.8405952746241179,0.8629601803155522,0.8800485879137565,0.90616459155785,0.9238868832731648,0.9342085633298524,0.9485748755843764,0.9490919916641858,0.9542579791145757,0.9568259639720114,0.9562340201534065,0.9494574104355582,0.9438118070122865,0.9229014598540146,0.906160133192069,0.888672460293677,0.870953032375741,0.8428068025126398,0.8223851563669011,0.7818317200297841,0.7563291139240507,0.7321375630002964,0.7010755900806692,0.6831368993653671,0.6536362295323794,0.6362949531580538,0.5952851711026615,0.5874981126377774,0.5610624721768809,0.5410577067952388,0.5354449472096531,0.5333132348507688,0.5243609022556391,0.5040455498951154,0.5098689166792225,0.5315422294789965,0.5262603461249059,0.5421561338289963,0.5587220638968051,0.5719579987646696,0.5927757793764988,0.6139555958314454,0.6418222554144885,0.665053682141237,0.6932153392330384,0.7181709503885236,0.7514311539620367,0.7739910313901345,0.8082049763033176,0.8339361060880048,0.8508384819064431,0.88,0.8938381588715665,0.9149834187518843,0.930421686746988,0.9458896982310093,0.955078125,0.954675071289209,0.9552529182879378
0.9571049528301887,0.9557326250553342,0.9452560356758419,0.9429086538461539,0.9319748276895415,0.9190398091546146,0.9012216924910608,0.8820224719101124,0.8528138528138528,0.8321762752792031,0.7990515708358032,0.780817799158148,0.7523823704586063,0.7170583775587567,0.6914531180565842,0.6684595846406693,0.6432205926369351,0.6321612609881783,0.5997017151379568,0.5808934500452761,0.5587569769195957,0.5499044539173894,0.5277818717759765,0.528830313014827,0.5191846522781774,0.5159274500838287,0.5270698235560247,0.537629494210847,0.5396706586826348,0.5547813194959229,0.5758117366696455,0.583158525621816,0.6135809987819733,0.6296186377800861,0.6667169128730781,0.6777166641890887,0.718589161368453,0.7356683131267774,0.7637995512341063,0.789210486437339,0.8221854802344807,0.8379997005539751,0.8694330445356437,0.889397406559878,0.9018192752969478,0.9218702865761689,0.9382641509433962,0.949251497005988,0.9530382595648912,0.9550427094260453,0.9581766210320445,0.9545045045045045,0.945824603412152,0.9341379824169275,0.918562874251497,0.9074242424242425,0.8899436369029962,0.8716085989621942,0.8434677904876581,0.8211284513805522,0.787869778504534,0.7624735409736921,0.7306189903846154,0.6935119674845702,0.6843453367485309,0.6535909157941306,0.6311025374684671,0.6057315233785822,0.5898884758364312,0.5710882834598779,0.5602771362586605,0.5431357839459865,0.5328150695171177,0.5266845557543232,0.5292261457550713,0.5172001196530063,0.5318134406198778,0.5352530800059374,0.545821497981761,0.5625935908954777,0.5736560736560736,0.6004212426658643,0.6179640718562874,0.646052236565596,0.6698388334612433,0.6865963855421687,0.7239622358759179,0.7486615110053539,0.7780988593155893,0.7996720822775376,0.8239891778145197,0.8589261543089186,0.8702645820805772,0.8985765124555161,0.9137724550898204,0.9294947121034077,0.9433180405505401,0.9498803111909037,0.9562594268476622,0.955591619946887
0.9636035494059257,0.9579215333932315,0.948079231692677,0.9403276717270405,0.9342028135990621,0.9140209630867385,0.899135446685879,0.885971607388185,0.8597224294881362,0.8330055967327182,0.8056843679880329,0.7813249400479616,0.7492496998799519,0.7377938517179023,0.6940577757820685,0.6662595419847328,0.6516226415094339,0.6130382775119617,0.6016884113584037,0.582453531598513,0.5666666666666667,0.5537699008711324,0.5319212410501193,0.5210172026925953,0.5392348087021755,0.5190005984440454,0.5299210206561361,0.5319568847730378,0.536111947035811,0.5547267468412239,0.5725879170423805,0.5968201589920504,0.6171538803976852,0.6333836858006042,0.6612546125461255,0.6847596008466889,0.7170797252911317,0.7432182490752158,0.7660783727191146,0.7937853107344632,0.8163875598086124,0.8425856651204549,0.8753424657534247,0.8786964393482197,0.9136573042056769,0.919800634345265,0.9383551566867736,0.9445023062044339,0.9552592592592593,0.96045197740113,0.9585010839269124,0.9562294592172095,0.9457295373665481,0.9339067451335445,0.9277683659325427,0.9122703023117961,0.8874251497005988,0.8629607609988109,0.8452645620275678,0.8176720218247954,0.7896215257244235,0.7703255109765329,0.7340184373583195,0.7115153337342153,0.6783376465215406,0.670759095673005,0.6446540880503144,0.6258248350329934,0.5943538647342995,0.5736503663825333,0.5531563952616584,0.5551216581556023,0.5411622276029056,0.5343476950888822,0.5277195085406053,0.5228698179593085,0.5358694024262394,0.5401825139829262,0.5638930163447251,0.5714285714285714,0.5871971283278492,0.5944741532976827,0.6239545997610514,0.6499923977497339,0.6696334288731332,0.7009146341463415,0.7145384842229431,0.7526252625262526,0.7771664374140302,0.8050314465408805,0.8277836371854753,0.8573113207547169,0.879188441438672,0.8973395460694423,0.9113469875915683,0.9334230999401556,0.9400921658986175,0.9513274336283186,0.9570680628272251,0.9564564564564565
0.9600907029478458,0.9537214443625645,0.9556672760511883,0.9432624113475178,0.9294171220400729,0.9160478860433399,0.9039254620436842,0.8802191294047972,0.8583196046128501,0.838621110433191,0.811490909090909,0.7784657203261854,0.7606850335070737,0.7351726172912364,0.6967868456780811,0.6792481203007519,0.6507276507276507,0.6332931242460796,0.609496704613541,0.5952881152460985,0.5646330413772275,0.5456185179618217,0.5446360445597437,0.5389084237884115,0.5368056600933313,0.5375826819001804,0.5438489646772229,0.538745933155871,0.5527122280110328,0.5678391959798995,0.5825110065280097,0.6019314923796589,0.6176337603617181,0.6312423873325214,0.6690744920993228,0.6928982725527831,0.7203784352004805,0.7377245508982035,0.7842903897649509,0.787016116885073,0.819323960514508,0.8402312842361533,0.8684646677715836,0.8929658952496955,0.9186151079136691,0.9274712128009571,0.9440259932063211,0.9499105545617174,0.9536719797408014,0.9562677849333533,0.9558998808104887,0.9499036608863198,0.9423251589464123,0.9365267685006674,0.9310344827586207,0.9130890052356021,0.8908028759736369,0.881508875739645,0.833407771326485,0.8200421306048751,0.7872823618470856,0.7587407295292872,0.7425078276427612,0.711224336879964,0.6976918465227818,0.6627210068924183,0.6430274135876043,0.6134428678117998,0.5967034628761531,0.5843824940047961,0.575717045623421,0.5550771971496437,0.5421115065243179,0.5273326344166542,0.5404009720534629,0.5426368085421919,0.5348557692307693,0.5434228288585571,0.5629477993858751,0.5733472616027459,0.5960813865862848,0.6076249814567571,0.6338962605548853,0.6397459165154264,0.6762911147492187,0.7109605185621686,0.731453558504222,0.7591953160186158,0.7878329297820823,0.8076806773510735,0.8365064974312482,0.862646317973033,0.8782847242275483,0.899124758937843,0.9228315357739633,0.9275662864760776,0.9444944494449445,0.9511434511434511,0.954524361948956,0.9554789386898516
0.9575849056603774,0.9572328931572629,0.9538276432546248,0.9422732696897375,0.9315901489814533,0.9186450929986391,0.8983276602042326,0.8856882959369314,0.8535768645357686,0.8409707567078686,0.808649289099526,0.7904990259253709,0.7538165110419446,0.7321563301644787,0.7085161095144457,0.6771055031924598,0.654013503375844,0.635072507101211,0.6172347646451232,0.5960084668884185,0.5787594823739403,0.5591824731657109,0.5573551263001486,0.5431644077784326,0.5474087161366313,0.5491398653702318,0.5443493921656911,0.5526116578349735,0.550199615555227,0.575639097744361,0.5735008224914012,0.6,0.630193273474357,0.6402092675635277,0.6568511393903522,0.6883741916077606,0.7243171021377672,0.7449969678593087,0.7784476262245666,0.8016710642040458,0.8174386920980926,0.8390787294896884,0.8743947175348495,0.8860569715142429,0.9130764563106796,0.9281958840318462,0.936259771497294,0.9409737827715355,0.9573560767590619,0.9588359469240049,0.9578820697954272,0.9540762902019446,0.9491424310216257,0.9401492537313433,0.9287107909350143,0.9075755320732252,0.8988898889888989,0.8771929824561403,0.8524490416793429,0.8273284496935267,0.799047472730066,0.7702197637912992,0.7462890033323235,0.7208630907156967,0.6937566459061218,0.6668164794007491,0.6456031816173221,0.6189051749925217,0.6027006751687922,0.5903542721047931,0.5671574519230769,0.5705970149253732,0.5566858322276279,0.5441874712819728,0.537882211176382,0.5415232679934161,0.5470944846961407,0.5622613803230543,0.5695561513255883,0.583974649162517,0.6020132211538461,0.6161784792836545,0.633033033033033,0.66084531846199,0.6896398399288572,0.7052504160992585,0.7289985052316891,0.7506791427709025,0.7873343151693667,0.806672760511883,0.8306964364926808,0.8606394370506348,0.8795603724622195,0.8994853163790494,0.9230190948729514,0.9313304721030042,0.9409448818897638,0.955585067138852,0.9567551446465852,0.9594696398975441
0.9529056603773585,0.9545659696103506,0.9516366853435565,0.9461573861021629,0.9286589099816289,0.9193572385061747,0.9044538068010833,0.8797773096599458,0.8561096881120989,0.842056792018419,0.817102494740006,0.7912220051104765,0.7639685895499849,0.7301084990958409,0.6952091254752851,0.6878769601930036,0.6661645073817415,0.6406226386580021,0.6206526735100353,0.6001212672426861,0.5796426962918481,0.5858494817485354,0.5620339994035193,0.5598877566090681,0.5404876580373269,0.5538690476190476,0.5476847592762956,0.5431734317343173,0.5750452079566004,0.5876584188292094,0.5997310623038996,0.6073141486810552,0.6208991494532199,0.6579390598683204,0.6791803769069698,0.7015948725592488,0.7388591800356507,0.7496969696969698,0.7778930211883242,0.799232925210208,0.8219282238442822,0.8501268846096433,0.8739064856711916,0.8938447814451382,0.9109074519230769,0.9264794685990339,0.9435913030256956,0.9503012048192772,0.9527487505679236,0.9592664963174508,0.958109559613319,0.9532137518684604,0.9506915213469633,0.9399880275366657,0.9281883194278904,0.9121129326047359,0.8979990973371446,0.8775115344545319,0.8448014549863595,0.8372337233723373,0.8069284064665126,0.7753938484621156,0.7519539890871553,0.7295964125560538,0.6902654867256637,0.6775956284153005,0.653857791225416,0.6208389311837588,0.6119627291854524,0.5910652920962199,0.572855464159812,0.5717721328723884,0.5688059701492537,0.5739910313901345,0.5535768185934199,0.5481027786077084,0.5521189591078067,0.5585867620751341,0.5685863874345549,0.5902149740548555,0.6017322372284204,0.6217065868263473,0.6433323253704264,0.6594586420686527,0.6832835820895522,0.7091715976331361,0.7354760826920175,0.7636804608155222,0.7851277372262774,0.8169629406447725,0.8393592677345538,0.8622268163024217,0.8798199549887472,0.8980641258318209,0.9196117093887456,0.9277794426131256,0.945064761054042,0.9533701987744732,0.959347136164425,0.9582714582714583
0.95950624717748,0.9551359516616315,0.950105517033464,0.9506792675723568,0.9300104462020594,0.9229850746268656,0.9019963702359347,0.8928732861232485,0.8532000596747725,0.8384036144578313,0.8185834192313356,0.789417828987265,0.767592872244035,0.7340441285354657,0.7152767305082189,0.6976021314387212,0.6804522463552514,0.6467974256818878,0.6426346239430352,0.619090635350798,0.5901934322986955,0.5839239933645001,0.5812279670975323,0.5654290931223371,0.5493543120083123,0.5561688796061465,0.555956678700361,0.5680236861584012,0.5670595255855587,0.5819857941665407,0.6026292201971916,0.6156342182890856,0.6328795501627701,0.6571215510812827,0.6898355754857997,0.6994833948339484,0.7347524154589372,0.7554086538461539,0.7718546958062611,0.8146283683742968,0.8258418406216669,0.8504854368932039,0.8790738829081256,0.8939619274241523,0.9086196682464455,0.9329567414895198,0.9378863259460274,0.9476567255021302,0.9522805961162125,0.9579669101207333,0.955011135857461,0.9559236799290046,0.9489841986455982,0.9445253348864299,0.9323854182423233,0.9126572908956329,0.8996893031513538,0.878125,0.8499548056643568,0.8259771139842473,0.8037300177619894,0.7886034839090641,0.7465866466616654,0.7274341521160107,0.7084730265163061,0.6821788220933781,0.655705996131528,0.620274137671336,0.6169608136404428,0.6064304852634713,0.57993069157752,0.573076923076923,0.5827327327327327,0.5505163897620117,0.5517922235722965,0.5574187752657583,0.5535875112578805,0.5684819706187861,0.5774183887391434,0.5897548803757522,0.625242718446602,0.6277405602923264,0.6415552855407047,0.6748411877677648,0.7015329125338142,0.7069553611152306,0.7367389993972272,0.7742320310169997,0.7944794479447945,0.8158409878030417,0.8473418473418474,0.8681777512675216,0.8930940892641737,0.9069419509275882,0.9160073037127207,0.9340542187024063,0.9408528198074277,0.9497366440933033,0.9568106312292359,0.9577208667979997
0.9587953251423434,0.9558069381598794,0.9513940659012972,0.9460747802770744,0.9355896824213509,0.9174023642076912,0.9101689890305367,0.8935247495139823,0.8651079136690647,0.8392937303606165,0.8219033232628399,0.7981706402759035,0.7703891456687043,0.740568862275449,0.7177190625466487,0.7026546047753226,0.6702630801064144,0.6573067632850241,0.6418045112781955,0.6224719101123596,0.6074294205052005,0.5823166139478837,0.5827743902439024,0.5693309112927641,0.568736810370817,0.5785429289197577,0.5789155716659115,0.5731652408824853,0.581798812966063,0.6037285607755406,0.6090510065082488,0.6281330700288622,0.6442801086628434,0.6697456087219866,0.6887514723203769,0.6960697399527187,0.7383729737918497,0.7555049354593774,0.776463542446474,0.8064811984102721,0.8369614172046239,0.8568249258160238,0.8749069247952346,0.8951697323164348,0.9154950869236583,0.9276696866181494,0.9416666666666667,0.9466159695817491,0.9482551143200962,0.955404607206143,0.9585093542546771,0.9564951915738056,0.9483756119270138,0.9408328340323547,0.932398149529921,0.9155374887082204,0.8933273488928786,0.8800660462323626,0.8588072972558639,0.8394578313253012,0.8148652739933394,0.7787373436569387,0.7557916482219271,0.7441087613293051,0.7055446442060734,0.6917643522693117,0.6654186011681893,0.6488721804511278,0.6205593348450491,0.6123140374134629,0.5944923589045241,0.5810402177199879,0.5757213335326655,0.5815004519433564,0.562858869749169,0.566026499925562,0.5775457709184445,0.5828136882129278,0.5929376408715251,0.6059309530835054,0.6191185229303157,0.6375757575757576,0.6596581455150506,0.6747505755947812,0.7079154451473538,0.7178180728308108,0.738819320214669,0.7762570663493008,0.7996706093726605,0.8192771084337349,0.8426494829911584,0.8615110583345703,0.8903634444276881,0.9094379963347587,0.9256014256014256,0.9345978755690441,0.9383266458611978,0.9514268366727383,0.961751083221276,0.9566003616636528
0.959493670886076,0.9588121175943889,0.952232606438214,0.947632058287796,0.9390098419325976,0.9277693474962063,0.9023619678050249,0.8864253393665158,0.8758992805755396,0.8470026841634357,0.8278095811991564,0.7973747736873869,0.7809991079393399,0.7689873417721519,0.7209961228750372,0.7051980562509204,0.690551776266062,0.6684725357411587,0.6419996960948184,0.6255039569956697,0.61556850440759,0.5974144486692016,0.5953670276774969,0.5807343677984329,0.5819150510581619,0.5784560675655652,0.5918979744936234,0.587256371814093,0.5873959571938169,0.6119177253478524,0.6229582577132486,0.6312840702604482,0.6461377870563675,0.6730367273813078,0.702382714222288,0.7246722288438617,0.7419931476240131,0.7689004753872105,0.80060286360211,0.8074534161490683,0.8365196447388228,0.8567990373044525,0.8766751995181449,0.8892381380032929,0.9181330152102595,0.9283883612241821,0.9365222623345367,0.9543924089378635,0.957936979785969,0.9590238023501054,0.9582582582582583,0.9503707066121955,0.9523314523314523,0.9369422962522308,0.9276079136690647,0.9119086460032626,0.8924290699438628,0.8786443688027231,0.8608085931672386,0.8341204250295159,0.8163534938344099,0.7902886349969934,0.7734481196193929,0.7404901518568636,0.7126068376068376,0.6895491803278688,0.6681150734192388,0.6531679617453676,0.6339029184938757,0.6248687565621719,0.6026005081452698,0.6089686098654709,0.6004241139048773,0.5895295902883156,0.5806886227544911,0.5726573110004527,0.5817042232502612,0.5879210565365781,0.6000894988066826,0.6168899593557128,0.6205376817981489,0.6431671905403382,0.6692343244492374,0.685080405002978,0.7136438520293545,0.7269260106788711,0.7539412673879443,0.76972408650261,0.8030437352245863,0.8260271880250496,0.8482021964796148,0.8726295356129611,0.8905825535768186,0.910590015128593,0.9234800838574424,0.9345667870036101,0.9444361015167443,0.9472222222222222,0.9568345323741008,0.9577380952380953
0.955632949727438,0.9507927011666168,0.9512635379061372,0.9464443788728238,0.9317154054868857,0.9233972928752046,0.9129730525695774,0.8874943971313313,0.8691194209891435,0.850053118834421,0.8203231164125019,0.807175572519084,0.784903947965512,0.7578468536770281,0.7327886215766379,0.720680393912265,0.6926530001496334,0.6801841948900772,0.6599760335530258,0.638977152367983,0.6288502592253736,0.6120127407856818,0.5983518998931787,0.5946627131208303,0.5971136500300661,0.5905321875471129,0.5974374255065554,0.5880844645550528,0.6082783443311338,0.6277460126391815,0.6420029895366218,0.6397014015843998,0.6699086354258768,0.6876221988268912,0.7050544794188862,0.7309545317675399,0.7492599171107164,0.7687764990914597,0.7942386831275721,0.8139395752318277,0.8445162237556894,0.8554378636431449,0.8860852884757268,0.8972561884879212,0.9190119760479042,0.9266362252663622,0.9399570024570024,0.9494768310911809,0.9522081064730793,0.9633122145277737,0.9604241338112306,0.9577610397282529,0.9518803671898134,0.9389984825493172,0.9290113951339698,0.9184040797960102,0.8992213237496256,0.8806262230919765,0.8599697885196375,0.839513497478493,0.8202469888702546,0.7943176666162913,0.7702069799063302,0.7479613409845968,0.7342584303193077,0.6975527166384485,0.676989183582753,0.6578709288299156,0.6439970171513796,0.6335946924004825,0.6208468097618347,0.6005365926367566,0.6033595641646489,0.5962477120195241,0.5844413877426257,0.5952416137136102,0.584,0.6056985294117647,0.6159159159159159,0.6246037735849057,0.6502815401004414,0.6539629517157607,0.6777862016679302,0.7084468664850136,0.7181157225083308,0.7369614512471655,0.7595628415300546,0.788759981919542,0.8077969174977334,0.8260869565217391,0.8433644297321697,0.8697916666666666,0.8881831610044313,0.9041116674252769,0.9199108469539375,0.9376513317191283,0.9466847908170971,0.9521752085816448,0.954318559975798,0.9551243177683445
0.9608284556506078,0.9568432171419948,0.9513569627762124,0.9453592814371258,0.9283240475831953,0.922331566994701,0.9101522092507758,0.8988882211538461,0.8799387442572741,0.8569682151589242,0.8325272067714631,0.81048086943576,0.7907186982070212,0.7701619004387956,0.7425273749630068,0.7317557251908396,0.6949455792455643,0.6901217861975643,0.6638579596749925,0.6493584004774694,0.6278053923783702,0.6302976976096202,0.6112932061978545,0.6142686209991026,0.6129568106312292,0.6016174928860266,0.6000298373862449,0.6022933011466506,0.6157043194300134,0.632858837485172,0.6567815745897938,0.6619374523264684,0.6702317290552585,0.6909536200826573,0.6989120846809762,0.7341659232827832,0.7573297248534056,0.7747679196469335,0.7954005934718101,0.8202230259192285,0.8328340323547034,0.8648689592485987,0.8809884778653729,0.898078655058541,0.9112854556427278,0.9338867924528302,0.9469764670837056,0.946417820590006,0.9588410104011887,0.9585123722032893,0.954531676265535,0.954136690647482,0.9501566930308909,0.9397826743133112,0.9298981426003595,0.9216876612536045,0.9041221374045801,0.8807847835854425,0.8645424343098762,0.8444243247321563,0.8141952983725136,0.7976368531259348,0.7795918367346939,0.7497369607695776,0.7368108188438104,0.7070707070707071,0.6935672514619883,0.6754332623897842,0.663280776228017,0.6495713641149045,0.6312546957175056,0.6284975669099757,0.6113287134679121,0.6087283671933785,0.6016758940595541,0.6076504384638646,0.6021005251312829,0.6134858518964479,0.6217786384626843,0.6304542737597131,0.6466367713004484,0.6583062850398348,0.679970215934475,0.7040108564535585,0.7220630372492837,0.7439722724532851,0.7653414001728609,0.7861454874735889,0.8041660331458111,0.8344694724362774,0.8556685384732129,0.8741103202846975,0.8940127003326278,0.9065364387678437,0.9240983853930889,0.9337587359465208,0.9446751705725304,0.9517641804376954,0.9582776540460282,0.9598473282442748
0.9591836734693877,0.9504920966298837,0.954962962962963,0.9456959570341638,0.934984984984985,0.9227690483249333,0.9147041062801933,0.8937800480769231,0.8752084912812736,0.8593703593703593,0.8396141091347603,0.8193480229399336,0.7844801906464105,0.7772932330827068,0.7504493708807669,0.7310012062726177,0.7074943224829674,0.7022148058252428,0.6807434944237918,0.6532819676989183,0.6456505576208178,0.6374617737003058,0.6249252839210998,0.6103130198094662,0.6142900393581593,0.6111848900693522,0.6242929443286692,0.6175599644655019,0.6387929740279238,0.6412589498806682,0.650727027432169,0.660486502521507,0.6852105183158534,0.6994306263110578,0.724823122083396,0.7370786516853932,0.7574845795095532,0.7894579662535464,0.8117594786729858,0.8252441550754661,0.8485846937247267,0.8664276109367997,0.8884540117416829,0.9045278522490319,0.9124907612712491,0.9334546005760194,0.9453405017921147,0.9482810615199035,0.9559281792550823,0.962609748713291,0.9565548780487805,0.9546468401486989,0.9526548672566372,0.9451408346851496,0.9278335080101812,0.9137308039747064,0.9081356949864905,0.8894760017613386,0.8710480093676815,0.8543006731488407,0.8244656662119145,0.8068802598553079,0.7852568875651527,0.7569254185692542,0.7404833836858006,0.7152069586082783,0.7022889192056996,0.6877895680765207,0.6673677884615384,0.6535094455536784,0.6349843819723338,0.6378338278931751,0.6194987775061125,0.6214003800613945,0.618362662586075,0.6178324827379166,0.6181927892593151,0.6206636500754148,0.6452881561034639,0.6522767593140154,0.6539792387543253,0.6788990825688074,0.6955864570737605,0.7154545454545455,0.730849478390462,0.7535906642728905,0.7685400216751819,0.8006796690307328,0.8094183643342191,0.8415094339622642,0.8574836016696482,0.8779363663395777,0.8955633480713523,0.9177791262135923,0.9267643142476698,0.9358128374325135,0.9444113263785395,0.9502754205746613,0.9576571259958689,0.960955710955711
0.9614567526555386,0.9576207053125473,0.9526173285198556,0.9414750671842341,0.9337548931044866,0.9289859499083689,0.9084957595595894,0.900423419477296,0.8802404207362885,0.8602197802197802,0.8417005879692447,0.8242551910923864,0.8,0.7673579801623084,0.7585421412300684,0.7318697956093868,0.7185218298316197,0.6976183298160988,0.6822486096497821,0.672361657091019,0.6513651365136514,0.647817609119544,0.6337755254136235,0.6344167679222357,0.6157218442932728,0.6246843903163523,0.6401135854132417,0.6433227224495983,0.6505592841163311,0.6526522001205546,0.6560422960725075,0.6679502369668247,0.697364435019691,0.7050914035352772,0.7329460828120345,0.7537878787878788,0.7724875696850987,0.7913332326740148,0.8135668040023544,0.8290687295447784,0.850281197750418,0.864123058362238,0.8874321880650995,0.9029155395250977,0.9197828709288299,0.9308567096285064,0.9479464420039115,0.9500456899177582,0.9535055350553505,0.9619090635350798,0.9594207271081611,0.9536183713551896,0.9473364698740325,0.9436281859070464,0.9312388855957321,0.914466737064414,0.9054711694440348,0.8837558122093895,0.8702928870292888,0.8460155781905333,0.8339680121858339,0.8165393654524089,0.7906185261911808,0.7725604160293668,0.7507137490608565,0.7238975602363995,0.7084842995169082,0.6991698113207547,0.6775665399239543,0.6623567440493682,0.647172619047619,0.6352628470171293,0.632604492042243,0.642541520646046,0.6362004487658938,0.6309859154929578,0.6330536409949056,0.6326590875535213,0.6383043149129447,0.6510780443364713,0.6772707001635201,0.6903941255806983,0.7008269344359126,0.7276386404293381,0.7449969678593087,0.7632519356759976,0.7879454465464144,0.8035045679197245,0.8117927337701013,0.8428123600537394,0.8641320811875189,0.8792602781598655,0.8995101677304438,0.9087349397590362,0.9270007479431563,0.934265944645006,0.947472896625439,0.9569055813257519,0.9578148710166919,0.9557414448669201
0.9590004489001945,0.9597974985110185,0.952226481863757,0.9441725298256347,0.9348378418771484,0.9290255803637439,0.9119844590555888,0.9029828706438275,0.8878209941432648,0.8569484349009526,0.847303634232122,0.8242715530189246,0.8085457271364318,0.7844708057310121,0.774889800881593,0.7508603920395032,0.7353159851301115,0.7112339408425455,0.6957367240089753,0.6797727612498131,0.6698257413634974,0.6653237839450911,0.6542449286250939,0.6399148806809546,0.64058973973221,0.6343768458357945,0.6405999708752003,0.6501809408926418,0.6625483774933015,0.6677801396902521,0.676126878130217,0.6820201421800948,0.704548866536556,0.7192395437262358,0.7348190248279988,0.7669116544172792,0.7670581239779991,0.7965921192758253,0.8178989479922951,0.840258958145137,0.8605381165919282,0.8679838347552762,0.8846794968934687,0.908749248346362,0.92148213498015,0.9296213808463252,0.9400737553779963,0.954531990521327,0.9585585585585585,0.9547300345916679,0.9608904933814681,0.9587211047733414,0.9486600421559771,0.9381898454746137,0.9365292712066906,0.9214013709063213,0.9051851851851852,0.8857988165680474,0.871825876662636,0.8615177771138333,0.8291761148904006,0.816601149077714,0.7932193036041539,0.7685074626865671,0.7623970037453184,0.7391568092205035,0.7132252688986517,0.7005879692446857,0.696215890245741,0.6751563896336015,0.6678722121760097,0.6578122668258469,0.638676844783715,0.6326654523375835,0.6399466587642614,0.6330669034931913,0.6481062320808813,0.6483991064780342,0.6609161213563355,0.6757705218187366,0.6906431875839427,0.6946644746674637,0.7075314441582058,0.7400029953571964,0.7460059171597633,0.7701029389825451,0.7883472057074911,0.8166717003926306,0.8293614421020471,0.8464280409921283,0.8633633633633634,0.8849452824608104,0.900790033424491,0.9162094023431707,0.9297413133323129,0.9417358490566038,0.946802061230676,0.9555522298712961,0.9575109236100647,0.9567486950037286
0.962165395543592,0.9642750818696041,0.9557535487768046,0.9460960960960961,0.9362436243624362,0.9321152703505645,0.9163340724316335,0.8947288006111536,0.8854973198332341,0.8665377176015474,0.8561893203883495,0.8381052315994604,0.8214447978191731,0.7937360178970917,0.7736134199788424,0.7601713062098501,0.7419934151451661,0.7208672086720868,0.6988221261368719,0.6971082915314252,0.6783330861634287,0.6762988471328043,0.6617427633542227,0.6469328438121462,0.6554411764705882,0.6587169811320754,0.6567481402763018,0.6539659006671609,0.6685975609756097,0.6623977781206604,0.6858254752282592,0.702307344291962,0.7157657657657658,0.7423036491965761,0.7485748574857486,0.762823388664573,0.7862269048709727,0.8117451690821256,0.8191100274306614,0.8417341734173417,0.864868913857678,0.8778614457831325,0.8909881541460489,0.9089153046062407,0.9235338918507235,0.9357045143638851,0.9397608370702542,0.9535820895522388,0.953787299158378,0.9597408607126331,0.9559224477431082,0.954866857228825,0.9474242424242424,0.9417725347852389,0.9334330590875094,0.9214745991308257,0.911025716819391,0.8928145497912939,0.8748493975903614,0.8592291478470341,0.847245035090339,0.8244194756554307,0.8016320474777449,0.7885911064530619,0.7630366958847126,0.7464064154940233,0.7359144320578488,0.7190810085036551,0.6898099655843184,0.6845416417016177,0.6757525834955819,0.6635584298390735,0.6674283973187081,0.6536422838103892,0.6501515151515151,0.663899788711138,0.6613289434301107,0.66358703622232,0.6643794749403341,0.6780832206699715,0.6938319427890346,0.7065706570657065,0.7225092250922509,0.739045618247299,0.7505710370031978,0.7800120048019208,0.7900044490582827,0.8188525824424032,0.8291082612585744,0.8569258809234508,0.8690494068178405,0.882973841211565,0.9088600029881966,0.9129474149359258,0.9308819041806531,0.936320047947258,0.9502637528259231,0.9483427888922066,0.9573799910273665,0.9580902671169789
0.9571961222967934,0.9584084084084085,0.9531647463713901,0.9447604790419162,0.9405372773920918,0.9291193617674133,0.9231936854887675,0.9005936976708784,0.8849347568208779,0.8706986444212722,0.860145146658603,0.8461190655614167,0.8163512490537471,0.7979618963225521,0.7758995037220844,0.76047002109069,0.7531550480769231,0.7293188254583396,0.732625915408758,0.6963989754407112,0.6966341895482728,0.6757907542579076,0.677774471883368,0.6631547707374982,0.6729351587182187,0.6711157768446311,0.6808446907293695,0.6776748356246264,0.6784173731964896,0.6841948458215403,0.6891871737509322,0.7091071163274402,0.7260191846522782,0.7469332121762835,0.7580427951518779,0.7730179979175963,0.790626902008521,0.8136665124170909,0.8360729228930066,0.8522640646440006,0.8693607641440118,0.8745332337565347,0.8924231057764441,0.909145248057382,0.9247058823529412,0.935002262102247,0.9439759036144578,0.9489355366979306,0.9562284515065208,0.9573389021479713,0.9571833507384753,0.9569571065610522,0.9501068050045773,0.944544906570223,0.9353071798667654,0.9209861874350216,0.9131159969673995,0.8918032786885246,0.8850370370370371,0.8705025049339609,0.8486704511502838,0.8303850156087409,0.8196696920101175,0.7974436090225564,0.7710231516056759,0.7552635508436614,0.7346258709481975,0.72278271344677,0.7218502738892271,0.7032441321572731,0.6860377358490566,0.6820705176294074,0.6678190290094694,0.6686116098144823,0.6690265486725664,0.6739839810145357,0.668867216804201,0.6762892798075477,0.6914846188140883,0.6922171546270414,0.7123715944618133,0.7153472854109797,0.7251976726838729,0.7515989885467798,0.7678997613365155,0.7905173699120323,0.8025305015815635,0.8148262073208243,0.835712116610993,0.8482077002507744,0.8708308065494239,0.8848042863521357,0.9062172284644194,0.9162539396668168,0.9204874333587205,0.9433705829054666,0.9452653799758746,0.9544986010896775,0.9618904726181545,0.963134328358209
0.9611317944899479,0.9572916666666667,0.9540778291337408,0.9498180715585203,0.9433402551171759,0.9300436287046788,0.9246315149673302,0.8961521319269053,0.886346642739644,0.8790141896938013,0.8621155288822205,0.838318875261741,0.8239542582004213,0.8065593683571212,0.7973191928119016,0.7726724917143718,0.7535971223021583,0.7436594202898551,0.7354513064133017,0.715013485166317,0.6935531788472965,0.6990027198549411,0.6804573491800813,0.679678188319428,0.6838169309003889,0.6902708427901346,0.6786678667866787,0.6943052391799545,0.7038348991221315,0.7000749063670412,0.7075471698113207,0.7263578511173597,0.7284099472494349,0.7639056831922612,0.7639402455258097,0.7689591648756524,0.8064516129032258,0.8099881796690307,0.8338936430317848,0.8591127098321343,0.8708948478457367,0.8836279784780938,0.9016790198154591,0.9191903819814335,0.925577156743621,0.9359951234379762,0.9505331753554502,0.9485680011995802,0.9559150957399436,0.9594533029612756,0.953120289418149,0.9527667380006114,0.9506524673766311,0.9467094212856925,0.935513032996836,0.9262956981353693,0.9122289423218763,0.9072966507177034,0.8848365617433414,0.8711711711711712,0.8506678673270298,0.8399458972046889,0.8233419335255729,0.8028358208955224,0.7889728096676737,0.7672216282266687,0.7485038898862957,0.7341925701288855,0.7254062038404727,0.7148137196924896,0.703090344521662,0.7005283018867925,0.6754158400732488,0.6809022556390978,0.6837685142769888,0.6759006963366636,0.6884923635263874,0.6796433878157504,0.7009767092411721,0.7067466266866567,0.7269444862343915,0.7317507418397626,0.7500738116327134,0.7532760957975598,0.7778276481149012,0.7894971734602797,0.8066130744729259,0.8259103219981944,0.8383838383838383,0.857121235053731,0.8671679197994987,0.8966806220095693,0.908249924173491,0.9223529411764706,0.9310397090027281,0.9417228464419476,0.9479072568503463,0.9575640262060751,0.954840613931523,0.9630892380670026
0.9578033817147987,0.955069642054815,0.9530551415797317,0.9486989946777055,0.9464658514762899,0.929332927200731,0.9224331191152294,0.9120846371628669,0.9014358360753814,0.88175315781464,0.862813160277694,0.8425744070101224,0.8363794604003482,0.8196576151121606,0.7976294995610185,0.7882245549977179,0.7643823398245875,0.7508766580271383,0.7354226307066446,0.7304387849033446,0.7083146738319153,0.7048418527956828,0.7111990261716372,0.699092666964153,0.6944856211088052,0.7057074910820452,0.6959892649470703,0.6944607268464243,0.7098437736993781,0.7236061684460261,0.726935627410264,0.7412721893491124,0.7412597728278507,0.758405236536745,0.770393653644664,0.7960236758233419,0.8099908060067422,0.8242019302152932,0.8438000874253242,0.8577921125934613,0.8727872787278728,0.8876997286704854,0.9045233758348512,0.9188021454112039,0.9312977099236641,0.9386383995222455,0.948744769874477,0.9519902765116985,0.9518976169461606,0.9571001494768311,0.954388077675749,0.9568991319964083,0.9508618082854551,0.9463862559241706,0.933422103861518,0.9315414315414315,0.9213399132645431,0.9117602770667068,0.8926417370325693,0.8733402953901238,0.8523917995444191,0.833701250919794,0.8266666666666667,0.8057618057618058,0.7975068409851018,0.7764880952380953,0.7681181256591834,0.7530936947554508,0.7326073805202662,0.7209788122948374,0.7194440247771566,0.7038703870387039,0.7001196530062818,0.6968829995482608,0.6990671080349082,0.7075457199938527,0.6963961235614778,0.6993091018323822,0.7084019769357496,0.7222963951935915,0.7281213535589265,0.7433574879227053,0.7705469435507458,0.7705909022215506,0.7909781152300134,0.7944976440188478,0.8095021939779089,0.8319684561722779,0.8465496368038741,0.868258975514496,0.8907240819938063,0.8930817610062893,0.9088868940754039,0.9196848007273829,0.935231209519506,0.937833827893175,0.9516249812790175,0.9527827116637063,0.9539060161628256,0.962358276643991
0.9532270311313592,0.9639680385949043,0.9543885971492874,0.9481638204624452,0.9418429003021148,0.9337322363500374,0.9221591735777681,0.9118638871857756,0.8993993993993994,0.8767123287671232,0.8703230653643876,0.8571644956073917,0.842503336793712,0.8209633444410784,0.8066775972574154,0.7891459074733096,0.7849191034585127,0.7629518072289156,0.7543491301739652,0.7414844563438941,0.7291209594851543,0.7258064516129032,0.7205750224618149,0.7168340578623894,0.7205613178767541,0.7148859543817527,0.7137011215519854,0.7119185162663424,0.723972397239724,0.7394102679239635,0.7385794282346007,0.7465288035450517,0.7479091995221028,0.7678945792153339,0.7924921793534933,0.8056321672231093,0.8128166915052161,0.8377893950709485,0.8464773922187171,0.860770839557813,0.8791388270230142,0.8829085457271364,0.9112781954887218,0.9200415368639667,0.9302152932442465,0.9390152085529287,0.9436878347360367,0.9515814720431719,0.9580802844023107,0.9575168287210172,0.956548254307059,0.9564824574612257,0.9549174230025294,0.9420617005267118,0.9424824914319774,0.9318664643399089,0.9226758045292014,0.9086271567891973,0.8934079225884487,0.884741713944461,0.860587002096436,0.8470115967885816,0.8341745843230404,0.8199850857568979,0.7931605905393191,0.7941355211182012,0.7692887281494877,0.7553628480146052,0.736499482171919,0.7436675261641135,0.7337340345604808,0.7126606588860984,0.7198082109679352,0.7197785757031717,0.7151624008381978,0.7117422012948793,0.7265707797123392,0.7152944711538461,0.718429003021148,0.7381856860659475,0.7427672013191425,0.7460931686262837,0.7656462072085658,0.7769333929369692,0.7960339943342776,0.802637562528422,0.8209941432647545,0.8434861278648975,0.860710569347406,0.8719576719576719,0.8854593329432416,0.9100800967205682,0.9065645185519002,0.9212359890942139,0.9335053894033702,0.9469369503651811,0.949223602484472,0.9568888888888889,0.9574214679172249,0.9570294954334482
0.9618932405867231,0.95659982041305,0.9559112184810509,0.9513615843891073,0.9351351351351351,0.9339948879867689,0.9243659420289855,0.9154763657782359,0.9041053921568627,0.8882229547497752,0.877954511669392,0.8626834381551363,0.8447076239822354,0.835141965214806,0.8103243082415947,0.7985828433589628,0.7852687852687853,0.7752510336680449,0.7682816731868793,0.753459306650796,0.7415222305953278,0.7392651615759186,0.7388059701492538,0.7296976882039122,0.7269015575381824,0.7319742167591066,0.7322150666466977,0.7252680863917838,0.7367496339677891,0.7428528438158291,0.7639928165219994,0.7577460510328068,0.7683165337746352,0.7858669108669109,0.8007149240393209,0.8061739388542595,0.8246782068353307,0.8435828877005348,0.8522493384298736,0.8718490566037735,0.8818452380952381,0.8965309200603319,0.9069381598793363,0.917411729049856,0.9310242307120559,0.9350610664283586,0.9443444344434443,0.9507389162561576,0.955994611585092,0.9577976100438663,0.9584877687175686,0.9566391597899475,0.9525829419784881,0.9458505002942907,0.9427326018337592,0.9350196910027264,0.9209401709401709,0.9080167514208795,0.900470449867686,0.8807075899606894,0.8659684274438373,0.8573154159746339,0.8399103139013453,0.8312444046553268,0.8139151297046033,0.7839700374531835,0.7906836055656382,0.7692426345827549,0.7622450498734554,0.7570758286665658,0.7454162909528104,0.7356697356697357,0.7369678864824496,0.7210007581501138,0.7294873710955014,0.7303980699638118,0.7362853256762883,0.7385798281320669,0.7270686817297621,0.7442420593105524,0.7596992481203008,0.7603728202044497,0.7646441947565543,0.7882602760503564,0.8038541977890649,0.8162031438935913,0.825697503671072,0.8499623777276147,0.867453472537449,0.8727544910179641,0.8943894389438944,0.9007990351273933,0.9161319206088644,0.9260682446972026,0.935231209519506,0.9467169811320755,0.9511635027556644,0.9565670087758441,0.9573712255772646,0.9575371549893843
0.9591806660772177,0.9543760250484569,0.9544975139370198,0.9475989127151918,0.9463519313304721,0.9346239761727476,0.9273408239700375,0.9156175059952039,0.9048263419034731,0.8876098152075129,0.8786486886946214,0.8735165990686495,0.8529584065612185,0.8415576694411415,0.8177384943614752,0.8209613629449346,0.8033682294037323,0.7883984491500149,0.7834895675839129,0.775642965204236,0.7642114914425427,0.7541057031949836,0.7505263157894737,0.7403802964515646,0.7548975624345745,0.7404988123515439,0.7504509921828022,0.7334955886826894,0.7474732461355529,0.7518808305747818,0.761205216609204,0.7743728406188974,0.7850030175015088,0.7937942461214038,0.8121203141206105,0.8134502923976609,0.8311668907814134,0.8480825958702065,0.8573782771535581,0.8764010905786126,0.8869029738660258,0.9001043685701506,0.9129654553611485,0.9248798076923077,0.935207456404089,0.9424375917767989,0.9463911350703803,0.9551630434782609,0.9565663976522377,0.9565745520801701,0.959236247916351,0.9519086263901413,0.9518635883506866,0.9474311243484735,0.9383697813121272,0.9386848341232228,0.9262748616719007,0.9148076059290313,0.9035113602832694,0.8883686905632773,0.8731468745223904,0.8617923100211928,0.8418924988770774,0.8348339483394834,0.8219646307029276,0.8130337078651685,0.7915394013439218,0.7853531484602421,0.7819912373470312,0.7627450980392156,0.7579171741778319,0.7512751275127513,0.7482840943002089,0.7430711610486891,0.7301204819277108,0.7498515439429929,0.7595312268209464,0.7411781860600758,0.752626838787151,0.7526512322628828,0.7664537215866885,0.7807214488848975,0.7944360902255639,0.7998786223638295,0.8087537091988131,0.8302848575712144,0.8385315624533651,0.8637110016420362,0.8611069670296883,0.8874271191508447,0.894594187622346,0.9123711340206185,0.919250936329588,0.9217902350813744,0.9393295919915061,0.9410441044104411,0.9539142377537005,0.953862660944206,0.9572061745376739,0.962196755469564
0.9581979320531758,0.9598887424974382,0.9537345025703055,0.9479531273778725,0.9457295373665481,0.9367050725721981,0.9296489917849141,0.9219600725952813,0.9046536304380779,0.8974704385571022,0.8852361028093245,0.8774183796856106,0.85679685134726,0.8539719626168224,0.831946755407654,0.824514599081073,0.7973053892215569,0.8016430171769977,0.7930218805440568,0.7897224763647454,0.7756756756756756,0.7650297619047619,0.755338904363974,0.7645301060809802,0.7570671378091873,0.7608862901984921,0.7524592570841286,0.7647058823529411,0.7576205978100029,0.7752608047690015,0.7736699729486023,0.7842041679250982,0.8006634499396864,0.8041622997454709,0.8181137724550899,0.8312874251497006,0.8377120552469599,0.861522198731501,0.8668598444410553,0.8824318283415288,0.9021739130434783,0.9001343484102104,0.9214975845410628,0.9308823529411765,0.9382991376746952,0.9340978593272171,0.9482678983833718,0.9514298683613255,0.9571170628949744,0.9595959595959596,0.9608370702541106,0.9570937359844521,0.9477510222626079,0.9452159316343659,0.943655589123867,0.9314759036144579,0.9295584259537398,0.9139833035181872,0.9017176997759522,0.8872793119058398,0.8797250859106529,0.8601591187270502,0.8599285501637393,0.8407291199760945,0.8250225292880745,0.818891725484307,0.8028127313101406,0.7980900409276944,0.785028502850285,0.7772020725388601,0.7685803293279929,0.758905756801443,0.7584606169511829,0.7557701010710515,0.7609250638233969,0.7525177725118484,0.757439134355275,0.7567527010804321,0.7646793812884818,0.7711598746081505,0.7792813110810405,0.7941667932553547,0.7960251046025104,0.8084430322287789,0.8155485517034369,0.833105957253297,0.8470552884615384,0.8591781643671266,0.8777561121943903,0.8828692493946732,0.8965727341964965,0.9129514885899954,0.9205824951208528,0.9286041889619324,0.9431286770251923,0.9449391510834075,0.9514824797843666,0.9529920907327265,0.9570200573065902,0.9593544530783025
0.9574944071588367,0.9571513884741714,0.9575413856529736,0.9491044776119403,0.9498197115384616,0.9434639545318576,0.9360060514372164,0.9169658886894075,0.9138211382113821,0.9001828710758915,0.893068720379147,0.8685064935064936,0.8739647643427195,0.8590188679245283,0.8407871198568873,0.8302437600350314,0.8276650907427177,0.8045719408337069,0.8010128090557045,0.7832693783576362,0.7873873873873873,0.771876426723482,0.7694029850746269,0.76500073713696,0.7705111209309177,0.7607462686567165,0.7723255105150869,0.7776944985759257,0.7674383868558626,0.7864848666466886,0.7866666666666666,0.8007955936352509,0.7981277366752227,0.8093726379440666,0.8359304764758765,0.8391839183918391,0.85119855269109,0.851879586640707,0.8814088274632189,0.8825189365810189,0.8929690998656515,0.9071936056838366,0.9136766251313616,0.9244244968872158,0.9379187137114784,0.9407518796992481,0.949084412684234,0.9534246575342465,0.9546832373446499,0.9573730983581865,0.96,0.9602161837561928,0.9561978545887961,0.9476034534087526,0.9407748255900252,0.9345994792464389,0.9285714285714286,0.9197568389057751,0.9103458737864077,0.9025,0.8866596795927534,0.8752062396880156,0.8591591591591592,0.8597347156578746,0.8441036331149494,0.8224425416854438,0.8113483474700205,0.8090667454223273,0.7974118697010263,0.7861495021548521,0.7852399637790523,0.7729970326409495,0.7786110694465277,0.7772096420745069,0.779226686884003,0.7731775839124648,0.7611144042679312,0.7741789695691473,0.7733748886910062,0.788880652335063,0.7911157331748626,0.7980251346499102,0.804914819840193,0.8269632726186922,0.8287833827893175,0.8447863758589782,0.8527819548872181,0.8674698795180723,0.8775145283862316,0.8910996354799514,0.9040971168437025,0.915352573638798,0.9222625529340592,0.9308383233532934,0.9410545023696683,0.9460030165912519,0.9519245169986521,0.951421266355843,0.9634839868302904,0.9584805653710248
0.9597445038621509,0.9570515678406896,0.9543413173652695,0.9516639060382472,0.9474071891573365,0.9394167167769092,0.936699206833435,0.9241483724451174,0.9193984962406015,0.9119676064787042,0.901119116970719,0.87728965003723,0.8747037914691943,0.8622302701071375,0.8461876189082395,0.8367956957106562,0.8269144981412639,0.8242652599849284,0.8152157570290182,0.801835690640987,0.8041377227423739,0.7971620612397311,0.7900045160319132,0.7843511450381679,0.7839097744360902,0.7873228933631619,0.789998489197764,0.7829960736937481,0.7868352887399055,0.7977035806012993,0.8043511334246158,0.8024655121808042,0.8121872240211951,0.8226197695573074,0.829101707498144,0.8462363942971025,0.8611893815808987,0.8695129284425737,0.8799149840595112,0.893154761904762,0.9030837004405287,0.915991599159916,0.9257040143798682,0.9261612952035103,0.9343646740762992,0.9463613078197981,0.9489431378386425,0.9539973202322466,0.9585894059116183,0.9609998494202681,0.9589876505564873,0.9585143028306126,0.9564321460111863,0.9479261277626401,0.9470727380248374,0.9362173335301934,0.9269570423589283,0.9231114435302917,0.9132275132275133,0.9053953071289792,0.8928519222335916,0.8776421554033939,0.8694344163658243,0.8602908109728676,0.849770290964778,0.8374830239927569,0.8183049826885443,0.8113319489765648,0.8136233197402205,0.7994091580502216,0.7947209653092006,0.779296875,0.781941309255079,0.7790857667023391,0.7827905587092919,0.7731231231231231,0.7836581709145427,0.7902350813743219,0.7896341463414634,0.7935204538668259,0.8043379341726073,0.8117981733792484,0.8217564259485924,0.840997312630636,0.8432497734823317,0.8557221542227662,0.8679245283018868,0.8743605176045742,0.8828545780969479,0.8948150349130887,0.9058397464916251,0.9219088937093276,0.9304282494365139,0.9281527130617766,0.9431801279190838,0.9468369468369469,0.9511935532917744,0.9578440228846733,0.9559757942511347,0.95948406676783
0.9573179960647797,0.9591805766312594,0.9551188031680845,0.9536413937490653,0.9501126972201352,0.942406015037594,0.9365103302669281,0.9227024634901903,0.9270708283313326,0.9111347409995443,0.8988256549232159,0.8941633079564114,0.8842752211062809,0.8678966789667897,0.8645092998639045,0.8511346444780635,0.8398985377499254,0.8333076804679083,0.8274149864580198,0.8094100074682599,0.8042102163992345,0.8089835965046758,0.8032152426317356,0.8012627781118461,0.7922857571664416,0.7970176506390748,0.8001507159005276,0.7978883861236803,0.803444629098051,0.8093455144525985,0.8145892140840886,0.8215262997871694,0.824924924924925,0.8323760580411125,0.8502586844050258,0.8560594569998483,0.8692605843768635,0.8853550295857988,0.8873941958887546,0.8929339477726574,0.906721536351166,0.9227067669172933,0.9222651605231866,0.9322614262319487,0.9410002994908655,0.9497240956468425,0.9457411336768717,0.9529394299287411,0.9580697366485214,0.9551922494701787,0.9593740595847126,0.9534883720930233,0.9478881798845336,0.9537759458265862,0.9479041916167664,0.9425940138142748,0.9338805970149253,0.9232610321615558,0.9204131227217497,0.902130898021309,0.8931821572430255,0.8815046089800773,0.8771109770808203,0.8635684399282726,0.8519245283018868,0.8427016549873266,0.835641454877492,0.8419942762464226,0.8264156537207233,0.8211761167092796,0.8102409638554217,0.8017422649444278,0.8055006837866585,0.7913561847988078,0.791218773656321,0.7910897049969897,0.7991017964071856,0.7983539094650206,0.8059160881376396,0.8106083308360803,0.8135974786132373,0.8256647744248581,0.8317560462670873,0.8471675249924265,0.8447604790419162,0.8637532133676092,0.8683338354926182,0.8846095983150294,0.8877749513691456,0.9000894721145243,0.9136918210573881,0.917895991655491,0.9347017700431355,0.9373227876436353,0.9417270531400966,0.9470747889022919,0.9475322365495776,0.9566636984268329,0.9588937585008311,0.9591011235955056
0.959836931903971,0.955086258179655,0.9564117822076763,0.9534324770917831,0.9450265755504935,0.9496520065156226,0.9330463182897862,0.9272265391512253,0.9255730872283418,0.9181735985533453,0.9027002564489365,0.9001045244139166,0.8823966696402022,0.8853406326034063,0.8661676646706586,0.866817496229261,0.8501118568232662,0.8514172508381591,0.8311532100436024,0.8282338685246895,0.8241095083897557,0.8245692883895132,0.8144592770361482,0.8132637853949329,0.8055132500761498,0.8090812128599726,0.8035794183445191,0.8135009729082473,0.8210905813429473,0.8212166172106825,0.8239722933293179,0.8248945147679325,0.8397599399849962,0.8373484732238761,0.8518240504428765,0.8657317618976578,0.8689614418673364,0.8823357236938387,0.8949286365016702,0.9051278262154574,0.9182380449539901,0.9165921954125708,0.9216439976345357,0.9328188833408988,0.935064935064935,0.9414045027583122,0.9533162109079921,0.951182988918838,0.9580740740740741,0.9582650171411536,0.9561390422199015,0.9527535359614806,0.9557268056814747,0.9495489986240636,0.9458884328925369,0.9409716966853338,0.9367260646330414,0.926580761162721,0.9195314876787344,0.9118218502465999,0.9063306512828299,0.8954159077109897,0.8812832643406269,0.870584698632196,0.8683494558645707,0.8555184960582171,0.8406881077038145,0.8436369119420989,0.8356529464021321,0.8206906729634003,0.8233613950691522,0.8144658866433673,0.8084946720696383,0.8188460952960877,0.8097560975609757,0.8090950709598657,0.8030986762936222,0.8096162460803344,0.8196892739766956,0.814902424600828,0.828609585991987,0.8390787294896884,0.8401380966676674,0.8527469228459922,0.8616199848599546,0.8654979598005138,0.8832602449720248,0.8917944093778178,0.8983972945155124,0.9023082650781832,0.9175627240143369,0.9263157894736842,0.9303555686159272,0.9337464954994835,0.9447489260850245,0.952603069515498,0.953169703357928,0.9544572196505898,0.9585322195704057,0.9575255290809531
0.9578869047619047,0.9563403367605424,0.9562939679688669,0.9508319592265028,0.9521422060164084,0.9482915028726943,0.9387024608501119,0.9347793789927202,0.9294736842105263,0.9250487183330834,0.909872517047139,0.9008562415502479,0.8946184979763154,0.8864694398558343,0.8775182481751825,0.8689255461435578,0.8578830495928942,0.8514776839565742,0.8499618029029794,0.8483938757129991,0.8302875973636908,0.8312869486130059,0.8323803791754438,0.8153194066000605,0.8153455739662636,0.8292465448060633,0.8270416604000601,0.8350871918220084,0.8307715491259795,0.8303997613365155,0.8365613825983313,0.8424325144070367,0.855640243902439,0.8595472147750968,0.8753420492550927,0.8777010142584154,0.8860571936583197,0.8913767019667171,0.9015724221348654,0.9086188992731049,0.9152236109019726,0.9196522260530655,0.9278968670364264,0.939787838039743,0.9414434861552429,0.9478851963746223,0.9529940119760479,0.95423855963991,0.9594798911400061,0.9558118633912522,0.9577568442743597,0.9569305429178041,0.9544844053126399,0.9475872308834447,0.946487790171842,0.943328335832084,0.9328664941391384,0.9229269755585545,0.923947487550928,0.9150496562261268,0.9064452232210879,0.898238747553816,0.8917331727149526,0.8755815698634248,0.8682228915662651,0.8612836438923396,0.8575676479333928,0.842518496149781,0.8458579881656805,0.8392197428698094,0.8284343131373725,0.8226102941176471,0.8263157894736842,0.8258713942307693,0.8245952769939106,0.8214447293017645,0.816086760054225,0.8293381576963667,0.8347451330063903,0.8342366757000903,0.8320564818987531,0.8470225872689938,0.8511627906976744,0.8617642653886476,0.8679159740063472,0.880319951705403,0.8883241142173718,0.9011917332931061,0.8993757431629013,0.9071095746279874,0.9167045282447372,0.9296087729697688,0.9319332737563301,0.9362591431556949,0.94302377747869,0.9479620995638441,0.9583778014941302,0.9574691914637812,0.9576082106202588,0.9551001958716288
0.9618230245634803,0.9591407540934355,0.9595944535559863,0.9535980526395862,0.9528888888888889,0.9474236069502696,0.9422034918723661,0.9347336834208552,0.9235880398671097,0.9210138520483349,0.9124109263657957,0.9057575757575758,0.8996534578875999,0.8917331727149526,0.8884113811499703,0.8728876925377599,0.8706445341707791,0.8597922848664689,0.8527235050325637,0.8540791841631674,0.8494318181818182,0.8408820023837902,0.8353604271729457,0.8417986256348969,0.8232330941840941,0.8422694192781821,0.8337572946281611,0.8373702422145328,0.846353768536921,0.8487718259840189,0.8499016492661522,0.8565317035905271,0.860780725831046,0.8725081820886641,0.8730631704410012,0.8874868559411146,0.8881213395404716,0.8959364222522117,0.9040252328026435,0.9129397734048896,0.9192129974660903,0.9243873281530185,0.9333433193529059,0.9427660543494762,0.9446751705725304,0.952543378318256,0.9532057125493771,0.952018278750952,0.9564956495649565,0.9571597983990513,0.9525520131716809,0.9562509494151603,0.9554966106690245,0.9549727107337781,0.9474472226381194,0.9464928057553957,0.9379589390079425,0.9386559802712701,0.9279731993299832,0.9247658529095655,0.9147115242732773,0.903495667762175,0.8997389835713189,0.887256371814093,0.8824754537340077,0.8765375854214122,0.8674806432400238,0.8612827302147691,0.8551900255370287,0.853225806451613,0.8440366972477065,0.8451612903225807,0.8301546778795615,0.839502427184466,0.8286452790025848,0.8357344422991237,0.848585690515807,0.8395245170876672,0.8361383108935129,0.8517854474824443,0.8495094339622642,0.8541028781383956,0.8670857656039515,0.8682941531042797,0.877208480565371,0.8837453183520599,0.89564961787184,0.8949586155003763,0.9055767761650114,0.9108223829912889,0.9271939004335477,0.9289509640200395,0.9328748691882195,0.9426798640862757,0.9497845788144407,0.9456993268511593,0.9497264527576519,0.957961972667855,0.958270335651648,0.957888404271319
0.9580118694362018,0.9580378250591016,0.9557401812688822,0.9532724056603774,0.9488755622188906,0.9476162448499117,0.9401091606431627,0.9332934489979061,0.9319798458802608,0.9270801815431164,0.923310093967869,0.9196281301544459,0.9021341463414634,0.9049561801148384,0.8912557723819455,0.8834141904184354,0.8721939539060162,0.8744387907812032,0.8548072596370182,0.8575515735581991,0.8594634873323398,0.8539088439480833,0.846980475253519,0.8539816348035526,0.8479462285287528,0.8471328043120228,0.8411585365853659,0.8489361702127659,0.8518015980702548,0.859398052522868,0.8557132188200149,0.8650685964118799,0.8788566243194192,0.8742026405577807,0.8872056397180141,0.885841934986905,0.8939854191980559,0.902442724927932,0.9075425790754258,0.9230293663060278,0.9243046055631555,0.9287732342007435,0.9306252852578731,0.9422548120989918,0.9508782375707056,0.9485911270983214,0.9533173221254878,0.9610330765745355,0.9555622278937097,0.9553383458646617,0.955944477972239,0.9562274368231047,0.9570054119061936,0.9546073536087154,0.9513919575784358,0.9473684210526315,0.9372190590350614,0.9391225140428116,0.9315253221456398,0.9214296263476591,0.914610438163601,0.9098948010367434,0.9026415094339623,0.8969321444763488,0.8894166542971649,0.8846269103985616,0.8719888820259419,0.8639867009218679,0.8541295306001189,0.8675045427013931,0.8611778846153846,0.858158173295025,0.8476989956528257,0.8577393379063525,0.8488268488268488,0.8544530783024507,0.8498946100572117,0.8501135503406511,0.8551904176904177,0.8616942087241328,0.8560264502554854,0.8692170818505338,0.8706325301204819,0.8794516465504396,0.8877902621722846,0.8903138201569101,0.8974809607498535,0.9092801903628792,0.9076263671297665,0.9177072363472243,0.9257688229056203,0.9326966803092315,0.9448327137546468,0.9453241708993129,0.94529280948851,0.9549962990377499,0.9609492340042055,0.9567279193835211,0.9623267028330319,0.9583145898935372
0.9575485799701047,0.9588366890380313,0.9540694195092759,0.9530751708428246,0.9528795811518325,0.9505327245053272,0.9433106575963719,0.9438033867825566,0.9387298747763864,0.9272321428571428,0.9221052631578948,0.9192086982784657,0.9115872057936029,0.9129061371841155,0.8939439140811456,0.8965255651646185,0.8905450165612767,0.8880048040834709,0.8784249139092678,0.8720825852782765,0.8709725096068578,0.8646706586826347,0.8677217079725291,0.8624031007751938,0.8628777627424448,0.8662353295215167,0.8616786711744818,0.8563861985472155,0.8669649515287099,0.8686131386861314,0.876010781671159,0.8728863838623554,0.8817041849221937,0.8849713530189511,0.8937289869902061,0.8907231555880204,0.9004043732215067,0.9064009661835749,0.9173252279635259,0.9253162627648225,0.9270360278534665,0.9310604917785488,0.9376321353065539,0.9438403098465664,0.9524382901866345,0.9518652226233454,0.953850809502194,0.9589164785553047,0.9553937187073281,0.9568794758494591,0.9567632487614472,0.9566330371931938,0.9564954682779456,0.9541826780963641,0.9540536534756188,0.9417040358744395,0.9451311425987338,0.9375549692172384,0.9310498883097543,0.9242653741290519,0.9148842012096179,0.9129349352473085,0.9107196177963571,0.9070080862533693,0.8955245998814464,0.8813688212927757,0.8821223997588182,0.8856165402350141,0.8734139423794596,0.8718484260778756,0.8713398402839396,0.8664776965537819,0.8578822833481219,0.8578876806196931,0.8612147440680495,0.8711926049401425,0.8613116726835138,0.8570994684889901,0.866908103214124,0.8707143935961336,0.8734177215189873,0.8819050462824723,0.8832807570977917,0.894279176201373,0.8947529447758911,0.8992224424454948,0.9027860106698281,0.912615655749743,0.9212622088655147,0.9225468164794007,0.9342465753424658,0.9322409211691762,0.9390839694656489,0.9430160878063449,0.9506116900770276,0.9508270676691729,0.9578931706591282,0.9558027660853878,0.9530867970660146,0.957874075192511
0.9587353421404186,0.955585464333782,0.9605815347721822,0.959339651482727,0.9480874316939891,0.9524448419797257,0.9456048084147257,0.9414086217364905,0.9410529473526323,0.9364589759407773,0.929285394599433,0.9213197969543148,0.9111542481708228,0.9124251497005988,0.9088615110583346,0.8991935483870968,0.898427164486256,0.8891024693183498,0.8857142857142857,0.8857357357357357,0.8787613204791119,0.8830872278885675,0.8767000448363473,0.8724970553592462,0.8782635563108296,0.8693883699909611,0.8745005179813526,0.8713535589264878,0.8789915966386554,0.8762902019446522,0.8793000299132516,0.889890340994442,0.8884390463337831,0.8976283398378865,0.9022522522522523,0.9008732955415965,0.9007701421800948,0.9144560357675112,0.9190639439558802,0.9281345565749235,0.9308374680499173,0.9345427059712774,0.9426646706586826,0.9393111819147322,0.9474395554888121,0.9487334137515079,0.9513125091655668,0.9544703230653644,0.9600423792946875,0.9621065194688945,0.95774860419496,0.9587073608617595,0.9530432181845372,0.9494612232508727,0.9538670284938942,0.9508814223293657,0.9418516840356441,0.9366731083692582,0.9322638146167558,0.9269014501331755,0.9248882265275707,0.9197860962566845,0.9147333534197047,0.9073236889692586,0.9096919609316304,0.9026256564141035,0.8973750556132285,0.8967150496562262,0.8872270415794197,0.8861764705882353,0.8792306545400328,0.8733804475853946,0.8704126694076443,0.8734785875281743,0.8787465940054496,0.874831157136425,0.8723469231943808,0.8778671432826929,0.8795289855072463,0.8833559680096574,0.8848301886792452,0.888122375524895,0.8902365977837676,0.8945341430899126,0.900474659317103,0.911277072442121,0.912191473448018,0.9098858752037943,0.9215339233038348,0.9316265060240964,0.9325675070863793,0.9351382655277255,0.9366934871717019,0.9474309474309475,0.9491704374057315,0.9541202672605791,0.9566572658453317,0.9596385542168675,0.9558823529411765,0.9563371740448757
0.961436170212766,0.9572031344183243,0.9581527424899118,0.9587737843551797,0.9520506634499397,0.9501401386635197,0.9507285564067899,0.9442362464398141,0.9421100362756953,0.9373125374925015,0.9310550664079988,0.9285714285714286,0.9192945748019729,0.9094029850746269,0.916223202067812,0.9051182280754265,0.9063207120229295,0.8950533754322658,0.8985810306198656,0.889406286379511,0.8916454939470931,0.8873679511977385,0.8902054897255137,0.8878394332939787,0.8885079743627963,0.8845801526717557,0.8798098350913683,0.8747384155455904,0.8919886617932269,0.8912359550561798,0.8933850978049873,0.8938555837942891,0.8975052599939886,0.9038888067425699,0.9035035629453682,0.9145003756574005,0.9193597560975609,0.9253203711886876,0.927765237020316,0.9315150606923422,0.9390787518573551,0.9419568822553898,0.9380744312189242,0.9444690592231576,0.9472118959107807,0.9492830188679245,0.9588333586510709,0.9572176514584891,0.9542007434944237,0.9585302637597195,0.9598627275440167,0.9531483139361384,0.9543230016313213,0.9581444545179812,0.9515206263173743,0.9492830188679245,0.9434216434665469,0.9465808768517133,0.9397681072127692,0.9329159212880143,0.9315995189416717,0.9229387999401466,0.9208037825059102,0.9170279563462401,0.913023816701839,0.9078487930772734,0.9065749011568311,0.896739932143384,0.8970984145976668,0.8938093086308179,0.8874943971313313,0.8878903274942879,0.8910418840363691,0.8829085457271364,0.8832128019695338,0.8861727654469106,0.8866427073974243,0.8851774530271399,0.8863636363636364,0.8835371309275276,0.8858167687939023,0.8941862202959199,0.9047475508666164,0.9061609953530205,0.9018330555976367,0.9154611211573237,0.9262345679012346,0.9248400059532669,0.9258102884329468,0.9300242865816636,0.9344965252107053,0.9410095579450418,0.9442955019362526,0.9449904650139358,0.9477299880525687,0.9542269270910988,0.9533169533169533,0.9560815840404943,0.9541120381406436,0.953739284658587
0.9579579579579579,0.9588465004505857,0.9555290255185793,0.9552034130732897,0.952515629651682,0.9518213866039953,0.9432008527485914,0.9495101733232856,0.9411676422032118,0.9376311844077961,0.9322971155283216,0.9316688567674113,0.9283891307611469,0.9227141335767534,0.9185354691075515,0.9160340115396295,0.9152794292508918,0.9072009641458271,0.9070439677468431,0.9102641967810507,0.8995659332435264,0.8992643747185107,0.8969569147333534,0.8946574102022337,0.8935851318944844,0.891979102642901,0.8908629441624365,0.8966756513926325,0.8965205603253502,0.901803009983609,0.8985680190930787,0.9042855009705838,0.906990434142752,0.9065126050420168,0.9099605223200729,0.9206989247311828,0.9227594339622641,0.9270741068792442,0.936559940431869,0.9352196574832464,0.9384615384615385,0.9357699954121426,0.9506003951968385,0.9460340993328391,0.9507900677200903,0.9516768292682927,0.9532529403007295,0.9566601000151538,0.9601960493093717,0.9575041149184498,0.955509107196178,0.9536323818154357,0.957973174366617,0.9564447069245534,0.9512932990470429,0.9506759768236518,0.952967359050445,0.9477512245806738,0.9354213273676361,0.93824912759824,0.9381659912952124,0.9280510018214936,0.9217600240276318,0.9197155976892313,0.9180650037792895,0.9120168446382915,0.9087055261165784,0.9037114324042331,0.8998525073746313,0.9016467744372262,0.8983806269499331,0.8998500749625188,0.9052535681749165,0.8876221498371335,0.8871833084947839,0.8962850644427597,0.9027840481565087,0.8973789426921368,0.8922498118886381,0.9031635229466806,0.9019401413746428,0.9016614279299506,0.9113556472566101,0.9149691358024692,0.9117781502361725,0.9195906432748538,0.918472495832702,0.927052127022169,0.9343109382014065,0.9395238799349401,0.9399880275366657,0.9410179640718563,0.9448617788461539,0.9502868068833652,0.9505692031156381,0.9498724298364101,0.9566792452830188,0.9555056179775281,0.9608630952380952,0.95533461937973
0.9598806860551827,0.9590479006505027,0.9569492030388798,0.9542692190823457,0.955545643770443,0.9540316503391107,0.9527067221891731,0.9449622725255216,0.9498649054338036,0.9431597792033418,0.9369704177196373,0.9334626286737282,0.9298798798798799,0.9261725107264388,0.9261068702290076,0.9244358669833729,0.9172580401630681,0.9188536953242835,0.9117208470026842,0.9068148148148149,0.9138388905281795,0.9124239275641978,0.907308104795465,0.901824113895892,0.9070527097253155,0.9018237082066869,0.9027084279013466,0.9007724301841948,0.9067533619033545,0.9064256418046484,0.9090772693173294,0.9114363307181653,0.9132982719759579,0.9209498046287947,0.9220051491746176,0.9303475134811264,0.9285821907488323,0.9292704626334519,0.9336136978071493,0.9379040745752518,0.939883355764917,0.9426415094339623,0.9527222815311881,0.9479464420039115,0.9549481904189818,0.9522097378277153,0.9578527062999113,0.953422619047619,0.9538507641594246,0.9577740913889308,0.9559451893325475,0.9546069442356832,0.9547007277588,0.9580547112462006,0.9546144505160898,0.9535973397823458,0.9468037550290568,0.9468829043297129,0.9413777711650052,0.9397785977859778,0.9319970304380104,0.9327871339705659,0.9351879254217224,0.9247774480712166,0.9199940626391568,0.918173732582271,0.9191737763807813,0.9138059146975777,0.9138705811863391,0.9115515456293448,0.9021755216812195,0.9066726780883679,0.9093939393939394,0.9033758439609902,0.8968171724648408,0.9010346378767431,0.9077060931899642,0.9103603603603604,0.9094316989053831,0.9058201058201059,0.912692480191359,0.9093349239487026,0.9136023916292975,0.914281498967247,0.9233681659851583,0.9238686241864689,0.929495760821062,0.9340116714050576,0.9325960245105366,0.93771836548686,0.9408141805618147,0.9432560903149139,0.9470843951431569,0.9501864280387771,0.9571978672985783,0.9557683538531692,0.9598713432378618,0.9584780311037294,0.9609422492401216,0.957639714625446
0.9582387653200182,0.9596291866028708,0.9534532265377059,0.9582963620230701,0.9530894185516927,0.9512923950395936,0.9522871857013027,0.9544082125603864,0.9445026178010472,0.9441579490201857,0.9443611277744451,0.9340032998350083,0.9447356597274225,0.9340277777777778,0.9316827143512151,0.9258753979081401,0.9283827414147344,0.9183795055108728,0.9217777777777778,0.9164412383528705,0.9135493372606774,0.9123429416112343,0.9128523795089422,0.9082394263134788,0.9155736469169306,0.9107061503416857,0.907032538611486,0.9125373134328358,0.9147921942499627,0.9143721633888049,0.9115544967242406,0.9182156133828996,0.9254676682869347,0.9269392663860493,0.9298088410991637,0.9302976716769821,0.9302117506710409,0.9357330224424366,0.9389948531637905,0.9429510155316607,0.9405805866344119,0.9525874962608436,0.9482264150943396,0.9494482552937668,0.9539087211929508,0.9518090605047127,0.9607843137254902,0.9532199270959902,0.9611621255456871,0.959457422758101,0.9620499028836097,0.9573688836800469,0.9551159013730991,0.9554043839758125,0.957619477006312,0.9533432392273403,0.9511232544019429,0.9488749425991122,0.94203333833909,0.9454277286135693,0.9428871233698096,0.9359701492537313,0.9377245508982036,0.9334747689043794,0.9258597588209022,0.9261091127098321,0.927765237020316,0.9227461447212337,0.9194034347695089,0.9193164933135215,0.9168136390358612,0.9165045638186443,0.9102392628919602,0.9165908401577192,0.9109269027882442,0.9107116104868914,0.917974002689377,0.9115718859582254,0.9158585707891989,0.9228086138914164,0.9172782874617736,0.9248623716708823,0.918790752815649,0.92578125,0.9330389992641648,0.9372848375991618,0.9326149643344969,0.9383155397390273,0.9411940745174323,0.9365055762081784,0.9408969408969409,0.9494765589440146,0.9512812872467223,0.9496594610601126,0.954918644573817,0.9600302800908402,0.9561429858816461,0.9648426007649309,0.9570330167345092,0.9621455938697318
0.95772333432925,0.9581183611532625,0.954840658510799,0.9561664190193165,0.95247405624906,0.9545937737281701,0.9507021213026591,0.9495798319327731,0.9498277669612101,0.945693166390104,0.9467286914765907,0.9428271308523409,0.9435019914441658,0.9402043269230769,0.9423281226286234,0.9420722603762317,0.9330337078651686,0.9269088213491475,0.9266766020864382,0.9265629673945558,0.9199157007376185,0.9257884972170687,0.9175799429515088,0.9178538951197333,0.9197180940707829,0.9218100890207716,0.9238570996064184,0.9223013048635824,0.9246861924686193,0.924191063174114,0.9264728039777008,0.9238884702336096,0.9192630317555422,0.9253753311745658,0.9347693247784907,0.9335238381711536,0.9373965387509405,0.9442413162705667,0.9471703792895846,0.9438185368784738,0.9499470739452593,0.9483575022195916,0.9460312687913409,0.9563647306650617,0.9490761604326273,0.9602145730889584,0.9513400209612217,0.9595566207309766,0.9626480412997267,0.9627992071962189,0.9583458646616542,0.9533383345836459,0.95885081550202,0.9572953736654805,0.9537840263236613,0.9532498868948877,0.9557776768135696,0.9447183624682504,0.9489171023151606,0.9434435912581217,0.9461584996975196,0.9388122375524895,0.9368770764119602,0.9356472516013705,0.9326821938392187,0.93354382799579,0.9347794009148591,0.928379588182632,0.9268147264868087,0.9286141873690512,0.9245001492091913,0.9227038941954445,0.9184128399465002,0.9194205522861023,0.9199636198271942,0.9232728907537839,0.9244035642425984,0.9206373292867982,0.9158445440956652,0.9251885369532429,0.9262762762762763,0.9256947540496359,0.9299938725490197,0.940050452589405,0.9342066091098541,0.9373676248108926,0.9389038634321654,0.9378522693562741,0.9381058911260254,0.9465522433002108,0.9462840323767476,0.9486255069851285,0.9540731817497364,0.9518920504546788,0.9564439140811456,0.9559357964869776,0.956777108433735,0.9611827141774071,0.9599213551119177,0.9616714264241696
0.9594978329098789,0.9558710075605616,0.961486789072996,0.9579278335080101,0.959265890778872,0.958706022659511,0.949172403691226,0.9513187641296157,0.9531413221907178,0.9469412295205171,0.9524737631184408,0.9463238610735227,0.9429876252209782,0.939303333831664,0.9436598557692307,0.9437301467251551,0.9348121321865097,0.935591170244935,0.9298191847992645,0.931916803830615,0.9339580544399821,0.934622467771639,0.927710843373494,0.9266279425252216,0.9286242057041525,0.9278459906017887,0.92528312987204,0.9271679716353967,0.9252350395463363,0.9293608124253285,0.9308936942386209,0.9335030702411262,0.9328949334927514,0.9335925815136106,0.9318420657558925,0.9336842105263158,0.9447761194029851,0.9419221698113207,0.9438889717952544,0.9466845878136201,0.9442926533090468,0.9518198090692124,0.9475409836065574,0.9539868105515588,0.9522036926742108,0.9552734965246298,0.9578710644677662,0.9541894487956258,0.9551862294108918,0.9554625616499776,0.9583707696915245,0.9553532089881039,0.9571948998178507,0.956177723676202,0.956320119670905,0.9521357164495607,0.9582085080886759,0.9579263711495116,0.948255293766776,0.9505343511450381,0.9476054646449482,0.9472263868065967,0.9420072115384616,0.944955511989142,0.9372224774154034,0.9414708112206217,0.9367588932806324,0.9325741684147438,0.9374814374814375,0.9319450731854535,0.9289576449384199,0.9335843373493976,0.931585292344786,0.9251160700913584,0.9285819684226059,0.926354862657758,0.9302888250415847,0.9280146721687299,0.927614747930775,0.9303979422000302,0.929921968787515,0.9311831153388823,0.9311377245508982,0.9369545591333133,0.9433343274679391,0.9408690458414215,0.9409289042537201,0.9397243677116462,0.9424233313289236,0.9479041916167664,0.9480870217554389,0.9514004542013627,0.9520262216924911,0.9563778580024067,0.9543094496365524,0.9617984131648546,0.9581552968911153,0.9576664173522812,0.9592329759927525,0.9585260331194987
0.9541585784679707,0.9612784265519361,0.9553290361265178,0.9538230884557721,0.9535090316849274,0.9560243648789184,0.9600179694519317,0.9549670855774985,0.9534425235062177,0.9500594530321046,0.9502967359050445,0.9499545040946314,0.9460718041159681,0.9431885782272457,0.9437667360904493,0.9412113134903006,0.9414957780458384,0.9390062481404344,0.9409131602506714,0.9371126228269085,0.9367501110946527,0.9334127811708625,0.9357238506174677,0.9373515439429929,0.9383928571428571,0.9335238381711536,0.9288764541304668,0.9367050725721981,0.9388242315726649,0.9350572150393818,0.9385742041548348,0.9390708301599391,0.9373871161950632,0.9381905046282473,0.9382789317507418,0.9431715405486886,0.9440441514640503,0.9466304839439168,0.9445958219800181,0.9524095481158985,0.9542882668254914,0.9554836722119532,0.9549509366636931,0.9548883524441762,0.9584205803170804,0.958524663012887,0.9588363636363636,0.9574339622641509,0.9565282791817088,0.9573804573804574,0.9596774193548387,0.9561048689138577,0.9569795427196149,0.955880160977791,0.9617957484762896,0.9570377046717741,0.9574030552291422,0.9527118900135972,0.950952018278751,0.9537546468401487,0.9504551559468736,0.9500921375921376,0.9476424215380038,0.9451027448627569,0.9453511004641414,0.9453551912568307,0.942632498543972,0.9361386872129205,0.9420355314664258,0.9386346586646662,0.932519847103793,0.9359285065131778,0.937708903068976,0.9346914319952067,0.9352862053504708,0.9362686567164179,0.9338301043219076,0.9390134529147982,0.9390840373499333,0.9341810022438295,0.9354260089686098,0.9350244770805518,0.946023586332023,0.9427578915571666,0.9400777047220562,0.9519317160826595,0.945974416854778,0.9443166129774505,0.9500370644922165,0.9493129770992367,0.955612016141085,0.9486600421559771,0.952302876732747,0.9573068094873757,0.954045502486063,0.9515018315018315,0.9592814371257485,0.9600849901350736,0.9606901725431358,0.9589797136038186
0.960254854368932,0.951007326007326,0.9594494598194465,0.959347136164425,0.9577692760447322,0.9578931706591282,0.9536136465659135,0.9565281245410486,0.9519230769230769,0.9534082397003746,0.9522949586155004,0.9516415261756876,0.9498644986449865,0.9491136919315404,0.9464124887421195,0.9423997606223818,0.9487373355511871,0.9453888972468782,0.9451056233263909,0.9448255293766776,0.9449158850677386,0.9397338118737849,0.9409454765141217,0.9422934282747367,0.9417933130699088,0.9450516089860352,0.9425665569847442,0.9367928797707045,0.9370850935425468,0.9428187518662288,0.9429928741092637,0.9463466829715683,0.9447788143244057,0.9449114380066046,0.9457515360407612,0.9511799410029499,0.9530734632683658,0.9520658726657845,0.9512638111094294,0.9513723150357996,0.9542435424354243,0.9501269225026131,0.95838986883763,0.9562462281231141,0.9556613599166791,0.9551396316102199,0.9554954142234251,0.9569694175503304,0.960012026458208,0.9596546077117761,0.9562874251497006,0.9600179694519317,0.958706543191134,0.9590854392298436,0.9559853792263174,0.9558867362146051,0.9619387451680047,0.953655254896098,0.9562726176115802,0.950433887336373,0.948247576435496,0.953533542507097,0.9491187739463601,0.9486113173919501,0.9479166666666666,0.9440108075652958,0.9387111311401533,0.9491499924778095,0.9433156654888104,0.9443530291697831,0.9341211225997046,0.9428784489187174,0.9395496448541635,0.9378308879140826,0.9386771131535332,0.9438938862631499,0.9368815592203898,0.9373581479800273,0.9459782122071333,0.9423426150121066,0.9453617532272591,0.9437575392038601,0.9452338661930136,0.947108181000899,0.938622754491018,0.9463595839524517,0.9504157218442932,0.9455298993487271,0.9485435457637144,0.9478034593601714,0.9576790788096307,0.9530122256591546,0.9553531431984471,0.9586175534333788,0.9553014553014553,0.9593870871764356,0.9590781503914906,0.9600862998921251,0.9600241363704933,0.9598517603458925
0.9617245930488342,0.9592698747925781,0.9577984358860853,0.9589163441500447,0.9560523114355232,0.9597597597597598,0.9560601592450605,0.9572741194486983,0.9516806722689075,0.9543838862559242,0.9521700620017715,0.9557910673732021,0.9507637550051906,0.9523031203566121,0.9476439790575916,0.9538922155688623,0.9477095301222566,0.9490360185323569,0.9465799031476998,0.9441433303221921,0.9454351470812377,0.9462462462462462,0.9455089820359281,0.9469843633655994,0.9444111477374888,0.9390573401380967,0.942191417195104,0.9447852760736196,0.9429972418020227,0.9443369549040036,0.9530038022813688,0.9460537984037837,0.9469618184519388,0.9485119047619047,0.9494424927447686,0.9484288076980905,0.9502358849490185,0.9497668822379305,0.9565877352762598,0.9539951573849879,0.9562065394289097,0.9536296296296296,0.9493518239372928,0.9547947235808507,0.9564491654021244,0.9566982408660352,0.9577400787640109,0.9590386940749698,0.9575100282276037,0.9575301204819278,0.9590139140955838,0.9619247489132065,0.960884609598315,0.9574146783449109,0.9568463491115424,0.9574626865671642,0.9536610723303134,0.9529254529254529,0.9575766597201548,0.9564028558408021,0.9534331899747887,0.9508543777408135,0.9558359621451105,0.9480499695307739,0.9535650089874176,0.9533333333333334,0.9472167450326103,0.9465081723625557,0.9488836662749707,0.9422000302617642,0.9462816100553644,0.9484351713859911,0.9447399527186762,0.9447072738024838,0.9403843244061129,0.9444029293080257,0.9464806011347953,0.9480324421748273,0.9479103573591763,0.94601152562936,0.9470811220621683,0.9453787766036612,0.9468293417683386,0.9469026548672567,0.9476241080916957,0.9521954143563615,0.9478930675124604,0.9476770410464592,0.9540847665847666,0.9507220485335716,0.9578129759366433,0.9532724505327245,0.9544100119189511,0.9574722970949386,0.9542755344418052,0.9553693830921554,0.9583458195984417,0.9542687453600593,0.9546905884141706,0.9557085141403562
0.958897989575577,0.9563768554983338,0.9611665155636144,0.9619004930524429,0.9589949129027285,0.9604930937175108,0.9531978931527464,0.9550947337013278,0.9594940521005872,0.9571796035708882,0.9547232250300842,0.9524377516028031,0.9581959844171412,0.9536354056902002,0.9559154295996402,0.9533891850723534,0.9548961424332344,0.949546063402292,0.9496694711538461,0.9484875711290806,0.953003003003003,0.9518108350793175,0.9508466956391428,0.94984419053272,0.9507010402532791,0.9472667855020797,0.9500151011778919,0.9501045712578429,0.950920245398773,0.9475162625665287,0.9497970840222456,0.9496522527970971,0.9546142208774584,0.956309963099631,0.9522727272727273,0.9531605275125057,0.952245508982036,0.9540142662012445,0.9546746447270007,0.9562121212121212,0.9609623241034952,0.9614570737605804,0.9561085972850679,0.956860395446375,0.9578223152856715,0.9539503386004514,0.959042312904683,0.9568569310600444,0.9587690469076785,0.9567543468568881,0.9546488700136508,0.9582139085834968,0.9544227886056972,0.9547436475717938,0.9541547277936963,0.9572948328267478,0.9535198555956679,0.9575821845174973,0.9555221637866266,0.9534918951673989,0.9527218493661447,0.9513360203015375,0.956745311554749,0.9542669257211179,0.9533243283806093,0.952295498728877,0.9509129003292427,0.9484520589119326,0.948268106162843,0.9466646857822018,0.9536023054755043,0.9487257281553398,0.9495412844036697,0.9488105992171033,0.9479820627802691,0.9484197972570065,0.9433133147795518,0.9537840263236613,0.9488644909008873,0.9531504818383988,0.9518358852385908,0.9544231918708906,0.9527547169811321,0.9486947336653085,0.950920245398773,0.9537658463832961,0.9493613824192336,0.9534114818154493,0.9534291704103025,0.9547331170746093,0.9513407652907502,0.9566711489616017,0.9574886535552194,0.9568086382723455,0.9555251973284761,0.96300259899098,0.9550022498875056,0.9583952451708767,0.9597075063423369,0.955973910465461
0.9606251878569282,0.957106177314605,0.952603069515498,0.9584769899565283,0.9595703416380725,0.9547565543071161,0.9574339622641509,0.9578129759366433,0.957686048231987,0.9627515770501652,0.9590881642512077,0.9558649289099526,0.9529077590073255,0.9507729251088098,0.9482235044032797,0.9524458579433591,0.9531647463713901,0.9557561408700799,0.9532934131736527,0.9592936246632745,0.9529195964536838,0.9526946107784431,0.9552395209580838,0.9502472650981567,0.9508713942307693,0.9521212121212121,0.9509183980728696,0.95176752546435,0.9497330960854092,0.9576271186440678,0.9511216758282574,0.9559418552375244,0.9549763033175356,0.9552592592592593,0.9575443786982248,0.9547130845257412,0.9537263286499694,0.9540316503391107,0.9541961729697153,0.9594107035478052,0.9581409206018173,0.9572700296735905,0.9549455467701029,0.9564757442949977,0.9590874524714829,0.9563812600969306,0.9576424479951764,0.9573424494649228,0.9579248982053988,0.955079271873165,0.9538092381523695,0.9568978600698134,0.9559157703378276,0.9556313993174061,0.9580198615708697,0.9605223656559592,0.9526284526284526,0.9562890276538805,0.9551282051282052,0.9554388597149287,0.957984472522454,0.9587244821934138,0.9551624218392557,0.9535655058043118,0.9534044791823237,0.9542306534176452,0.9502187358575954,0.9509349289454001,0.9568888888888889,0.9537777777777777,0.9482941622441243,0.9575358851674641,0.9537796332190249,0.9482349451201424,0.9478247642226955,0.9565347274085139,0.9483633010603965,0.9485482172408606,0.9539093398235473,0.9542561065877128,0.9537666174298375,0.9535890165646919,0.9531087698471583,0.9538624981028988,0.9490089272204569,0.9603293413173652,0.9574436314767807,0.9594356261022927,0.9528936742934051,0.9570459683496609,0.9614076593227857,0.9590052750565184,0.9555423829282751,0.9612797129615787,0.9542719614921781,0.9596305675554894,0.9577294685990339,0.9591867244730155,0.9590382902938558,0.9636198271941792
0.9563485985602695,0.955654761904762,0.9569157628881295,0.9596050269299821,0.9571126547870734,0.9581277104830268,0.9583144540099683,0.9540939193257074,0.9570809032451024,0.957974457974458,0.9577358490566038,0.954470816539782,0.9593801715059426,0.9538085041297033,0.9535127055306427,0.9565987599645704,0.9545926695355395,0.9583584791792396,0.9564890093345378,0.9534018162870329,0.9539012382515292,0.9516201959306707,0.9565088757396449,0.9546342196184467,0.9551703526598924,0.9574339622641509,0.9606405267883867,0.9536326048434731,0.9529394076078785,0.9529359031824294,0.9590958019375673,0.9527928456238088,0.9597989949748744,0.9564693477933424,0.9520224387363448,0.9576648841354723,0.9556840077071291,0.9572421955910637,0.9593631539044731,0.956177086449297,0.9559952746603663,0.9577338129496403,0.9572496263079223,0.9602985074626865,0.9560938682816048,0.9574214679172249,0.9607508532423208,0.9585954645208485,0.9578804347826086,0.956813104988831,0.959556028584461,0.9601318944844125,0.9562695225345827,0.957613351055974,0.9555555555555556,0.9640213206988452,0.9551907719609583,0.9598822800495663,0.957588609512269,0.9585391408471786,0.9549167927382753,0.956019871420222,0.9541950113378684,0.9572921399363925,0.9602050045221586,0.9518180457878198,0.9554035974431396,0.9540540540540541,0.9561221464571598,0.951985773562537,0.9504320145520692,0.9541823662396383,0.9590755189165318,0.9552734965246298,0.9554686324657741,0.9551529551529552,0.9545113346344393,0.9552480494626822,0.9591654247391952,0.9565152196731144,0.95088199513382,0.9533450704225352,0.9568914081145584,0.9594635322483424,0.9564952844539093,0.9564750957854407,0.9565743682856711,0.9603450885424549,0.9585205151242887,0.9591061112800243,0.9579152313913434,0.9584870848708487,0.9584516514721267,0.9584552369806905,0.9586069955704903,0.9603033006244425,0.962673088500903,0.9597490052035507,0.9547491039426523,0.9612797129615787
0.9557695200842485,0.9604033812842948,0.9614279231583724,0.9566066066066066,0.9585664600030244,0.9632463246324633,0.9599760155898666,0.9545793000744601,0.9613577814820428,0.9620767494356659,0.9598910246708037,0.9566322715717063,0.9541214252943875,0.9590936739659367,0.9582085080886759,0.9551782163071746,0.9569109391594599,0.9580135440180587,0.9602649006622517,0.9560754716981132,0.9560372462219509,0.9564890093345378,0.9535833081342606,0.9527299925205684,0.9585896474118529,0.9590977443609022,0.9570680628272251,0.9557113033104683,0.9549278846153846,0.9500221141088014,0.9597822800120955,0.9550911516229436,0.9559171597633136,0.9569414649095924,0.9602698650674663,0.953526846142277,0.9584785573571754,0.9566395663956639,0.9582645248461192,0.9577737988660101,0.9547876389100319,0.9567854435178166,0.9614814814814815,0.9608604720645354,0.9552261156034741,0.9586690540137273,0.9590520473976302,0.9610253335332034,0.9598234667478314,0.9610293023947643,0.9587552114353782,0.960085968682837,0.955294816575078,0.9553813687066627,0.9613970588235294,0.954800546033672,0.9591264571344252,0.9546882009869897,0.956029011786038,0.9565025066352109,0.9605911330049262,0.9580775565204372,0.9574691914637812,0.9568860450944546,0.9576052271691232,0.958007224563516,0.9570932164979604,0.9535164503471174,0.957106177314605,0.9605496453900709,0.9587353421404186,0.9565217391304348,0.9541766826923077,0.9545593168648978,0.9560938682816048,0.9543124246079614,0.9546394799054374,0.9589407914311217,0.9536363636363636,0.9539087211929508,0.9530100585497673,0.9574726609963548,0.9605081891933261,0.959165687426557,0.9597335755373902,0.9589082638362396,0.9520948860135552,0.9585618525289458,0.9565681194757696,0.9591276498398658,0.9569263094702086,0.9568785437182931,0.9565682826120202,0.9547181279440814,0.958114397237652,0.9553335292389068,0.9591589774618061,0.9528725314183124,0.9603030303030303,0.9577528770442156
0.960422556167237,0.9567099567099567,0.9607606399034108,0.9552997458513978,0.9584888756159474,0.9630928778404758,0.9568580779529902,0.9573804573804574,0.9583333333333334,0.9572319572319572,0.9583900741413225,0.9570828331332533,0.958732057416268,0.958764432448643,0.9588396111786148,0.9566809029896278,0.9559367144758243,0.9569631762388241,0.957948106173576,0.9577981651376147,0.9617920287683548,0.956935630099728,0.954647845021775,0.955788514129444,0.9540577300891643,0.9574532287266143,0.9574786644707292,0.9579326923076923,0.9622923836600329,0.9564950980392157,0.9546413502109705,0.9550229323864478,0.9615899955337204,0.9565348626622396,0.95717280622941,0.9546135410425405,0.9588712098468928,0.9572208737864077,0.9559220389805098,0.9604676203660976,0.9554432705558108,0.9545454545454546,0.9566544566544567,0.9550728949717346,0.9610235049092531,0.9595959595959596,0.9531157270029673,0.9527475845410628,0.955827488434562,0.9575648523016944,0.9567278287461773,0.9603150560436231,0.9589144936325046,0.9614475627769572,0.9573353293413174,0.9550645113450986,0.9579844497607656,0.9594369607991524,0.9567663606751554,0.9573950091296409,0.9566781591965222,0.9609031671465373,0.9563663440059568,0.9580461492358405,0.9548657969710601,0.9577088588811397,0.95508166969147,0.9591960102765604,0.953083109919571,0.9592235931387301,0.9597797828414131,0.9608546242342746,0.9506726457399103,0.9553897685749086,0.9617651503702584,0.9593953764078246,0.9577103156622867,0.9588009223674097,0.9571708641230584,0.9566727053140096,0.9599165549098495,0.9597822800120955,0.9561957959723651,0.9614564290067033,0.9554313340383743,0.9541160593792173,0.9587488667271079,0.9581136496777973,0.963096309630963,0.9567723342939481,0.9559720362933214,0.9571385902031063,0.9580311680296251,0.9563292105664987,0.9543316643908359,0.9568835098335855,0.9594997022036926,0.9568400183010524,0.9568313306631063,0.9564893458500968
