0.9560900063769701,0.9536406263823763,0.9549290716466152,0.9560400285918513,0.9562601041853781,0.9537434866075509,0.9560106856634016,0.9584078711985689,0.9568378009995456,0.9528217909916326,0.9529273581496205,0.9551403556277642,0.9543935699449111,0.9555353901996371,0.956021897810219,0.9545494974650894,0.9541557621153326,0.9561641359363702,0.955480064366172,0.956676071721125,0.9572911963882619,0.9558243727598567,0.9574506445506175,0.9542836573074154,0.9537879470317989,0.9582252437606226,0.9594898050839845,0.9586425339366516,0.9591873265908888,0.9573932584269663,0.9592257370732145,0.9570162084713889,0.9568539325842697,0.9585595367354325,0.9594655592669495,0.9579633991665156,0.9579801623083859,0.9546925566343042,0.9578193033381712,0.9575521754510081,0.9578937877558381,0.9590790538717511,0.9561853351327035,0.9585140997830802,0.9532210638866613,0.958114709607382,0.9616750113791533,0.9583671994942653,0.9591002044989775,0.9572905331882481,0.9566066199307836,0.9509560906515581,0.9582958025580977,0.955048098534568,0.9535804246131702,0.9567346938775511,0.9572909220872051,0.957097175341979,0.9532247908608438,0.950672238372093,0.95838986883763,0.9598386373823398,0.9531984098301409,0.9542175113565512,0.9574045663748759,0.9574354407836153,0.9582016791550059,0.9534423872011505,0.9567040379181478,0.9547163057096832,0.9591855041263007,0.957421697684975,0.9575850555004061,0.9574025504205481,0.959490008138168,0.9586579320113314,0.9585847504114098,0.9559985632183908,0.9580778939776415,0.9584385142445006,0.9568478644546418,0.9577260794785915,0.9594387984530983,0.9565371024734982,0.9568061654270096,0.9579351612038939,0.9592356687898089,0.9570105225290044,0.9577862873814734,0.9537289058247143,0.9584373885123082,0.9579145728643216,0.9593917873076573,0.9572422633217359,0.9558211117146478,0.9573840793352989,0.9575184208132448,0.9595548317046688,0.955798607972521,0.9542113187494464
0.9573843416370107,0.9554232088070745,0.9560765292374023,0.9545168539325842,0.9573027622314497,0.9572603234842324,0.9567052905775622,0.9522065392174379,0.956392467789891,0.953281027104137,0.9559981892258941,0.9583520734010974,0.954541296990762,0.9542666426123038,0.9566195661956619,0.9566754282606725,0.9581660868789582,0.954858934169279,0.9568910980569363,0.9523722125355603,0.9570151921358355,0.955093592512599,0.9580865194758571,0.9566571978374416,0.958355819391977,0.9582145402708482,0.9566463633106413,0.9566123188405797,0.9553619064556287,0.9527750292345057,0.9568980903087632,0.9557798820796856,0.9570326515966989,0.9553132540888373,0.9573629523468291,0.9519630902840601,0.9587964217945243,0.954853072128228,0.9574373159632372,0.9593752821160965,0.9565608418023204,0.9556921964011212,0.9591818426482461,0.9522919448153093,0.9540632865875585,0.9589899713467048,0.9565576024195765,0.9557482163821909,0.9527650802186968,0.9532393360699625,0.9571757211113078,0.9542857142857143,0.9545946921827044,0.952836201402167,0.9542122884806805,0.959013484740951,0.9559288359071616,0.9563389102621455,0.9592788590905014,0.957383007723762,0.9555496169606271,0.957992264100027,0.9522608539001982,0.9567290062339567,0.9564431592264594,0.9546855174913903,0.9580413297394429,0.9521324455641533,0.9578055307760928,0.9563882618510158,0.9557783546683377,0.9548623525205577,0.9547491039426523,0.9574272869070557,0.9554938658547506,0.9571647578681576,0.958886780518659,0.9575608869501999,0.9611988225849611,0.9566796839524112,0.9573591328495924,0.9609226594301221,0.952887676216462,0.9573848115097432,0.9587582348163524,0.9518937354155448,0.9561938958707361,0.9556385498269265,0.9539748953974896,0.9582243074979698,0.9562359297613687,0.9537446923841358,0.9575124829777576,0.954970339744742,0.9552951780081118,0.9571854394363652,0.9590884622286022,0.9571734475374732,0.9547560643227038,0.9568115412710008
0.9549492955218523,0.9531918687589158,0.9538740371545084,0.9551322560259998,0.9545865749954767,0.952266238401142,0.9580827573826407,0.9549784327821711,0.9541078016737154,0.9486240171551108,0.9541531823085221,0.9536156468688318,0.9534779490856938,0.9538006983615364,0.9503495250044811,0.9500572535893597,0.9530021443888492,0.9533242876526459,0.9509043927648578,0.9537780987632031,0.9530474040632054,0.9520627283257596,0.9561246418338109,0.9551086370982224,0.9543317055525411,0.9562658457080768,0.9523980277902286,0.9557458314556107,0.9569296756322044,0.9530411449016101,0.9563913872989915,0.9553347654851414,0.9606292134831461,0.9586144849302745,0.9593517534537725,0.9558131111915973,0.9577168949771689,0.9554980825827165,0.9574622137750023,0.9569950517318938,0.9566875510760011,0.955350686912509,0.9546110810323046,0.956738166349896,0.956766917293233,0.9513155539645606,0.9547559672247952,0.9539707086327663,0.9575548703065482,0.9559193954659949,0.9536453645364537,0.9538045925258892,0.9537807525325616,0.959299191374663,0.9541182974018795,0.9506339357971405,0.9513751572892324,0.9538268056054617,0.9525613275613276,0.9550957715937839,0.9520093290276282,0.9516908212560387,0.9496383363471971,0.952755905511811,0.9506548607268032,0.9523680404916848,0.9535977286842339,0.9543291231923852,0.9527823092260287,0.9532322137955941,0.954332656125784,0.9537178222262086,0.9526393231561523,0.9541169076052797,0.9556962025316456,0.9534698922832421,0.9581964220518437,0.9577326049968657,0.9535419806720454,0.9553418995417378,0.9560309512972235,0.9585783003741315,0.95418627363935,0.9561145303719562,0.9544289897510981,0.958814576058734,0.9566152742918609,0.9543219808706535,0.9554813075672747,0.9581403633772712,0.9586523736600306,0.957855093256815,0.9572144647332618,0.958370715951911,0.9547569096050351,0.9549581947316371,0.9561159472314458,0.9561036417059924,0.9553667262969588,0.9532439289597681
0.9539153584871018,0.950685178507032,0.952547228937237,0.9527803099361896,0.9527437641723356,0.9503145227459203,0.9531838565022421,0.9514982452982993,0.9507170085314939,0.95021818505655,0.9497614117223373,0.9488878801634135,0.9511473646468268,0.9507678410117435,0.9470371369481162,0.9532090354965937,0.9483070794857867,0.9509236283429832,0.9489869105253721,0.9493751132041297,0.9520952722063037,0.9498602218414646,0.9523383707413038,0.9527372262773722,0.9540629738649541,0.9558797524314766,0.9529401138108572,0.9534523592639825,0.9536525753598262,0.9548311781609196,0.9529622980251347,0.9554710833559598,0.95514440433213,0.9529837251356239,0.9557737344622591,0.9518980525890693,0.9559839941797017,0.9513169845594913,0.9584759502792289,0.956502120747225,0.9575303354746609,0.9550188543724187,0.9540281387221077,0.9552387869983657,0.9545207956600361,0.9555297065139585,0.9546310409755223,0.9559679767103348,0.950099981821487,0.954841628959276,0.9556237034364571,0.9533045977011494,0.9539241423010772,0.9511955745895788,0.949495850807531,0.9536870503597122,0.9535864978902954,0.947965605886003,0.9512548699827852,0.9522905936568176,0.949143420934613,0.9500994395226903,0.9519964109466128,0.9516318596871892,0.9515545914678236,0.9501476774366777,0.9467901570870789,0.9480414952602396,0.9494604316546763,0.9513386396526773,0.9558035714285714,0.9527594616565802,0.9554504062137309,0.9546633282661182,0.9546401086464463,0.9559691330004539,0.955886357447581,0.953915391539154,0.956147503850684,0.9573017581628992,0.9540880503144654,0.9530044843049328,0.9569082826816656,0.9531533164189924,0.9571059891430097,0.9575344920265185,0.9589922272849102,0.9545984746523104,0.9561482011813137,0.9572934498603478,0.9540156034878384,0.9556350626118068,0.9555714797563597,0.9536299346522246,0.9526805251641138,0.9545373347624152,0.9546389907846471,0.9541496356850897,0.9564669904659111,0.9518508702182171
0.9503469406145805,0.9496741491672701,0.9501878018243606,0.947425572346394,0.9510787534404688,0.9478260869565217,0.946452596645439,0.9457106963388371,0.9438940922190202,0.9450049995454959,0.9466084321240752,0.944539633871404,0.9456376437037697,0.9470847183541461,0.9447814451382694,0.9466236790256135,0.9447404063205418,0.9451980954092175,0.9476964769647697,0.9474593218798291,0.947594266411029,0.9502622535720745,0.9466642395558387,0.9448953823953824,0.9484191508581753,0.9529817554688209,0.9496338631898553,0.9502601076937118,0.9527329135870061,0.950583763236492,0.9559309913292214,0.9523594694577281,0.9532374100719424,0.9537270435722002,0.9543634907926342,0.95773884775149,0.952980612429788,0.9530967040927201,0.9553392759687102,0.9547409930094999,0.9539904441691736,0.955288985823337,0.9568028738212843,0.9539491540758165,0.9497808619430241,0.9531601186730199,0.9525681107637338,0.9504228900485874,0.949658172778123,0.9506317689530686,0.9508360596146855,0.9472647506491181,0.946406277866952,0.9475153042851998,0.951014570483597,0.9467198260239217,0.9460087601680522,0.9453875864546842,0.9491168664775327,0.9464949668994287,0.9420971681896317,0.943238880918221,0.9430311716230741,0.9409335727109516,0.9428211813359705,0.9469354547098174,0.9432267337405678,0.9434680195687625,0.9485070623994278,0.9478651685393259,0.9494321254732287,0.9492619110757535,0.9473637096052279,0.951337328920297,0.948502886002886,0.9506094808126411,0.9500855932966934,0.9505730659025788,0.9541745134965474,0.950476361675355,0.9527544856189704,0.9522085445329471,0.9555929799680908,0.9535177011080083,0.956249432694926,0.9521147082694562,0.949833077686547,0.9546151763962826,0.9549102714401659,0.9538392050587172,0.9564404061998931,0.9530092174227363,0.9526301542903546,0.9511734556244942,0.9496082621082621,0.9525094441446303,0.9519081883595956,0.9503953989935299,0.9510193036261952,0.9510495837857401
0.9469771607702642,0.9430248306997743,0.9462444099662316,0.942167372308801,0.944365446142908,0.9391100702576113,0.9360895468496119,0.9411657226384067,0.943967060508414,0.9375673733381243,0.9372816055908969,0.9377709537572254,0.9382580939352485,0.9378187349020309,0.9378572076567178,0.935423197492163,0.940379403794038,0.9408294601358599,0.9414974505769746,0.93711478338544,0.9394884591391142,0.9424914368126915,0.9423750112198187,0.9431326604181687,0.9477264590046545,0.9440408931934355,0.9446344976593446,0.9470204756220733,0.9455319920246511,0.9503634107427761,0.9489758926953055,0.9500312863144722,0.9523296525720442,0.9482508609751676,0.9533864185380693,0.9497028297702474,0.9535396279643833,0.9502937189335743,0.9510583191926408,0.952512967268825,0.9510830324909747,0.9521103896103896,0.9528580373915377,0.9481488138030194,0.9476135040745053,0.9505717115332674,0.949237668161435,0.9489628820960698,0.9500756429652042,0.943264942016057,0.9452950129823618,0.9436427988020691,0.9411764705882353,0.9428519920677844,0.9432471264367817,0.9410424640058319,0.939689578713969,0.9406230584893938,0.9388210113261393,0.9381591994951771,0.9365765765765766,0.9392405063291139,0.9352602197010624,0.9424201529464687,0.9416314416764098,0.9392577949501303,0.9385529349175386,0.937997523438882,0.9389326975976526,0.9431453052481257,0.9430150389563327,0.947561193496516,0.9440904603787131,0.9430163580801726,0.9456363636363636,0.9449424975097347,0.9428293717416276,0.9437977446344125,0.950312197695893,0.950544015825915,0.9481442017403658,0.9501324321855877,0.9498152986755564,0.9497423845249933,0.9490980532237899,0.9521544232000732,0.9523552678892485,0.9527715187021181,0.948054298642534,0.9530176756113197,0.9512746338817574,0.9487387387387387,0.9472267097469036,0.946067415730337,0.9513488797439414,0.9513314141777618,0.9471603163191948,0.9484379196132844,0.9426711275883896,0.9450233560905498
0.9428216283405843,0.9366413593637021,0.9395357207126147,0.9363323054598223,0.9372229760289462,0.9355265478920445,0.9336326897171082,0.9339214980194455,0.930802760624773,0.9315031503150315,0.9314072862723721,0.9306868304977945,0.9314125215185286,0.9331772334293948,0.9266787658802178,0.9312727272727273,0.9335832886984468,0.9404837394691549,0.9337724764108954,0.9354307664166819,0.9308079899226201,0.93879949376243,0.9357946870778928,0.9362665218178526,0.9389431413708131,0.9414240931482311,0.940203449800973,0.942041908158716,0.9430005377307761,0.9447808404880254,0.9468577532490653,0.9423633731451321,0.9503071919045898,0.9500633254930342,0.9501601993592026,0.9492054990180325,0.950328444164492,0.9476962535495099,0.9472264676795829,0.9510514541387025,0.9494921767773813,0.9490388913723737,0.9452544950353341,0.9493194842406877,0.9428181818181818,0.9445296292955714,0.9450221539017994,0.9421259140360264,0.9449434165618825,0.9438761654747896,0.9381992541289291,0.938973897389739,0.937511174682639,0.9377342964249794,0.9397536192788418,0.9345828077131014,0.9316423817233316,0.9317218363849553,0.934143686502177,0.9296981854654873,0.9330673758865248,0.9300793937206785,0.9333333333333333,0.9309349923361284,0.9311578006258382,0.9291068364490201,0.9297910990009083,0.9317797740816508,0.9364146164978292,0.9316124406202384,0.9333515681983954,0.9379741186970103,0.9412395070548312,0.9407994302501558,0.938968846784478,0.9411396368190357,0.9422626553774095,0.9449516406038145,0.9459459459459459,0.9427797833935018,0.9464662447257384,0.9454033430232558,0.9486621315192744,0.9482928577829555,0.9521441889372281,0.9477469276285845,0.9494331473816807,0.9495631811222193,0.9475986512348492,0.9499504905932127,0.9495767725493766,0.948141513658755,0.9457074083979674,0.9467466375863323,0.9509531907276471,0.9439533239038189,0.9445250181290791,0.9396334890406036,0.9403973509933775,0.9425949253194169
0.934389343893439,0.9321262851423893,0.9293273542600897,0.9272431846903774,0.925929325378614,0.9278424350940018,0.9278154681139755,0.9298810482067793,0.9249211356466877,0.9271469637082286,0.922325748073822,0.9208678429960389,0.9216823785351704,0.9244334795321637,0.9220442137295265,0.9262324577186039,0.9245845375722543,0.9225345747084878,0.9225364963503649,0.9326189611333091,0.9307046828476044,0.9318697269345914,0.930518199748969,0.9326164874551971,0.9329960951366703,0.9355391272989542,0.9403225806451613,0.936436884512086,0.9406138992622279,0.9404783312353893,0.9391982781813291,0.9394924591348325,0.9463884141405056,0.946975153042852,0.9424862525917245,0.9483819202995454,0.9484333034914951,0.9461322209123062,0.9408840278405496,0.9499550763701707,0.9448395331874544,0.9500448430493273,0.9449083318206571,0.9407174887892377,0.944434405493314,0.9393149330216668,0.9408645636739462,0.9376067607659804,0.9381910458582563,0.931504424778761,0.9310936512236972,0.9334942343791901,0.9308648600304087,0.9292746816005781,0.9287594155549506,0.927226875619202,0.9217460038643949,0.9253229516899664,0.9252675494286232,0.9235725792017183,0.924443242268506,0.9237042406669083,0.9231596879763292,0.9236199095022625,0.9254041361871218,0.920642037302726,0.9245283018867925,0.9267339332787928,0.9215419501133787,0.9247708071184613,0.9290805738518452,0.9321941958231624,0.9309130316987266,0.9346150358211662,0.9334940189251919,0.936549365493655,0.9348807803468208,0.9394324054764711,0.9379943631239204,0.9414994149941499,0.9400537634408602,0.9413200723327305,0.9427312775330396,0.9476463218185073,0.946622705400107,0.9449426111908178,0.9452781022553689,0.9472330613692799,0.949290971100341,0.9431982633863966,0.9435731025779701,0.9436301121968874,0.9438032670454546,0.9446103719793646,0.9389891696750903,0.9446557971014493,0.9394238535403392,0.9365514719327116,0.9321957790749887,0.9324905863367402
0.9293532338308458,0.9227605935991418,0.926344852155326,0.9251559251559252,0.9240927057132591,0.9185431057683682,0.9176093346397078,0.9098720128882126,0.9171091710917109,0.9129809421071557,0.9090331366318657,0.9158921086203754,0.9158853469059738,0.9119956180390725,0.913503079327144,0.914610331972306,0.914940220863375,0.9182126293257225,0.9162740123233055,0.9217352010845007,0.9183600071929509,0.9194142484951936,0.9244270643870498,0.9229024943310657,0.9292304935949117,0.9288643251916563,0.9312097286505128,0.9284276038806517,0.9352739106852287,0.9372531418312388,0.9368901048791609,0.9370407330127914,0.9418027609852928,0.937735172908081,0.9431584592010009,0.946498749553412,0.9394240317775571,0.9467413532497555,0.9431889799225713,0.9408417630057804,0.9386980108499096,0.9435038478949751,0.9436581870297385,0.9405302342473216,0.9365208729511908,0.9356180486481599,0.9299048644767546,0.9299484116209612,0.9330881693425419,0.9285458452722063,0.9267152234511284,0.9223518850987432,0.9249015395631937,0.9238248149139239,0.9187174420693371,0.9221941080788,0.9163217563433508,0.9170154686078253,0.916084542360738,0.9105602469808408,0.9133099035775435,0.9151875571820677,0.9055076544078832,0.9131916420052013,0.916434289826392,0.9077950198484301,0.9129418113139671,0.9175508002157885,0.9193269668030923,0.9207867679928475,0.9230421822780237,0.9238086691196267,0.9209560469071704,0.9242000901306895,0.9281180151989271,0.9302112029384757,0.9288317842172408,0.9303904923599321,0.932591386174448,0.9352860411899313,0.9384234274086526,0.9339075249320036,0.9371830234006584,0.9435915744377008,0.9421756414889773,0.9456335229838345,0.9395943168617639,0.9422076143522322,0.9425815756264647,0.9452067079185723,0.9412293314162473,0.9382682817406909,0.9373706469900117,0.9367805755395684,0.9382549125653507,0.936983842010772,0.9344045201730379,0.9318447825695507,0.9248679143906152,0.9313120472229676
0.920483231157591,0.9187137114783386,0.9140449941740612,0.9156800723000452,0.9057450628366248,0.9061368573497466,0.9070535714285715,0.905941466854725,0.9077841063195009,0.9016213245397087,0.8996786861835059,0.9039840275887104,0.9024654565158494,0.9037874708310896,0.9074666666666666,0.9016937001523434,0.9039238574122295,0.9110150409799154,0.904626334519573,0.9063341108917997,0.9077019299499642,0.9111392634150756,0.914324446452779,0.9199349358395084,0.9182334161050018,0.9219729312380779,0.9247903327621968,0.9255357464433639,0.9259720615713142,0.931899641577061,0.9345853176386019,0.9323862614637655,0.9389566152742919,0.9364464076444605,0.9425411383868357,0.9391590949581329,0.9380213472060275,0.9396984924623115,0.9416719500045285,0.9385893615099792,0.9372225745085606,0.9346880823498092,0.935932142212597,0.9353829654124587,0.9338287965616046,0.927742520398912,0.92605057303984,0.923743344463496,0.9219642857142857,0.9262806034872165,0.9160826754191431,0.9162844036697247,0.9171905873899766,0.9164128292420713,0.9125737630503858,0.910056657223796,0.9092222924758377,0.9065654309959803,0.903934455748627,0.9027715490178492,0.9030520646319569,0.8994824298556252,0.9003405628248791,0.8977202164463763,0.9004452359750668,0.9033673652158338,0.9036026395576957,0.9050519527051236,0.905045325519641,0.9095969117515037,0.9122206200432589,0.9117857782554183,0.9195997855994282,0.9188514357053683,0.9173472134972629,0.9175759761926233,0.9240347576816268,0.9246624662466246,0.9327715864818338,0.9280524543682438,0.9288695497735547,0.9343407087605684,0.9367528991971454,0.9364605929139552,0.9383142781175219,0.9390784828460216,0.9383346777807654,0.9387221771649995,0.9397503166274652,0.9356234784960779,0.9405493314058547,0.9385359734790789,0.9349447389702579,0.9325648938101289,0.9357390454181851,0.9332672017314456,0.9264904843510418,0.9243292405638927,0.9300511164917945,0.9213381555153707
0.9096900605628785,0.9057274991106368,0.901744553918467,0.9003934191702432,0.8992402315484804,0.896998391995712,0.8995266589264982,0.8987399147856042,0.8956792873051225,0.8943220490775569,0.8885454545454545,0.8936400541271989,0.8902262443438914,0.8917826672653795,0.8862971094035857,0.8871272858301054,0.8969603763343587,0.8947898544089369,0.8976828714220809,0.9004048582995952,0.9021066786194532,0.8987274183500934,0.9048301819159423,0.9103435934144596,0.911408540471638,0.9123394246426633,0.914231430380892,0.9203668391900481,0.918783542039356,0.9221116787666935,0.9279820627802691,0.9284495915252716,0.9302263883975946,0.9313822602431338,0.9320266139183601,0.9337107377647919,0.9363329183709763,0.9421691142935328,0.9340679190751445,0.9346989891761338,0.9296671750246703,0.9296423410404624,0.9294620591378696,0.9292380175772402,0.9249527580311347,0.9246249213907106,0.9201941224049609,0.9161833997825299,0.9193856221030628,0.9121785106192312,0.9131533808792994,0.9116824537663509,0.9022154995996086,0.9056129321957791,0.8970535068691251,0.8994761560693642,0.8938723941882502,0.893498061141672,0.894404332129964,0.8947321026564611,0.8882172500902201,0.8884501480750246,0.8934680492776744,0.891118509853325,0.8893262541193702,0.8910505836575876,0.8968820605512878,0.8926553672316384,0.8981914424349361,0.8931050022532673,0.9006390063900639,0.9043501515421644,0.908360845899884,0.9076659760381948,0.9147681586705977,0.9161238511644508,0.9185887501139575,0.9130356499819949,0.9251638747268754,0.9281622260616532,0.9257903196999464,0.9328444961101672,0.9296875,0.9335503119066992,0.9343834383438344,0.9388779351138197,0.9353233830845771,0.9361990950226244,0.9290855771794189,0.9354781054512958,0.9306536302734021,0.9309671694764863,0.934366784516363,0.9290968713994505,0.9236797577700596,0.9264719182418377,0.9220138203356367,0.9213493362429532,0.9189812760670867,0.9133744110184849
0.9025328917927146,0.9014711224119143,0.8974839400428265,0.8918407780979827,0.8909584086799277,0.8877588418544988,0.8836914151028918,0.8856194491791514,0.8763138818412468,0.8778178539224527,0.8807512580877067,0.87476020827624,0.8770351713591796,0.8777738010021474,0.8764759309718437,0.8764785553047404,0.8801548712407707,0.8805678793256433,0.8844125136413241,0.8824878451518209,0.8846325167037862,0.8918215279648083,0.8949204077982472,0.9013751024496858,0.901482761757482,0.9033417175709666,0.9105371346858522,0.913371675053918,0.9108670207976951,0.9181883279627641,0.9204895738893926,0.9254068716094033,0.9291751935225554,0.9257928308328093,0.9334290328368922,0.930700115648074,0.9291503506055915,0.9291617473435655,0.9287000360100828,0.9331227436823105,0.9277907185092278,0.9289652056032535,0.9265357821405953,0.9203784700526645,0.9226549150103427,0.9219653179190751,0.9124027459954234,0.9136644832605532,0.9105945462673223,0.9058834145461108,0.8990932758775474,0.9009098279434286,0.8992715172227719,0.8901288332426057,0.8914473684210527,0.8871386377875234,0.8876014962138491,0.8821463941658414,0.8810365135453475,0.8763279760283301,0.8780860041296347,0.8792445977846377,0.8814914645103324,0.8815598986608758,0.8758733327284276,0.8794096472282218,0.8733120113717129,0.8846851751043368,0.8841925018024513,0.8901981788966256,0.8928730314084883,0.887437641723356,0.8964708006137738,0.8973166368515205,0.9003647362334312,0.9080347641007449,0.9142778893554866,0.9075268817204301,0.9164422904325974,0.9234587959202094,0.9219624922229135,0.9236104855418431,0.9264840182648402,0.9281366403197965,0.9280419453986621,0.9338458787770427,0.934228187919463,0.9324841898993498,0.9300933901532323,0.9294796645324195,0.9296683325761018,0.9295825444053737,0.92459304883414,0.918581508956034,0.9232426609210881,0.9167646792725956,0.9096281480134558,0.9124286102801197,0.9062611806797853,0.9049436407206888
0.8906567992599445,0.8920566612874306,0.8886665453883936,0.8875989920806335,0.8759215968351016,0.869,0.8717648119758319,0.8704919507149923,0.8694083694083694,0.8636073350971627,0.8646362098138748,0.8622869708631116,0.8628116900527304,0.8574213557820115,0.8610713006091006,0.8706073166336277,0.8630898977211555,0.8664683076368227,0.8722354231401938,0.8735652797704447,0.8679347826086956,0.8730534559694016,0.8812728407166414,0.8881163084702908,0.8906054652616539,0.8973311546840959,0.8992452487041921,0.9054210949361436,0.906177260519248,0.9130900330150798,0.9186817123410352,0.9196492483894059,0.9201711268887676,0.9240312865234199,0.922380219183045,0.9278195488721804,0.9230286738351254,0.9277907185092278,0.9253542738514307,0.9287415277523355,0.9239495417006988,0.9199387608069164,0.921545346606996,0.916883349771362,0.9175649968294229,0.9105654628550945,0.9063572331587503,0.9040057740887766,0.896900752418488,0.8956905878110349,0.8925402860764078,0.8854455888938647,0.88784216139353,0.8814035724000363,0.8758211104112301,0.8760855940549735,0.8676193043947156,0.863016157989228,0.8648624267027515,0.8633495583198125,0.8599874428199838,0.8573849447021049,0.8591889714439173,0.8578161123955184,0.8604338472570814,0.8673127434109229,0.8646657081236521,0.8676139940642144,0.8721498371335505,0.8738828202581926,0.8781851512373969,0.8809021729164757,0.8842114792685135,0.8865400053518866,0.8958857348185412,0.8967607672819399,0.9044031925387858,0.9085371397399764,0.911390134529148,0.9150737302020754,0.9129649693029974,0.9165906187260449,0.921443736730361,0.9172789115646258,0.9255060728744939,0.9280601288475304,0.9209075296031818,0.9273792613636364,0.9286100108030249,0.9268710550045086,0.9240732469852613,0.9208665294064989,0.9209528965890633,0.9197602647821809,0.9124186550976139,0.9110142558794152,0.9073793164986169,0.9028073916133618,0.8992141812865497,0.8969404186795491
0.8835021707670043,0.8801902323029084,0.8732292700532347,0.8710196779964222,0.867070853316442,0.8608811748998665,0.8529039261805681,0.8547964985109647,0.8534327821711,0.8505075914113737,0.8483862218605913,0.8479621022524133,0.8487274035434841,0.8474820143884892,0.8451647953639986,0.8478437021698029,0.8484391628236964,0.8557164702707565,0.8498293515358362,0.8571171980242479,0.8605190403995363,0.8685833484491202,0.8744837493266295,0.8746036060523693,0.87997087997088,0.8833588335883359,0.8884677855982674,0.8991232034710296,0.8923104791232678,0.9000989119683481,0.898750112399964,0.9080324909747293,0.9115864527629234,0.9200507614213198,0.9210809840186748,0.9225543478260869,0.920625,0.9230699610824509,0.9143876337693222,0.9238473337543986,0.9138751683879659,0.9188088341781318,0.9140046922938098,0.912410071942446,0.9099783080260304,0.9004235378931242,0.8971208180105839,0.9002079002079002,0.8951029748283753,0.8915931175893733,0.8804865150713908,0.8757653740349631,0.8721611721611722,0.8650541056651814,0.8709303362768709,0.8582923558337059,0.8577668577668578,0.8532340540055621,0.844488188976378,0.8445400753093061,0.8537297584284577,0.8427502928719474,0.8479745106964042,0.848582995951417,0.84488626186638,0.8523489932885906,0.8518114955053119,0.8475609756097561,0.8538295577130529,0.8640382533381451,0.8609877661984594,0.867494639027877,0.8746329744639203,0.8805728181572547,0.8801951572099747,0.8881679733261242,0.8906900923745699,0.8946890603722197,0.9048347888718826,0.9032430506058446,0.9045324768022841,0.9143958408031553,0.9146992311171416,0.9185858222382152,0.9170250896057348,0.9244975556762629,0.921043197705682,0.9206521739130434,0.9202547542160029,0.9203708753749659,0.9165191218130312,0.915508117319939,0.9177590231639433,0.9119899108188452,0.9128608454732327,0.8984789847898479,0.8967430207587688,0.8956772854435521,0.8868075996788868,0.8882751247327156
0.8725288487342339,0.8671493212669683,0.8576589595375722,0.8577874029958491,0.8572207084468665,0.8416472277050063,0.8424814441491799,0.8416853428955625,0.8331977952471311,0.8383115721695582,0.8328493647912886,0.8295557570262919,0.8271672107363076,0.828116518907183,0.8372218234027279,0.8295108403511915,0.8375698575806743,0.8384789497510186,0.8439050798520257,0.8492337673841793,0.8511306532663316,0.8576188760806917,0.8601147776183644,0.8681299230020356,0.868370607028754,0.8756970678179529,0.8784229774328784,0.8823955785086527,0.8863290004482295,0.9021902988383436,0.8974154010125233,0.9071936056838366,0.9043478260869565,0.9076404892749512,0.9143873085339168,0.915419296663661,0.9137180185084377,0.9168408615832045,0.9170135506155345,0.9178989385829629,0.9096570397111914,0.9120603015075377,0.9080711354309166,0.9011701170117011,0.9048573771985783,0.8969165385658739,0.889678754611716,0.8876759292674125,0.877217041506674,0.877448787905895,0.8756326825741142,0.8664867296446244,0.862273298617346,0.8547950153512732,0.8464072656041314,0.8485729867296855,0.8405261735291468,0.8425669023538889,0.8399452804377565,0.8282738360188729,0.8320978833616147,0.8348797405639131,0.8340678118535839,0.8291127873563219,0.8316440936406853,0.8302710569401491,0.8400888888888889,0.8395072828627944,0.8363063063063063,0.8401084010840109,0.8569365466197311,0.8529996385977593,0.8625247257687466,0.8632432432432432,0.8683569430659569,0.8759039371484689,0.8808234980921111,0.8845636379944389,0.8903254972875226,0.896579585241045,0.8995210987620855,0.9077407740774077,0.9067292080101028,0.910271546635183,0.9069619678678406,0.9155720626868376,0.9133879781420765,0.9142263195950832,0.9155956612888524,0.9179454775230186,0.9111191728641393,0.9093210378808426,0.9040312329762121,0.8998475746435937,0.89742422863384,0.8962146792251644,0.8897005772005772,0.8821774120625735,0.8783168051460735,0.8745695124161682
0.8616604392600018,0.8570277529095792,0.8549305802776789,0.8412571225071225,0.8373062630290945,0.8377141831883018,0.826513020597042,0.8179713242497105,0.8262027175908924,0.8216358360536815,0.8163670851774908,0.8138792631770928,0.8113224395035271,0.8096885813148789,0.8159804099401415,0.8200568990042674,0.8068477189208568,0.8163301929116196,0.8232672366745497,0.8277575650013311,0.838913624220837,0.8418048382712694,0.8385710448562986,0.8555397221232632,0.8639289275677636,0.8668995312069124,0.871141061834077,0.8752824220515137,0.8781311067685201,0.88607367475292,0.8946749841786457,0.8920734437975817,0.8996610774170531,0.9031592173756956,0.9042980966848361,0.9092934153078499,0.9100802854594112,0.9091647122496843,0.9087801367398345,0.9106789122996578,0.9060842994517839,0.9058344640434193,0.8969580707043026,0.891504789186286,0.8904158807149914,0.8866757617098682,0.8780974857039121,0.8750335210512201,0.8787687308178371,0.8628974633797785,0.8570523839681534,0.8515068493150685,0.8463534675615213,0.8344703770197487,0.8357366771159874,0.8283676417479234,0.8246944419662771,0.8275956533649895,0.8180087051142546,0.8175754844524561,0.8175608879302597,0.8142933049946866,0.8140812100477176,0.8155497429421845,0.8174891146589259,0.8179856115107914,0.8197061209771929,0.8169718624385887,0.8235189309576837,0.8347419528861716,0.8381471876956094,0.84262912482066,0.84958266737702,0.8553161048019315,0.8640150497178178,0.8656932982678879,0.8769162210338681,0.8774696392967193,0.8814728543271815,0.888647866955893,0.8911838340486409,0.9000454752160073,0.9044504995458674,0.9076679563841012,0.9052697058562161,0.9057899901864573,0.9089762076423936,0.9110892681619158,0.9093986636971046,0.908701089869573,0.902732829917296,0.9028540560007202,0.8942108580174665,0.8920094219967385,0.8880570088399784,0.8805161988990163,0.8782392616258431,0.8636567633067049,0.860791142066256,0.8617448439496258
0.8490962205587,0.8415850480726031,0.8370476020681048,0.8267479970866716,0.8195955056179776,0.8148748424275166,0.8127041742286751,0.8039268423883809,0.8044712881997657,0.8024207903168388,0.7895251645029344,0.800814479638009,0.795205978855268,0.7905937052932761,0.7971820874091358,0.7964490674318508,0.7958219800181653,0.8005635851286247,0.8103839520740673,0.8040852575488455,0.8172512017090974,0.8243605795027723,0.8287745186251575,0.8411572052401747,0.8425090252707581,0.8559758479843722,0.8595308459549317,0.8647744734701256,0.8765343607203656,0.8786433969053616,0.8819663275411902,0.8894932463058652,0.8922555921932092,0.8935337543360313,0.8985050432276657,0.9001788908765653,0.9065563449950536,0.9069913731128685,0.9036166530017309,0.9030319339791891,0.9045929968167349,0.8929587482219061,0.9013015184381779,0.8878992352676564,0.883685255369067,0.8823582196697775,0.869255721751667,0.8689128481581312,0.8611848731801117,0.8562138728323699,0.8449035812672177,0.8397988505747126,0.8361306623353185,0.8298651424488702,0.8217883569581884,0.8157871077946597,0.8106690777576854,0.8046917131044401,0.7905447996398018,0.8036386449184442,0.7976329238769838,0.7889186773905272,0.7988978227482157,0.7978471081919358,0.7966723320511674,0.799678772195949,0.8057682036674382,0.8031060335594431,0.812243033348561,0.8151275442182917,0.8232512491077801,0.8276229362684182,0.8314319613032765,0.8430154012429073,0.8400322985824511,0.8511686218321841,0.8606763806440008,0.8665821868211441,0.8757622644944024,0.8794152365386362,0.8881454019350755,0.8914051355206848,0.893202114087844,0.8974749283667621,0.8961993546073862,0.9005145797598628,0.9067773666636585,0.906323396567299,0.9009990917347865,0.9015613783201722,0.8968383017163505,0.8970389703897039,0.8930283027398499,0.8876951331496786,0.882331577991647,0.875694071287838,0.8674367436743674,0.8639705882352942,0.8530792848112696,0.8511044450504499
0.842019837691614,0.8248071637556521,0.8286203170028819,0.8093907714491708,0.8110215053763441,0.7989164224176215,0.796816393742567,0.7939120431820192,0.7794797425904106,0.7859610838334242,0.780652213517945,0.7780843866832828,0.7688956073270496,0.773766328011611,0.7756531106921627,0.7816952209197475,0.7812528247310856,0.7908285661561174,0.7930304367004852,0.7978588277989476,0.7988296834825782,0.8185725799229874,0.8168370091447015,0.8179107175131032,0.8313704008034328,0.835917196881441,0.8484928145811427,0.8586936855436946,0.8607990012484394,0.8615852023947815,0.8769395398608881,0.8792918454935622,0.8886795837818443,0.8820123054650741,0.8990510619069136,0.8981782106782107,0.8985079960689717,0.8978592162554426,0.8975952445285058,0.895966220465367,0.8935980767518475,0.8931332015099767,0.8901974674577172,0.882481155208428,0.8800179613830265,0.8717512098942463,0.8734983618492901,0.8531372728103023,0.8483500844970203,0.8384315149314695,0.834169479157165,0.8282957028404953,0.8132508190753549,0.800755599532248,0.8036903690369037,0.79520578923564,0.79455733595918,0.7858747416659179,0.7822675205195274,0.7831013561741613,0.7810469314079422,0.7810757330455118,0.7765312584818601,0.7743940895576178,0.7845239167642555,0.7813966077228437,0.7820698389723177,0.7909335727109515,0.7985181217639707,0.7965089988242742,0.810878736199623,0.8135834296381901,0.8164643606826686,0.820204557688857,0.8364971346704871,0.8436650353452964,0.8583017847485127,0.8525692049173078,0.8657240634005764,0.8707670429295173,0.8721603563474387,0.8892164745823282,0.8848039215686274,0.8909651669085631,0.8993960155052736,0.8986257362127432,0.8993342929111191,0.8996670566003779,0.8928115307425653,0.8937471884840306,0.892991575551174,0.8933876811594202,0.8841104572204618,0.8839253996447602,0.8651392632524708,0.8673080413868216,0.8587834200610084,0.8567698955707598,0.8382036572248117,0.8388778996583348
0.8151169113648722,0.8143891402714932,0.8051249888002867,0.8044005388414908,0.79315917048209,0.784941388638413,0.7814217497071808,0.7672241410652608,0.76928609962237,0.761432857532503,0.7594700337897919,0.7506797172376292,0.7509748798403918,0.7542218994007627,0.7554221186592579,0.7606530905176281,0.7678442682047585,0.7732999731927441,0.7713902548055431,0.7819823105680679,0.7851804593510755,0.7905677655677655,0.7957626357841817,0.8009004952723998,0.815045045045045,0.8204824761037779,0.8344889689329131,0.8404542996214169,0.8511115095016135,0.8549797205948626,0.8652789042083446,0.875199291408326,0.878713768115942,0.8810620428068274,0.8820792699293192,0.8955318379160637,0.8905660377358491,0.8911706169712321,0.8848746292801294,0.8847318724389809,0.8928767123287671,0.8794715081790401,0.877191388863657,0.8707403055229143,0.8641553537714646,0.8636485640153887,0.8584491259524877,0.8465078505684894,0.8399458972046889,0.8242880171950564,0.8160703075957313,0.8094729344729344,0.8056505308619759,0.7943091606457943,0.7840035746201967,0.777118334550767,0.7684844129009074,0.7723121439551497,0.7620831429876656,0.7551633154399053,0.7641517897192069,0.7563070802061669,0.753577106518283,0.7558656238890864,0.7656532754252624,0.7578329571106095,0.7673436376707404,0.7766158838907419,0.7717342036080138,0.7865658362989324,0.7867786507721485,0.7926729986431479,0.8067158067158067,0.815321355144364,0.8221738341498821,0.8187017703132092,0.8339128843338214,0.8481377942104789,0.8579362235757793,0.8635006784260516,0.8675090252707581,0.8767985611510791,0.8862211073284357,0.8861560084328882,0.8907447973713034,0.8874855465623054,0.8879890809827116,0.8916734033953112,0.8855748373101953,0.8911354405791984,0.8852107005457637,0.8808664259927798,0.8734620565783565,0.8698808136929832,0.8686859608125113,0.8570659488559892,0.8488393180993834,0.8437220132545227,0.8285429322694714,0.824267407473788
0.8153593279152589,0.7983367983367984,0.786291420789832,0.7908330301927974,0.7725178426235433,0.7703336339044184,0.7616430952166472,0.7520891364902507,0.7480208708168405,0.7442319777358829,0.7397898583828232,0.7414665562609256,0.7345321819638565,0.7317248829672308,0.7338853276353277,0.7432494279176202,0.7479814932414043,0.7516287371709058,0.7564946619217082,0.7551499819298879,0.7714105225160184,0.7794461427800755,0.7895268718419843,0.7987657633485377,0.802027269465375,0.8129949604031678,0.8201915331602971,0.8325943353542666,0.8370424198383141,0.8463871543264943,0.8474774774774775,0.863568215892054,0.8719220708938397,0.8735354619443699,0.8745330296127563,0.8838703837798697,0.8902122324706725,0.8851614069988245,0.8837000449034575,0.8799710773680405,0.8777647377448767,0.8778558094052805,0.8739632167327804,0.8636979495980489,0.8573741007194244,0.8512135703329423,0.8428943352186014,0.835938920196328,0.8254067028180283,0.8128554662814842,0.806207145434861,0.8036137981383464,0.7888718825965607,0.7805358903127521,0.7752396309235868,0.7678843909882417,0.7538406252807475,0.7537706381079875,0.7462808417997098,0.7399473222124671,0.7375011260246824,0.7397136124705456,0.7383160574649936,0.7331280007247033,0.7437735172908081,0.7415417751054474,0.7471137987905443,0.7469534050179212,0.7522267206477733,0.7726985274189176,0.7701149425287356,0.7776982280293538,0.7927796517458292,0.7974333838338828,0.8109789569990851,0.8200509461426492,0.8262830341841797,0.8368155619596542,0.8436796107757456,0.8518218623481781,0.8544843863471314,0.8706512853120174,0.8694716067103256,0.8774745853397539,0.8773559624832514,0.8844074106905416,0.8895296449810777,0.8864066300333303,0.8868211505770779,0.8753106141285055,0.8771334107765169,0.8661632244563734,0.869974261116535,0.8617973505191551,0.8532928788149206,0.8451202905129369,0.8398402033775195,0.8290567724631203,0.8198819791193827,0.8077440172089271
0.7886438206343419,0.7845075485262402,0.7732430453879942,0.7607579245617142,0.7563882618510158,0.749145837079662,0.7322899505766063,0.7284602308311712,0.7316199516432346,0.7218065446678086,0.7138881407666756,0.7148863839685096,0.7174714504091358,0.7162199000454339,0.7215657977811851,0.7176609034126912,0.723203138933476,0.7282657355179515,0.735425608011445,0.7432371708456906,0.757922218221102,0.7580430736506248,0.7723759884974838,0.7803030303030303,0.7842798727850977,0.798810703666997,0.8115903443379482,0.8160291438979964,0.8294075660242684,0.8416289592760181,0.8416606757728253,0.8559397957355313,0.8610388445321612,0.864700080695777,0.8745291479820628,0.8717739003998546,0.877221324717286,0.8785308185181843,0.8729177861364857,0.8725781742813373,0.8767471410419314,0.8669110907424381,0.868219843482954,0.8531196232907724,0.8508002531874491,0.8327635840230299,0.8403882448099218,0.8272751871561288,0.8115342163355408,0.7944671201814059,0.7826600090785293,0.7795689186741532,0.7761462931267453,0.7598450031540056,0.7599817684594348,0.7482901367890569,0.7460923300617958,0.7228553195368767,0.72841710561557,0.722242314647378,0.7194772645900466,0.7139532802291237,0.7150277954980406,0.719151212553495,0.7239330091842248,0.7234501347708895,0.7364919536096377,0.7294956239285392,0.7411984352773826,0.7434257925072046,0.7563078028194308,0.767452485380117,0.7774155573666576,0.7841765339074274,0.7959128311782259,0.8024480244802448,0.8167987036370183,0.8265068860668933,0.8290146149018202,0.8435934144595562,0.8518185091825711,0.8536221715488511,0.8633924511141428,0.8689913493266744,0.8716119828815977,0.8800820256776034,0.8791346325764349,0.8771364653243848,0.8753058450385138,0.8699701600506375,0.8720940669598779,0.8678223185265439,0.859892569382274,0.8518385327699362,0.8435916002896452,0.8387420237010027,0.828535444404462,0.8097605061003164,0.8062049959996445,0.7981301624761732
0.7904910223525101,0.7722192175950965,0.7630668204809655,0.7477260567148207,0.738037742599052,0.7336557406412323,0.7181564497254478,0.711797957695113,0.7148812760558274,0.7040953490456134,0.6975640336736522,0.6960766909284573,0.691016333938294,0.7022088901008999,0.6952346439572387,0.7032807685336233,0.7040209159754778,0.7094509450945095,0.7044983322816191,0.7265339663988313,0.734485254206622,0.7469031280634525,0.7564572265982781,0.7579372197309417,0.7824914614416681,0.7878733031674208,0.799835781406806,0.808880136066601,0.8151199637845179,0.8324097247050412,0.83705236638474,0.8471635350175313,0.8479941781133449,0.8547156096674541,0.8652240280147256,0.8677311076839336,0.8691944847605225,0.8737033666969972,0.8669932861549628,0.870420017873101,0.8667320377963986,0.8571298984034833,0.8535448597293179,0.8486612339930152,0.8429466799890998,0.8344018058690745,0.8245709123757904,0.8135487880671224,0.8019218565859849,0.783771613832853,0.782448442299254,0.7646158003783443,0.7511054958938724,0.7399478276513448,0.7311180960933992,0.7262088360700354,0.7248821182444686,0.712279111916629,0.7011494252873564,0.6983914209115282,0.6953188418868945,0.6896117900790798,0.6912178730360549,0.6987062682215743,0.6971418267063385,0.7060513557191597,0.6957148001440403,0.7158138705651631,0.7154995080940881,0.7291892870068766,0.7399342280686161,0.743213897937025,0.7596153846153846,0.7692994996426019,0.7752442996742671,0.7936550976138829,0.7991047448522829,0.8114450762704215,0.8191871965473836,0.8315628375945264,0.8357098018114967,0.8533692722371967,0.8571556671449068,0.8606120790827841,0.863885642362672,0.868691380080393,0.8710764319914879,0.8664328116567728,0.8654442619959861,0.8697822141560798,0.8614870961920231,0.8503267388774506,0.84724883657268,0.8380045351473923,0.8335853419905719,0.8288452761296212,0.816121135189047,0.807332012250045,0.7950526797984425,0.7865208818784728
0.7666875727981364,0.7607778389286369,0.7442256042972247,0.7337973424929947,0.7192683582892495,0.7094441934026209,0.7039272203206629,0.6970976727468775,0.6935660756717237,0.6767577250335871,0.6748604358004682,0.6748018731988472,0.6772180519128154,0.679981884057971,0.6743098642208435,0.6859355303439583,0.6793707865168539,0.6939212710881014,0.7046967788375023,0.7113570391872278,0.7115822036211445,0.723728352525161,0.7312637766348273,0.747462848858282,0.7576782693848482,0.7747262609944354,0.7858424546922663,0.7948462929475588,0.8100719424460432,0.8131304034582133,0.8290178571428571,0.8383098081795151,0.8423990077958894,0.8515540296349837,0.858935293063273,0.8603013283409111,0.8688643361709835,0.857038190310468,0.8614211815954261,0.8572212065813528,0.8605537902859737,0.8513648317765484,0.8371631972605209,0.8445287107258939,0.8266907123534716,0.8128279355889271,0.8108108108108109,0.7984807864164433,0.7949231189154763,0.7774190572825385,0.7700759267530147,0.7490801399982051,0.7408509104020191,0.7268547732804471,0.7246169011560175,0.7123433750999734,0.6953498871331828,0.6936462609316437,0.6821844225604298,0.683985441310282,0.677486250112704,0.6856444605358436,0.6769604753758891,0.6883000626622505,0.6804077214504781,0.6779370660896222,0.6855488191113926,0.6936708860759494,0.6954401805869075,0.7105169657132706,0.7141688630373535,0.7351717902350814,0.7427478198967787,0.7550579983814405,0.7687343133739691,0.7814449769418573,0.7835997094079187,0.8032214765100671,0.8109628822942191,0.8193836534167039,0.8323709852038975,0.8385686239514546,0.845904298459043,0.8447841726618706,0.8568104528369429,0.8642493525051353,0.8634018285507378,0.865686274509804,0.8627750336775932,0.8611185682326622,0.8591536668459745,0.850786062333364,0.8456210698988426,0.8307005800981705,0.8242782858167473,0.8144496235209753,0.8069213483146067,0.7918308849874597,0.7770706346360703,0.7689893283113622
0.7494505494505495,0.7485067873303167,0.7368039180119716,0.7066582914572864,0.7030324780190202,0.6825788751714678,0.6846524924066464,0.6732601397332365,0.6663953698679689,0.6657958742455634,0.6576520103877497,0.6541271989174561,0.6562666666666667,0.6468896080546566,0.6551033415278157,0.6567351700619223,0.658569745309526,0.671668940427467,0.6813028612560734,0.6876816860465116,0.7004230803852732,0.7034237843744309,0.7247340425531915,0.7394116039712177,0.7445025234318673,0.7522680319770053,0.7739385325990407,0.7890798966776521,0.7938218390804598,0.8108204624587091,0.8134895786743,0.8271682528281559,0.8447569877158626,0.8421005546609411,0.8525044722719142,0.84980523598152,0.850491087668243,0.8530582699963808,0.856346637900036,0.8549204373722109,0.8477203099657596,0.8412626628075254,0.8327383077472331,0.8370907139023082,0.829424499368573,0.8130622526088521,0.8,0.7874022904926377,0.7710800143523502,0.7548124717577949,0.7507046095099554,0.7341205940239757,0.723003853391881,0.7097651645661438,0.6969148647426038,0.6900542495479204,0.6798712331217026,0.6732138030453194,0.659451787456755,0.6627218934911243,0.6619349005424955,0.6518273020422788,0.6584640346133045,0.6606049853632573,0.6623330365093499,0.6634849167041873,0.6691017316017316,0.6808920704845814,0.6792839330245815,0.6933779022495257,0.7026930939472047,0.7149888143176734,0.7302956771816302,0.739876088713298,0.7544095263676247,0.7653459062471666,0.7772644927536232,0.7885253249663828,0.8000887705281846,0.8099764620677168,0.8243582839705619,0.8310670868977937,0.839174137462646,0.8407654811337787,0.8426996504436677,0.8548517157960757,0.8540873663222766,0.8617221873035826,0.8536005123982066,0.8496143958868895,0.8487031700288185,0.8446319992739814,0.8271276595744681,0.8187465740909922,0.8078381795195955,0.7938560293443374,0.789892414790706,0.7810803595265641,0.7676785714285714,0.7590708562168003
0.7288499373993919,0.7290969899665551,0.7111743266068095,0.7017019735650915,0.6933728981206726,0.6770643870498363,0.6685132237312366,0.6543992853952657,0.6401225114854517,0.6422800718132855,0.6307339449541285,0.6390292313244316,0.6282327586206896,0.6335898353614889,0.6344647519582245,0.6332698066975224,0.6461828294608415,0.6454125532107599,0.659345584939489,0.671448025419882,0.682626042800145,0.6892927133440228,0.7124235886371809,0.712074583635047,0.7315751445086706,0.736742934051144,0.760599182932365,0.7739495032358035,0.7864768683274022,0.7930693958165006,0.8046591733139956,0.8183135585544787,0.8206463195691203,0.8373376045559708,0.8427318295739349,0.8492978033849478,0.8459801264679313,0.8521857923497268,0.8479159180740209,0.839622641509434,0.839368533713878,0.8353500044814914,0.8227097006203362,0.818830242510699,0.8151100643174201,0.8012291322693084,0.7856562922868742,0.7813565404629463,0.7551260048776082,0.7427904051747373,0.7271095152603232,0.7220335954253038,0.709396277802996,0.6956993133357426,0.682390221819828,0.6742852100247088,0.6689042089985486,0.6530760829996359,0.6482986514244887,0.6421447524933662,0.6372180451127819,0.6362087517934003,0.6342634535241891,0.6344858962693357,0.6336828896656808,0.6374056217593014,0.6359597424970532,0.6536885245901639,0.6651400387528624,0.6692143618912193,0.684924028750796,0.6979090909090909,0.709680300053581,0.7202708803611738,0.7430833636694576,0.7447949244928961,0.759870491950715,0.7780787287829541,0.7905417486143393,0.8068354656884674,0.8161354222942554,0.825,0.8347159603246168,0.839440910312696,0.8440116490717146,0.8484329971181557,0.8480273209310686,0.8507177902962021,0.8435343261896113,0.8376704953338119,0.8392239023501549,0.8342841619125237,0.8180837677512134,0.8126505486662503,0.8046399140093157,0.7968468468468468,0.7817373957199855,0.7666606628242075,0.7487772343263672,0.73512252042007
0.7190553745928339,0.7066918510523476,0.7019187460589136,0.6831426528423311,0.6629354347631414,0.6559761496070106,0.6469017585857656,0.6446258503401361,0.6274651058081945,0.6170943259848211,0.619878259289543,0.612058137448412,0.598242594437902,0.6166273370847704,0.6071075123706703,0.6123711340206186,0.6220507759935409,0.6261957979436745,0.6420247308958278,0.6457879448075526,0.658173719376392,0.6714260057471264,0.6853747714808044,0.6987753609943338,0.7221920289855073,0.7296935037083371,0.7451642335766423,0.758445332364693,0.7722826086956521,0.7802893309222423,0.7982316534040672,0.8127189436809485,0.8141283910824604,0.8179160021265285,0.8368027394791385,0.8285611704514855,0.8419733190079685,0.8406060056246031,0.8352919905984452,0.8427259632697155,0.8292682926829268,0.828307525129041,0.823677130044843,0.8077511015196475,0.8004010207801677,0.7840653911793767,0.7741096259083161,0.7587962542049277,0.7503577817531306,0.7382526029877773,0.7186664289534677,0.7034409365023058,0.6875990840232518,0.6762149698474637,0.6643119019940982,0.6564995065937024,0.6456224471674659,0.6382449595878853,0.6223265048280842,0.6108666367310283,0.6168530133624216,0.6120218579234973,0.6120100683207479,0.6143390191897654,0.6073871409028728,0.6138479616740486,0.6277812809656788,0.6288237436270939,0.6393516434038722,0.6576905929558626,0.6719906154123805,0.6719307637401856,0.6925207756232687,0.704872096176444,0.7142729065805989,0.7358948978673625,0.7553924234185245,0.7677390122338016,0.781582054309327,0.7904547501125619,0.7995942489194672,0.8114362899594777,0.8135925793792366,0.8320413436692506,0.8333631965597563,0.8410793249706705,0.8433130154177124,0.841005291005291,0.8404651585354774,0.8429947301471924,0.827041499330656,0.833636198437216,0.8146516111264115,0.8085685758373423,0.7961851885018357,0.7832476782977189,0.76946758420862,0.7520829640134727,0.7400650289017341,0.7241005243174833
0.7150653068527465,0.6972093446050359,0.6844262295081968,0.6612348361397791,0.6490288618624069,0.638680926916221,0.6301975286371426,0.6146604515126588,0.6092589237180649,0.5997005460630614,0.5946772163279985,0.5840309658835179,0.5855125284738041,0.5861820149724903,0.5877506179620984,0.5904488845085566,0.6087888531618435,0.6099573773465131,0.6122742384760536,0.6244127213588724,0.6404798412555245,0.6474852741277752,0.6729673509993669,0.6861782814312484,0.7035839396389113,0.7144140905823149,0.7248437641517979,0.7471573104127496,0.7603885590933621,0.7721155571505472,0.7932209469153515,0.7983268066927732,0.801137389420473,0.8216537560799856,0.8238942826321467,0.8350589075330239,0.837281795511222,0.8343237889429137,0.8411282984531392,0.8287317823843577,0.8310870721759177,0.8197737068965517,0.8116691943973593,0.8015308419630797,0.7924323345704716,0.7793959971408149,0.7574418185098322,0.7520462633451958,0.7439813151275602,0.7189285714285715,0.7013142174432497,0.6909415439535922,0.6676544540229885,0.6486364863648636,0.6429541134944339,0.6375947995666306,0.6290585887901324,0.6213007106233697,0.5950815241870102,0.5989115646258504,0.5912329755569586,0.592865382908865,0.5875236977520989,0.58488194631475,0.5895455361954374,0.6037496603568517,0.6026854104712985,0.6047579682189768,0.6166457624081706,0.6362411283801994,0.6415964523281596,0.6571841416057076,0.6795450442318108,0.68784356132288,0.707732516222062,0.7170289855072464,0.7387973273942093,0.7532632342277013,0.7663723325974982,0.7840816695275092,0.7965189305580477,0.8104747208859036,0.8123832399252735,0.8261779152264872,0.8242056666968408,0.8325787758058675,0.8285433773652267,0.8353309481216458,0.8353160511363636,0.8300234699404224,0.819844989185292,0.815984793627806,0.8019038984587489,0.7965395416251472,0.7907060844408281,0.7734732311003497,0.7603463992707383,0.7404201604904878,0.7250022622387114,0.7092887330276054
0.6963293560433556,0.6795394154118689,0.6665472137609747,0.6355241716458446,0.6315505617977528,0.618656312082355,0.6157960420752362,0.596422378388245,0.5924731182795699,0.5739991003148898,0.5761153672825597,0.5681369912139143,0.5638480281563036,0.5689962560171153,0.5761613580359587,0.5690009838118236,0.5784243509400179,0.5973347739960382,0.5997665229885057,0.6142131979695431,0.617525588076854,0.6307790899935916,0.6532645436755026,0.6675995305588156,0.6802207911683532,0.6985170055945298,0.7125850340136054,0.7309425121643539,0.75137672655051,0.7681842916742245,0.7752698724239451,0.7931744894303118,0.8048758626871023,0.8111742937088184,0.8174786628733998,0.8199678514020361,0.825892449557199,0.8235136821463589,0.8284480382247542,0.8178291076423351,0.8225314183123877,0.8140540540540541,0.8051704088022185,0.7891447955722193,0.7885210114607968,0.771721677074041,0.757335018506816,0.7433652041819319,0.7155187915842475,0.7047321428571428,0.6870613640453482,0.6745317002881844,0.6509290009873441,0.6387884267631103,0.6307954443547664,0.6128572700560947,0.5944579835725246,0.5864379522916108,0.5751558325912733,0.5785161174140104,0.5704897371263954,0.5616865751470851,0.5654314357321876,0.5624775905342416,0.569843989539183,0.5769947634685364,0.5777817951730995,0.5884151825867961,0.598694942903752,0.6101571727082765,0.6287851478010094,0.6403075233388248,0.6619591616443286,0.674724878224788,0.6912607449856734,0.70146306435688,0.7260286470212571,0.7559111750427043,0.758561797752809,0.7716563647764938,0.7891823214447772,0.7933274021352313,0.814838073024132,0.8151237890204521,0.8182719163888639,0.8280127330604821,0.8253725983120848,0.8299332009387976,0.8253187613843351,0.8280003585193152,0.8196914700544464,0.8092643051771117,0.8092672413793104,0.7931221719457013,0.7755722460658083,0.7587349937287224,0.7407641016399351,0.7281914893617021,0.7102011364661315,0.7080110251622654
0.6761115160349854,0.6557850121742267,0.6474142527101475,0.629802513464991,0.6188587397457856,0.5971397733405289,0.5831686725345787,0.5840973041662885,0.5659375281303448,0.55625,0.5502065744566194,0.5465011692750494,0.5411138189367272,0.5412884854956398,0.548760775862069,0.5504050405040504,0.5588551946886775,0.5644931409228576,0.5793622032976988,0.5840389119077644,0.6060417592181253,0.6232642019837692,0.6383340797133901,0.6575070053330923,0.6678172404396403,0.6947945205479452,0.7083183614804168,0.7176354325756895,0.7360624831672502,0.7548293915869291,0.7719378427787934,0.7807626431082665,0.7912971935277447,0.7990031717263253,0.8105141021063905,0.8118874773139746,0.8159520186196402,0.820629401800838,0.816895059502344,0.8177129646096389,0.809570838570659,0.809293580445877,0.8001629844259326,0.7881478796665459,0.7662618083670715,0.7627594959659142,0.7368468960495176,0.7281043383751472,0.7100597152044097,0.6915525936599424,0.6782616471429849,0.6586815561959655,0.6378857815186895,0.6216484607745779,0.6099443546939508,0.5954520941937803,0.5808750563824989,0.5786562698340738,0.5587966349670812,0.5522239333272941,0.5550487434039889,0.547526804216596,0.5493465525011266,0.5455850681981336,0.5487804878048781,0.5504079782411605,0.5605458160130128,0.5689439885836604,0.587782156932999,0.6022480058013053,0.6129554655870445,0.6304682546870755,0.6498246875842848,0.6585609291352872,0.679879165140974,0.6976158344579397,0.7148454893579126,0.7327942497753819,0.7426984411395807,0.7529251700680272,0.7693782525335524,0.7865798516910834,0.7972753518585348,0.8072398190045249,0.8129218032934401,0.8195981233955918,0.8176168603080248,0.8249504236524248,0.8140299598100109,0.8140458566528255,0.8093910227579383,0.8008313753840592,0.7907670069563646,0.7863171125875381,0.7607174887892376,0.7480564093292352,0.737956204379562,0.7136477313326188,0.7004234615731147,0.6773347798571557
0.66833140105235,0.6491782553729456,0.6314742836481967,0.6099258723558126,0.5941123996431757,0.5836789900811542,0.5680623527279318,0.561329629961473,0.5443234836702955,0.5384130982367759,0.5288775880857247,0.521224710982659,0.5171518137035378,0.5220246238030096,0.5178651786517865,0.5242274966412898,0.5412366508121691,0.549512987012987,0.5575449848565829,0.573067467904944,0.5920189504373178,0.6033631877170536,0.623410352856887,0.6283686669062163,0.6565232910940567,0.6818593693367162,0.6846733668341709,0.7089585766915266,0.7243401759530792,0.7383992805755396,0.7585523946705077,0.7710897493486659,0.7805054805688921,0.7990805840995132,0.8051263731356614,0.8128686813685453,0.8144228181899722,0.8151824034334764,0.809640969564425,0.8007301219837949,0.8061133819086547,0.7997297297297298,0.7867333030440709,0.7747871463883549,0.7598214285714285,0.7540837275729715,0.7300773520417341,0.7088119167264896,0.6969204370992504,0.6800288912964969,0.6672442093744301,0.6364288275367516,0.626025051815806,0.6147919876733436,0.5921941678520626,0.5826031975431307,0.5621349627100368,0.5526101510902017,0.5428012101797473,0.531805467833619,0.5257309408871482,0.5238138686131387,0.5220529270248596,0.5286307053941909,0.5267721462411727,0.5291947818263608,0.54,0.5479684982996241,0.5621926789291568,0.579992809635089,0.5836821947091833,0.6076964190272581,0.6337596829400108,0.650286944045911,0.6531264262893656,0.6760739483790301,0.7021909656478226,0.709168020212958,0.736827932860605,0.7533519301718707,0.772652987107318,0.7743089721799803,0.7830282261700785,0.7965659834591874,0.8058349189091238,0.8032921810699588,0.814875283446712,0.8087411955932816,0.8050212227941841,0.8062856092630031,0.7968498299624127,0.7920738327904452,0.7753636200395044,0.7772403723307173,0.7569551427276846,0.7376709863210943,0.728872300719808,0.7070944419340263,0.687399319849651,0.6675364405254633
0.6554455445544555,0.6330062444246208,0.6202724502599032,0.6021795911015041,0.5855994218086548,0.5565795303500222,0.5541677979907684,0.5345155161494617,0.5371720116618076,0.5279251731270798,0.5082278481012659,0.5007704160246533,0.5005749668288368,0.49813517693077414,0.5193826600090785,0.5117268858100154,0.5178375411635565,0.5339313219171876,0.5432557296856599,0.555766278334688,0.5680558039706671,0.5851275556359689,0.6046428571428571,0.6231832367365135,0.6444624235886371,0.6589430532038143,0.6752535679023427,0.6998944219602323,0.7152548424529144,0.7317226513382432,0.7485169872371022,0.7658964714311303,0.7847557702630167,0.7907166863475338,0.7911260321204973,0.7989895344640924,0.808725131590686,0.8087782805429864,0.8089183222958057,0.8029888828139238,0.7992799279927992,0.7887750556792873,0.778554152109648,0.7676333691371285,0.7506317689530686,0.7411003236245954,0.7217550274223035,0.6947263501268576,0.6776622445320903,0.6724830988488946,0.6437970777747527,0.6263965846125897,0.6000532907007727,0.5893162778128097,0.5687113214415727,0.5555952168481171,0.5339190290734535,0.5383516385391552,0.523351895096102,0.5130932896890343,0.5039112243041659,0.49817241686725505,0.5063105908176331,0.5072670530539456,0.5122630491420358,0.5106907894736842,0.5250135943447526,0.5314504632929437,0.5449677829204101,0.5636834583779922,0.5738798008534851,0.5899053627760252,0.6079646017699115,0.6221243709561467,0.6497720568517029,0.6630218687872763,0.687970598780925,0.7125044531528322,0.7202841215608703,0.7470677768824425,0.7673057880997389,0.7657101993385179,0.7788790773112273,0.7952930728241563,0.7977236063810719,0.8024811696942844,0.8087521743110867,0.8087906185659296,0.8119411073977058,0.7988293561458802,0.7920145190562613,0.7815096025011166,0.7805784027593526,0.762667860340197,0.7477824567691067,0.7263681592039801,0.7072863190128794,0.6935092916778886,0.6736993959065909,0.6598426604684426
0.6361339229311433,0.6195016641180174,0.6067811934900542,0.5802580528737706,0.5547159747533114,0.5405550581915846,0.5359270626466871,0.5131778790315376,0.514136502791284,0.49335236905505486,0.49217002237136465,0.4795799299883314,0.48052181736392263,0.48514129443938014,0.4894613583138173,0.4942518248175182,0.5049371633752244,0.5050459542259866,0.5258081800321486,0.5399032116146062,0.548369711668014,0.5617218071860548,0.590801241102391,0.59994621728218,0.6207953828117955,0.6466259870782484,0.6632110339853962,0.6901205686521504,0.7044444444444444,0.720807647636916,0.7370824751499955,0.7549919050188882,0.7695177434030938,0.7778872860854762,0.7885380737596179,0.7968735962626898,0.800216958958597,0.8000548045305078,0.7974110618267403,0.7936250675310643,0.7942720324155079,0.7848957863394388,0.7745690822127966,0.755615696887686,0.751268115942029,0.7300796812749004,0.70861882437793,0.6903120464441219,0.667333757845902,0.6497521406038756,0.6326566951566952,0.6035218298992466,0.5841380543633763,0.5729817885294917,0.5614978052494849,0.5424524045835964,0.5256283217728133,0.5028127511384946,0.49688768606224626,0.490192566054635,0.48927310582058475,0.47795844625112915,0.48452688843306874,0.4823329457017622,0.48405405405405405,0.49869451697127937,0.5053512006475402,0.5115211521152115,0.5294965324687022,0.5432675044883304,0.5586526239331759,0.5781854149806672,0.5917852639164115,0.6139246199514258,0.6438887885899982,0.6534393925698273,0.6767831412103746,0.6974163027656477,0.7090174966352625,0.7264235674510509,0.7437715948354247,0.7639262045495253,0.7734226486829003,0.7827391457818567,0.7881050926759042,0.8005314437555359,0.7959665697674418,0.7958310577098124,0.7974524578399713,0.7939180016291068,0.784366576819407,0.7729048295454546,0.7552772808586762,0.7469760774124182,0.7346883222938028,0.7160860563507067,0.6981064345328906,0.6885874899616311,0.6572841726618706,0.6388789076536112
0.6270196257416705,0.6112665884264693,0.5836730995741597,0.5661705730327066,0.5480465577912118,0.5278750336654996,0.5218601310710118,0.49937298459333573,0.48831965364841706,0.4714402100117679,0.4696996623422783,0.4713644524236984,0.4655436447166922,0.46429859358095926,0.45820210564204084,0.47344173441734416,0.48269058295964123,0.49485930735930733,0.5091591457421142,0.515005359056806,0.5409806567701304,0.5469235550031075,0.5671778021175612,0.5875974549690832,0.607397504456328,0.6365782782419179,0.6633044720164242,0.6735825433732785,0.6959776334776335,0.7102646066418044,0.7355708340872082,0.7490124023886082,0.7629209436340717,0.7736699729486023,0.7795112273424114,0.787463976945245,0.7927404718693285,0.7857976479037616,0.7950058595510683,0.7793184701830705,0.790026011301462,0.7744956772334294,0.7615690527838034,0.7464372143049207,0.7340661288892829,0.7172277936962751,0.7009724473257699,0.6795335382390164,0.6565820277327571,0.6434859937750111,0.6132925072046109,0.5942391984971822,0.5680611785874944,0.553804347826087,0.540698204356941,0.5192166910688141,0.502193571492524,0.4964443244216401,0.48312064440220837,0.47290420498169805,0.46847994178113345,0.4616286409955812,0.46415265788278054,0.45568253396922526,0.4647887323943662,0.4756554307116105,0.48695652173913045,0.5047917599641738,0.508609865470852,0.5346623563218391,0.5422966162706984,0.5682627269490922,0.5813379638091757,0.6070760181801979,0.6275056179775281,0.6368750567099174,0.6560050454995946,0.6831450519656574,0.695772633836804,0.7200900900900901,0.7387769849155451,0.7570406592411483,0.768881626724764,0.768815268275117,0.7838033261026753,0.7866389064904499,0.7857142857142857,0.7824358511022769,0.7906538703022693,0.7875309888899091,0.7725514884432053,0.7680151706700379,0.757094931544111,0.743010553601185,0.7284463302338178,0.7032166340856585,0.6892162211311148,0.6740813239612065,0.6471793957757775,0.629957127545552
0.6201403887688985,0.6002838641000621,0.575937950937951,0.556998556998557,0.5280007296607078,0.5165478149570305,0.4912866817155756,0.4781012091356919,0.4704963235294118,0.46637704769662414,0.4549500454132607,0.4470397987602192,0.4490926968803075,0.43473140683032885,0.4522654462242563,0.45081167391111504,0.45775908358689815,0.4688480502017033,0.49088931193908075,0.49543440918542625,0.5169431068307473,0.5309814563545907,0.5631640032139987,0.5755850727387729,0.5946690359840071,0.6126412429378532,0.6390458254865035,0.662533215234721,0.6775510204081633,0.6994251300301122,0.7250223413762288,0.7378510922871154,0.750337260545013,0.7613750341934895,0.7764577854357486,0.7836604290278412,0.7875055778670237,0.7931190994916485,0.7823141223053234,0.7918202247191011,0.7849151930710935,0.7689739193213608,0.7536375960234976,0.7444101072532266,0.7231628242074928,0.7164809489575845,0.6929434202161475,0.6751346499102334,0.6449067431850789,0.6234245588764854,0.6010738255033558,0.5811635841264141,0.5616854133190502,0.5394093132813915,0.5160209992758871,0.5056512378902045,0.48639855399909626,0.4742380261248186,0.46487161198288157,0.4601705679549991,0.44932462653189015,0.4405922715781871,0.4421071556993887,0.45226860254083484,0.444365760821457,0.45797974267725156,0.47394852479598243,0.4761007981346964,0.485947416137806,0.5012037449843959,0.5300903156576947,0.5467664350614645,0.5634599838318513,0.5848011621572544,0.6101366322008862,0.632625758116304,0.6539708265802269,0.6759184406718765,0.6965253710121745,0.7129696531791907,0.7360388178209087,0.7420313344138304,0.7578223910291192,0.7682442196531792,0.7753393266349374,0.7826705809091717,0.7893050983183557,0.7798856312970863,0.7859465317919075,0.7724637681159421,0.7759140930067447,0.7532882718304713,0.754735525375268,0.7335505475608652,0.7124518613607189,0.698971698971699,0.6729022884126408,0.6591255947571595,0.6335437330928765,0.613383566559024
0.6042514699231117,0.577054486603129,0.5569404591104734,0.533505383999288,0.5130894746279362,0.4959799892799714,0.48055706275999277,0.4759825327510917,0.4570474643566143,0.43922601744186046,0.4348181818181818,0.4285326823976132,0.42510520189811085,0.42359273788887875,0.43085250338294995,0.43960787840633153,0.44171723575763067,0.4565024805102764,0.47098274166145043,0.485149416909621,0.5054607816589944,0.51699094414059,0.5388629003238575,0.5678880271017206,0.5783023968282573,0.61367490850665,0.6316539077799537,0.6542644019052755,0.6696234612599565,0.6990740740740741,0.7185065807144776,0.7360688048736785,0.7480895441877191,0.7560821769688232,0.7731661102589552,0.7803057553956835,0.7824917032917751,0.7814944699217696,0.7817674586033118,0.784968496849685,0.7652213188798554,0.7614924573774882,0.7488625211883309,0.7296190815236739,0.7162272356618646,0.6995334649201507,0.6855407698490668,0.6554090662813798,0.6347011596788582,0.6147533509619768,0.5946509519492293,0.5649291681801671,0.547664226981115,0.5249311172340236,0.500270221581697,0.48825065274151436,0.4756340579710145,0.45680229431797814,0.45145631067961167,0.43878479170456614,0.4313635948488446,0.4282507183908046,0.4309053163642928,0.4268204758471521,0.4299039780521262,0.4400863620007197,0.45146871008939976,0.46463654223968565,0.4857193542664538,0.4966582369942196,0.5156905674147053,0.5325814536340853,0.5537693006357857,0.571659048131218,0.600608392234052,0.6139917695473252,0.6434513274336283,0.6614828209764919,0.6835558807389793,0.7009217851601716,0.724279086691531,0.7284197149859308,0.7571519389701208,0.7643340455840456,0.7644286349488661,0.7768662098809953,0.7728457183933867,0.7834796926454446,0.7754788579689194,0.772413157652262,0.7624294544477291,0.7518155410312273,0.7458037878107889,0.7291571961087372,0.7089975682248041,0.6916156890967974,0.6674276321797096,0.6525758391671154,0.6232803287475434,0.6030200142959257
0.5966795993864478,0.5611313868613139,0.5392838054516301,0.5215564486664231,0.5064246563033517,0.49102598446289847,0.4562079784849843,0.448483192128997,0.43589511754068716,0.4194838240639767,0.41253644314868804,0.41450966095515857,0.414963503649635,0.4065993508835197,0.4129583481666073,0.41657015590200447,0.4294721671770852,0.4419815130575249,0.44723751998578787,0.4677830360393156,0.48304548331675556,0.5114407162883241,0.524130493394446,0.552801724137931,0.576902320561252,0.5888888888888889,0.6149477100613054,0.6346673877771769,0.6659070191431176,0.6806970509383378,0.6988677867056245,0.7202327663384065,0.7350544722145931,0.7500224799928064,0.7610980250045298,0.7682083029861617,0.7669274345832209,0.7724225403152745,0.7726985274189176,0.7678667866786678,0.7567937260623746,0.7508078994614004,0.7388194821654898,0.7273545831082298,0.7086565035214407,0.6897933737085857,0.6670517149457971,0.6464719753310357,0.6292639929484354,0.5971785425465002,0.5763667788592741,0.5549445596322005,0.5333272875668813,0.5049800796812749,0.4769272776918176,0.4602547999282254,0.4576808183217163,0.436247641297511,0.423783493144547,0.4222101547651371,0.415511966888609,0.40624439260721334,0.4090021306818182,0.3995684229455134,0.4194661340112584,0.42915162454873645,0.42504984593075945,0.4458685574038724,0.45895423683978487,0.48066148563166455,0.4897866955892986,0.5149510692279812,0.5398359161349134,0.570861882437793,0.588720645570768,0.6117381489841986,0.6235904778951137,0.6540477050957716,0.669009642245652,0.6931015752308528,0.7161603451375157,0.7357826322440874,0.7453707885466534,0.7510454666785301,0.7639410310411134,0.7683345375722543,0.7808772087182707,0.7738697930544454,0.7736771898621609,0.7646366844629445,0.7601436265709156,0.7468456375838927,0.7385023315351559,0.7194374323837,0.7070172290021536,0.6838639848471183,0.6532010820559062,0.6412112651187428,0.6148967017035157,0.5952913794646854
0.5881360447562384,0.5640194489465153,0.5391943385955362,0.5075523202911738,0.49189773136478215,0.47106544077879936,0.4490909090909091,0.4371348970971511,0.41911630454628446,0.4094331065759637,0.3988026092395675,0.39296373338156826,0.39517876489707476,0.39409567846345367,0.3931716082659479,0.3941912421805183,0.4055595798623687,0.4263503190437674,0.4328131966116808,0.4560429722470904,0.4702004695683583,0.5000451467268623,0.5130341306100511,0.5362370265235519,0.5614399133886684,0.586553253099267,0.6150009069472157,0.6359723841118982,0.6530263512905837,0.6694609698936362,0.6989438182302299,0.7069851284362325,0.7244997776789684,0.747417171357321,0.7478620937978215,0.765045045045045,0.7737259139204034,0.771044992743106,0.7670464660850989,0.7644616911831063,0.7536154258168184,0.7514347202295553,0.7354718322374267,0.711708461122136,0.6991440539063922,0.6819954648526078,0.666126564047169,0.6330091793147323,0.6148525664361121,0.5953935437069279,0.568948367845194,0.5414827493018647,0.5142677674084709,0.4917987971569163,0.48254767902123064,0.4637772006805767,0.4496005744547168,0.4187790074973224,0.4178676931340077,0.3966460407138373,0.3967454823339027,0.3867468781332604,0.39080974561089216,0.39978448275862066,0.3937472085752568,0.40115864527629236,0.4229403409090909,0.4365755266696549,0.44659760671548493,0.4652977044476327,0.48563526052819417,0.5031305903398927,0.5305253623188406,0.5422849340009104,0.5710196779964222,0.5944323144104804,0.6179147517347031,0.6517825311942959,0.6623563218390804,0.6917919913027722,0.7073437073437073,0.7181785586231624,0.7402342004111916,0.7582030190725843,0.7570270270270271,0.7686877828054298,0.7629708599857854,0.7637123138394478,0.7708370837083708,0.7595979717493662,0.7645008490481723,0.7374531166279693,0.7279161440602042,0.7034258338606165,0.6890934192360791,0.6781021897810219,0.645763174660963,0.6226174190606475,0.6025447103834861,0.5784295864456185
0.5582558970693352,0.5415948471378028,0.5112594570538496,0.49678529385130854,0.4788566243194192,0.4481792717086835,0.4368578961723793,0.4248212184303431,0.4071212928431895,0.4044863167339614,0.3783880811344462,0.3753389983728078,0.3727116962755884,0.3670212765957447,0.38467867263918093,0.38716635211647343,0.38728428701180745,0.412103228126967,0.42563134717354184,0.4421498782577329,0.46040581792063207,0.47822174226061914,0.5042564752762181,0.5317134179024477,0.5568068295341022,0.5775239835541343,0.6012574160984681,0.6324377930039669,0.6349063400576369,0.6720115304927484,0.6917028199566161,0.7067628494138863,0.7243595546302164,0.7364617717905255,0.7448522829006267,0.7566471383506084,0.770900100723377,0.7655618431689571,0.7620945823518753,0.7620701941920541,0.7441479187539849,0.7439461883408072,0.7331108505456841,0.7146365869189484,0.6936343115124154,0.6797081623347013,0.6497022198159177,0.6229920129229113,0.6019223793978963,0.58363880196692,0.5632204610951008,0.5328393706549579,0.5004092769440655,0.4843526466380544,0.46367950355904364,0.4536016756215281,0.4305218719123327,0.3999109131403118,0.3998203054806828,0.39056297365571996,0.38182309493784905,0.378500861053204,0.374306673823582,0.37480991144109493,0.3885207736389685,0.3915249710673907,0.4072002165478661,0.41819495889420905,0.43532870122928913,0.4573608209971846,0.4626620412634654,0.49592476489028214,0.5179055887140531,0.5362095531587057,0.5639960256526059,0.5898876404494382,0.6116698378182477,0.6333303515520172,0.6587871624693153,0.6792079207920793,0.7014213745951782,0.7154686078252958,0.7326893563239144,0.7387040601228119,0.760272133202041,0.7558591982626006,0.7631905099150141,0.7654957759004002,0.7572559366754618,0.7527767825152275,0.7489220265900107,0.7339490674318508,0.7232345208956577,0.6980545438393888,0.689257969461559,0.6693345323741007,0.6427534917467803,0.6217542607299009,0.5954553587403829,0.5656182212581344
0.5566511294370742,0.5391438139198117,0.5095541401273885,0.49289056875449966,0.46504889532777977,0.4358974358974359,0.422286332491886,0.4075103065065424,0.3879732739420935,0.37288590604026844,0.37007945106536655,0.35588904047294223,0.3623420537462182,0.361598440545809,0.3620426144025892,0.37402597402597404,0.3821661747607549,0.4036963217974271,0.40968492660221983,0.4302916778164303,0.45674493348808143,0.46532337860933703,0.49714130138851076,0.5188823794502028,0.5498578030572343,0.5609471701497892,0.5911740963315095,0.6150858175248419,0.6451900767446012,0.6518352730528201,0.684291395516992,0.7019067227643004,0.7194051245296542,0.7286925479696564,0.7452054794520548,0.7529560429641664,0.7586641461877757,0.7549226119608022,0.7576665491716602,0.7568570652665882,0.7432010699955417,0.734284440481498,0.7126664267722203,0.7006552374113635,0.6938885884261763,0.670554199439472,0.6474788041053101,0.6271095633538709,0.6002707581227437,0.5667655786350149,0.547526804216596,0.5124257158292814,0.5015287769784172,0.47191724888848563,0.4418792669780812,0.4325411007862759,0.4190084123858958,0.40192239231043075,0.3807778274474743,0.37395257621679445,0.37213740458015265,0.3562691131498471,0.3497904900710512,0.3628726287262873,0.3756044156555059,0.37760702524698136,0.38369390309315216,0.39752221922973335,0.4202198980960043,0.43425295592977425,0.46416443252904377,0.47644491940511174,0.5046159361835619,0.529343456900402,0.5542867500453145,0.5849073335106855,0.5986321094312455,0.6235095212671293,0.6524783992723966,0.6689413666157852,0.6930331880060504,0.7125657718719344,0.7294474694278318,0.7427206346344541,0.7495266432242359,0.7484413120086745,0.7617721063982746,0.7555042613636364,0.7664703217036701,0.7518722367590003,0.7464423162982189,0.7294021886587682,0.7088652798857245,0.6949001426533523,0.6756516324170447,0.6613516941474905,0.6396299290397917,0.6086840466233651,0.5827267885673708,0.5512982329606924
0.5537397862979259,0.5257256533140429,0.5,0.47739006587146166,0.4531193653083303,0.4250949882395513,0.408287194141811,0.39,0.38109425785482126,0.3663615149883324,0.3506611947104423,0.3448924731182796,0.3488580385132109,0.35019524316648915,0.3443269403118839,0.3559153400868307,0.36719174361759915,0.38217075141395096,0.39577717879604674,0.41501554864504664,0.4282493009831334,0.46100126972610195,0.48514404407116407,0.5073188147090325,0.532953620829943,0.5472327384171625,0.5882563551736484,0.6078484683704912,0.6260900516106068,0.6521039935674082,0.6730167248010017,0.702205228525698,0.7079479119892231,0.7199530092174228,0.7457825890843482,0.7490149363144873,0.751503725648622,0.7537205081669691,0.7573311810599946,0.7502035646430834,0.7360544217687075,0.735254631701423,0.7220290630293305,0.706198495163024,0.6768092105263158,0.6600516151997864,0.6380969674959143,0.6097428467946396,0.5944404201376313,0.5547406082289803,0.5331942680935969,0.5136048210372535,0.49135135135135133,0.46362649294245384,0.4394316163410302,0.4295554164057608,0.39901564422569874,0.38573375738300775,0.3671748878923767,0.36136758387421153,0.3461987254285971,0.3461054146429214,0.3473037665974167,0.34939650513421006,0.3570346609640916,0.3568783307740945,0.37372919478182637,0.3878984332793085,0.3938925747523403,0.4234193722457055,0.4554518263391643,0.47623798294939235,0.498750892219843,0.5124212421242125,0.5406555595798623,0.5604625751229284,0.593127897463867,0.6178361006963042,0.6382556987115956,0.6634451901565995,0.6910420475319927,0.7071364046973803,0.7144281312307413,0.7209799554565701,0.7448250926511796,0.755404072114091,0.75776453593355,0.7640924211094129,0.7579851480719334,0.7458719646799117,0.7380370872908186,0.7204023500089015,0.7044985184520068,0.6907020872865275,0.6766712141882674,0.6433348194382523,0.6154465724002148,0.6020087884494664,0.5803960755813954,0.546592868160784
0.5451534950326681,0.5190342707297224,0.4883639237727233,0.45832206902766515,0.4392853904053686,0.41855670103092785,0.39789113193943765,0.3801338881852723,0.36614667383898153,0.35440561927625147,0.3409360459812061,0.3375565610859729,0.3313479336571062,0.3310444524756053,0.3394320043691972,0.3439432520916697,0.34721972287205327,0.3713192776443377,0.37373917700615905,0.4073575594436967,0.4321726514327167,0.44324569356300997,0.47291741151233463,0.49492134831460677,0.5221086897549507,0.5485739750445633,0.5756454233616176,0.606693803708729,0.6232729230217118,0.6512229958935905,0.6681646593564623,0.6932105453232213,0.7048873853823555,0.7211073284357642,0.7350803194830835,0.7370353784146888,0.7523477327609337,0.7464851397045738,0.7495937894926882,0.7409682080924855,0.7374236435501258,0.7259410511363636,0.713831622922532,0.6904761904761905,0.674662531922656,0.6582541836273179,0.6278111280351223,0.6091255442670537,0.5845647142602813,0.5538171027785271,0.5258282864267901,0.4934108879396528,0.4728334081724293,0.4607597204802007,0.4324905863367402,0.41061930947444336,0.39213360102208433,0.36303897740570706,0.3534597916110072,0.3528458213256484,0.33827947200728264,0.3397953688745288,0.3343641986538112,0.34201310945496993,0.34475643670942857,0.3464419475655431,0.3601271571298819,0.37589106196307803,0.3912730544309492,0.4100597520734861,0.43716972682489924,0.4573615809150792,0.48314404182440956,0.5061014191448974,0.5341161818343564,0.5628298005545121,0.5883360374977465,0.6109042553191489,0.6427297056199821,0.6555664672797071,0.6761384008605235,0.6929816718819848,0.7058400071987762,0.7338433843384339,0.7432881386369758,0.7425474254742548,0.7579721995094031,0.7506676161652127,0.7494147307761571,0.7419648547755623,0.7390637683773789,0.7115280534006856,0.7043141493290102,0.6842297174111213,0.6614751163623344,0.637986148108684,0.6150101778918489,0.5939261683942535,0.5682332699447614,0.5483784268052321
0.5306395504415307,0.5063486305097044,0.475683479202382,0.4477943792244753,0.4342745861733204,0.4080789946140036,0.38880014199503016,0.36091892850807167,0.35132695432388517,0.34408602150537637,0.3280900884797569,0.32603938730853393,0.31501603135019596,0.3144496235209753,0.3235934664246824,0.33659066232356133,0.34480234260614934,0.35766357663576637,0.3760961938341922,0.3902810094863075,0.41517265742294446,0.4339706933523946,0.4619162425216537,0.48992374727668847,0.5087861584211949,0.5371175086003983,0.5767951828884695,0.5915240569841412,0.6236646749954735,0.6443420101229211,0.6647326608944033,0.6900127342186647,0.7022491967154587,0.7196346206023334,0.7336719237280585,0.7390837508947745,0.7391264367816092,0.7489096573208722,0.7402853809566544,0.7395070548312198,0.7281484124152694,0.7196770389186247,0.7156746933212176,0.6900573967783744,0.6721326164874551,0.6608837083220385,0.6230428093040095,0.6014055320299126,0.5732518425310085,0.5434998644864034,0.5109645213050454,0.49410056271555636,0.47597665020206553,0.44464414090582316,0.4201423295198631,0.4049489749841958,0.3759036144578313,0.35518634934889987,0.34173468472508745,0.33736126029359115,0.33215234720992026,0.3215907027419648,0.32175388462225396,0.3249417667084752,0.3290195021119799,0.3395565927654609,0.3504040679197312,0.37817439175990053,0.3789048473967684,0.40273997459626204,0.42968255403816585,0.4564928742143932,0.467384420519316,0.5037892457596536,0.530830857862994,0.5535457163426926,0.5808475809385231,0.610087206688843,0.63594677216328,0.6525485216760385,0.6763052208835342,0.6856040208221145,0.7079757926113269,0.7260140232537499,0.7307035672567167,0.7381837975142883,0.7533640386525784,0.7477551020408163,0.7430486368988316,0.7367666815942678,0.725502456453774,0.7153561433601155,0.6948542641237855,0.6751051077913945,0.6611000181521147,0.6452687889151978,0.6117479783168933,0.5833784515430428,0.5568130782358753,0.5325712211939757
0.5207828350839393,0.49936559724487944,0.4682771194165907,0.4504852624011503,0.418960521550163,0.4063766549581194,0.3752478817378763,0.356987886458145,0.3480557326290866,0.3292385511697227,0.3259239179542785,0.3137699564586357,0.3089430894308943,0.31393043791674174,0.31974209952778787,0.3189242848118401,0.33642586921275447,0.33980755523877404,0.3549169286035025,0.3909502262443439,0.4071525577184246,0.4255492270138324,0.45930810224911933,0.47474747474747475,0.5088527551942186,0.5394572397786109,0.5616914979034704,0.5912584912406149,0.6186425339366516,0.6345123258306538,0.6645074224021592,0.679920477137177,0.6976533478300263,0.7096192023100524,0.7285192770011575,0.7331594567856822,0.7318781264211005,0.7425246195165622,0.7453946782949186,0.7341294783155248,0.7351869947588168,0.7160068846815835,0.7019065690792446,0.6834362513621504,0.6595325512671264,0.6440877765687342,0.6181818181818182,0.5940567066521265,0.5683349806811034,0.5430769230769231,0.5088240590671709,0.4884930782117979,0.4548765322437378,0.44190852727109353,0.408717624763108,0.3859060402684564,0.3744246909123725,0.34709397066811515,0.3274753147930066,0.33015079860801283,0.3204488778054863,0.30815544608648054,0.31927220059744726,0.31448572967151317,0.31256102973812694,0.3297825122059476,0.33996077032810273,0.35456002850017815,0.37118582130458616,0.3900824947874173,0.4183664300476233,0.44038668098818473,0.47598096435305737,0.4957726209749955,0.52690000895175,0.55584345961401,0.5718797942423969,0.6065529622980251,0.6173650568181818,0.6455891705278459,0.678279804028307,0.694661340112584,0.7125122800750201,0.7221773831943323,0.7315623592976137,0.7365301724137931,0.7406836521896818,0.7390153520381154,0.7374143444495204,0.7266141447070542,0.7256152326208012,0.7150013662446488,0.6992215785662563,0.6820151679306609,0.6539835655591283,0.6342789812381039,0.6093161012385568,0.5861575605830278,0.5515156902835807,0.5321710999281093
0.5163786897048236,0.48764769065520946,0.4665878716246932,0.4361692650334076,0.4164920273348519,0.38576982189675435,0.3697784235379586,0.3542056908393542,0.34011965354049467,0.3285637631908424,0.3110697179350718,0.3027012474199049,0.30319436924742826,0.30042376701830315,0.3052733857433089,0.3106944195226987,0.33090650803515936,0.3405639913232104,0.3640585923544123,0.36913888393653055,0.4008952551477171,0.418245804006497,0.44871562952243127,0.46920028818443804,0.50719295090811,0.5260799426420506,0.5541121741420171,0.5776760057471264,0.6163089341405247,0.6317062248096731,0.6644076985632963,0.6810048798120368,0.6968891252326509,0.715858429624238,0.7247681642207617,0.7342790025298157,0.7368608587208266,0.7386966292134831,0.7374665477252453,0.7330677290836654,0.7321364452423699,0.7142985692432287,0.69907945303423,0.6856442386270771,0.6599657441629857,0.6392160309368957,0.6088456997547906,0.5850334075723831,0.5611899313501144,0.5384063173007897,0.5108862589213118,0.47992369186046513,0.448082489146165,0.4239540312443886,0.3943943943943944,0.3784052855462033,0.3583174343599528,0.33818439968053954,0.3247693142753754,0.31732682221016456,0.3086199196069674,0.30416328005057347,0.3057821279680986,0.3035698228576567,0.3121920630654842,0.3219822564745945,0.33339392837665877,0.34688952449052557,0.36372727272727273,0.3804991919554678,0.4045152722443559,0.4292015482941759,0.45968031609195403,0.4883265015148815,0.5134627426424546,0.5426943281987356,0.5779457293753415,0.5886556498436802,0.6213007106233697,0.6486804049168474,0.6632268485283561,0.6829687217501356,0.7070166041778254,0.7122825701100461,0.7270850166083132,0.7282394995531725,0.7362874898676034,0.742082255330538,0.7391383055756698,0.7277417059503691,0.7182782171099928,0.7134250517039834,0.6933646718495752,0.670483231157591,0.6405346820809249,0.6252650991240203,0.6031086210012652,0.5781264252485634,0.5563936462862721,0.5148916967509025
0.5151130071707362,0.48481329283544755,0.46626473978189553,0.43762612364703724,0.4073449835891067,0.38303203866117774,0.35429769392033544,0.34735523136131746,0.32105169021641927,0.319634703196347,0.305182514646237,0.299319118437556,0.29330109260254345,0.2980328752357855,0.2968987398337653,0.3053073624017155,0.30592699674737983,0.33193126901736175,0.3509845662586482,0.36446903056134944,0.38812179146751635,0.42045762865153297,0.43526587231015473,0.46544111020996665,0.49592981186685964,0.5275028973878934,0.5506799637352674,0.5780424464941345,0.6046032598961132,0.6339221984296931,0.6540088185008549,0.6764044943820224,0.6922801040078903,0.7067595321010804,0.721164309031556,0.7309504756824042,0.7354695149087672,0.7433812234571248,0.7441486510630695,0.7288347950599606,0.7226883175462336,0.6996079130279808,0.6885496183206107,0.6808926824931093,0.6600235528580487,0.638196915776987,0.6117953789445294,0.5795474950619501,0.5532680032365369,0.5365105153894756,0.5047472646713085,0.4708224011580566,0.4457561935426169,0.4167779855730697,0.3830806065442937,0.3671179194869968,0.35572519083969467,0.3348174532502226,0.3118482560230133,0.31089019430637144,0.29794335197546457,0.2964819622236147,0.29073250431151854,0.2961892721690446,0.2961884835804603,0.3152964714441615,0.32610470919154344,0.3348566308243728,0.3648856342102884,0.378068303094984,0.3979848866498741,0.42964234104046245,0.44917822054907725,0.4821945046999277,0.5051113545089448,0.5337539432176656,0.564642375168691,0.5909669211195929,0.622534958766583,0.6427927927927928,0.6547068949895805,0.6808244846970644,0.706397426733381,0.7110613524406628,0.7183581416328372,0.7332910704582504,0.7393762538756156,0.7332123411978222,0.7273297491039427,0.7255238439306358,0.711220384443451,0.6964684845775593,0.6875666074600355,0.6779782745309274,0.650261874661369,0.626386404293381,0.6041476338388453,0.5741987611096149,0.5426434370154155,0.5147683136121398
0.5073686079545454,0.48996982069944967,0.44654427645788336,0.42858435916002896,0.4016725114647963,0.36782538399353276,0.3626661843176268,0.34454230050707235,0.32356399819086384,0.30177781788647234,0.3001913788389684,0.2937873573627966,0.28639898715861817,0.28634203210474396,0.29194630872483224,0.3018218073053567,0.3103878733838609,0.3155535634244733,0.34662631297845825,0.372063376434165,0.38214796283059327,0.4138115631691649,0.4295641187618446,0.46236172317654467,0.48313889901567625,0.5238869321773684,0.5457724379090828,0.5692654348805768,0.5995191023243388,0.6296595706458277,0.6527930907754502,0.6670874661857529,0.6862516793551277,0.7052339128876143,0.715030096127931,0.7328094302554028,0.7270600935588342,0.7315874150875938,0.7375892857142857,0.7292671825216204,0.7203065134099617,0.7012669683257918,0.6989412722830514,0.6709823449524672,0.6548094373865698,0.6404554349759829,0.612810621691935,0.5786598689002185,0.551979082138671,0.5218238158477202,0.49750973467354886,0.46630581867388365,0.43710748250493453,0.42153846153846153,0.38124316441851985,0.36834025645656493,0.34774170783345093,0.3276368491321762,0.311826992103374,0.3,0.2966624342463269,0.29339030820983725,0.29370819020068706,0.28794197642792385,0.2984531392174704,0.309950472760018,0.31678252234359483,0.33447870512704586,0.3501827583132745,0.37592841163310964,0.40114120097817224,0.42110436025732667,0.4400642169104531,0.46491931889096905,0.5023602033405955,0.5396172419960651,0.5692665890570431,0.5772534128921436,0.6162437455325233,0.6397282317182192,0.6535828388863533,0.6814119346393428,0.7062386980108499,0.7006214536611727,0.7210558951191425,0.7279259858079583,0.7377917414721723,0.7333809226376372,0.724165915238954,0.7291146019278829,0.7214452214452215,0.7016172506738545,0.6821060249683373,0.6733885487936623,0.6472028289056124,0.6089549499954124,0.5971858933886534,0.5687595436989131,0.5374333965501671,0.512703115180896
0.5029543419874665,0.4789606185937781,0.45092357841361824,0.4159898935210251,0.40216904185713004,0.36648737350715654,0.3588409437516821,0.32684158326571094,0.3140855064750754,0.2974822112753147,0.2858829941860465,0.2795031055900621,0.28292902066486975,0.2774018944519621,0.27387551113130393,0.2980579032548103,0.30524189846690536,0.3213641284734753,0.333213676747734,0.35315218366065826,0.3772830531576556,0.4073570716680257,0.4219709783673106,0.4658692328446803,0.4840255591054313,0.5094715852442672,0.5430769230769231,0.560325750199168,0.5971119133574008,0.6168358638037912,0.6492321589882566,0.6658780709736124,0.6918056562726613,0.7058350460191225,0.7166316941884865,0.7238317337877836,0.7330885727397889,0.7299000630233187,0.7301082113303629,0.7271981776765376,0.7199674590978938,0.7052480230050323,0.6875167785234899,0.671343766864544,0.6443461781427668,0.6354508944870391,0.6041425904524846,0.5786761439360284,0.5491708787798173,0.5250287941880039,0.4913175796634443,0.4696635167358474,0.43135669362084456,0.40049184807359506,0.3858253480383294,0.3612438035150969,0.33791730751832083,0.3257922614238262,0.3062909449878848,0.2989578613502492,0.2834234234234234,0.2819395260147099,0.2864190886257625,0.28920953575909664,0.289640403319354,0.29075569264265627,0.31394828666010555,0.31971995332555425,0.33895553350771174,0.36863636363636365,0.39649595687331535,0.4167941679416794,0.4373271478276385,0.47370291400142145,0.4985549132947977,0.5347296813462227,0.5588235294117647,0.5886058860588606,0.6031048097631012,0.6384462151394422,0.6523689877961235,0.6770740410347904,0.6946226841391776,0.701869494876865,0.7171961945790701,0.7240536134758196,0.7267493356953055,0.7353914988814317,0.7298752580095127,0.7247544030445172,0.7134444645769161,0.7029031382834403,0.6912368374085311,0.6570184193811813,0.6480798632970591,0.6202405715836122,0.5857805255023184,0.5596297294868339,0.5373468109848824,0.5083280813901143
0.500845421375812,0.47168958031837915,0.4489578713968958,0.4269340974212034,0.38464276181154905,0.378120212670091,0.34951097988558777,0.3307294032155509,0.3079618979151689,0.2967656180770935,0.28381275683401824,0.28364057351500577,0.2739824278285817,0.27961182659169237,0.28598180845371857,0.29441532622447136,0.3029891304347826,0.31806318063180633,0.33611615245009074,0.3540350564996886,0.3721764073144496,0.3974836080099238,0.42444164265129686,0.45623972227297643,0.48535043191735683,0.5142291066282421,0.5360900192114171,0.5670411306396086,0.5967872935655627,0.6254711900915455,0.6443491744960321,0.6696420601624565,0.6830557048181981,0.7020987877691334,0.7237091105704244,0.7188286022278118,0.7287801380299364,0.7290107313553973,0.7298671185231428,0.7251928943118607,0.7181579185930559,0.7015360169491526,0.6905687675196672,0.669593262856119,0.6575451647183846,0.6253488162750923,0.6047412600313624,0.5721843615494978,0.5506346205779098,0.5195500317517917,0.4819578420864595,0.45646972206883857,0.43323065772784924,0.4036150022593764,0.38136511375947996,0.3581216882879591,0.3397953688745288,0.32580003615982644,0.30474452554744524,0.2930799308902428,0.28376436781609193,0.2807559512992913,0.2747598096435306,0.29063772048846676,0.2880654735138052,0.2926185491945026,0.30361663652802895,0.32201883774657897,0.34224646753711324,0.3647821389989197,0.3802714272702432,0.41267456248895173,0.43757836288733654,0.46728804445241084,0.49166371053565094,0.5191246948186997,0.5489179850881979,0.5862595419847328,0.605027579347138,0.638058045619952,0.6547293603061782,0.6790434235368156,0.6991693752257132,0.7114981307559041,0.7199635369188696,0.7313406121353141,0.7368564423862708,0.7342112335393711,0.7274691635905285,0.7214305164745394,0.7128293035005413,0.6998728659644025,0.6812810103743798,0.6607897814158497,0.647659497560094,0.6126521116678597,0.596514745308311,0.5604849573417153,0.5354552049328981,0.500450937950938
0.5012608069164265,0.4664441638102111,0.4442135694281326,0.41466509562222426,0.3970178747866703,0.367422198237093,0.34478108423986337,0.3151264285071538,0.3097552195824334,0.292633075624278,0.28391959798994976,0.2800325409021061,0.27838496974076415,0.2786870422280496,0.2785714285714286,0.28511947863866766,0.2983663729809104,0.31136322708445885,0.32613545105737485,0.350680977721656,0.3693455902430145,0.40185581727337616,0.4253631583637822,0.456711318888789,0.4850459780376752,0.5066079295154186,0.5392373706095727,0.5627246585190511,0.5822353679304473,0.616558908045977,0.6403123036884143,0.6763709603588758,0.693200215866163,0.6977278755194058,0.712867680539113,0.7172326817403838,0.7199074074074074,0.7321573215732158,0.7294882209585702,0.7202467343976778,0.7153902128433691,0.6976889444097439,0.6850443032310033,0.6692066337965038,0.6483023702754644,0.6317028985507246,0.5920231527539116,0.5714156816746369,0.5354780244676031,0.5155996393146979,0.4847627737226277,0.4537531127712558,0.4334053275737941,0.39896048032977866,0.3864847773059897,0.3546538076608134,0.33169711844377786,0.32175321753217534,0.30960441910192443,0.28718514432800146,0.2871162330062123,0.26973444889050563,0.2682181687483152,0.2695118650184968,0.27913012350098443,0.2890723129373766,0.3045544199390353,0.32573203194321204,0.3390220178618799,0.3694710236504784,0.3888489854551984,0.4119009442365936,0.43923279701845286,0.4744054460259924,0.5014893040888166,0.5258535711085223,0.5419064748201439,0.5821213196168854,0.6062550845159541,0.6354968830216355,0.6461359153666846,0.6730925875644854,0.6896984924623115,0.6996498159288856,0.7195791399817018,0.7263233062572525,0.7345679012345679,0.7350963693411027,0.7314265155603525,0.72289592760181,0.716609122296929,0.6894948591864104,0.6821203793989894,0.6518913063103728,0.6356518572469045,0.617612770155143,0.5793758480325645,0.5585009140767825,0.5285441136301557,0.5027609547559673
0.5048298275706419,0.4750360490266763,0.44912374821173107,0.4127027770140225,0.38780465869232844,0.36627854499503565,0.3452999104744852,0.3222740151722877,0.3012328032874754,0.2949968103526839,0.28913063022565855,0.27516299008663037,0.27973409989220266,0.2784708608091249,0.27905497501135845,0.28274372130704833,0.29328464552903455,0.3127224199288256,0.3307122198120029,0.35278611035360424,0.37765672441507414,0.39579982126899016,0.4260658391797086,0.4512238699303198,0.48244519693459276,0.5105382180009046,0.5376141859215475,0.560067381860094,0.5965909090909091,0.6199785752544189,0.6447178002894356,0.6661586732406992,0.6892025532680033,0.6967747780394999,0.7116911563384138,0.7250111856823266,0.7219883564711151,0.7311460674157303,0.7288546057942417,0.7217367804702279,0.7209449102876206,0.6986737400530504,0.6915008068854223,0.6719299828566273,0.6529991047448522,0.6199894049090588,0.6045544912344117,0.568916264952687,0.5482424677187948,0.5204127411395244,0.4834449068210602,0.4652796541475277,0.42366853383124387,0.40439856373429084,0.376069145583866,0.36404309715120525,0.33783049619703004,0.32183699400980215,0.2989494656765079,0.281654448366368,0.2775219001174027,0.27481807564459615,0.2790930613731561,0.27602862254025046,0.27803057881325083,0.29549323537317446,0.30457826921319564,0.31926952141057935,0.3355448514041625,0.3646838156484459,0.3814777968707606,0.4135176375549771,0.433147381680763,0.46584797418429547,0.4933670246367656,0.5286767349874146,0.5497070752591258,0.5839928057553957,0.6054373099624396,0.626236520809197,0.6531047348316603,0.6801189082064679,0.6893159668457965,0.7071597310557878,0.7163596769803103,0.7257777777777777,0.7372988609654674,0.7311751028438562,0.7271807140228193,0.713855696433458,0.708197905381004,0.7023809523809523,0.6809129762662545,0.6608295745998054,0.6467012336849634,0.609587193092904,0.5903342366757001,0.5469838111603509,0.5357528818443804,0.5059815116911365
0.5061517736865738,0.464938338284274,0.4438440061244709,0.42131013862462624,0.3864654778235025,0.3640644810722695,0.33533151680290646,0.3333934204596665,0.3090249433106576,0.29135979881444224,0.2807903997112695,0.2728586917238887,0.2715927455557551,0.26730096041647966,0.2732811931611495,0.2894453419493807,0.29434236856467166,0.314140405049496,0.3301578660860098,0.35277255218131326,0.37330070690592715,0.40228849445896026,0.4242451393244333,0.4530520646319569,0.4726336705202312,0.5110697839178179,0.5382026559941786,0.5646693459992693,0.5934625346074841,0.6147224961893661,0.6409567320612739,0.6673749446657813,0.6867597666607742,0.7095194085027726,0.7020504445654147,0.7225366028923021,0.7266958620073286,0.7341320651179806,0.7250089573629523,0.7259636883999643,0.7192775458340896,0.696969696969697,0.6851264388652225,0.6789844597036502,0.651985559566787,0.6247415265665738,0.5947706422018348,0.5693042537851478,0.5436507936507936,0.5199101123595505,0.4843986132100631,0.4571766633293893,0.44224719101123594,0.4010719071013846,0.3767458733901687,0.34843707774074406,0.33559140743381766,0.3067650233897085,0.30356027482823233,0.2921146953405018,0.27944344703770196,0.2695972671700827,0.2740405920411238,0.2788348814140139,0.2815490960652251,0.2958015267175573,0.30280609943156184,0.3199388709097447,0.34421683513731105,0.3582183186951067,0.3934247570611207,0.4150507027219356,0.4383463366514214,0.46081166201745705,0.5031801487055451,0.5236495687698592,0.550712940543449,0.5820466786355476,0.6063344286235852,0.632426078307261,0.6506942553770759,0.6743690010664771,0.6981014350655138,0.7103903047585101,0.715799874247732,0.7176449630355394,0.733279971540377,0.7259619717040642,0.7232008497831283,0.7202520252025203,0.7093086064097948,0.6982635159326889,0.6801915778058919,0.6657603770164945,0.6359617466618549,0.6046281289393121,0.5876177658142665,0.5622040072859745,0.5227172474636083,0.51073703366697
0.49981824790985097,0.47664735698769006,0.44345503116651824,0.4171253270775061,0.3855027704605323,0.3584410887060313,0.3418741511996378,0.3300848222342537,0.3145944964126782,0.29606087735004477,0.28285790455878435,0.2779367065975326,0.271390134529148,0.27483859397417504,0.28110475509474436,0.29564370462192313,0.3001532774321522,0.3156374142289635,0.33723864455659697,0.3437330928764653,0.3723849372384937,0.3942153186930905,0.41766453587827496,0.44834201151000275,0.4832446808510638,0.5141641777536429,0.5470694319206493,0.5660943036249659,0.6032540675844806,0.6130762935346004,0.6548801603936936,0.6644998194293968,0.6818707210811772,0.694121915820029,0.7086003068315134,0.7315004909399268,0.7321508958314576,0.7334899268226579,0.7304977375565611,0.7218351280427111,0.7189536567704562,0.7005998746530576,0.682204527153977,0.6627632534495279,0.6394600393348829,0.6227178703120784,0.602954586904979,0.5730027548209367,0.5412735849056604,0.5255699881914797,0.49410387973715003,0.4611913357400722,0.43464991023339317,0.4099143758449752,0.3818394528437725,0.35377058127899574,0.329687217501356,0.32307141578664755,0.2996305307740831,0.29232827832292596,0.2861103657991235,0.2720822341490039,0.2727599209912013,0.27549668874172184,0.28778729157278055,0.29534988713318283,0.30807397383852053,0.31802120141342755,0.3335716200518274,0.35723771580345287,0.39012479652740095,0.40948892065761255,0.43248142106217147,0.47329136690647483,0.4959174517720951,0.5224272020256827,0.5547815072830906,0.5847199856861692,0.601646385110952,0.6289382626115462,0.6478569503100009,0.6787467642595734,0.6949167872648335,0.7134529147982063,0.7147763217352011,0.7298808432630615,0.7353648757016841,0.7269192512885433,0.7230741146403797,0.7206551410373067,0.7080103359173127,0.7006318412387648,0.6858519730860156,0.6532381898654142,0.6371410568007921,0.6142284569138277,0.5872,0.563768115942029,0.5281715413601292,0.5092751787168582
0.5171918484603645,0.471203244704822,0.4462956398440269,0.42254552109067617,0.38458758695455775,0.378964489021415,0.34990095443904196,0.3287437005039597,0.3152990138423957,0.2969846041723604,0.2814376624540647,0.281437125748503,0.27237991266375544,0.28133357104653234,0.28473177441540576,0.2947080291970803,0.2993664673864549,0.31141528001431384,0.3241453373903705,0.3500854086127843,0.37428622412562457,0.40529622980251345,0.4263890151859598,0.4630227966253814,0.48548718406716085,0.5081013338107601,0.5426884650317892,0.5737066231765878,0.5981469706603688,0.6231087896253602,0.64576802507837,0.6651146131805158,0.6876903780684465,0.7004966139954854,0.7153095046134552,0.7201221154709527,0.7297199963986675,0.7298876404494382,0.7274136202023885,0.7212269272529859,0.7178263264182119,0.7070115356885364,0.6936395115728085,0.6704904705988619,0.6423781850692892,0.6315549475604195,0.6024173027989822,0.5788910679265467,0.55090618336887,0.5231799910674408,0.4909544603867748,0.46361690743713213,0.4386231560125168,0.4140809290509889,0.37414543194530764,0.3532262406892219,0.33646803508454654,0.3197706171490989,0.2984822934232715,0.2925830291158401,0.2868823000898473,0.27450980392156865,0.2843172763491489,0.2836801752464403,0.2841515233704005,0.29793563508518883,0.3145793886935353,0.3171951764180438,0.3345217933862198,0.3652057245080501,0.3893742200035657,0.4184860415175376,0.4370071520264075,0.46580156799134903,0.4993757802746567,0.5229432527830573,0.5651859223740161,0.5861159130197434,0.6054421768707483,0.6323102070468579,0.6627422568375294,0.6771945701357466,0.6852582331896157,0.70098343226721,0.7213485177151121,0.7288824645406089,0.7333695357045886,0.7297273213330957,0.729237668161435,0.7152524263200071,0.7051304810935558,0.7042933810375671,0.6857791912766924,0.6611025895515654,0.6271125494426465,0.6173913043478261,0.5895354082092918,0.5529887640449438,0.528666484367879,0.5068268705625342
0.511243565429423,0.4848265241416795,0.4524303363693751,0.42631058358061324,0.3936893644029377,0.3739503305342148,0.36014112538447624,0.33723946685750067,0.3160010720986331,0.30965159647048124,0.2908617126426453,0.29480601314249705,0.285299981874207,0.27789284106258444,0.28900804289544235,0.3002229157378511,0.30971223021582733,0.3209854503258056,0.3389267767408471,0.3579468707789284,0.3696126568466994,0.3979851152659285,0.4290375203915171,0.45718975107139603,0.48949542108098404,0.5172883201742445,0.5381012430192758,0.5697286577120707,0.5980620850529338,0.6179512546092274,0.6498253157753292,0.6663957373792107,0.6851918573230049,0.7092499098449333,0.7152870197852896,0.7272230818239738,0.726420986883198,0.734421768707483,0.7372927180966113,0.7245330686637192,0.7180109702364895,0.7043985637342909,0.690048500089815,0.6673585416478657,0.6518425535730297,0.629414394278051,0.6102862254025044,0.5772605192479857,0.5520288548241659,0.5211595240225463,0.48945823325326926,0.47265203310543363,0.4377783837832924,0.39950040146311,0.3766303858954754,0.35511569052783803,0.3367725586025885,0.32971146822498176,0.3066714171194442,0.3014837325706114,0.2927919871221606,0.2819028669621055,0.27826950867052025,0.28683763738718615,0.2939898624185373,0.2978723404255319,0.313036407986268,0.32309331439225786,0.35028504207764005,0.36597984932377237,0.3904633378317589,0.41518343625136217,0.4489630297565374,0.4699757651916345,0.5059295586268391,0.5265450585352572,0.5511454448588172,0.582051745974308,0.609747324880856,0.6361990950226244,0.6596642427506958,0.6770926689370855,0.6975810050879229,0.7026857091529687,0.725434043314838,0.7223167129173753,0.7275530564121168,0.7414554964379114,0.7358066834351419,0.7214260121820136,0.7153611758379638,0.6973259152907394,0.6760084535514105,0.6649062101620834,0.6446705077421678,0.6220316027088036,0.5910156954717662,0.5521235521235521,0.5368598263335106,0.5094607799591365
0.510636388115968,0.48236764574591556,0.45908966523761746,0.43164827340690637,0.40339449541284406,0.38159675236806495,0.36160356347438755,0.34613304488912927,0.3174588911851918,0.3109288643251917,0.2906511458712259,0.2800807043286867,0.2897346555883141,0.28091290006240527,0.29054968860005415,0.302086155513411,0.3094719651605879,0.325432999088423,0.344156434743065,0.3570337078651685,0.3829672308246309,0.41518826937002173,0.42885482416591525,0.4634146341463415,0.48702001081665763,0.5157800625838176,0.5539220080681309,0.5751406375569247,0.5990787572254336,0.6252731245447924,0.6544386074258748,0.6770410464591791,0.6843140761938831,0.7008824059067171,0.7223274695534506,0.7247465604634323,0.7248267055819044,0.7349289184811949,0.7286618444846293,0.7278295605858854,0.7206503188718225,0.707765480654898,0.6913658625068021,0.6806463326071169,0.6512153248396133,0.624244578741557,0.60591747616077,0.5776481149012568,0.5550317316409792,0.5185812316192853,0.4983507176606936,0.47273371104815864,0.4352994555353902,0.41108481980342193,0.38854489164086686,0.36713665943600865,0.34114888628370454,0.3330912392192465,0.30903342366757003,0.30140208050655815,0.2985872124615106,0.29011680143755614,0.2875982296088881,0.28588150549252656,0.2966336280025002,0.3035047792444242,0.322463768115942,0.3356630661704638,0.3566243194192377,0.37009694921284353,0.38926829268292684,0.4174332410467089,0.44495328814801244,0.46986666666666665,0.5035739814152966,0.5267054468535166,0.5581479471875566,0.5885663242518981,0.6055833929849678,0.6333662743688797,0.6640617982574328,0.6808169089449746,0.6985895247506962,0.7155380624385007,0.7209488985998395,0.7326687811508835,0.7285347952957821,0.7405080333901805,0.7358994921144079,0.7173755656108597,0.7128246900171962,0.6991491267353336,0.683324329191428,0.6712799638172773,0.6490488155061019,0.6230300859598854,0.5849990995858094,0.5704458143482534,0.5392789029152666,0.508983666061706
0.5220353982300885,0.4838448384483845,0.4628187919463087,0.4332215949188426,0.40651129692225585,0.3883819676574216,0.3690357627885921,0.33796503809950695,0.33021973134062804,0.3148399963738555,0.3022895192921646,0.2992588575560376,0.3013275140934715,0.302624483192522,0.29441898085737395,0.30627272727272725,0.3158741508759385,0.3257265109645213,0.34113500813302006,0.3703472284209587,0.394010675834615,0.41805869074492097,0.4275329395729214,0.4696309470875945,0.4984777936962751,0.5260120818681814,0.5537399510660608,0.5753707865168539,0.5994455374709354,0.6258099844848042,0.6584447035608575,0.6792469906778894,0.6877987194517089,0.7135853093243002,0.7120313782723707,0.7285059743059923,0.7367141055665646,0.7376371156266859,0.7298506127560604,0.733387504514265,0.7206391478029295,0.7052218855818927,0.7023713646532439,0.6831486985499414,0.6478974914275402,0.6345435130806193,0.6053285968028419,0.5810615634591081,0.5628420202745134,0.5281859471012557,0.502558577969297,0.45866050808314085,0.4599657750157615,0.4149449349230909,0.3976534296028881,0.36332797714693804,0.35348879248011567,0.3309133279555436,0.31878472844595807,0.3056980826357008,0.3026711480629754,0.29776741683851876,0.29136297376093295,0.30001827151470856,0.3035682266451497,0.3093844243391875,0.3243515718082669,0.33906347927298774,0.36057353976073186,0.3760859829825347,0.4054690329590728,0.43427904471179746,0.45581731203177184,0.4832104832104832,0.5049513945670937,0.5313815023726386,0.5689733979339976,0.5926263916773133,0.6175049221406838,0.6413043478260869,0.6595248767368893,0.6771848962949831,0.7039432318332884,0.7162039557249138,0.7215903921390229,0.7274616079494128,0.7356155722156986,0.7312974340440911,0.7348007455400728,0.7254139147742694,0.7212186573200323,0.7022607452417121,0.6931726907630522,0.6651513773979453,0.6459922807647428,0.6231962481962482,0.5974940552405341,0.5707431881958903,0.5433531210649397,0.5173889780631353
0.5257826047275714,0.4931312594168218,0.4679463962332488,0.4378100478037341,0.4172221221401549,0.39236488937250635,0.3652072701226609,0.3526891522333637,0.3316795958867039,0.3228913493563777,0.31831537708129287,0.30395924568772903,0.306368330464716,0.305180280934061,0.30863869711453357,0.32241583797098805,0.3220536756126021,0.34170141044974717,0.36352155872271336,0.37510222626079054,0.3890895953757225,0.41937528293345405,0.44994100027230644,0.4763132166029686,0.5024385918240667,0.533357771260997,0.5542710907165549,0.5765619357168653,0.6075036075036075,0.6346616742444504,0.6523758485173277,0.6758652094717669,0.691963085745005,0.7046402030088816,0.7301915639895674,0.7268170426065163,0.7409871437561809,0.7455475224828073,0.7389761334398013,0.7378424199161239,0.7216466739367503,0.7198440131170788,0.7066989073974566,0.6841380576464109,0.6635237068965517,0.6407191011235955,0.611912056226347,0.5938511326860841,0.5582361977048884,0.5334169503673177,0.5090532384469868,0.4818976279650437,0.45611998928667086,0.4356240480243706,0.3954131715152597,0.3741362290227048,0.35702818408847664,0.3458599298750337,0.32358797972483705,0.3164189923885466,0.3115118138212826,0.30390368478657426,0.29761153672825597,0.3030604853314017,0.30452711788435677,0.31689141234918383,0.3342391304347826,0.34014836258368014,0.3723347070417488,0.38263665594855306,0.4064864864864865,0.42914438502673796,0.4713063625022278,0.4790764790764791,0.5053929121725732,0.5430160581322329,0.567740770827692,0.5949067758071851,0.621879787329909,0.6481315127560187,0.6620050853614239,0.6890717878372199,0.7021066786194532,0.7191254855903876,0.7274791136941519,0.7301059816777439,0.7420171867933062,0.7348680117322904,0.7372821060120953,0.7276680558072115,0.718259309107223,0.7055823695474001,0.6879260853964837,0.6701618005965833,0.6451265481960151,0.6213415742592256,0.6085693536673928,0.5817670026332517,0.5539110154287764,0.5193646260931644
0.5305151678334231,0.4984376394964735,0.46990255896548583,0.4467952151401535,0.42102445118686416,0.399819657348963,0.38127955741946995,0.3546931407942238,0.34606398274622574,0.327876145564552,0.3244288541104515,0.3068454230666785,0.3034125975676166,0.3179112554112554,0.307380007217611,0.32642298599745406,0.3306067415730337,0.3419153674832962,0.3695809248554913,0.38306159420289854,0.4002912532993538,0.4266833363100554,0.4534809839339203,0.4755238356665752,0.5142549757934374,0.5334767410594246,0.5655079006772009,0.584200143472023,0.620038500320836,0.6392485865402152,0.6666965808130665,0.6748653500897666,0.7063584854753125,0.7129386163750113,0.7181851048445409,0.7349074322511403,0.7403033881369788,0.745494667157043,0.7446072631291526,0.7371933621933622,0.7253414264036419,0.7155830003632401,0.7147840085859941,0.6940839523852144,0.6640769841970513,0.6475024398899831,0.6083739397220719,0.5911233656497377,0.5654954954954955,0.5460555704458143,0.51857893782853,0.47670154726768627,0.4593038942350931,0.4264401905275456,0.4160603371783496,0.4010147685059346,0.3632582949100443,0.3514428215176345,0.33419114384594906,0.3203322499097147,0.32307420182188024,0.31155778894472363,0.3023110555902561,0.31283374866500535,0.32881386369758464,0.3213869724935042,0.3424506654428637,0.3557142857142857,0.37330114449213164,0.39553734061930784,0.41542625169147496,0.4387190420030845,0.47354450539727483,0.4907888937858087,0.5197110239029611,0.5373886439305318,0.5720704529115744,0.6041010882273585,0.6229287953425885,0.647260583085116,0.6691526642106209,0.6941940137035701,0.709555174591717,0.715930728080515,0.7333454182905828,0.7415009041591321,0.7398730215505678,0.7386119081779053,0.744114451285766,0.7357470953796271,0.7288805099201006,0.7087361419068736,0.6988071570576541,0.6778954994113918,0.6497863442131103,0.6290470093286995,0.6099562363238512,0.5862379537062056,0.5612556053811659,0.5206366333962773
0.5361569326794472,0.5049566848262927,0.48320811079931203,0.44975862685499735,0.43058695848783574,0.405672119487909,0.39137037698767196,0.35937639996416093,0.34250269687162893,0.3329683365270554,0.3303240949715627,0.31871609403254975,0.318145052574818,0.3170444242973708,0.32302158273381293,0.3416862674145106,0.3472570813911796,0.3633282796753768,0.3742058449809403,0.3834862385321101,0.4131194551483108,0.43620285147085364,0.46243348065301704,0.4900878066443378,0.5165653081601161,0.5380650994575045,0.5694456881884122,0.5844238458742276,0.61286277319957,0.636652446219479,0.6688492241456633,0.6872572925133207,0.7015113350125944,0.7165593705293276,0.7292490118577075,0.7386706948640483,0.7456657730116175,0.7507700670411306,0.7464889525002236,0.7360785727158047,0.7341014648088603,0.7221206581352834,0.705508853514577,0.6899183050543136,0.678128070018755,0.649025069637883,0.6254607569900207,0.5958646616541353,0.5828633800254684,0.546236559139785,0.5253976861894433,0.4883154380582875,0.46811763647810056,0.4464317814129067,0.41615018413724963,0.40373447690520864,0.38408273381294966,0.3648721642059777,0.3494302767227347,0.3421903052064632,0.32344082211197733,0.31693548387096776,0.3165019146851901,0.32886625569552397,0.33103635869072445,0.33791730751832083,0.34640582347588716,0.36262653408581924,0.37808739708676375,0.4034618129907209,0.4226581481148205,0.4492935074226435,0.47254937488675486,0.49340969002817925,0.5346020761245674,0.5575659375281303,0.5853305598263543,0.6051663826352139,0.6349656750572082,0.654375,0.6723672367236724,0.6901090974664142,0.7087317337182032,0.7267452240671308,0.7349794972365841,0.7391734941928514,0.7460218129805114,0.739971474416117,0.73846429531404,0.7447694955167105,0.7245053272450532,0.7154207295052365,0.695963483397476,0.6761414907056488,0.6591773872078275,0.6383571492765345,0.6141824751580849,0.5975379638781562,0.5660529138362531,0.5311136828986023
0.5420156714401513,0.5142367994233196,0.4940577249575552,0.46485753052917234,0.4418666904613188,0.4187988628287136,0.40231327893840224,0.38294254519420085,0.36700247437256983,0.35149005131898803,0.3464028776978417,0.34323372754355874,0.33450323974082075,0.3310798790250845,0.3403399744105282,0.34224161439869105,0.35098322208190513,0.365771506599909,0.3884476534296029,0.4014833348226253,0.42232877951687325,0.44392024212212927,0.46752190803143917,0.4953887884267631,0.5290236290682122,0.5510130571814498,0.5815212487593612,0.6025210846105015,0.6195913997680436,0.6461885430762292,0.6728671078519048,0.689308972503618,0.7082846091571467,0.7232341181697024,0.7320723533192545,0.7352888410477215,0.7484567901234568,0.7461468721668177,0.7455100574712644,0.739185291997116,0.7318055679885418,0.7272970800964372,0.7138871388713887,0.6966051857792034,0.6793031862081416,0.6571428571428571,0.6260260075624827,0.6094155553566634,0.5891241404270721,0.5614772422426898,0.5289308176100629,0.5085292761641309,0.48666963887650466,0.4504414307818331,0.43453837093413067,0.4047791455467053,0.3899726526891522,0.3695321585114948,0.3494302767227347,0.3552913836253128,0.33606035814925916,0.33007511992035476,0.3363944365192582,0.3397832123981009,0.3469294643671868,0.3505456481235028,0.36444444444444446,0.372643219724438,0.3942681493535847,0.41802014336267124,0.4313761134339211,0.45178359638719096,0.47677082378814256,0.5053205758740946,0.5243330930064888,0.5539355992844365,0.585363676929942,0.6123454578032611,0.6355719159633686,0.6541997679193073,0.6831223244375626,0.705961572993356,0.7124270973530731,0.7290150842945874,0.7317379223805682,0.7421218961625282,0.7473382839760222,0.7486684120249165,0.7485533453887884,0.7314439946018894,0.7306559571619813,0.7209900638750887,0.7030081879672482,0.6870729953254225,0.6630297565374211,0.6472452033092765,0.6205220522052205,0.5855912434954244,0.5671668775989875,0.5433647769942302
0.5408602150537635,0.5129231889333818,0.4928731510533393,0.46262571350910575,0.45183382896278274,0.4298324626193479,0.40482890078968864,0.38751933048303466,0.368625678119349,0.35674642889636976,0.35887242500903505,0.3490438998114732,0.35115529285330466,0.34362864625666034,0.3461814914645103,0.35680835734870314,0.3696100403406544,0.3850348650098337,0.3967254408060453,0.4028274874731568,0.43477475850862146,0.46088929219600727,0.4767721636128077,0.5042369101775043,0.5276161489571212,0.5521543985637343,0.5882300569800569,0.6108295545478795,0.6302881108679795,0.6499865241218219,0.6764229106628242,0.6898671246497333,0.7144011492188903,0.732943294329433,0.7392197125256673,0.7523093642456077,0.755780860903593,0.7583092485549133,0.757792031800524,0.7459652251448953,0.7421518647705929,0.7309989142236699,0.7256103053778938,0.7020818377602297,0.672416859327761,0.6614222781623663,0.6389580369843528,0.614176760879318,0.5902487742872707,0.5534756928668787,0.531568044672611,0.514637629418065,0.49137541768265147,0.45905751657409066,0.4390396287040343,0.42137459517812165,0.4011497350220066,0.39224292368326763,0.367712596634834,0.3601809954751131,0.3514855875831486,0.351010101010101,0.34342521464075915,0.35,0.3557059088858818,0.3641936916925811,0.3626305540803682,0.38160733549083065,0.409070335837784,0.42542342014205065,0.44642533936651585,0.4736088745750581,0.4912528715320728,0.5131192742150672,0.5428367018422464,0.5580910984333968,0.5942903458213257,0.6159712875729026,0.6427924664976458,0.6598423770269046,0.6891733525646804,0.7142340059723102,0.7166576430247248,0.7312009978617249,0.7420010606328442,0.7540300670168448,0.7510830324909747,0.7576380203680543,0.7497345132743363,0.7495918737529476,0.7324185248713551,0.7322693445709675,0.7075590835287751,0.6924899744804958,0.6647587898609976,0.6517913832199547,0.6278716367211943,0.5974389034178014,0.5729285151806808,0.5407280591097495
0.5555456331487766,0.5329110437895896,0.5075654616290659,0.49626966292134833,0.4685642226625833,0.45204866702451246,0.4176587301587302,0.3969590008145534,0.3909428621970635,0.37826203927898844,0.3664898320070734,0.36808606006275213,0.35709779179810724,0.3514324693042292,0.3647323436797121,0.36768802228412256,0.3744122965641953,0.4064974802015839,0.4115572436245252,0.4300841705131686,0.43802855324179324,0.4682461039545987,0.4891852919971161,0.5088396302611505,0.541533400347254,0.5664316702819957,0.5940078937926085,0.6099588853357698,0.6387818748853421,0.661097637653822,0.6871148967017036,0.7000820943172489,0.7190822111977321,0.7293307086614174,0.7412993039443155,0.753480017961383,0.7521391112337842,0.7551332853025937,0.7634261787729838,0.7517807231088269,0.7433817630804884,0.7327463536108146,0.7256478999106345,0.7004961659900767,0.6907517003798251,0.6653229500687128,0.6437917222963951,0.6179274703733405,0.5926996747379834,0.5733688415446072,0.5448462929475588,0.5220080029101491,0.49041905444126077,0.4698882732309928,0.4531138153185397,0.43108059914407987,0.41153914749420367,0.39972985141828005,0.3896197513065417,0.37252777025196426,0.3591150442477876,0.366457399103139,0.36236433760875414,0.3660874238624149,0.36703039047704933,0.36461441099358105,0.3905352011494253,0.396305926656505,0.4213779312852209,0.4398110293449623,0.457921453379642,0.4801318602993585,0.5055330634278002,0.528385463749774,0.5514101317301742,0.5715203229654097,0.5972842594246918,0.6228499004164404,0.6513134220942786,0.6687066870668706,0.689087656529517,0.7061082336131452,0.7271820900933563,0.7410475681453768,0.7508557016753739,0.7533624136677571,0.750557587652779,0.7552265589950651,0.7637998575498576,0.7475823782234957,0.73780596748258,0.7297200927081476,0.7171462072697754,0.692154915590864,0.6783662477558349,0.6588718314887541,0.6274995413685562,0.6071945046999276,0.5882352941176471,0.5669439227260531
0.5707832685879484,0.5371569253214188,0.5215985630893579,0.49897091722595077,0.47446236559139787,0.4491844416562108,0.43584091117846974,0.43031436459168226,0.40807419530823785,0.3979619200858139,0.3929308334080919,0.37568318251052774,0.3831633565933083,0.375448350071736,0.38346470798996773,0.3826760309742481,0.3969403457952385,0.40572148254767904,0.41558096250997073,0.4381359011627907,0.4581638068282328,0.48280592646789827,0.5022851509991935,0.5257510729613734,0.5515572198374281,0.5787994196590497,0.5980578999909247,0.624930951942552,0.6528213869202476,0.6707328092527334,0.6930853944755371,0.7080082503811317,0.7216689098250336,0.7356332111895612,0.7450733375326195,0.7591374269005848,0.7600971485112891,0.7638177406308978,0.765410199556541,0.7535733671069296,0.7495946676274545,0.7375373201845653,0.722072798995876,0.7138439148626523,0.692746020260492,0.6780747697309012,0.6553943789664551,0.6294610342316096,0.6124614547433339,0.5851197982345523,0.5543400286944046,0.5378699812214969,0.5056018643004392,0.48822789360172536,0.4709614010007148,0.44093163301452354,0.41899088365375936,0.41108398878944036,0.39266136162687887,0.38938132330557795,0.3799190878999632,0.3669957431392084,0.3684817311103228,0.3744264031062478,0.385503355704698,0.38977119784656794,0.39587998208687863,0.4102541397325777,0.42857142857142855,0.45074600035951823,0.4676115199418552,0.4904783191774698,0.513542697741384,0.5361111111111111,0.5663963963963964,0.5922812725958062,0.6091243165725554,0.6392078849805588,0.65189356098447,0.6800106515178413,0.698568062352728,0.7184858838338428,0.736391982182628,0.7475904709947263,0.7595457390682285,0.7543765149474818,0.7612989323843417,0.7674957653561558,0.7570989010989011,0.747550121370134,0.7426610062324993,0.7375011341983486,0.7213826803004253,0.7061145795078957,0.690819525302284,0.670782255930858,0.6423589093214965,0.6162864099558121,0.5940700808625337,0.5661824415771903
0.580844303222878,0.5536007292616226,0.5415681280698563,0.5114895917815626,0.4829059829059829,0.4651542649727768,0.4500542888165038,0.43641461649782926,0.42290035106670265,0.40809020941471275,0.39892649199417757,0.39303571428571427,0.39332975679542204,0.3883973364954848,0.39767145715845004,0.4022825798460586,0.40706051873198845,0.41630289532293985,0.4361882647137626,0.45184046305507825,0.46878070567217506,0.4913522717089345,0.514180577993179,0.5340124003542959,0.5596766951055231,0.5874613686534216,0.6097648860463022,0.6351266107957105,0.6537626628075254,0.6704391127206881,0.6954541395016522,0.7156094084105489,0.7318250916569794,0.741305890702626,0.7541263006817366,0.7624694487191093,0.7642850755611196,0.7700602030730523,0.7694819921981312,0.7708444444444444,0.7560623816821419,0.7462367506903002,0.7411924119241192,0.7241379310344828,0.7031671765341011,0.6845276129621177,0.6600053055088867,0.6397878460985257,0.6142325496959244,0.5894558731855019,0.5693305703216506,0.5459047968449051,0.5249774571686204,0.49768202890646307,0.47760793778492894,0.45826914363389215,0.4333930170098478,0.4260924294191692,0.41412247812890557,0.4038513943137433,0.4001776988005331,0.3818582122413034,0.39244912531238846,0.3879781420765027,0.39536352155872273,0.40788523998556475,0.41701559020044543,0.4282104503203682,0.4486047962913435,0.46162181686834025,0.48710220725113024,0.5117721063982746,0.539690949227373,0.5460967216084043,0.5762091736569694,0.6026829927073017,0.619630796938316,0.6515707509173901,0.6649057291192276,0.695841261212286,0.7099079782006611,0.7279279279279279,0.7307056229327453,0.7471752689143993,0.7607655502392344,0.768954688200987,0.7716319824753559,0.7690664768176559,0.7717676904956057,0.7563662633194871,0.7491210673397638,0.7374866879659212,0.7271361668286649,0.704245709123758,0.6971448901538735,0.6740954615176397,0.6577386302354844,0.6295239793189517,0.5975970590872411,0.5915669108450956
0.6000707213578501,0.5711287526234146,0.542248413417951,0.5237753454153956,0.5054835493519442,0.4881092322994846,0.472169598556608,0.44991936928865794,0.4369816083663902,0.42020039363034534,0.4190182379094456,0.40972534894191803,0.39399928135106,0.4047661870503597,0.41766345894414963,0.42215030564545125,0.4306792622582096,0.43906434877582595,0.45250155514085133,0.4689710754902839,0.4858262692553095,0.5124932102118414,0.5223961632431454,0.5457875457875457,0.5719731348702124,0.6002002184200946,0.6235188509874326,0.6438861876463173,0.6642599277978339,0.6728661275831087,0.7063689734922611,0.7228775692582663,0.7358354384698664,0.7436783700200109,0.7572736336445209,0.7677314564158094,0.7736903795870526,0.7738661876964527,0.7721051683774536,0.7680967514124294,0.7616232195646332,0.7536348949919225,0.7401455965909091,0.7263186712903814,0.7104669014720492,0.6845163597353835,0.667384284176534,0.6503308889286353,0.625438202247191,0.5980796841349605,0.5794797687861272,0.5521228545618789,0.530610380116959,0.5098458522676647,0.4841354723707665,0.4710977388767323,0.45555252882956504,0.4416607015032212,0.4239061220776858,0.42579315289478403,0.41237942122186494,0.4106640021800345,0.41148282097649186,0.40757318055679886,0.4218158890290038,0.42469664525339046,0.4277963649516231,0.4589958906557084,0.4555416963649323,0.47867468797701357,0.49860322609714336,0.5149635036496351,0.5452748832195472,0.5582648401826484,0.5905820202204208,0.6110310021629416,0.6316933949442783,0.6573990219163195,0.675744141861938,0.6898256336509078,0.7198190045248869,0.7331247206079571,0.7515118693022836,0.7561173083843109,0.7606483565961278,0.7737390055645306,0.7714414414414414,0.7757272727272727,0.7714285714285715,0.7710908113917249,0.7583122515359595,0.7532983914693656,0.7339843037050556,0.7171853856562923,0.7039443993140175,0.6853383124388726,0.6615008156606852,0.6415060186442212,0.6211875112795524,0.5996538531608672
0.601027397260274,0.5774471136608104,0.5621179431859044,0.5427388878891488,0.5214039542898603,0.5015735994964482,0.486903901734104,0.46742714553070136,0.4610783869506117,0.4367692030940817,0.4339007605939877,0.4317240136912268,0.43309133279555434,0.4202481568063298,0.43293687099725525,0.43338909923395263,0.44084249084249083,0.4592545221998904,0.47067368803341203,0.47893929827726167,0.4928545586107091,0.5228197417300549,0.5420619860847565,0.5572621934788466,0.5876344086021505,0.6127058400071987,0.6357335733573357,0.6516100178890877,0.6662223407091442,0.6892863562825814,0.7127351664254703,0.7340021691973969,0.7457201756744645,0.7584589010195796,0.771967462232949,0.776488577082209,0.7791882710531021,0.7732218325690136,0.7790447117974502,0.7713898916967509,0.7667473769168685,0.7574288535775204,0.7418461263515325,0.7314873275006765,0.7119570085087327,0.7071575741288184,0.6811949514210478,0.6600609756097561,0.6394967177242888,0.6169622066989074,0.5970350404312669,0.5735081374321881,0.5528910205169199,0.5249909123954926,0.5107110711071107,0.49336679813553247,0.47452485053984117,0.45694481471607573,0.44783191774698256,0.43953723257735744,0.43254432544325444,0.4288704832984436,0.4216942516462004,0.4218665219750407,0.4360387590008001,0.4424610366074665,0.43596146985372813,0.459140166992361,0.46872759856630825,0.4909625144688808,0.5111051406054092,0.5289692844989702,0.553082191780822,0.5715955056179776,0.5948118377785897,0.6277268275309411,0.6356596209912536,0.6722040668119099,0.6894098330748882,0.7024136039495338,0.7239625167336011,0.7453241329217359,0.742497320471597,0.7621442040046691,0.7771836007130125,0.7729869666131048,0.7749596701917907,0.7862056642544447,0.7782723226451086,0.7690100430416069,0.764376130198915,0.7572542618788538,0.7390874797916293,0.7198411982315258,0.7058717741210323,0.6898193907808429,0.6678519328956966,0.6472788812683709,0.6240567732662594,0.6144578313253012
0.6212025601730822,0.5938255033557047,0.5678655340683174,0.5499058380414312,0.5340569877883311,0.5188889881218184,0.5069444444444444,0.48049373817461033,0.47376014427412083,0.46416689146659473,0.4515597841002653,0.4370825058674851,0.44536514296120927,0.4403553299492386,0.43864673767117157,0.4508859609268514,0.45486235252055773,0.47255434782608696,0.483616944243302,0.49963924963924966,0.5117924528301887,0.5383856502242153,0.5524921418949259,0.5761265665274198,0.6017730814005552,0.6167713004484305,0.6383928571428571,0.6583716526913714,0.6812172832934079,0.707356219349086,0.720965991316932,0.7424215246636772,0.7553775537755377,0.7584875157176217,0.7702799072918524,0.7782510194834618,0.7798408488063661,0.7902478888586216,0.7758776692001448,0.78137000982406,0.7760786455488804,0.7656866260308354,0.7612047975471188,0.738409715450758,0.7257790874185195,0.7125313732520616,0.6824446862531738,0.6670896401703978,0.6432147327015912,0.6284966612524815,0.5955643707176344,0.5829696267925537,0.5587757313109426,0.5420250896057348,0.5215808170515097,0.5086045474810522,0.4910449104491045,0.47433917703696976,0.46720940750791495,0.46244664426482607,0.44627202892001805,0.44354551920341395,0.44149423182567293,0.44102795311091075,0.4445937472005733,0.4580739655803735,0.4719572001783326,0.4787658802177858,0.48689680101210914,0.507317933345089,0.5227010217681031,0.5397314949201741,0.5575221238938053,0.5954308328836122,0.6098601779553295,0.634539942938659,0.6457883369330454,0.6779072871251891,0.6947141316073355,0.7144811234725515,0.7272316996118783,0.7453186892329853,0.7601637107776262,0.7678491645071933,0.7782361569490283,0.7855937472244426,0.7854147675478578,0.7749551166965889,0.7809601008736378,0.7852985943235742,0.7650104459987284,0.7611277309400779,0.7437851569588096,0.7328999175899643,0.7068981104782569,0.6994219653179191,0.6761297277872608,0.6526068066618392,0.6333843522103179,0.6207878064456891
0.6269705431943068,0.6063620071684588,0.5930127041742287,0.56645056726094,0.5366095581605049,0.5232242906199168,0.5193171608265947,0.5105230441346239,0.487720574859014,0.4759498240231026,0.47313566936208445,0.4608447182784177,0.4599694491868092,0.46616951618770464,0.46982358402971214,0.4770248524941892,0.4701310438319024,0.4912296482864082,0.49941876061879636,0.5158917544496913,0.5315186246418339,0.5461524727727192,0.5664072980949826,0.5846112213602742,0.6077013468317816,0.6306499063920834,0.6582730600946514,0.6707306059785063,0.6859761523402741,0.7130341498301448,0.7357324609233006,0.7441269841269841,0.7584493041749503,0.767500224074572,0.7871618605481654,0.7869951095815976,0.7979998198035859,0.7922403003754693,0.7853431284716,0.7849520708988967,0.7861478043555873,0.7711330935251799,0.7641509433962265,0.7549293238498245,0.7318120805369127,0.7120952466853071,0.6968099609197491,0.6825743114262339,0.6627160047046051,0.6413316582914573,0.6231454005934718,0.599290780141844,0.5788810937218924,0.5634586061530182,0.534056282487901,0.5223028105167724,0.5057522518505306,0.4957444861352613,0.47923782131943193,0.4779874213836478,0.46998722860791825,0.47141829947869857,0.4675160386735339,0.4641601298350014,0.46705723298783236,0.4744684717426858,0.4863197424892704,0.5058600793364587,0.5031893566611992,0.5259933327326786,0.5473731477323754,0.5535038731760044,0.5787568426628995,0.6006381039197812,0.6268145343070959,0.6457617928790891,0.6675333990854478,0.6917621385706492,0.7003174603174603,0.7161520190023754,0.7421170165252344,0.7484010449509053,0.7658199443496994,0.7716923628540696,0.7834377797672336,0.7894357310257797,0.7878652886671419,0.7926840255878908,0.7927090779127949,0.7870229689873983,0.7766158838907419,0.7723620782003213,0.7560799855881823,0.7415009041591321,0.7262214253697893,0.6999909526825296,0.6841822094691535,0.6682971014492753,0.6447486133476472,0.6336677616975939
0.6406432485850327,0.6212368516503446,0.6032739958851417,0.584421391522089,0.5645363408521303,0.5521876409562472,0.5363052717243874,0.51974453539624,0.501501774824793,0.49622098254453845,0.48314809794885694,0.481302125369922,0.4823644968300741,0.4895956383462063,0.49941032386827544,0.4985536069426867,0.498197548666186,0.5140748838480459,0.5223715706131468,0.5368582513759812,0.5444115801738819,0.5652367787389637,0.5865131877095985,0.606296395671228,0.6242925163956518,0.642754662840746,0.6666666666666666,0.6918423627791122,0.7046705736103711,0.7232732868652123,0.7407709750566893,0.7600828231904934,0.7713292324150842,0.7814143245693563,0.790935148692225,0.7993801841217756,0.7971927298902285,0.8036665763569042,0.8005045954225987,0.7948396344741085,0.7858162355040142,0.7867151472153245,0.7711416016500763,0.7621324831739285,0.7402421395012649,0.7307969707897584,0.7149701681431929,0.689288268955651,0.6747119136194538,0.655103884372177,0.6339875192185945,0.6123772633096117,0.5900811541929666,0.5750432329116228,0.5617139777218828,0.5377239008503709,0.5357561547479485,0.5163345898402442,0.5005334281650071,0.49321307376317197,0.4878508024746705,0.4877872263434051,0.4772234273318872,0.48777222420564087,0.48797711629570034,0.4975467926585499,0.4993638676844784,0.5105710155402964,0.5269196025293587,0.5339013452914798,0.5577444424362913,0.57811080835604,0.5990494126087347,0.62100251527129,0.6344192762386066,0.6566051459223565,0.6714131218457101,0.6976224526278155,0.714841277019083,0.7330361123495319,0.7500675006750067,0.7587872283337805,0.7722574796010879,0.7784345334049794,0.7848124098124099,0.8000725689404935,0.8029317453046266,0.8022840827980015,0.7899551569506726,0.7973696145124717,0.7860924181247196,0.7758038728015634,0.763205174272368,0.7495495495495496,0.7428215841408126,0.7187188095454133,0.709569766393073,0.6772731477199149,0.6672785681505278,0.6416591523895401
0.6391481649297689,0.6382305047946445,0.6165044208270072,0.6002639683238011,0.5798620442533369,0.5617278383984129,0.5450701691255847,0.5290838802481345,0.5232024944974322,0.5170530838778982,0.5107770331461692,0.5080252479711451,0.5038059833598867,0.5014414414414414,0.5015152906602994,0.5150049269909522,0.519191011235955,0.531953195319532,0.5407931754242672,0.5504062862755603,0.5652527075812275,0.5872420262664165,0.5975929780110397,0.6229142500223075,0.6534929780338494,0.6648024855747892,0.6762376237623763,0.6942669426694267,0.7136736879685827,0.7326256577753584,0.7568028738212842,0.7645569620253164,0.7756850843524056,0.7861544037694816,0.7907019309966139,0.8017078651685393,0.8068079755703251,0.8029931972789116,0.8022447888829503,0.8030577166636512,0.8006860444123488,0.7906597882161281,0.7785132838357635,0.7620520283791159,0.7534396355353076,0.7336106338728637,0.711295561169253,0.7054193431647516,0.684413372770458,0.6646417723780597,0.6392898771630952,0.6295895354082093,0.6064235166031573,0.5984408992023206,0.5672451193058569,0.5580871757925072,0.531736846790706,0.5260885210507377,0.5234023402340234,0.5136343316942333,0.5136631865637766,0.49707602339181284,0.5029799530431641,0.5052727272727273,0.5196829114494189,0.5123130652816333,0.5286744815148783,0.5315620542082738,0.5499636627906976,0.559610705596107,0.5728390629207432,0.6002152273338714,0.6120993227990971,0.6275606894684596,0.6436863725665297,0.667658193618172,0.6909496210432456,0.7093352838986925,0.7225163779951539,0.7338347243877832,0.7546050858118429,0.7701576372531256,0.7778685548293391,0.7926353149955634,0.7995497523638001,0.8032421840206645,0.7982198486871384,0.8001251452578886,0.8053208700341542,0.8064692482915717,0.7952307831270888,0.786993487698987,0.7672329449435205,0.7608872793119058,0.7446577327055415,0.7312511186683373,0.7007332307413777,0.6935426328933286,0.6745033716056132,0.6599690880989181
0.6731116732923744,0.6553187646740112,0.6358700570084155,0.6189057421451788,0.600552683187734,0.5843272373884619,0.5704464285714286,0.5517462058877308,0.5507584597432905,0.5389698560695212,0.5230448194520051,0.5292503761394813,0.5219680464778504,0.5293639320563788,0.5359978588634133,0.527277613544746,0.5314900153609831,0.5504912663755459,0.5588736436194063,0.5730952167279907,0.5870171963626541,0.605708053081258,0.6201112307140294,0.6362575199784503,0.652385676918914,0.6723458825684712,0.6908942795076032,0.7068095838587641,0.7256909832351609,0.7470604075038147,0.7602470019688563,0.7725923927704343,0.7823135409123824,0.7931345166231192,0.8069226608977826,0.8039180445722501,0.8170535714285714,0.8115075825156111,0.8119054090785539,0.8107033086241187,0.8042442226418488,0.7953242972800874,0.7912107623318385,0.7782643667888104,0.7616860308024859,0.7506445017334874,0.7295305676855895,0.7093924643951686,0.6928822100242958,0.6786751361161525,0.6646787747357007,0.6462264150943396,0.616833378390556,0.6116732923744127,0.593438202247191,0.5770295614896848,0.5674389367816092,0.5494056800653299,0.5294751009421265,0.5359649922508889,0.5341467856492442,0.5217936095945583,0.5343905754417762,0.5315225290697675,0.5272056839643853,0.5419517464890169,0.5387030226926182,0.5551607907442835,0.5711338356655903,0.5808282344595194,0.5933339371433747,0.6082773643129424,0.6272436467033944,0.6513134220942786,0.6638821521602443,0.6838222062263811,0.6991475998205473,0.7154681381274475,0.7321540809912903,0.757975797579758,0.7623185808994803,0.7819215059492097,0.7815638450502153,0.8004128152203177,0.8082374966568602,0.8170918597313621,0.8137069972154855,0.8129740340858392,0.8091748099891423,0.8062364816149964,0.7975953715422166,0.791990490993874,0.7812861335942364,0.7735917406266981,0.7601378934954187,0.7391975308641975,0.7283649503161699,0.7075336322869955,0.688476300990806,0.6706405693950178
0.683749887214653,0.6635345139139862,0.6484623060872721,0.6298819255222525,0.6228446309643281,0.5953168290285101,0.5891138101664417,0.5751285819250551,0.5725397973950795,0.5611685393258427,0.543998543998544,0.5487870619946091,0.5426342525399129,0.5405093619664566,0.5427208066984784,0.551763871653962,0.5641484130531963,0.5661969302576071,0.5768701239100504,0.5968322534197265,0.5970189948195946,0.6167837205114353,0.643431877768737,0.6488263768380674,0.6681776971894833,0.6807004809000998,0.7094558429973238,0.728119349005425,0.7308743169398907,0.7497275699237196,0.7649591818426482,0.782372821060121,0.7911772617233032,0.8018705166621266,0.8118205901160135,0.8201341065603479,0.816722287363579,0.8199713672154617,0.8207555595248728,0.8162953647143371,0.8217047373566794,0.8067698434247443,0.7962012782428661,0.7790094761308779,0.7716150081566069,0.7543684925305568,0.7417710196779964,0.7259306222262476,0.7043470352855584,0.698320007187135,0.6720791001451378,0.6587936046511628,0.6378792019677507,0.6255360972122945,0.6145711981360337,0.5933928571428572,0.5804277498202732,0.5711332794104431,0.5562674848840358,0.547978436657682,0.5554134307903152,0.5418530351437699,0.5383860900579581,0.538593637020969,0.5449581361485256,0.5582506762849414,0.5569277923014514,0.5706046679282689,0.5901191884268947,0.5938151809195611,0.6223619218679838,0.6241853729181752,0.6416515426497278,0.6675543719485131,0.6766236096160746,0.7025397405444911,0.7170714092263248,0.7298722187472075,0.7435710377530549,0.7600035568202027,0.7763969521044993,0.7858620379530533,0.8044016263036945,0.8069261695906432,0.8198431092886432,0.810686482661005,0.8190909090909091,0.8169442951818019,0.8200558106040148,0.816227834497582,0.8097433116413594,0.8004652827487473,0.7954606380126887,0.7757168458781362,0.7656236227412957,0.7512273498170133,0.7333393129428648,0.7143370463528567,0.7043636363636364,0.687399319849651
0.6899882639703891,0.6769257826239887,0.6644936595820682,0.6436886140414696,0.6296130419204586,0.6194571351787154,0.6048249167341795,0.5930201342281879,0.5913651021139377,0.5726332970620239,0.5776838698075886,0.5555054558571557,0.5763582304712136,0.5707102451288498,0.5695857558139535,0.5724849370093117,0.5816829465005825,0.5854777757782976,0.590465872156013,0.6133574007220216,0.6331555555555556,0.6391467333095323,0.6489654559985791,0.6634365186182144,0.6832119413721788,0.6958813544179397,0.7084231321839081,0.739247795573151,0.7428388395717032,0.7663735869370177,0.7827648114901257,0.7928686615301918,0.8040263673614823,0.8084563513759796,0.8168570657551498,0.8260241833604043,0.8227628941133589,0.8244916403072752,0.8281348883464424,0.8189577717879605,0.8192341941228851,0.8104085866329936,0.8018799710773681,0.7927911772617233,0.7758589347391384,0.7671714440237967,0.7542403464453266,0.7340760039529243,0.7143498563218391,0.707986460525112,0.6909107174807658,0.665546981389015,0.6562272396212673,0.6313171684874322,0.6328328688303515,0.6060280833556927,0.6075411577270313,0.5944186875891584,0.5873380501699899,0.5718527850265455,0.5708272327964861,0.5639498149652495,0.561741613133476,0.56432201123295,0.5728426167551516,0.5716347888848791,0.5821135308818279,0.6049109121531779,0.6018484958318231,0.6140055027957753,0.6288123430211697,0.6451095670764297,0.6513157894736842,0.680733124720608,0.700848395426042,0.7045759828064834,0.7293990644116589,0.7482882882882883,0.7529729729729729,0.775,0.7853548966756514,0.797180043383948,0.8072300045187528,0.8129236330772707,0.8122376060741402,0.8306675006701814,0.8263762304046665,0.8312494377979671,0.8290296276162,0.8244247146222141,0.8212630622444343,0.8072655690765927,0.8035827377182665,0.7883137327530327,0.7691825588682962,0.7659019343229869,0.7490629856476826,0.7318586458052333,0.7135579587094468,0.6917252568956193
0.7089472749866856,0.693963963963964,0.6869003855464897,0.668465551358158,0.6513033282222422,0.634942032892963,0.6207179300291545,0.6178024536580997,0.606851403461573,0.6041984390418946,0.5863729599571925,0.5856624319419238,0.5886284644862312,0.5950008895214375,0.5854922279792746,0.5835866261398176,0.5942943476715251,0.599660198515604,0.6176656721815388,0.6250792213671345,0.6392821715213275,0.6510194834617127,0.6604684426962274,0.6950354609929078,0.6905663780663781,0.7149452340001811,0.7271342828988623,0.7441379929925434,0.7673440157550802,0.7784245952337638,0.7865619864889538,0.8034172498409524,0.8099173553719008,0.8249458874458875,0.8239600071415819,0.8330046611688777,0.831268221574344,0.8384243640010942,0.8331383313833138,0.8345278623902527,0.8248404781162937,0.8187719772788747,0.8056284499140349,0.8042929292929293,0.7868061874431301,0.7769550297995305,0.7646365778502809,0.749598142525451,0.7341749159930978,0.7254197719313998,0.7021904336164506,0.6897764154345474,0.6636783482749253,0.6507864762249141,0.6422174458176607,0.6335554755043228,0.6202851470853636,0.6054694459290931,0.60092199222634,0.5934254492910683,0.5863357352548706,0.587847469707769,0.5921029122744327,0.5852334419109664,0.5881777777777778,0.5986688253282965,0.5978408781638392,0.6045369295346968,0.6246093401196535,0.6292563334241351,0.6441839495040577,0.6542906542906542,0.6819450697883837,0.6909254267744834,0.70441563151691,0.7165325860978035,0.7450102926698291,0.7478205593897567,0.763416614052494,0.7822321428571428,0.7887285597604138,0.8060428849902534,0.8173628173628174,0.821470036616951,0.8288352909531068,0.834,0.8362375695648208,0.8347999637122381,0.8365842696629213,0.8317230273752013,0.8287229341581971,0.810727830955391,0.8011960855382385,0.7967744858204222,0.7798845836768343,0.7742846728631311,0.7589684097804748,0.7434696451089894,0.7313311688311688,0.7104416234578937
0.7226428700198305,0.7189394624920822,0.704617330803289,0.6912347012239021,0.671752279498059,0.6496304870447868,0.6523297491039427,0.6289051888073893,0.6308791606367583,0.6164835164835165,0.6170711901109808,0.6162759604242802,0.6087270104579877,0.605227334603866,0.6128887693824505,0.609005594658004,0.6217312894499549,0.631578947368421,0.6368785399622404,0.6467179719330014,0.6612002162551811,0.6740449839343092,0.6901041666666666,0.6975501113585746,0.7144259077526988,0.7303370786516854,0.7441111520058888,0.7556127429230632,0.7723968744321279,0.7883673287610226,0.7938572719060524,0.8137219406227372,0.8223027304055845,0.8301293568091987,0.8340694006309148,0.835477441565501,0.8402745995423341,0.8459004718240898,0.844873859366613,0.8407198495836691,0.8370751059417546,0.8307706061147864,0.8214702450408401,0.8086583249611836,0.7980085348506402,0.7924235508900046,0.7725063017644941,0.7637927975873692,0.7466918714555766,0.7294468008302499,0.7180612793406199,0.7031868923298523,0.6904479518292127,0.6652614584267648,0.6619589977220957,0.6506659515509073,0.6362316209838447,0.6323410378631172,0.6289564116476759,0.6191245066379619,0.619935170178282,0.608809933834859,0.608357452966715,0.6098416696653473,0.6092649449160195,0.6120650495139457,0.6322265448294581,0.632757231127429,0.6410745076685724,0.6524434063959755,0.6674228675136116,0.676822144333603,0.6969072164948453,0.7023280611338191,0.7190423775454046,0.7333939118582462,0.7476685796269728,0.760705289672544,0.7801155860574318,0.794946373386657,0.806261876753235,0.8108205590622182,0.82239171887769,0.8210255043099618,0.8282910138663785,0.8400216430697087,0.8353795142933955,0.8423269989243456,0.8406312716657545,0.8384110721668014,0.8278306118787009,0.8240339472733839,0.8189779703864211,0.8078336470377342,0.7940650697175545,0.7817788980914656,0.7736224028906956,0.7554159839796104,0.7405541561712846,0.7308272009929958
0.7439068100358422,0.72454284689853,0.7126059611703582,0.698822463768116,0.6912916742576061,0.6746815000897183,0.6653333333333333,0.656165858912224,0.6482539682539683,0.6372689754171901,0.6285868976719003,0.6301818181818182,0.6307650813629416,0.6255877034358047,0.6263696459295481,0.6359471840474266,0.6390257252326218,0.6468069925080271,0.6516088554270861,0.6710431003259688,0.678181984788784,0.6936212504517528,0.7007923644876644,0.7160963244613435,0.7302060737527115,0.740644116588701,0.7581586144029171,0.776088706071716,0.7784942330396876,0.7936294302377748,0.8077933846850929,0.8201114353940037,0.8174990951863916,0.8326972010178118,0.8336577596885507,0.8454570160340611,0.8518814341498048,0.8515236458992675,0.8493384933849338,0.8388552857271825,0.8428714402693113,0.8389468906037222,0.8348837209302326,0.8145292943950662,0.8113122171945701,0.7988578680203046,0.7886644019309852,0.7697231989901722,0.7562691683204041,0.7554112554112554,0.732301082967869,0.7163831692032229,0.6996764917325665,0.6916299559471366,0.6848545273271096,0.6647660421757625,0.6656191074795726,0.6600467289719626,0.6468951902368988,0.6427406199021207,0.6371912745628268,0.6293432781517191,0.6326971552034569,0.6286445480303445,0.6266485998193315,0.6347771046206709,0.6462048570660454,0.6535888627734587,0.6653281007575066,0.6709320264996824,0.6927530987062336,0.6944320314594691,0.7101092896174863,0.7168020443552067,0.7343806104129263,0.7538796624013069,0.7604423727264418,0.7761719808508717,0.7898393791734344,0.806695464362851,0.8136601189403496,0.8196853932584269,0.8312842143049448,0.8346556076451497,0.8415779021484022,0.8448275862068966,0.8567513246848164,0.8532974427994616,0.8475304223335719,0.8384629229661628,0.8441864683475422,0.8324373576309795,0.8310162346398781,0.8156760639253008,0.8015858873841768,0.7929799426934098,0.7795268425841674,0.7699186264866315,0.7513921322076522,0.7362162162162162
0.7554668360402867,0.7393906906102028,0.7273709808159957,0.7121619201146338,0.7063628937097214,0.6960308908045977,0.6802112234851875,0.6855524079320113,0.6593806921675774,0.6672998643147897,0.6632606926485216,0.651164898921222,0.6544653296159727,0.6421100090171326,0.6530172413793104,0.6525614477356622,0.6742857142857143,0.6727645903980011,0.6729734576757532,0.6843615494978479,0.700543970988214,0.7112758838954698,0.7197772588467757,0.7282276889926378,0.7428366762177651,0.7620114736464683,0.7704918032786885,0.7862322083967416,0.8,0.8103621271549758,0.8160293066476054,0.8257272727272728,0.8371781115879828,0.8391589540839249,0.8502950522015433,0.8580375782881002,0.852537475167058,0.8502328914367611,0.8552312528064661,0.8507635973921586,0.8488009271641259,0.8456535114705107,0.8401566393734425,0.8259763851044505,0.8209741912031988,0.8139301668338044,0.7944909532811234,0.7919615314824896,0.7718342561171638,0.7541719002332675,0.7453190167716746,0.7355229822656533,0.7278880866425993,0.7137293086660176,0.6952104499274311,0.6867306299782766,0.6746652287229262,0.6690990990990991,0.6750957172112901,0.6547872340425532,0.6550678087080657,0.6450344149459194,0.648306226974571,0.6587152684713661,0.6628922967189729,0.6609846767612657,0.6687061364045348,0.6765965199963561,0.6850948509485095,0.6827704533140689,0.7029543419874664,0.7132400036599872,0.7180303995631201,0.7398859625305457,0.7494342355390604,0.7639442231075697,0.776067615658363,0.7869658501698552,0.7966712898751733,0.8085372387926415,0.8268232723299644,0.8237488626023658,0.8451746862869007,0.854644906743185,0.8480401093892433,0.8535124341985841,0.8496726163781505,0.8518552200800291,0.8578156131135664,0.8550711583498469,0.8471303414983015,0.8390151515151515,0.8334839176002892,0.8240394268504153,0.8181154793395968,0.8078420959461852,0.7908043908583768,0.7751356238698011,0.772017432358816,0.7541379618860159
0.772498652775283,0.7609989181391994,0.7423982676170712,0.7376446318055431,0.7300711743772242,0.7155922173406258,0.7100142806140664,0.6950183346748949,0.6920111180848202,0.6845887918486172,0.6846547544221963,0.6689386562804285,0.6740311147933352,0.6744777475022706,0.6797037304669858,0.6797722825120085,0.6859969144205463,0.6945755767346575,0.6940479396714248,0.6971907077255538,0.7128819010184028,0.7237777977851805,0.7374159549336725,0.7482372084613994,0.7617694084206786,0.776283185840708,0.7782581284337566,0.7929677015299276,0.8060926669098869,0.8139662254678229,0.8274242155646162,0.8366854384553499,0.8467669711624575,0.8452180090578102,0.8553164670928244,0.8575672999009634,0.8627503817479565,0.8576426264800862,0.8577640876970466,0.8602286022860228,0.8554303740423614,0.858280397244341,0.8437195284106019,0.8381487184131872,0.8292989062219831,0.8213708953884802,0.8125056392673464,0.7965919282511211,0.785462435584486,0.7710713321939372,0.764172945819878,0.7551874772479068,0.7407341252121104,0.7210401891252955,0.7168109668109668,0.7091202004833079,0.6993964507702009,0.6940795393197768,0.6812763287622121,0.6861535628797644,0.6755952380952381,0.6689667532933059,0.6693433261955746,0.6791395516992046,0.6799418076013821,0.6748759585024808,0.6824797843665769,0.6941187002058903,0.6928936284613316,0.7114178168130489,0.7236865381213515,0.7315182113234764,0.7351273512735127,0.7548858447488584,0.7735513686455742,0.7791812236853892,0.7930761099365751,0.7996933621933622,0.820501262170934,0.8272134369695345,0.8303236188092258,0.8410068075958438,0.8527263007840342,0.850893739333513,0.8565643840547107,0.8621001265136454,0.862722316560908,0.8660754277523963,0.8592808906734806,0.8599042543582333,0.8575823380383641,0.8479374494472903,0.8457542099605876,0.8227734339893952,0.8283555235696294,0.8170611880303708,0.8082625203399024,0.7962098077959404,0.7788971844922191,0.7670403182064726
0.7800255148532896,0.7651434643995749,0.7578173998745632,0.7504271966903499,0.7373562169070659,0.7351297764960346,0.7209681805819962,0.723014440433213,0.7201353035428164,0.7048911558429729,0.704277022190408,0.6948373727362825,0.6940352791416621,0.6896367521367521,0.7003080268164522,0.7070589290519329,0.7056215641071112,0.7104477611940299,0.7181760607979734,0.7225682359406485,0.7359180035650624,0.7429292019455954,0.7476550405245423,0.759090909090909,0.772085917138492,0.7816636851520572,0.7979476291578202,0.8084933730051393,0.8232419223459136,0.8329165922486158,0.8398666306208885,0.8478202488586518,0.8535971223021582,0.8645195634815012,0.8647138350608382,0.8761828244956258,0.8714881276055827,0.8704189666093566,0.8669351230425056,0.8719942144277707,0.8629556116925298,0.8632088393753995,0.8633613293597038,0.8451799602098029,0.8464034613304489,0.8243618450515002,0.8149012567324955,0.8075306323226903,0.8025399065173295,0.7836672356481897,0.7731077147016011,0.7690026954177898,0.7531976220500811,0.7435350573180485,0.7349749202006384,0.7285186186998467,0.722454926242943,0.7124532335649385,0.7006259638936768,0.7036239684248295,0.695850882695582,0.6932443402182736,0.6893461362597165,0.693943763518385,0.6999910257560801,0.7082285303629177,0.7039579247637725,0.7153225074843509,0.713125969169023,0.7261009667024705,0.7322443822759679,0.7506342877854295,0.7529561579043115,0.7683935959704983,0.7834130493637759,0.7901378199391444,0.8020253626493933,0.8165493593214221,0.8202563869442676,0.83596443476683,0.8385411976587123,0.8470260055790516,0.8617115520907158,0.8659996426657137,0.8616916315364607,0.8656222023276634,0.8663375224416517,0.8726889987186528,0.8671467146714672,0.8601561798761332,0.8626363798962619,0.8620163389891373,0.8505570147631555,0.8458558558558559,0.8361475922451532,0.8280928065932097,0.8155996393146979,0.8064487075565162,0.7909519153852991,0.7770556909468364
0.7932683631113517,0.7930119820726241,0.7788796569284374,0.7671924290220821,0.7627651923768428,0.7544606466805543,0.7472587222473946,0.7345124797988867,0.7288669064748201,0.7235310046033036,0.7272564630110028,0.7147179213383165,0.7130248729606847,0.7157503175467247,0.7190446260213702,0.7197059090496506,0.7266996848266547,0.7314270443613041,0.7420753183419128,0.7468536497662711,0.754730713245997,0.757479199858382,0.7682046596619461,0.7791964285714286,0.7906318480642806,0.7970479704797048,0.8109832824015819,0.8154326494201606,0.8372093023255814,0.8366908407198496,0.8477946493130875,0.8504472271914132,0.8557123350022758,0.8642342342342343,0.8750334731768277,0.8761609907120743,0.8742713657967895,0.8747044917257684,0.8735877590961658,0.8700422699883082,0.8676683562635771,0.8622716585277627,0.8634194652021248,0.8580487362985778,0.8501602564102564,0.8446610704937269,0.8296883542919629,0.8190810178940743,0.8146036916395223,0.8035375868603917,0.7980456026058632,0.7802942487739635,0.7689844464775847,0.7672265093054925,0.7465082532196626,0.7390254805543138,0.7386505251913833,0.7307046238175228,0.7206477732793523,0.7203027604630454,0.7230030243728874,0.7138475417230492,0.7154880614765347,0.7168245376635093,0.7102820582139316,0.7264682220434433,0.731995277449823,0.7284455346597619,0.7360315186246418,0.7370786516853932,0.7506075060750608,0.7698177574288536,0.7706879361914257,0.7820717839374556,0.7947203579418345,0.8068192014356214,0.8126793400286944,0.8274006993634,0.830316742081448,0.849918581508956,0.8461881408827463,0.8589335997819966,0.8644281974907483,0.8758116883116883,0.8675568386863948,0.8780315100017703,0.8793181612113519,0.8826231871002612,0.8698995747760789,0.8732959101844426,0.8680536791858057,0.8642811963495075,0.8601499683801608,0.8445239159588734,0.8456591639871383,0.8345076784101174,0.8233339320998743,0.8234867047826482,0.8082216753258591,0.7959675260951021
0.8084433194720665,0.8012953134838535,0.8001982696467196,0.7822682268226823,0.7726289217454021,0.7665976038194757,0.7658874766687406,0.7518407417507499,0.7429162543851758,0.7485449254274281,0.7426167889744049,0.7349375626652083,0.7359279803582796,0.7441104792851341,0.7340548212543245,0.7366768347389198,0.7459265890778872,0.7486844492832517,0.7521030964739575,0.7591689250225836,0.775399129172714,0.7745742859717092,0.7867660425377204,0.7940468763924784,0.8036529680365296,0.814918121288465,0.8170378417526707,0.825814080407495,0.8439421338155515,0.8486877828054299,0.859633437639696,0.8636363636363636,0.8688302296148979,0.8757472638646188,0.8804386590584878,0.8771303649504774,0.8853376670278079,0.8876142677899265,0.8908510071878605,0.8778871978513877,0.8827387905472189,0.8686553873552983,0.8699547511312217,0.8628191298094211,0.8581841087015207,0.8555655296229803,0.8439358442962696,0.8307554760840411,0.8240458699157857,0.8150179856115108,0.8039950062421972,0.7924000361043415,0.7939216209010931,0.7803654604084558,0.7763407795966356,0.7606837606837606,0.755167498218104,0.7532200357781753,0.7508078994614004,0.739940320101275,0.7347176228407769,0.7378200568990043,0.7332914121451671,0.7392487751769189,0.7404217137729924,0.7430016254289327,0.7520150456743686,0.7458055204762764,0.7638132643042043,0.7686835944534486,0.7728253055355859,0.7776975169300225,0.7865576748410535,0.8003618272274988,0.8106540555010261,0.8229763610315186,0.8289673670093876,0.8387953130721347,0.8407706093189964,0.8507042253521127,0.8608819093248159,0.8645973909131804,0.8740653995135573,0.8759071767762745,0.8786320158816098,0.8812061583310559,0.8825506403851394,0.8879682997118156,0.8873099203475743,0.8845810255494014,0.8759696915027964,0.873130293746621,0.8693751138640918,0.8615741153400481,0.8560085645463467,0.8507939405000913,0.8370208504051716,0.8314186481432007,0.8195680916703394,0.8095366379310345
0.8224222585924713,0.8172323759791122,0.8045206825694631,0.7957784111150694,0.7952586206896551,0.7821969696969697,0.7738211526507415,0.7722083481983589,0.7704067948144837,0.7604955878420536,0.764300607379204,0.7591575915759158,0.754408289401927,0.7478268662066493,0.758801701511449,0.7698570653157228,0.7704666486144959,0.7676904956056899,0.7756813417190775,0.7749796913078798,0.7806648149807365,0.7930603871197931,0.8101618705035971,0.8098731884057971,0.8215857053066355,0.8189304055250576,0.8336061102018549,0.8489667565139263,0.8481488105884457,0.8589674883887103,0.8608399336894456,0.8700755891507337,0.880389680678333,0.8801284993116109,0.8892593260046855,0.8841006423982869,0.8873865698729583,0.892870134594398,0.8883372449900704,0.8848693135570227,0.8875374421348825,0.8846468502863376,0.8791518791518792,0.8787472035794184,0.8630100214745884,0.8608750111836808,0.8552118298103965,0.8447434971098265,0.8394240408274857,0.8260477692654349,0.8217152132744161,0.8075526506899056,0.7993576590239986,0.7909317655442722,0.7894358605821057,0.7832017229002154,0.7759224346889307,0.7735748059594968,0.7629770302043769,0.7551183195958522,0.7643733992758103,0.752476139023951,0.7606170598911071,0.7560316888728844,0.763383587613975,0.7668761956818803,0.7758339376359681,0.7726667258680402,0.7776484284051223,0.7843172600270392,0.7914759982054733,0.8028977824896192,0.8087224031849439,0.8098126188105368,0.8164667094056233,0.8285791415459371,0.8345073562193491,0.8442215595915785,0.848064085447263,0.8610707803992741,0.8705861103585297,0.8796870785001348,0.8781452192667146,0.8847533632286996,0.8840645395213923,0.8839439167797377,0.8909579230080573,0.8939393939393939,0.8927489755923749,0.8885192843657287,0.8848172276511038,0.882148273708627,0.8704742939898624,0.8728640991589198,0.8632871147222467,0.8591130340724716,0.8439504834191741,0.8365272154745839,0.8336803983703033,0.821678950206723
0.8350813743218807,0.8194755213461022,0.8202408772245191,0.8182389937106919,0.8116681859617138,0.8001091802383768,0.7947311634598094,0.7867028493894166,0.7861895342564287,0.7814275568181818,0.7774584643017513,0.7748953213180412,0.7760178970917226,0.7815551537070524,0.774277275575047,0.7783242421532683,0.7842052769970079,0.7854696232197584,0.7941176470588235,0.7961531547726047,0.810694304319912,0.8052569776894589,0.8164523043944266,0.8283682836828369,0.8345415005436753,0.8438728117184708,0.8388344275564349,0.8518784828330038,0.8601779553295805,0.8679669243214093,0.8785499041183453,0.8815950920245399,0.8837022491967155,0.8925925925925926,0.8895042672961685,0.8958573582897188,0.9000730727073438,0.8951778233354132,0.8966204584579143,0.8932855863921217,0.8991460674157303,0.8959157970492984,0.8836937987974514,0.8818770226537217,0.8707985061355149,0.8701251913897144,0.8628094773271807,0.8542604936047559,0.8463687150837989,0.8432635534084809,0.8343498629894811,0.8265343289018394,0.8169518860317175,0.8111091007779989,0.7978552278820376,0.7957911849710982,0.7927428155692979,0.786629375676651,0.7847457627118644,0.7785746302106679,0.7784512393703636,0.7751209027404621,0.7760014370396983,0.7803396990231453,0.7781081081081082,0.7806497300168186,0.7859661813907225,0.7867627194957226,0.7956767423087272,0.802605391713407,0.8087010455431508,0.8060439560439561,0.8237030411449016,0.828658209755226,0.8357729382363441,0.8388689407540395,0.8548618586293506,0.8526014148831378,0.8688065099457505,0.8751673061479432,0.8764527087430717,0.8792227471254123,0.8816210451475294,0.8958950866792419,0.895397489539749,0.8948692604906101,0.8914476654926398,0.8941742383752004,0.8964489021415017,0.8985082578582845,0.8892755174875089,0.8882448831733382,0.8852591792656588,0.8838110690463313,0.8762235273180281,0.8675244653860095,0.8594788858939802,0.8522594029043024,0.8455118529699015,0.8383458646616542
0.8413214189006228,0.8457850940665702,0.8332141580264569,0.8317605823672148,0.8295454545454546,0.819248200479872,0.812118451025057,0.8084124830393488,0.8018251767021563,0.7981469820994873,0.7988086770981507,0.7942361048957308,0.7881532469884974,0.7967501571056648,0.793161784346897,0.8008309999096739,0.80018009905448,0.8058956916099773,0.8047107661763379,0.8179990863407949,0.8187034878508025,0.8285065819337267,0.830107910461072,0.8331671049052498,0.8449845257600582,0.853371387798787,0.8663586119416508,0.8652622142536979,0.8717742655594249,0.8758320759740836,0.8847826086956522,0.8903762662807525,0.8931705110809588,0.8948919449901768,0.9021543985637342,0.8980307526301592,0.9060965812728733,0.9029325251804974,0.9044614290792748,0.9017528089887641,0.9002612848004324,0.8982349696635411,0.893560404470463,0.8858143922378942,0.886187037206326,0.8845945945945946,0.8759662052849182,0.863458110516934,0.8600863775418391,0.8521164493659582,0.8476352561805804,0.8343010272443055,0.8284247500675493,0.82569558101473,0.8178571428571428,0.812331959132461,0.8041513823029436,0.8019004524886878,0.8035635529681574,0.7933284989122552,0.7932905325978841,0.794030653401452,0.7951807228915663,0.7974434611602753,0.7999087174806024,0.8071254182114115,0.8029384756657484,0.8070951435277126,0.8100882274307103,0.817546090273363,0.8235294117647058,0.8280555303511478,0.8311329170383586,0.8382104420528329,0.851871898962562,0.8529939046253138,0.8591561938958707,0.8662137681159421,0.874565734137868,0.8819825492488981,0.8818777488555785,0.8960302457466919,0.8940712171495201,0.9009175930827599,0.8977785804587322,0.9037556601260766,0.9036950040654079,0.9055430374042361,0.8995568685376661,0.9011437908496732,0.8974428726877041,0.8991604144337263,0.895270882406233,0.8843475901980288,0.8861832129158862,0.8757455268389662,0.8659878170742795,0.8629653111131238,0.8512389380530974,0.8464331094572518
0.8627858627858628,0.85255079006772,0.8472991375397185,0.8394508009153319,0.8339803195811141,0.8370902559497081,0.8293335712373985,0.8278371821367598,0.8200341082488107,0.8190595387091006,0.8139345743719502,0.8134594787575866,0.8144292568118041,0.8133605756418228,0.8173897581792319,0.820028896514358,0.818082788671024,0.8197294149269778,0.8173524313475048,0.8276694687891254,0.8321415802645692,0.8430722351675928,0.8396310094021643,0.8504864768365616,0.85580978017048,0.8626329430690857,0.8696999203328317,0.8778985507246376,0.8840054372451291,0.8845083071396498,0.8945464411684906,0.89527665317139,0.8969828757814624,0.8999821873886712,0.9047834752672586,0.9092207444434527,0.9067282441365571,0.9130084935181046,0.9073493868051205,0.9055987283645355,0.9071883530482256,0.9038893380041318,0.8994793045627041,0.9012334644261709,0.8870794559770938,0.8908491490688765,0.8811080835603996,0.8779609114653697,0.8693982074263764,0.872400072345813,0.8605833556328606,0.8505623031938822,0.8472494213993235,0.8466473883968914,0.8314179712243236,0.8292058850406653,0.8238086543728318,0.8240683091701503,0.8195773884775149,0.815519377101398,0.8119266055045872,0.8159780589224099,0.8144543570334325,0.8069456812110418,0.8092843674239023,0.813134546784963,0.8182825484764543,0.8288599521658251,0.82256760398886,0.8299874529485571,0.8431461080007224,0.8392809229943654,0.8519216954022989,0.8482602801626751,0.8611185923332435,0.8625322537592313,0.8699282926386493,0.8756964106311078,0.8840409160858151,0.8895101171458999,0.8938672892161265,0.8933923090810616,0.8954599217541624,0.9105457160837903,0.9071942446043165,0.9152694342329418,0.9056981612961952,0.9120378639042687,0.9074240517706273,0.9106559547982697,0.9020008892841263,0.9010486689970422,0.9005347593582887,0.895080184832835,0.8946994584036225,0.8894638237130877,0.8782068839587328,0.8762068032121266,0.8730030515167834,0.8644825698120094
0.873365202489402,0.8689118232844468,0.8621863799283154,0.8547374169473013,0.8512254680293027,0.8422094278517452,0.839766081871345,0.8359836437982735,0.8347794319115901,0.8312186216339571,0.8334390000905715,0.8322494432071269,0.8301213418986438,0.8342595912513445,0.8280884732961697,0.8359185869272842,0.8329721921271217,0.8385309623804843,0.8453974323955203,0.8443065299514301,0.8445366777948209,0.8579347340187752,0.8545945945945946,0.8703338119167265,0.8702520087655223,0.8695337256677229,0.8834244080145719,0.8780357142857143,0.8885898815931109,0.8964689139909277,0.9005434782608696,0.8988723172062568,0.9089195979899497,0.9068884469354547,0.9100748624515198,0.9187808157776781,0.9151673263763944,0.9164117329494331,0.9096444882242322,0.9104918914075799,0.9104985232256332,0.9144278606965174,0.9088471849865952,0.9038096099900461,0.898871290733661,0.8941357744946977,0.8879978374481888,0.8902020931071816,0.8847280149081551,0.8791636495293266,0.8715078796561605,0.8615798922800718,0.8572202166064982,0.8544068258146501,0.8498431196772748,0.8468298807281858,0.836489898989899,0.8344298245614035,0.8323353293413174,0.835687466475952,0.8311276287164612,0.8231354091238233,0.8286798590403903,0.8319410760801221,0.8332878829197345,0.8347381635581061,0.8352994555353902,0.8367238162920849,0.8426640050812086,0.8506685811720363,0.8509800411706793,0.8548881673881674,0.8630199743448781,0.8673934411580735,0.8709532777329387,0.8747171177695302,0.8875840430300314,0.8918118154067157,0.892093441150045,0.9008608971454463,0.9033074281583228,0.9051801398100018,0.9039242219215156,0.9074739489759253,0.9124087591240876,0.9107528818443804,0.9147435897435897,0.9212633852245118,0.9147461289160965,0.9158937415578569,0.9120547945205479,0.9040871934604905,0.908265859951953,0.8984730779533887,0.9000178380306814,0.8941674930136122,0.8893022411759368,0.8824392480513525,0.8773584905660378,0.8717261106641637
0.8815719596388741,0.8781455758997023,0.8728302904937494,0.8743969983919957,0.8607538406573776,0.8617030842550131,0.8594974331261821,0.8521326148506713,0.8525842696629213,0.8474238026124818,0.8425004523249503,0.8491705733862243,0.844490682106025,0.843965830607052,0.850089605734767,0.8510983075261073,0.853971119133574,0.8568200307330742,0.853225806451613,0.8588527351715578,0.8636157680108745,0.8739855524837242,0.8754825388275429,0.8795114837768866,0.8793026374608851,0.8876856989439771,0.8829088290882909,0.8967479674796748,0.9019309851600215,0.8990331995622036,0.9062049062049062,0.9069218905923977,0.9152451549522194,0.9183322781948087,0.9181950245142546,0.9201684436878416,0.9205428086777966,0.9216598104095869,0.9212535511363636,0.9166592546473361,0.9208698830409356,0.9139380926820541,0.9175999271601566,0.9133327339746471,0.9065403698691926,0.9049174378515696,0.8995413256587823,0.8947834558497919,0.8920986321094313,0.8812600969305331,0.8788995774521262,0.8800215208034433,0.8751820830298617,0.8619129490543842,0.86218954541379,0.863161785087314,0.8517313081999819,0.8522114347357066,0.851212011577424,0.8503230437903805,0.848762684707139,0.8419463683182383,0.8470939706681152,0.8452500227707441,0.8434298040625562,0.8472632804801576,0.8479208280370437,0.8563249239577742,0.8631017010495838,0.8678067318132465,0.861106041248403,0.8694951664876477,0.8722133047975744,0.8810017115575174,0.884090909090909,0.8863208814834722,0.8914452661371314,0.8998920669185105,0.8986880466472303,0.9042898341744773,0.9052593332727769,0.9062666429966271,0.9129578221545626,0.9215472623263415,0.9141281749977402,0.9202031193326079,0.9210290426676228,0.9210901318133239,0.9198143260216619,0.9166742389822807,0.9133138258961229,0.9173020001793882,0.9105691056910569,0.907677005154173,0.9112895948019132,0.8965735466955972,0.8996486802990722,0.8913735114989546,0.8805590851334181,0.8805902996490597
0.8904568068747173,0.8889699844904662,0.8829277119334118,0.884636167146974,0.8770565092989986,0.8718224131757967,0.8739811338034619,0.8732040229885057,0.863814267923857,0.8668094983038743,0.8606497536046724,0.8629010393131495,0.8561460010735373,0.8563791228706052,0.8611505681818182,0.8633914136878031,0.8650107991360692,0.8614864864864865,0.8671102319726668,0.8731518211323477,0.8766744061439543,0.8751462777927806,0.8827522935779817,0.8881168715481917,0.8948396838085088,0.8932403433476395,0.8995922066153149,0.9033048846922099,0.9070876056844757,0.9058918338108882,0.9119147793393608,0.9154652099937315,0.9208886480628556,0.9234139662254678,0.9234299082238618,0.9291891891891891,0.9258622250384719,0.9237204281730683,0.9279818594104309,0.9245300237269575,0.9253607868370255,0.9224331863583191,0.9170375645362293,0.9154904252449879,0.9178704460797674,0.9145827731469033,0.9097880018042399,0.9092992507712648,0.8970826580226904,0.8972498432321061,0.8999725952315702,0.888182062539199,0.8834762620457961,0.8835427247616502,0.8801109421132683,0.8702548565318126,0.8745506829618979,0.863544536271809,0.8654997279158353,0.8636604774535809,0.8665269679300291,0.8613593284592472,0.864056747777678,0.8627398720682303,0.8652077969841854,0.8668348499864853,0.8669671022983326,0.8718360071301248,0.8755579360828424,0.8797497052688855,0.8829473307699186,0.8796321100098223,0.8834820221681535,0.8897815490160679,0.8972285324852339,0.894741509266649,0.9041829235096633,0.9084891314071026,0.9069767441860465,0.917864476386037,0.9228610230873698,0.9152970922882427,0.9207360861759426,0.9233264258041265,0.9243209435310936,0.9267366136034733,0.926426562641749,0.926605504587156,0.9247767655813115,0.9225427350427351,0.9231114301094563,0.9237680370269534,0.9172911963882618,0.9163113006396588,0.9130896539516772,0.9075736961451247,0.9069788302834589,0.9028541038822904,0.9024259242681945,0.8979038670039754
0.9036046616677207,0.8967631412857272,0.8987498891745722,0.895144581569228,0.8935899763936808,0.8913083257090576,0.8863861609153978,0.8816355810616929,0.8772009439099655,0.8724954462659381,0.8812212085629121,0.8808089887640449,0.8756649535659544,0.8736889692585895,0.8739615899955337,0.8805166846071044,0.8742350899625536,0.8911935628073312,0.8831240260335502,0.8759222602123448,0.8836340441042464,0.8912321636902091,0.8974731866933285,0.8960829905204793,0.8979392432048321,0.9048098946404031,0.9049909255898366,0.9119871851917771,0.9157574673582544,0.9163027007754702,0.9184947387194579,0.920222143864598,0.9291014751899865,0.9315266485998194,0.9268753372908797,0.924968474148802,0.9298939421175625,0.9331511839708561,0.9293439077144917,0.9277238403451996,0.929813609203603,0.927652733118971,0.9253731343283582,0.9236117381489842,0.9247311827956989,0.9185762159224707,0.9143906152055162,0.9121217611886211,0.9109043742731908,0.9053740403499375,0.9029704731412309,0.8970078452837074,0.8980885949814295,0.8937722419928825,0.8892335766423358,0.8880100665108754,0.8853847540097315,0.8831621259490844,0.8752686246418339,0.8748076400832805,0.8725781742813373,0.8792261957582749,0.8751703461433633,0.8740614944583482,0.8778268312460582,0.879079385057988,0.8775729371755862,0.8808564006091553,0.8821200395932691,0.8858593958834536,0.8912652767792955,0.8936915887850467,0.896535839321909,0.9006539460718445,0.9038738738738739,0.9036652029751769,0.9077722063037249,0.910347943967465,0.9141414141414141,0.917779594803307,0.9220183486238532,0.926318627010513,0.924810013410818,0.9273492788676879,0.931941431670282,0.9289164312403172,0.9301985179763974,0.9317218363849553,0.9289657044611347,0.9263820224719101,0.9328311362209667,0.925701904847883,0.9236192714453584,0.923262462033232,0.9222662583318321,0.9142319412081018,0.9099082735446372,0.9131220084891176,0.9101073345259392,0.9033273381294964
0.9163321737579163,0.9099466015023984,0.9027938944925467,0.9023306429672622,0.8996813837050524,0.8983794431014415,0.9028498588728034,0.8961294359524448,0.8915835803467169,0.8904852263486039,0.8868244752121482,0.8914352475959378,0.8935385169186465,0.8905030938929244,0.8932649941552019,0.8899033297529538,0.8884290084578009,0.8958967926894822,0.8939339554917445,0.9025205528954738,0.9003693360958472,0.9008976660682226,0.9068498135176931,0.9090418838756067,0.9098984771573604,0.9132411948283549,0.9114560366875386,0.9181046288688031,0.9232163901731484,0.9255182535314621,0.927708703374778,0.9282271023031602,0.9278988431530805,0.934676102340773,0.9381020335354977,0.9355633802816902,0.9318910256410257,0.9368468468468468,0.9348604151753758,0.9332550578034682,0.9362596102270696,0.9321531272465852,0.9286940804338003,0.9304425569959768,0.9255556547353387,0.924572668897531,0.9258261494252874,0.917504301367382,0.9177169607490098,0.9114559971292725,0.9111272992169004,0.9082644628099174,0.9079064786721399,0.9028665327734161,0.9007181328545781,0.8973572652656264,0.8963273310750579,0.8932739420935412,0.8915574963609898,0.891317926296065,0.8894079597520438,0.8914848955005932,0.8826585453242566,0.8898007033997656,0.8939025488606683,0.8932579144238665,0.8876514611546685,0.896524064171123,0.8959878473773568,0.8994362611383888,0.8972733037412809,0.9048132183908046,0.911201814058957,0.9035326086956522,0.9183451279259662,0.9150474469046543,0.9124087591240876,0.9237023139462164,0.9255721751666967,0.9237488626023658,0.9246235606731621,0.9295546558704454,0.9300616835994194,0.9280692266089778,0.9366280660162305,0.938500269735659,0.9301337671728127,0.9378037803780378,0.9409459582611865,0.9330634278002699,0.9314187352781301,0.9328137597420049,0.9312522555034284,0.9298731463283902,0.9265800089645899,0.9199786134378899,0.9204297159504734,0.9224519274171707,0.920457640969763,0.9119626671452931
0.9178769948000717,0.9162213567611629,0.9174950298210736,0.9138583528563705,0.9159785863351783,0.9062641646269604,0.9075591985428051,0.8979174083303667,0.9059161504623395,0.9046764204290458,0.9055363014307296,0.9003339778519951,0.9012644605864945,0.9024585071447591,0.9049245147375988,0.9025251153950584,0.9017289259159724,0.9077963046417306,0.9070939863161686,0.9097450475259838,0.9104704097116844,0.9132808304993736,0.9137411347517731,0.9160889529125776,0.9156003267084127,0.9251646200391529,0.9249510937222123,0.9282868525896414,0.9309817331053721,0.9340383581286968,0.932302092811647,0.9348278043930218,0.9343059079376586,0.9356515504570712,0.9344864671088009,0.9389650198341146,0.9401294498381877,0.9401593336954553,0.938414851838629,0.9436594365943659,0.9391700866393069,0.939989235737352,0.9369169258107508,0.9343540845328688,0.9354723068650296,0.9318244044902801,0.9294877545527944,0.9274973147153598,0.9227410443771163,0.9197330447330447,0.9250158099195953,0.9175708945016868,0.9180579370092952,0.911971197119712,0.9060863283366444,0.9076672399746537,0.9053907380607815,0.9037423533645196,0.9019590222861251,0.9067144136078783,0.8988631195998181,0.8999102333931778,0.8991881523775538,0.9015935896281624,0.9020581332370464,0.903348073278585,0.9019957234497505,0.9077006605737037,0.9108715184186882,0.9086377231940542,0.9111211166141377,0.912876761191368,0.91440329218107,0.9183449285975833,0.9193202146690519,0.9219909502262443,0.9274382549125654,0.9270013568521032,0.9338517922588719,0.9329524149629498,0.932729392770652,0.9314213335745951,0.9343297101449275,0.9365107593811133,0.9385147724248071,0.9371802925603517,0.9422103616453483,0.9404804270462633,0.9385268098934826,0.9382925522414717,0.9347091264899484,0.9377336129091075,0.9358283970561838,0.9384360929890655,0.9312628658372863,0.9312336431729988,0.9280834232290543,0.9240155296727676,0.9237827034883721,0.9193026599568656
0.931430120155389,0.9238413587496612,0.9266492664926649,0.9261641601739445,0.9181096681096681,0.9216850954948369,0.9195194652696234,0.916347779656492,0.9134554067595883,0.9102367876114162,0.910153790808526,0.9106981778820133,0.9133957508102268,0.916636658264314,0.9146773168739222,0.9127474123842383,0.9137697516930022,0.9159248269040554,0.9159791965566715,0.9177493056177762,0.9212689901697945,0.9189557940694925,0.9229294128390101,0.9275610415352734,0.9268006851167403,0.9267284006113459,0.9284082923401265,0.9339350180505415,0.9317832262734099,0.9331660992653646,0.9382648401826484,0.9398725657363367,0.940612516644474,0.9412453816346761,0.9413627725997648,0.939297124600639,0.9375443577004968,0.9443250984604368,0.9435426328933286,0.9419308870680442,0.940109389243391,0.9405081409912328,0.9447608715306031,0.9410317170980678,0.9386446886446886,0.9407074780058651,0.9362943023777479,0.9303038499684428,0.9324837310195228,0.9324009324009324,0.9250990277277638,0.9259622238061297,0.9262116536576511,0.9187983614019117,0.9200180342651036,0.915807560137457,0.9169814714876776,0.9155019640084041,0.9166666666666666,0.9134676181013459,0.9112683723462166,0.911185399349476,0.9122917604682576,0.9097595981341945,0.9193489392831017,0.9113590999818545,0.9149626159805423,0.91331241595697,0.9176029962546817,0.9173583873027455,0.9229871645274212,0.9214655018719914,0.9208403510327099,0.9239219994507003,0.9300786838340487,0.9337061423288536,0.9295481300371276,0.9339823008849557,0.9365773646801531,0.9386019869327844,0.9408761085729642,0.9383919865260172,0.9427168576104746,0.9420753375977257,0.94112327032649,0.9437797967077449,0.9391132296069791,0.9439443899830675,0.9407646742057081,0.9451476793248945,0.9467343056436271,0.9427304804125577,0.940397947240479,0.9369175627240144,0.9384780470356792,0.9354693140794224,0.9337843933243122,0.9326896802987522,0.9298564419407596,0.933428648020731
0.9370749841327409,0.9294276701216765,0.9294721671770853,0.934215295396883,0.9307817589576547,0.9252085014796879,0.9281822242072354,0.9263847742167161,0.9228775692582664,0.9200107729598708,0.9254725472547255,0.9250271640709887,0.9225631768953069,0.9219922263400524,0.9222582972582972,0.9249230211918131,0.925363806802964,0.9258962011771,0.9239110789806615,0.9309940465451921,0.9320449438202247,0.9277717587576743,0.9297498187092096,0.935196034249662,0.9337365471849151,0.9325852863994208,0.9342292630829476,0.9353444394416929,0.9394354617703481,0.9450018241517695,0.9410591222343127,0.9427463709313858,0.9467524345573126,0.9458829853955739,0.9437136465324385,0.9450168768875467,0.9456796818510484,0.9471274685816876,0.9455636135732832,0.9437109723461196,0.9488418748860113,0.9399115044247788,0.9417860683067496,0.9412239770279971,0.9448430493273543,0.9410139891294663,0.938086642599278,0.9419662971974407,0.9384531590413944,0.9353821196827685,0.9333930972658001,0.9369927965715328,0.9325982571581006,0.9305318095923693,0.9326177160382464,0.9298859861747015,0.9281663516068053,0.9217130387343153,0.92666484467523,0.919065235044663,0.9197621225983531,0.9209867715409367,0.9235973299657225,0.9204945402039527,0.922430919270363,0.9257430187662746,0.9240828187431892,0.9245620307472292,0.9290573372206026,0.9297568852606083,0.923796548592189,0.9261601496392625,0.9349096466780544,0.9338023088023089,0.9344827586206896,0.936123549300923,0.9356257855988508,0.934188967777171,0.942387574498826,0.9401340556422735,0.9460633484162896,0.9422226234540038,0.9445712720299516,0.9447563847129143,0.945749135263062,0.9467235432927936,0.9458541815582558,0.9470577551761714,0.945257741105492,0.9455621301775148,0.9483947034282605,0.9457596371882087,0.9437437619090827,0.9439168607776384,0.9428139452152259,0.9435221941537351,0.9391756337771293,0.9341567442687044,0.9339597072906315,0.9363209635993269
0.9373377495300331,0.9385758289545207,0.9407202709930469,0.9361798567672922,0.9331036983321247,0.9362143630458318,0.9350072516316171,0.9361587501122385,0.9315300839135868,0.9283475145544111,0.931188961562584,0.9321071138761158,0.9314957802118873,0.9325902808738297,0.9324860284838652,0.9355310017350014,0.9290217978742569,0.936072250752612,0.9338955386289445,0.9359985495421993,0.9366438356164384,0.934248039914469,0.939048833819242,0.9379234572422633,0.9414851044908848,0.9436124142908697,0.9421532846715328,0.9447463768115942,0.9408410548823949,0.9458774549733008,0.9470348574015391,0.9517109921031134,0.9468304492064915,0.9491356683862793,0.9520115460941728,0.9501123595505618,0.9480790141355564,0.9484326710816777,0.9461939895627137,0.95022335673261,0.9478685853923432,0.9501211088185162,0.948113630253607,0.9476633824459911,0.9483644228169775,0.9451636102121539,0.9471166862196553,0.9419128242074928,0.946052161486245,0.9418892866978794,0.9402944630114715,0.941781749255348,0.939747064137308,0.9364255014326648,0.9380426917510853,0.9370380265384273,0.933980059283212,0.9312572915731849,0.9326620516047829,0.9326721863342735,0.9312098501070664,0.9328503269128822,0.9323247694924358,0.9297703180212014,0.9288661643344097,0.932142536576609,0.9340884766321798,0.9308747388500318,0.9346953341065215,0.9306688417618271,0.9302582008637325,0.9366483169389044,0.9383283743575872,0.938709387093871,0.9427822471300732,0.9431973098245933,0.9407719812964151,0.9408155900396968,0.9458101561098152,0.9434276206322796,0.9478894788947889,0.9475008989572097,0.947785091620708,0.9455353176366059,0.949056092493903,0.9493923453654998,0.9503293573081716,0.9486201082616026,0.9477671806756396,0.952524147986149,0.9491647206754087,0.9491114701130856,0.9463950683462878,0.9484902309058615,0.9451434778672942,0.9413780663780664,0.9413242418804952,0.9430112359550562,0.9400975786049873,0.9389799635701275
0.9417414721723519,0.9435236894253287,0.9424544393572134,0.9421157684630739,0.943887596205477,0.9425737167819439,0.943643042738106,0.9395936794582392,0.9341614906832298,0.9390385820427893,0.94211682037769,0.9407195786090528,0.939840172398312,0.938996631157243,0.9387682131044963,0.9415847831966104,0.9369622316819128,0.9415829145728644,0.9410142348754449,0.9409058101768315,0.9413859216652972,0.9447637865996048,0.9430056456671745,0.9438835834470214,0.9469460543914401,0.9463266761768901,0.94302377747869,0.9473308337796822,0.9500088952143747,0.9450226848145182,0.9455899718412208,0.9521782447242098,0.9492701387637412,0.9484573176216605,0.9517641804376954,0.9525745257452575,0.9520640345354798,0.9536252563988228,0.9509839650145773,0.9523342836778332,0.9528215463539759,0.9517073610235156,0.9517040277018407,0.9507850518776971,0.9496292277084464,0.9493008570139828,0.9505519160010769,0.9490922036311855,0.9495575221238938,0.9500990812466222,0.9486162444784999,0.9444292860391087,0.9407781890403539,0.9408996289256947,0.9426664228237015,0.938921726670249,0.9418977033580382,0.9394944424524919,0.938248436103664,0.9413712853562478,0.9386839937768829,0.9364156680379181,0.9380387931034483,0.9356173006024638,0.9409241219054428,0.9370178782103639,0.9372816055908969,0.9410383747178329,0.9398164807484707,0.939225029218736,0.9458948505581563,0.9416515426497277,0.9467023172905525,0.9462732083594941,0.9445950831525669,0.9474300117022234,0.9478574650428507,0.9435731025779701,0.9476014093414039,0.9496662457153167,0.9488651900464862,0.94993246285457,0.9487458118264964,0.9500589141665912,0.9521898135759522,0.951614378487149,0.9510292917384602,0.9518083101498699,0.9488203266787659,0.9538891896769536,0.9535861123800823,0.9497828447339848,0.9478017007418129,0.950345694531741,0.9464205716333662,0.948446264802778,0.9457253072575581,0.9483279971540377,0.9411449973247726,0.9474150926664893
0.9454219030520646,0.950076185354486,0.9468238258052907,0.9491098723251213,0.9499047100462837,0.9438893844781445,0.9443645515009886,0.9463256484149856,0.9465962966276054,0.949128038312099,0.9451203027845364,0.9445438282647585,0.9442006269592477,0.9463075276489475,0.9453973955994611,0.9474251819897547,0.9457253072575581,0.9451575262543758,0.9446310247798856,0.9447240697465397,0.9477740502312086,0.9461475484399163,0.9473874852847958,0.9476316028729884,0.9455819455819455,0.9509714908298529,0.9514871236851651,0.9511910112359551,0.9535282439992782,0.9487691888454901,0.950529718082241,0.9506172839506173,0.9521595278547795,0.9575692197051421,0.954759996437795,0.9528949950932286,0.9532895328953289,0.9583635047067343,0.9544838797073963,0.9559183673469388,0.9520181405895691,0.9531320414601172,0.9492275724997742,0.9503323154302138,0.9529656044055249,0.9496929190751445,0.9554941134498751,0.9484280198565913,0.9487595850248083,0.9505208333333334,0.9491156462585034,0.9464333781965006,0.9497832369942196,0.9474676724137931,0.9468581687612209,0.9454132606721163,0.9492012206067133,0.9440521941192243,0.9515271646094243,0.9472322336198133,0.9518007040346602,0.9407281205164992,0.9450361010830325,0.9490178571428571,0.9439722146056119,0.9455842997323818,0.9431356620633631,0.9451153568853641,0.9483025393647038,0.9460017969451932,0.9454562093895854,0.9480070859167404,0.9524151553241157,0.9463044273691914,0.952122854561879,0.9518921813637986,0.9514800398298181,0.9564040075819117,0.9529053630584654,0.9529914529914529,0.950172758683397,0.952084287677508,0.9506620714674406,0.953803121898403,0.9540032532080246,0.9560449519666485,0.9548573492235464,0.9557331417796534,0.9539157990040742,0.9543850122183003,0.9548844824449699,0.9510346057795219,0.9522696629213483,0.9552930486142662,0.9543001079525009,0.9541392073666155,0.9516172385986919,0.9541937205372232,0.9501374885426215,0.9503347204631808
0.9564702668245151,0.9550724637681159,0.9504255505834869,0.9501585863162664,0.9518994260726975,0.948220354140583,0.9513364710061274,0.9498255969949021,0.9516939092320336,0.9503406238795267,0.9518072289156626,0.9507664562669071,0.9485073308602721,0.9471349687698017,0.9518266475644699,0.9543020349875044,0.9503255150272005,0.9496273682320194,0.9509112556094881,0.9518619436875567,0.9488739556847076,0.9520101412531692,0.9530474040632054,0.9506150668941367,0.9546604046242775,0.9541902452169226,0.950890878468221,0.9554914857194342,0.9535864978902954,0.950192946244279,0.9575289575289575,0.9548933105248942,0.9540146646148275,0.9540406320541761,0.9541640350085717,0.9560860058309038,0.952990313694126,0.9574258313166621,0.9536295887386144,0.9550290567724631,0.9564242804626558,0.9557715012260467,0.9548168612423135,0.9529665200610358,0.9526344280043305,0.9530601191550822,0.9513494318181818,0.9515804860222913,0.9508743464936001,0.956140350877193,0.9525652565256526,0.9515303832690064,0.9557155715571557,0.9544881038211969,0.9483230040102077,0.9499687862302685,0.9552185865035027,0.9456658857451793,0.9506754918850304,0.9485923022095509,0.945536927956502,0.951128162967023,0.9541392073666155,0.9489130434782609,0.9496223900488672,0.9503501526306338,0.9525752629669931,0.9511758919788965,0.9518687819306265,0.9540936200975962,0.9543843707405725,0.9490584917674884,0.9507653746307403,0.9513254320094092,0.9546896239238786,0.9512679361068496,0.9525208926439526,0.955629556295563,0.9537045312360354,0.9568067528735632,0.9515972037872754,0.9541300842142986,0.9542278753135077,0.9584464964693101,0.954500671742051,0.9574353448275862,0.958399716764029,0.9524572649572649,0.9553087516659262,0.9544631540829259,0.9548783796003255,0.9568740433960565,0.9546351084812623,0.956079560795608,0.9519318806079473,0.9533147431861113,0.9567107408078247,0.9529537556802994,0.9522178146411828,0.9518897287683414
0.9562761887411186,0.957833450952717,0.9527629233511586,0.9538058217320556,0.9546230568784257,0.9571299638989169,0.9563671909712965,0.9542250379227268,0.9542867307008183,0.947576301615799,0.9518498849353868,0.9551057130004499,0.953070214870089,0.9502487562189055,0.9529095792300806,0.9512481910274964,0.9550782997762863,0.9538102084831057,0.9560749363404875,0.9505950234403173,0.9532211364458921,0.9514252730663352,0.9521829521829522,0.9523639607493309,0.952435479608914,0.9535823307595619,0.9571350064114307,0.9542196738935674,0.955202570051758,0.9572672591794595,0.9529910674005233,0.9570407886406801,0.9565410199556541,0.9562232524964337,0.9566473988439307,0.9571644848161012,0.9558889993672602,0.9584667378157239,0.9564865593814619,0.9564862659776993,0.9574200503054258,0.9574603174603175,0.956123175507298,0.95355845076664,0.9544233524355301,0.9547169811320755,0.9514249865567306,0.9517040277018407,0.9558218565551779,0.9566568967048583,0.9583447770758949,0.9540632865875585,0.9533416281549947,0.9537212449255751,0.9542418772563177,0.9501788908765653,0.954649355399104,0.9554018385364522,0.9527800306389114,0.9511690647482014,0.9548725237629919,0.9520087256862388,0.9539367970005356,0.9523724100816217,0.9528622540250448,0.9495302013422818,0.9551173373784242,0.9538845776469539,0.9538791562388274,0.9535406182602444,0.9523979318951685,0.9516640972159246,0.956608388440982,0.9569527552022863,0.954772047493882,0.9549891540130152,0.9531264057579847,0.9574715731041274,0.9553900008975855,0.9602348545503069,0.9544012328891306,0.9581530855478061,0.9571682991985753,0.957944340713079,0.9562924562030747,0.9568082643156114,0.9563799788508989,0.9551264617895023,0.9591542959964012,0.9580300170755819,0.958629373145067,0.9552198299258187,0.9554772870947349,0.9520818377602297,0.9567127299350233,0.9539824608986529,0.9555098021663235,0.9554608127721336,0.9540552786588129,0.9564863397865027
0.9550422034651266,0.956591928251121,0.9548810500410172,0.9562426543712141,0.959873188405797,0.9552438806503484,0.9518639160332971,0.9587081684059015,0.958586316266425,0.9562122713757997,0.9563902885936785,0.9571984435797666,0.9562695225345827,0.9544100388191749,0.9571722963892124,0.9547108039287013,0.9524239415004062,0.9581718200667088,0.9527877697841727,0.9566370871832404,0.9585191793041927,0.9570375696566601,0.9571518024868056,0.9536944921769015,0.9574962050183052,0.9536352155872271,0.9589450788471996,0.9580795413830169,0.9579642017718315,0.9592896174863388,0.9570754296909787,0.9558783722818731,0.9574770927853394,0.9571646204857066,0.9565138775879215,0.9604866002012257,0.9553280173976079,0.9552783964365256,0.9572457245724573,0.9579409918392969,0.9531518495070995,0.9562951449209107,0.955195850473976,0.9542902967121091,0.9587831207065751,0.9607210115684692,0.95971692977681,0.9531846850848361,0.9588775150017649,0.9530807850296669,0.9570954133381204,0.9555913689676784,0.9546969287579934,0.9547230113636364,0.9582729905865315,0.9562634989200864,0.9579763729822346,0.9550833781603012,0.9583709590030702,0.9571052870227623,0.953370684981023,0.9550173010380623,0.9535092443008436,0.9551752241238793,0.9572588560720978,0.9553345388788427,0.9588881937617303,0.9562199679658302,0.9533772206691316,0.9555256064690026,0.9566764522729294,0.9601188332733165,0.9529014485026215,0.9572416302765647,0.95679956799568,0.9567630471757228,0.956560761084186,0.9557178932178932,0.9550160656908248,0.9569197630586969,0.955836523907043,0.960761320584521,0.9622302158273381,0.9585653007210003,0.9587732071350564,0.9558876485415917,0.9575258105415686,0.95788728656109,0.957190097417106,0.9582958025580977,0.9562371087794816,0.9588240582576643,0.9586658298215727,0.9570383912248629,0.9557706222865412,0.9554828745343872,0.9571211171784084,0.9577884008298007,0.956440239221637,0.954157023322058
0.9582848446871364,0.9594959495949595,0.9527865881286814,0.9542196738935674,0.9555797298522346,0.9552968361180235,0.9575949367088608,0.9557906156767019,0.9534694615106614,0.9555635513178016,0.9530741410488246,0.9539432176656152,0.9596262021411722,0.9568145088884898,0.9546157344247386,0.9547729710404004,0.9585174497249527,0.9563896336014298,0.9546161588434441,0.9573587621446563,0.9581545064377682,0.9562601041853781,0.9544480171489818,0.9582470979933412,0.9553067540506098,0.9539384028345598,0.9585403305934423,0.9588805361833167,0.9572839725905491,0.956487061325771,0.954981884057971,0.9593693693693693,0.9581646423751687,0.9592453521384742,0.9549143372407575,0.9583296391524071,0.9586909871244635,0.9543147208121827,0.9571635573265713,0.9607272727272728,0.9573894282632147,0.9586244442428092,0.9571963128593594,0.9575725026852846,0.9604176123467998,0.9581454086234891,0.9603195978094982,0.9587713684980346,0.9576923076923077,0.9565803667745415,0.9543750571454696,0.9555918071415624,0.9563851745490443,0.9566468789350603,0.9520424689580709,0.9561356774995561,0.95637312224521,0.9558356760678335,0.9577845931805882,0.9571299638989169,0.95341754008779,0.9551605918440996,0.9580773400795085,0.9555414704817096,0.9542096141567089,0.956309819213045,0.9589930617327878,0.9577956989247312,0.957139006200018,0.9574259193145305,0.9577953877660048,0.9549158066268333,0.9580324909747292,0.9622962564929249,0.955864847541434,0.9575127644055434,0.9569882857909326,0.9551711646440862,0.9583333333333334,0.9583031837916064,0.9596096503117376,0.9524111101058537,0.9559985632183908,0.9544289897510981,0.9607123679971362,0.9577564785232516,0.9572321428571429,0.9619245726688975,0.9602826728687718,0.9556517036235803,0.9568416330192911,0.9582490990595061,0.9563456345634563,0.9583370989606869,0.9593320764880151,0.9571851718876223,0.9578297072253559,0.9573838148214606,0.9594775919134091,0.9574334617797293
